episode,avg_crb,avg_pd,avg_reward,uav_1/adv_max,uav_1/adv_mean,uav_1/adv_std,uav_1/approx_kl,uav_1/entropy,uav_1/grad_norm,uav_1/output_bias_norm,uav_1/output_weight_g,uav_1/output_weight_norm,uav_1/output_weight_v_norm,uav_1/policy_loss,uav_1/pre_tanh_max,uav_1/pre_tanh_mean,uav_1/pre_tanh_std,uav_1/reward_mean,uav_1/reward_std,uav_1/value_loss,uav_2/adv_max,uav_2/adv_mean,uav_2/adv_std,uav_2/approx_kl,uav_2/entropy,uav_2/grad_norm,uav_2/output_bias_norm,uav_2/output_weight_g,uav_2/output_weight_norm,uav_2/output_weight_v_norm,uav_2/policy_loss,uav_2/pre_tanh_max,uav_2/pre_tanh_mean,uav_2/pre_tanh_std,uav_2/reward_mean,uav_2/reward_std,uav_2/value_loss
1,0.8003318352246958,0.6950000000000001,0.42945924073295316,,,,,,,,,,,,,,,,,,,,,,,,,,,,,,,,,,
2,0.031422494589030625,0.866875,0.7594857083093335,,,,,,,,,,,,,,,,,,,,,,,,,,,,,,,,,,
3,0.11015345499911249,0.6056250000000001,0.19065759071119803,,,,,,,,,,,,,,,,,,,,,,,,,,,,,,,,,,
4,13.08950357644306,0.9121875000000002,0.5503629304307871,,,,,,,,,,,,,,,,,,,,,,,,,,,,,,,,,,
5,0.5036202419678961,0.9290624999999999,0.3929000309576297,,,,,,,,,,,,,,,,,,,,,,,,,,,,,,,,,,
6,0.04947977808966465,0.8621874999999999,0.7470544333361568,,,,,,,,,,,,,,,,,,,,,,,,,,,,,,,,,,
7,0.04797521085425531,0.9106249999999999,0.5826668179138281,2.0207998752593994,9.546056389808655e-08,2.8037500381469727,0.0,2.837822365760803,26.87575168609619,0.0,0.009999999776482582,0.01414213515818119,0.01414213515818119,-9.75094735622406e-08,3.2420237064361572,0.7941996691906492,0.9903983750871732,0.5173368453979492,0.459418386220932,48.066891479492185,1.6462520360946655,-1.2433156371116638e-07,2.5138626098632812,0.0,2.835167932510376,23.054772186279298,0.0,0.009999999776482582,0.014142136089503765,0.014142136089503765,1.2437812983989717e-07,3.244335412979126,0.7810406909941646,0.9657527040217964,0.5185753107070923,0.4312162697315216,39.39361381530762
8,0.0751190514581205,0.8996875000000001,0.7833827203625157,2.175851583480835,-6.705522537231445e-08,2.262632131576538,0.0,2.8381162166595457,21.95625820159912,0.004249779507517815,0.011632170528173447,0.01645042560994625,0.02447008527815342,6.742775440216065e-08,2.648939609527588,0.7036122386343777,0.9235620052914024,0.5581458806991577,0.4547179937362671,31.376340675354005,2.081392765045166,2.4726614356040955e-07,2.9441308975219727,0.0,2.8312735319137574,21.11983165740967,0.004250857979059219,0.012211713008582592,0.01730581931769848,0.023730246350169182,-2.492684870958328e-07,3.5045008659362793,0.7484746541595086,1.0112888837152318,0.5395500659942627,0.47988361120224,34.45178642272949
9,0.2654577521317818,0.9462499999999998,0.2839025736443702,1.577544093132019,-1.685693860054016e-07,2.885336399078369,0.0,2.8405272483825685,20.26155662536621,0.006178945768624544,0.013192657381296158,0.01867091841995716,0.03458157554268837,1.6544945538043976e-07,2.262171506881714,0.9070366424275562,1.0615341968327237,0.5363110899925232,0.46178537607192993,29.680459403991698,1.7601240873336792,-1.0337680578231812e-07,3.1427838802337646,0.0,2.832647776603699,21.743688774108886,0.007318099960684776,0.014646126888692379,0.020774194970726967,0.033255841583013535,1.0391231626272202e-07,2.6180217266082764,0.805358768790029,0.9880838963594075,0.5481694936752319,0.43809738755226135,37.9028938293457
10,0.1294914853677182,0.8825,0.4196247196731989,1.423130989074707,1.5832483768463135e-08,2.8371317386627197,0.0,2.8444788455963135,21.155756378173827,0.008152395486831665,0.014843109995126724,0.020993506535887718,0.04195786267518997,-1.846347004175186e-08,3.217536211013794,0.7753904878627509,0.9534432587859132,0.5098534226417542,0.4530612826347351,30.202968215942384,1.7220001220703125,-1.8905848264694214e-07,2.856365203857422,0.0,2.8363064765930175,16.653299713134764,0.010911254212260246,0.01768343150615692,0.0250717643648386,0.039496760815382004,1.93202868103981e-07,2.937483549118042,0.8285446677240543,1.0453859595141763,0.4967525005340576,0.4546893239021301,25.22295799255371
11,0.4216034517080286,0.8909375,-0.05107471255327907,2.10314679145813,-1.0384246706962585e-07,2.55509877204895,0.0,2.8497304677963258,16.89618511199951,0.008952051401138306,0.015831608325242996,0.022720634937286377,0.0494517982006073,1.0258518159389496e-07,2.4898617267608643,0.8099621931323782,0.982287715151805,0.44386613368988037,0.4873157739639282,19.895477294921875,1.9933996200561523,1.6158446669578552e-07,2.3510959148406982,0.0,2.841305899620056,14.198145961761474,0.015480606816709042,0.021116357296705246,0.029939444735646248,0.04450908303260803,-1.6363337635993956e-07,4.168306350708008,0.9203712975606322,1.12298014856157,0.4309717118740082,0.4881613254547119,17.042363739013673
12,2452.8562014054723,0.57,-0.4872697393187341,2.079155206680298,8.917413651943207e-08,2.4795985221862793,0.0,2.85464608669281,11.357195281982422,0.00727428775280714,0.015170563012361526,0.022249286994338036,0.05749984458088875,-1.0617077350616455e-07,2.191044330596924,0.8779223361983896,0.9993514077339128,0.3479391038417816,0.5490671396255493,11.806357955932617,1.8418289422988892,-1.6996636986732483e-07,2.5617475509643555,0.0,2.8447913408279417,12.878293991088867,0.01737777702510357,0.02332858368754387,0.033022936433553696,0.05154191330075264,1.723412424325943e-07,2.5054454803466797,0.7629482506541535,0.9362821522563982,0.41212019324302673,0.5229997634887695,15.666807556152344
13,18.058155547032914,0.9665624999999999,-0.15065324492779741,2.072277069091797,-8.638016879558563e-08,3.0794436931610107,0.0,2.8561332702636717,7.333005905151367,0.007917470298707485,0.015838779509067535,0.023989809677004814,0.06477289646863937,8.707866072654724e-08,3.561751365661621,0.7949639488826505,0.9803693210954972,0.34379512071609497,0.5787266492843628,11.508407878875733,1.9437869787216187,-2.421438694000244e-08,2.324092388153076,0.0,2.845279598236084,5.358556413650513,0.01708948239684105,0.024879980832338333,0.03519095480442047,0.059370435774326324,2.812594175338745e-08,2.7145872116088867,0.9739257484674454,1.167628338951916,0.33066028356552124,0.5798923969268799,7.19600739479065
14,2.7259424200493485,0.9175000000000001,0.2053716044061637,1.7000453472137451,-8.707866072654724e-08,2.458400249481201,0.0,2.8545162677764893,7.295377731323242,0.011543823406100273,0.01829344965517521,0.028094522655010223,0.0738464891910553,9.019859135150909e-08,2.430417060852051,0.890683979075402,1.099424773974375,0.3612351715564728,0.5488613843917847,8.730822086334229,2.1828713417053223,1.1920928955078125e-07,1.8652116060256958,0.0,2.8478785276412966,7.340391349792481,0.019758906215429306,0.026858720928430557,0.03804008662700653,0.06839708238840103,-1.149950549006462e-07,3.375744581222534,0.8027234690263867,1.0051729097429942,0.3350878059864044,0.5577841997146606,7.164484119415283
15,37.228236566221334,0.829375,-0.09904459387874351,1.9395970106124878,-9.685754776000977e-08,2.400347948074341,0.0,2.851328730583191,1.2332743227481842,0.017350247129797935,0.021878184750676155,0.03376970812678337,0.08559128642082214,9.639188647270203e-08,2.814171552658081,0.8503439577762038,1.0642958082488945,0.32405784726142883,0.5621493458747864,6.097962856292725,1.9277119636535645,-5.21540641784668e-08,2.0122687816619873,0.0,2.850345730781555,1.9577460765838623,0.023882316425442696,0.030225709080696106,0.04304948076605797,0.08169403672218323,5.550682544708252e-08,2.80312442779541,0.9388579511782155,1.191604249199408,0.3203323483467102,0.6014530062675476,4.979632616043091
16,0.0773688075909386,0.9581250000000001,0.7296927621660897,2.0065865516662598,2.1420419216156006e-08,2.4163827896118164,0.0,2.8514315843582154,3.4324626445770265,0.023103367537260056,0.02310999482870102,0.03852934017777443,0.0947190448641777,-1.816079020500183e-08,4.114470958709717,0.954009103635326,1.1996640707774142,0.30350279808044434,0.6149333715438843,6.076430702209473,1.9739799499511719,5.820766091346741e-08,2.0733072757720947,0.0,2.8541670560836794,1.5004227876663208,0.028036827221512794,0.03516592085361481,0.050021227449178696,0.0921044573187828,-4.7497451305389404e-08,3.040304183959961,0.8085228397045284,1.0159890615671603,0.337907075881958,0.5239747762680054,5.170290756225586
17,2.6553941133191223,0.7237500000000001,0.04650495499203198,1.9159446954727173,2.514570951461792e-08,2.5545454025268555,0.0,2.853996253013611,1.066062217950821,0.02916979417204857,0.025516759604215622,0.044132743030786514,0.10288868844509125,-2.3469328880310058e-08,2.086343288421631,0.7033042120281607,0.8766838116397234,0.3418738543987274,0.5524333715438843,6.633231544494629,1.965941071510315,4.842877388000488e-08,2.1531007289886475,0.0,2.853572678565979,1.0845449090003967,0.028528306633234024,0.034215155988931656,0.04903215542435646,0.09808654338121414,-4.7031790018081665e-08,2.3543365001678467,0.9433581313467585,1.1109811386341386,0.3115905523300171,0.6148173213005066,5.1974334716796875
18,0.09318045219657027,0.4828125,0.2548632017353542,1.89539635181427,6.51925802230835e-09,1.5390516519546509,0.0,2.8540978908538817,1.1872373938560485,0.035015739500522614,0.029062028974294662,0.050507038831710815,0.10817889869213104,-4.097819328308106e-09,2.3073208332061768,0.8001647548750043,0.9639452058537622,0.31651580333709717,0.5745992660522461,3.061716818809509,2.230724573135376,3.119930624961853e-08,1.9549108743667603,0.0,2.850932550430298,3.549429678916931,0.03226540610194206,0.036040887236595154,0.052264925092458725,0.11120733618736267,-3.427267074584961e-08,2.693136692047119,0.8483046747394838,1.0627333648600883,0.25590741634368896,0.585534930229187,4.486268663406372
19,59.894006735055484,0.881875,0.2101912460779661,2.166923761367798,-1.1827796697616577e-07,2.0569419860839844,0.0,2.850110173225403,0.9174736201763153,0.040137600153684616,0.03277619555592537,0.05603384971618652,0.11559116840362549,1.1902302503585815e-07,2.6087985038757324,0.8210064053186216,1.0395213018603824,0.30564218759536743,0.5873427987098694,4.099472284317017,1.9633619785308838,4.889443516731262e-08,1.995678424835205,0.0,2.851811385154724,1.6800767064094544,0.03468254953622818,0.037844471633434296,0.05512761324644089,0.12294132262468338,-4.76837158203125e-08,3.0298373699188232,0.8464489457663149,1.0682617162118737,0.328252911567688,0.573013961315155,4.548806762695312
20,10.547432349932691,0.9103125000000001,0.47624709135286736,2.461792230606079,-8.475035429000854e-08,1.912613868713379,0.0,2.8456533193588256,2.649981427192688,0.039962753653526306,0.03360486775636673,0.05708231031894684,0.12018502503633499,8.705537766218185e-08,2.497483491897583,0.8243096031015739,1.0332032092679337,0.32238253951072693,0.5684974193572998,4.291225481033325,1.705164909362793,9.313225746154785e-09,2.2767624855041504,0.0,2.85512638092041,3.3344170808792115,0.03805961832404137,0.039788007736206055,0.058378107845783234,0.1275855302810669,-1.30385160446167e-08,2.245882749557495,0.8401321369688958,0.9960896509480066,0.33216190338134766,0.5854063630104065,6.198467016220093
21,0.09322479889919881,0.7159375,0.4939829715552319,1.87722909450531,-1.3969838619232178e-08,2.382883310317993,0.0,2.8447497367858885,2.280906558036804,0.03870146721601486,0.034560348838567734,0.057014212012290955,0.1303100287914276,1.2293457984924316e-08,3.3925528526306152,0.8883660691790283,1.1253691237807193,0.28551551699638367,0.553050696849823,6.1002579689025875,2.3437888622283936,-5.029141902923584e-08,2.4443488121032715,0.0,2.855616879463196,1.0033472001552581,0.04038025066256523,0.042074792087078094,0.06176236271858215,0.13106617331504822,5.098991096019745e-08,2.438046455383301,0.7913904883433134,0.9479100651895186,0.3431124985218048,0.5798165798187256,6.299600505828858
22,0.851235610136737,0.8612500000000001,0.7002622108545348,2.6361958980560303,-1.1175870895385742e-07,2.188289165496826,0.0,2.8427095651626586,6.700510501861572,0.039009083062410355,0.03534382954239845,0.05768432840704918,0.137179434299469,1.1026859283447266e-07,2.3231709003448486,0.7832987506408244,0.948493707869554,0.3736812472343445,0.5565570592880249,6.637061691284179,2.1882972717285156,6.705522537231445e-08,1.9980169534683228,0.0,2.852826476097107,2.052444005012512,0.04302136227488518,0.045350514352321625,0.06630886346101761,0.13453327119350433,-6.817281246185303e-08,2.5809266567230225,0.8504972137045115,0.9815099940725942,0.36830753087997437,0.5288009643554688,4.468551063537598
23,0.5718113008428509,0.9184375000000001,0.3319457880504285,2.059238910675049,-1.3224780559539795e-07,2.3595192432403564,0.0,2.841080117225647,2.3415282368659973,0.04022457078099251,0.03557305783033371,0.05855827406048775,0.14202505350112915,1.2591481208801268e-07,2.537747383117676,0.7275624005589634,0.8953066018095973,0.3421551585197449,0.573223888874054,5.624985551834106,2.071323871612549,7.916241884231567e-08,1.7354761362075806,0.0,2.85069854259491,4.364791488647461,0.0439467616379261,0.04726456105709076,0.06862097233533859,0.137774258852005,-8.044298738241196e-08,2.570326089859009,0.7623296245932579,1.015498911949674,0.3726736605167389,0.5379879474639893,3.9407588243484497
24,0.01503439948814812,0.7575000000000001,0.8575859690819172,2.410790205001831,2.6263296604156494e-07,1.7568997144699097,0.0,2.840755748748779,1.5723280727863311,0.041977591812610626,0.03437386080622673,0.05920761451125145,0.14784586429595947,-2.6244670152664186e-07,2.780254364013672,0.8793870519264602,0.9771218086982528,0.340331107378006,0.5460385084152222,3.747237038612366,2.395329236984253,1.4901161193847656e-08,2.0973098278045654,0.0,2.850417470932007,1.310206401348114,0.04343815892934799,0.04835271090269089,0.0696074366569519,0.14036999642848969,-1.902226358652115e-08,3.583012819290161,0.8315852574072778,1.0149552964109132,0.3554436266422272,0.5409993529319763,5.074643135070801
25,0.04401991271200927,0.7737499999999999,0.755254142868524,2.573690414428711,-3.110617399215698e-07,1.7800506353378296,0.0,2.8440867185592653,3.759857249259949,0.04404278099536896,0.03500017523765564,0.06081352010369301,0.15237334370613098,3.0547380447387695e-07,2.1752023696899414,0.7399594956077635,0.9020766546245106,0.35284489393234253,0.5807725787162781,3.72292845249176,1.721815586090088,-1.862645149230957e-08,2.092155694961548,0.0,2.8496503114700316,1.3731343507766725,0.043036989867687225,0.046308089047670364,0.06700833141803741,0.14209814369678497,1.9371509552001954e-08,2.071826696395874,0.6767496446613223,0.8538650921643534,0.36317846179008484,0.5637603402137756,5.020549488067627
26,0.10437208410620262,0.8765625,0.6456953865108651,2.056678295135498,-5.168840289115906e-08,2.051588535308838,0.0,2.844668245315552,1.2850904881954193,0.04593941569328308,0.03705959767103195,0.06283017247915268,0.15469388663768768,5.0780363380908965e-08,2.150546073913574,0.7069392338395118,0.8753725289566638,0.39527249336242676,0.5424296259880066,4.819409418106079,1.997481346130371,5.587935447692871e-08,2.0562307834625244,0.0,2.8518489599227905,3.3848453044891356,0.04477819800376892,0.04544151574373245,0.06630165129899979,0.14660458266735077,-5.192123353481293e-08,3.119171380996704,0.8161299446132034,1.0181732737780205,0.38582101464271545,0.534096896648407,4.467904376983642
27,0.12649597456472297,0.8509374999999999,0.4249225406116911,2.518399953842163,1.210719347000122e-07,2.2818551063537598,0.0,2.83894202709198,1.263000762462616,0.04899495840072632,0.039918139576911926,0.06644976139068604,0.15607240796089172,-1.2952368706464766e-07,2.8685665130615234,0.9498526923824102,1.141763860052918,0.4012896716594696,0.5375675559043884,5.221798372268677,1.739271640777588,-4.190951585769653e-08,2.2730729579925537,0.0,2.8535822153091432,1.1434419274330139,0.04610559716820717,0.04558224976062775,0.06677472591400146,0.15144874155521393,3.748573362827301e-08,2.504021406173706,0.8383388014510273,1.0441357985982793,0.3958030343055725,0.5015054941177368,5.372289037704467
28,0.021684401562899587,0.98125,0.9381118274413668,2.143122434616089,-8.195638656616211e-08,2.1523733139038086,0.0,2.833906960487366,3.699367308616638,0.05243717506527901,0.04155663028359413,0.06961174309253693,0.1587497889995575,7.958151400089264e-08,2.7322306632995605,0.8767694716574624,1.0300217155324292,0.4611773192882538,0.6025733351707458,5.019989538192749,2.0183277130126953,-1.0710209608078003e-07,2.2269606590270996,0.0,2.854188060760498,3.044320225715637,0.04526670277118683,0.04537522792816162,0.06611990183591843,0.15299032628536224,1.050066202878952e-07,2.598296880722046,0.8563035677187145,1.016029442712157,0.4622616171836853,0.5107713341712952,5.276211833953857
29,0.07809533730822957,0.9084375,0.49803362401851475,2.185091733932495,-1.0104849934577942e-07,2.061663866043091,0.0,2.83168306350708,3.229833388328552,0.05513056740164757,0.042075540870428085,0.0717182382941246,0.1615062952041626,1.0090880095958709e-07,2.2481284141540527,0.7791370552033186,0.9334488099909368,0.43035608530044556,0.5045507550239563,4.8201375007629395,2.189403533935547,2.505257725715637e-07,2.22282075881958,0.0,2.8536505460739137,3.132045102119446,0.045467253774404526,0.04612080752849579,0.06672833114862442,0.1539747416973114,-2.4409964680671694e-07,2.586561441421509,0.783048607967794,0.9158189958699501,0.3884965479373932,0.5275061726570129,5.444087743759155
30,0.44129540307535986,0.7634375,0.1969165159126743,2.1491377353668213,-9.592622518539429e-08,2.1072988510131836,0.0,2.829793357849121,1.027985417842865,0.057666629552841187,0.04319420084357262,0.07431302219629288,0.16311025619506836,9.145587682723999e-08,3.9495038986206055,0.8757937323651277,1.1042315343073525,0.3928964138031006,0.5655032992362976,4.719270038604736,2.1016592979431152,1.5599653124809265e-08,2.22961163520813,0.0,2.8525148391723634,2.8322879314422607,0.04646081104874611,0.04738110676407814,0.06817042082548141,0.15516480803489685,-2.0349398255348207e-08,2.1873059272766113,0.7640886884182692,0.93601659932547,0.4412221908569336,0.4868251383304596,5.091696834564209
31,5.755812036775202,0.9478125000000001,0.4200907703488916,2.2168118953704834,-6.891787052154541e-08,1.842165470123291,0.0,2.8277863264083862,4.120064449310303,0.06338997185230255,0.044863510876894,0.08006169646978378,0.16853441298007965,7.14324414730072e-08,2.1800732612609863,0.841227768897079,0.9953499654510287,0.36971744894981384,0.5084663033485413,3.964946913719177,1.6650158166885376,-1.9744038581848145e-07,2.842357873916626,0.0,2.8519282817840574,1.3383668661117554,0.047786079347133636,0.04921809583902359,0.07036401331424713,0.15649230778217316,1.9755680114030838e-07,2.43746280670166,0.8397513183765113,0.9952143397561338,0.42378413677215576,0.49950963258743286,7.699382019042969
32,38.90623684029488,0.975,0.03674712630317946,1.5748591423034668,-2.230517566204071e-07,2.190216541290283,0.0,2.8269726514816282,8.909387683868408,0.06757433712482452,0.045780524611473083,0.084223173558712,0.17480340600013733,2.15042382478714e-07,2.2390682697296143,0.71467674234882,0.8644041655603626,0.4210866689682007,0.5356595516204834,6.969270896911621,2.0323591232299805,1.601874828338623e-07,2.132031202316284,0.0,2.8491596937179566,2.511565887928009,0.050090234726667404,0.05021882802248001,0.0721302404999733,0.15979643166065216,-1.5744008123874665e-07,2.8460092544555664,0.8250454209744931,1.0057391680750187,0.39517685770988464,0.5457236170768738,4.919374990463257
33,7.638467545983431,0.9365625,0.12557479943069585,1.958672285079956,-2.3283064365386963e-08,2.2447669506073,0.0,2.8269387245178224,4.352945709228516,0.06895308196544647,0.04602707922458649,0.08560843020677567,0.17802436649799347,1.9674189388751984e-08,1.835881233215332,0.7805223730392754,0.9190756556500995,0.4053489565849304,0.5878247618675232,5.718797969818115,2.1015195846557617,-1.2945383787155151e-07,2.2461891174316406,0.0,2.8478375673294067,3.7261362314224242,0.05195477232336998,0.05056285858154297,0.07329055666923523,0.16327284276485443,1.2987293303012847e-07,2.431985378265381,0.7994732327759266,0.9530878038117642,0.37120747566223145,0.5081546306610107,5.501713466644287
34,0.05245039578509606,0.89375,0.9731302003770363,1.6119897365570068,2.8870999813079834e-08,2.603797674179077,0.0,2.8274739265441893,5.597903680801392,0.06908275187015533,0.04607157036662102,0.08573272824287415,0.1796456128358841,-3.115274012088776e-08,2.897263765335083,0.822954466752708,1.0043913260501878,0.4761439561843872,0.5189396739006042,7.56244215965271,1.7889933586120605,-1.2386590242385864e-07,2.4556522369384766,0.0,2.8464076995849608,1.6557032823562623,0.052454445511102676,0.050231873989105225,0.07340511679649353,0.16565829515457153,1.2423843145370484e-07,2.2208006381988525,0.7016927532851696,0.8372892019558698,0.37363624572753906,0.5306714177131653,6.148908090591431
35,0.02663310869909082,0.9875,0.9325229820999532,1.9847759008407593,-3.4458935260772705e-08,2.858944892883301,0.0,2.826836276054382,2.4531744480133058,0.06923603266477585,0.046367380768060684,0.08587070554494858,0.18043828010559082,2.7148053050041197e-08,3.396430730819702,0.8816853906610049,1.0798488314042547,0.40254729986190796,0.5870444774627686,8.579742431640625,2.0502681732177734,-6.05359673500061e-09,2.642101764678955,0.0,2.846598815917969,2.613386106491089,0.053234606981277466,0.050087109208106995,0.07408814132213593,0.16690291464328766,2.468004822731018e-09,2.3594768047332764,0.7756100498139858,0.9475784527281452,0.3688609004020691,0.5725589990615845,7.370574903488159
36,105.52415895893209,0.8856249999999999,-0.18240231043576238,2.294585704803467,-1.0943040251731873e-07,1.8976380825042725,0.0,2.825003170967102,6.644954824447632,0.07038459181785583,0.04736639931797981,0.08696760982275009,0.18145865201950073,1.082196831703186e-07,2.969627618789673,0.8807392886374146,1.0285926098655118,0.37475699186325073,0.551259458065033,4.838932847976684,1.8637994527816772,-2.0279549062252045e-07,2.3451952934265137,0.0,2.848045587539673,1.1282679259777069,0.054133616387844086,0.05022352933883667,0.07507766783237457,0.16847333312034607,2.0721927285194397e-07,2.869642972946167,0.7337368394713849,0.9030558426134292,0.4046342074871063,0.5575686693191528,5.370072269439698
37,20.491651463094236,0.9290624999999999,0.3102049957689535,1.6690020561218262,9.406358003616333e-08,2.473034143447876,0.0,2.8239016056060793,2.0986005902290343,0.07171870023012161,0.048402223736047745,0.08828553557395935,0.18298225104808807,-9.683426469564437e-08,2.719834566116333,0.7563690668903291,0.9276114713632053,0.4393428564071655,0.5040599703788757,6.556439590454102,1.9341343641281128,-1.0710209608078003e-08,2.604438066482544,0.0,2.8520033836364744,0.9964755177497864,0.05303080752491951,0.049671463668346405,0.07381626218557358,0.1702772080898285,1.6763806343078614e-09,2.7829630374908447,0.8185102006420493,1.0381420342214678,0.46860697865486145,0.5402112603187561,6.873564863204956
38,0.3686217619566188,0.6728125,0.17322391253828587,2.671032667160034,-4.470348358154297e-08,2.0071563720703125,0.0,2.8233158588409424,4.664533615112305,0.0730721727013588,0.04918535426259041,0.08945131301879883,0.18369637429714203,5.511101335287094e-08,2.721153736114502,0.8961838623858057,1.1222875482260486,0.4146870970726013,0.5364094972610474,4.548521566390991,2.055845260620117,6.146728992462158e-08,2.3854713439941406,0.0,2.8515909910202026,2.7074303150177004,0.05515052750706673,0.051145002245903015,0.07614990323781967,0.17216186225414276,-6.100162863731384e-08,3.0673985481262207,0.7820389044471086,0.9563331626825106,0.41816246509552,0.5484079718589783,5.854503631591797
39,0.6641862762930578,0.7378125000000001,0.4570656403647206,1.9837102890014648,-4.6566128730773926e-09,2.508286476135254,0.0,2.8228082418441773,0.9293716549873352,0.07399038970470428,0.0495254322886467,0.09006741642951965,0.18504464626312256,1.3061799108982087e-08,2.756535291671753,0.8489358758088201,1.0569974130177782,0.3670254349708557,0.565811038017273,6.5284069061279295,1.868221402168274,-8.242204785346985e-08,2.3975234031677246,0.0,2.849026322364807,1.0931268811225892,0.057671014219522476,0.05268210917711258,0.07884712517261505,0.1744324117898941,8.819624781608582e-08,3.0117805004119873,0.8644994365051388,1.0009871873484888,0.39133381843566895,0.598383367061615,5.959921932220459
40,16.50544004064545,0.5878125,-0.21711520567265277,2.0839192867279053,3.119930624961853e-08,2.4113755226135254,0.0,2.821234631538391,2.486826252937317,0.07540776580572128,0.04879515618085861,0.0914308950304985,0.18887944519519806,-2.6728957891464233e-08,2.33017897605896,0.7778942444943823,0.9747180321959735,0.4186972975730896,0.5484274625778198,5.876947736740112,1.8190500736236572,-9.12696123123169e-08,2.423126220703125,0.0,2.8468068122863768,3.3615616083145143,0.0579213947057724,0.05219787359237671,0.07844995707273483,0.17704756557941437,9.248033165931701e-08,2.9566214084625244,0.812416068976745,1.010264599624097,0.3776150941848755,0.5597156882286072,6.166374063491821
41,1.0020312846823785,0.9259375000000001,0.21447714390003228,1.9872220754623413,-3.166496753692627e-08,2.129779100418091,0.0,2.8214941024780273,2.6318723440170286,0.07698477804660797,0.04901237040758133,0.09331078827381134,0.19366256892681122,2.644956111907959e-08,2.8726680278778076,0.7973356840666384,0.9717782555445316,0.3821835219860077,0.5285174250602722,4.546796178817749,2.0201256275177,-2.1047890186309814e-07,2.340148687362671,0.0,2.847383642196655,3.450982904434204,0.05745115503668785,0.05104870721697807,0.07699096947908401,0.18096065521240234,2.0759180188179017e-07,2.3820860385894775,0.8248019389808178,1.0041801135056356,0.4015141427516937,0.5135243535041809,5.622589588165283
42,19.932034007470687,0.5740625,0.035294907285589906,2.1200926303863525,1.9837170839309692e-07,1.782883644104004,0.0,2.823220729827881,3.0597698211669924,0.07774519175291061,0.0493173822760582,0.09427813440561295,0.19667930901050568,-2.0116567611694336e-07,2.169020175933838,0.7450125223957003,0.890895450382933,0.38235414028167725,0.5498009920120239,3.7545884609222413,1.7497326135635376,5.774199962615967e-08,2.453989267349243,0.0,2.848912739753723,2.6842299580574034,0.05672387406229973,0.05039523169398308,0.07596547156572342,0.18311293423175812,-5.653128027915955e-08,2.765965223312378,0.8165017793420702,1.0016409231298395,0.3693739175796509,0.5652827620506287,6.249277353286743
43,0.08040765432310867,0.66875,0.6763266323792176,1.804627776145935,-1.0011717677116394e-07,2.4104902744293213,0.0,2.824118733406067,7.540450572967529,0.07907845079898834,0.05038261413574219,0.09566184878349304,0.19806523621082306,9.420327842235566e-08,2.334291696548462,0.7617355528753251,0.932155208306332,0.4174811840057373,0.5183237195014954,7.220098876953125,3.0721771717071533,-9.313225746154785e-10,2.4089086055755615,0.0,2.8504971504211425,4.852871441841126,0.05579185113310814,0.04994960501790047,0.07505333423614502,0.18407738208770752,1.0244548320770264e-08,2.1917665004730225,0.7429952384904027,0.9133876501811716,0.313157856464386,0.590043306350708,6.425904226303101
44,2.7747603562847676,0.9403124999999999,0.46190661649236675,1.7417709827423096,4.563480615615845e-08,2.092418670654297,0.0,2.8235705137252807,0.5991956681013108,0.0805552527308464,0.05156350135803223,0.0970396101474762,0.19867205619812012,-5.36732841283083e-08,3.560718297958374,0.9455356591381132,1.1827998994299802,0.372561514377594,0.5633993148803711,4.427242469787598,2.1790361404418945,-1.9604340195655823e-07,2.083054780960083,0.0,2.851244878768921,0.8163377404212951,0.05541738495230675,0.04996863752603531,0.07484868913888931,0.1846458911895752,1.9147992134094238e-07,2.4223363399505615,0.8530969534302131,1.065808918942616,0.3583059310913086,0.49695494771003723,4.355145263671875
45,0.10140259988391165,0.8765625,0.5328189472378121,2.068956136703491,-8.521601557731628e-08,2.1274285316467285,0.0,2.8230956554412843,0.5758771598339081,0.08377910405397415,0.05301634594798088,0.0994933545589447,0.20062114298343658,7.897615432739258e-08,2.7619733810424805,0.8932001463603229,1.1294851967594968,0.4364592432975769,0.49274685978889465,4.455588960647583,2.2511589527130127,9.546056389808655e-08,2.260688543319702,0.0,2.8515623092651365,4.972749805450439,0.05356913059949875,0.05006963759660721,0.07443013787269592,0.18540668487548828,-8.69855284690857e-08,2.573087692260742,0.7781974071636796,0.9635955301057879,0.3945262134075165,0.5353010296821594,5.941726112365723
46,0.027620935386262858,0.8784375000000001,0.8328583884891513,1.9933955669403076,-9.872019290924072e-08,2.5245347023010254,0.0,2.825977897644043,4.991298341751099,0.08849354088306427,0.053679175674915314,0.10354600846767426,0.2055579125881195,1.0281801223754883e-07,2.5752668380737305,0.7564429318066687,0.893020127628682,0.42757707834243774,0.563498854637146,7.172661542892456,2.4237284660339355,-2.2863969206809998e-07,1.8758814334869385,0.0,2.851235342025757,7.3927679538726805,0.05197824537754059,0.05021964758634567,0.07422329485416412,0.18805523216724396,2.210959792137146e-07,2.8459858894348145,0.8516227545216679,1.0870282491263614,0.3956742286682129,0.5065563917160034,5.321543598175049
47,0.9746515715439884,0.8459374999999998,0.5791768630712768,1.7676492929458618,1.2991949915885925e-07,2.243297576904297,0.0,2.82686927318573,3.7535757780075074,0.09184222668409348,0.05395122617483139,0.10679708421230316,0.2097553014755249,-1.2451782822608947e-07,3.168440103530884,0.8783267549471929,1.0784493250969935,0.38777485489845276,0.5424399375915527,5.361474084854126,1.9961491823196411,2.1047890186309814e-07,2.2895917892456055,0.0,2.850649380683899,4.838771533966065,0.05151129886507988,0.05032331869006157,0.07424000650644302,0.18951374292373657,-2.0489096641540527e-07,2.759702444076538,0.8344413455575704,1.067238128634985,0.41013285517692566,0.5652253031730652,6.014426612854004
48,0.23047978483294534,0.8165625000000001,0.4314934391823744,2.1610634326934814,1.4808028936386108e-07,2.6177680492401123,0.0,2.8265377998352053,2.289722228050232,0.09371576458215714,0.05418217182159424,0.10876595973968506,0.21224011480808258,-1.398380845785141e-07,3.341651439666748,0.914918962912634,1.124951982284485,0.4010791778564453,0.5375462770462036,6.921882200241089,1.801486849784851,7.171183824539185e-08,2.2305474281311035,0.0,2.8505979776382446,0.9236458867788315,0.051071103662252426,0.050504907965660095,0.07431724667549133,0.1897234320640564,-7.294584065675736e-08,3.155752420425415,0.7712127272039652,1.0020915756731577,0.4333694577217102,0.5173507928848267,5.142216777801513
49,2.8205266092442924,0.6415625,-0.2804226053830526,1.8667443990707397,4.377216100692749e-08,2.612982749938965,0.0,2.8276970386505127,2.4285977363586424,0.09540240466594696,0.05456351861357689,0.11062055826187134,0.21365858614444733,-5.061738193035126e-08,2.522397994995117,0.8281810852698982,1.0127918247403755,0.37116682529449463,0.5228124260902405,6.85292010307312,2.0775327682495117,1.0989606380462646e-07,1.7346082925796509,0.0,2.8528849124908446,2.113293206691742,0.05087574943900108,0.05110248923301697,0.07465028762817383,0.18976910412311554,-1.0901130735874176e-07,2.7419440746307373,0.7448692694772034,0.9944829842663481,0.33348438143730164,0.5602650046348572,3.2762529134750364
50,0.16077698081542297,0.9609375,0.6035020624675134,2.050518035888672,1.4854595065116882e-07,1.9416996240615845,0.0,2.830684518814087,7.593813562393189,0.09609735757112503,0.05499257519841194,0.11117411404848099,0.21428576111793518,-1.4666002243757247e-07,2.3096632957458496,0.8512509483844042,1.0311154644147915,0.35681378841400146,0.580376923084259,5.442064571380615,2.0656063556671143,-4.7963112592697144e-08,2.054474353790283,0.0,2.855521082878113,4.559401106834412,0.05134294927120209,0.0526793971657753,0.07621267437934875,0.1910850703716278,4.8708170652389524e-08,3.347738742828369,0.899440647289157,1.1203847855121662,0.4152102470397949,0.5092928409576416,4.926182222366333
51,67.84283510808257,0.7496875,0.32748344741486624,1.5882391929626465,-1.7043203115463257e-07,2.764152765274048,0.0,2.8319950342178344,8.937260341644286,0.09663085639476776,0.055435821413993835,0.11157827824354172,0.21482381224632263,1.73225998878479e-07,2.2673535346984863,0.8326332929544151,0.9548159164633436,0.45595261454582214,0.5350556969642639,10.184461307525634,2.041259527206421,-1.471489667892456e-07,2.3299217224121094,0.0,2.85640709400177,1.5562520623207092,0.05069781839847565,0.052904073148965836,0.07630787044763565,0.19202591478824615,1.5418045222759248e-07,3.202648162841797,0.8044610441662371,0.9623427293360971,0.40577900409698486,0.5375062823295593,5.650886058807373
52,0.7810151954780203,0.81875,0.12396170417497905,1.6822292804718018,2.7939677238464355e-09,2.1201400756835938,0.0,2.8335240364074705,1.2380254685878753,0.097040556371212,0.055720388889312744,0.11200521141290665,0.21511311829090118,-3.259629011154175e-09,2.5803768634796143,1.0165890575502998,1.1122923499864945,0.3818555176258087,0.5668966770172119,4.394088315963745,1.8872265815734863,-4.7497451305389404e-08,1.8838367462158203,0.0,2.8526082038879395,3.104786729812622,0.0481896847486496,0.05089735612273216,0.07367638498544693,0.19254158437252045,4.5355409383773806e-08,2.4664573669433594,0.7673774426802993,0.9660148837852925,0.3709767162799835,0.5516588091850281,3.882930278778076
53,78.72483119647299,0.9203125,0.12318626527426195,2.1636240482330322,-1.3224780559539795e-07,1.96563720703125,0.0,2.8365230798721313,0.6040221750736237,0.09703201055526733,0.05553016439080238,0.11188866943120956,0.2139921635389328,1.301988959312439e-07,3.6318986415863037,0.8531246691010892,1.0685409418949439,0.3615809679031372,0.5655736923217773,3.9990225315093992,2.1092333793640137,8.009374141693115e-08,2.3019933700561523,0.0,2.850258636474609,2.8335456371307375,0.046230532228946686,0.04958402365446091,0.07189517468214035,0.1932276040315628,-7.580965757369996e-08,2.740544319152832,0.8862268025521189,1.0933434580676842,0.3569501042366028,0.5638895034790039,5.607762813568115
54,26594.280866419438,0.6681250000000001,-0.04487457359837252,2.366420269012451,-9.685754776000977e-08,2.335482358932495,0.0,2.8349194049835207,2.9205740451812745,0.09463178366422653,0.052006520330905914,0.10934475809335709,0.2127588987350464,9.667128324508667e-08,3.1497201919555664,0.7396170963416807,0.942031456884798,0.32278525829315186,0.6087899804115295,5.598446893692016,1.8745477199554443,-3.3993273973464966e-08,2.1197338104248047,0.0,2.845270562171936,0.7738278567790985,0.044945403933525085,0.048201482743024826,0.07026872038841248,0.1943478137254715,2.805609256029129e-08,2.7529587745666504,0.8161964936181902,0.9817992030191491,0.3619105815887451,0.5448032021522522,4.606609725952149
55,0.06158346183379356,0.8706250000000001,0.48189971561054723,2.264493227005005,1.0244548320770264e-07,1.9238113164901733,0.0,2.8341825723648073,4.636652517318725,0.09180426597595215,0.04841332137584686,0.10682173818349838,0.21439345180988312,-9.490177035331727e-08,2.2067294120788574,0.7132877855561673,0.8845287420978639,0.4015617072582245,0.5622447729110718,4.277575540542602,1.7681249380111694,-1.2200325727462769e-07,2.4924771785736084,0.0,2.8369791746139525,1.2685970067977905,0.04002612084150314,0.04809970408678055,0.06959602981805801,0.1955687254667282,1.1892989277839661e-07,2.723398447036743,0.9386534423334524,1.1003501884476372,0.36445149779319763,0.538698136806488,6.456079959869385
56,1.2786152830442605,0.7428125,0.20398408575289345,1.841923713684082,2.561137080192566e-08,1.92474365234375,0.0,2.8336310386657715,1.3835083365440368,0.08959561586380005,0.04642903059720993,0.105000801384449,0.21562092006206512,-3.119930624961853e-08,2.4511475563049316,0.9271348812151701,1.0848812943620427,0.3239218294620514,0.6047857999801636,3.8215208053588867,1.944229006767273,-6.193295121192932e-08,2.1951327323913574,0.0,2.838145446777344,0.6826913177967071,0.03866899386048317,0.049997471272945404,0.07147342711687088,0.2032613605260849,5.513429641723633e-08,3.1181139945983887,0.8125594736542553,1.0175190123244586,0.39152130484580994,0.4917186200618744,4.994927597045899
57,47.25737969352175,0.8590625,0.4753699651712518,2.3812594413757324,-7.12461769580841e-08,1.906092643737793,0.0,2.8300515174865724,1.4470213651657104,0.08956495672464371,0.04390459880232811,0.10536516457796097,0.21824778616428375,7.227063179016113e-08,2.3082404136657715,0.8484100516652688,1.0043765303035148,0.3455517590045929,0.5449585318565369,3.6352371692657472,2.543246269226074,-1.3597309589385986e-07,2.040964365005493,0.0,2.8473523378372194,0.5085505425930024,0.03878578171133995,0.05212651938199997,0.07409786432981491,0.208141028881073,1.3587996363639832e-07,3.0571796894073486,0.908216720353812,1.1049019399282536,0.3681553304195404,0.5883937478065491,3.9474071741104124
58,0.23054997456705326,0.72875,0.4669788220719896,2.481386661529541,-4.842877388000488e-08,2.3330037593841553,0.0,2.82815477848053,1.6861668348312377,0.09159199893474579,0.04224086552858353,0.1074327602982521,0.22474253177642822,4.591420292854309e-08,2.9105947017669678,0.8009714089799672,0.9985462357639423,0.349203884601593,0.5910834074020386,5.510779237747192,1.777563214302063,-1.932494342327118e-07,2.375253438949585,0.0,2.8578954219818113,0.9048033654689789,0.03937038779258728,0.05425173044204712,0.07684777677059174,0.2127353698015213,1.9604340195655823e-07,3.546862840652466,0.8680594970472157,1.1287215713752243,0.3745678961277008,0.5225664377212524,5.668633890151978
59,14.33867186116019,0.8387499999999999,0.18923005841647966,2.3385581970214844,6.705522537231445e-08,2.0764694213867188,0.0,2.8290072441101075,2.244432973861694,0.09327996522188187,0.04231680929660797,0.10897370427846909,0.23020698130130768,-6.961636245250702e-08,3.5378832817077637,0.8524232608266175,1.0413222756023175,0.36910080909729004,0.5619421601295471,4.4899085521697994,2.0196125507354736,6.332993507385254e-08,2.025707244873047,0.0,2.864881658554077,0.49374228715896606,0.03847871348261833,0.056067563593387604,0.07938400655984879,0.21547475457191467,-6.025657057762146e-08,4.375203609466553,0.8487327062524855,1.0921328198445759,0.364073246717453,0.5454766750335693,4.11269736289978
60,0.13457544027519033,0.845,0.5309164960269139,1.92108154296875,-8.242204785346985e-08,2.689730167388916,0.0,2.829663872718811,1.0009683310985564,0.09563439339399338,0.04361763224005699,0.11097461730241776,0.23587852716445923,8.456408977508545e-08,2.465374708175659,0.6736482550390065,0.8260809729358253,0.3796285390853882,0.5406419634819031,7.095152759552002,2.4618308544158936,-9.220093488693237e-08,2.427473306655884,0.0,2.8616769552230834,1.1926753163337707,0.03545576333999634,0.06021064519882202,0.08531983196735382,0.21766403317451477,9.452924132347107e-08,3.0744659900665283,0.8226356536149979,1.0435816960396052,0.3500378727912903,0.5715758204460144,5.707533502578736
61,1.1738252522473318,0.803125,0.4958645631521007,1.9038594961166382,-3.026798367500305e-08,2.22306489944458,0.0,2.8304707765579225,6.1937846660614015,0.09907986223697662,0.04681285470724106,0.11385436356067657,0.24392391741275787,1.916196197271347e-08,3.292203426361084,0.8256599567364902,0.9731090592578328,0.37238454818725586,0.5371856689453125,6.185086870193482,1.8488980531692505,-2.0489096641540527e-07,1.5920706987380981,0.0,2.8527908086776734,1.1543031334877014,0.03530608117580414,0.06485801190137863,0.09182675182819366,0.22212018072605133,2.086162567138672e-07,2.390751361846924,0.7620172414928674,0.933801207657679,0.3475763201713562,0.5273215174674988,2.726235008239746
62,0.1466593055472058,0.775,0.6605525978058687,2.4500367641448975,4.936009645462036e-08,2.1412158012390137,0.0,2.8298807382583617,2.199039578437805,0.10204558074474335,0.04959530383348465,0.11650243401527405,0.2518482804298401,-4.570465534925461e-08,2.3798563480377197,0.8886619337834418,1.0338209675238625,0.34288474917411804,0.5720374584197998,4.699335384368896,2.2024190425872803,-7.916241884231567e-08,2.255767345428467,0.0,2.8472270727157594,0.8481836259365082,0.036550819873809814,0.07048296928405762,0.09972397983074188,0.2249259352684021,9.32253897190094e-08,2.924182891845703,0.7543956769630313,0.9339832281677648,0.3662334084510803,0.544971227645874,5.042554044723511
63,0.01908161191851277,0.936875,0.8513195423514979,2.07173752784729,-2.0489096641540527e-07,1.8465827703475952,0.0,2.82778742313385,7.609625053405762,0.10348425805568695,0.05135275423526764,0.11779490858316422,0.2554134428501129,2.0486768335103988e-07,2.3434078693389893,0.9132378452923149,1.0649418373202135,0.41986557841300964,0.5145395398139954,5.177513980865479,1.8883438110351562,5.21540641784668e-08,1.8837165832519531,0.0,2.8455710649490356,0.5339189320802689,0.03920942172408104,0.07711448520421982,0.10906954109668732,0.2276146411895752,-5.41098415851593e-08,3.869197368621826,0.9100110173225403,1.173750781485262,0.361135333776474,0.5252446532249451,3.55361955165863
64,0.1479135126941724,0.8225,0.7002510931150618,2.321634292602539,-8.66129994392395e-08,2.5877389907836914,0.0,2.8272616386413576,2.5213286161422728,0.10401652008295059,0.0520346462726593,0.11825089156627655,0.2570332884788513,8.591450750827789e-08,3.3665099143981934,1.0635472388123162,1.2711337050813782,0.3966660499572754,0.5507035255432129,6.702300357818603,1.9465550184249878,1.3504177331924438e-08,2.4715168476104736,0.0,2.8457704305648805,1.7344308018684387,0.04089769348502159,0.08032011240720749,0.11359153687953949,0.230451300740242,-1.0058283805847169e-08,2.099977731704712,0.7525412749499083,0.922509189828893,0.3783053755760193,0.5627182722091675,5.973024606704712
65,0.04275023567226419,0.8340624999999999,0.7711335315796013,2.152946949005127,-2.60770320892334e-08,2.121990442276001,0.0,2.8259501218795777,4.040985488891602,0.10483112186193466,0.05270480737090111,0.11911694705486298,0.25780412554740906,2.9243528842926024e-08,3.820735216140747,1.0397297599352897,1.2351691675575407,0.42770135402679443,0.48116588592529297,5.0289222240448,2.004917621612549,2.7474015951156616e-08,1.8723186254501343,0.0,2.8480813980102537,0.5560398697853088,0.04085477441549301,0.08010217547416687,0.11328298598527908,0.23366302251815796,-2.2433232516050337e-08,2.506643533706665,0.7909830892458558,0.9851199632904899,0.35588324069976807,0.525352954864502,3.3325390577316285
66,1.236185178266084,0.865625,0.7345238721424868,1.7803983688354492,-5.634501576423645e-08,2.574554681777954,0.0,2.8245452404022218,0.834813016653061,0.10502441972494125,0.05296216532588005,0.11931680887937546,0.2583721876144409,5.508773028850555e-08,3.1274075508117676,0.9440335934748874,1.1244432666980768,0.4157484173774719,0.551655650138855,6.238174390792847,2.259024143218994,5.21540641784668e-08,2.260864019393921,0.0,2.854756236076355,2.4464425563812258,0.0402984619140625,0.07856018841266632,0.11110184341669083,0.23638859391212463,-5.373731255531311e-08,2.7571797370910645,0.9350057642906904,1.12285885933545,0.42776358127593994,0.5152453780174255,5.290721750259399
67,0.04000193175309997,0.9190625000000001,0.6934199511236256,2.105952501296997,1.909211277961731e-08,2.1032605171203613,0.0,2.8263116836547852,3.8820421934127807,0.10541073977947235,0.05259880796074867,0.11918048560619354,0.2583496868610382,-1.611188054084778e-08,2.8338136672973633,0.9489046293077991,0.997494859177715,0.40985190868377686,0.5096856951713562,5.11560435295105,1.853379726409912,-1.5227124094963074e-07,2.3398473262786865,0.0,2.8606386184692383,1.646100652217865,0.038236383348703384,0.07646114379167557,0.10815206915140152,0.24000881612300873,1.5471596270799637e-07,2.4320709705352783,0.790064231865108,0.9828256019231795,0.41903287172317505,0.5268457531929016,5.650647592544556
68,0.10960168673823753,0.8503125,0.8081376830759137,1.800094485282898,7.078051567077637e-08,2.414588212966919,0.0,2.8289992094039915,1.2622322976589202,0.10581042617559433,0.05182937905192375,0.11903919279575348,0.2600228488445282,-7.236376404762268e-08,2.7012267112731934,0.905486254952848,1.1097755400854294,0.43753761053085327,0.5536648035049438,5.842338800430298,1.891352891921997,1.3131648302078247e-07,1.9008815288543701,0.0,2.8625229358673097,3.8493731737136843,0.03596226125955582,0.07610581815242767,0.10777918249368668,0.24233238399028778,-1.2859236449003219e-07,2.9113481044769287,0.8194224720820784,1.0372460021180787,0.3937085270881653,0.5513225793838501,4.1604547023773195
69,43.84753405961736,0.9478125000000001,0.3069671342329114,1.8918942213058472,-2.2491440176963806e-07,2.04673433303833,0.0,2.8349310398101806,1.074772882461548,0.10705160349607468,0.05269633233547211,0.12002625316381454,0.2613343894481659,2.3106113076210021e-07,2.555720329284668,0.8104952104389668,0.9495136035614042,0.4027784466743469,0.5043735504150391,4.455697393417358,1.8506464958190918,-2.514570951461792e-08,2.0442757606506348,0.0,2.8632734298706053,1.1084334969520568,0.03602227196097374,0.07663914561271667,0.10857503861188889,0.24393777549266815,1.895241439342499e-08,2.744051456451416,0.7213855024427176,0.9235518780332216,0.4165463447570801,0.5198726654052734,4.2941810131073
70,0.0501617404576994,0.753125,0.6440929473367875,1.9486868381500244,3.725290298461914e-09,2.3420569896698,0.0,2.8427803754806518,0.5449056267738343,0.10978575050830841,0.05583791807293892,0.12254361808300018,0.2622314691543579,-7.357448339462281e-09,3.206362247467041,0.9723895860370249,1.147179219607298,0.41608232259750366,0.5261879563331604,5.534040355682373,2.6892242431640625,6.332993507385254e-08,2.3178696632385254,0.0,2.864494562149048,0.6357277870178223,0.03892364352941513,0.08043243736028671,0.11392031610012054,0.24617727100849152,-6.137415766716004e-08,4.081260681152344,0.9649806328117847,1.199911476913848,0.4266515374183655,0.5345826745033264,5.26532244682312
71,11.817430830163541,0.8040625,0.03831841748414298,1.6335810422897339,8.381903171539307e-08,2.4969100952148438,0.0,2.849685788154602,0.885468190908432,0.11337243765592575,0.060946691781282425,0.12675955891609192,0.2644191086292267,-8.451752364635468e-08,2.7613320350646973,0.9265785378986038,1.1438067520457682,0.3842281401157379,0.5946492552757263,6.318005704879761,2.0720608234405518,1.1408701539039612e-07,2.31790828704834,0.0,2.8722837448120115,2.2847512483596804,0.040547143667936325,0.08201414346694946,0.11618243902921677,0.24887706339359283,-1.1529773473739624e-07,2.8278119564056396,0.8824425412341952,1.0879832360915231,0.42570173740386963,0.5696931481361389,5.504734086990356
72,0.7138160369980098,0.9578125,0.43149372428587063,2.939875602722168,-1.3969838619232178e-08,1.9353619813919067,0.0,2.8533061504364015,4.131609725952148,0.11772087961435318,0.06662219762802124,0.13185250759124756,0.267964631319046,1.4505349099636077e-08,2.6314244270324707,0.838067912880797,0.9315497783641864,0.3339454233646393,0.6274183392524719,4.26933741569519,2.2692501544952393,8.149072527885437e-08,2.1628780364990234,0.0,2.8778385400772093,5.5068591117858885,0.04035113751888275,0.0812784731388092,0.11517911404371262,0.25046664476394653,-8.35862010717392e-08,3.482098340988159,0.9163782173767686,1.1392233577418134,0.34133973717689514,0.5866948962211609,5.40961389541626
73,0.02850550922158593,0.480625,0.45426329522083353,1.8990148305892944,-1.19674950838089e-07,2.6151607036590576,0.0,2.8556705474853517,7.7885946273803714,0.12052837759256363,0.07015864551067352,0.13514013588428497,0.2702198624610901,1.1813826858997344e-07,2.4888765811920166,0.966708943899721,0.9961217161123975,0.43647921085357666,0.507506251335144,8.524847507476807,1.645118236541748,7.916241884231567e-08,2.4009504318237305,0.0,2.8796093702316283,7.6830323219299315,0.040126923471689224,0.08093547821044922,0.11472370475530624,0.25119030475616455,-7.37607479095459e-08,2.4251773357391357,0.779461245238781,0.9835798788388244,0.43409836292266846,0.5255920886993408,7.352093744277954
74,1.30220660320542,0.795625,0.5099120903920321,1.97902512550354,-1.601874828338623e-07,2.0477821826934814,0.0,2.8577637910842895,2.615824055671692,0.12152214348316193,0.07145492732524872,0.1363000124692917,0.2710764408111572,1.6158446669578552e-07,2.3251664638519287,0.7708378275856376,0.9376124970974323,0.4057151675224304,0.4789835214614868,4.482561922073364,2.4837517738342285,7.497146725654602e-08,2.418743133544922,0.0,2.8796554803848267,0.5749465584754944,0.039723027497529984,0.08054032176733017,0.11418969929218292,0.25146394968032837,-7.501803338527679e-08,2.2297677993774414,0.8152130680158735,1.003651102461716,0.43078145384788513,0.5463704466819763,5.80956392288208
75,2.0142489141821014,0.45249999999999996,-0.11341060532556053,2.0135231018066406,-7.310882210731506e-08,2.5710976123809814,0.0,2.8610599040985107,0.9772420585155487,0.12073881924152374,0.0714036077260971,0.13553205132484436,0.27111297845840454,7.413327693939208e-08,3.2750465869903564,0.8410323706106283,1.0383783474853976,0.39546677470207214,0.5149166584014893,6.60221300125122,2.044989824295044,-2.3283064365386963e-08,2.509097099304199,0.0,2.8788667917251587,4.996762132644653,0.04188629612326622,0.08229397237300873,0.11662860959768295,0.2531111240386963,2.611195668578148e-08,2.3561062812805176,0.7953596097417176,0.9488394193667895,0.43456634879112244,0.5367999076843262,6.981791353225708
76,0.4760770262617518,0.7846875,0.2867801820059284,1.4786020517349243,-7.171183824539185e-08,2.5199134349823,0.0,2.865544629096985,8.802596187591552,0.12012357264757156,0.06957502663135529,0.13484568893909454,0.2735314965248108,6.966292858123779e-08,2.9531445503234863,1.0027748139342294,1.115793466963872,0.4541473984718323,0.49654895067214966,8.888151073455811,1.8251726627349854,-1.4621764421463013e-07,2.5849852561950684,0.0,2.878942275047302,4.414340257644653,0.04400158300995827,0.08385151624679565,0.11877923458814621,0.25573015213012695,1.4528632164001465e-07,2.4925477504730225,0.7542140467092395,0.9599799988691383,0.42122626304626465,0.5322333574295044,7.171797132492065
77,0.06573339135477009,0.8940625000000001,0.643135222726265,2.648883104324341,-4.7497451305389404e-08,2.393123149871826,0.0,2.8685768604278565,2.0457101464271545,0.12052349746227264,0.06807626783847809,0.1350371092557907,0.2774607837200165,4.917383193969726e-08,3.0376760959625244,1.0231839947868138,1.017510615349815,0.4018658399581909,0.5259634852409363,5.702121019363403,2.3101415634155273,-1.1594966053962708e-07,2.331556797027588,0.0,2.879463863372803,2.92336745262146,0.044728655368089676,0.0842144787311554,0.1192578449845314,0.2570737898349762,1.1473894119262696e-07,2.993767738342285,0.8249313652515411,1.0307649724472894,0.33355528116226196,0.5520177483558655,5.504463148117066
78,0.5077102541336109,0.6559375,0.4293098725941579,1.6645910739898682,7.078051567077637e-08,2.2664968967437744,0.0,2.8703881978988646,2.7414263486862183,0.1200721338391304,0.06709276884794235,0.1344548612833023,0.2791975140571594,-7.469207048416138e-08,2.5591440200805664,0.9915116355754435,1.1496265067904563,0.37539735436439514,0.5060182213783264,5.243826198577881,2.0333492755889893,9.313225746154785e-08,2.141674757003784,0.0,2.8765665531158446,0.7750380218029023,0.04466623067855835,0.08413323760032654,0.11914089322090149,0.2577117681503296,-9.117648005485535e-08,2.932858943939209,0.88724678568542,1.101966040835054,0.3676748275756836,0.525227427482605,4.477787017822266
79,48.56973889357168,0.7746875,0.4436621665788623,2.2556023597717285,-8.987262845039368e-08,2.1954970359802246,0.0,2.8703404903411864,2.2704715013504027,0.12005114555358887,0.0666179284453392,0.1344180554151535,0.2803681492805481,9.080395102500916e-08,2.6989121437072754,0.8812950832769275,0.9517969072750256,0.3747011721134186,0.5069345831871033,4.888281536102295,2.11112380027771,-6.379559636116028e-08,2.0218279361724854,0.0,2.870815134048462,5.368859529495239,0.04248160496354103,0.08459997177124023,0.12013235688209534,0.257742315530777,6.73346221446991e-08,3.038740634918213,0.8633306486532092,1.0857311537687133,0.39504122734069824,0.6036557555198669,4.9908140182495115
80,0.02436472140479882,0.7424999999999999,1.0040770174175502,2.217620372772217,4.284083843231201e-08,2.501995325088501,0.0,2.871644139289856,3.2355913162231444,0.12016794830560684,0.06647314876317978,0.13463447988033295,0.2811775505542755,-4.6659260988235475e-08,3.5251846313476562,0.9325573857873678,1.087862351644122,0.46292558312416077,0.5346132516860962,6.674383735656738,2.011565685272217,-8.475035429000854e-08,2.253248929977417,0.0,2.869548201560974,0.8239395201206208,0.04113652557134628,0.08517139405012131,0.12130821496248245,0.2586488723754883,7.997732609510422e-08,3.152346134185791,0.9656106840819121,1.2068510964414214,0.3792111873626709,0.5007462501525879,5.131517124176026
81,0.09314806063026963,0.8418749999999999,0.8373235429386499,2.6350693702697754,-6.752088665962219e-08,1.6766366958618164,0.0,2.8721035718917847,2.5907373905181883,0.11983653903007507,0.0660565197467804,0.13439717888832092,0.28142789006233215,6.575137376785278e-08,4.566418647766113,0.9917513821856119,1.2131933114934763,0.36962226033210754,0.5582103729248047,2.9529754161834716,2.1675708293914795,-3.259629011154175e-08,2.4741015434265137,0.0,2.8727144241333007,7.68554949760437,0.041863761842250824,0.085663340985775,0.12197831273078918,0.2593720555305481,3.80445271730423e-08,2.595740795135498,0.8579047098755836,1.072666825910967,0.42675158381462097,0.5936581492424011,7.662608242034912
82,0.0827740760818724,0.7103125,0.4656995279039526,2.1147100925445557,1.2153759598731995e-07,2.147165536880493,0.0,2.8733612298965454,0.4771818697452545,0.12039262056350708,0.06580456346273422,0.13509152829647064,0.28212490677833557,-1.149950549006462e-07,3.4622511863708496,0.9861197761259973,1.161907938257724,0.3783494532108307,0.5061517357826233,4.4846155643463135,2.1578948497772217,-7.35744833946228e-08,2.288119316101074,0.0,2.8747100114822386,1.8282792568206787,0.042390041053295135,0.0857340544462204,0.12200717628002167,0.2600405216217041,7.348135113716126e-08,3.1435372829437256,1.0962514583021403,1.326783344404351,0.3682437241077423,0.5173870921134949,5.391976547241211
83,54.78586082969334,0.8962499999999999,0.04660455236060499,1.6638118028640747,-5.471520125865936e-08,2.1333565711975098,0.0,2.875781798362732,8.631412172317505,0.12156718224287033,0.06658774614334106,0.13624249398708344,0.283938467502594,5.071051418781281e-08,3.199763774871826,0.818192204553634,0.952668773154358,0.4187822639942169,0.5450577139854431,6.7118934154510494,1.8219858407974243,6.51925802230835e-09,2.1402335166931152,0.0,2.8747362375259398,7.149031639099121,0.041336026042699814,0.0852205753326416,0.12142034620046616,0.2600923776626587,7.916241884231567e-10,2.431018829345703,0.9190491436049342,1.1148229781840484,0.4227198660373688,0.5105875134468079,6.111615800857544
84,7.749629867167036,0.7224999999999999,0.3651369652628904,2.1548914909362793,-1.0803341865539551e-07,2.2646002769470215,0.0,2.876751661300659,5.13475227355957,0.12221973389387131,0.0672517791390419,0.1368090808391571,0.2860143780708313,1.1213123798370362e-07,3.474597692489624,0.9130233966629021,1.1047996825980784,0.3511192202568054,0.5364940166473389,5.812160873413086,2.1653707027435303,-2.421438694000244e-08,2.147874116897583,0.0,2.8747892141342164,4.592407608032227,0.04035341739654541,0.08478322625160217,0.12094410508871078,0.26015549898147583,2.253800630569458e-08,2.6716270446777344,0.9534054446965456,1.1298693010112546,0.4053782820701599,0.5678569078445435,5.234653043746948
85,0.8075578604259002,0.6728125,-0.003603084251668634,2.1061928272247314,-1.3923272490501404e-07,2.1103157997131348,0.0,2.877903604507446,2.6531986713409426,0.12224007397890091,0.06755079329013824,0.13675162196159363,0.2868923544883728,1.3308599591255189e-07,3.1400222778320312,0.7526564605068415,0.9376460000302528,0.4124283790588379,0.4908040761947632,4.616829824447632,1.9680297374725342,6.51925802230835e-09,2.7212560176849365,0.0,2.874920892715454,3.932690143585205,0.03945610299706459,0.08459369838237762,0.12085498124361038,0.2600591778755188,-1.1175870895385742e-08,2.30810284614563,0.8261478707194329,0.9882751555430942,0.4150899648666382,0.5302566885948181,7.793731546401977
86,15.155432878015379,0.7006249999999999,0.28996167630260433,2.7187893390655518,2.0209699869155884e-07,2.1977477073669434,0.0,2.880621242523193,1.2811462044715882,0.12223568558692932,0.06769980490207672,0.13651134073734283,0.2872271239757538,-2.0479783415794373e-07,3.188055992126465,0.9664927336387337,1.1732569542497147,0.40339913964271545,0.5724729895591736,4.823034858703613,2.3067286014556885,4.0978193283081055e-08,2.434227228164673,0.0,2.874917244911194,0.6348281264305115,0.03890388458967209,0.08461601287126541,0.12105091661214828,0.2600291073322296,-4.367902874946594e-08,2.454139471054077,0.7782172452658415,0.9859878135988401,0.4093772768974304,0.5081130266189575,5.891589021682739
87,4.59906294385837,0.7471875,0.0783245213467378,2.0755186080932617,-2.514570951461792e-08,2.018710136413574,0.0,2.8814263582229613,10.5527663230896,0.12158821523189545,0.06717502325773239,0.13557478785514832,0.28784480690956116,2.5192275643348695e-08,2.6835217475891113,0.8310848466702737,0.9496560789693056,0.44116756319999695,0.5099673271179199,7.292202568054199,1.6183598041534424,1.0244548320770264e-07,2.7076148986816406,0.0,2.8722107648849486,7.386955595016479,0.036557767540216446,0.08358083665370941,0.1197051852941513,0.25920653343200684,-1.0705552995204926e-07,2.995459794998169,0.6845865778625011,0.8952166846206124,0.442069947719574,0.5404571890830994,8.889662742614746
88,2.2877024408749937,0.8640625,0.21843624590880267,2.0475122928619385,7.450580596923828e-08,1.9498661756515503,0.0,2.8806214809417723,2.1799887895584105,0.12071757018566132,0.06646767258644104,0.13449746370315552,0.2887299060821533,-7.580965757369996e-08,2.489637613296509,0.8371679426170886,0.9797035636883878,0.40049615502357483,0.4676515758037567,3.87621431350708,1.98536217212677,-2.9802322387695312e-08,2.1078996658325195,0.0,2.8712506532669066,2.3933579683303834,0.03408491238951683,0.08231136202812195,0.11797427386045456,0.25959479808807373,2.3888424038887023e-08,3.1530778408050537,0.8882469749078155,1.144645041844779,0.46067798137664795,0.4896242618560791,4.680923080444336
89,0.10559093330988398,0.8103124999999999,0.3516061079489758,2.093106269836426,-1.0244548320770264e-08,2.146833896636963,0.0,2.8772724628448487,5.204202890396118,0.12157414108514786,0.06697820127010345,0.13524776697158813,0.28985336422920227,6.984919309616089e-09,2.7902908325195312,0.8938398694619536,1.0110488676375102,0.4182054400444031,0.5218861699104309,5.476366901397705,1.7663309574127197,-2.421438694000244e-08,2.416191339492798,0.0,2.871907877922058,4.426719236373901,0.03302816301584244,0.0808696448802948,0.11573129892349243,0.2603541612625122,2.5797635316848754e-08,2.397692918777466,0.9336895367130638,1.077784093698475,0.41644424200057983,0.5429140329360962,6.227436256408692
90,1882.2364096325928,0.6271875,0.16091879636956619,1.6705988645553589,-9.313225746154785e-08,2.107898473739624,0.0,2.874676060676575,2.890279746055603,0.12313544005155563,0.06805930286645889,0.1367436796426773,0.2910725474357605,9.723007678985596e-08,3.531155824661255,1.1137666335329413,1.155920403805424,0.41609176993370056,0.5065425038337708,4.678066539764404,2.2848973274230957,1.0896474123001099e-07,2.5245184898376465,0.0,2.87279896736145,3.857897925376892,0.03202974051237106,0.0792480856180191,0.11325912922620773,0.2606182098388672,-1.0561197996139527e-07,3.140448808670044,0.8227844417095185,1.0270297975763565,0.4353591799736023,0.5041645169258118,6.728481340408325
91,3.0419779432739977,0.829375,0.6480309559157995,1.6233065128326416,2.7939677238464355e-09,2.4339635372161865,0.0,2.871491003036499,1.1793660461902618,0.12487639486789703,0.06898173689842224,0.1385079175233841,0.2917798161506653,-1.4901161193847657e-09,3.123004198074341,0.9693596346303821,1.0877964635722348,0.415659099817276,0.5029295682907104,5.8073314189910885,1.7417386770248413,2.2584572434425354e-07,2.277846336364746,0.0,2.8729029655456544,1.5660188496112823,0.030992012470960617,0.07838371396064758,0.11208321899175644,0.2607128322124481,-2.289656549692154e-07,3.1075074672698975,0.8090187083929777,1.0358814933461666,0.3846069872379303,0.534015417098999,5.240973663330078
92,1.1601540537291997,0.8,0.6044904062175721,1.9460976123809814,-7.171183824539185e-08,2.5301172733306885,0.0,2.8650071144104006,5.569722032546997,0.1279754340648651,0.06985155493021011,0.14144204556941986,0.29255571961402893,7.171183824539185e-08,3.178328037261963,0.9965173252858222,1.1229942868809217,0.3903588056564331,0.5317716598510742,7.1460175037384035,2.3803584575653076,-9.173527359962463e-08,2.0756499767303467,0.0,2.87072491645813,5.452345371246338,0.02992512285709381,0.07835397124290466,0.11225008219480515,0.2605985403060913,9.657815098762512e-08,2.9610466957092285,0.9036747667938471,1.1393479537500901,0.42434948682785034,0.4959361255168915,5.209310150146484
93,4.660822826127532,0.6681250000000001,0.2747074413276444,2.1659936904907227,-3.306195139884949e-08,2.1646060943603516,0.0,2.861873722076416,8.29369478225708,0.13080711662769318,0.07054226100444794,0.14403676986694336,0.2932303845882416,3.185123205184937e-08,2.7919023036956787,0.9103710641385987,1.074449671162501,0.3798888027667999,0.5291631817817688,6.425171947479248,2.2326385974884033,6.51925802230835e-08,2.349701166152954,0.0,2.8680533170700073,0.9494809806346893,0.029308941215276718,0.07879018783569336,0.11306054145097733,0.26065877079963684,-6.284099072217941e-08,2.4449851512908936,0.8203495729714632,0.9963188910173676,0.4017249345779419,0.5014086365699768,5.45764193534851
94,2.7087669342848626,0.923125,0.35768644247854275,1.784955620765686,-1.3504177331924438e-07,2.5643837451934814,0.0,2.861164164543152,5.32663402557373,0.13173510134220123,0.07075564563274384,0.14487987756729126,0.2935519218444824,1.330627128481865e-07,3.09503173828125,0.9032898389734327,1.0688425030131001,0.45020633935928345,0.5032004117965698,7.588323020935059,2.455695629119873,4.936009645462036e-08,2.6115994453430176,0.0,2.864125394821167,2.5636884450912474,0.03044155426323414,0.07969526946544647,0.11423275619745255,0.26080676913261414,-4.898756742477417e-08,3.3465123176574707,0.9504536775872111,1.1726408158240453,0.413178950548172,0.49421435594558716,6.906626176834107
95,0.2105937328368787,0.6762500000000001,0.7018476637202621,2.6822259426116943,-2.561137080192566e-08,2.3056845664978027,0.0,2.861527705192566,8.401478958129882,0.1318090558052063,0.07073365151882172,0.1449691206216812,0.29391053318977356,2.4400651454925536e-08,2.621802806854248,0.8574485540855676,0.9566071593680541,0.3951866328716278,0.5301023721694946,7.197713041305542,1.908414602279663,-2.8405338525772095e-08,1.9203414916992188,0.0,2.86213903427124,4.0238218069076535,0.03254421427845955,0.08070412278175354,0.11544962972402573,0.2618960738182068,2.7194619178771972e-08,2.458217144012451,0.8929347591474652,1.0573542848380606,0.3675331473350525,0.5410391092300415,3.9929791688919067
96,0.06633697593927,0.6140625,0.3759572515375698,2.0003364086151123,-2.3283064365386963e-08,2.023959159851074,0.0,2.862003493309021,1.8360393524169922,0.13176056742668152,0.07068149000406265,0.14492781460285187,0.2941010892391205,2.474989742040634e-08,2.7744147777557373,0.9008635154925286,1.0408946700148667,0.377918541431427,0.48111283779144287,4.099657773971558,2.322819709777832,-4.7497451305389404e-08,2.201083183288574,0.0,2.861339807510376,1.864170455932617,0.03398113697767258,0.0811002179980278,0.11585936695337296,0.26322829723358154,4.55416738986969e-08,2.766561985015869,0.9244709743186832,1.1387772163104857,0.3889957666397095,0.4897249937057495,4.830752944946289
97,0.1264063173493616,0.5443749999999999,0.23469896891634953,2.1388039588928223,-6.146728992462158e-08,1.9007316827774048,0.0,2.861538028717041,3.933060312271118,0.13378852605819702,0.07181486487388611,0.14716383814811707,0.2940826117992401,5.774199962615967e-08,2.9380199909210205,1.1031045401468873,1.2587862203608329,0.3804781138896942,0.5500265955924988,3.9291645765304564,2.5516533851623535,2.0023435354232788e-08,1.8578829765319824,0.0,2.8602898597717283,1.0833483457565307,0.035308875143527985,0.08101172000169754,0.11545644700527191,0.2643011212348938,-2.60770320892334e-08,3.2548694610595703,0.9060405166819692,1.153750004825997,0.4182506799697876,0.536246657371521,3.4736575365066527
98,0.1432124306858354,0.8371875,0.4989351511433739,2.2101995944976807,7.450580596923828e-08,2.1781013011932373,0.0,2.8616417407989503,10.677014350891113,0.13673171401023865,0.07352402061223984,0.15041349828243256,0.2945352792739868,-7.990747690200805e-08,3.1632018089294434,1.0332958216778934,1.1496609194271095,0.41702693700790405,0.5062182545661926,8.238525009155273,1.8799753189086914,-3.259629011154175e-08,2.044801950454712,0.0,2.8594997406005858,5.009579467773437,0.03736615180969238,0.08062289655208588,0.11448603123426437,0.2659335434436798,2.9429793357849122e-08,2.0819382667541504,0.6529189099557697,0.8060968562372229,0.3478015661239624,0.5832041501998901,4.966602802276611
99,0.26551876713279576,0.5431250000000001,0.20995103116188135,2.586383104324341,-1.0803341865539551e-07,1.8789472579956055,0.0,2.8630930185317993,1.3093102812767028,0.1379650980234146,0.07427596300840378,0.151748389005661,0.2949916422367096,1.0440126061439514e-07,2.56111478805542,0.8807240350870416,0.9811297293231469,0.4054691791534424,0.5082067251205444,3.5802590608596803,1.709883689880371,-5.8673322200775146e-08,2.537877082824707,0.0,2.859124207496643,6.177612924575806,0.03912923112511635,0.08049900829792023,0.11408023536205292,0.2678510844707489,5.722977221012116e-08,2.7021963596343994,0.7136584727093578,0.923892648921435,0.463584303855896,0.4816187918186188,7.3359424591064455
100,1224.337996649474,0.6771875,-0.33568264638599926,2.1595776081085205,4.284083843231201e-08,2.1205475330352783,0.0,2.8679848432540895,3.0925419092178346,0.13696159422397614,0.0735420286655426,0.150432750582695,0.294467568397522,-3.995373845100403e-08,3.648214340209961,0.8881152093410491,1.1167419053887666,0.4034579396247864,0.5269695520401001,4.819448328018188,1.8743385076522827,-2.1420419216156006e-08,2.2067813873291016,0.0,2.8595594644546507,2.86635422706604,0.03980010375380516,0.08067204058170319,0.1142728254199028,0.26878345012664795,2.766028046607971e-08,3.625936508178711,0.82618198255077,1.0509830021566988,0.4023849070072174,0.49947983026504517,5.035367202758789
101,37.615495784775376,0.87375,0.27750478981341786,2.155564785003662,2.6542693376541138e-08,2.37852144241333,0.0,2.8710931062698366,0.5939803570508957,0.1362844854593277,0.07306677103042603,0.1493442952632904,0.2941116988658905,-2.5331974029541015e-08,3.2687597274780273,0.9467099769040942,1.1517698089453419,0.3838083744049072,0.5135600566864014,5.540485382080078,2.070960521697998,-5.029141902923584e-08,1.9165093898773193,0.0,2.8606700897216797,3.181539750099182,0.04023696109652519,0.08034716546535492,0.11375892162322998,0.2690502405166626,5.029141902923584e-08,3.0075857639312744,0.8725809849798679,1.114424495559655,0.3360797166824341,0.5750231146812439,3.8257376194000243
102,45.356925526233475,0.526875,0.18282756614769974,2.164050340652466,7.543712854385376e-08,1.9919800758361816,0.0,2.8784937381744387,8.22003984451294,0.13556170463562012,0.07231727987527847,0.14793998003005981,0.2977295517921448,-6.998889148235322e-08,2.6506335735321045,0.8573523719562217,1.0046145537816138,0.3542135953903198,0.5362326502799988,5.751674699783325,2.0012197494506836,-1.2014061212539673e-07,3.124469041824341,0.0,2.8604456424713134,1.0553320348262787,0.039851848036050797,0.07955805957317352,0.11260608583688736,0.26866838335990906,1.2023374438285827e-07,2.4008281230926514,0.8786978751420975,1.0394220402332615,0.3465495705604553,0.5772495865821838,9.82084255218506
103,10.363204641375301,0.73125,0.15962125344375624,2.1572890281677246,-4.0978193283081055e-08,2.2232117652893066,0.0,2.881346082687378,0.8218217879533768,0.134783536195755,0.07146202027797699,0.14664173126220703,0.3017650246620178,3.557652235031128e-08,3.8231184482574463,0.9511003812775016,1.1195490523037344,0.36340904235839844,0.5409541726112366,4.970334005355835,1.7004995346069336,2.514570951461792e-08,2.5181703567504883,0.0,2.857869839668274,2.589972496032715,0.03982900455594063,0.07925631105899811,0.11217467486858368,0.2687496840953827,-2.8870999813079834e-08,2.711320161819458,0.7508708296343685,0.9333346098021472,0.38136613368988037,0.5147221684455872,6.617755603790283
104,0.08666068676267998,0.55,0.5676731491638392,2.2971386909484863,-1.2852251529693604e-07,2.0574843883514404,0.0,2.882962369918823,0.6644830346107483,0.13238467276096344,0.06988296657800674,0.14400124549865723,0.3043113648891449,1.3262033462524415e-07,2.544952154159546,0.9058968325145542,0.9629492031816309,0.3369503915309906,0.5322797894477844,4.233193683624267,2.7481086254119873,3.3527612686157227e-08,2.0747485160827637,0.0,2.856086492538452,2.409200978279114,0.040221791714429855,0.07966487109661102,0.11277074366807938,0.26972121000289917,-3.03611159324646e-08,2.367733955383301,0.7568799590691924,0.9561520041306604,0.36717507243156433,0.5563433766365051,4.488390684127808
105,0.4465672013596443,0.8371875,0.31690001112923893,1.8013521432876587,5.494803190231323e-08,2.557816743850708,0.0,2.891128396987915,8.24794979095459,0.1250949501991272,0.06594455987215042,0.13666202127933502,0.3059847056865692,-5.62518835067749e-08,3.3065946102142334,0.9620117373415269,1.1242999655816008,0.46602773666381836,0.4605359733104706,8.38430643081665,1.9489933252334595,3.4924596548080444e-08,2.347304105758667,0.0,2.854362678527832,0.9329730331897735,0.041465818881988525,0.08002882450819016,0.11324644088745117,0.2706710398197174,-4.260800778865814e-08,2.0646467208862305,0.6583362873643637,0.7959663183784748,0.3584997057914734,0.5232916474342346,5.300455522537232
106,2.096863969960041,0.565625,0.3475111030993913,2.042909860610962,-9.872019290924072e-08,2.1758408546447754,0.0,2.8963748693466185,0.6247560322284699,0.11994555592536926,0.063278928399086,0.1315445899963379,0.30903294682502747,9.606592357158661e-08,3.1889305114746094,0.9794037210289389,1.1700125232785012,0.4025951027870178,0.49874147772789,4.742315006256104,1.9567060470581055,2.468004822731018e-08,2.523923397064209,0.0,2.8529938220977784,1.2129656314849853,0.04536224901676178,0.08310729265213013,0.1175575852394104,0.27390870451927185,-2.491287887096405e-08,2.9474613666534424,0.8090605137869715,1.0027371768137427,0.39475399255752563,0.48614639043807983,6.423380327224732
107,0.8879130379064242,0.903125,0.4454706505631571,2.223066568374634,-4.936009645462036e-08,2.137794256210327,0.0,2.9009466648101805,5.3247718334198,0.11657245457172394,0.06063701584935188,0.12857365608215332,0.3086857795715332,5.2619725465774536e-08,2.568347215652466,0.900731322390493,1.1254575976839232,0.3779929280281067,0.5506495833396912,5.225973415374756,1.6550136804580688,-1.30385160446167e-08,2.413174867630005,0.0,2.8531502723693847,1.1870099902153015,0.05005614459514618,0.0869787335395813,0.12300700694322586,0.2787283658981323,1.2945383787155152e-08,2.975494384765625,0.8287634268403054,1.0716321787082872,0.3996551036834717,0.5226083993911743,5.751955604553222
108,5.049493419038645,0.934375,0.7789581742030951,1.9563401937484741,-2.0675361156463623e-07,2.2930445671081543,0.0,2.903284955024719,2.682906723022461,0.11412055790424347,0.058514878153800964,0.12664347887039185,0.30832111835479736,2.0703300833702088e-07,2.48268985748291,0.7690379390143789,0.965485590910639,0.4258400499820709,0.5171683430671692,5.371994066238403,1.6484994888305664,9.96515154838562e-08,2.319526433944702,0.0,2.8545483112335206,1.237702351808548,0.05085436627268791,0.08778688311576843,0.1241505816578865,0.28111693263053894,-1.025153324007988e-07,3.1026999950408936,0.8316510774195194,1.0470159718623948,0.3879473805427551,0.5241877436637878,5.335082006454468
109,0.022551667492754175,0.5956250000000001,0.5935122654152704,2.0809402465820312,3.5390257835388184e-08,2.7211577892303467,0.0,2.9039419174194334,0.7533487915992737,0.11233584582805634,0.05709925293922424,0.1253834217786789,0.30771222710609436,-3.9301812648773196e-08,3.2001490592956543,0.7798774209804833,0.9661774313003718,0.4204661250114441,0.5099684000015259,7.307063865661621,2.413625955581665,9.313225746154785e-10,1.8902757167816162,0.0,2.8551496267318726,4.882716035842895,0.051293499767780304,0.08852735161781311,0.1252107471227646,0.28344008326530457,-1.1641532182693481e-09,2.766453266143799,0.7793028820306063,1.0048665598768893,0.3197040855884552,0.5152002573013306,4.405734491348267
110,62.945055406444034,0.7953125,0.01247485183854077,2.073948621749878,4.190951585769653e-09,2.807370662689209,0.0,2.905173492431641,0.7903194665908814,0.11043791472911835,0.05484534427523613,0.12408638000488281,0.3057439923286438,-6.426125764846802e-09,3.2065999507904053,0.8136218244675547,1.0788622301930564,0.3924330472946167,0.4759550392627716,7.763613557815551,2.041670083999634,-1.30385160446167e-08,2.258988857269287,0.0,2.854145860671997,0.9927679657936096,0.052703242748975754,0.08981979638338089,0.12704379856586456,0.2859276533126831,8.102506399154662e-09,3.171821117401123,0.874788042344153,1.0891269136465775,0.3739973306655884,0.4982380270957947,5.017390203475952
111,7709.227079102862,0.9509374999999999,-0.13666994597261403,1.682455062866211,-1.4156103134155273e-07,1.960142970085144,0.0,2.907934784889221,0.47253032624721525,0.11011237651109695,0.05381007492542267,0.12373325973749161,0.30932122468948364,1.3816170394420623e-07,2.692448377609253,0.9040905431611463,1.0222338872786554,0.37719205021858215,0.5182619690895081,3.8891227722167967,2.005971908569336,-1.210719347000122e-08,2.4220354557037354,0.0,2.850575852394104,6.992276954650879,0.05538829788565636,0.09243808686733246,0.13078531622886658,0.28861963748931885,1.7601996660232543e-08,3.3583984375,1.0604561533778907,1.3034055673107157,0.4240298569202423,0.5387282967567444,7.231589412689209
112,27.158264840466206,0.9175000000000001,-0.1813071352093964,1.849955677986145,-6.705522537231445e-08,2.402688503265381,0.0,2.9182817935943604,5.473335599899292,0.10822531580924988,0.05370815098285675,0.12309545278549194,0.3108295798301697,6.565824151039124e-08,3.2580270767211914,0.94715170848649,1.1956514025890421,0.4042946696281433,0.530852198600769,6.707430839538574,1.7661123275756836,-7.962808012962341e-08,2.482013702392578,0.0,2.8489166498184204,1.2119002759456634,0.05826108902692795,0.09497866034507751,0.13440559804439545,0.2913139760494232,8.065253496170043e-08,2.604342460632324,0.8238957438617944,1.0282787140777163,0.3732495605945587,0.5506559014320374,6.196876382827758
113,0.035396408825558036,0.714375,0.6959488862995105,1.9282851219177246,2.7008354663848877e-08,2.2932770252227783,0.0,2.923312616348267,3.046280527114868,0.10688948631286621,0.05326077714562416,0.12276944518089294,0.31423187255859375,-2.0209699869155883e-08,2.6721127033233643,0.9572024289052934,1.1359123160783573,0.3948471248149872,0.5776802897453308,5.473754405975342,1.8990209102630615,-3.4458935260772705e-08,2.7757108211517334,0.0,2.8491678476333617,2.324579358100891,0.05898137763142586,0.09587208926677704,0.13570745289325714,0.2925696074962616,3.380700945854187e-08,3.157130241394043,0.97432293407619,1.2176330745323969,0.3757215440273285,0.5326831340789795,7.679618835449219
114,6.450982458077496,0.8515625,-0.22131320308520258,2.0402729511260986,-1.434236764907837e-07,1.9296430349349976,0.0,2.924855947494507,4.153819799423218,0.10783308744430542,0.05292091146111488,0.12329220026731491,0.3194100558757782,1.4514662325382232e-07,2.5162296295166016,0.8329721153248102,1.0422328170895703,0.3192030191421509,0.5550735592842102,4.185619688034057,1.930694580078125,5.3085386753082275e-08,2.31032395362854,0.0,2.849455642700195,7.097318458557129,0.05927693843841553,0.0962037593126297,0.13619154691696167,0.29321742057800293,-5.3085386753082275e-08,2.959527015686035,0.826917564868927,1.0068022455128316,0.4113676846027374,0.47616803646087646,6.863731622695923
115,0.7638839089561662,0.8846874999999998,0.6522169150546537,1.9101784229278564,-9.96515154838562e-08,1.9939831495285034,0.0,2.9257800340652467,3.6631692171096804,0.10897428542375565,0.052929461002349854,0.12380094826221466,0.3237837553024292,9.262003004550934e-08,2.780611038208008,0.8456166244577616,1.0523164965315208,0.4048002362251282,0.5197047591209412,4.408913707733154,2.263554811477661,9.592622518539429e-08,2.296006202697754,0.0,2.8503803253173827,1.2660519778728485,0.060082219541072845,0.09648614376783371,0.13654235005378723,0.2935098111629486,-9.890645742416382e-08,3.2995729446411133,0.8864475972950459,1.1260420605423842,0.41620612144470215,0.49275240302085876,5.416727542877197
116,0.03535046900486863,0.784375,0.8053337458097933,1.855408787727356,3.725290298461914e-09,1.955009937286377,0.0,2.9259546279907225,0.70359106361866,0.10997368395328522,0.053657159209251404,0.12416442483663559,0.32666370272636414,-3.3993273973464965e-09,3.0408377647399902,0.9119218070292845,1.139531786446186,0.3745894432067871,0.5125983357429504,3.7852902173995973,1.646498203277588,8.102506399154663e-08,1.8277302980422974,0.0,2.85411376953125,0.7922876119613648,0.05958050489425659,0.09630374610424042,0.13629619777202606,0.2935793995857239,-8.158385753631591e-08,2.684520721435547,0.8190594047307969,1.0607982844005142,0.3774718642234802,0.46042564511299133,3.5193954706192017
117,0.05421314657335374,0.7584375,0.5607329897419921,2.3270912170410156,4.889443516731262e-08,2.075732946395874,0.0,2.925107216835022,1.4442632138729095,0.11071724444627762,0.055070582777261734,0.12404241412878036,0.3296031653881073,-5.5390410125255586e-08,3.3398663997650146,0.9266308525577187,1.1193792072609692,0.344789057970047,0.519056499004364,4.252433252334595,1.936945915222168,1.1175870895385742e-08,2.299394369125366,0.0,2.861310362815857,4.36524453163147,0.056522443890571594,0.0931185707449913,0.13176269829273224,0.2938555181026459,-1.4808028936386109e-08,3.0506091117858887,0.9006117139011621,1.1538084924068779,0.3879625201225281,0.5168594121932983,5.666175079345703
118,0.09315765815515228,0.984375,0.9671593618969894,2.0052554607391357,1.0803341865539551e-07,1.8644204139709473,0.0,2.9247637510299684,2.245947778224945,0.11082335561513901,0.05680083483457565,0.12358605861663818,0.33173298835754395,-1.1336524039506912e-07,2.4862756729125977,0.908302080212161,1.0714589758920674,0.33856427669525146,0.5785911083221436,3.605376148223877,2.0630011558532715,-4.190951585769653e-08,2.1620869636535645,0.0,2.864364838600159,0.517514830827713,0.05417603254318237,0.09026379883289337,0.12769310176372528,0.29494723677635193,4.537869244813919e-08,2.9500579833984375,1.0292410552501678,1.2639054601407318,0.4007991552352905,0.5280517339706421,4.624725580215454
119,0.26338376321178647,0.7212500000000001,0.36000446761497545,2.1774983406066895,1.5320256352424622e-07,2.167294979095459,0.0,2.925889325141907,3.856196093559265,0.11063583940267563,0.058166615664958954,0.1232886090874672,0.3327443301677704,-1.5157274901866913e-07,3.176659345626831,0.8358700992539525,1.0556626391236463,0.36434441804885864,0.517457902431488,5.0006242275238035,2.0708727836608887,5.21540641784668e-08,2.2430765628814697,0.0,2.8645806312561035,4.612878131866455,0.05493834614753723,0.09049294888973236,0.1279882937669754,0.2971688508987427,-6.07222318649292e-08,2.644815683364868,0.8220775557681919,1.0204571990851206,0.37646976113319397,0.5245621800422668,5.49271035194397
120,1.1273873263974874,0.8040625,0.24225180466070503,1.7670701742172241,-4.0978193283081055e-08,2.0380282402038574,0.0,2.9265366554260255,4.532327699661255,0.11018498241901398,0.058686260133981705,0.12303106486797333,0.3328115940093994,5.2247196435928346e-08,2.411790132522583,0.8262416526675225,0.9857106129596727,0.40780720114707947,0.5766664147377014,4.726781606674194,2.0498552322387695,5.774199962615967e-08,1.8830679655075073,0.0,2.8643590450286864,2.7721736431121826,0.05531967058777809,0.09112787246704102,0.12888965010643005,0.2995776832103729,-5.783513188362122e-08,2.6774213314056396,0.9358544239774347,1.1178758734380043,0.3877476453781128,0.5300992727279663,3.7918618440628054
121,0.4802420307164385,0.9090624999999999,0.8840301486378639,2.202951669692993,4.6566128730773926e-08,1.970748782157898,0.0,2.9277754068374633,2.096239149570465,0.10999135673046112,0.05886739119887352,0.1229458749294281,0.33267393708229065,-4.094326868653297e-08,2.133619785308838,0.7808455178514123,0.9067313550845162,0.40446192026138306,0.5378689765930176,3.923418164253235,2.328300952911377,-1.30385160446167e-07,2.236703872680664,0.0,2.8637341499328612,1.5431204915046692,0.05497676134109497,0.09173339605331421,0.12979379296302795,0.3009427487850189,1.3103708624839782e-07,2.8366525173187256,0.80278041344136,0.9891343581466081,0.3995138108730316,0.5555100440979004,5.002922439575196
122,0.759306738298768,0.8440624999999999,0.23346659950131765,1.862354040145874,1.7369166016578674e-07,2.331415891647339,0.0,2.928023862838745,1.8356954872608184,0.10917408019304276,0.05859610438346863,0.1224704310297966,0.33169877529144287,-1.7231795936822892e-07,2.267094850540161,0.8951364597305655,1.0308464085600992,0.3796268403530121,0.5120997428894043,5.511864376068115,2.0655879974365234,2.635642886161804e-07,2.3655083179473877,0.0,2.86299524307251,1.1926094949245454,0.054887592792510986,0.09192365407943726,0.1300896555185318,0.30146095156669617,-2.6617199182510377e-07,2.867934226989746,0.934349599480629,1.1550136766965686,0.3711231052875519,0.5361049771308899,5.647310972213745
123,0.40440233583763374,0.7796875,0.1758697224606068,2.1499483585357666,-2.1420419216156006e-08,2.206233263015747,0.0,2.9281650304794313,0.81158247590065,0.10811629146337509,0.05838191509246826,0.12208965420722961,0.3303423225879669,1.6577541828155518e-08,2.5152688026428223,0.8749932906590402,1.0050534178636596,0.40406638383865356,0.5188677906990051,4.703516960144043,1.8528215885162354,5.587935447692871e-09,2.1842150688171387,0.0,2.8635048151016234,3.5215394496917725,0.051009632647037506,0.08935638517141342,0.12659263610839844,0.30103614926338196,-6.472691893577576e-09,2.918558120727539,0.7925611101090908,1.038189844555747,0.35507479310035706,0.5208279490470886,5.0471107006073
124,0.48234274818461165,0.890625,0.19482339942193,1.6730941534042358,6.05359673500061e-08,2.6195907592773438,0.0,2.926456665992737,3.680095362663269,0.10770104080438614,0.05865627899765968,0.12231633812189102,0.32983702421188354,-5.505280569195747e-08,2.5734500885009766,0.9896636902703904,1.1865940505480348,0.44634339213371277,0.46965518593788147,7.04181923866272,2.3574371337890625,-7.171183824539185e-08,2.3079564571380615,0.0,2.862927460670471,0.6208094477653503,0.04678352549672127,0.0867367535829544,0.12311338633298874,0.30192989110946655,7.89295881986618e-08,2.955028772354126,0.8822515282779932,1.1118552538632067,0.38212883472442627,0.5410740375518799,5.346501350402832
125,2.3243364498500996,0.701875,0.25329061335619757,2.527785062789917,-9.685754776000977e-08,1.978336215019226,0.0,2.925179648399353,5.613387537002564,0.10834577679634094,0.059068821370601654,0.12294541299343109,0.33131518959999084,9.308569133281708e-08,3.088351011276245,0.8017003306769765,1.0098812980143395,0.3895207941532135,0.5542766451835632,4.7328838348388675,2.227553129196167,-6.891787052154541e-08,2.73964524269104,0.0,2.864339900016785,0.5543896108865738,0.045324720442295074,0.08570562303066254,0.1217016652226448,0.3027200400829315,6.775371730327606e-08,3.7343826293945312,0.9067185606807471,1.1658499722691609,0.4131004214286804,0.5032250285148621,7.241819763183594
126,0.10538670023701165,0.8721875000000001,0.7590341801231529,1.9692327976226807,-9.96515154838562e-08,2.184384346008301,0.0,2.926041316986084,1.1267187774181366,0.10884598642587662,0.05915970727801323,0.12332814186811447,0.3325956463813782,1.0067597031593322e-07,3.6939635276794434,0.9253384178038686,1.173986762747796,0.44894924759864807,0.4679614007472992,4.890018558502197,1.9097996950149536,1.0989606380462646e-07,2.4585626125335693,0.0,2.865574908256531,4.034620976448059,0.04579899460077286,0.08648815751075745,0.12283975630998611,0.30398640036582947,-1.0817311704158783e-07,2.3601443767547607,0.8772789161652327,1.057951831503581,0.4477054476737976,0.44410887360572815,6.372735118865966
127,0.03131267453506779,0.8106249999999999,0.5956663493399661,1.6967605352401733,6.379559636116028e-08,2.463563919067383,0.0,2.930841255187988,0.6586750417947769,0.10946205258369446,0.06008749082684517,0.12385508418083191,0.3335968852043152,-6.062909960746765e-08,2.748220920562744,0.9851273740176112,1.1819201197118494,0.38268032670021057,0.5210158228874207,5.964088249206543,2.172481060028076,-1.0244548320770264e-08,2.4540822505950928,0.0,2.865283393859863,2.632328724861145,0.047136299312114716,0.08818260580301285,0.1253308206796646,0.3060274124145508,1.7811544239521027e-08,2.573686122894287,0.90802315287292,1.0931311074486503,0.4264119863510132,0.49451732635498047,6.08957052230835
128,2.6901262513926447,0.9631250000000001,0.7761286735658789,1.822270393371582,-1.2060627341270447e-07,2.4161882400512695,0.0,2.937221956253052,4.360681343078613,0.11362069845199585,0.06215306371450424,0.12638290226459503,0.34024757146835327,1.2521632015705108e-07,2.3356714248657227,0.8231299094622955,1.0462595276291642,0.3724804222583771,0.4953831136226654,6.29076828956604,2.3072826862335205,-6.891787052154541e-08,1.7492520809173584,0.0,2.8648956060409545,9.964708614349366,0.046994082629680634,0.08854672312736511,0.12596967816352844,0.30661606788635254,7.171183824539185e-08,3.8656229972839355,1.0478643836453556,1.2880087787489503,0.3470207750797272,0.5796775221824646,5.6985616207122805
129,0.055073936256175904,0.885,0.7724571192537258,2.2480294704437256,1.862645149230957e-08,2.216139793395996,0.0,2.9407376527786253,6.740263319015503,0.11773660033941269,0.0635572224855423,0.12889285385608673,0.34896406531333923,-2.3655593395233153e-08,2.805025339126587,1.011180762760341,1.1455194744946728,0.3837849497795105,0.5564045906066895,6.074975919723511,2.152888059616089,1.3969838619232178e-08,2.278007984161377,0.0,2.864751768112183,7.622310066223145,0.046321384608745575,0.08830882608890533,0.12571419775485992,0.30651235580444336,-1.3317912817001343e-08,2.4951131343841553,0.9446775551885367,1.1676929562761518,0.43736347556114197,0.49052631855010986,6.85026183128357
130,0.8659966577750803,0.8774999999999998,0.19049185791419915,2.147989511489868,8.940696716308594e-08,2.0388803482055664,0.0,2.9438314199447633,1.6195168852806092,0.11968932300806046,0.06431999057531357,0.1302093267440796,0.3531859517097473,-1.0007061064243317e-07,3.2497482299804688,0.7611958352616057,1.0050873776805151,0.37828099727630615,0.5352881550788879,4.151831007003784,1.6869361400604248,-2.7474015951156616e-08,2.165649890899658,0.0,2.8636010885238647,0.8559088587760926,0.046256888657808304,0.08827314525842667,0.12566012144088745,0.3065665662288666,2.3888424038887023e-08,3.2329273223876953,0.7969166127964854,0.993745432163906,0.41815727949142456,0.5018207430839539,4.443329620361328
131,12.283646185377814,0.88125,0.011283132876215006,1.8670375347137451,-1.1827796697616577e-07,2.1363377571105957,0.0,2.949563908576965,1.0090072691440581,0.12050099670886993,0.06425469368696213,0.13054193556308746,0.3553927540779114,1.1762604117393493e-07,2.6300392150878906,0.9260124105028809,1.099395156520616,0.421638548374176,0.4901089668273926,4.401195478439331,2.2954399585723877,3.725290298461914e-09,2.193822145462036,0.0,2.8585349798202513,5.642123556137085,0.04487523064017296,0.08832429349422455,0.12608245015144348,0.3048114478588104,-4.0046870708465575e-09,2.813455820083618,0.8267719645053149,1.027952538116868,0.36167848110198975,0.5470302700996399,5.6142661571502686
132,3.7819431889141883,0.70375,0.40779744926365663,1.8713102340698242,1.4901161193847656e-08,2.691727638244629,0.0,2.9533107042312623,0.48056135773658754,0.12353402376174927,0.06563904136419296,0.1331234574317932,0.35819751024246216,-1.899898052215576e-08,3.4174396991729736,0.9561873431317508,1.1397050262287984,0.4247666895389557,0.4895711839199066,7.251075792312622,2.0121757984161377,-9.220093488693237e-08,2.7962379455566406,0.0,2.8559832334518434,3.318670725822449,0.04336569830775261,0.08847738057374954,0.12683141231536865,0.3040623068809509,9.32253897190094e-08,3.2940914630889893,0.9748448397964239,1.1640669359821483,0.38021257519721985,0.569918692111969,7.925775814056396
133,0.06750255016320446,0.6184375,0.5720354697219965,1.7191730737686157,-1.778826117515564e-07,2.450385808944702,0.0,2.956075382232666,5.602931499481201,0.1259472668170929,0.06758006662130356,0.1351466327905655,0.3611806035041809,1.7452985048294068e-07,3.704329252243042,1.0037540352204815,1.1816825282693584,0.452033668756485,0.4909239113330841,6.843497943878174,2.0498902797698975,-2.7939677238464355e-08,2.8416895866394043,0.0,2.8557222366333006,2.4414562702178957,0.0424659438431263,0.08797017484903336,0.12622682750225067,0.3038915693759918,2.169981598854065e-08,2.888378143310547,0.7465908222831785,0.9342530342506579,0.39211565256118774,0.5317199230194092,7.81240029335022
134,0.6496199639003832,0.8949999999999999,0.8691229799432412,1.843778371810913,-1.210719347000122e-07,1.833283543586731,0.0,2.957324171066284,0.9669755935668946,0.12686029076576233,0.06868850439786911,0.13580195605754852,0.3627792000770569,1.2009404599666594e-07,3.383165121078491,1.1591342228231951,1.2887229025316114,0.4108309745788574,0.5096275806427002,3.390968585014343,2.463249683380127,-4.6566128730773926e-08,2.3840174674987793,0.0,2.8567106246948244,3.475865602493286,0.04274624586105347,0.08740359544754028,0.12519697844982147,0.3045669496059418,5.029141902923584e-08,2.5509226322174072,0.8645159082487226,1.0643741646959028,0.41608867049217224,0.5232445597648621,5.9113739967346195
135,0.17600175883632332,0.7206250000000001,0.5672791051497412,2.011695384979248,1.257285475730896e-08,2.279832363128662,0.0,2.9582185983657836,1.8420907139778138,0.12573789060115814,0.06880243867635727,0.1351069211959839,0.3632335960865021,-1.6670674085617064e-08,2.5177464485168457,0.9252156757749617,1.0267212739359444,0.3766780495643616,0.5068733096122742,5.180084323883056,1.8151124715805054,-7.729977369308472e-08,2.537290334701538,0.0,2.8574652433395387,3.4035048723220824,0.0425097793340683,0.08657252043485641,0.12378539144992828,0.3049057424068451,7.14324414730072e-08,2.627647876739502,0.8005912197753787,0.9677567102771445,0.465939998626709,0.49999019503593445,6.581342124938965
136,1.4374798589730555,0.7296875,0.020291751339069887,2.056981325149536,6.984919309616089e-08,2.2332260608673096,0.0,2.9592771530151367,1.2923138737678528,0.12507495284080505,0.06863981485366821,0.13484321534633636,0.363323837518692,-6.752088665962219e-08,2.779515504837036,0.894521985098254,1.0396235057157848,0.35777053236961365,0.5454961061477661,4.787534379959107,2.0130717754364014,-5.774199962615967e-08,2.310917377471924,0.0,2.856313443183899,6.013385057449341,0.040887244045734406,0.08516841381788254,0.12170910835266113,0.30413004755973816,6.160698831081391e-08,2.807576894760132,0.8603259878233075,1.0830249004408,0.4049270749092102,0.5182730555534363,6.30951042175293
137,51.820759850669205,0.851875,0.24225724939629253,1.443785309791565,9.313225746154785e-10,2.3523154258728027,0.0,2.9582509279251097,0.9898323535919189,0.12664107978343964,0.06853879243135452,0.13623784482479095,0.36338573694229126,-4.0046870708465575e-09,2.8336853981018066,0.9979767585173249,1.2133785984136214,0.39356687664985657,0.5493142604827881,5.654446268081665,1.7354367971420288,-1.3504177331924438e-08,2.7400271892547607,0.0,2.854524755477905,0.9533760786056519,0.04018835723400116,0.08467493206262589,0.12101439386606216,0.3041165769100189,1.1082738637924195e-08,2.888777732849121,0.993997728638351,1.2154317778862682,0.3827991485595703,0.5172808766365051,7.341100740432739
138,0.04366855154846872,0.8328125,0.8667023854218687,1.9382330179214478,5.587935447692871e-08,1.6290462017059326,0.0,2.960244083404541,3.325290560722351,0.12989948689937592,0.06980833411216736,0.1392202526330948,0.36343470215797424,-6.402842700481415e-08,3.3670058250427246,1.0013912015594542,1.1332628303546528,0.3509199023246765,0.5426070690155029,2.9933578729629517,1.9550644159317017,-2.7008354663848877e-08,2.279301404953003,0.0,2.851061964035034,4.650598764419556,0.04204588010907173,0.0867263674736023,0.12393677979707718,0.3056710958480835,1.9848812371492386e-08,2.0655481815338135,0.905147972330451,1.0892035402883167,0.39082884788513184,0.5248332023620605,5.743111658096313
139,0.8536322234878346,0.6946875,0.2519820232353648,2.1692073345184326,2.076849341392517e-07,2.2560858726501465,0.0,2.962472105026245,0.6189221382141114,0.13196276128292084,0.07116144895553589,0.14135299623012543,0.36345261335372925,-2.0870938897132873e-07,4.479741096496582,1.0148805164033547,1.1149261374449433,0.3790803849697113,0.5272387862205505,5.017879009246826,2.319955348968506,-1.6111880540847778e-07,2.1463215351104736,0.0,2.8500654697418213,1.6478999733924866,0.04427101090550423,0.08895900845527649,0.12706051766872406,0.3084374666213989,1.5995465219020844e-07,3.549555540084839,0.83522720169276,1.0374971241524975,0.3700874447822571,0.556816041469574,4.628327417373657
140,0.0438028042233352,0.4234375,0.2929683475242032,2.172614336013794,4.190951585769653e-09,2.159418821334839,0.0,2.9657278537750242,2.003726327419281,0.13407166302204132,0.07284970581531525,0.1431962549686432,0.36409157514572144,-2.37487256526947e-09,2.8347420692443848,0.8010724076069892,1.0092924311906544,0.37096595764160156,0.5826247334480286,4.880159187316894,1.964843988418579,-2.561137080192566e-08,2.276263952255249,0.0,2.851059341430664,1.1134132385253905,0.04319481551647186,0.08896642923355103,0.12715451419353485,0.3083620071411133,3.0337832868099215e-08,2.692920446395874,0.829347130190581,1.0316335651002222,0.3785102367401123,0.5484809875488281,5.130707263946533
141,0.16918879168261142,0.70875,0.3236796210401581,1.7487941980361938,9.220093488693237e-08,2.0749399662017822,0.0,2.96595356464386,0.971259993314743,0.13504289090633392,0.07392533868551254,0.14386320114135742,0.3651933968067169,-9.534414857625961e-08,3.0633747577667236,1.0706392088206484,1.1737586663215698,0.3998664617538452,0.49708783626556396,4.300101947784424,1.3405879735946655,9.452924132347107e-08,2.084196090698242,0.0,2.851709508895874,6.3070801258087155,0.041938330978155136,0.08825432509183884,0.12612372636795044,0.3078264594078064,-9.10833477973938e-08,4.154595851898193,0.9777645730413497,1.25037665892402,0.41929811239242554,0.5450322031974792,5.478558111190796
142,0.4568298405761527,0.8412499999999999,0.6425706966106567,1.7539355754852295,-3.073364496231079e-08,2.069392204284668,0.0,2.9610576391220094,2.3106239795684815,0.14003975689411163,0.07630151510238647,0.1490783393383026,0.36574408411979675,3.4645199775695803e-08,3.4750490188598633,0.953883753856644,1.1066851505597404,0.411891371011734,0.48376110196113586,4.271562767028809,2.21108078956604,1.4901161193847656e-08,2.1520276069641113,0.0,2.8520419120788576,2.7826586246490477,0.042584244161844254,0.08828632533550262,0.1260737180709839,0.30853384733200073,-1.578591763973236e-08,3.166994333267212,0.8362560287117958,1.0752298797671405,0.3902902603149414,0.49042049050331116,4.698284482955932
143,0.1835459378762319,0.8849999999999998,0.5178603284886713,1.9218131303787231,3.166496753692627e-08,2.3666751384735107,0.0,2.9579602003097536,4.881538248062133,0.14654763042926788,0.07952693849802017,0.15590691566467285,0.3670059144496918,-3.026798367500305e-08,3.438572645187378,1.1379184504970907,1.3416885763780722,0.4356575310230255,0.5099687576293945,6.151618576049804,2.3856194019317627,-5.122274160385132e-08,1.8662538528442383,0.0,2.852801060676575,3.427827072143555,0.042816415429115295,0.08801466226577759,0.12558703124523163,0.3086297810077667,4.922039806842804e-08,2.5826637744903564,0.8196623688563704,1.0266530654525912,0.3394659459590912,0.5835750102996826,3.6879512786865236
144,0.11650130173657773,0.9168749999999999,0.4724029719686368,2.2193543910980225,-4.7497451305389404e-08,2.151643991470337,0.0,2.9572495222091675,5.756646537780762,0.15036264061927795,0.0815691202878952,0.16000233590602875,0.36804673075675964,4.312023520469665e-08,2.4781665802001953,0.8761358134215698,1.01222520656296,0.36201637983322144,0.5259629487991333,5.381662368774414,1.6957937479019165,-3.073364496231079e-08,1.8291077613830566,0.0,2.8547473907470704,6.404564094543457,0.04216192662715912,0.08754033595323563,0.12489910423755646,0.3080122470855713,3.012828528881073e-08,2.8664069175720215,0.940777690988034,1.1265712183892418,0.40578311681747437,0.5355014204978943,4.603087472915649
145,0.47289551979237815,0.48250000000000004,0.13379832308647063,1.6054065227508545,-2.0023435354232788e-08,1.974784255027771,0.0,2.9577666759490966,6.739613771438599,0.15175484120845795,0.08226598799228668,0.16163092851638794,0.3685503304004669,1.4621764421463012e-08,3.324644088745117,1.0316225622780621,1.1664236149123923,0.4231225252151489,0.48862871527671814,5.233796119689941,1.9763370752334595,-1.993030309677124e-07,2.2369494438171387,0.0,2.8556667804718017,3.026966023445129,0.04161536321043968,0.08733037114143372,0.12461213767528534,0.3075260818004608,2.000480890274048e-07,2.5682685375213623,0.8060926002450287,1.0128355081813534,0.3488701283931732,0.5577427744865417,5.120792007446289
146,0.1713473891589628,0.60625,0.3914742727627768,1.9312212467193604,1.4901161193847656e-08,1.975027084350586,0.0,2.957682728767395,1.9483400940895081,0.152665376663208,0.08279574662446976,0.1628032922744751,0.3686893880367279,-1.3853423297405243e-08,3.6711843013763428,0.9018502937629819,1.101957787153222,0.3767620623111725,0.5790077447891235,3.9069841384887694,1.7931256294250488,-9.69739630818367e-08,2.2736010551452637,0.0,2.856006550788879,3.0381104707717896,0.04203827679157257,0.0872625857591629,0.12438150495290756,0.3075830042362213,1.0151416063308716e-07,2.9579110145568848,0.8884362710639835,1.1210123621278312,0.3953821063041687,0.49939385056495667,5.3213934898376465
147,0.26567575481354416,0.8793749999999999,0.503916638156051,1.716639518737793,5.587935447692871e-08,2.2727506160736084,0.0,2.9585817575454714,3.7957263231277465,0.15249013900756836,0.08281178027391434,0.16276367008686066,0.368691623210907,-6.007030606269836e-08,3.212967872619629,0.9341921852435917,1.1088916195923266,0.4071769714355469,0.5399777293205261,5.481779766082764,2.337218999862671,1.909211277961731e-08,1.8698155879974365,0.0,2.856530284881592,2.67945191860199,0.040361952036619186,0.08637352287769318,0.12315159291028976,0.30630624294281006,-1.6903504729270934e-08,3.0478949546813965,0.8522848838940262,1.0586277761379115,0.34229421615600586,0.5796740651130676,3.6791957139968874
148,0.49050900098462086,0.6865625,0.41380046144258714,1.8042048215866089,-3.3527612686157227e-08,2.7783615589141846,0.0,2.9593241453170775,2.199077820777893,0.15172378718852997,0.08220160752534866,0.16206322610378265,0.3687528967857361,3.6996789276599885e-08,3.803379535675049,1.0520545542240143,1.1763084489690125,0.38429707288742065,0.5520592331886292,7.610209369659424,2.2265005111694336,6.891787052154541e-08,1.863590955734253,0.0,2.8570250511169433,4.647372150421143,0.038243502378463745,0.08521756529808044,0.12154154479503632,0.3046770691871643,-6.84056431055069e-08,2.5595178604125977,0.9824841250665486,1.1783540182018881,0.38655248284339905,0.5027170181274414,4.084949350357055
149,0.009840774865129607,0.6584375,0.9006413652688467,1.9430509805679321,5.681067705154419e-08,2.6639769077301025,0.0,2.959178113937378,3.503074359893799,0.15252581238746643,0.08240272104740143,0.16300812363624573,0.3685343861579895,-5.871988832950592e-08,3.1806068420410156,1.1775981239043176,1.2298704912113403,0.3987976908683777,0.5914649367332458,7.463980770111084,1.8903988599777222,-9.150244295597076e-08,2.7681453227996826,0.0,2.8566871881484985,2.4232583045959473,0.0376950241625309,0.08481432497501373,0.12095284461975098,0.3044675588607788,8.437782526016235e-08,2.302877902984619,0.7983045619912446,0.9800559381211741,0.46135321259498596,0.523931622505188,7.674677562713623
150,0.7140959628905701,0.9603124999999999,0.8640223971622092,2.121436595916748,-1.5459954738616943e-07,2.0592896938323975,0.0,2.9587313413619993,1.6722124814987183,0.15337440371513367,0.08296462893486023,0.16373950242996216,0.3684186041355133,1.5385448932647704e-07,3.5341882705688477,1.0725304977968335,1.2047526501464059,0.3627018332481384,0.5651094317436218,4.210160875320435,1.7295353412628174,2.4493783712387085e-07,2.419325828552246,0.0,2.8556527376174925,4.273584175109863,0.03708673268556595,0.08469131588935852,0.12083479017019272,0.3038560450077057,-2.4246983230113985e-07,2.8072633743286133,0.8621683709323407,1.0741131358433265,0.43489933013916016,0.48859190940856934,6.362833881378174
151,0.08748458243161605,0.7415625,0.7137714099980206,2.374699831008911,-2.7008354663848877e-08,2.5851221084594727,0.0,2.957806420326233,2.3059983015060426,0.15401653945446014,0.08400100469589233,0.16425079107284546,0.36841851472854614,2.3609027266502382e-08,3.2517809867858887,1.045013030571863,1.1850551080543044,0.4229981303215027,0.5527705550193787,6.644614124298096,1.9382778406143188,6.426125764846802e-08,2.6328704357147217,0.0,2.8557190179824827,1.7357764780521392,0.03690500557422638,0.0847449004650116,0.12095901370048523,0.30362236499786377,-6.277114152908326e-08,3.4287502765655518,0.903934013005346,1.107131869728249,0.4617510139942169,0.512386679649353,6.973971509933472
152,0.11790060706885978,0.7224999999999999,0.44792400755387296,1.8482030630111694,-3.725290298461914e-08,2.3759384155273438,0.0,2.9572290420532226,1.2787747263908387,0.1562802493572235,0.08614793419837952,0.16661730408668518,0.36829814314842224,3.948807716369629e-08,3.3699593544006348,0.9092034365516156,1.0985497057629328,0.39236152172088623,0.5397347807884216,5.651822566986084,2.110231399536133,-1.7881393432617188e-07,1.9809422492980957,0.0,2.8573386430740357,4.8593480587005615,0.03713717311620712,0.08460177481174469,0.12071778625249863,0.3035666048526764,1.751817762851715e-07,2.294064521789551,0.7120123204775155,0.8903354114831535,0.3887869119644165,0.50534987449646,4.583482789993286
153,14.145937815308764,0.8828125,0.363624311047867,1.6322782039642334,-1.6763806343078613e-08,1.947335124015808,0.0,2.958639049530029,4.353695106506348,0.15777255594730377,0.08840936422348022,0.16747382283210754,0.3686217665672302,1.853331923484802e-08,2.9964447021484375,0.9239416565746069,1.082643782031927,0.38153356313705444,0.5122308731079102,4.386076164245606,1.6686296463012695,1.7508864402770996e-07,1.822023630142212,0.0,2.8579322338104247,0.8322490274906158,0.037115223705768585,0.08452459424734116,0.12062511593103409,0.30399879813194275,-1.7546117305755616e-07,2.6749958992004395,0.809454043675214,1.0249833621043754,0.3929591178894043,0.5129958391189575,3.339399790763855
154,0.08927905035381532,0.871875,0.9602275368691615,1.7423489093780518,9.499490261077881e-08,2.2423906326293945,0.0,2.9588500022888184,1.925471556186676,0.15826888382434845,0.09011178463697433,0.16722391545772552,0.3696644604206085,-8.884817361831666e-08,3.127674102783203,0.9958006652537733,1.1321504215461784,0.3878849148750305,0.5218624472618103,4.9834143161773685,2.259679079055786,-5.029141902923584e-08,2.492684841156006,0.0,2.8560757398605348,1.8692126512527465,0.032976217567920685,0.08287313580513,0.11836260557174683,0.30068257451057434,5.397014319896698e-08,3.0366694927215576,0.8069750876165926,1.002521670200788,0.4334731101989746,0.5368871688842773,6.1873575210571286
155,0.3244170689096141,0.654375,0.363496602408795,2.0461909770965576,-3.725290298461914e-09,1.9799692630767822,0.0,2.9586904287338256,2.152306830883026,0.15843354165554047,0.09141051769256592,0.1669042706489563,0.3702889680862427,1.2386590242385865e-08,3.6808645725250244,1.0147662536706776,1.1615372624638014,0.3982734680175781,0.5014379024505615,3.9659947395324706,1.8976953029632568,3.818422555923462e-08,2.291524648666382,0.0,2.8552741527557375,3.685608410835266,0.02855200506746769,0.0811929851770401,0.11597655713558197,0.3007552921772003,-3.236345946788788e-08,3.1487152576446533,0.7805767717305571,0.9359622855952414,0.43556487560272217,0.48903608322143555,5.658270645141601
156,0.021801209572204126,0.8300000000000001,0.6438608682266537,2.0484986305236816,4.842877388000488e-08,2.0066447257995605,0.0,2.9610972166061402,1.9714132308959962,0.15772610902786255,0.09126052260398865,0.1657259613275528,0.3712103068828583,-5.3504481911659243e-08,3.122650623321533,1.1584997394122183,1.2751807971036924,0.3996490240097046,0.5511707067489624,4.065122938156128,1.784863829612732,-2.3283064365386963e-07,1.9703325033187866,0.0,2.8542473316192627,0.7929487824440002,0.02698732726275921,0.08084447681903839,0.11547108739614487,0.30238381028175354,2.3711472749710082e-07,2.8961009979248047,0.7211757802113425,0.8611255949622599,0.4298515319824219,0.5051087141036987,3.921881175041199
157,0.02051295426811549,0.8203125,0.9926313021678711,1.5483999252319336,1.862645149230957e-08,2.5113539695739746,0.0,2.964599084854126,2.6233404994010927,0.15755321085453033,0.09210722148418427,0.1651327908039093,0.371162474155426,-1.9348226487636565e-08,3.504033088684082,1.1147431425750256,1.2190455903167452,0.4415546655654907,0.5439540147781372,6.341240739822387,1.7658747434616089,-2.8405338525772095e-08,2.425189256668091,0.0,2.8522937297821045,0.9918668091297149,0.022543497383594513,0.08013599365949631,0.11424092203378677,0.3002204895019531,2.6356428861618043e-08,2.92893648147583,0.8857073952443898,1.0895312814091007,0.4161559045314789,0.48730629682540894,5.823052024841308
158,0.2209172730214169,0.683125,0.3090457409706212,2.1974329948425293,-1.1408701539039612e-07,2.633211612701416,0.0,2.9669768810272217,5.941048574447632,0.15826889872550964,0.09458278119564056,0.1656239628791809,0.3714154064655304,1.0938383638858795e-07,3.3852405548095703,1.018647658266127,1.1797068124133891,0.4436676502227783,0.5402588248252869,7.788423919677735,1.6351770162582397,-1.4156103134155273e-07,1.8225979804992676,0.0,2.8529146671295167,4.1322286367416385,0.01612258516252041,0.0804077535867691,0.11437147110700607,0.304596871137619,1.391395926475525e-07,2.3975915908813477,0.81624691686593,0.9839900636617324,0.43851718306541443,0.5449827313423157,3.8018108129501345
159,0.03750292638189203,0.9059375000000001,0.7286053103843988,1.8558506965637207,-8.498318493366241e-08,2.0763907432556152,0.0,2.968352770805359,1.7780160546302795,0.15879909694194794,0.09665291011333466,0.1662205457687378,0.37163111567497253,8.23289155960083e-08,2.6426775455474854,0.9220624139532447,1.0070448560233118,0.396867573261261,0.545070230960846,4.4325902462005615,1.6171181201934814,-3.4552067518234253e-07,2.237497091293335,0.0,2.8529094457626343,5.16138334274292,0.012266726233065128,0.08117783069610596,0.1153448298573494,0.3108091354370117,3.5152770578861236e-07,3.1874473094940186,0.8382145332172513,1.0438314954055856,0.42551693320274353,0.522543728351593,5.693196249008179
160,6249.113435796991,0.7909375,0.26296704313961267,1.8094345331192017,3.725290298461914e-09,2.276221752166748,0.0,2.9707640171051026,4.339949274063111,0.15864695608615875,0.09826845675706863,0.16636759042739868,0.3715091347694397,-9.313225746154786e-11,3.1062841415405273,1.115064726676792,1.1841342269224915,0.3988173007965088,0.5481904745101929,5.582339429855347,2.0165140628814697,5.122274160385132e-08,2.135122060775757,0.0,2.8525059700012205,4.106042432785034,0.011021277867257595,0.08148553967475891,0.11575274914503098,0.31385117769241333,-5.038455128669739e-08,2.9587578773498535,0.722672657109797,0.9517640109595645,0.4297266900539398,0.4806583821773529,5.000110530853272
161,0.5910388259937598,0.6009374999999999,0.1800436259187301,1.9563047885894775,-1.5273690223693848e-07,2.1435906887054443,0.0,2.973061037063599,3.2992822408676146,0.1583082228899002,0.09931762516498566,0.16635173559188843,0.3713189959526062,1.5283003449440002e-07,3.40873384475708,1.155532584898174,1.2438468741810802,0.3753960132598877,0.5345982313156128,4.738694286346435,1.6551645994186401,-1.1455267667770386e-07,2.560229539871216,0.0,2.8537632703781126,2.3101062536239625,0.01106642559170723,0.08148497343063354,0.11577371507883072,0.31521517038345337,1.0738149285316467e-07,2.326681613922119,0.7974784980528057,0.9656820527080007,0.41009509563446045,0.5025596022605896,6.5586466789245605
162,0.19139800100272647,0.436875,0.08933533965125517,1.922149896621704,-1.0943040251731873e-07,1.9416084289550781,0.0,2.974253749847412,1.7609032034873962,0.15801537036895752,0.09985454380512238,0.16625504195690155,0.3709714114665985,1.098494976758957e-07,3.874379873275757,1.1531708812341095,1.3507684571096534,0.3796232342720032,0.542747974395752,3.804844927787781,1.4984172582626343,5.3551048040390015e-08,2.2256600856781006,0.0,2.8586732149124146,2.869211196899414,0.013676796108484268,0.08082039654254913,0.1149919405579567,0.31683576107025146,-5.373731255531311e-08,2.364614963531494,0.7336532746907324,0.9191050196896777,0.3889125883579254,0.48404011130332947,5.1385222434997555
163,6.043844344233457,0.616875,0.17059957220118305,2.065706729888916,7.636845111846924e-08,1.7030574083328247,0.0,2.9731351375579833,3.9025516510009766,0.15982267260551453,0.10193351656198502,0.16870489716529846,0.3697434663772583,-7.618218660354614e-08,3.461045980453491,1.117004382610321,1.1699039462191012,0.3822770118713379,0.5075322985649109,3.260097336769104,1.8485567569732666,-1.969747245311737e-07,2.3438949584960938,0.0,2.8638334035873414,0.9393044680356979,0.014635924249887466,0.08065377175807953,0.1148010790348053,0.3182939291000366,2.0014122128486634e-07,2.3969626426696777,0.8163550688419491,0.9507044373310047,0.45760658383369446,0.4544566869735718,5.35304970741272
164,476.0119127216564,0.7640625,0.7864877844432033,1.8968400955200195,-2.2910535335540771e-07,2.42427396774292,0.0,2.9730759382247927,3.6916978120803834,0.16146737337112427,0.10314282029867172,0.17066752910614014,0.3697274327278137,2.275221049785614e-07,2.987057685852051,1.0654635240323842,1.1301109103913307,0.4435471296310425,0.5063941478729248,6.107765340805054,2.01924467086792,8.381903171539307e-09,2.4967291355133057,0.0,2.8686940670013428,2.233560657501221,0.015243537724018097,0.08056733012199402,0.11462634801864624,0.31849685311317444,-9.138602763414383e-09,3.3303868770599365,0.8741929700132459,1.0501288180008066,0.37883591651916504,0.5152242183685303,6.235539054870605
165,0.07261503389073856,0.7959375,0.5201169872558998,1.9455617666244507,1.317821443080902e-07,2.6425046920776367,0.0,2.9730679273605345,4.198033499717712,0.16199374198913574,0.10281424969434738,0.17108659446239471,0.37050050497055054,-1.1899974197149277e-07,3.852994680404663,1.061731739528477,1.1947923675720467,0.40926679968833923,0.5054548382759094,7.225880479812622,2.5428991317749023,5.494803190231323e-08,2.025475263595581,0.0,2.8719876050949096,1.2317913472652435,0.01644398644566536,0.08053605258464813,0.11456327885389328,0.3187950551509857,-5.2340328693389895e-08,2.2213854789733887,0.7969169342890382,0.9525916888556766,0.3718976676464081,0.4854769706726074,4.210427141189575
166,0.04626993856226521,0.7234375,0.6399054746924003,1.5041247606277466,-8.987262845039368e-08,1.839964509010315,0.0,2.9756194353103638,0.6129763543605804,0.16222499310970306,0.10179068148136139,0.171023890376091,0.3717985451221466,8.130446076393127e-08,4.591885566711426,1.0529245171695947,1.135583415920254,0.40138381719589233,0.4639114439487457,3.447423219680786,1.8496119976043701,1.0337680578231812e-07,2.888502359390259,0.0,2.87497718334198,2.55848708152771,0.015733927488327026,0.08135788142681122,0.11566394567489624,0.3187749683856964,-1.0603107511997222e-07,3.2126502990722656,0.8412935320055113,1.0557314722530236,0.4666202664375305,0.5324181318283081,8.194204616546632
167,0.028598233092574733,0.8103125,0.7530809457475451,2.304189443588257,1.2759119272232056e-07,1.9755207300186157,0.0,2.982598352432251,5.1008689403533936,0.15884540975093842,0.09453563392162323,0.16639725863933563,0.376662939786911,-1.2544915080070495e-07,4.204862594604492,1.0598771478049458,1.1654925270187697,0.3811209797859192,0.5402812957763672,4.465393543243408,1.7882099151611328,1.30385160446167e-07,1.8953710794448853,0.0,2.875832724571228,2.2233824014663695,0.014046622440218925,0.08260239660739899,0.11730733513832092,0.3188042640686035,-1.2954697012901306e-07,2.236682653427124,0.8549373080430087,1.0225762670683338,0.41458868980407715,0.5457897782325745,3.6941334009170532
168,0.02433600779562794,0.8503125,0.8342116356313161,2.373624563217163,5.029141902923584e-08,1.8946619033813477,0.0,2.9855063438415526,4.034024858474732,0.157017782330513,0.09005548804998398,0.16434474289417267,0.3856101632118225,-4.6752393245697024e-08,3.2189784049987793,1.0971272332593798,1.2741921515038508,0.41003847122192383,0.5148720741271973,3.95926456451416,1.7384905815124512,1.5273690223693848e-07,2.148623466491699,0.0,2.8752209901809693,5.127141809463501,0.012288442812860012,0.08366723358631134,0.11869798600673676,0.31942665576934814,-1.453794538974762e-07,3.01129412651062,0.8825058717746288,1.0790817371505297,0.4090467095375061,0.5105557441711426,5.387809991836548
169,492.2866366703356,0.6803125,-0.281872502886045,1.8663966655731201,7.869675755500793e-08,2.634909152984619,0.0,2.9867940187454223,12.919115257263183,0.15698815882205963,0.08897331357002258,0.16430498659610748,0.39008772373199463,-7.832422852516174e-08,3.2141106128692627,1.0090285392012448,1.1360060269984984,0.4723960757255554,0.48337259888648987,11.34773874282837,1.8795219659805298,1.685693860054016e-07,2.0430405139923096,0.0,2.8745092868804933,6.717850685119629,0.010830212384462357,0.08438678085803986,0.11963797360658646,0.32052984833717346,-1.6817357391119002e-07,2.627692222595215,0.8837675785645842,1.0873067740979696,0.415387898683548,0.5419965386390686,5.455767297744751
170,0.06768502737145761,0.9553125,0.7267609943723314,1.6264021396636963,-7.450580596923828e-09,1.8693546056747437,0.0,2.9872455835342406,5.620146799087524,0.1568763703107834,0.08861227333545685,0.16407787799835205,0.3918786346912384,9.289942681789398e-09,3.268946647644043,1.1727563237771392,1.3199102775712617,0.39539939165115356,0.4936752915382385,4.362641525268555,1.7924267053604126,-9.406358003616333e-08,1.8863224983215332,0.0,2.873752474784851,2.5230417013168336,0.01102381944656372,0.08440712839365005,0.11967111378908157,0.32163146138191223,9.555369615554809e-08,3.137563467025757,0.8766199531033635,1.1183229733910096,0.42211970686912537,0.5775564908981323,3.6781804084777834
171,0.035979381779057,0.613125,0.47447526846863647,1.9212703704833984,6.379559636116028e-08,2.531924247741699,0.0,2.986848974227905,4.4324572563171385,0.15685926377773285,0.08842242509126663,0.1639639288187027,0.3925436735153198,-6.742775440216065e-08,3.790858030319214,1.14639497641474,1.238060712149141,0.45163464546203613,0.5446634888648987,6.890386486053467,1.8181053400039673,-1.3969838619232178e-08,2.0371580123901367,0.0,2.87378830909729,0.6891287624835968,0.012576499953866005,0.08382441103458405,0.1189052015542984,0.32275933027267456,1.6950070858001708e-08,2.712479829788208,0.8032012274488807,1.0041542210439283,0.46497365832328796,0.4543144404888153,4.1462082862854
172,0.24100915890293656,0.835625,0.5066732507986199,1.9198416471481323,8.381903171539307e-08,2.0624895095825195,0.0,2.9857035875320435,4.128070640563965,0.1570369452238083,0.08832582831382751,0.16410823166370392,0.3927808105945587,-8.614733815193176e-08,3.3076868057250977,1.1392319408711047,1.2715782457190987,0.41062456369400024,0.5042024850845337,4.642880868911743,1.933932900428772,9.872019290924072e-08,2.0557587146759033,0.0,2.8778011560440064,0.513479933142662,0.00993951316922903,0.08402186632156372,0.11912935227155685,0.3228137791156769,-9.476207196712494e-08,2.6899712085723877,0.8458948419429362,1.034392390950043,0.3775748014450073,0.5189159512519836,4.143521356582641
173,0.11547165972401682,0.7478125,0.36132334142696043,2.105041980743408,7.683411240577698e-08,2.2183072566986084,0.0,2.9830960750579836,1.1585727691650392,0.1575256735086441,0.08841821551322937,0.16463883221149445,0.39290350675582886,-6.693881005048752e-08,3.0593905448913574,1.0241309944540262,1.1399494444531306,0.4359416365623474,0.522743284702301,4.895765495300293,1.5649912357330322,1.3969838619232178e-08,2.6107852458953857,0.0,2.878074312210083,0.6401661932468414,0.004219209309667349,0.08731561154127121,0.1235794723033905,0.32565322518348694,-1.3504177331924438e-08,3.2201755046844482,0.9054438062012196,1.0849855718640162,0.4750058352947235,0.4856991767883301,6.784239816665649
174,0.17883656107450469,0.8846875000000001,0.4941060937016989,2.0712528228759766,1.1455267667770386e-07,2.2725720405578613,0.0,2.9790519952774046,0.5551718413829804,0.1572023630142212,0.08852452039718628,0.1641540378332138,0.3932268023490906,-1.1525116860866547e-07,3.2241933345794678,0.8749325935263187,1.057110971868615,0.4510428011417389,0.48355552554130554,5.0533863544464115,2.01023006439209,-1.4202669262886047e-07,2.1746747493743896,0.0,2.8793270349502564,11.640686988830566,0.003930116072297096,0.09196371585130692,0.1300574690103531,0.3305143117904663,1.4235265552997589e-07,2.7426955699920654,0.8814309289678931,1.073048497864411,0.348766028881073,0.5651676654815674,8.461987590789795
175,28940.026706143213,0.8087500000000001,-0.3080476951893562,1.5820794105529785,-1.1594966053962708e-07,2.1367790699005127,0.0,2.9785451173782347,10.37061710357666,0.153349831700325,0.08709010481834412,0.15992198884487152,0.39416202902793884,1.1553056538105011e-07,2.2471113204956055,0.9140333108603954,1.008140550023862,0.4507167935371399,0.5218361616134644,7.476595115661621,2.0227932929992676,-6.798654794692993e-08,2.170515298843384,0.0,2.880387711524963,1.266598069667816,0.007865711115300655,0.0946691632270813,0.13394328951835632,0.33525633811950684,6.617046892642975e-08,2.441805839538574,0.8107853549532592,0.9539820125726526,0.4012082815170288,0.5797457695007324,4.803797626495362
176,0.18508202261376897,0.7915625000000001,0.52920318892263,2.0225141048431396,5.3085386753082275e-08,2.4936888217926025,0.0,2.9786088705062865,0.5930582344532013,0.15031594038009644,0.08589638769626617,0.15667584538459778,0.3957459330558777,-6.30505383014679e-08,3.044691324234009,1.1751325534190982,1.322653036389394,0.424103319644928,0.5116000175476074,6.041904783248901,1.5271598100662231,1.94646418094635e-07,2.395399808883667,0.0,2.8817583560943603,4.328437995910645,0.008326545357704163,0.09509868919849396,0.13457323610782623,0.3371843993663788,-1.8691644072532653e-07,3.548888921737671,1.013856089208275,1.2001164249648821,0.41756555438041687,0.4906863868236542,6.175973320007325
177,2.653757393642682,0.8559374999999999,0.38583787481019943,1.8500491380691528,1.0710209608078003e-08,2.529186725616455,0.0,2.9774548530578615,1.679105317592621,0.14823800325393677,0.08431234955787659,0.15427160263061523,0.39611661434173584,-1.7415732145309448e-08,2.4551186561584473,0.8646408987231553,0.9724053043515188,0.448417067527771,0.48688867688179016,6.517270565032959,2.162024736404419,3.264285624027252e-07,2.31601881980896,0.0,2.882144260406494,3.4347436666488647,0.008543283678591251,0.09544266015291214,0.13508333265781403,0.3381987512111664,-3.23588028550148e-07,3.3043644428253174,0.8681126709794625,1.0404619026257012,0.44995784759521484,0.47588661313056946,5.834728717803955
178,0.20513826468033408,0.4578125,0.26080810986751496,2.152698278427124,-1.862645149230957e-08,2.8055171966552734,0.0,2.9768911838531493,2.0824981451034548,0.14707250893115997,0.08312404155731201,0.1527898609638214,0.3962548077106476,2.561137080192566e-08,2.713252544403076,1.0424071917310358,1.1694239322467486,0.37938812375068665,0.5539461970329285,7.79838457107544,1.8435842990875244,-3.585591912269592e-08,2.9019346237182617,0.0,2.8814694404602053,2.905836033821106,0.008427081629633904,0.09557393193244934,0.1352732926607132,0.33838748931884766,3.650784492492676e-08,2.022739887237549,0.6987681415397674,0.8725461985656067,0.43586260080337524,0.4668586254119873,8.393605613708496
179,0.10357832623141874,0.4346875,0.22359437358945203,1.9503121376037598,1.1362135410308838e-07,2.231334924697876,0.0,2.9771839141845704,0.5893662095069885,0.14706456661224365,0.08298088610172272,0.15239758789539337,0.3969423770904541,-1.1092051863670349e-07,3.0928573608398438,1.202135063521564,1.314448735242473,0.4147070646286011,0.5202910900115967,4.905968236923218,2.0223615169525146,-3.91155481338501e-08,2.2340054512023926,0.0,2.8811504364013674,1.7971709847450257,0.007714580278843641,0.09501388669013977,0.1344502866268158,0.33825141191482544,3.809109330177307e-08,3.1560535430908203,0.8278396161273122,1.0249125693044088,0.40556037425994873,0.4971024692058563,5.102404689788818
180,42.74740600000392,0.64,0.2826899167236364,1.9750616550445557,-4.377216100692749e-08,2.6486456394195557,0.0,2.977352523803711,1.4617791533470155,0.1493256539106369,0.08359672874212265,0.1542370617389679,0.3991389870643616,4.6938657760620116e-08,3.548924207687378,0.9513642125297338,1.1209762333007462,0.45043066143989563,0.5085313320159912,7.040158939361572,1.9595485925674438,-5.587935447692871e-09,2.4431278705596924,0.0,2.8806312084198,4.100119686126709,0.007101047784090042,0.09444361925125122,0.1336403787136078,0.33870744705200195,7.171183824539185e-09,2.7547130584716797,0.8251957412809133,0.9949781313627286,0.39052867889404297,0.47567588090896606,6.296340656280518
181,1132.7696911695548,0.5603125,-0.7475466965443329,2.0825459957122803,3.026798367500305e-09,2.067093849182129,0.0,2.9780234575271605,2.322147035598755,0.15317365527153015,0.08473602682352066,0.1581694781780243,0.4022294580936432,3.119930624961853e-09,2.815274238586426,0.9989828470163047,1.018446876484536,0.4317297339439392,0.5140629410743713,4.410447216033935,1.985952377319336,-4.936009645462036e-08,1.939176082611084,0.0,2.881645369529724,0.606437599658966,0.007439242675900459,0.09463192522525787,0.13394594192504883,0.3393576741218567,4.6659260988235475e-08,2.199441909790039,0.8001594671048224,0.9649380331242837,0.3733183741569519,0.5240546464920044,3.69654266834259
182,10.110469882846953,0.8259375,0.10868080222822704,1.806401252746582,3.026798367500305e-08,2.401080846786499,0.0,2.9767685651779177,3.6967518091201783,0.15704509615898132,0.08655255287885666,0.1623886078596115,0.40474027395248413,-3.129243850708008e-08,3.165895700454712,1.011598491668701,1.1996436362020522,0.37711215019226074,0.5198400020599365,6.038604402542115,1.9856963157653809,2.2817403078079224e-08,2.6250593662261963,0.0,2.888019061088562,3.631819319725037,0.007276587653905153,0.09446944296360016,0.1337725967168808,0.3399769067764282,-2.3702159523963928e-08,2.252927303314209,0.9007592843845487,1.0495235086080112,0.4250637888908386,0.5100662112236023,7.22679181098938
183,346.9060209545379,0.884375,0.46472789767468914,2.1318578720092773,0.0,2.1031010150909424,0.0,2.9752553939819335,2.663784420490265,0.1587485820055008,0.08756695687770844,0.16412124037742615,0.40621697902679443,-6.752088665962219e-09,3.0773048400878906,0.8907776889856904,0.9836131137238057,0.3878019452095032,0.523740291595459,4.544827699661255,1.7561464309692383,1.4505349099636078e-07,2.2277028560638428,0.0,2.8907257080078126,2.9049476861953734,0.006756394170224667,0.09411482512950897,0.13328705728054047,0.3408776521682739,-1.3727694749832154e-07,2.8235785961151123,0.954702153801918,1.1564166653349621,0.3567273020744324,0.5180716514587402,5.13576717376709
184,0.17012058519431505,0.8556250000000001,0.8687145670390978,1.552855372428894,-7.962808012962341e-08,1.7547414302825928,0.0,2.974534511566162,7.607355403900146,0.16004425287246704,0.08823967725038528,0.16566281020641327,0.40649691224098206,8.172355592250824e-08,3.61773943901062,0.9885216730181128,1.1685469597382858,0.3782021403312683,0.4979947805404663,4.688162612915039,2.1983938217163086,-4.6566128730773926e-09,2.2059876918792725,0.0,2.89120557308197,2.7960112571716307,0.006383837200701237,0.09390862286090851,0.13297511637210846,0.34123125672340393,8.847564458847046e-09,2.6901979446411133,0.8129032680299133,1.02853229746381,0.40696385502815247,0.47718527913093567,5.017486429214477
185,6.968556978648289,0.866875,0.7366407627894436,1.513837218284607,5.168840289115906e-08,2.0210938453674316,0.0,2.9744004011154175,5.429088973999024,0.16105589270591736,0.088702492415905,0.16691730916500092,0.40654823184013367,-4.6938657760620116e-08,3.4547324180603027,1.109169616131112,1.161115850142842,0.42744264006614685,0.4899745285511017,4.912539100646972,2.118908643722534,-4.98257577419281e-08,2.0267395973205566,0.0,2.890763449668884,2.8681216716766356,0.0065591721795499325,0.09396874904632568,0.13305141031742096,0.34124693274497986,4.7171488404273985e-08,2.3100202083587646,0.7494738466106355,0.9313791212463708,0.39979836344718933,0.550605058670044,4.348554468154907
186,0.02463877989204404,0.8487500000000001,0.8306095372909013,1.948501706123352,-2.7939677238464355e-08,2.524045467376709,0.0,2.9747018098831175,1.2300099670886993,0.16097381711006165,0.08862889558076859,0.16677305102348328,0.40673694014549255,3.669410943984985e-08,2.8581345081329346,1.0065288341604173,1.1845933222102545,0.421163946390152,0.49607402086257935,6.354013204574585,2.088475465774536,5.587935447692871e-09,2.0480241775512695,0.0,2.8902759313583375,2.150888240337372,0.006773537956178188,0.09393572807312012,0.13299603760242462,0.3412152826786041,-6.146728992462158e-09,3.378077745437622,0.891300490591675,1.0858042900977434,0.3614831864833832,0.4712223708629608,4.183981227874756
187,0.4833258276177503,0.8153124999999999,0.43321958438574415,1.8758833408355713,-1.587904989719391e-07,2.0369462966918945,0.0,2.975329351425171,3.438231587409973,0.16166511178016663,0.08966318517923355,0.16683577001094818,0.4076448082923889,1.6312114894390107e-07,3.037909746170044,1.1301099810749293,1.247823360089394,0.4106307923793793,0.5608260631561279,4.317416954040527,1.8659108877182007,7.543712854385376e-08,2.436760902404785,0.0,2.8904110908508303,0.9809415698051452,0.00760760810226202,0.09445822983980179,0.13378775119781494,0.34165120124816895,-7.48317688703537e-08,2.294541120529175,0.7756620435975492,0.9665771465209455,0.4328199028968811,0.48819950222969055,5.792940855026245
188,0.04858432423095966,0.9331250000000001,0.7374026882590858,2.071617603302002,-3.725290298461914e-09,2.7580087184906006,0.0,2.974643850326538,0.838629549741745,0.16158312559127808,0.09021465480327606,0.16615524888038635,0.4086827039718628,5.4948031902313236e-09,3.170844554901123,1.0426276340149343,1.2479580046935266,0.4365452527999878,0.5478814244270325,7.484293651580811,1.8722615242004395,7.35744833946228e-08,2.291518211364746,0.0,2.891589879989624,0.9616839826107025,0.011233465746045113,0.09634114801883698,0.1366060972213745,0.3450741767883301,-8.074566721916199e-08,3.0948421955108643,0.9275955601595343,1.1295858499550833,0.37703678011894226,0.5612637400627136,5.268872451782227
189,0.4853318863857453,0.6628125,0.36680880873931365,1.9469637870788574,-1.1408701539039612e-07,2.4296767711639404,0.0,2.9713069915771486,2.8391794681549074,0.16191737353801727,0.09019660204648972,0.1665111631155014,0.4088422656059265,1.219566911458969e-07,3.1087355613708496,1.0142307912930846,1.2011980001859104,0.4249127507209778,0.5300149321556091,5.958165645599365,1.9691272974014282,1.3969838619232178e-07,2.209261655807495,0.0,2.8901676416397093,3.444768023490906,0.013409394770860672,0.09707878530025482,0.13775546848773956,0.3509560823440552,-1.323409378528595e-07,3.0986108779907227,1.0038163692690432,1.0417142995367492,0.4157414734363556,0.517291247844696,5.11608567237854
190,0.4865507735321645,0.8509375,1.0282706331269509,1.7466871738433838,-2.7008354663848877e-08,2.0256564617156982,0.0,2.9700799942016602,4.114690232276916,0.16294032335281372,0.09061430394649506,0.1675775945186615,0.4091862142086029,2.4028122425079346e-08,2.5389745235443115,1.0529890209436417,1.1583859115789026,0.41424280405044556,0.5144665837287903,4.524212503433228,1.8728039264678955,1.103617250919342e-07,2.4898781776428223,0.0,2.8895817041397094,6.637878561019898,0.012652446515858173,0.09669229388237,0.13726085424423218,0.35364219546318054,-1.0868534445762635e-07,2.812676191329956,0.7022035278379917,0.9002423181733391,0.41216543316841125,0.4608196020126343,7.35723557472229
191,582938.9455222475,0.809375,0.16833565921595853,1.8397297859191895,2.2351741790771484e-08,2.345374822616577,0.0,2.9696796894073487,1.4993398487567902,0.16399064660072327,0.09147948026657104,0.16857796907424927,0.4097754657268524,-2.137385308742523e-08,3.582301139831543,1.1382073887623847,1.2170111486238129,0.4334492087364197,0.5816102623939514,5.501562929153442,1.706786036491394,5.9138983488082886e-08,2.62507963180542,0.0,2.88929705619812,6.580433511734009,0.012525804340839386,0.09696486592292786,0.13773441314697266,0.35479599237442017,-5.98374754190445e-08,2.5331432819366455,0.7603491668589413,0.9140824311237336,0.36714881658554077,0.5823444128036499,7.918226909637451
192,30.665435878943413,0.7256250000000001,-0.0325512688613914,1.933651328086853,3.5390257835388184e-08,3.0208146572113037,0.0,2.969890284538269,2.2856331348419188,0.16335567831993103,0.09111934900283813,0.16797152161598206,0.40968504548072815,-3.720633685588837e-08,2.582763195037842,1.014511189283803,1.1083507121911857,0.4354252815246582,0.5251957774162292,9.08386001586914,2.322066068649292,3.725290298461914e-08,2.559239625930786,0.0,2.8893181800842287,3.655568480491638,0.012655623257160187,0.0971832275390625,0.13806480169296265,0.35524412989616394,-3.846362233161926e-08,3.9112958908081055,0.9295309279114008,1.0973590987203687,0.48498740792274475,0.45562854409217834,6.687412214279175
193,3.9424903047163773,0.9178125000000001,0.5721081695636305,1.8012659549713135,8.638016879558563e-08,2.496286153793335,0.0,2.9695791482925413,7.519627571105957,0.1619366854429245,0.09019409120082855,0.16656002402305603,0.4093087911605835,-8.014030754566192e-08,2.5365424156188965,1.0123208550270646,1.1102433385736714,0.4266282320022583,0.5135511755943298,7.664830112457276,2.00909423828125,-1.457519829273224e-07,2.452075481414795,0.0,2.888522744178772,0.6644495487213135,0.012824955396354198,0.09738785773515701,0.13835838437080383,0.3555021286010742,1.4593824744224547e-07,2.898176431655884,0.7511881436686962,0.9538529915021977,0.3666633665561676,0.600624144077301,5.679554462432861
194,0.037756361980053374,0.959375,0.7185882996374489,1.6338443756103516,-7.078051567077637e-08,2.487868309020996,0.0,2.969072937965393,1.464407241344452,0.16106577217578888,0.08967519551515579,0.16564710438251495,0.4090608060359955,6.845220923423767e-08,2.878577470779419,1.0329828126821667,1.2630385970495295,0.38487380743026733,0.5367532968521118,6.205389738082886,2.468905210494995,-4.1443854570388794e-08,2.126802444458008,0.0,2.884667706489563,3.116336631774902,0.014669744297862053,0.09889928251504898,0.14052852988243103,0.35608971118927,3.743916749954224e-08,2.7677664756774902,0.8735021758824587,1.0503834527169087,0.43692344427108765,0.5080005526542664,4.713288164138794
195,0.027603413250612458,0.978125,0.9828994947733214,2.0543439388275146,-3.4924596548080444e-08,2.3951427936553955,0.0,2.969144892692566,3.528307867050171,0.1605072319507599,0.08939992636442184,0.16504429280757904,0.4081590175628662,2.9709190130233763e-08,2.9264769554138184,1.053688978170976,1.2054497805423143,0.354564905166626,0.5608068108558655,5.993899869918823,2.3432986736297607,6.426125764846802e-08,2.267409324645996,0.0,2.8836514234542845,3.307847809791565,0.015849851071834564,0.09998022019863129,0.14205695688724518,0.3568168878555298,-6.09084963798523e-08,2.5333926677703857,0.8434542277827859,1.0082299030105455,0.3718380331993103,0.5226079821586609,5.303841829299927
196,0.05528659232994669,0.8240624999999999,0.5586280489006449,1.9526762962341309,-8.381903171539307e-09,1.9901673793792725,0.0,2.9691006422042845,3.1616630792617797,0.16043880581855774,0.08964689075946808,0.1648828536272049,0.4079073369503021,4.3306499719619754e-09,3.334794521331787,1.0734456666745245,1.2010889187799156,0.37224191427230835,0.5464916229248047,4.137405109405518,1.7056095600128174,4.190951585769653e-08,2.478142261505127,0.0,2.883642840385437,4.144293928146363,0.015992218628525734,0.10017087310552597,0.14234520494937897,0.35717278718948364,-3.8929283618927e-08,3.197122573852539,0.8002663011662662,0.9974322024806979,0.43308621644973755,0.5546393394470215,6.463876867294312
197,0.12634366386751628,0.774375,0.5460105209966313,1.6409358978271484,9.080395102500916e-08,2.2453808784484863,0.0,2.9699681997299194,9.652785396575927,0.16039276123046875,0.09006071835756302,0.16466492414474487,0.4077334702014923,-9.248033165931701e-08,2.809971332550049,0.8754758949391543,1.0337143651949972,0.41358163952827454,0.49316850304603577,7.671657419204712,1.9358296394348145,1.955777406692505e-08,2.723196506500244,0.0,2.884100103378296,2.7576016426086425,0.016638798639178276,0.10061851143836975,0.14304187893867493,0.357530802488327,-1.941807568073273e-08,3.101149559020996,1.0347802862524986,1.1731723330122277,0.503555178642273,0.48365893959999084,7.525195550918579
198,0.6479276807931675,0.7159374999999999,0.20719311894724352,1.9528197050094604,4.936009645462036e-08,2.2678310871124268,0.0,2.970845937728882,2.555713415145874,0.16024458408355713,0.0901811420917511,0.16437338292598724,0.4075758159160614,-4.6566128730773926e-08,2.580051898956299,0.8674997348338366,1.0337873316246025,0.33870038390159607,0.559303879737854,5.250088405609131,1.9247093200683594,-2.1886080503463745e-08,2.1444294452667236,0.0,2.8845163345336915,0.8513997793197632,0.017499160021543503,0.10126727819442749,0.1440572887659073,0.3577311933040619,2.193264663219452e-08,2.477363348007202,0.8408698015846312,0.9997351525329532,0.38938063383102417,0.5309608578681946,4.620339059829712
199,3.8173732938241747,0.7021875,-0.3053530848785,1.7567859888076782,-1.685693860054016e-07,2.4367153644561768,0.0,2.972225475311279,10.163721752166747,0.16112729907035828,0.09094257652759552,0.16522520780563354,0.40784594416618347,1.646229065954685e-07,3.271547317504883,1.0525588343851269,1.056914750753687,0.4305894374847412,0.5310021638870239,8.871375370025635,1.7990128993988037,2.7939677238464355e-08,2.213285446166992,0.0,2.8855523109436034,1.1805161237716675,0.01549921091645956,0.10039031505584717,0.14264871180057526,0.3575734496116638,-2.5890767574310303e-08,2.618337869644165,0.8385391965508461,1.0558130701812551,0.4492368698120117,0.47205355763435364,4.97264142036438
200,0.22165992631700826,0.9256250000000001,0.47445870075706037,1.7455133199691772,7.683411240577698e-08,2.161221504211426,0.0,2.9729812145233154,5.2589057922363285,0.16196545958518982,0.09174374490976334,0.16605356335639954,0.4080597162246704,-7.306225597858429e-08,3.6026103496551514,0.9719561704434454,1.1785518347733699,0.4168737530708313,0.5209637880325317,5.597381544113159,1.6467297077178955,7.82310962677002e-08,2.466834545135498,0.0,2.8877898931503294,1.8365453362464905,0.014048523269593716,0.10013630986213684,0.142312154173851,0.3600761294364929,-8.530914783477783e-08,2.5867931842803955,0.8111596869304776,1.0471974558113464,0.44311487674713135,0.5134641528129578,6.147229146957398
201,0.026921049254982926,0.7321875,0.7248130499084118,2.0090291500091553,1.5459954738616943e-07,1.8603745698928833,0.0,2.973513054847717,2.94478440284729,0.161885067820549,0.09181900322437286,0.16601915657520294,0.40781497955322266,-1.548323780298233e-07,3.903169631958008,1.057430588454008,1.2004710080175711,0.4278396666049957,0.5768628716468811,3.7261311531066896,1.8470245599746704,-1.9185245037078857e-07,2.2177233695983887,0.0,2.8907797574996947,4.1733331203460695,0.015103830024600029,0.10118915140628815,0.14393560588359833,0.3620151877403259,1.930631697177887e-07,2.7674384117126465,0.8169694257900119,1.0003695771133805,0.4419129490852356,0.4819231331348419,5.43262038230896
202,0.045604198034814344,0.7703125,0.5698407017943901,2.122394561767578,2.2025778889656067e-07,2.0892374515533447,0.0,2.973425006866455,2.4888632535934447,0.1616792231798172,0.09127078205347061,0.16606393456459045,0.40751582384109497,-2.2244639694690704e-07,2.370861530303955,0.9666625102981925,1.0969654796968087,0.381622314453125,0.4926643967628479,4.356711959838867,1.804839015007019,1.0849907994270325e-07,2.452302932739258,0.0,2.892620158195496,1.434039008617401,0.016445303335785866,0.10211281478404999,0.14528660476207733,0.36313289403915405,-1.1008232831954956e-07,2.9396488666534424,0.8514787005260587,1.058191452713323,0.47649234533309937,0.5250067710876465,5.959853219985962
203,0.14189229653300933,0.8537500000000001,0.5024156960013091,2.2347705364227295,-1.0989606380462646e-07,2.406783103942871,0.0,2.9741881132125854,2.44157190322876,0.16287516057491302,0.09121169149875641,0.1676197201013565,0.40864282846450806,1.023290678858757e-07,3.358222246170044,1.136041758581996,1.2074173599799631,0.4198291003704071,0.5507415533065796,5.888628530502319,1.989425778388977,-6.891787052154541e-08,2.1460418701171875,0.0,2.8974704504013062,1.5828958451747894,0.015876874327659607,0.10179668664932251,0.1447296440601349,0.3631635904312134,7.080379873514176e-08,2.687030792236328,0.9407633952796459,1.078522024907963,0.47041943669319153,0.45350730419158936,4.62003526687622
204,8.400917968928104,0.7303125,-0.2662999111554285,2.0404229164123535,-4.0978193283081055e-08,2.6955971717834473,0.0,2.9750005483627318,1.671148383617401,0.1635654717683792,0.09161048382520676,0.16832967102527618,0.40993157029151917,4.433095455169678e-08,3.6574761867523193,0.9578745672013611,1.0417394762638081,0.43868911266326904,0.5266492962837219,7.1605206489562985,2.019289970397949,-1.0663643479347229e-07,2.3712146282196045,0.0,2.9020955562591553,5.068769884109497,0.01482481975108385,0.10106942802667618,0.14354801177978516,0.3633835017681122,1.0612420737743378e-07,2.332524061203003,0.8221689062193036,1.0020761183440814,0.41537970304489136,0.4998784065246582,6.115191221237183
205,1.0071085284995096,0.7440625000000001,0.369486629279372,1.6207091808319092,1.0803341865539551e-07,2.1780834197998047,0.0,2.9739166021347048,3.8720500230789185,0.16402505338191986,0.09259822964668274,0.16859617829322815,0.41062313318252563,-1.1101365089416504e-07,2.4491961002349854,0.9837611713446677,1.0476105861455576,0.4243325889110565,0.490060031414032,5.0826434135437015,1.7099676132202148,8.987262845039368e-08,2.5516273975372314,0.0,2.9052709341049194,0.5614267230033875,0.013879859820008278,0.1004023402929306,0.14254969358444214,0.36429426074028015,-9.157229214906693e-08,2.218775510787964,0.7520710510201752,0.9121461640519902,0.4447466731071472,0.49035152792930603,6.282833576202393
206,0.17847613878260465,0.575,0.4016212057340852,2.051203727722168,-1.1175870895385742e-07,2.8145694732666016,0.0,2.974023127555847,4.295291519165039,0.16450026631355286,0.09365575015544891,0.16900134086608887,0.41086822748184204,1.1669471859931946e-07,2.4197826385498047,0.7997000982053578,0.8804496055494558,0.40043649077415466,0.5723272562026978,8.48254690170288,1.8434170484542847,3.259629011154175e-08,2.4921038150787354,0.0,2.909505772590637,1.3742659926414489,0.01181495189666748,0.09992209076881409,0.1418394148349762,0.3653348982334137,-2.991873770952225e-08,3.077881336212158,0.8703120611608028,1.0900085159415591,0.40096667408943176,0.5012744665145874,6.139753627777099
207,0.4460199394440176,0.85625,0.36607445257270854,1.682550072669983,-3.91155481338501e-08,2.3788340091705322,0.0,2.9728954792022706,0.6707947015762329,0.1640736609697342,0.09376811981201172,0.16856113076210022,0.41080182790756226,3.585591912269592e-08,3.235957622528076,0.9245246164035053,1.0267923683659255,0.45452919602394104,0.4901258051395416,5.517107009887695,1.8183706998825073,2.8405338525772095e-08,2.6468417644500732,0.0,2.913824462890625,2.5724986791610718,0.00915536843240261,0.0994110107421875,0.14114879071712494,0.3678777515888214,-2.1746382117271425e-08,3.4113481044769287,0.9296231556683778,1.1577441161300517,0.40678760409355164,0.5342047214508057,6.99254469871521
208,0.36362066897191614,0.593125,0.3976919559984412,2.289889335632324,3.725290298461914e-08,2.4870965480804443,0.0,2.9671175479888916,6.3289117336273195,0.16751837730407715,0.09609751403331757,0.17226997017860413,0.4133022129535675,-4.0978193283081055e-08,4.0070929527282715,1.0340632274746895,1.0546428705949533,0.4451828598976135,0.5608888864517212,7.058799505233765,2.323655605316162,6.705522537231445e-08,2.3099637031555176,0.0,2.91672043800354,9.647932147979736,0.007303819991648197,0.09893408417701721,0.14053486287593842,0.3700161278247833,-6.527407094836236e-08,2.1634459495544434,0.7006287620868534,0.8551371245168269,0.3334391415119171,0.5432420969009399,8.001278400421143
209,35.984045496710735,0.9075,0.20301592460331785,1.9796284437179565,-9.080395102500916e-08,2.4480934143066406,0.0,2.9641255140304565,2.5460436820983885,0.17035716772079468,0.09813081473112106,0.17526943981647491,0.4160615801811218,9.32253897190094e-08,3.272592544555664,0.9784428536891937,1.1838705835919279,0.4384022355079651,0.518075704574585,6.118920230865479,2.0742993354797363,5.960464477539063e-08,2.347280979156494,0.0,2.9184454441070558,2.062854290008545,0.0068136355839669704,0.09876997768878937,0.1403304636478424,0.37131181359291077,-5.662441253662109e-08,3.005049705505371,0.8088994087418542,1.0708087196926073,0.4000898599624634,0.5186806917190552,5.59570198059082
210,1.6770865537707844,0.780625,0.07132555631764137,2.0628502368927,4.1443854570388794e-08,2.4578940868377686,0.0,2.964099884033203,2.402876543998718,0.17037279903888702,0.09829798340797424,0.17514237761497498,0.4167235195636749,-4.1257590055465696e-08,3.473541259765625,0.8578645289875567,1.0721881055545703,0.3839587867259979,0.6076176762580872,6.134000492095947,2.0959243774414062,9.499490261077881e-08,2.466442108154297,0.0,2.9191234350204467,0.6930273622274399,0.005926933139562607,0.09874829649925232,0.14034520089626312,0.3721560537815094,-9.918585419654846e-08,2.647148370742798,0.8456654678098857,1.0554505177541775,0.3707473874092102,0.5881611108779907,5.8327172756195065
211,0.5848277120332541,0.8240624999999999,0.4111496979857465,2.7598800659179688,7.729977369308472e-08,2.1859002113342285,0.0,2.9674689054489134,0.5419249296188354,0.16935981810092926,0.09821260720491409,0.1737971156835556,0.41650235652923584,-7.385388016700744e-08,3.679396629333496,1.0406049590557813,1.0853047141196117,0.39618077874183655,0.541283130645752,4.785124683380127,1.9677772521972656,2.421438694000244e-08,2.9627366065979004,0.0,2.9167413234710695,4.878244066238404,0.005924629047513008,0.09836727380752563,0.1399116963148117,0.37288251519203186,-2.6915222406387328e-08,2.361788272857666,0.8584201842546463,1.0448734665258206,0.45550286769866943,0.45509523153305054,9.31509714126587
212,883.4885929665736,0.47874999999999995,-0.101463653926026,2.556688070297241,1.695007085800171e-07,2.0929629802703857,0.0,2.974073600769043,1.4012416362762452,0.17005480825901031,0.09991513192653656,0.17415764927864075,0.4190416634082794,-1.7739366739988326e-07,3.844525098800659,0.9600935899652541,1.1774440149354504,0.41536352038383484,0.5466908812522888,4.4488091468811035,2.0189778804779053,3.166496753692627e-08,2.5900895595550537,0.0,2.9157775163650514,1.8664263010025024,0.007744258269667625,0.09809394180774689,0.1396234631538391,0.37513014674186707,-3.771856427192688e-08,2.214385747909546,0.8416692796628922,1.0001050923994208,0.44792354106903076,0.5289422273635864,6.8149364471435545
213,36.63294633166742,0.8237500000000001,0.27492128317439773,2.1452322006225586,-5.774199962615967e-08,1.891318917274475,0.0,2.9794365644454954,5.75257887840271,0.17128244042396545,0.10011357814073563,0.17560167610645294,0.42262277007102966,5.639158189296722e-08,2.659839391708374,0.9740619251504541,1.0707741832459818,0.4022887349128723,0.5865620970726013,4.5241528987884525,1.8291224241256714,2.2165477275848389e-07,2.307159662246704,0.0,2.917142701148987,4.519370079040527,0.008984062820672989,0.09814074635505676,0.1396864801645279,0.3762986361980438,-2.2220774553716183e-07,3.6562294960021973,0.8168995977845043,1.0526086119376792,0.38659265637397766,0.5582034587860107,5.765375137329102
214,0.7824677954405993,0.6925,0.15916203832835119,1.9057319164276123,-5.960464477539063e-08,2.6008098125457764,0.0,2.9824804782867433,2.892847466468811,0.17203857004642487,0.0995035320520401,0.1766856610774994,0.42539721727371216,5.736947059631348e-08,2.650175094604492,0.9072353221476078,0.9577640126121482,0.46476927399635315,0.4609796404838562,6.942071485519409,2.423999309539795,-6.146728992462158e-08,2.128180742263794,0.0,2.918148946762085,5.989752578735351,0.009517611935734749,0.09802941977977753,0.13949428498744965,0.3767164349555969,6.086193025112152e-08,2.9420063495635986,0.9734752763062715,1.1915943557010684,0.35197779536247253,0.527474582195282,5.499195766448975
215,1.270546716708184,0.6415624999999999,0.27393991227218467,1.8907479047775269,2.3748725652694702e-08,2.539196014404297,0.0,2.9850541830062864,1.9921314358711242,0.1718311756849289,0.09910065680742264,0.1766461580991745,0.4263087213039398,-2.5797635316848754e-08,2.9957571029663086,1.0365950314328074,1.1669784764803832,0.37483447790145874,0.5210267901420593,6.37793927192688,1.702022671699524,-1.3317912817001343e-07,2.340466022491455,0.0,2.9188271284103395,3.661120820045471,0.009435568936169147,0.09775488078594208,0.1391063630580902,0.37691399455070496,1.3494864106178284e-07,3.7743945121765137,1.01142236860469,1.248553767793682,0.3905506730079651,0.5444067120552063,5.5447762966156
216,775.8427188517455,0.8409375000000001,-0.33554690148483096,1.5760060548782349,1.6624107956886292e-07,2.5867512226104736,0.0,2.985354471206665,4.015801572799683,0.1734006702899933,0.09944412112236023,0.17881298065185547,0.42676711082458496,-1.687556505203247e-07,4.529147624969482,1.0546672931872307,1.2688580897506847,0.42735666036605835,0.4614620804786682,7.064234781265259,2.028353452682495,2.0489096641540527e-08,2.3203346729278564,0.0,2.919818472862244,0.9748203158378601,0.00929105095565319,0.0975101888179779,0.13877135515213013,0.3770644962787628,-9.033828973770141e-09,2.6319661140441895,0.8065599638037384,0.9856339383145049,0.4482622742652893,0.4550437331199646,5.5753062725067135
217,0.08467962614873861,0.6356249999999999,0.5079030637388788,2.181708335876465,1.1175870895385742e-08,1.9554293155670166,0.0,2.9856673002243044,6.3213132381439205,0.17523527145385742,0.09996741265058517,0.18115679919719696,0.4277237057685852,-7.473863661289215e-09,3.166926383972168,0.9814859454054385,1.1681623193939665,0.4200400412082672,0.4719100594520569,4.867897891998291,1.7955063581466675,-6.984919309616089e-09,2.5553505420684814,0.0,2.9225029706954957,0.6120443046092987,0.009624996222555637,0.09769169986248016,0.13907824456691742,0.37701836228370667,8.475035429000854e-09,2.975339412689209,0.824191410234198,0.9906319769997368,0.43785637617111206,0.5278393626213074,6.465582418441772
218,0.06169948947568129,0.8543749999999999,0.5732236362678077,1.8224989175796509,1.1874362826347351e-07,2.3862686157226562,0.0,2.985786557197571,2.5055380344390867,0.1757928431034088,0.09999188035726547,0.18185178935527802,0.42851927876472473,-1.1753290891647339e-07,2.4515116214752197,0.8843290274962783,0.9410801949995774,0.4146195650100708,0.4513927698135376,5.805772161483764,2.0920114517211914,5.820766091346741e-08,2.107252836227417,0.0,2.927359199523926,0.8930581748485565,0.01288900151848793,0.09905582666397095,0.14130398631095886,0.37849879264831543,-5.513429641723633e-08,2.378232955932617,0.8498981168493629,1.0081129096372952,0.46926939487457275,0.483707994222641,4.4105456352233885
219,210939.17359957876,0.7371875,-0.0781237422161689,1.5705151557922363,2.421438694000244e-08,2.4811792373657227,0.0,2.984776020050049,6.662337398529052,0.1757352650165558,0.09959722310304642,0.1817852109670639,0.428842157125473,-2.1979212760925294e-08,3.455051898956299,1.0584735511802137,1.2153762534001693,0.4966874122619629,0.4436413049697876,7.487617111206054,2.047574520111084,-5.960464477539063e-08,1.972240924835205,0.0,2.931391978263855,2.8908588171005247,0.017911570146679878,0.10080348700284958,0.14412908256053925,0.38203728199005127,6.221234798431396e-08,2.5271542072296143,0.8227677969262004,0.9797983973147527,0.40076103806495667,0.5314871072769165,4.017390465736389
220,0.5328692892891292,0.62375,-0.05341752926877054,2.110562324523926,1.4901161193847656e-08,2.067244529724121,0.0,2.98408727645874,3.3299766302108766,0.17598259449005127,0.09949040412902832,0.1819809377193451,0.4290928244590759,-9.802170097827912e-09,3.1866366863250732,0.9980463446583598,1.1473298333125217,0.39029577374458313,0.5205471515655518,4.5555013656616214,1.2426879405975342,1.7695128917694092e-08,2.034252643585205,0.0,2.9339364051818846,7.2417220115661625,0.02156677097082138,0.10194522142410278,0.14597590267658234,0.3857606053352356,-2.3725442588329317e-08,3.0360279083251953,0.8691038515418767,1.0688557036141917,0.40112048387527466,0.4810488522052765,5.60637059211731
221,0.026764192087181206,0.7090625,0.6818141815519325,1.990653395652771,-1.1734664440155029e-07,2.045494318008423,0.0,2.9847368001937866,5.779937219619751,0.1767064481973648,0.09987235069274902,0.1826963722705841,0.4292495548725128,1.2284144759178162e-07,4.224812030792236,1.0458055710885674,1.1908148893747328,0.4319172501564026,0.4563177824020386,5.025669193267822,2.200216293334961,-2.2817403078079224e-08,2.441039800643921,0.0,2.9357941865921022,1.0906310617923736,0.022764818742871284,0.102203369140625,0.14642922580242157,0.38769248127937317,2.6356428861618043e-08,2.837831974029541,0.8300161564722657,1.0351866643525578,0.3334318697452545,0.5340107679367065,5.911725997924805
222,1.0256215595970701,0.7665625,0.4493583075815982,1.8757541179656982,-6.845220923423767e-08,2.297290802001953,0.0,2.9850501537323,0.7720534443855286,0.1774999052286148,0.10035780817270279,0.1834980845451355,0.4293942153453827,6.738118827342987e-08,2.9350745677948,0.9915203779935837,1.060938465127292,0.3687407672405243,0.48408108949661255,5.157958030700684,1.8729914426803589,5.3085386753082275e-08,2.367539644241333,0.0,2.937942957878113,1.1533947587013245,0.024339506402611732,0.10283751785755157,0.14752018451690674,0.38900765776634216,-5.895271897315979e-08,2.6333582401275635,0.825029066845309,1.0316316621048975,0.42969322204589844,0.5087657570838928,5.647224378585816
223,6.92197155671983,0.5321875,0.2003460270389164,1.563968300819397,-5.960464477539063e-08,2.473489761352539,0.0,2.984616231918335,2.1693493008613585,0.17569445073604584,0.09997017681598663,0.18139448761940002,0.42954444885253906,5.2759423851966857e-08,3.741654396057129,1.1215614480897784,1.242619826889571,0.41457054018974304,0.5335848927497864,6.17194676399231,1.9315725564956665,-6.05359673500061e-08,2.2514684200286865,0.0,2.9411131858825685,6.4996544361114506,0.024812888354063034,0.10271550714969635,0.14738915860652924,0.3909236192703247,5.629844963550568e-08,3.2648580074310303,0.9057249973062426,1.1047314650499844,0.3321365714073181,0.5075369477272034,6.334822130203247
224,0.14519025462889681,0.799375,0.46293566398402375,1.8480970859527588,-2.1886080503463745e-08,2.8710689544677734,0.0,2.9842140913009643,2.199481654167175,0.17355316877365112,0.09921294450759888,0.17899130284786224,0.4296383857727051,2.905726432800293e-08,4.721346855163574,1.16202445756644,1.306165227290409,0.38500383496284485,0.5785630941390991,8.262441158294678,2.1332507133483887,-5.075708031654358e-08,2.5222792625427246,0.0,2.9426668643951417,4.218285036087036,0.024256691336631775,0.10220417380332947,0.14659985899925232,0.39211615920066833,5.168840289115906e-08,2.693444013595581,0.9232304544188082,1.054840970343781,0.3785040080547333,0.5298396944999695,6.740061235427857
225,0.13112111258908601,0.7825,0.43333960021839496,2.2277140617370605,8.335337042808533e-08,1.880560040473938,0.0,2.9839121103286743,1.3456521153450012,0.17287977039813995,0.09868812561035156,0.17813634872436523,0.42948076128959656,-8.111819624900817e-08,3.2686662673950195,1.0861106310039759,1.2072887741393838,0.4043564200401306,0.4779626429080963,3.561231994628906,2.707465648651123,9.359791874885559e-08,2.2436516284942627,0.0,2.9422945022583007,6.156765508651733,0.024351634085178375,0.10236947238445282,0.14683108031749725,0.3926893174648285,-9.080395102500916e-08,2.7594923973083496,0.932288913615048,1.152689715665771,0.39604806900024414,0.5321647524833679,5.964114761352539
226,0.02775805340335155,0.875625,0.9434551849474928,2.05824875831604,5.4016709327697754e-08,2.3457131385803223,0.0,2.9846434593200684,1.6380874276161195,0.17161104083061218,0.09764759242534637,0.1765986531972885,0.428609162569046,-6.444752216339112e-08,2.9311723709106445,1.2452372747007758,1.3739863731736721,0.42196786403656006,0.6063962578773499,5.5178369045257565,2.0472421646118164,4.423782229423523e-08,1.7268931865692139,0.0,2.9419894456863402,3.160654330253601,0.02457810752093792,0.10260723531246185,0.14717240631580353,0.39304640889167786,-4.931353032588959e-08,2.9012231826782227,0.9324082741979509,1.1661103211078918,0.3153609037399292,0.6010094881057739,3.2249766111373903
227,0.06741317566612433,0.740625,0.716018608177935,1.7796396017074585,-4.98257577419281e-08,2.9949371814727783,0.0,2.9796956300735475,0.7017060399055481,0.17320242524147034,0.09849560260772705,0.17818091809749603,0.4292978346347809,4.577450454235077e-08,3.4638047218322754,1.0783869488164783,1.2160999324386645,0.4215526580810547,0.5354770421981812,8.697811031341553,1.7000563144683838,9.499490261077881e-08,2.2845077514648438,0.0,2.941136956214905,12.500010299682618,0.024580877274274826,0.10277014970779419,0.14740630984306335,0.393225759267807,-9.434297680854797e-08,2.6046104431152344,0.9445461188443005,1.1422577181668325,0.40753763914108276,0.513680636882782,10.116319561004639
228,0.05831171606944062,0.684375,0.41055284291945604,2.074936866760254,-4.0978193283081055e-08,2.6110918521881104,0.0,2.97769410610199,2.715413284301758,0.1782255470752716,0.10196080803871155,0.18331089615821838,0.4322296679019928,3.8929283618927e-08,3.0118236541748047,0.9593288018368185,1.0473035342909727,0.39910221099853516,0.4607541263103485,6.942893028259277,2.102867364883423,4.656612873077393e-10,2.4376401901245117,0.0,2.9408802032470702,1.789383554458618,0.024644235149025917,0.10292195528745651,0.1476423144340515,0.3932853639125824,7.450580596923829e-10,2.6547043323516846,0.7948764149099589,0.9312487755952833,0.38725414872169495,0.5038134455680847,5.753113079071045
229,3.029441141295635,0.6459374999999999,-0.2746255609451446,2.077775478363037,1.1175870895385742e-08,2.1131575107574463,0.0,2.9785988092422486,4.815946388244629,0.18003955483436584,0.10366887599229813,0.18503119051456451,0.4339052438735962,-9.778887033462524e-09,3.226855516433716,1.2226393642835318,1.2365884559348448,0.42794597148895264,0.540256917476654,5.093643283843994,1.9400699138641357,7.35744833946228e-08,2.389695882797241,0.0,2.941473889350891,1.2407779693603516,0.026202866807579994,0.10377573221921921,0.14904586970806122,0.39325401186943054,-6.509944796562195e-08,2.7460596561431885,0.7433483190368861,0.9652172926283782,0.36164623498916626,0.5641201138496399,5.570040512084961
230,0.33875065333036797,0.9409375000000001,0.5273088062784548,1.6433637142181396,-1.257285475730896e-08,2.4364993572235107,0.0,2.979427433013916,3.978577136993408,0.18020370602607727,0.10438138991594315,0.18502351641654968,0.43437379598617554,8.05594027042389e-09,2.917222023010254,1.123364117462188,1.2572649251089503,0.4006584584712982,0.45850861072540283,6.135196828842163,1.761569619178772,-2.1606683731079102e-07,2.466318130493164,0.0,2.9436883687973023,2.3102701902389526,0.028646869584918022,0.1056995540857315,0.1519705057144165,0.39330872893333435,2.185814082622528e-07,2.062087297439575,0.8082021567039192,0.9611775007115672,0.44476115703582764,0.5202823281288147,6.277124691009521
231,0.3237204323870194,0.7046875,0.3066502685947329,1.7817326784133911,9.313225746154785e-10,2.8221075534820557,0.0,2.981046366691589,3.174831581115723,0.17982451617717743,0.10465063154697418,0.18449322879314423,0.4342018961906433,4.703179001808166e-09,3.0523366928100586,1.0579592902213335,1.2215873036245237,0.4046398103237152,0.5532932281494141,8.065706396102906,1.9922233819961548,1.2665987014770508e-07,2.053375244140625,0.0,2.945270299911499,0.9540010631084442,0.03086310252547264,0.10732640326023102,0.15447331964969635,0.39359307289123535,-1.3113021850585939e-07,2.6375951766967773,0.8751350532285869,1.073590171190483,0.36043524742126465,0.5458716154098511,4.210903310775757
232,0.25570755454631416,0.714375,0.1833268916149866,2.249685287475586,-1.955777406692505e-08,2.3804116249084473,0.0,2.981298232078552,5.28822512626648,0.17927654087543488,0.105065256357193,0.18377746641635895,0.4336644411087036,2.3096799850463868e-08,3.3412532806396484,1.037983843218535,1.1841372886532855,0.3676568269729614,0.5138970613479614,6.326444625854492,1.6109898090362549,3.725290298461914e-09,2.716508388519287,0.0,2.9491532325744627,2.683255195617676,0.02791399136185646,0.10577715933322906,0.151896670460701,0.3945671617984772,-3.4924596548080444e-10,3.5343985557556152,0.8146396322175861,1.0627059506983985,0.4153877794742584,0.5080320835113525,7.515034484863281
233,0.038333173598478446,0.7490625,0.5431980668063525,1.76192045211792,-2.60770320892334e-08,2.1696832180023193,0.0,2.9805813074111938,0.4106402605772018,0.17909660935401917,0.10555261373519897,0.1835399866104126,0.43343400955200195,1.6763806343078613e-08,3.243807792663574,1.0521284000948072,1.1216975993925649,0.366083025932312,0.4783188998699188,4.612881517410278,2.288029432296753,-1.6763806343078613e-08,2.5819246768951416,0.0,2.9513890743255615,1.1822124898433686,0.025226857513189316,0.10448692739009857,0.14975786209106445,0.39671459794044495,1.6670674085617064e-08,2.5499041080474854,0.9520831938832999,1.1431115001717054,0.44577568769454956,0.48474860191345215,6.363403940200806
234,0.0673381032047583,0.3015625,0.189193406097797,2.3634021282196045,6.51925802230835e-08,1.8759475946426392,0.0,2.9792184829711914,6.573859834671021,0.17932593822479248,0.10654159635305405,0.18354548513889313,0.4357525706291199,-6.491318345069886e-08,3.8066530227661133,0.9188017619773745,1.1096692209733068,0.3553692102432251,0.5175536274909973,4.66407151222229,1.9632806777954102,7.078051567077637e-08,2.367802619934082,0.0,2.9528984785079957,4.568731069564819,0.024337761104106903,0.10404173284769058,0.14923708140850067,0.3976021409034729,-6.556510925292969e-08,2.994739055633545,0.7856548488140106,1.0715099096484153,0.4025975465774536,0.5056653618812561,6.161771535873413
235,0.16789492116420252,0.8371875,0.5844318474260184,1.535656213760376,-4.284083843231201e-08,2.4400548934936523,0.0,2.9788890361785887,1.8566788911819458,0.17934146523475647,0.1074613556265831,0.18342411518096924,0.43820977210998535,4.32133674621582e-08,3.313997268676758,0.9789676425978542,1.0622670904614786,0.33791399002075195,0.5283970832824707,5.9519278049469,2.155444622039795,-8.195638656616211e-08,2.337202310562134,0.0,2.954286479949951,3.677681875228882,0.023281056433916092,0.10330897569656372,0.1483515053987503,0.3984549939632416,8.735805749893188e-08,3.7875521183013916,0.9335369447246193,1.1931193573345689,0.38924670219421387,0.5342674851417542,5.615155410766602
236,0.1825727198641226,0.6403125,0.3744826011210301,1.5901718139648438,-1.685693860054016e-07,2.550607681274414,0.0,2.9801915168762205,1.1812435984611511,0.17779624462127686,0.10698003321886063,0.18193784356117249,0.4376101493835449,1.7294660210609435e-07,3.161238431930542,1.0492195220664144,1.1501149915978321,0.35810941457748413,0.54513019323349,6.456236171722412,2.408836603164673,-1.0523945093154907e-07,1.8981801271438599,0.0,2.955649733543396,4.785694980621338,0.02279374562203884,0.10312433540821075,0.14806325733661652,0.39891600608825684,1.0635703802108765e-07,3.682887077331543,0.9389247617684304,1.151211748368941,0.41397935152053833,0.5008406639099121,4.157234764099121
237,3.085111800149613,0.95625,0.6236828751171931,1.7117340564727783,3.67872416973114e-08,2.178518533706665,0.0,2.98505437374115,1.6748926401138307,0.17635707557201385,0.1059747040271759,0.18077127635478973,0.43663182854652405,-3.67872416973114e-08,3.8685455322265625,1.0352610878646373,1.1541724676709377,0.38342154026031494,0.5388136506080627,4.682929849624633,2.0250539779663086,-8.288770914077759e-08,2.088775157928467,0.0,2.956206130981445,5.274526357650757,0.02252514287829399,0.10317773371934891,0.1480807065963745,0.39909330010414124,7.80448317527771e-08,3.3325917720794678,0.9940033450722694,1.2007225324648856,0.432140588760376,0.4632278382778168,5.254731512069702
238,1.1468693631798463,0.721875,0.441479034309061,1.7915643453598022,-9.313225746154785e-10,2.077448844909668,0.0,2.9866918087005616,1.6522915005683898,0.1740736961364746,0.10417541861534119,0.17881233990192413,0.4343114495277405,1.3504177331924438e-09,2.805802345275879,1.0030176626518368,1.1451038950523815,0.44445541501045227,0.5215817093849182,4.475251960754394,1.6145583391189575,-9.313225746154785e-10,2.4355359077453613,0.0,2.9563361167907716,3.2363887071609496,0.022749708965420723,0.1034073680639267,0.14839613437652588,0.3992384076118469,1.5832483768463134e-09,2.9628090858459473,0.8366386095061898,1.0013966320101386,0.420185387134552,0.5455136299133301,6.141066837310791
239,0.02472610169228323,0.7759375000000001,0.6956078828956667,1.9185618162155151,7.12461769580841e-08,2.4704749584198,0.0,2.9839841604232786,0.6755478501319885,0.17171581089496613,0.10166782140731812,0.1766340285539627,0.4330349266529083,-7.180497050285339e-08,2.7756717205047607,1.077952354028821,1.259920024963161,0.42602092027664185,0.48337656259536743,6.200778341293335,1.6727569103240967,-6.332993507385254e-08,2.481114149093628,0.0,2.955936145782471,3.5249948501586914,0.022568022832274437,0.10325127094984055,0.14813292026519775,0.39940887689590454,5.9138983488082886e-08,3.4600119590759277,0.9076704418286681,1.1308538570505635,0.4451272189617157,0.5447879433631897,6.395620346069336
240,2.877429660211537,0.9009374999999998,0.3246490201150444,2.1965181827545166,-6.51925802230835e-09,1.9818298816680908,0.0,2.982940196990967,4.31771297454834,0.16725537180900574,0.09775534272193909,0.17285005748271942,0.4294346272945404,9.033828973770141e-09,3.0867936611175537,1.0523801505565644,1.1073795045060484,0.4028508961200714,0.526388943195343,4.32155213356018,1.7895851135253906,1.364387571811676e-07,2.819091796875,0.0,2.9558362483978273,3.2429901123046876,0.022254446521401405,0.10302997380495071,0.14780469238758087,0.3996048867702484,-1.3578683137893678e-07,2.870082139968872,0.8184158721938729,1.0005883903880157,0.4438929259777069,0.5288136005401611,8.01350679397583
241,0.35091205376530865,0.85625,0.2888095579176378,2.859591484069824,-4.284083843231201e-08,2.2948148250579834,0.0,2.9839602947235107,3.4539056539535524,0.1640806645154953,0.09521500021219254,0.1701810508966446,0.4295016825199127,3.175809979438782e-08,2.9470763206481934,1.0431802422739564,1.1514126805700993,0.3988492488861084,0.5384741425514221,5.4242640972137455,1.8449316024780273,1.5087425708770752e-07,1.7741894721984863,0.0,2.956192874908447,9.133577823638916,0.02186833694577217,0.10289210081100464,0.14760836958885193,0.39976686239242554,-1.5711411833763121e-07,2.7363877296447754,0.80476592509076,1.0136937075744559,0.32679253816604614,0.5474923253059387,5.4047935009002686
242,0.04725114765899199,0.7434375,0.4981579270881237,2.026660442352295,-1.5273690223693848e-07,2.021977424621582,0.0,2.9867813110351564,5.633701610565185,0.16296663880348206,0.0942557230591774,0.1691485494375229,0.43065473437309265,1.4994293451309204e-07,3.1487643718719482,0.9352700446732343,1.1108965616498845,0.3809126317501068,0.5394808053970337,4.879574251174927,1.6027730703353882,-1.3923272490501404e-07,2.1424643993377686,0.0,2.956867742538452,5.366386413574219,0.021172357723116875,0.10264486074447632,0.14721710979938507,0.3999232053756714,1.3583339750766754e-07,2.549316167831421,0.7700237152632325,0.964461234331058,0.37924444675445557,0.5153936147689819,5.493287372589111
243,114.03656481628563,0.8278125000000001,0.24294905624559796,1.8047157526016235,-8.568167686462402e-08,1.8119090795516968,0.0,2.989201307296753,3.8672790050506594,0.1625719517469406,0.09396930783987045,0.16876491904258728,0.4313560426235199,8.530914783477783e-08,2.705864667892456,0.945267790183425,1.072039943934929,0.31897222995758057,0.5581726431846619,3.667124104499817,2.0362355709075928,1.6670674085617065e-07,2.305018424987793,0.0,2.9573181867599487,4.095959210395813,0.020610135048627853,0.1024194061756134,0.1468609869480133,0.40007656812667847,-1.6577541828155518e-07,3.1102828979492188,0.9855804484337568,1.2072488148886154,0.42669564485549927,0.48044222593307495,5.71523494720459
244,0.053951213644683915,0.6231249999999999,0.49206672984896577,1.6224493980407715,-2.4493783712387085e-07,2.4652230739593506,0.0,2.9898991346359254,6.180803060531616,0.16122232377529144,0.09369970858097076,0.16768577694892883,0.4287017583847046,2.4489127099514007e-07,3.107496976852417,1.0245514074806124,1.1218410154525158,0.4419666528701782,0.46699365973472595,7.0289898872375485,1.8877527713775635,-1.0570511221885681e-07,1.9116297960281372,0.0,2.9564507961273194,1.846923053264618,0.02100864239037037,0.10257978737354279,0.14715516567230225,0.4001866579055786,1.0388903319835663e-07,2.4454057216644287,0.9060319784795865,1.1213406366955616,0.40308690071105957,0.47580575942993164,3.820059609413147
245,0.09197252592927455,0.6199999999999999,0.461795019701027,2.0853641033172607,-5.029141902923584e-08,2.6544485092163086,0.0,2.990419054031372,4.414060592651367,0.159916952252388,0.0933423787355423,0.16669119894504547,0.4267834722995758,4.6659260988235475e-08,2.9111196994781494,0.9604681412223727,0.9457224166963427,0.382099986076355,0.5524959564208984,7.509353113174439,1.7063485383987427,8.66129994392395e-08,2.4826736450195312,0.0,2.952606463432312,2.3242764472961426,0.021205827593803406,0.10283015668392181,0.1476484090089798,0.40032175183296204,-8.968636393547058e-08,2.775207042694092,0.8477131089661271,1.0438035514354358,0.43032896518707275,0.4945226311683655,6.196380472183227
246,0.02223794053600856,0.7653125,0.8121690143374206,1.6500282287597656,7.543712854385376e-08,2.0984678268432617,0.0,2.991152858734131,1.7703850030899049,0.1601078063249588,0.09340040385723114,0.16685393452644348,0.42782068252563477,-7.334165275096893e-08,3.2957053184509277,0.9036565575748682,1.0583268553607028,0.44017067551612854,0.469179630279541,4.386481523513794,2.493239402770996,-5.122274160385132e-08,1.9474557638168335,0.0,2.9495205640792848,8.265957736968994,0.021120881661772728,0.10305953025817871,0.1480160653591156,0.40043866634368896,3.902241587638855e-08,3.1510281562805176,0.7194084302987903,0.822555510035763,0.3677203953266144,0.5627086162567139,5.767350435256958
247,1.5889085050712364,0.8553124999999999,0.4781713390433045,1.807724952697754,-7.497146725654602e-08,2.6279337406158447,0.0,2.995405983924866,0.5009319394826889,0.16084986925125122,0.09372948855161667,0.16747117042541504,0.4294324517250061,6.686896085739135e-08,3.5737154483795166,0.9914860963821411,1.193226737147496,0.4343392252922058,0.49853697419166565,6.786097049713135,1.8819056749343872,-1.3364478945732117e-07,1.9323991537094116,0.0,2.948983836174011,0.3926130086183548,0.021331334486603737,0.10320711135864258,0.14823754131793976,0.40045836567878723,1.3280659914016723e-07,2.2054061889648438,0.808155377721414,0.9562362653698071,0.39040783047676086,0.5381900072097778,3.5845206499099733
248,0.21058361622059954,0.8609375,0.28509228500409267,2.180144786834717,-6.612390279769897e-08,2.3487308025360107,0.0,2.999494695663452,0.5437038660049438,0.16019588708877563,0.09378524124622345,0.16665665805339813,0.4278531074523926,6.526242941617966e-08,3.022380828857422,0.927277497202158,1.0665998338599885,0.44447579979896545,0.5526524782180786,5.368099021911621,2.337536573410034,-1.2479722499847412e-07,1.9487096071243286,0.0,2.9505157232284547,1.1834540724754334,0.022638488560914993,0.10419643670320511,0.14982978999614716,0.40174949169158936,1.2600794434547425e-07,2.1461892127990723,0.7736599030671641,0.8968480909017198,0.42413976788520813,0.4810134768486023,3.8729707479476927
249,0.03320274122387874,0.9103125000000001,0.6634617487892305,2.471160888671875,4.6566128730773926e-09,1.9271525144577026,0.0,2.9937135219573974,9.086229228973389,0.16257505118846893,0.09608037024736404,0.16869646310806274,0.43304914236068726,-5.587935447692871e-10,2.8849024772644043,0.8761796889826655,1.0528109827856216,0.37651878595352173,0.5206403136253357,5.88575849533081,1.4787266254425049,1.434236764907837e-07,2.1652328968048096,0.0,2.9539369106292725,8.415994453430176,0.026145175099372864,0.10644835233688354,0.1533491313457489,0.40439048409461975,-1.5078112483024598e-07,2.4489176273345947,0.8309434840455652,1.039735668959443,0.4226830005645752,0.531351625919342,6.788489246368409
250,0.1031060308899511,0.5996874999999999,0.25327976474013836,1.897770643234253,1.9744038581848145e-07,2.3238487243652344,0.0,2.9907052993774412,0.7700981825590134,0.16487635672092438,0.09798427671194077,0.1708921641111374,0.43935737013816833,-1.9678846001625062e-07,3.0070548057556152,0.8746152171865106,1.0319152237635991,0.418824166059494,0.5074677467346191,5.088343524932862,2.215594530105591,-5.029141902923584e-08,2.128964900970459,0.0,2.9566516637802125,2.833007478713989,0.028883690014481544,0.10807667672634125,0.15588496625423431,0.4070064127445221,5.420297384262085e-08,2.9833006858825684,0.9676144688390196,1.153758915231399,0.3945082724094391,0.48591381311416626,4.7223066806793215
251,0.36185263048151467,0.9193749999999999,0.5714243140572002,1.7264420986175537,1.1548399925231934e-07,2.6382057666778564,0.0,2.990268611907959,4.425887870788574,0.16496402025222778,0.09745930880308151,0.17147022485733032,0.44247567653656006,-1.1110678315162658e-07,3.005797863006592,0.9022297823801637,1.1290118220038912,0.4461163878440857,0.489837646484375,7.278185939788818,1.923216462135315,3.771856427192688e-08,2.266535997390747,0.0,2.95806770324707,1.6587303280830383,0.030212175101041794,0.10873067378997803,0.1569601446390152,0.408437043428421,-3.67872416973114e-08,3.238607406616211,0.8874988040421158,1.090219911812364,0.43960946798324585,0.47083449363708496,5.2050963878631595
252,2.2390234879897806,0.8865625000000001,0.26766439489088095,2.1596648693084717,-7.171183824539185e-08,2.294996500015259,0.0,2.9917732000350954,0.62739337682724,0.16493502259254456,0.09674013406038284,0.1719534695148468,0.4452022910118103,7.422640919685364e-08,3.3139216899871826,1.0199679689481855,1.090990250245816,0.4209843575954437,0.5304132103919983,5.29245958328247,1.7587331533432007,9.918585419654846e-08,2.4298577308654785,0.0,2.958285999298096,2.554155874252319,0.031539902091026306,0.10977177321910858,0.15860497951507568,0.4093005359172821,-1.0225921869277954e-07,2.418377637863159,0.8095466339960694,0.8855323797757771,0.405517578125,0.46905747056007385,6.017882633209228
253,0.07149257410475839,0.7746875000000001,0.4837907770774382,2.0839757919311523,-3.166496753692627e-08,2.4117422103881836,0.0,2.996736431121826,4.163434314727783,0.1632213443517685,0.09495936334133148,0.1711512953042984,0.44404640793800354,3.5064294934272765e-08,2.975691795349121,0.9683433866128326,1.1623896516088643,0.45506763458251953,0.4716236889362335,6.439909982681274,2.285541534423828,-4.842877388000488e-08,1.8458176851272583,0.0,2.9570656061172484,1.6080260634422303,0.03277178108692169,0.11067670583724976,0.16003990173339844,0.40995514392852783,4.277098923921585e-08,2.3472702503204346,0.9029927305877209,1.0936516787804844,0.37165388464927673,0.5212284326553345,3.4672030210494995
254,1.0115770342864805,0.6425,0.2062144837583671,2.033954620361328,9.96515154838562e-08,2.082728624343872,0.0,2.9997286796569824,2.884639310836792,0.162248432636261,0.09410104155540466,0.17064951360225677,0.44398924708366394,-1.0114163160324096e-07,3.3613991737365723,0.9088737088721246,1.1556489121293345,0.3898918330669403,0.5577127933502197,4.445948553085327,1.90255868434906,7.497146725654602e-08,1.9024085998535156,0.0,2.954130697250366,3.0264546871185303,0.034044139087200165,0.11140410602092743,0.16123425960540771,0.4104100167751312,-7.227063179016113e-08,3.4244799613952637,0.9840282632037998,1.2211793024212647,0.4143752455711365,0.5259614586830139,3.8136391639709473
255,0.3040497611901864,0.9440625,0.5211080681729054,2.238891124725342,2.60770320892334e-08,2.2493667602539062,0.0,3.0005512952804567,2.7048319578170776,0.16203206777572632,0.09400711953639984,0.1704973727464676,0.44465965032577515,-2.8731301426887514e-08,3.767981767654419,0.9315227053128183,1.0832669529610939,0.3805742859840393,0.5163417458534241,5.182802009582519,1.9801294803619385,1.0244548320770264e-07,2.0771493911743164,0.0,2.953504228591919,8.501593971252442,0.03433818742632866,0.11170254647731781,0.16164572536945343,0.41086122393608093,-1.0468065738677979e-07,3.1864638328552246,0.768401566427201,1.0075875121241182,0.388333261013031,0.47979122400283813,6.383627986907959
256,0.043873539680471196,0.8412500000000002,0.4293325498982245,2.2231147289276123,-2.8870999813079834e-08,2.1940712928771973,0.0,3.001717472076416,3.833545970916748,0.16313818097114563,0.09430874139070511,0.17126145958900452,0.44789624214172363,2.444721758365631e-08,3.1112022399902344,0.8655355061404407,1.092896873310086,0.3991912007331848,0.5347851514816284,5.1019669532775875,1.7637548446655273,-2.1094456315040588e-07,1.987878441810608,0.0,2.9535459756851195,4.320081448554992,0.034245580434799194,0.11167283356189728,0.16156086325645447,0.41112837195396423,2.1830201148986817e-07,2.6534602642059326,0.9089989407220855,1.1464890247437052,0.3891235589981079,0.5342287421226501,4.547517776489258
257,0.15525977726554138,0.8881250000000002,0.6321911822076587,2.229424476623535,-1.6111880540847778e-07,2.0583605766296387,0.0,3.0040045738220216,0.6735737740993499,0.16449883580207825,0.0945967435836792,0.17250242829322815,0.45159775018692017,1.641456037759781e-07,3.526975393295288,1.0361009262967855,1.2268086768915978,0.39899903535842896,0.4845408499240875,4.235524129867554,2.1538374423980713,8.195638656616211e-08,2.1164867877960205,0.0,2.9531381368637084,4.706785583496094,0.034482069313526154,0.11160261929035187,0.16149573028087616,0.41112247109413147,-7.869675755500793e-08,3.834968090057373,0.9324894342571497,1.1566505699314655,0.38167527318000793,0.5237312316894531,5.027203464508057
258,2.931736573278017,0.9087499999999998,0.5587998619898064,1.800601601600647,6.146728992462158e-08,2.3220913410186768,0.0,3.006471800804138,4.628274297714233,0.16708073019981384,0.09536859393119812,0.17599207162857056,0.45545247197151184,-6.258487701416016e-08,3.0068013668060303,1.00557726547122,1.1500370504247963,0.42721718549728394,0.48440271615982056,5.914760971069336,2.0680336952209473,-8.288770914077759e-08,1.9274896383285522,0.0,2.9534046411514283,4.345052886009216,0.034388430416584015,0.11131860315799713,0.1610872596502304,0.41116249561309814,8.293427526950836e-08,3.020522117614746,0.9205733289942145,1.1826839515594139,0.37525197863578796,0.5081157088279724,4.1368344068527225
259,0.4729855744422563,0.5925,0.4281671303637283,2.1144938468933105,-3.166496753692627e-08,1.9703294038772583,0.0,3.0079221725463867,4.7321454048156735,0.16841161251068115,0.09557423740625381,0.1782618910074234,0.45792239904403687,3.078021109104156e-08,2.890965223312378,1.033190520433709,1.2280055885580727,0.39462965726852417,0.543994128704071,4.5136940479278564,2.020411968231201,4.6566128730773926e-08,1.9965155124664307,0.0,2.954404926300049,0.49672403931617737,0.034089554101228714,0.1110127866268158,0.16058863699436188,0.4111595153808594,-4.6566128730773926e-08,2.41202449798584,0.8535126278176903,1.0616131803248146,0.3751404285430908,0.5054231286048889,4.006081390380859
260,0.03684252206330263,0.654375,0.5777191657751926,1.6614569425582886,-1.257285475730896e-07,2.651336669921875,0.0,3.0093673706054687,3.6085821390151978,0.16837529838085175,0.09536094218492508,0.17881953716278076,0.45836445689201355,1.1282972991466523e-07,3.21348237991333,1.0273070595227183,1.1547434830717498,0.4169725179672241,0.524941623210907,7.096225643157959,2.460949182510376,2.7939677238464355e-08,2.2436037063598633,0.0,2.957408905029297,1.6895667910575867,0.03229044750332832,0.10985549539327621,0.15853819251060486,0.41076865792274475,-2.6635825634002687e-08,2.849900722503662,0.9505285111721605,1.1200030954819327,0.4075466990470886,0.5512922406196594,4.974488162994385
261,0.28654592256287514,0.8162500000000001,0.33628389417285015,1.5820857286453247,-3.4458935260772705e-08,2.058871030807495,0.0,3.01100435256958,1.6936837494373322,0.1677950769662857,0.09495305269956589,0.17864999175071716,0.45792001485824585,3.175809979438782e-08,2.4786150455474854,0.8784503305330873,0.9649944110858341,0.40996092557907104,0.5018742680549622,4.286346387863159,1.8461107015609741,3.5390257835388184e-08,2.307903528213501,0.0,2.9602985858917235,3.356928515434265,0.03173394128680229,0.10929149389266968,0.15745729207992554,0.411184161901474,-3.874301910400391e-08,2.6486620903015137,0.8071894448017701,0.9905493795089044,0.4031265377998352,0.5011067390441895,5.596147203445435
262,0.4941550930475054,0.8568749999999999,0.5198314261412207,2.0949554443359375,-1.5040859580039978e-07,1.9840571880340576,0.0,3.016000270843506,5.140973949432373,0.16851063072681427,0.09535251557826996,0.17901630699634552,0.45922449231147766,1.4463439583778382e-07,3.0137765407562256,0.991210473049432,1.177426621534648,0.37682539224624634,0.5511089563369751,4.549756860733032,2.0389206409454346,1.1175870895385742e-07,2.875870704650879,0.0,2.9628246068954467,1.8174262166023254,0.03260231390595436,0.10966529697179794,0.15796759724617004,0.4114510118961334,-1.1641532182693481e-07,3.038646936416626,0.9156140828505158,1.1190174619964575,0.4090522527694702,0.5501430630683899,8.203638458251953
263,0.35850995400875074,0.8971875,0.6357221225322462,1.685076117515564,2.2631138563156128e-07,2.7066078186035156,0.0,3.0200270891189573,4.570715856552124,0.16939274966716766,0.0958622619509697,0.17935429513454437,0.46097221970558167,-2.2202730178833008e-07,2.983945369720459,1.021680759359151,1.1404640702009698,0.44663572311401367,0.4706699550151825,7.620697164535523,1.8813484907150269,-2.6309862732887268e-08,1.7855793237686157,0.0,2.9648184537887574,3.8073585271835326,0.03428264334797859,0.1106586754322052,0.1595432311296463,0.41161227226257324,2.9802322387695312e-08,2.7484543323516846,0.8612260217778385,1.042200666548549,0.35943207144737244,0.4976014792919159,3.537838411331177
264,0.32520129845822077,0.80375,0.39403866194453246,2.3462092876434326,-1.7229467630386353e-08,2.410176992416382,0.0,3.0221399307250976,8.131405591964722,0.16931802034378052,0.09569887071847916,0.17932504415512085,0.4610893726348877,1.5925616025924684e-08,2.2686915397644043,0.8110787162557245,0.9042524597147611,0.41635119915008545,0.5364768505096436,7.377536201477051,1.6917712688446045,1.0989606380462646e-07,2.1077935695648193,0.0,2.967753529548645,3.5570252656936647,0.03570092096924782,0.11147072911262512,0.1608748883008957,0.41201022267341614,-1.0756775736808777e-07,2.9001753330230713,1.0634546923451125,1.2424537914759322,0.40450504422187805,0.4909360110759735,4.812056398391723
265,7.059107903768583,0.8353124999999999,0.43392046715035193,2.260906934738159,4.284083843231201e-08,2.09908127784729,0.0,3.0230242252349853,3.9446531534194946,0.16930314898490906,0.09570706635713577,0.17938272655010223,0.4609963297843933,-4.7218054533004763e-08,2.919156312942505,0.999979192763567,1.1557007223925255,0.3899543881416321,0.5040013790130615,4.781041526794434,1.7802445888519287,-2.421438694000244e-08,2.332320213317871,0.0,2.9726730823516845,0.6020790427923203,0.034542884677648544,0.11076571047306061,0.15972141921520233,0.412573903799057,2.1350570023059846e-08,2.969865322113037,0.9437975553795696,1.1167969468224614,0.4079717695713043,0.4880639612674713,5.393697595596313
266,5.268027867957713,0.8415625,0.5872704652247035,2.051083564758301,1.234002411365509e-07,1.9994245767593384,0.0,3.0235695362091066,3.440379333496094,0.1696285456418991,0.09591268002986908,0.17965006828308105,0.4612008333206177,-1.1911615729331971e-07,3.3982625007629395,1.0014517703093588,1.130479803837138,0.4240044355392456,0.49135228991508484,4.257814168930054,1.7707960605621338,-1.2712553143501282e-07,2.2041444778442383,0.0,2.983979511260986,0.4888583719730377,0.03141234070062637,0.10903739929199219,0.1567557007074356,0.4133244454860687,1.242849975824356e-07,3.230513095855713,0.8732864098972641,1.091786980915353,0.396824449300766,0.5078543424606323,4.692059755325317
267,11.18707366880798,0.6159375,0.11658744649246726,2.122208833694458,7.171183824539185e-08,2.185950756072998,0.0,3.0257866621017455,0.5477121114730835,0.1694452315568924,0.09580196440219879,0.17945143580436707,0.4611462354660034,-7.557682693004609e-08,4.116363048553467,1.1349732327274977,1.276857215515699,0.42305609583854675,0.46264469623565674,4.633235502243042,1.599170207977295,-6.984919309616089e-08,2.3608286380767822,0.0,2.9938560962677,2.5457849740982055,0.03072425164282322,0.10810244083404541,0.1551845222711563,0.41494885087013245,7.019843906164169e-08,3.0551445484161377,0.9433876131661236,1.1371391898159389,0.40626198053359985,0.5404335260391235,5.6603892803192135
268,508.87974402143334,0.8574999999999999,0.4604139007524969,1.5995862483978271,1.816079020500183e-08,2.4070932865142822,0.0,3.030084824562073,5.914574813842774,0.16615106165409088,0.09506938606500626,0.17678743600845337,0.4587627947330475,-1.4808028936386109e-08,3.3079938888549805,1.0970988118089735,1.1828742839382282,0.431583046913147,0.4763474762439728,6.7253830909729,2.3856120109558105,9.359791874885559e-08,2.1679391860961914,0.0,2.9972527265548705,3.507646346092224,0.031672727316617966,0.10804195702075958,0.155117005109787,0.4169614315032959,-9.355135262012482e-08,2.377788543701172,0.8790840172441676,1.055343504758529,0.40630486607551575,0.5455352663993835,4.962061977386474
269,0.20953872204270038,0.8984375,0.6652305557385547,2.5315656661987305,-2.1420419216156006e-08,1.9629403352737427,0.0,3.0331161260604858,0.5027582526206971,0.1636069118976593,0.09445368498563766,0.17487643659114838,0.4584035873413086,1.6298145055770874e-08,2.6973445415496826,0.9864437706302851,1.081153297199079,0.3901538848876953,0.5207239985466003,3.7813214302062987,2.1297173500061035,-2.514570951461792e-08,2.4768850803375244,0.0,2.9984555721282957,2.917011284828186,0.031446199864149094,0.10788758099079132,0.15479673445224762,0.4179949462413788,2.1047890186309816e-08,3.648223400115967,1.0149850427173077,1.2408254465510569,0.3980850875377655,0.49907419085502625,6.396239614486694
270,81.57939200223048,0.8103125000000002,0.2528190832878002,1.6942551136016846,4.0512531995773315e-08,2.4291741847991943,0.0,3.037600064277649,0.7169489860534668,0.15785083174705505,0.08993734419345856,0.171710804104805,0.45544806122779846,-4.540197551250458e-08,3.252182960510254,0.8177504978142679,0.9963444768010172,0.38271960616111755,0.557964563369751,5.8417322635650635,1.5936709642410278,-2.123415470123291e-07,1.6724375486373901,0.0,2.9991400957107546,11.54528751373291,0.031242549419403076,0.1083066463470459,0.15528367459774017,0.4183308780193329,2.0135194063186644e-07,2.745744228363037,0.8703406989574433,1.0787120555228975,0.4509965479373932,0.4715656042098999,6.746939325332642
271,0.7660196302361703,0.9053125,0.48258762135470706,2.159154176712036,1.1408701539039612e-07,2.346980094909668,0.0,3.0440857648849486,0.5457852333784103,0.15427593886852264,0.08658485859632492,0.169878751039505,0.4569130539894104,-1.1529773473739624e-07,3.139871120452881,1.0061964630614966,1.2446395074947882,0.38350817561149597,0.6021596193313599,5.371791172027588,1.8973679542541504,-2.9336661100387573e-08,2.250767707824707,0.0,2.9993526220321653,5.156386375427246,0.03130659833550453,0.10878731310367584,0.15593869984149933,0.4184097647666931,2.8312206268310546e-08,2.67783522605896,0.6888852078001946,0.8941743969397379,0.4146271347999573,0.5088391900062561,5.733810901641846
272,0.12609218383805523,0.8884374999999999,0.43841185033795804,1.4523694515228271,-1.0780058801174164e-07,2.8482563495635986,0.0,3.043832540512085,2.102333390712738,0.15461264550685883,0.08470393717288971,0.16945606470108032,0.46239686012268066,1.1078082025051117e-07,2.615663528442383,0.9756367856636643,1.120195148030644,0.40322256088256836,0.5100067257881165,8.104723644256591,2.1609580516815186,1.5506520867347717e-07,2.8636443614959717,0.0,2.9988505601882935,3.699123501777649,0.03090687468647957,0.10861857235431671,0.15573036670684814,0.41868260502815247,-1.5515834093093872e-07,2.6412250995635986,0.802839623298496,1.0029213807790942,0.3959391713142395,0.5630993247032166,8.502680206298828
273,0.049135466080763086,0.5787500000000001,0.48080073225824316,1.8661640882492065,-2.1420419216156006e-08,2.1641201972961426,0.0,3.0415526390075684,2.3903319954872133,0.1568223088979721,0.08403599262237549,0.17023365199565887,0.46911555528640747,1.9744038581848144e-08,3.009324073791504,0.974199994164519,1.141833069863661,0.43333327770233154,0.49722304940223694,4.705556344985962,1.7680515050888062,-3.5390257835388184e-08,2.4602015018463135,0.0,2.998461604118347,7.534035778045654,0.030522054061293602,0.1083010882139206,0.15533646941184998,0.4192541837692261,3.57162207365036e-08,2.5411911010742188,0.7562495933379978,0.9510253662990183,0.3147684335708618,0.5487064123153687,7.512820434570313
274,0.08856216287501738,0.759375,0.4083361060131129,1.930204153060913,-8.12578946352005e-08,2.5045464038848877,0.0,3.0414244413375853,1.1552711486816407,0.15902017056941986,0.08440764248371124,0.1714087426662445,0.47293418645858765,8.147908374667167e-08,3.5186684131622314,1.0365908549167215,1.1898911487318353,0.3918495178222656,0.49726641178131104,6.2252367496490475,2.406449317932129,9.313225746154785e-09,1.82457435131073,0.0,2.998277115821838,3.8186392068862913,0.03011396713554859,0.1081046536564827,0.15507115423679352,0.41972461342811584,-1.2014061212539673e-08,2.596944570541382,0.8523170803207905,1.0101846489811201,0.3696673512458801,0.5219115018844604,3.6761149644851683
275,0.028273383264506857,0.5240625000000001,0.48719589407846897,2.916471242904663,-2.421438694000244e-08,1.75123131275177,0.0,3.043093967437744,7.452570390701294,0.16359049081802368,0.0863272026181221,0.17515569925308228,0.47714564204216003,2.621673047542572e-08,4.382809638977051,1.0332189344102516,1.2270705911465014,0.3764895498752594,0.49483177065849304,4.517983913421631,1.710952639579773,-4.190951585769653e-08,1.8829330205917358,0.0,2.998528742790222,3.638850998878479,0.03018536977469921,0.10818703472614288,0.15520457923412323,0.419792503118515,4.176981747150421e-08,2.7990477085113525,0.8751439561601728,1.0649378234400795,0.42708712816238403,0.4416142702102661,3.9998590469360353
276,0.02556593139765533,0.93625,0.778807998792776,1.6713823080062866,9.033828973770142e-08,2.2600181102752686,0.0,3.0444604396820067,1.166924500465393,0.16661876440048218,0.08771927654743195,0.17787206172943115,0.480925589799881,-1.0272487998008728e-07,3.437309980392456,1.0346782024018466,1.2344679779882255,0.4209249019622803,0.48555728793144226,5.1802362442016605,1.903017520904541,2.1792948246002197e-07,2.0405495166778564,0.0,3.0008485078811646,0.5077957332134246,0.03038228303194046,0.10841460525989532,0.15550659596920013,0.41969969868659973,-2.1867454051971437e-07,2.822073459625244,0.9220266214571893,1.0875401587105715,0.4074033498764038,0.526752233505249,4.15373649597168
277,0.03487914756294486,0.8568749999999999,0.687208785843099,1.706666350364685,9.313225746154785e-10,2.826697826385498,0.0,3.0462406873703003,2.4587510347366335,0.16906951367855072,0.0890093594789505,0.18047648668289185,0.482448935508728,-8.381903171539307e-10,3.4183552265167236,1.131469622021541,1.3718931261069691,0.42120838165283203,0.513429582118988,7.879946613311768,1.844064712524414,2.3283064365386963e-08,2.734804630279541,0.0,3.0060368299484255,3.2200957775115966,0.029926642775535583,0.10783082246780396,0.1545945107936859,0.4191007614135742,-1.7601996660232543e-08,2.6663661003112793,0.8026766497176141,0.9714102087438103,0.4826973080635071,0.4675448536872864,7.777333545684814
278,0.5451075311181651,0.821875,0.4138576835273036,2.2555344104766846,-1.4901161193847656e-08,2.1521732807159424,0.0,3.0472023248672486,1.6590267658233642,0.17102007567882538,0.09002600610256195,0.18244609236717224,0.4831608235836029,1.7369166016578673e-08,3.6177854537963867,1.052353443391621,1.2062101974780761,0.4188750982284546,0.4874064326286316,4.580808448791504,1.9129407405853271,-8.475035429000854e-08,2.6566734313964844,0.0,3.008382701873779,2.068801486492157,0.029799116775393486,0.10726955533027649,0.1536218374967575,0.42114847898483276,8.940696716308594e-08,3.4074039459228516,1.037230835016817,1.2964919509553876,0.41785675287246704,0.4759184718132019,7.1054370403289795
279,7.214064074758002,0.5090625,-0.004249053661663046,1.9114223718643188,-3.795139491558075e-08,2.650646209716797,0.0,3.0504481315612795,2.5938961029052736,0.17131412029266357,0.09017467498779297,0.18256127834320068,0.4833214282989502,3.979075700044632e-08,3.0223183631896973,1.030042879958637,1.1622178342428158,0.439336359500885,0.5066836476325989,7.090152263641357,1.8725395202636719,-3.771856427192688e-08,2.237978935241699,0.0,3.0118335723876952,0.9449190616607666,0.03041999414563179,0.10780178010463715,0.1541711837053299,0.42277026176452637,4.433095455169678e-08,2.9684886932373047,0.986434544250369,1.2586668160443903,0.4448312520980835,0.4737035036087036,5.024600839614868
280,0.03573409574132904,0.36374999999999996,0.39518787265844824,1.8403671979904175,-6.705522537231445e-08,2.347015142440796,0.0,3.0524121522903442,4.86211667060852,0.1711658388376236,0.09008902311325073,0.18226836621761322,0.4833310842514038,6.640329957008362e-08,3.372097969055176,1.0737555865198374,1.2064003394891876,0.41920074820518494,0.5286056399345398,6.0335863590240475,1.5534768104553223,-1.2200325727462769e-07,2.488377571105957,0.0,3.019788408279419,4.771907567977905,0.02903183363378048,0.10766656696796417,0.15373167395591736,0.42319753766059875,1.2561213225126266e-07,2.2193751335144043,0.938744836486876,1.0961131143227958,0.45903295278549194,0.5126656293869019,6.827860355377197
281,0.9890773412230803,0.875625,0.32365011888927137,2.322542905807495,-3.725290298461914e-09,2.1200144290924072,0.0,3.0532111167907714,3.2900876998901367,0.17085853219032288,0.0898609384894371,0.18190258741378784,0.4832898676395416,9.313225746154786e-11,3.4732587337493896,1.1607875030487775,1.093237434589462,0.4245208203792572,0.5151357054710388,4.686559200286865,2.053762197494507,-9.499490261077881e-08,2.372333526611328,0.0,3.0240578413009644,5.432626342773437,0.027271799743175507,0.10699835419654846,0.15260104835033417,0.4241098165512085,8.689239621162414e-08,3.653813123703003,0.8810939768329262,1.172547785509652,0.44571560621261597,0.5135144591331482,6.344012594223022
282,1.5072297151180425,0.7762499999999999,-0.1388373586077059,2.0871105194091797,1.4435499906539917e-07,2.0207467079162598,0.0,3.0532641649246215,9.51940984725952,0.1711820811033249,0.09004999697208405,0.18229758739471436,0.48337629437446594,-1.477077603340149e-07,2.806532859802246,0.965524110221304,1.0834432379995131,0.3730221092700958,0.49073269963264465,6.282301187515259,2.03391170501709,1.6624107956886292e-07,2.5687530040740967,0.0,3.025706076622009,1.8356701850891113,0.026814928278326988,0.10685767233371735,0.15225750207901,0.42481663823127747,-1.6102567315101624e-07,4.296309471130371,0.9898108709137887,1.2286706702889145,0.4027954638004303,0.5945901870727539,6.484218120574951
283,0.5353972142760431,0.7953125,0.506802634238116,1.8734596967697144,1.210719347000122e-07,2.2743122577667236,0.0,3.054704737663269,0.8508807003498078,0.17181742191314697,0.09043694287538528,0.1829940527677536,0.48349282145500183,-1.1897645890712738e-07,3.5790154933929443,1.220687542669475,1.2097320446381348,0.4354596436023712,0.4817855656147003,5.206473398208618,2.0771872997283936,9.592622518539429e-08,2.283492088317871,0.0,3.0271299839019776,5.302128076553345,0.02542290650308132,0.10649020224809647,0.15179893374443054,0.4252925217151642,-9.257346391677857e-08,3.1927359104156494,0.9062289914581925,1.1826917089756614,0.37603673338890076,0.5529314875602722,5.927208089828492
284,457.5538398506984,0.9446874999999999,0.6070530642818804,1.9799555540084839,-4.6566128730773926e-08,1.890348196029663,0.0,3.060146951675415,4.035198402404785,0.1734611839056015,0.09095682203769684,0.18418067693710327,0.48414722084999084,5.273614078760147e-08,2.653226613998413,1.0530537772923707,1.0943445950394646,0.42178595066070557,0.459745854139328,4.083996391296386,2.2073988914489746,4.0978193283081055e-08,2.054375410079956,0.0,3.0277875900268554,7.987168169021606,0.02413237653672695,0.10610421001911163,0.15138055384159088,0.42576733231544495,-3.7881545722484586e-08,3.802377462387085,0.8851251745596528,1.1007111851264424,0.3385739028453827,0.5537421703338623,5.77466778755188
285,0.03490235692288531,0.930625,0.7664124722111915,1.4714843034744263,-2.3050233721733093e-07,2.280808925628662,0.0,3.063307762145996,2.137151372432709,0.1753646582365036,0.09165674448013306,0.18569520115852356,0.4851336181163788,2.3259781301021576e-07,3.085385799407959,1.083094213483855,1.2182271350842604,0.4027801752090454,0.5118475556373596,5.202004671096802,1.8475909233093262,-6.984919309616089e-09,2.306699514389038,0.0,3.0275676965713503,0.5097377836704254,0.024126118049025536,0.10610926151275635,0.15145553648471832,0.42612433433532715,8.475035429000854e-09,2.8850982189178467,0.9448624881450087,1.1266927166684968,0.4220534861087799,0.5110588073730469,5.258220243453979
286,0.03325872067382857,0.7537499999999999,0.5661402261307428,1.843044638633728,1.0058283805847168e-07,2.267503499984741,0.0,3.0631817102432253,3.848178005218506,0.17668572068214417,0.09249290823936462,0.18728220462799072,0.48561912775039673,-1.0263174772262574e-07,3.732377529144287,1.0455692459829151,1.1961584262562015,0.4018421173095703,0.4988909959793091,5.4737560749053955,1.8564859628677368,1.4901161193847656e-08,2.642000436782837,0.0,3.0259748458862306,0.7619704902172089,0.028324348852038383,0.10833355784416199,0.15423616766929626,0.4262450337409973,-1.51805579662323e-08,2.969688892364502,0.8777575151063501,1.09647004688713,0.40916141867637634,0.4980124235153198,6.8976829051971436
287,0.19782217496860968,0.9024999999999999,0.7029349161057296,1.5545390844345093,2.60770320892334e-08,2.4672157764434814,0.0,3.0627645015716554,3.1759746789932253,0.1773901730775833,0.09300817549228668,0.18831174075603485,0.48590368032455444,-2.8219074010849e-08,3.1209285259246826,1.1085302242077888,1.1468726074417208,0.443193644285202,0.45908811688423157,6.302191972732544,1.8986444473266602,-5.2619725465774536e-08,2.5355238914489746,0.0,3.029613757133484,0.8751479029655457,0.02811264619231224,0.1073468029499054,0.15323270857334137,0.4279537498950958,6.225891411304473e-08,2.7263128757476807,0.9127411132445559,1.0962325892922715,0.3874579071998596,0.4954560399055481,6.3143538475036625
288,1.475696520637093,0.71375,0.29479880962115584,1.8301963806152344,-1.3550743460655212e-07,3.0330514907836914,0.0,3.061246943473816,1.2162225604057313,0.17816095054149628,0.09349863231182098,0.18924574553966522,0.4860973358154297,1.3709068298339843e-07,3.1429197788238525,1.0466289542615415,1.1356379076520777,0.4473074674606323,0.5248540043830872,9.030492401123047,1.8847267627716064,-3.3993273973464966e-08,2.529726505279541,0.0,3.036179709434509,0.8524331390857697,0.024564791470766068,0.10533666610717773,0.15111695230007172,0.42953193187713623,3.5390257835388184e-08,3.1380183696746826,0.8505727211944759,1.0941546086709335,0.43059247732162476,0.4655154049396515,6.2760576725006105
289,2.0954976209993026,0.6703125,0.5611215129950333,2.2250490188598633,-2.3469328880310059e-07,2.42608642578125,0.0,3.06086688041687,3.2645682811737062,0.17944079637527466,0.09424050152301788,0.19084487855434418,0.4859151542186737,2.339482307434082e-07,3.543323516845703,1.0871510975062848,1.3059633670978845,0.44586989283561707,0.471184104681015,6.129923534393311,1.8306779861450195,-1.2759119272232056e-07,2.232377767562866,0.0,3.041125226020813,2.095130908489227,0.02415803261101246,0.10568802803754807,0.151728555560112,0.43039071559906006,1.241452991962433e-07,2.582124710083008,0.8030500137247145,0.994063933516791,0.37589189410209656,0.5530351400375366,4.978992509841919
290,6.7318961248705165,0.8178124999999999,0.3801849256606065,1.8501358032226562,-3.259629011154175e-09,2.252627372741699,0.0,3.062059020996094,0.5739886134862899,0.18091987073421478,0.09504730254411697,0.19275832176208496,0.4856124520301819,2.9103830456733704e-09,3.5669267177581787,0.9857786629814654,1.2017723088611907,0.3789319694042206,0.4963196814060211,4.825538778305054,2.342843532562256,1.1734664440155029e-07,2.190924882888794,0.0,3.0435600519180297,0.7807453155517579,0.024556538090109825,0.10603363811969757,0.15233458578586578,0.43070703744888306,-1.1990778148174286e-07,4.180746078491211,0.9926565770059824,1.273300342170655,0.4220457077026367,0.5076144933700562,4.840519952774048
291,0.054227684607001135,0.8775000000000001,0.5053062250333515,2.166452646255493,2.7008354663848877e-08,2.1408157348632812,0.0,3.0665843009948732,4.859097337722778,0.18256500363349915,0.09623036533594131,0.1948775202035904,0.4855339527130127,-2.6915222406387328e-08,3.4671993255615234,1.1132605865132064,1.2966347269511231,0.3823114037513733,0.5399880409240723,5.019066667556762,2.1481709480285645,1.7695128917694092e-07,2.30763840675354,0.0,3.046311926841736,0.43989305198192596,0.027345707640051842,0.10799671709537506,0.15469177067279816,0.43128782510757446,-1.7890706658363342e-07,3.0101118087768555,0.8465302128344774,1.0172304195994244,0.4341214895248413,0.46259891986846924,5.175393724441529
292,0.021015235798886568,0.9887499999999999,0.9148511504985342,2.010510206222534,-1.2759119272232056e-07,2.320357322692871,0.0,3.0698456525802613,5.387380170822143,0.18343010544776917,0.09693869948387146,0.1960483193397522,0.4856029450893402,1.1576339602470398e-07,3.4441375732421875,1.0445642498321832,1.1254067994380026,0.40852925181388855,0.508901059627533,6.041718053817749,1.5469646453857422,-1.5925616025924683e-07,2.181574583053589,0.0,3.0501044750213624,6.098139810562134,0.033827099949121475,0.11203239113092422,0.15968549251556396,0.4333607256412506,1.6032718122005463e-07,2.435105323791504,0.8697885543107986,1.0337022949469632,0.4095304310321808,0.49949026107788086,5.683045721054077
293,0.04109333555364658,0.8778124999999999,0.5954135393140859,1.9330012798309326,-4.470348358154297e-08,1.8718841075897217,0.0,3.0714332103729247,4.032015991210938,0.18350641429424286,0.09706884622573853,0.19628114998340607,0.4856601655483246,5.005858838558197e-08,3.4443092346191406,1.023917985870503,1.0490892175719702,0.3867433965206146,0.49055051803588867,4.000627040863037,1.8949549198150635,9.033828973770142e-08,2.214493989944458,0.0,3.0528648853302003,2.116725945472717,0.038035035133361816,0.11464650183916092,0.16302944719791412,0.43646347522735596,-8.335337042808533e-08,2.930182933807373,0.902126469835639,1.143605194462307,0.4256622791290283,0.5257182121276855,4.98063588142395
294,0.7473191938738095,0.91875,0.36426548509557327,1.6531881093978882,1.601874828338623e-07,2.2645232677459717,0.0,3.0727267265319824,1.6218748688697815,0.1822814643383026,0.0963963121175766,0.19502171874046326,0.4858921468257904,-1.6076955944299698e-07,3.3651981353759766,1.1164660271024331,1.3571760199071012,0.46354013681411743,0.4641256034374237,5.138466024398804,2.0524091720581055,-1.150183379650116e-07,2.40348744392395,0.0,3.0545909881591795,4.43337914943695,0.03989098593592644,0.11573576927185059,0.16453461349010468,0.4381835162639618,1.101754605770111e-07,3.4771952629089355,0.9640411353670061,1.2252790226735728,0.40916621685028076,0.4702547788619995,6.358145809173584
295,0.06833369834912369,0.5806250000000001,0.2603617176376817,1.9944285154342651,-4.377216100692749e-08,2.1274077892303467,0.0,3.0736016273498534,1.9955588698387146,0.18211819231510162,0.0962456688284874,0.19459861516952515,0.4861386716365814,4.6286731958389285e-08,3.504488945007324,1.2359378273598849,1.3205377898018855,0.4118737578392029,0.5087395310401917,4.608815336227417,1.9062085151672363,-2.2444874048233032e-07,2.709306478500366,0.0,3.055759143829346,4.976739978790283,0.04120088741183281,0.11654920130968094,0.1656680554151535,0.4392153024673462,2.2780150175094604e-07,3.0009286403656006,0.8850292452611029,1.1466301936319645,0.44138863682746887,0.517802357673645,7.933194637298584
296,11.055606219547526,0.83125,0.06201271638756702,1.856564998626709,-3.166496753692627e-08,2.167832851409912,0.0,3.0737903356552123,4.250954055786133,0.182972252368927,0.09651200473308563,0.1950639933347702,0.48616066575050354,3.138557076454163e-08,3.4938039779663086,1.277195137925446,1.3056577597521846,0.42064839601516724,0.545496940612793,4.99682502746582,2.4359724521636963,1.1082738637924194e-07,2.2741007804870605,0.0,3.056556224822998,9.035782718658448,0.041821956634521484,0.11697795987129211,0.16623938083648682,0.43965673446655273,-1.0919757187366486e-07,3.47891902923584,1.0596967361867429,1.3186663175876057,0.3882367014884949,0.522442102432251,7.254714775085449
297,0.04553468559100091,0.3096875,0.1751281389077656,1.682747483253479,1.210719347000122e-07,2.3226542472839355,0.0,3.073723888397217,2.3207112312316895,0.18271292746067047,0.09607400745153427,0.19448967278003693,0.4863065779209137,-1.1834781616926194e-07,3.4522809982299805,1.3250158895272761,1.4122022220521453,0.4124225378036499,0.5001558661460876,5.457104873657227,1.731658697128296,-3.725290298461914e-09,2.2103140354156494,0.0,3.0574286460876463,6.908872795104981,0.04179011285305023,0.11696949601173401,0.16623839735984802,0.4398261606693268,5.913898348808288e-09,2.638049364089966,0.9343187673017382,1.1609779679546623,0.4023435115814209,0.4621613323688507,6.124302053451538
298,6.755908252479986,0.6956249999999999,0.3079264956385398,2.364576816558838,9.685754776000977e-08,2.326417922973633,0.0,3.0738773345947266,3.738874101638794,0.1803051084280014,0.09476116299629211,0.19185203313827515,0.48686107993125916,-9.73232090473175e-08,3.412789821624756,1.0889855968067423,1.2386440821613582,0.4119059443473816,0.5091599822044373,5.609241485595703,2.633920669555664,4.7497451305389404e-08,2.2438879013061523,0.0,3.05809326171875,6.425743103027344,0.04127033054828644,0.11666834354400635,0.1657945066690445,0.4397580027580261,-4.7218054533004763e-08,2.8713977336883545,0.9104396931827068,1.122860545450186,0.43193498253822327,0.4736548662185669,6.130748176574707
299,40.402140741239286,0.909375,0.7281147856056938,2.0572967529296875,3.3993273973464966e-08,2.4117848873138428,0.0,3.075508713722229,0.5361078411340714,0.17815330624580383,0.09380888193845749,0.18966104090213776,0.4874752461910248,-3.427267074584961e-08,3.027843952178955,1.01315115718171,1.2613313260784158,0.41100218892097473,0.4884558320045471,5.73665566444397,2.1355783939361572,1.0803341865539551e-07,2.5712392330169678,0.0,3.0576459407806396,0.9834991872310639,0.04118667542934418,0.1167401447892189,0.1658477783203125,0.4397416114807129,-1.0523945093154907e-07,3.011371612548828,1.1530971992760897,1.389661506145312,0.4361691474914551,0.49422022700309753,6.48615517616272
300,0.015748022267786523,0.8171875,0.9436073797963479,1.51295804977417,-2.60770320892334e-08,2.2812302112579346,0.0,3.0783273220062255,1.2577304661273956,0.17790775001049042,0.0942140519618988,0.18886075913906097,0.48773419857025146,2.4028122425079346e-08,3.601590871810913,1.211129448749125,1.3958378122593087,0.44428005814552307,0.4571068584918976,5.235253715515137,1.6176201105117798,-6.146728992462158e-08,2.182799816131592,0.0,3.056726408004761,0.5999392807483673,0.04243382439017296,0.11781780421733856,0.16768671572208405,0.44105663895606995,6.192130967974663e-08,2.606971025466919,0.8957891903817654,1.0788540802276225,0.43778881430625916,0.5298377275466919,4.583369159698487
301,3.1249144579093238,0.5759375,0.17519810748802458,2.3907179832458496,-4.284083843231201e-08,2.2620396614074707,0.0,3.0800686359405516,6.036223459243774,0.1764444261789322,0.09389972686767578,0.18717969954013824,0.48852384090423584,4.828907549381256e-08,3.5702905654907227,1.0610748102422805,1.1954522189024765,0.42674970626831055,0.4572514593601227,6.034736394882202,1.7994860410690308,7.543712854385376e-08,2.234039783477783,0.0,3.059132766723633,1.089582496881485,0.04374103248119354,0.11962321400642395,0.1711832731962204,0.44517773389816284,-7.511116564273835e-08,3.154566526412964,0.9351162284612655,1.1457766157551674,0.4157463312149048,0.4991215467453003,5.031219244003296
302,0.059741454000993365,0.9778125,0.8180089696529297,1.8179945945739746,1.4901161193847656e-08,2.5719523429870605,0.0,3.0808341026306154,0.5687508821487427,0.1741471290588379,0.09284612536430359,0.18506306409835815,0.48938295245170593,-1.057051122188568e-08,3.536306381225586,1.2052172153024003,1.3600282325709634,0.4180797040462494,0.5176792740821838,6.449291467666626,1.2498301267623901,-1.043081283569336e-07,3.069214344024658,0.0,3.0615178823471068,8.340327501296997,0.04434894397854805,0.12097036838531494,0.1730605959892273,0.4482894539833069,1.0076910257339478e-07,2.439065456390381,0.9065547728911042,1.0760702828117217,0.5258985161781311,0.44276514649391174,11.068675231933593
303,1.4607250756130377,0.7971874999999999,0.02720206064053502,1.8708170652389526,-1.0989606380462646e-07,2.3716773986816406,0.0,3.080592226982117,1.0407805740833282,0.1745888590812683,0.09326815605163574,0.1854122132062912,0.48960551619529724,1.0896474123001099e-07,3.9321539402008057,1.0532506094314158,1.318873231053098,0.43351978063583374,0.46789076924324036,5.5809776306152346,1.4381868839263916,1.5320256352424622e-07,2.1112682819366455,0.0,3.0624789237976073,4.676470851898193,0.04466129094362259,0.12158557027578354,0.17356961965560913,0.45033565163612366,-1.5539117157459259e-07,3.3278121948242188,0.9852027194574475,1.224342052746074,0.4352073669433594,0.486245334148407,5.067901945114135
304,0.20987060950472608,0.9368749999999999,0.760314194939004,2.1407461166381836,8.940696716308594e-08,2.405681610107422,0.0,3.078219676017761,0.9991446971893311,0.17773352563381195,0.09509263932704926,0.1880863606929779,0.4898431599140167,-9.296927601099015e-08,4.426674842834473,1.103081373916939,1.328142181022095,0.4696913957595825,0.4835224449634552,5.701763868331909,1.9085488319396973,1.862645149230957e-09,1.8618881702423096,0.0,3.0629141569137572,3.301539897918701,0.04470233619213104,0.12181128561496735,0.17372408509254456,0.45125293731689453,-2.9802322387695314e-09,3.0439772605895996,0.8773929374292493,1.0999243610731504,0.3928438723087311,0.46147191524505615,3.6599064826965333
305,1.0570617757316405,0.8565624999999999,0.27740352490261,1.9160157442092896,4.656612873077393e-10,2.460306167602539,0.0,3.0814888954162596,0.8091515123844146,0.17860223352909088,0.09530273079872131,0.18862207233905792,0.49028488993644714,0.0,2.8403849601745605,1.1766558707458898,1.2613651315817291,0.4139550030231476,0.5226188898086548,6.181394433975219,1.9072999954223633,1.1175870895385742e-08,2.2199528217315674,0.0,3.062889552116394,8.662230587005615,0.04399819299578667,0.12141017615795135,0.17304156720638275,0.45156165957450867,-1.3364478945732116e-08,2.7153916358947754,0.9790394123643636,1.1780167536669586,0.4027622938156128,0.48554953932762146,6.888140296936035
306,0.018461615076087966,0.6540625,0.7317624174544053,1.7710530757904053,-2.561137080192566e-08,2.128384828567505,0.0,3.0878759622573853,0.41776620745658877,0.1730477213859558,0.09195052832365036,0.1830201894044876,0.4902224838733673,2.9150396585464478e-08,3.7938971519470215,0.9928589658811688,1.1893168613868073,0.4021223783493042,0.4804441034793854,4.4447736740112305,1.9884387254714966,-2.3283064365386963e-08,2.267194986343384,0.0,3.06356885433197,2.557858419418335,0.04318050667643547,0.12087268382310867,0.17221549153327942,0.45170965790748596,1.6530975699424744e-08,2.9283993244171143,0.9812555487267673,1.2217426463950614,0.43034839630126953,0.4520057439804077,5.215855073928833
307,0.0104612246164759,0.733125,0.972576082335934,1.989967942237854,-7.450580596923828e-09,2.350891590118408,0.0,3.090152931213379,4.553104972839355,0.16628192365169525,0.0877833366394043,0.17644256353378296,0.49125632643699646,9.313225746154785e-09,2.9865832328796387,0.8910596400033682,1.0184820523681526,0.39303943514823914,0.5048299431800842,5.951340818405152,1.5723083019256592,-4.400499165058136e-08,2.768099308013916,0.0,3.0654996633529663,6.037602758407592,0.04235879331827164,0.12041082978248596,0.17156702280044556,0.4518309533596039,4.8708170652389524e-08,1.9976305961608887,0.9379957221448422,1.0907234696824588,0.44593489170074463,0.4600106179714203,8.42757740020752
308,0.15232554627915676,0.7321875,0.4067822464411869,2.0764241218566895,-2.076849341392517e-07,1.8079655170440674,0.0,3.0913326501846314,3.851668047904968,0.16198481619358063,0.0851055309176445,0.17231668531894684,0.4927885830402374,2.08243727684021e-07,3.138937473297119,1.061517310841009,1.1889675288381891,0.4287009537220001,0.5059925317764282,3.612791061401367,1.977081298828125,7.916241884231567e-09,1.8786938190460205,0.0,3.0668081283569335,5.150806474685669,0.04158508777618408,0.1200798898935318,0.1711142510175705,0.4518927037715912,-8.381903171539307e-09,4.2784552574157715,1.0191708801314234,1.2943732297326782,0.36726850271224976,0.5149707794189453,4.3090427875518795
309,0.2647621407318502,0.9671875,0.7279645954499048,1.862766146659851,-8.66129994392395e-08,2.2631382942199707,0.0,3.091967964172363,1.6451788067817688,0.16040335595607758,0.08396342396736145,0.17064397037029266,0.49379611015319824,8.451752364635468e-08,3.244586944580078,1.113865172630176,1.2448545717751625,0.47137361764907837,0.4496678411960602,5.059157657623291,1.7138848304748535,-4.0512531995773315e-08,2.4610705375671387,0.0,3.0679572105407713,2.204283905029297,0.041370488703250885,0.12013684213161469,0.17112262547016144,0.4518704116344452,4.044268280267715e-08,3.6850428581237793,0.9420168824493885,1.2280417075282675,0.45069825649261475,0.5236015319824219,6.178355503082275
310,0.0143849630017777,0.42718749999999994,0.6326802262355716,1.7033171653747559,2.1560117602348328e-07,2.0169479846954346,0.0,3.0924374580383303,2.9687235832214354,0.16031813621520996,0.08375808596611023,0.17037372291088104,0.4944973289966583,-2.1299347281455993e-07,3.9117510318756104,0.9940336353611201,1.2470018503076592,0.41088438034057617,0.531862735748291,4.292747640609742,2.1025521755218506,7.264316082000732e-08,2.2151057720184326,0.0,3.069602370262146,7.875255727767945,0.0423295833170414,0.12088099122047424,0.17205333709716797,0.45195502042770386,-8.372589945793152e-08,3.476051092147827,0.9901017334312201,1.2448406557141634,0.3420103192329407,0.5739010572433472,6.590872764587402
311,0.11434529809205776,0.9203125,0.6816300538368261,1.901519536972046,-5.3085386753082275e-08,2.4338197708129883,0.0,3.0935620307922362,2.6763026475906373,0.16016073524951935,0.0837564542889595,0.17018839716911316,0.4945734441280365,5.653128027915955e-08,3.21368408203125,0.9861777004785836,1.0603831882632337,0.4094146192073822,0.49761417508125305,5.79944224357605,1.7421510219573975,2.0582228899002075e-07,2.348921775817871,0.0,3.07008535861969,1.2096108317375183,0.043351732194423676,0.12154199182987213,0.17289882898330688,0.4521638751029968,-2.1471641957759858e-07,3.5176241397857666,0.9706626700237393,1.1781616923222786,0.3919261693954468,0.5550097823143005,5.405911302566528
312,0.605733885690572,0.6246875,0.5100034380493972,1.842522382736206,-4.470348358154297e-08,2.598879814147949,0.0,3.094315791130066,1.9219093561172484,0.16007860004901886,0.08391959220170975,0.1701986938714981,0.4947044253349304,4.475004971027374e-08,4.0452985763549805,1.0093056387268007,1.106068318441813,0.36429858207702637,0.5350560545921326,6.669184350967408,2.1264944076538086,-1.5040859580039978e-07,2.0898020267486572,0.0,3.071063280105591,0.8976675748825074,0.04321875795722008,0.12137511372566223,0.17288847267627716,0.4525114893913269,1.5534460544586183e-07,2.979522228240967,0.8418080531992018,1.0447669622771198,0.42031192779541016,0.5381487607955933,4.2609961986541744
313,5.0651526630215695,0.649375,0.1822059861501712,1.8571531772613525,-7.147900760173798e-08,2.4118144512176514,0.0,3.0950488328933714,0.515195631980896,0.1615300327539444,0.08481250703334808,0.17167380452156067,0.49599164724349976,7.362104952335357e-08,3.4347801208496094,1.069457480404526,1.2341091285135712,0.4238550662994385,0.539004921913147,5.812363767623902,2.0211052894592285,-1.8719583749771118e-07,2.4041879177093506,0.0,3.0736289262771606,7.6848968982696535,0.043292053043842316,0.12157273292541504,0.1733369678258896,0.4528566896915436,1.953914761543274e-07,2.729736328125,0.8351979726925493,1.0889225417323476,0.3563742935657501,0.5216812491416931,7.354965305328369
314,0.09476936071329503,0.6153125,0.2644709529243721,1.8804948329925537,-5.4016709327697754e-08,2.5842928886413574,0.0,3.0952241897583006,6.607151317596435,0.16439896821975708,0.08638887107372284,0.17504240572452545,0.49656155705451965,5.699694156646729e-08,3.7855262756347656,1.0231974748428911,1.1773477363889964,0.348096638917923,0.6015056371688843,7.7445436954498295,1.6014047861099243,-6.752088665962219e-08,2.326268434524536,0.0,3.073601222038269,0.38882341980934143,0.043720945715904236,0.12215401977300644,0.17414063215255737,0.4530509114265442,7.417984306812287e-08,2.625528573989868,0.8429331941530108,1.0460985828764686,0.4234579801559448,0.452216774225235,5.302248287200928
315,0.08866841712965959,0.6834374999999999,0.565829712702038,1.8917527198791504,2.407468855381012e-07,2.6075401306152344,0.0,3.095511221885681,4.0374291896820065,0.1666571944952011,0.08761749416589737,0.17777591943740845,0.49692150950431824,-2.3730099201202394e-07,3.2668583393096924,1.0041403037728742,1.2691369499287386,0.44066792726516724,0.5035492181777954,7.09590425491333,2.3720483779907227,2.0954757928848267e-09,2.6244571208953857,0.0,3.070548582077026,1.7002495050430297,0.044655222445726395,0.12285569310188293,0.17529456317424774,0.452871710062027,-1.3969838619232178e-09,3.8933494091033936,1.0662435073405505,1.3049013575351298,0.4287979006767273,0.4826505184173584,6.857801675796509
316,0.1982089782720795,0.8387499999999999,0.3431860134193597,2.0314083099365234,6.612390279769897e-08,1.8566428422927856,0.0,3.096288561820984,2.100001311302185,0.16670380532741547,0.08779682964086533,0.17810991406440735,0.49662020802497864,-5.8999285101890565e-08,2.702186346054077,1.054557862598449,1.2057492385887774,0.41873759031295776,0.4825461804866791,3.5752285957336425,1.5686336755752563,-1.4295801520347595e-07,2.2193174362182617,0.0,3.0708181858062744,0.4314625233411789,0.04579300805926323,0.1232433021068573,0.1760113537311554,0.45322513580322266,1.3159587979316712e-07,2.547213554382324,1.0272623825818301,1.2309015766636153,0.4009815454483032,0.4807126522064209,4.936864805221558
317,0.09692781618817947,0.8056249999999998,0.44278392871751554,1.6968480348587036,-2.0954757928848267e-08,2.1113955974578857,0.0,3.0965991735458376,3.670179915428162,0.16683894395828247,0.08798206597566605,0.17861595749855042,0.4968578517436981,2.167653292417526e-08,4.191583156585693,1.1082465286599472,1.2608753405823714,0.4070640504360199,0.4541183412075043,4.725803709030151,1.9368350505828857,9.266659617424011e-08,2.4237921237945557,0.0,3.069797992706299,2.531907057762146,0.046214502304792404,0.12345129251480103,0.17682336270809174,0.4544718563556671,-8.745118975639344e-08,3.270439863204956,1.028260519914329,1.2474140595145995,0.44928452372550964,0.4683569073677063,5.928365898132324
318,0.0893444264943997,0.9643750000000001,0.7990099263276461,2.0022125244140625,2.8032809495925903e-07,1.9557284116744995,0.0,3.0970220804214477,7.032107496261597,0.16635124385356903,0.08783815801143646,0.1783834844827652,0.4969582259654999,-2.759508788585663e-07,3.496457576751709,1.1497450986411422,1.2833532294699026,0.3989821672439575,0.5188516974449158,5.224495840072632,1.791707158088684,-3.585591912269592e-08,2.610804557800293,0.0,3.0695841550827025,0.3873122036457062,0.047220923006534576,0.12418054789304733,0.17830714583396912,0.45731601119041443,4.0000304579734805e-08,4.114180088043213,1.0059907512739301,1.29114236339662,0.43462491035461426,0.467407763004303,6.650046443939209
319,0.4604535281533747,0.3546875,0.039052763894189865,1.9320136308670044,1.1222437024116516e-07,2.307546615600586,0.0,3.097223138809204,1.982876682281494,0.16583950817584991,0.08760297298431396,0.17794522643089294,0.4969318211078644,-1.1799857020378113e-07,3.1642234325408936,1.0102247420232744,1.0783659798618381,0.4460875988006592,0.49394533038139343,5.299400186538696,2.053741216659546,3.864988684654236e-08,2.5797388553619385,0.0,3.0692071199417112,7.788895225524902,0.04899299144744873,0.12554115056991577,0.18005555868148804,0.45877641439437866,-4.1117891669273375e-08,3.084575653076172,0.9551656262949109,1.1831711084907515,0.42083072662353516,0.5165829062461853,8.304449272155761
320,0.2369495057283658,0.6359375,0.1546390141815989,2.002429246902466,1.695007085800171e-07,2.2165849208831787,0.0,3.0973590135574343,5.010955286026001,0.1655026227235794,0.08741314709186554,0.17750629782676697,0.49679088592529297,-1.6919802874326707e-07,2.726846933364868,0.9380981764988974,1.0936542027018754,0.40998604893684387,0.5182521343231201,5.473755025863648,1.7301212549209595,-3.5390257835388184e-08,2.550889253616333,0.0,3.0691707134246826,3.8368684530258177,0.050164975225925446,0.12646082043647766,0.18113939464092255,0.45953676104545593,3.776513040065765e-08,2.452327251434326,0.8155997645109891,1.0308902791977916,0.42404502630233765,0.45851972699165344,6.879015016555786
321,4.208567621013256,0.7481249999999999,0.5660048921925822,1.9357428550720215,8.335337042808533e-08,2.162724256515503,0.0,3.098131799697876,3.3512502908706665,0.16510245203971863,0.08721530437469482,0.1769709438085556,0.4964872896671295,-8.316710591316223e-08,3.494215726852417,1.1348610419780016,1.323434807428044,0.44728267192840576,0.5209653377532959,4.936314916610717,2.283177375793457,-1.1734664440155029e-07,2.4722354412078857,0.0,3.0694997310638428,1.304938930273056,0.05037049576640129,0.12649503350257874,0.18118681013584137,0.45976266264915466,1.287320628762245e-07,3.0204906463623047,0.8755482850596309,1.0796228390339064,0.4689510762691498,0.48261088132858276,6.083546590805054
322,0.06685166675626034,0.9731249999999999,0.46457870414539054,1.623230218887329,-1.6205012798309326e-07,2.211940288543701,0.0,3.098457598686218,5.400580358505249,0.16508075594902039,0.08720937371253967,0.1768520325422287,0.4962243139743805,1.6423873603343963e-07,3.4573171138763428,1.0090341897681356,1.2050064895125565,0.4719429612159729,0.4797227382659912,5.698648738861084,1.782220482826233,-5.21540641784668e-08,2.5239756107330322,0.0,3.071593689918518,1.2094888091087341,0.047597479075193405,0.12476950883865356,0.17876562476158142,0.45979636907577515,5.005858838558197e-08,2.97550106048584,0.7270962296053767,0.9374671295488228,0.456884503364563,0.43845295906066895,6.360642957687378
323,0.07171046971376142,0.8775000000000001,0.7510163950084014,1.859705924987793,6.05359673500061e-09,2.5212597846984863,0.0,3.098269510269165,4.377098226547242,0.16512183845043182,0.0872015506029129,0.176766037940979,0.4961138069629669,2.048909664154053e-09,4.5483293533325195,1.0790070440620183,1.293805157744983,0.4965144395828247,0.457602322101593,6.820462846755982,1.902915120124817,1.5133991837501526e-08,2.366281509399414,0.0,3.0741848707199098,1.0053698658943175,0.042679015547037125,0.12166843563318253,0.17443321645259857,0.4608382284641266,-1.3154931366443634e-08,2.8575310707092285,0.9507043473422527,1.1923453102032049,0.3732454478740692,0.5647182464599609,5.478043031692505
324,0.01911349187742037,0.3665625,0.559998464756419,1.6726746559143066,-1.0244548320770264e-07,2.2816240787506104,0.0,3.097871470451355,9.353419399261474,0.16517731547355652,0.08717948943376541,0.17678441107273102,0.496245414018631,1.0870862752199172e-07,3.3153083324432373,1.137957522366196,1.2265062174536083,0.4379638433456421,0.48306307196617126,7.494662475585938,1.85865318775177,-6.891787052154541e-08,2.6355817317962646,0.0,3.0739020824432375,0.7062817513942719,0.042591530829668045,0.12117870151996613,0.17379438877105713,0.46249231696128845,7.371418178081513e-08,3.7989144325256348,1.0185241628438235,1.2192728205491352,0.3700641393661499,0.5755299925804138,6.749721908569336
325,5.359925088448226,0.7737499999999999,0.6401988083242873,2.1732537746429443,4.842877388000488e-08,2.217275381088257,0.0,3.0976528882980348,9.494471549987793,0.16559621691703796,0.08731623739004135,0.1771892011165619,0.4966681897640228,-5.150213837623596e-08,3.2129063606262207,0.998660368937999,1.2007246576235826,0.4507482647895813,0.4692673087120056,7.283481740951538,1.9887410402297974,2.7939677238464355e-08,2.1912343502044678,0.0,3.069772458076477,4.65618667602539,0.0461103580892086,0.12228849530220032,0.17594386637210846,0.46393677592277527,-2.752058207988739e-08,3.2679548263549805,0.9397400956600904,1.1395303079284693,0.3818935751914978,0.5192750692367554,5.307021570205689
326,2.7462205903855863,0.7365625,-0.22271073942814099,2.193016290664673,-4.98257577419281e-08,1.8319509029388428,0.0,3.097631239891052,9.98458480834961,0.16592083871364594,0.0874423161149025,0.17749683558940887,0.4970463216304779,5.085021257400513e-08,3.601311206817627,1.091697516478598,1.2974075250309105,0.34226855635643005,0.4794066250324249,5.954107713699341,2.044099807739258,8.381903171539307e-08,1.9836759567260742,0.0,3.0670246124267577,1.6229736328125,0.04755474627017975,0.12244614958763123,0.17670077085494995,0.4662761986255646,-8.456408977508545e-08,3.713120937347412,0.9392197484150528,1.1962224437907465,0.38533085584640503,0.5063343048095703,3.9068273544311523
327,11.554819351941443,0.8209375000000001,0.23470206401102992,1.582729697227478,-9.266659617424011e-08,2.330737590789795,0.0,3.0980815172195433,0.6095877259969711,0.1659918874502182,0.08750572800636292,0.17758023738861084,0.4971752166748047,9.275972843170165e-08,2.7236521244049072,0.8791214217897505,1.0457910873203613,0.43818187713623047,0.4797315299510956,5.453889560699463,1.5465905666351318,-2.7939677238464355e-08,2.291980504989624,0.0,3.0643789768218994,5.1521453857421875,0.047716423869132996,0.12242157757282257,0.17693670094013214,0.46772339940071106,2.384185791015625e-08,3.7251768112182617,1.100367515347898,1.3484250487587284,0.4155055582523346,0.5205166339874268,6.11938796043396
328,0.04377923522627216,0.4065625,0.30900470863785706,1.4486545324325562,2.7939677238464355e-08,2.5414581298828125,0.0,3.0981241941452025,7.648335552215576,0.1662341207265854,0.0878162831068039,0.17823369801044464,0.4969731569290161,-2.6053749024868013e-08,3.9768590927124023,1.1006358601152897,1.2515344397672905,0.4784524440765381,0.4191513657569885,7.885549831390381,2.0852034091949463,-1.3271346688270569e-08,2.475468397140503,0.0,3.0634612321853636,1.5512190222740174,0.04768681526184082,0.12244585156440735,0.17712195217609406,0.4683871865272522,1.6624107956886293e-08,3.5868337154388428,1.0196327773854137,1.2590472736739824,0.39301830530166626,0.5604859590530396,6.033348608016968
329,0.1353176347383899,0.7981250000000001,0.42415144898210694,2.301417827606201,4.0978193283081055e-08,2.517153263092041,0.0,3.098374342918396,9.21666316986084,0.16639907658100128,0.08805619925260544,0.17882086336612701,0.4969577491283417,-3.986060619354248e-08,3.3378522396087646,0.9595237555913627,1.144054163668675,0.37491631507873535,0.5261455774307251,8.471969699859619,2.1505579948425293,-9.778887033462524e-08,2.078580379486084,0.0,3.0649334669113157,5.9644755840301515,0.046771954745054245,0.12121536582708359,0.17523892223834991,0.46825897693634033,9.96747985482216e-08,3.0649566650390625,0.8235552338883281,1.0635822475630077,0.37284886837005615,0.5674868226051331,5.356263732910156
330,7.397053202556103,0.6740625,-0.21632921724449145,1.9227538108825684,6.146728992462158e-08,2.2584238052368164,0.0,3.0998913288116454,1.4802770137786865,0.1665496826171875,0.08816272020339966,0.17920944094657898,0.49703171849250793,-6.565824151039124e-08,2.841461181640625,1.0794243060052395,1.201591795075905,0.43655362725257874,0.45232218503952026,5.031669569015503,1.8906707763671875,4.842877388000488e-08,3.0457000732421875,0.0,3.0660336017608643,4.686255025863647,0.04634561017155647,0.12037278711795807,0.17389068007469177,0.46819165349006653,-4.358589649200439e-08,2.925875663757324,0.9075070990249514,1.1420739348045919,0.44301745295524597,0.4761750102043152,9.79755449295044
331,0.04404623154722978,0.9465625,0.6376595313992952,2.066831588745117,5.4016709327697754e-08,1.8686047792434692,0.0,3.1062500953674315,8.41519832611084,0.16651321947574615,0.08822645992040634,0.17928200960159302,0.4972168803215027,-5.038455128669739e-08,2.8503189086914062,0.9113301795441657,1.0663665786764047,0.37071532011032104,0.5044165253639221,5.348094415664673,2.403582811355591,-4.6566128730773926e-08,2.3806464672088623,0.0,3.0668312311172485,6.09800238609314,0.04625861719250679,0.12016211450099945,0.1735370010137558,0.46816614270210266,5.480833351612091e-08,3.6897823810577393,0.9828123118728399,1.2749828902752693,0.358108788728714,0.5905493497848511,6.59690637588501
332,38.33532167941921,0.5846875,-0.32560428891206356,1.8894222974777222,-8.381903171539307e-08,2.07073712348938,0.0,3.110225534439087,5.451145124435425,0.1667872667312622,0.08838096261024475,0.17960329353809357,0.49762213230133057,8.685747161507607e-08,2.4991230964660645,0.949925864348188,1.0611851030664152,0.3742769956588745,0.5396120548248291,4.958359670639038,1.9659428596496582,1.8766149878501892e-07,2.26725172996521,0.0,3.0677075386047363,2.7643373250961303,0.04581885039806366,0.11982817947864532,0.17295055091381073,0.46814078092575073,-1.9278377294540405e-07,2.6497585773468018,0.8732104394584894,1.0426745405795437,0.43040281534194946,0.4346197247505188,5.406716060638428
333,0.11140626141047857,0.5540625,0.27807250099424924,2.202413320541382,-1.1827796697616577e-07,2.9595983028411865,0.0,3.1123205184936524,0.5430583029985427,0.166948601603508,0.08846739679574966,0.17969079315662384,0.49773553013801575,1.1580996215343475e-07,4.670637607574463,1.0411470676772296,1.29804889211743,0.383055180311203,0.5309035181999207,8.557424736022949,2.107464075088501,1.4808028936386108e-07,2.337677240371704,0.0,3.0699884414672853,1.3128612518310547,0.04410810396075249,0.11887986958026886,0.17124946415424347,0.4682812988758087,-1.4621764421463013e-07,2.5399134159088135,0.921002641133964,1.0762420254945468,0.37979984283447266,0.4722414016723633,5.386268997192383
334,0.17670808519505216,0.869375,0.3908659959762265,1.5196254253387451,-2.2351741790771484e-08,2.1880688667297363,0.0,3.1141510725021364,3.31884126663208,0.16796495020389557,0.08923643082380295,0.1807248443365097,0.4975290596485138,1.9650906324386598e-08,3.2941901683807373,1.0802733200602233,1.252089253016179,0.4115690588951111,0.4729522168636322,4.910727310180664,1.8481981754302979,1.7462298274040222e-08,2.430941104888916,0.0,3.0738574743270872,4.839717531204224,0.04252360016107559,0.11839985102415085,0.17045605182647705,0.4685841500759125,-1.4877878129482269e-08,2.6874191761016846,0.817674164287746,0.9954931641621811,0.387140154838562,0.5046949982643127,6.407995414733887
335,1.1117511289959185,0.7771874999999999,0.4024412719334752,2.154783248901367,-5.494803190231323e-08,2.1660115718841553,0.0,3.1143183946609496,0.8621462941169739,0.17076502740383148,0.09061291068792343,0.18342140316963196,0.49884578585624695,5.3830444812774656e-08,3.123793840408325,1.1270826001418754,1.2275720574084588,0.4156584143638611,0.4965612590312958,4.603002834320068,2.024609327316284,-5.960464477539063e-08,2.75284743309021,0.0,3.0768995761871336,0.62624089717865,0.041978590190410614,0.1185072809457779,0.17067311704158783,0.4689813554286957,6.102491170167924e-08,3.109475612640381,0.9891866320744157,1.1757595026383851,0.3830031156539917,0.5216566920280457,7.353555393218994
336,1.2179224125578003,0.87375,-0.18256939863527819,2.1333978176116943,-7.497146725654602e-08,2.171553134918213,0.0,3.109016489982605,6.477420854568481,0.17165270447731018,0.09043345600366592,0.18407677114009857,0.5000603795051575,7.301568984985352e-08,3.1745219230651855,1.1533442466054111,1.3471422387363283,0.3809662163257599,0.567681610584259,5.740011692047119,1.7695239782333374,-9.313225746154785e-10,2.1797287464141846,0.0,3.0840851306915282,2.160965931415558,0.040484558790922165,0.11802786588668823,0.16919362545013428,0.4704490005970001,6.28642737865448e-09,3.1934852600097656,0.973492538370192,1.2316744627748655,0.4079671800136566,0.5643320083618164,4.955506134033203
337,2.451801877788211,0.6471875,0.05125878396044198,1.903235673904419,-3.5390257835388184e-08,2.2867157459259033,0.0,3.1053960800170897,1.6748525738716125,0.17118871212005615,0.08955910056829453,0.1833345592021942,0.5002641081809998,3.683380782604217e-08,3.281810760498047,1.2102266028290614,1.4331513977931498,0.4221222996711731,0.49018168449401855,5.1672282218933105,1.5748896598815918,-3.166496753692627e-08,2.4735357761383057,0.0,3.090525674819946,3.5152057886123655,0.039312515407800674,0.11744228005409241,0.16765789687633514,0.4734289348125458,2.8731301426887514e-08,2.9853804111480713,0.885560205951333,1.1234450835257042,0.4594305753707886,0.4507477581501007,6.404730558395386
338,0.692702711262104,0.869375,0.5095483655029815,1.799259901046753,-8.288770914077759e-08,2.4833645820617676,0.0,3.1040924310684206,1.5788339138031007,0.1708027869462967,0.08903299272060394,0.18287254869937897,0.4997141659259796,8.111819624900817e-08,3.628195285797119,1.0267053874442353,1.1623171690124983,0.4377484917640686,0.49174994230270386,6.1897624969482425,1.6226829290390015,-1.1781230568885803e-07,2.630730152130127,0.0,3.093408393859863,2.592900025844574,0.03835699334740639,0.11687979102134705,0.16663378477096558,0.4748566150665283,1.2009404599666594e-07,2.740319013595581,0.9930467911064624,1.1656510839130436,0.45959019660949707,0.4577454626560211,7.093897676467895
339,0.17410413549929565,0.8221875000000001,0.43655710928409147,2.0028982162475586,-8.521601557731628e-08,1.866104245185852,0.0,3.1049625158309935,1.7703617811203003,0.17217904329299927,0.08958955854177475,0.1845449060201645,0.5000900030136108,7.757917046546936e-08,3.9836270809173584,1.1594931521452962,1.2736725117548682,0.37649720907211304,0.4870396852493286,3.57323739528656,1.9272645711898804,4.936009645462036e-08,2.6347997188568115,0.0,3.0946018934249877,7.783754968643189,0.03840276971459389,0.1169135570526123,0.16665619611740112,0.4756520092487335,-5.806796252727509e-08,2.6767055988311768,0.9311076369136572,1.1539602495707308,0.4185015559196472,0.5506640076637268,8.381918907165527
340,0.22315262318591209,0.8178124999999998,0.6843401256237391,2.142690896987915,1.755543053150177e-07,2.0537467002868652,0.0,3.1100219011306764,1.0041624546051025,0.17603987455368042,0.0915343165397644,0.1885729879140854,0.5025811195373535,-1.739244908094406e-07,3.756807804107666,1.136980835860595,1.3012811690934467,0.3996261954307556,0.5258561372756958,4.293127202987671,2.354933023452759,-2.8870999813079834e-08,2.057675361633301,0.0,3.0947842359542848,8.658581066131593,0.03857370465993881,0.11709456145763397,0.16691894829273224,0.47595953941345215,3.105960786342621e-08,3.614156723022461,0.9999461149796843,1.2357328689810996,0.41140180826187134,0.5194581747055054,6.230079174041748
341,0.028832081155551175,0.9549999999999998,1.052647107610278,1.6827927827835083,-1.2898817658424377e-07,2.5255379676818848,0.0,3.1143041610717774,1.7937939524650575,0.17843790352344513,0.09246423840522766,0.19072633981704712,0.5048624277114868,1.326669007539749e-07,2.673912286758423,0.9958748050034046,1.1521861846558126,0.43090665340423584,0.49460747838020325,6.511902284622193,1.8642960786819458,1.8114224076271057e-07,2.1750199794769287,0.0,3.094806981086731,3.5252042055130004,0.038373999297618866,0.11709380149841309,0.1669052243232727,0.47594454884529114,-1.8267892301082612e-07,2.6169052124023438,0.8588211562484502,1.0772660585443374,0.398188054561615,0.43803465366363525,5.025239610671997
342,0.7215614599893325,0.8021874999999999,0.4407344820491634,1.8071073293685913,7.729977369308472e-08,2.1485674381256104,0.0,3.114671325683594,0.7475025832653046,0.1787479817867279,0.09252959489822388,0.19081199169158936,0.505488395690918,-8.181668817996978e-08,2.7355055809020996,1.1254251287784427,1.2992492529098343,0.37633466720581055,0.5459466576576233,4.560738563537598,2.0236542224884033,4.190951585769653e-08,2.321166753768921,0.0,3.095337390899658,5.318755292892456,0.03919048234820366,0.1175985187292099,0.16758041083812714,0.47631534934043884,-4.1024759411811826e-08,3.25134539604187,0.9559757942333817,1.2092304599928918,0.3649677634239197,0.519364595413208,6.1529021739959715
343,0.19740769812537903,0.7690625000000001,0.3584877900921656,1.9643139839172363,-1.3969838619232178e-09,1.8842008113861084,0.0,3.1115575551986696,3.5554851293563843,0.1827421337366104,0.0939168706536293,0.194399893283844,0.5061030983924866,8.940696716308593e-09,2.958585739135742,1.0995289632119238,1.241830060146639,0.3861980438232422,0.527334451675415,3.8177592515945435,2.2389886379241943,-2.3283064365386963e-08,2.2333929538726807,0.0,3.095414900779724,2.3866885185241697,0.04011291265487671,0.11813859641551971,0.16834872961044312,0.47671419382095337,2.183951437473297e-08,2.874009847640991,0.9119513440877199,1.165044486107149,0.39545542001724243,0.5037899613380432,5.0694269180297855
344,5.315920473349836,0.9234375,0.3957432476602545,2.2536845207214355,8.381903171539307e-09,2.5007643699645996,0.0,3.1116294860839844,1.1036329746246338,0.18660873174667358,0.09510041773319244,0.19786226749420166,0.5073205828666687,-8.475035429000854e-09,3.4240076541900635,1.1064407697878778,1.0950394416044393,0.4537327289581299,0.45139172673225403,6.163489532470703,1.435862421989441,1.1222437024116516e-07,2.6274688243865967,0.0,3.0946722269058227,6.13162522315979,0.04024556279182434,0.11833912879228592,0.16863970458507538,0.47659972310066223,-1.1515803635120392e-07,3.1818132400512695,0.9916098296642304,1.2161862411164048,0.44498977065086365,0.4544427990913391,7.9633955478668215
345,0.06596941335296355,0.7381249999999999,0.7024027103691827,1.4748597145080566,-1.4901161193847656e-08,2.704885721206665,0.0,3.1162391662597657,7.172792959213257,0.1874607652425766,0.09483668953180313,0.19769829511642456,0.5073063969612122,1.441221684217453e-08,3.3006432056427,1.1571296809706837,1.3073649215467866,0.4742071330547333,0.4989502727985382,8.553884983062744,1.859492301940918,2.2351741790771484e-08,2.373293876647949,0.0,3.0939674854278563,1.3138559460639954,0.04033853858709335,0.11854265630245209,0.16888271272182465,0.4764326214790344,-2.4260953068733216e-08,3.251818895339966,0.8434666878543794,1.0531168633936414,0.4094463288784027,0.5160210728645325,5.6500218391418455
346,3.773176028038454,0.9571875000000001,0.57013628393133,1.8136340379714966,9.220093488693237e-08,2.417865037918091,0.0,3.118224048614502,0.751247125864029,0.18804414570331573,0.09471813589334488,0.19758661091327667,0.5070465207099915,-9.266659617424011e-08,3.3044166564941406,1.2374999850057065,1.3203739082170096,0.4300056993961334,0.4734530746936798,5.802898168563843,2.4380242824554443,-5.029141902923584e-08,2.2101545333862305,0.0,3.0930181741714478,3.075285482406616,0.039122264832258224,0.11788976937532425,0.16807322204113007,0.475908488035202,4.637986421585083e-08,3.8343558311462402,0.9166679387912154,1.1891830303451618,0.39756566286087036,0.48063936829566956,4.97499713897705
347,0.31106423617854884,0.5646875,0.3889182783608124,2.200136661529541,-4.6566128730773926e-09,2.5031111240386963,0.0,3.119953465461731,0.8995019555091858,0.19014516472816467,0.09428870677947998,0.1991281658411026,0.5051124691963196,8.149072527885437e-09,3.818260669708252,1.284676475310698,1.446486993647582,0.3937586545944214,0.49223968386650085,6.138076114654541,2.1487340927124023,1.7229467630386353e-08,2.4866445064544678,0.0,3.093412733078003,1.423607349395752,0.037566427141427994,0.1170281320810318,0.16698932647705078,0.47539499402046204,-1.1874362826347351e-08,4.123932838439941,0.9826208459213376,1.2196828058242057,0.4506177306175232,0.4838430881500244,6.143252563476563
348,0.11827449910683427,0.6478125,0.5533223462473356,1.8251899480819702,-2.868473529815674e-07,2.3482885360717773,0.0,3.124529719352722,4.470401811599731,0.19230543076992035,0.09432612359523773,0.20110781490802765,0.503489077091217,2.9033981263637543e-07,3.6119401454925537,1.0724062001798302,1.1781830511132632,0.4688360095024109,0.4692767262458801,5.942612600326538,1.8953810930252075,6.146728992462158e-08,2.5976192951202393,0.0,3.0928908824920653,0.7149950444698334,0.03826964274048805,0.11772870272397995,0.16797997057437897,0.4757513105869293,-4.945322871208191e-08,2.7666099071502686,0.9585891514550895,1.1726816972545133,0.4353035092353821,0.5105955600738525,6.767671966552735
349,0.06388894797701947,0.7109375,0.4372775460510388,2.0139081478118896,3.166496753692627e-08,2.1660189628601074,0.0,3.126880741119385,0.6844598859548569,0.1932554394006729,0.09468270093202591,0.20218950510025024,0.5030480027198792,-3.138557076454163e-08,3.711397409439087,1.1522926790639758,1.1424991496505252,0.40691396594047546,0.5123535990715027,4.635080289840698,2.0439298152923584,2.60770320892334e-08,2.493983268737793,0.0,3.0907264232635496,0.34276183545589445,0.0374990776181221,0.11726333200931549,0.1674022078514099,0.4759694039821625,-1.969747245311737e-08,3.5667319297790527,0.9609355919994413,1.1784875583178276,0.48217689990997314,0.4926884174346924,5.985724830627442
350,0.05130943436823312,0.9125,0.5530850963275946,1.5663708448410034,6.984919309616089e-08,2.2536792755126953,0.0,3.1279536724090575,1.0052604019641875,0.19501526653766632,0.09530520439147949,0.2040739506483078,0.5027934908866882,-6.30505383014679e-08,3.9586634635925293,1.1364756676368415,1.2935788959140577,0.42279988527297974,0.428457111120224,5.085193252563476,1.6254912614822388,1.30385160446167e-07,2.1841485500335693,0.0,3.0935148000717163,3.554688572883606,0.03394909203052521,0.11449084430932999,0.16368286311626434,0.47592610120773315,-1.261010766029358e-07,4.334619522094727,0.9755380554124713,1.183899387864392,0.42514389753341675,0.5072393417358398,5.093567657470703
351,0.14674877102041645,0.7740625,0.7744902167066738,2.109374761581421,-2.3283064365386963e-09,2.8914480209350586,0.0,3.1303098440170287,2.281205439567566,0.19441324472427368,0.09518709778785706,0.20321975648403168,0.5036634206771851,7.497146725654603e-09,3.6155078411102295,1.1575162299443036,1.3196646100035083,0.4522767961025238,0.507440447807312,8.238945579528808,1.626829981803894,-3.771856427192688e-08,2.4869518280029297,0.0,3.094775891304016,2.8519821166992188,0.032140858471393585,0.11299575865268707,0.16170556843280792,0.476642370223999,3.4831464290618895e-08,2.9880261421203613,0.9884547736495733,1.203243947579473,0.4128500819206238,0.5041540265083313,6.310771703720093
352,1443721.6673500822,0.7984375,-0.2260898337345189,1.7764002084732056,-1.0617077350616455e-07,2.501288890838623,0.0,3.1300308465957642,0.6150029331445694,0.19546250998973846,0.0950886681675911,0.20402655005455017,0.503974199295044,1.0402873158454895e-07,4.291877746582031,1.2810190551914276,1.4457803288344775,0.4046635925769806,0.4662702679634094,6.204268074035644,2.1134676933288574,-2.1979212760925293e-07,2.251453161239624,0.0,3.094600772857666,0.9910239577293396,0.032032307237386703,0.11284217983484268,0.16149480640888214,0.4772329330444336,2.2170133888721467e-07,3.230393409729004,0.9253558641299605,1.1779149684828296,0.43454477190971375,0.4914792776107788,5.028658294677735
353,0.8313745520090319,0.8759375,0.5916254964636274,2.2259504795074463,8.544884622097015e-08,2.2755544185638428,0.0,3.1295586585998536,3.446630764007568,0.19930827617645264,0.09546544402837753,0.2080448567867279,0.5030556917190552,-8.419156074523926e-08,3.3209400177001953,1.0561851107515394,1.140207237942701,0.3963773846626282,0.5521579384803772,5.256830406188965,1.3387466669082642,-4.7031790018081665e-08,2.176396369934082,0.0,3.0907163619995117,0.7378038167953491,0.034803565591573715,0.11452344805002213,0.16367894411087036,0.4784771203994751,4.686880856752396e-08,2.787757158279419,0.9235891219228506,1.114207829979365,0.40441834926605225,0.5018845796585083,4.677430582046509
354,9.112680473954375,0.6509375000000001,0.10327917429141606,1.7183796167373657,-5.960464477539063e-08,2.354654550552368,0.0,3.129674291610718,4.730617237091065,0.20290763676166534,0.0964367538690567,0.21214061975479126,0.5032209753990173,6.183981895446778e-08,3.6439576148986816,1.2358068918809295,1.2689262362757594,0.4160774350166321,0.4730273187160492,5.984109783172608,1.7172725200653076,6.705522537231445e-08,2.3155298233032227,0.0,3.0914832592010497,1.9612320423126222,0.042862746864557266,0.11948120594024658,0.1703672707080841,0.4834407567977905,-7.213093340396881e-08,3.639223337173462,1.0121393516659736,1.2666042895634422,0.41922590136528015,0.47606223821640015,5.482310962677002
355,0.01705416063399447,0.7621875,0.7807402804686081,2.4155771732330322,7.35744833946228e-08,2.601473569869995,0.0,3.130210280418396,7.190056705474854,0.2043369561433792,0.09739547967910767,0.21386107802391052,0.5037622451782227,-7.622875273227691e-08,4.1586713790893555,1.2275854052975774,1.3930005228381297,0.4299109876155853,0.48024246096611023,7.96472692489624,2.1457033157348633,-1.1594966053962708e-07,2.1512303352355957,0.0,3.092662787437439,2.1311864852905273,0.04845220968127251,0.12341900169849396,0.1757505238056183,0.48921990394592285,1.1920928955078125e-07,3.0483076572418213,0.929236888885498,1.1710098106300297,0.427105188369751,0.527005672454834,4.635154867172242
356,2.6532615135368056,0.6265625,0.18415319991587967,1.4654524326324463,2.6728957891464233e-07,2.4271860122680664,0.0,3.1303203821182253,3.6469888210296633,0.20465879142284393,0.09768614172935486,0.2142561972141266,0.5040618181228638,-2.6482157409191134e-07,3.4444003105163574,1.1307567262090743,1.3057521639324179,0.42440900206565857,0.4901927709579468,6.149142217636109,2.0685062408447266,8.66129994392395e-08,2.2936925888061523,0.0,3.0914008378982545,1.8859787583351135,0.0501042902469635,0.12483805418014526,0.1776602864265442,0.4917432367801666,-8.977949619293213e-08,4.1320881843566895,1.0108339002355933,1.2684856455307898,0.40515169501304626,0.538297712802887,5.310941600799561
357,0.5414310475719619,0.8106249999999999,0.48937433943024883,1.7333014011383057,2.9802322387695312e-08,2.1908059120178223,0.0,3.1298372030258177,9.029435539245606,0.20431950688362122,0.0980200543999672,0.21391835808753967,0.5044591426849365,-3.69735062122345e-08,4.126338005065918,1.2671641779132188,1.3809367433579625,0.45678016543388367,0.46401405334472656,6.964410448074341,1.8601422309875488,1.2293457984924316e-07,2.263996124267578,0.0,3.0903727054595946,1.409064781665802,0.05007147789001465,0.12540015578269958,0.1782967448234558,0.4924134314060211,-1.2461096048355104e-07,3.3912627696990967,0.8436750590801239,1.0626961350287931,0.42483997344970703,0.5370743870735168,5.089710426330567
358,0.037636312104886736,0.7884375,0.7574200936209976,1.8694528341293335,5.587935447692871e-08,1.9725176095962524,0.0,3.1300163507461547,4.226052093505859,0.2042684555053711,0.09849918633699417,0.2139226645231247,0.504779040813446,-4.945322871208191e-08,3.888612747192383,1.3097818235401064,1.4019766166183818,0.4185144901275635,0.4596376419067383,4.3280754566192625,1.8887885808944702,7.729977369308472e-08,2.2648723125457764,0.0,3.0897324800491335,2.6489098072052,0.04805612564086914,0.12481716275215149,0.1773824840784073,0.49219369888305664,-7.832422852516174e-08,4.0455002784729,0.9100511882454156,1.1784698969542466,0.4091811776161194,0.502163290977478,5.254304504394531
359,0.05906671768717523,0.871875,0.5109943999938917,1.838413953781128,1.1734664440155029e-07,2.679569959640503,0.0,3.130780029296875,9.51353874206543,0.20453111827373505,0.0983634740114212,0.21410661935806274,0.5047053098678589,-1.1613592505455017e-07,3.7908072471618652,1.2117960293777288,1.20218055273587,0.4701414704322815,0.48788192868232727,9.52057991027832,1.6076804399490356,-2.1513551473617554e-07,2.165217638015747,0.0,3.0896130561828614,8.852975654602051,0.046739257872104645,0.12449027597904205,0.17693307995796204,0.4923298954963684,2.1727755665779115e-07,3.004673480987549,1.0187775511760264,1.2808033304234199,0.4407404065132141,0.47388899326324463,6.901146984100341
360,0.03699591608861383,0.7768749999999999,0.8082337683427714,1.7407259941101074,-3.119930624961853e-08,2.648669958114624,0.0,3.1308139085769655,3.3926299810409546,0.20497827231884003,0.09832984954118729,0.21453499794006348,0.5046402215957642,2.9499642550945283e-08,3.284541130065918,1.2206006517633796,1.406930508114218,0.46513649821281433,0.4689638316631317,7.199350786209107,1.7286677360534668,-9.918585419654846e-08,3.084761142730713,0.0,3.0892391443252563,0.7927503883838654,0.04653151333332062,0.12465862929821014,0.17721056938171387,0.4925300180912018,9.788200259208679e-08,2.692239761352539,0.9074384352192283,1.1119887244163886,0.4461986720561981,0.532641589641571,9.305375671386718
361,0.17058517639257467,0.8878125000000001,0.5233344400358184,2.4535558223724365,-2.1606683731079102e-07,2.3044137954711914,0.0,3.1303369760513307,7.465029287338257,0.20593076944351196,0.0991683155298233,0.21578389406204224,0.5048707127571106,2.0749866962432862e-07,3.923042058944702,1.3178501890972256,1.3625162647486044,0.3942597508430481,0.5320851802825928,6.52831072807312,1.8280786275863647,2.7567148208618164e-07,2.212263822555542,0.0,3.0876670360565184,0.6249965310096741,0.04611770808696747,0.12462557852268219,0.1774195432662964,0.49251607060432434,-2.745538949966431e-07,2.871314764022827,0.967249448876828,1.1748810520023145,0.40854141116142273,0.4946480095386505,4.8121123790740965
362,0.14848204838312468,0.8828125,0.6087513238084946,1.605979561805725,8.288770914077759e-08,2.084660053253174,0.0,3.1292755365371705,3.3375935554504395,0.20702865719795227,0.10062706470489502,0.21732914447784424,0.5053748488426208,-8.23289155960083e-08,3.584052801132202,1.176157327927649,1.2921988762873764,0.4076497554779053,0.49982312321662903,4.510171699523926,2.2558093070983887,7.683411240577698e-08,2.489753007888794,0.0,3.084864854812622,0.8086646735668183,0.042876049876213074,0.12366482615470886,0.17644725739955902,0.4913654029369354,-7.676426321268081e-08,3.6689343452453613,1.018862778507173,1.2910527684994144,0.43687427043914795,0.49975430965423584,5.961186265945434
363,0.09620789602692043,0.6940625,0.44715434512426383,1.7632962465286255,4.377216100692749e-08,2.686408519744873,0.0,3.1278316736221314,6.263394069671631,0.20749399065971375,0.10198645293712616,0.21812990307807922,0.5060999393463135,-4.6659260988235475e-08,3.94799542427063,1.3196641363669186,1.344247030784455,0.3931708037853241,0.5401216149330139,8.043701410293579,1.7327371835708618,-2.0489096641540527e-07,2.395008087158203,0.0,3.0860093355178835,0.4343298852443695,0.038140662014484406,0.12094767391681671,0.17335519194602966,0.4913569986820221,2.0978040993213654e-07,3.673142910003662,0.8832135023549199,1.1047396954494935,0.43798840045928955,0.49879559874534607,5.6606590270996096
364,5.0567591406890475,0.9037500000000002,0.2678201672692594,1.799415111541748,3.119930624961853e-08,2.485038995742798,0.0,3.128581714630127,0.5055325150489807,0.20758205652236938,0.10262122750282288,0.2183133214712143,0.5065949559211731,-3.837049007415772e-08,3.3832173347473145,1.2619758335407822,1.246928580079566,0.4955488443374634,0.42157238721847534,6.101374101638794,1.799902319908142,-3.166496753692627e-08,2.306152105331421,0.0,3.0871197462081907,4.3576561450958256,0.03121727891266346,0.11735213547945023,0.16894210875034332,0.49219149351119995,3.366731107234955e-08,3.804466724395752,0.8826336740516126,1.1886930802688165,0.4243285059928894,0.46892061829566956,5.881510829925537
365,0.13365958387949275,0.911875,0.5821506906849445,1.8117682933807373,-5.448237061500549e-08,2.1336238384246826,0.0,3.131855869293213,6.639675045013428,0.20764058828353882,0.10496599227190018,0.21849390864372253,0.5101708173751831,5.546025931835174e-08,3.182060480117798,1.0660024577751757,1.270952481679924,0.40848544239997864,0.5199682712554932,5.5077958583831785,2.468754768371582,-4.936009645462036e-08,2.2455973625183105,0.0,3.0874846458435057,2.9329452514648438,0.027078593149781227,0.11552628874778748,0.16657832264900208,0.4948835074901581,4.6333298087120056e-08,4.3504180908203125,0.9688182932324707,1.2223040576587252,0.41874468326568604,0.4532821476459503,5.137741947174073
366,0.12960782067114365,0.725625,0.27445920579302285,1.590944766998291,-6.426125764846802e-08,2.2728443145751953,0.0,3.1336039304733276,1.4767615437507629,0.20796041190624237,0.10698041319847107,0.21897725760936737,0.5142998099327087,6.062909960746765e-08,4.21016263961792,1.1642200832720846,1.2016171578181944,0.4039686918258667,0.5165023803710938,5.094085216522217,1.7062487602233887,3.725290298461914e-08,2.3515501022338867,0.0,3.0885587453842165,1.2935349881649016,0.026102153584361076,0.11526338756084442,0.16621504724025726,0.4965091943740845,-3.4738332033157346e-08,2.4509150981903076,0.7807786516379565,0.9454155856717952,0.4629683792591095,0.44160035252571106,5.423385715484619
367,0.07836706016211402,0.875625,0.7266614462260441,2.1636428833007812,-5.564652383327484e-08,2.4146273136138916,0.0,3.1351474285125733,2.5212704658508303,0.20680230855941772,0.10730529576539993,0.21761074662208557,0.5162962079048157,5.00120222568512e-08,3.2229361534118652,1.1572866005357354,1.2643590448153217,0.4049898386001587,0.5189995765686035,5.8723796844482425,1.8347506523132324,-1.4156103134155273e-07,1.9456485509872437,0.0,3.090429162979126,5.126114225387573,0.025228573009371758,0.11535157263278961,0.16641516983509064,0.4970104992389679,1.3923272490501404e-07,2.8157365322113037,0.8533861642703414,1.0499228122747766,0.3882408142089844,0.5188370943069458,4.557113361358643
368,8.088329553931546,0.9015625,0.4678181283739097,1.6481232643127441,2.8870999813079834e-08,2.2708041667938232,0.0,3.1369232892990113,0.45570759773254393,0.2065151035785675,0.10797950625419617,0.21753457188606262,0.5169567465782166,-2.3329630494117737e-08,3.6859517097473145,1.3616747851483524,1.3719685255455591,0.40076494216918945,0.5036882162094116,5.068980598449707,2.9278059005737305,4.563480615615845e-08,2.2085208892822266,0.0,3.090929102897644,1.8604724049568175,0.024827606976032257,0.11535666882991791,0.16653244197368622,0.4973021149635315,-3.799796104431152e-08,3.1590332984924316,0.8873741969466209,1.128461625054209,0.4091475307941437,0.5080401301383972,4.833007431030273
369,1.0021034713806791,0.7506250000000001,0.8448621658738433,2.603572368621826,1.7601996660232544e-07,1.7606383562088013,0.0,3.1434356451034544,10.975495338439941,0.2061958909034729,0.11229746043682098,0.21906790137290955,0.5163146257400513,-1.7909333109855653e-07,5.159566879272461,1.3525086667388677,1.499333540351323,0.40826740860939026,0.5338903069496155,6.23852424621582,1.4837791919708252,-2.561137080192566e-07,1.852189064025879,0.0,3.091497540473938,11.72334976196289,0.025401853024959564,0.11563736200332642,0.16701482236385345,0.49769526720046997,2.5862827897071837e-07,2.903944969177246,0.8904869279824197,1.1137340697978402,0.44454485177993774,0.47625309228897095,7.8013488292694095
370,0.10322665901292274,0.8074999999999999,0.458959695153702,2.1262712478637695,-1.1175870895385742e-07,2.72229266166687,0.0,3.1477110147476197,0.5995500415563584,0.2057618796825409,0.11583155393600464,0.22020907700061798,0.5158485770225525,1.1045485734939575e-07,4.386631965637207,1.288298203283921,1.3794123341503821,0.39396345615386963,0.49423345923423767,7.229707193374634,1.6446913480758667,9.872019290924072e-08,2.414320468902588,0.0,3.0918787240982057,2.3060598492622377,0.02593245729804039,0.11594017595052719,0.16752153635025024,0.49801167845726013,-1.0617077350616455e-07,3.602332353591919,1.048370164539665,1.29708941765093,0.42796456813812256,0.5473213195800781,5.7616331577301025
371,0.04454872803241834,0.8556250000000001,0.6767474559096112,1.760797142982483,-1.210719347000122e-08,2.538649320602417,0.0,3.1580257415771484,0.5773872077465058,0.20663462579250336,0.11813134700059891,0.22222788631916046,0.5155555009841919,1.0617077350616455e-08,3.8298964500427246,1.3324307046015746,1.550058233699509,0.406423419713974,0.49634426832199097,6.195308113098145,1.8076605796813965,-1.564621925354004e-07,2.4502177238464355,0.0,3.0920847177505495,3.346033549308777,0.02547399513423443,0.11622916907072067,0.168063685297966,0.49785903096199036,1.468230038881302e-07,2.9432213306427,0.9134328985586763,1.1528843181226045,0.4475380778312683,0.4700988233089447,6.290472078323364
372,0.06052230132725096,0.6625,0.4789454076482745,1.665257453918457,-1.1594966053962708e-07,2.4364707469940186,0.0,3.172787380218506,0.5022631347179413,0.20729663968086243,0.11880221217870712,0.22277623414993286,0.5179719924926758,1.1846423149108887e-07,3.512813091278076,1.233047999208793,1.4630505445621775,0.4181508421897888,0.5449743866920471,5.812150716781616,1.5788867473602295,7.776543498039246e-08,2.7930684089660645,0.0,3.092284822463989,2.669399070739746,0.02437387779355049,0.11622391641139984,0.16816745698451996,0.4974575936794281,-7.660128176212311e-08,2.965442657470703,0.8671238437760621,1.077067881511333,0.39413726329803467,0.5544149875640869,7.708496379852295
373,0.06767912226993908,0.8568750000000002,0.7361991757074713,2.072751998901367,9.313225746154785e-10,2.180874824523926,0.0,3.1819103479385378,6.597347640991211,0.20743098855018616,0.11682254821062088,0.22170649468898773,0.5217234492301941,-5.820766091346741e-09,4.22616720199585,1.2164523650892078,1.2118931460764455,0.4118536412715912,0.5067960023880005,5.894164323806763,2.4491701126098633,-5.587935447692871e-09,2.4603872299194336,0.0,3.091827464103699,2.4852136850357054,0.024641191586852074,0.11641954630613327,0.1685384064912796,0.4976389408111572,1.0244548320770264e-08,3.1474733352661133,0.882225975766778,1.1190251385553815,0.4336583912372589,0.5410550236701965,6.025197315216064
374,0.03896060224597542,0.38906250000000003,0.2350001500753181,1.750411868095398,1.126900315284729e-07,2.7649288177490234,0.0,3.185659670829773,2.5837603569030763,0.20822693407535553,0.11571250855922699,0.22186057269573212,0.5251587629318237,-1.160893589258194e-07,2.873800277709961,1.078970631584525,1.059805349570663,0.4222494661808014,0.510318398475647,7.623992204666138,1.5746214389801025,-1.4621764421463013e-07,1.8336821794509888,0.0,3.091379976272583,4.954013919830322,0.024671481922268867,0.11688870936632156,0.1692764163017273,0.4976724088191986,1.5273690223693848e-07,2.3385329246520996,0.8335806435905397,1.0297192975202099,0.42196887731552124,0.4789750874042511,4.060281133651733
375,0.06163643310994053,0.6728125,0.3316549321075878,1.8393712043762207,-1.4668330550193787e-08,2.6147422790527344,0.0,3.189023733139038,1.1393723964691163,0.20818206667900085,0.11526869237422943,0.2217416912317276,0.5263121724128723,1.2991949915885925e-08,3.5037245750427246,1.137040739110671,1.3080079349000122,0.41368067264556885,0.4824095070362091,6.7504377365112305,2.2315163612365723,-1.7695128917694092e-07,1.8617031574249268,0.0,3.0912110805511475,4.227299308776855,0.024209748953580856,0.11722421646118164,0.16977271437644958,0.4974997043609619,1.755543053150177e-07,2.7715065479278564,0.9366735535673797,1.1570086015105538,0.3503788113594055,0.554314911365509,3.99526731967926
376,0.04705073477705183,0.8121875,0.5116984113760152,2.2878098487854004,-1.7229467630386353e-08,2.294142007827759,0.0,3.1925519466400147,2.101645660400391,0.2077711969614029,0.11462073773145676,0.22105078399181366,0.5265618562698364,1.89291313290596e-08,3.746885299682617,1.4234104264527558,1.48423960153893,0.40739941596984863,0.5340896844863892,5.26063494682312,1.6207129955291748,5.4016709327697754e-08,2.455432176589966,0.0,3.0917361259460447,2.507855486869812,0.024026524275541306,0.11730080842971802,0.16982877254486084,0.49742215871810913,-4.805624485015869e-08,2.5377063751220703,0.8740348295774311,1.0545117107630337,0.40721794962882996,0.4769086539745331,6.039352798461914
377,0.022420068747955553,0.6796875,0.733115889869661,2.422027111053467,2.2351741790771484e-08,2.39216685295105,0.0,3.1946664333343504,6.000225353240967,0.20829026401042938,0.1146870106458664,0.22133579850196838,0.5269270539283752,-2.537854015827179e-08,4.32806396484375,1.2451793589163571,1.387828153780985,0.4213827848434448,0.47684603929519653,6.418519353866577,2.0160465240478516,1.7695128917694092e-08,2.198621988296509,0.0,3.0918394804000853,8.148594665527344,0.023802625015378,0.11765393614768982,0.170221209526062,0.4974219501018524,-1.578591763973236e-08,2.631817579269409,1.0125560931861401,1.2212905563123522,0.42450278997421265,0.5218157768249512,6.615688943862915
378,2.4403472098289463,0.745625,0.574917235555453,1.9992858171463013,2.169981598854065e-07,2.4454896450042725,0.0,3.1952882528305055,1.9081939935684205,0.20886138081550598,0.11499913036823273,0.2218078225851059,0.5271427631378174,-2.1478626877069473e-07,3.4444124698638916,1.3905984049662947,1.474414592629397,0.4100952446460724,0.5356370806694031,5.911258840560913,2.2667956352233887,-1.862645149230957e-08,2.074937343597412,0.0,3.092214751243591,3.009667754173279,0.023283496499061584,0.11800000816583633,0.17066064476966858,0.4973624050617218,1.1362135410308837e-08,3.5654540061950684,0.9656381452921778,1.2327883185806312,0.3729264736175537,0.535749614238739,4.516901540756225
379,0.15455277734657033,0.8034374999999999,0.8418706010788352,1.8918671607971191,2.0954757928848267e-08,2.068755626678467,0.0,3.1951391458511353,8.465335178375245,0.20890645682811737,0.11512158811092377,0.22145691514015198,0.527359664440155,-2.0675361156463622e-08,5.136963844299316,1.3331209618598223,1.6140107213416244,0.4455917179584503,0.4512612819671631,6.343004941940308,2.0904831886291504,-2.3562461137771606e-07,1.9713499546051025,0.0,3.092451548576355,0.5776022374629974,0.022233212366700172,0.1179976537823677,0.17066311836242676,0.4970964193344116,2.3823231458663941e-07,3.0656211376190186,1.0120941299479456,1.2148291937480482,0.3893401622772217,0.5139210820198059,3.8275776147842406
380,54.737634446332244,0.9168749999999999,-0.08243560091942118,2.199906349182129,-4.7031790018081665e-08,2.347179889678955,0.0,3.1946738004684447,2.4698925971984864,0.2090044468641281,0.11527062207460403,0.22123698890209198,0.5276009440422058,5.546025931835174e-08,3.4334909915924072,1.1368905465118586,1.2984385993793688,0.46830615401268005,0.46824121475219727,5.52755446434021,1.5579835176467896,-9.592622518539429e-08,2.1885244846343994,0.0,3.0907807111740113,5.479548978805542,0.02529277466237545,0.11787466704845428,0.17011809349060059,0.4982629716396332,9.285286068916321e-08,2.993730306625366,0.9955639366060496,1.2721239602765577,0.3879229426383972,0.5149955153465271,5.635042715072632
381,54.62571288111629,0.834375,0.49080743318082865,2.160543441772461,1.210719347000122e-08,2.3970556259155273,0.0,3.1949649810791017,0.5882206320762634,0.20732331275939941,0.11448726803064346,0.21958957612514496,0.52684086561203,-1.0384246706962586e-08,4.426101207733154,1.394463909883052,1.5404313729846706,0.4581452012062073,0.4771408140659332,5.588836812973023,1.6633776426315308,1.150183379650116e-07,2.2233402729034424,0.0,3.089663553237915,2.3418827414512635,0.028761671856045723,0.11791574954986572,0.16987964510917664,0.5004280209541321,-1.1613592505455017e-07,2.491652011871338,0.889637626055628,1.0947251653378642,0.3971101641654968,0.5349560379981995,4.907929849624634
382,54.554664546722776,0.8090624999999999,-0.07089953775926769,1.9001412391662598,6.379559636116028e-08,1.937136173248291,0.0,3.195951724052429,1.155642282962799,0.2064329832792282,0.11379843205213547,0.21884247660636902,0.5273813009262085,-7.096678018569947e-08,4.166633129119873,1.3258234610781074,1.471932698385935,0.39725247025489807,0.4760700762271881,3.777279996871948,2.1498608589172363,-4.284083843231201e-08,2.5699076652526855,0.0,3.0901299715042114,5.552494144439697,0.03017076477408409,0.11779345571994781,0.1695752739906311,0.5015982389450073,4.0046870708465576e-08,4.761932373046875,0.831051979586482,1.102475108978407,0.4576466381549835,0.4804726243019104,7.2310394763946535
383,0.10180446012627034,0.8784375000000001,0.5005770482978833,1.5849143266677856,-6.984919309616089e-08,2.3824243545532227,0.0,3.1918182611465453,3.1692420721054075,0.20895066857337952,0.11490152776241302,0.22109757363796234,0.5305718183517456,6.691552698612213e-08,4.810329437255859,1.3790287727490067,1.4957936969619878,0.4163690209388733,0.5142542719841003,5.792566347122192,2.040402889251709,-5.3551048040390015e-08,2.400038242340088,0.0,3.0910967111587526,4.701054430007934,0.030993690714240074,0.11777237057685852,0.1694304645061493,0.5022117495536804,4.880130290985107e-08,2.6165268421173096,1.061755065433681,1.188867277130062,0.4003793001174927,0.5074410438537598,6.310757207870483
384,1.9882682455116254,0.5878125,-0.08439596465477994,1.6594021320343018,1.909211277961731e-08,2.401604413986206,0.0,3.1886016368865966,3.1642252445220946,0.2109973132610321,0.11613726615905762,0.22284626960754395,0.5331155061721802,-1.555308699607849e-08,3.0528290271759033,1.2392087107989938,1.3611417088469682,0.44026100635528564,0.5172516107559204,5.979594707489014,1.8563960790634155,-4.936009645462036e-08,2.1570076942443848,0.0,3.0916032791137695,7.787281227111817,0.031538233160972595,0.1177530437707901,0.1693846732378006,0.5024387836456299,4.7963112592697144e-08,2.9754483699798584,0.9168504169210792,1.1649154298524615,0.37030449509620667,0.5053027272224426,6.3386904239654545
385,9.634143258608514,0.8240624999999999,0.20428514567565842,1.4668647050857544,1.4854595065116882e-07,2.204312324523926,0.0,3.187816309928894,0.6984698891639709,0.21128690242767334,0.11631974577903748,0.22285917401313782,0.5340620279312134,-1.5008263289928437e-07,3.6690731048583984,1.303483253205195,1.351835686704181,0.4188653230667114,0.46628639101982117,4.815816831588745,2.219604015350342,-4.819594323635101e-08,2.375890016555786,0.0,3.091716933250427,2.7119447946548463,0.03179420158267021,0.11766992509365082,0.16928885877132416,0.5025252103805542,4.377216100692749e-08,3.0788135528564453,0.8531703387154266,1.1182238637679158,0.4278140664100647,0.4994334876537323,5.833385753631592
386,2.0061863626605834,0.7240624999999999,0.2117233958847601,1.9895275831222534,1.909211277961731e-08,2.2664716243743896,0.0,3.1891685724258423,4.97802734375,0.21496009826660156,0.11837022006511688,0.22657610476016998,0.5373164415359497,-1.2293457984924316e-08,4.482055187225342,1.199569544289261,1.3852411952380626,0.4153881371021271,0.4926719069480896,5.70939269065857,1.6158092021942139,-4.470348358154297e-08,2.123526096343994,0.0,3.0915833711624146,4.063990497589112,0.03165683150291443,0.11771094799041748,0.16942375898361206,0.5024170279502869,4.516914486885071e-08,2.5066001415252686,0.8778900650329888,1.0859412028091755,0.43926993012428284,0.4712148606777191,5.01015796661377
387,0.08173505214991918,0.6143750000000001,0.3591054924685926,1.397656798362732,-1.6298145055770874e-09,2.503167152404785,0.0,3.1907859325408934,1.699251925945282,0.21821142733097076,0.12016656249761581,0.22998008131980896,0.5410604476928711,9.49949026107788e-09,4.009888172149658,1.3900838842149823,1.451590327897202,0.3858562707901001,0.5867564678192139,6.211753416061401,1.8609223365783691,1.7229467630386353e-08,2.5260043144226074,0.0,3.091625285148621,3.2027218341827393,0.031083639711141586,0.11785036325454712,0.16971348226070404,0.5021206736564636,-1.41095370054245e-08,2.617492914199829,0.8863714844919741,1.1130773646176453,0.3764914274215698,0.46657365560531616,6.502462720870971
388,1.2953415490106945,0.909375,0.7236430726415701,1.8342070579528809,-1.862645149230957e-07,2.3674850463867188,0.0,3.192913794517517,4.4156809091568,0.21636158227920532,0.11896001547574997,0.2280329316854477,0.5419886112213135,1.905718818306923e-07,3.5252745151519775,1.2260007317177952,1.3125616808294231,0.35992276668548584,0.522990882396698,6.094491386413575,2.4533746242523193,1.4668330550193787e-08,2.2653043270111084,0.0,3.092006206512451,1.1308886051177978,0.03094182349741459,0.11809369921684265,0.1701158881187439,0.5019955039024353,-1.2386590242385865e-08,3.3073716163635254,0.906340311281383,1.185244978488382,0.3900609612464905,0.6000339388847351,5.22775411605835
389,0.062435380161540974,0.83625,0.5627899884518521,2.128368616104126,-1.3317912817001343e-07,2.1835737228393555,0.0,3.194076919555664,1.4126964688301087,0.21514248847961426,0.11820951849222183,0.22684346139431,0.5422032475471497,1.2898817658424377e-07,4.940488338470459,1.3291511300951242,1.5031628192902324,0.3377969563007355,0.5746170282363892,4.779126691818237,1.7061189413070679,-9.313225746154785e-09,2.3586955070495605,0.0,3.0928093910217287,7.646268892288208,0.03153852000832558,0.11839789152145386,0.1706855148077011,0.5024549961090088,5.681067705154419e-09,2.8523874282836914,0.7889310560189188,0.9946935779205474,0.4026462435722351,0.47159919142723083,7.256228733062744
390,0.12040077837674772,0.7278125,0.3858370647803092,2.516857862472534,-1.5832483768463135e-08,2.188593626022339,0.0,3.195159363746643,4.591490745544434,0.21546076238155365,0.11821772903203964,0.22757625579833984,0.5420570969581604,1.3131648302078247e-08,4.493286609649658,1.2936808141414076,1.349085401863398,0.3962024748325348,0.5143983960151672,5.237687683105468,1.9572405815124512,3.632158041000366e-08,2.6880528926849365,0.0,3.0933231592178343,1.8311499953269958,0.03183602914214134,0.11853405833244324,0.17098362743854523,0.502973198890686,-4.2037572711706164e-08,3.4984347820281982,0.9013335599564016,1.112325874387893,0.4321202039718628,0.45544758439064026,7.239269018173218
391,27.695491260667417,0.8731249999999999,0.23045576418761743,1.5896474123001099,2.3795291781425476e-07,2.5776214599609375,0.0,3.195959711074829,7.610772752761841,0.21540467441082,0.1179611086845398,0.22787505388259888,0.5416380763053894,-2.3189932107925415e-07,3.907114028930664,1.2496762326452882,1.3878761348445925,0.417217880487442,0.4805467128753662,8.229189014434814,1.8200488090515137,1.685693860054016e-07,2.1644954681396484,0.0,3.0940313577651977,6.424600648880005,0.03215453773736954,0.11858018487691879,0.17094704508781433,0.5036095380783081,-1.669861376285553e-07,2.9054205417633057,0.7816889311652631,1.0220642321700766,0.41144412755966187,0.4713576138019562,5.788896274566651
392,338.39646719129735,0.70625,-0.6650130010939106,1.756441354751587,-1.234002411365509e-07,2.2704334259033203,0.0,3.195836400985718,1.0826318323612214,0.2153618335723877,0.11788336932659149,0.22797144949436188,0.5414602756500244,1.2060627341270447e-07,3.979855537414551,1.1957836146466434,1.2917044264335142,0.4693462550640106,0.4348532557487488,5.104852676391602,2.518458604812622,-1.2479722499847412e-07,2.27164626121521,0.0,3.0945696353912355,7.115116167068481,0.0328277163207531,0.11870452761650085,0.17098917067050934,0.5044571161270142,1.225154846906662e-07,3.7753963470458984,0.6878820857498795,0.9225091814091495,0.4033753573894501,0.46803608536720276,6.502248525619507
393,103.40223587523387,0.6965625,0.2609191521658068,1.6925930976867676,2.8312206268310547e-07,2.3449084758758545,0.0,3.1956381797790527,8.091084241867065,0.2163139134645462,0.11847887933254242,0.22898109257221222,0.541963517665863,-2.8461217880249026e-07,2.996680974960327,1.2167320339474827,1.1863343194688514,0.3980642557144165,0.490408718585968,7.221682357788086,1.59697425365448,-1.2014061212539673e-07,2.6173408031463623,0.0,3.0950705766677857,1.3123188853263854,0.03303740546107292,0.11870831251144409,0.1709272414445877,0.5047770142555237,1.1594966053962708e-07,2.5911705493927,0.8834457724820822,1.0905846204367962,0.4436348080635071,0.5247803926467896,6.689274692535401
394,0.2856463942315165,0.725,0.45753150193034625,1.8949649333953857,4.936009645462036e-08,2.379631996154785,0.0,3.1946235418319704,0.403968021273613,0.21708551049232483,0.11897992342710495,0.2297462821006775,0.5426048040390015,-5.485489964485168e-08,3.4142026901245117,1.2263128448743372,1.3150388067542813,0.4728335440158844,0.424262136220932,5.574907350540161,2.045346260070801,-6.426125764846802e-08,2.6716716289520264,0.0,3.094058871269226,1.40116006731987,0.033740513026714325,0.1193217784166336,0.17177386581897736,0.5049735307693481,6.831251084804534e-08,3.3754420280456543,0.9313603238202631,1.221798825020141,0.4574737250804901,0.48535189032554626,7.119363594055176
395,0.4700875884794796,0.735,0.3385975738719103,1.8275887966156006,-7.962808012962341e-08,2.263615369796753,0.0,3.189152693748474,0.5470337450504303,0.21693196892738342,0.11856503784656525,0.22926990687847137,0.5434810519218445,7.916241884231567e-08,3.5523431301116943,1.2417410669382662,1.3331112705588872,0.4529540240764618,0.47340095043182373,4.997896385192871,2.200120449066162,-3.5390257835388184e-08,2.0570614337921143,0.0,3.09115149974823,3.935425066947937,0.03382920101284981,0.11995932459831238,0.17258484661579132,0.504732608795166,3.4086406230926515e-08,2.6899335384368896,0.96725646937266,1.1923091450410386,0.3949628174304962,0.5656194686889648,4.614855146408081
396,0.06368033774095763,0.5981249999999999,0.47822264185480606,1.3292173147201538,-4.377216100692749e-08,2.591310977935791,0.0,3.184137749671936,3.9557234764099123,0.21900150179862976,0.11975429952144623,0.23254312574863434,0.5422389507293701,4.898756742477417e-08,3.3752198219299316,1.2842804606072604,1.4442350490727882,0.44172266125679016,0.4776947796344757,7.017594051361084,2.0472710132598877,-1.2759119272232056e-07,2.1768081188201904,0.0,3.0895933866500855,4.261445260047912,0.03368070349097252,0.12038101255893707,0.1731410175561905,0.5049901604652405,1.3578683137893678e-07,3.6040313243865967,0.9542282397393137,1.1813128116636007,0.3663751482963562,0.5403380393981934,5.1216987609863285
397,0.5434060895472722,0.911875,0.49196460624900096,1.5009105205535889,4.0978193283081055e-08,2.9122982025146484,0.0,3.1825525522232057,9.030209159851074,0.22069670259952545,0.12089446187019348,0.23535886406898499,0.5408269762992859,-4.0885061025619506e-08,3.958706855773926,1.1245834790635854,1.301573491572238,0.49916017055511475,0.42732489109039307,10.376638031005859,1.8747825622558594,1.434236764907837e-07,2.6087543964385986,0.0,3.089682698249817,1.225403481721878,0.033277496695518494,0.1205255538225174,0.17337916791439056,0.5051113963127136,-1.471489667892456e-07,2.4941775798797607,0.9349148884415627,1.1390499210732223,0.43098944425582886,0.4931522607803345,6.768868494033813
398,2.300407788713779,0.613125,0.38005052509731296,1.8650232553482056,-1.234002411365509e-07,2.5257961750030518,0.0,3.183551025390625,0.8724911689758301,0.2209557443857193,0.1211196780204773,0.23585785925388336,0.5403604507446289,1.2293457984924316e-07,5.261448383331299,1.2413176856935024,1.285639814266741,0.4389777183532715,0.47671520709991455,6.319890546798706,1.7534453868865967,1.955777406692505e-08,2.2828378677368164,0.0,3.091169500350952,5.504026699066162,0.03267352655529976,0.12117017805576324,0.1742604374885559,0.5050753355026245,-2.1327286958694457e-08,3.3554224967956543,1.0328632934018969,1.2445716130045392,0.3665804862976074,0.4793904721736908,5.879041290283203
399,0.04076106640482988,0.8565625000000001,0.8124049290687619,1.5694538354873657,2.8870999813079834e-08,2.0690221786499023,0.0,3.1893065929412843,4.556977987289429,0.2193564474582672,0.12053006887435913,0.2339896261692047,0.5398762822151184,-2.5425106287002564e-08,3.4522063732147217,1.2611063039395958,1.3626057991735625,0.37755346298217773,0.5360826253890991,4.6176674365997314,2.436610460281372,-6.100162863731384e-08,2.3885607719421387,0.0,3.0919782638549806,5.50405969619751,0.03229478374123573,0.12173178046941757,0.1750423163175583,0.5056421160697937,5.597248673439026e-08,3.4365482330322266,1.0055156554095448,1.254805120934505,0.3637220859527588,0.5515813827514648,6.386233472824097
400,19.17700825840013,0.8081250000000001,0.4157071756522628,1.6114459037780762,2.468004822731018e-08,2.7240986824035645,0.0,3.1935479402542115,5.74419150352478,0.21736109256744385,0.1196775957942009,0.23157534003257751,0.5397887825965881,-3.4971162676811216e-08,4.115935325622559,1.463032743567601,1.5334686032945508,0.37029141187667847,0.5432946681976318,8.231465816497803,1.7365309000015259,1.2945383787155151e-07,2.6792685985565186,0.0,3.092055869102478,3.245455431938171,0.03240480273962021,0.12188905477523804,0.1752396821975708,0.5062130093574524,-1.3113021850585939e-07,2.583996295928955,0.9977648603729904,1.1484884873307575,0.438534140586853,0.4600432217121124,7.202100324630737
401,0.34140817141118457,0.7040625,0.8057948276462827,2.235178232192993,8.149072527885437e-08,2.199852705001831,0.0,3.1948567152023317,2.929563546180725,0.21642939746379852,0.11918951570987701,0.23042374849319458,0.5402258038520813,-8.149072527885437e-08,3.3218913078308105,1.130938071757555,1.2513272154815185,0.39289766550064087,0.5240973830223083,4.963348484039306,2.0160598754882812,-1.862645149230957e-09,2.2627878189086914,0.0,3.091060018539429,1.3467293441295625,0.032342664897441864,0.12217653542757034,0.175656259059906,0.5062531232833862,-2.514570951461792e-09,3.012451171875,0.8870035525411367,1.1435110948552185,0.3867112994194031,0.49929794669151306,5.036030244827271
402,0.6433952608157678,0.41000000000000003,0.10792026060786246,1.8192071914672852,-3.818422555923462e-08,2.619638681411743,0.0,3.1959959745407103,0.5645558178424835,0.2160015106201172,0.11892404407262802,0.22977636754512787,0.5408055186271667,3.864988684654236e-08,3.910628318786621,1.2225601877085865,1.4539813734874076,0.42894405126571655,0.4530111849308014,6.760634708404541,1.6915404796600342,-5.587935447692871e-09,2.3288896083831787,0.0,3.090893340110779,0.5202437311410903,0.03147171065211296,0.12324953079223633,0.17730024456977844,0.505720317363739,6.51925802230835e-09,2.8983519077301025,0.9545234001241625,1.1808627568786785,0.4069977104663849,0.5025936365127563,5.239381933212281
403,8.162764671715099,0.960625,0.7703888352289191,2.458508253097534,-1.2712553143501282e-07,2.136992931365967,0.0,3.1994888305664064,0.7160794675350189,0.2136409729719162,0.11729253083467484,0.22677595913410187,0.5398538708686829,1.3089738786220552e-07,3.7990665435791016,1.4477217745035886,1.6062892398098745,0.431196928024292,0.4837445616722107,4.513671016693115,1.9670602083206177,-1.0663643479347229e-07,2.1547672748565674,0.0,3.0948010206222536,0.7024887323379516,0.03361555188894272,0.12475499510765076,0.1790541559457779,0.5074864029884338,1.1147931218147278e-07,4.0921454429626465,0.9403986016288399,1.1709091789856547,0.3550771474838257,0.5365091562271118,4.632515382766724
404,0.05612064510338656,0.9203125,0.839439576291246,2.060743570327759,5.122274160385132e-09,2.1394567489624023,0.0,3.198408579826355,1.6251436591148376,0.21180732548236847,0.11617650836706161,0.22411376237869263,0.5396767854690552,-7.962808012962342e-09,3.8569107055664062,1.2757211660034955,1.4162637047154238,0.41027069091796875,0.4820135235786438,4.532183742523193,2.1336915493011475,-2.3283064365386963e-08,2.1162617206573486,0.0,3.1011711835861204,2.212142086029053,0.03557949140667915,0.1275976598262787,0.18298812210559845,0.5090654492378235,3.152526915073395e-08,3.39011287689209,0.8902591977268457,1.1174539214348558,0.34367695450782776,0.529402494430542,4.55058741569519
405,0.5803036763606305,0.775625,0.30968311055151876,2.000521421432495,4.98257577419281e-08,2.3634490966796875,0.0,3.1969895124435426,1.0448243290185928,0.21114681661128998,0.11639920622110367,0.22301547229290009,0.5392102003097534,-5.289912223815918e-08,4.721099853515625,1.304482280742377,1.4057127297871885,0.425348699092865,0.5164801478385925,5.553261470794678,1.6823618412017822,3.5390257835388184e-08,2.5115673542022705,0.0,3.1046036958694456,3.737714171409607,0.037429582327604294,0.13062965869903564,0.18730095028877258,0.5100867748260498,-3.650784492492676e-08,3.276839017868042,0.9101996921002865,1.0530238968274876,0.42017269134521484,0.48155900835990906,6.727306604385376
406,0.14168997953168397,0.8628124999999999,0.4992228824621659,2.205594062805176,1.862645149230957e-09,2.175555944442749,0.0,3.19307701587677,5.217557907104492,0.2121126800775528,0.11786036193370819,0.22322776913642883,0.5409608483314514,-7.706694304943085e-09,4.48997163772583,1.3079594232141971,1.2853601733925766,0.3940742611885071,0.4908730387687683,5.313117361068725,2.335907220840454,-8.940696716308594e-08,2.0627472400665283,0.0,3.1069976091384888,7.112095880508423,0.03894096240401268,0.1318398118019104,0.18885916471481323,0.5112608671188354,8.926726877689361e-08,3.136246919631958,0.9762487151660025,1.1240062479885897,0.37635475397109985,0.5431064963340759,5.67297511100769
407,362.70568304918265,0.8840625,0.5153780822910651,1.6884610652923584,-1.6763806343078613e-08,1.7468773126602173,0.0,3.1896321773529053,3.1319740772247315,0.2145022600889206,0.11990475654602051,0.22479717433452606,0.545565664768219,2.1094456315040587e-08,4.863375663757324,1.2496320681646467,1.3610159323118582,0.41044631600379944,0.5115504860877991,3.378763437271118,1.5555332899093628,-7.450580596923828e-08,2.6720492839813232,0.0,3.108595371246338,4.893519067764283,0.03942710533738136,0.1320781707763672,0.18911848962306976,0.5119579434394836,7.739290595054626e-08,2.959649085998535,0.9536351973190904,1.2379756526275238,0.4067237377166748,0.5390979051589966,7.731572437286377
408,2.0815535813850987,0.9043750000000002,0.7112380686328375,1.8204039335250854,-7.078051567077637e-08,2.6082684993743896,0.0,3.187843179702759,0.8835307419300079,0.21560490131378174,0.12089391052722931,0.22548289597034454,0.5480319857597351,7.818453013896942e-08,3.86653733253479,1.289573956374079,1.3631197537254445,0.49033886194229126,0.4584810435771942,6.593562507629395,1.5743114948272705,-1.7415732145309448e-07,2.284465789794922,0.0,3.1096445322036743,9.984456253051757,0.03896084055304527,0.13204257190227509,0.18916651606559753,0.5119543075561523,1.721782609820366e-07,2.9234461784362793,0.9475605687126517,1.107507088858085,0.4544510543346405,0.511627733707428,8.066312170028686
409,0.1286059077779381,0.8528125,0.5229343034350136,2.4486653804779053,-4.516914486885071e-08,2.186424970626831,0.0,3.188337278366089,8.687011432647704,0.22077342867851257,0.12381623685359955,0.23087698221206665,0.5539495944976807,4.6566128730773926e-08,5.557315349578857,1.3577156770974397,1.4398180148502167,0.4017367959022522,0.4934800863265991,6.52991623878479,1.7842451333999634,-6.472691893577576e-08,2.427783489227295,0.0,3.109685945510864,2.1312404751777647,0.03860168904066086,0.13211120665073395,0.18935652077198029,0.5118155479431152,6.24917447566986e-08,3.0130512714385986,0.9292549802921712,1.0968530429959036,0.4222325086593628,0.46466657519340515,5.937837934494018
410,0.047504053370133095,0.7715624999999999,0.6412400731375892,2.1484358310699463,6.146728992462158e-08,2.048895835876465,0.0,3.18806848526001,5.42149658203125,0.22542591392993927,0.12633836269378662,0.2358601987361908,0.5595089197158813,-6.686896085739135e-08,3.7383532524108887,1.2731150491163135,1.430151324222116,0.4420534372329712,0.46622350811958313,4.829086256027222,1.8999375104904175,-2.0582228899002075e-07,2.2592437267303467,0.0,3.10904974937439,0.92658229470253,0.03857401758432388,0.13253341615200043,0.19007696211338043,0.5118087530136108,2.0873267203569412e-07,3.4152114391326904,0.9859554506838322,1.1965389643495676,0.4268876016139984,0.5489574074745178,4.981773567199707
411,0.03370335189844097,0.653125,0.5245987382308998,1.6867952346801758,2.3283064365386963e-09,2.065509080886841,0.0,3.1868181228637695,2.3500469446182253,0.2275509387254715,0.12744157016277313,0.23817910254001617,0.5617988705635071,1.3504177331924438e-09,3.27388334274292,1.2165501745417715,1.3720303698886849,0.39880722761154175,0.5015246868133545,4.336864948272705,1.4797502756118774,1.471489667892456e-07,2.098628282546997,0.0,3.1069891452789307,1.9617987155914307,0.03795875981450081,0.1337609887123108,0.19227559864521027,0.5107428431510925,-1.525040715932846e-07,3.0105433464050293,0.9126772988587618,1.0877974643366901,0.38766756653785706,0.46784254908561707,4.420813274383545
412,0.8938993052784806,0.8828125,0.5150891833786495,1.8872345685958862,-1.0617077350616455e-07,2.641604423522949,0.0,3.1860342979431153,3.492243933677673,0.22908318042755127,0.12795011699199677,0.2399788796901703,0.5628105998039246,1.0654330253601075e-07,3.2659878730773926,1.2170795236714185,1.235479438353277,0.41123759746551514,0.5470809936523438,7.01629900932312,1.5245208740234375,-1.257285475730896e-08,2.6424224376678467,0.0,3.1033282995224,1.6344908595085144,0.03859969228506088,0.13566479086875916,0.19519956409931183,0.5109368562698364,8.381903171539307e-09,3.603987693786621,0.9975411590188742,1.2213065730186032,0.47007402777671814,0.46750807762145996,6.964531564712525
413,0.21437616805228274,0.8034374999999999,0.4082814558142009,1.5866879224777222,-1.4528632164001465e-07,2.909846067428589,0.0,3.186345076560974,1.5899068474769593,0.22991876304149628,0.12774395942687988,0.2411234825849533,0.5632283091545105,1.4686957001686095e-07,3.582897186279297,1.1492959892377257,1.2840962608764757,0.43976280093193054,0.48831215500831604,8.446917057037354,1.902815341949463,1.0989606380462646e-07,2.537827730178833,0.0,3.098374438285828,1.8793140411376954,0.0402066744863987,0.1378547102212906,0.19827787578105927,0.5114014744758606,-1.0859221220016479e-07,2.863522529602051,1.0734381938353181,1.179983230391809,0.39437898993492126,0.5264379382133484,6.382931327819824
414,0.054073863594790696,0.878125,0.7742531724726878,2.230933904647827,3.259629011154175e-09,1.8844084739685059,0.0,3.1858211517333985,8.923205852508545,0.2317901849746704,0.12863434851169586,0.24317480623722076,0.5634589195251465,-2.514570951461792e-09,4.166455268859863,1.4076565789058804,1.30794159308655,0.3787458539009094,0.535963773727417,5.59489221572876,2.0243046283721924,9.313225746154785e-08,2.2028279304504395,0.0,3.095105457305908,6.504808568954468,0.04067172855138779,0.13850674033164978,0.19921784102916718,0.5118571519851685,-9.350478649139405e-08,2.8170862197875977,0.897226351685822,1.0883655264153071,0.4354183077812195,0.4924609363079071,5.905036115646363
415,0.13051459021761214,0.8159375000000001,0.4373261740972877,1.6403911113739014,5.4016709327697754e-08,2.6740314960479736,0.0,3.1858771085739135,5.4286720752716064,0.23364321887493134,0.12977172434329987,0.24516922235488892,0.5636590123176575,-4.7078356146812436e-08,3.4209227561950684,1.315223086439073,1.0963997440365334,0.42262500524520874,0.5179581046104431,7.719374656677246,2.099351167678833,-3.585591912269592e-08,2.6266069412231445,0.0,3.0935779571533204,7.866872072219849,0.040302474051713943,0.13799194991588593,0.19847628474235535,0.5124481916427612,4.0838494896888734e-08,2.9115686416625977,1.0327126394957304,1.1644952415418748,0.36864644289016724,0.6133511662483215,8.4772780418396
416,0.18964565938346373,0.5771875,0.3019189277529788,1.7898571491241455,5.960464477539063e-08,2.1648504734039307,0.0,3.186628532409668,3.5849979639053347,0.23408916592597961,0.12998512387275696,0.24569788575172424,0.5638123750686646,-5.394686013460159e-08,4.550858974456787,1.2765976016409695,1.3960833452695904,0.4439082443714142,0.471703439950943,4.949315214157105,1.7417417764663696,-1.862645149230957e-09,2.4248299598693848,0.0,3.090597939491272,0.6601904809474946,0.040457259863615036,0.13806605339050293,0.19854161143302917,0.5127360820770264,2.654269337654114e-09,2.6919939517974854,0.9799614332616329,1.1247009570401805,0.4762493968009949,0.5334516763687134,5.8504925727844235
417,0.21369817651856066,0.541875,0.2949747896393111,1.9204628467559814,-7.543712854385376e-08,2.418539047241211,0.0,3.186897945404053,2.421919751167297,0.23525503277778625,0.13077278435230255,0.24699833989143372,0.5639516115188599,8.384231477975846e-08,3.8237218856811523,1.201289169676602,1.373293629261197,0.4409829378128052,0.46665072441101074,5.990083932876587,1.6806461811065674,-9.313225746154785e-09,2.547792434692383,0.0,3.0826086521148683,0.780436784029007,0.04534713923931122,0.14162728190422058,0.20284250378608704,0.5163873434066772,1.0058283805847169e-08,3.5278382301330566,0.9591594802215695,1.1664644658287424,0.4253191351890564,0.4764687716960907,6.308546638488769
418,0.165643306857125,0.6815625,0.4309914140803297,1.8532233238220215,-3.213062882423401e-08,2.6090705394744873,0.0,3.1880767822265623,2.544893503189087,0.23670074343681335,0.13171175122261047,0.24865682423114777,0.5641871690750122,2.5937333703041078e-08,4.038565635681152,1.4085188427940012,1.566840088025194,0.4578344225883484,0.49661093950271606,6.854430198669434,1.8311923742294312,3.166496753692627e-08,2.0437676906585693,0.0,3.0789867639541626,3.4903568983078004,0.048681627959012985,0.14360147714614868,0.20512323081493378,0.5216556191444397,-3.273598849773407e-08,2.2553420066833496,1.0875797037035226,1.14648820095869,0.41927263140678406,0.49345386028289795,4.36947922706604
419,0.3485804075324185,0.44250000000000006,0.118823382859741,2.0093462467193604,8.381903171539307e-09,1.8937633037567139,0.0,3.1898772954940795,4.8272318840026855,0.2379845231771469,0.13196593523025513,0.2502046227455139,0.5650315880775452,-9.406358003616333e-09,4.778304576873779,1.2738467293791473,1.440538314289972,0.38785240054130554,0.5679988861083984,4.249736595153808,1.8011970520019531,3.5390257835388184e-08,2.7851579189300537,0.0,3.0791061878204347,2.6483178615570067,0.049278128892183304,0.14379620552062988,0.2053043097257614,0.5241746306419373,-3.091990947723389e-08,3.197098731994629,1.0272300597047432,1.138285312392,0.47880494594573975,0.4671727120876312,7.879231071472168
420,0.08774160862363495,0.9565625000000001,0.7322905084233403,2.255535125732422,1.9976869225502014e-07,2.3261985778808594,0.0,3.1910444259643556,2.51766414642334,0.23891498148441315,0.1322072148323059,0.2512509822845459,0.5658501386642456,-1.984182745218277e-07,4.841609477996826,1.4324836427345873,1.4825003530204075,0.40852534770965576,0.5119681358337402,5.405639696121216,1.9540371894836426,-2.7008354663848877e-08,2.132357358932495,0.0,3.0783905744552613,0.7519943594932557,0.048567287623882294,0.14337071776390076,0.20486068725585938,0.5249325633049011,3.4645199775695803e-08,3.794154405593872,1.0100494466722012,1.1126671477056733,0.3758242726325989,0.5376175045967102,4.6535341262817385
421,168.8789998465382,0.6171875,-0.2547266920917264,2.0130505561828613,-4.470348358154297e-08,2.0542049407958984,0.0,3.190567135810852,5.189430093765258,0.23982656002044678,0.13274931907653809,0.2521269619464874,0.5656450390815735,4.884786903858185e-08,4.354125022888184,1.536678428016603,1.6410014673097846,0.4015887975692749,0.5061489939689636,4.91153130531311,1.8723688125610352,-2.7939677238464355e-08,2.142045736312866,0.0,3.0752962112426756,0.8797745525836944,0.04915669932961464,0.14342045783996582,0.20460782945156097,0.5270010232925415,3.217719495296478e-08,2.293280601501465,1.0126499777194113,1.0617846715549464,0.45009350776672363,0.4960886240005493,4.490360069274902
422,127.16878189453818,0.8059375,0.30057259055552094,1.872531771659851,1.862645149230957e-08,2.1414952278137207,0.0,3.1903370141983034,7.26456356048584,0.24086515605449677,0.13327819108963013,0.25320592522621155,0.5653494000434875,-1.8812716007232665e-08,3.88810133934021,1.2660502152517439,1.2266248760982357,0.4513879418373108,0.48278626799583435,5.793517160415649,1.9259991645812988,-1.2898817658424377e-07,2.325122833251953,0.0,3.07665433883667,1.8876124382019044,0.04811258614063263,0.1425485759973526,0.20334891974925995,0.5288017988204956,1.2936070561408997e-07,3.12996244430542,1.0866397384554147,1.2240224962950486,0.45577144622802734,0.5038244128227234,5.42416090965271
423,9.068781897146774,0.9396875000000001,0.8324111128279211,1.7252483367919922,-5.820766091346741e-08,2.5442276000976562,0.0,3.190272665023804,2.7743844747543336,0.2413373589515686,0.13364042341709137,0.25367552042007446,0.5652033090591431,5.3085386753082275e-08,4.413438320159912,1.4649422068614513,1.495350220459067,0.42490583658218384,0.4773610234260559,6.561595487594604,1.9777870178222656,-1.4994293451309204e-07,2.0711441040039062,0.0,3.075281023979187,1.623744511604309,0.04872101545333862,0.1435900181531906,0.20479434728622437,0.5291681289672852,1.457519829273224e-07,3.335266351699829,0.9843161778524518,1.2561122297848344,0.4498085379600525,0.4795890748500824,4.310517835617065
424,0.02324984811041404,0.6134375000000001,0.5606152134453158,2.0646865367889404,6.05359673500061e-09,2.875514507293701,0.0,3.1893542051315307,1.5908444046974182,0.24177753925323486,0.13424953818321228,0.2540716826915741,0.5646772980690002,-1.2759119272232055e-08,3.615703582763672,1.1534417800605297,1.3194284665120668,0.43778157234191895,0.5307047963142395,8.216534996032715,1.9865550994873047,6.612390279769897e-08,2.129814624786377,0.0,3.074153113365173,5.7119215965271,0.05019203573465347,0.14535827934741974,0.2072257250547409,0.5290582180023193,-6.440095603466034e-08,2.96187686920166,0.9348567420616746,1.020528058105414,0.3470853865146637,0.504517674446106,5.372786045074463
425,0.03425990832385754,0.691875,0.7554936877568579,1.5886915922164917,5.681067705154419e-08,2.5475611686706543,0.0,3.1875423908233644,0.7812580674886703,0.24319027364253998,0.13531318306922913,0.25570717453956604,0.5644990801811218,-5.606561899185181e-08,4.32187557220459,1.3256947182118892,1.303512408115401,0.4181986153125763,0.49593672156333923,6.403128004074096,1.9699409008026123,-1.494772732257843e-07,2.2685630321502686,0.0,3.0735445261001586,0.9788420975208283,0.0500967800617218,0.14596965909004211,0.20824991166591644,0.5286895036697388,1.4631077647209167e-07,3.018338680267334,0.9490659015253187,1.1156949690403914,0.4089171290397644,0.4970055818557739,5.3094135284423825
426,1.2722354331742527,0.46656250000000005,0.1273419245486856,1.7570710182189941,-1.240987330675125e-07,1.8439264297485352,0.0,3.1862432241439818,1.4729374766349792,0.24191883206367493,0.13247762620449066,0.2547639310359955,0.5670281052589417,1.1939555406570434e-07,3.545903444290161,1.2276162290479988,1.2682885909910893,0.4018170237541199,0.5541818737983704,3.424566698074341,2.1809325218200684,8.568167686462402e-08,2.2531776428222656,0.0,3.0730939388275145,1.5364336490631103,0.04871368035674095,0.14580124616622925,0.2084735631942749,0.5286391973495483,-8.717179298400878e-08,4.68058967590332,1.003681486309506,1.1948603003414588,0.39341145753860474,0.49639198184013367,5.053440093994141
427,0.023089584950349535,0.5378125,0.577022933326895,1.6223655939102173,1.1315569281578064e-07,2.8018133640289307,0.0,3.1863844633102416,2.617293691635132,0.23988118767738342,0.12914958596229553,0.2530447542667389,0.5712374448776245,-1.1411029845476151e-07,4.487147331237793,1.382642892189324,1.4917658761138102,0.4737451672554016,0.47198981046676636,7.778376865386963,2.0569660663604736,8.568167686462402e-08,2.416466474533081,0.0,3.0711367607116697,0.662961021065712,0.047469135373830795,0.14625853300094604,0.20973564684391022,0.5280238389968872,-8.866190910339356e-08,2.873661518096924,0.9683348808437586,1.0556998869012117,0.41038402915000916,0.4515656530857086,5.7009295463562015
428,1.7230284837868404,0.8862500000000001,0.24429700746339034,2.275986909866333,5.21540641784668e-08,2.0777463912963867,0.0,3.1875452041625976,13.240848445892334,0.23862195014953613,0.1277265101671219,0.2519640028476715,0.5729237794876099,-5.5762939155101776e-08,4.34699821472168,1.4424057629425078,1.5453234754165048,0.40769314765930176,0.520381510257721,8.40087194442749,1.8788968324661255,1.2386590242385864e-07,2.3352909088134766,0.0,3.0696877002716065,5.485691785812378,0.049738429486751556,0.1484157294034958,0.2126515656709671,0.5282307863235474,-1.2279488146305084e-07,4.239134788513184,1.1303233683109284,1.324855599465494,0.4231160283088684,0.51404869556427,6.31329870223999
429,0.052835417521399516,0.6856249999999999,0.38679018626487705,1.4913957118988037,8.335337042808533e-08,3.2411367893218994,0.0,3.188448929786682,2.460955762863159,0.23762966692447662,0.12692688405513763,0.25100862979888916,0.5737027525901794,-9.122304618358612e-08,4.10003662109375,1.4316416600719095,1.3887641719343058,0.4867963492870331,0.48585668206214905,10.62749433517456,1.514499545097351,-2.0489096641540527e-08,2.05918025970459,0.0,3.068976712226868,8.933051013946534,0.05291667580604553,0.1508467197418213,0.21572576463222504,0.5294778943061829,2.3981556296348572e-08,3.9817121028900146,0.8267637537792325,1.0124482058175142,0.43330103158950806,0.4608175754547119,6.713027286529541
430,1.7491966672334798,0.7340625000000001,-0.059342107224684394,1.76674485206604,-1.210719347000122e-07,2.1241815090179443,0.0,3.1892964601516725,8.047220277786256,0.2386026382446289,0.12734900414943695,0.2520715594291687,0.5735491514205933,1.2350501492619516e-07,3.202998638153076,1.2886555925011636,1.3764801165719156,0.37800082564353943,0.5189247727394104,6.0319689273834225,1.6255451440811157,7.869675755500793e-08,2.255336046218872,0.0,3.068772792816162,5.194630861282349,0.05431249365210533,0.15223635733127594,0.21763868629932404,0.529900848865509,-7.976777851581574e-08,2.9905457496643066,1.0080461295321583,1.1186702377553277,0.39623597264289856,0.5189645886421204,5.870058298110962
431,0.1827100798416238,0.7578125,0.23487712705208183,1.6643792390823364,1.6298145055770874e-07,2.142188787460327,0.0,3.1894964218139648,1.8940099358558655,0.23994514346122742,0.12808792293071747,0.25349661707878113,0.57344651222229,-1.6260892152786254e-07,4.554043292999268,1.3802149802912027,1.4051521713281714,0.3794116973876953,0.5497628450393677,4.602383041381836,1.9367334842681885,-1.30385160446167e-08,2.6185572147369385,0.0,3.0686944007873533,1.1234925210475921,0.055103883147239685,0.15312859416007996,0.21890731155872345,0.5299134850502014,6.51925802230835e-09,3.737044334411621,1.0303021263331176,1.2465498263035777,0.41825175285339355,0.5079606771469116,6.684715366363525
432,0.34847152430547707,0.784375,0.28236418635332117,2.0213184356689453,-1.51805579662323e-07,3.0635812282562256,0.0,3.190057969093323,4.234812021255493,0.2411031872034073,0.12875133752822876,0.25471487641334534,0.5735738277435303,1.4887191355228424e-07,4.773922443389893,1.3644427428022028,1.5672148533519727,0.4979932904243469,0.4558441638946533,9.602118492126465,1.9505242109298706,2.0489096641540527e-08,2.168135643005371,0.0,3.069338011741638,2.8752984046936034,0.054552339017391205,0.15303882956504822,0.21888437867164612,0.5298959016799927,-1.825392246246338e-08,3.5586276054382324,0.9362648941576481,1.112377503162147,0.42410361766815186,0.5117771625518799,4.920695829391479
433,0.10866163646757734,0.9453125,0.6258337563115122,1.964273452758789,-1.685693860054016e-07,2.6555142402648926,0.0,3.190840005874634,4.8877397060394285,0.24169234931468964,0.12911461293697357,0.2553882896900177,0.5734617710113525,1.666136085987091e-07,3.5903193950653076,1.154544737143442,1.3373463023138235,0.3838135004043579,0.4989006519317627,7.510586547851562,1.9187467098236084,-8.288770914077759e-08,2.139977216720581,0.0,3.0691072225570677,5.433319234848023,0.053469493985176086,0.15251976251602173,0.21829120814800262,0.5303040742874146,8.302740752696991e-08,2.9745168685913086,0.986630916595459,1.0932472752061242,0.3500177264213562,0.5003493428230286,5.318013858795166
434,0.3536357047864813,0.60625,0.4562209337695089,2.0933918952941895,-7.264316082000732e-08,2.3745203018188477,0.0,3.1910226821899412,9.614443683624268,0.24248473346233368,0.12960384786128998,0.2562743127346039,0.573156476020813,7.138587534427643e-08,3.861802577972412,1.3431890684645622,1.410776648904733,0.42552363872528076,0.4789530336856842,7.761289930343628,1.7221622467041016,-1.3597309589385986e-07,2.6601223945617676,0.0,3.0700150966644286,3.1464763879776,0.052636533975601196,0.1518174111843109,0.21731054782867432,0.5312616229057312,1.3387762010097504e-07,4.091649532318115,0.9775684351101518,1.1827788343777188,0.4569341540336609,0.47968414425849915,7.11566481590271
435,0.26526168452047305,0.7224999999999999,-0.004905103440691905,2.1578938961029053,-1.0710209608078003e-07,2.376875400543213,0.0,3.1911017894744873,11.556611156463623,0.24315659701824188,0.12999281287193298,0.2569901943206787,0.5729053616523743,1.0905787348747253e-07,3.2244391441345215,1.1373633777722716,1.2331359564118074,0.3855515420436859,0.5127912759780884,8.929875659942628,1.8619180917739868,1.2665987014770508e-07,2.3198325634002686,0.0,3.0721736907958985,4.573008871078491,0.05140514299273491,0.15073494613170624,0.21583597362041473,0.5320234894752502,-1.2582167983055114e-07,3.343845844268799,0.9158614603802562,1.0613221360388534,0.38715535402297974,0.5387969613075256,5.7624897956848145
436,21.052434482054657,0.8490624999999999,0.3354576618496877,1.8620779514312744,1.6205012798309326e-07,1.5238317251205444,0.0,3.1914305686950684,5.548604965209961,0.24314959347248077,0.1299632340669632,0.2569381892681122,0.572899580001831,-1.5674158930778504e-07,3.8958182334899902,1.23602340570651,1.3851836954950123,0.4032195508480072,0.48878151178359985,3.098127317428589,2.038353204727173,-1.862645149230957e-09,2.642035961151123,0.0,3.0734872817993164,2.298815131187439,0.05018772929906845,0.1496150940656662,0.21431651711463928,0.532375693321228,-1.257285475730896e-09,2.891429901123047,0.8840317510068416,1.0640112198749014,0.3671148717403412,0.5169706344604492,6.9082215309143065
437,0.028302275514904607,0.8890625,0.6738910392355614,2.1056389808654785,1.2386590242385864e-07,2.3719098567962646,0.0,3.1918569564819337,3.3005725622177122,0.2430257499217987,0.12979760766029358,0.2567412555217743,0.5729225277900696,-1.2214295566082e-07,4.24526309967041,1.3749871655134485,1.3189208312377765,0.43003585934638977,0.4898662269115448,5.774259948730469,1.7133510112762451,-1.4528632164001465e-07,2.4176619052886963,0.0,3.0735462427139284,4.9129212379455565,0.0502614751458168,0.14971669018268585,0.21443401277065277,0.5326234102249146,1.4328397810459136e-07,3.1093783378601074,1.034986218623817,1.122426105347551,0.4175243377685547,0.505946695804596,6.466868114471436
438,0.3173866153279306,0.30625,0.17268677830651136,2.4776878356933594,-3.026798367500305e-09,1.759804606437683,0.0,3.192270612716675,6.141476488113403,0.24288558959960938,0.12950222194194794,0.2563520073890686,0.5729200839996338,1.8626451492309571e-10,3.526726484298706,1.3307579978834838,1.3976740689880813,0.41764503717422485,0.5094283223152161,4.0493690252304075,1.9100514650344849,-7.171183824539185e-08,2.3688833713531494,0.0,3.0732136726379395,1.719840896129608,0.05075368285179138,0.150247722864151,0.2151368111371994,0.5329559445381165,6.819609552621841e-08,3.7303547859191895,0.9424320881254971,1.151855301299332,0.4244540333747864,0.4890519082546234,5.499373435974121
439,0.3057617120407653,0.7178125,0.3314059325787026,1.7608044147491455,-4.377216100692749e-08,2.461411714553833,0.0,3.193276596069336,6.061046981811524,0.24305495619773865,0.1293565034866333,0.2562859356403351,0.5729044675827026,3.9441511034965516e-08,4.247062683105469,1.4488923439756036,1.467882051941984,0.42862987518310547,0.4864538311958313,6.744374465942383,1.5612597465515137,-1.51805579662323e-07,2.3195724487304688,0.0,3.0738502502441407,7.9160072803497314,0.05009284242987633,0.15039920806884766,0.21547575294971466,0.5329814553260803,1.4426186680793763e-07,3.345012903213501,0.9721149485558271,1.1940893781411135,0.4490955173969269,0.48569396138191223,7.204396724700928
440,0.13224770552188492,0.7874999999999999,0.4960813664006832,1.6850471496582031,-7.35744833946228e-08,2.0391173362731934,0.0,3.1944514989852903,2.633844327926636,0.24269741773605347,0.12903927266597748,0.2557311952114105,0.572860836982727,7.35744833946228e-08,3.507086753845215,1.2594238712918013,1.3617591270910563,0.4135136902332306,0.4862455129623413,4.293273687362671,1.9575111865997314,-1.3690441846847534e-07,2.3441007137298584,0.0,3.074510335922241,5.5916952133178714,0.0494016669690609,0.15038108825683594,0.21556977927684784,0.533102810382843,1.3310927897691728e-07,3.15993332862854,0.9294535603374243,1.1286157358133628,0.43016353249549866,0.5046901702880859,6.189320039749146
441,1.2474533892534279,0.835,0.11771493773984174,1.8296196460723877,8.754432201385498e-08,2.699807643890381,0.0,3.1962223768234255,5.810193157196045,0.24194687604904175,0.12869206070899963,0.25501009821891785,0.5722103714942932,-8.502975106239319e-08,3.925964832305908,1.4223539493279531,1.3792502086419387,0.4225121736526489,0.4857591688632965,7.9807188510894775,1.9548943042755127,1.043081283569336e-07,2.2744171619415283,0.0,3.075641632080078,4.807986831665039,0.04926364868879318,0.15042436122894287,0.21564583480358124,0.5334252715110779,-9.997747838497161e-08,3.177366018295288,0.9999738930724561,1.170065078306609,0.3961682617664337,0.47234418988227844,5.815861988067627
442,0.05501861551672255,0.748125,0.6563687409957529,1.499764323234558,5.3551048040390015e-08,2.850902557373047,0.0,3.197851037979126,1.4002131342887878,0.24159812927246094,0.12856711447238922,0.25470688939094543,0.5714214444160461,-5.532056093215942e-08,5.655110836029053,1.3849220347590745,1.5227965057492296,0.4581107795238495,0.48923352360725403,8.052965068817139,1.705721378326416,3.3527612686157227e-08,2.3079898357391357,0.0,3.077004075050354,6.207643032073975,0.0488009974360466,0.15019148588180542,0.2153540998697281,0.5339634418487549,-3.594905138015747e-08,3.3960812091827393,1.023294179700315,1.180039201509457,0.461268812417984,0.476142555475235,6.336938381195068
443,0.02990009636366246,0.8390625,0.9358829785677909,2.1396331787109375,8.195638656616211e-08,2.263582944869995,0.0,3.1979323625564575,6.239530754089356,0.2412041574716568,0.12822794914245605,0.25409337878227234,0.5701521635055542,-8.4657222032547e-08,3.9803872108459473,1.3038547846954316,1.3653802610314079,0.3940797746181488,0.5276501178741455,5.929296350479126,2.1962573528289795,-1.3597309589385986e-07,2.464344024658203,0.0,3.077993941307068,0.5061508864164352,0.04849662631750107,0.15001271665096283,0.21509230136871338,0.5345243811607361,1.34296715259552e-07,2.5575110912323,0.7901645392179489,1.004677811873964,0.4322805404663086,0.5128863453865051,5.878903150558472
444,0.18296989828955398,0.7462500000000001,0.5715585097518133,1.832520604133606,5.4016709327697754e-08,2.100306272506714,0.0,3.1970770359039307,1.861484205722809,0.24132542312145233,0.12814630568027496,0.25406908988952637,0.5693099498748779,-6.128102540969848e-08,4.31483268737793,1.3459269172046333,1.4856905233936333,0.4517403841018677,0.4948573410511017,4.629514360427857,1.6593854427337646,3.073364496231079e-08,2.6362078189849854,0.0,3.0786765813827515,6.772745990753174,0.04714451730251312,0.1487472653388977,0.2132212072610855,0.5358121395111084,-3.608874976634979e-08,3.1421234607696533,0.9799717014655471,1.1598779481414014,0.4592832624912262,0.4856041669845581,8.057264423370361
445,0.1769654791042677,0.8800000000000001,0.3233158321102958,1.9752002954483032,-6.05359673500061e-08,2.110966682434082,0.0,3.193754553794861,1.4991198778152466,0.24336250126361847,0.12903134524822235,0.2560039460659027,0.5713536739349365,5.802139639854431e-08,4.005857467651367,1.4287439241074025,1.3767820218996651,0.4320496618747711,0.4524647891521454,4.394322061538697,1.674606204032898,1.2852251529693604e-07,2.270505905151367,0.0,3.0786426305770873,1.4416142225265502,0.04582281783223152,0.1474291980266571,0.21129995584487915,0.5381740927696228,-1.3513490557670593e-07,2.7625250816345215,0.7714988022111356,0.9918245480557328,0.41856491565704346,0.5800772309303284,5.293753004074096
446,0.14156306995883702,0.6590624999999999,0.3341569244316461,2.047830581665039,4.237517714500427e-08,2.3009774684906006,0.0,3.188434934616089,5.548551416397094,0.24785958230495453,0.13144411146640778,0.2607411742210388,0.5741041302680969,-4.33996319770813e-08,5.245108604431152,1.422944304998964,1.5174791275979782,0.4166739284992218,0.5031601786613464,5.8551630020141605,1.8821687698364258,-1.3830140233039856e-07,2.3580503463745117,0.0,3.075464463233948,0.5040100425481796,0.0441090390086174,0.1456335186958313,0.20869195461273193,0.5404471755027771,1.3737007975578308e-07,3.7709197998046875,0.9767851257696748,1.206733725768118,0.38979703187942505,0.5085530281066895,5.4313592433929445
447,0.027122929383741713,0.7596875000000001,0.6951895266942169,1.786623477935791,-1.126900315284729e-07,2.4700379371643066,0.0,3.1846307039260866,0.4436123549938202,0.2511076033115387,0.13328304886817932,0.2643829584121704,0.5753324627876282,1.130625605583191e-07,4.343047142028809,1.4649473659228534,1.5878244568871407,0.4630506932735443,0.48640868067741394,5.915238666534424,1.8276158571243286,-2.3283064365386963e-09,2.4750263690948486,0.0,3.0701034545898436,3.4756196975708007,0.04293271526694298,0.14786602556705475,0.21250572800636292,0.5399473309516907,-2.7939677238464354e-10,2.9365012645721436,0.8850688328966498,1.042220857843317,0.39594024419784546,0.4943641424179077,6.279002094268799
448,0.025950964058238057,0.4021875,0.4284175543256378,2.062098979949951,1.6763806343078613e-08,2.409613847732544,0.0,3.176631212234497,1.0267263770103454,0.2552311420440674,0.1346466988325119,0.268466979265213,0.5746262073516846,-1.9045546650886535e-08,4.673030853271484,1.5348833926487715,1.485280443627986,0.4099147915840149,0.532839834690094,5.628547430038452,1.8959299325942993,-5.774199962615967e-08,2.33376407623291,0.0,3.0678253412246703,1.9453704237937928,0.043664686381816864,0.15093088150024414,0.21755102276802063,0.5418626666069031,5.587935447692871e-08,3.507237195968628,0.9210235629230737,1.1847344183180193,0.4451833665370941,0.4903690218925476,5.653590726852417
449,0.5154594305635483,0.8231250000000001,0.2918126788872073,1.75453519821167,1.4854595065116882e-07,2.498314380645752,0.0,3.171445059776306,2.470480740070343,0.2570917010307312,0.1348823755979538,0.2699456214904785,0.575380802154541,-1.432374119758606e-07,4.0416579246521,1.273112617013976,1.3860568828334314,0.3852123022079468,0.5298895239830017,6.294401168823242,1.8072715997695923,-1.2293457984924316e-07,2.255668878555298,0.0,3.06934859752655,4.302076959609986,0.04174751788377762,0.15097802877426147,0.21816107630729675,0.5429719090461731,1.2638047337532042e-07,2.8282365798950195,0.9168943807482719,1.1079227222232382,0.38062381744384766,0.48496213555336,5.50714955329895
450,0.0574245328679164,0.5053124999999999,0.39561099105188635,2.0883123874664307,-5.21540641784668e-08,2.8300929069519043,0.0,3.169423317909241,2.7342071533203125,0.2581888735294342,0.13541767001152039,0.2709399461746216,0.5765874981880188,4.9639493227005e-08,3.418884754180908,1.2968907956499607,1.3132725055956,0.4246579706668854,0.4784768521785736,8.194949340820312,2.135606288909912,-1.2014061212539673e-07,2.3795974254608154,0.0,3.070961904525757,5.146826457977295,0.0391344353556633,0.15037021040916443,0.21777792274951935,0.5434994697570801,1.2237578630447388e-07,3.3906350135803223,1.0160089945420623,1.1642375302582597,0.4309307336807251,0.5268338322639465,6.260817623138427
451,1.4973107145036386,0.791875,0.4221435092154137,1.6373733282089233,-1.5040859580039978e-07,2.245936393737793,0.0,3.169892358779907,7.964701128005982,0.25867748260498047,0.13555946946144104,0.27148300409317017,0.5773721933364868,1.4617107808589934e-07,5.178806304931641,1.5644725893624127,1.7007892822905264,0.4758203625679016,0.471021831035614,6.626538944244385,2.23079252243042,-7.636845111846924e-08,2.741318941116333,0.0,3.071746563911438,4.93621072769165,0.03876795619726181,0.15044747292995453,0.2180473655462265,0.5442497134208679,7.539056241512299e-08,2.9765522480010986,0.995917615480721,1.1811729980500552,0.42592981457710266,0.4919578433036804,7.862967157363892
452,0.28021471934648484,0.83125,0.37273366921699846,1.6492984294891357,1.0523945093154907e-07,2.2321627140045166,0.0,3.170101356506348,1.6233867287635804,0.25840985774993896,0.13523437082767487,0.27119630575180054,0.5779209733009338,-1.1245720088481903e-07,4.35650634765625,1.4578518717549742,1.6321871902875182,0.4362018406391144,0.46370458602905273,4.997811603546142,1.9074119329452515,1.5832483768463135e-08,2.4044086933135986,0.0,3.0720749139785766,6.6967597007751465,0.03907960653305054,0.15053415298461914,0.21815820038318634,0.5451595783233643,-1.532025635242462e-08,3.1481714248657227,0.8892871242016553,1.1273597132497104,0.38127684593200684,0.555324912071228,6.831119012832642
453,188.86387463845068,0.8318749999999999,0.5520623837255234,1.5136916637420654,-2.1420419216156006e-08,2.1428518295288086,0.0,3.168178987503052,0.5843540966510773,0.258609414100647,0.13509240746498108,0.271297812461853,0.5789172649383545,2.1886080503463745e-08,3.349036931991577,1.3430659520905466,1.2749727396123598,0.41347426176071167,0.4711940884590149,4.515715503692627,1.8945398330688477,-3.818422555923462e-08,2.472320795059204,0.0,3.0721072435379027,4.1567813634872435,0.038926538079977036,0.15046797692775726,0.21809536218643188,0.5453802943229675,4.381872713565826e-08,3.243375778198242,1.0536793809384108,1.279944768043718,0.3940790593624115,0.4998219311237335,6.513911294937134
454,0.09904198239196468,0.8462500000000001,0.6449486201205945,1.4774290323257446,7.59027898311615e-08,1.9826401472091675,0.0,3.1651104211807253,1.7497119069099427,0.25987470149993896,0.13616076111793518,0.2728332281112671,0.578251838684082,-7.944181561470031e-08,3.7324085235595703,1.4220980897545814,1.5342451583385892,0.4253671169281006,0.471649706363678,3.8849799394607545,1.7871167659759521,-1.862645149230957e-09,2.2915115356445312,0.0,3.071614122390747,10.446627426147462,0.0387260839343071,0.15058092772960663,0.21833352744579315,0.545285701751709,3.7252902984619143e-10,4.617269039154053,0.9045494733378291,1.2411365473928544,0.4774875044822693,0.5061935782432556,8.222487926483154
455,0.13657603890485476,0.6546875,0.24660925370256206,2.4037492275238037,-2.0489096641540527e-08,2.2847096920013428,0.0,3.1653887033462524,6.809774780273438,0.25987768173217773,0.13628341257572174,0.272625595331192,0.5777923464775085,1.0873191058635712e-08,4.1719255447387695,1.3701958938967436,1.3665695584917459,0.41368526220321655,0.517749011516571,6.2941874980926515,1.661888837814331,-6.28642737865448e-09,2.602749824523926,0.0,3.071454954147339,1.1222551584243774,0.038759008049964905,0.15083551406860352,0.2187584936618805,0.5452457070350647,3.7252902984619143e-10,3.3479316234588623,0.9622775817289948,1.1160016536277164,0.37908151745796204,0.5277727246284485,6.673463153839111
456,1.5977016159650455,0.8175000000000001,0.1254395444910367,1.6469100713729858,1.5087425708770752e-07,2.2281274795532227,0.0,3.166283893585205,0.9819134265184403,0.259219229221344,0.1357782781124115,0.2715073525905609,0.5779810547828674,-1.5241093933582306e-07,4.828880786895752,1.4583485879469662,1.5355165308274699,0.4114585518836975,0.5187439918518066,4.94776668548584,1.5545443296432495,-4.284083843231201e-08,2.4583802223205566,0.0,3.0716966867446898,1.577293050289154,0.0391971655189991,0.15088409185409546,0.21878285706043243,0.545949399471283,4.430767148733139e-08,2.915480613708496,1.029662265535444,1.1961754054398819,0.4614218473434448,0.4663181006908417,6.094343662261963
457,0.0397079818441855,0.70875,0.6893998212727162,1.962031602859497,3.632158041000366e-08,1.8485925197601318,0.0,3.1687265634536743,5.098927927017212,0.2579745948314667,0.13508428633213043,0.27039635181427,0.5768691897392273,-3.254972398281098e-08,5.339736461639404,1.390635237377137,1.48384851500964,0.38988444209098816,0.5442062616348267,4.1091145992279055,2.7772772312164307,-3.282912075519562e-08,1.923183560371399,0.0,3.0692508697509764,10.806931495666504,0.04047144204378128,0.15220755338668823,0.2209494560956955,0.5458869338035583,3.585591912269592e-08,2.6074061393737793,1.030535747576505,1.1665927626440273,0.35811325907707214,0.6134997010231018,6.946438503265381
458,0.028612009574725632,0.464375,0.4034004657842828,1.5644499063491821,2.468004822731018e-08,1.9376250505447388,0.0,3.1690712690353395,1.1907769560813903,0.25705233216285706,0.13460120558738708,0.26985031366348267,0.5759753584861755,-1.83936208486557e-08,3.978053569793701,1.3997170278336852,1.4583458050318527,0.35226234793663025,0.4977782666683197,3.6314644813537598,2.078601837158203,-2.1420419216156006e-08,2.351701259613037,0.0,3.0694419145584106,0.5977713406085968,0.04176035523414612,0.15368770062923431,0.2233407348394394,0.5457886457443237,2.1280720829963685e-08,2.9893975257873535,1.0219685090705752,1.1780089138626895,0.3972955048084259,0.550309956073761,5.341252183914184
459,1.032986339471482,0.75875,0.0175701126009839,1.7982538938522339,-8.009374141693115e-08,2.301692008972168,0.0,3.1674266338348387,4.686027908325196,0.2588203251361847,0.1358254849910736,0.27226826548576355,0.5758059024810791,7.748603820800782e-08,3.25852108001709,1.3450019378215075,1.402336975433054,0.4077383279800415,0.49315422773361206,5.730017280578613,2.0954360961914062,-1.257285475730896e-07,2.5157084465026855,0.0,3.074171614646912,1.7791470050811768,0.04085846617817879,0.15492279827594757,0.22536958754062653,0.5440630912780762,1.1855736374855041e-07,2.7704999446868896,0.9642729092389345,1.1587592689152573,0.38839662075042725,0.4890185594558716,6.1781820297241214
460,0.2167996271592309,0.72375,0.40009237630136363,1.8836253881454468,-1.83936208486557e-07,2.4016804695129395,0.0,3.16610267162323,6.421141481399536,0.26111850142478943,0.1372586041688919,0.2750571370124817,0.5759587287902832,1.8407590687274933e-07,3.997232437133789,1.214586440473795,1.3157546356198198,0.4091840386390686,0.5484896302223206,6.79138879776001,1.735455870628357,4.842877388000488e-08,2.2778398990631104,0.0,3.074777674674988,2.625636649131775,0.04061286523938179,0.15624313056468964,0.2272830754518509,0.544305682182312,-4.8708170652389524e-08,3.2874200344085693,0.8575752734206616,1.0513759457457914,0.458856999874115,0.4847783148288727,5.26983528137207
461,0.22928123405987505,0.656875,0.36089340241939827,1.7627081871032715,6.891787052154541e-08,2.7579660415649414,0.0,3.1652803897857664,6.317322778701782,0.26247483491897583,0.13798069953918457,0.2765677869319916,0.5761485695838928,-6.845220923423767e-08,4.927438735961914,1.345319031411782,1.5169642492930948,0.4895159900188446,0.43991267681121826,8.540108108520508,1.854608416557312,3.91155481338501e-08,1.8890562057495117,0.0,3.0744051933288574,4.085378265380859,0.041027359664440155,0.1568877100944519,0.22811633348464966,0.5456940531730652,-3.4598633646965026e-08,2.894345283508301,0.8895275318063796,1.1383743222816118,0.38279154896736145,0.5173900723457336,4.046689748764038
462,0.07590291588980344,0.8453125,0.6980073416608095,1.5942641496658325,5.820766091346741e-08,2.5265579223632812,0.0,3.164658284187317,8.688197612762451,0.263010710477829,0.1383754014968872,0.27722305059432983,0.5759202241897583,-5.289912223815918e-08,3.511647939682007,1.1512328133918346,1.1789939358719865,0.44500184059143066,0.4990939199924469,8.407474994659424,2.2808825969696045,-1.0663643479347229e-07,2.450735330581665,0.0,3.075633335113525,0.7297065258026123,0.04140288010239601,0.1573878526687622,0.22880710661411285,0.5463103652000427,1.0561197996139527e-07,2.543178081512451,0.9592583473771811,1.1532882261377373,0.43062812089920044,0.4840964674949646,5.99600567817688
463,3.1537693347338434,0.7871875,0.34962783021354166,1.7509299516677856,-2.0489096641540527e-08,2.193168878555298,0.0,3.163081502914429,0.5573280423879623,0.2626068592071533,0.1382523775100708,0.27691709995269775,0.5750390291213989,2.561137080192566e-08,3.7644407749176025,1.4928331786300988,1.6011537934565843,0.4267083406448364,0.4772845506668091,4.754613542556763,2.1939585208892822,8.847564458847046e-08,2.880470037460327,0.0,3.081130933761597,1.4805023670196533,0.04344985634088516,0.15761330723762512,0.22885197401046753,0.5474215149879456,-8.309725672006607e-08,3.374729633331299,0.9148915722966194,1.0916245043168011,0.4529101848602295,0.4755518436431885,7.9873004913330075
464,0.08082469512926191,0.8012499999999999,0.19508748941611667,1.8601216077804565,2.523884177207947e-07,2.2093446254730225,0.0,3.1586230754852296,3.746783661842346,0.2618471086025238,0.1371918022632599,0.27663591504096985,0.5719826817512512,-2.529937773942947e-07,4.006128311157227,1.481197737203911,1.5089460510084476,0.4451223313808441,0.47711044549942017,5.22235426902771,1.9884824752807617,-1.0244548320770264e-08,2.2629075050354004,0.0,3.0826122760772705,1.5972319006919862,0.044525109231472015,0.15706002712249756,0.22768907248973846,0.5507818460464478,1.0663643479347228e-08,3.3844518661499023,0.9519113726913929,1.161710877969903,0.40492796897888184,0.5389598608016968,5.106724977493286
465,0.033598768069775166,0.76125,0.5012557475584027,2.1983675956726074,-4.0978193283081055e-08,2.3452706336975098,0.0,3.1578991174697877,0.9700165390968323,0.26191771030426025,0.1365496665239334,0.27709856629371643,0.5701246857643127,4.307366907596588e-08,4.177870273590088,1.3248833949677645,1.5336464326480312,0.44920894503593445,0.5161879062652588,5.419748163223266,1.562902808189392,1.4016404747962952e-07,2.563375473022461,0.0,3.0837287425994875,5.217812871932983,0.04234956577420235,0.15477924048900604,0.22447381913661957,0.5530702471733093,-1.3476237654685973e-07,3.8009138107299805,1.0098574478179216,1.2472788592910427,0.428204745054245,0.5028136968612671,7.2499994277954105
466,0.06463743000783911,0.8759375,0.7680115572767987,1.8282153606414795,-8.66129994392395e-08,2.477893590927124,0.0,3.1625868558883665,3.602189326286316,0.2601979672908783,0.13543833792209625,0.2752986252307892,0.5691941380500793,8.014030754566192e-08,4.277758598327637,1.4530743065290153,1.505218278549357,0.4344538450241089,0.4491073191165924,6.394733476638794,2.5192224979400635,2.2351741790771484e-08,2.5745010375976562,0.0,3.084094023704529,6.900137281417846,0.0410303920507431,0.15327000617980957,0.22238485515117645,0.5544947981834412,-1.8277205526828766e-08,2.727745294570923,0.8987670078873634,1.03300887887998,0.4116842448711395,0.573867917060852,7.794345998764038
467,2.1605882679269635,0.8862500000000001,0.47280090636837013,1.7165729999542236,9.452924132347107e-08,2.2256767749786377,0.0,3.164042282104492,1.3904761791229248,0.2585536241531372,0.13465717434883118,0.2737292945384979,0.5684515237808228,-8.810311555862426e-08,4.570528507232666,1.5552015758585185,1.5917590019924543,0.415966272354126,0.5139884948730469,5.003974294662475,1.8556886911392212,2.8870999813079834e-08,2.18658185005188,0.0,3.0842772722244263,3.8433295249938966,0.04049023613333702,0.15270516276359558,0.22161486744880676,0.5552121996879578,-3.264285624027252e-08,2.5809781551361084,0.984188799187541,1.1058972095581874,0.37522345781326294,0.5229905843734741,5.136120271682739
468,0.2585066201088819,0.9234375,0.8479199096556425,2.636789560317993,3.3527612686157227e-08,2.01452898979187,0.0,3.162669634819031,5.72553448677063,0.2607083022594452,0.13587604463100433,0.2762385308742523,0.5713183879852295,-3.883615136146546e-08,3.250852584838867,1.2252666440792381,1.1412747190816595,0.4272788166999817,0.49805349111557007,4.8534468650817875,2.357574939727783,-1.587904989719391e-07,2.252876043319702,0.0,3.084767150878906,2.640287470817566,0.04024161398410797,0.15287548303604126,0.22199766337871552,0.555167555809021,1.5497207641601563e-07,3.0976414680480957,0.9345459777861833,1.0363778976691127,0.4255220293998718,0.5022212266921997,5.1453633308410645
469,0.17843027355098542,0.6090625,0.6245508807296201,1.8538072109222412,1.1455267667770386e-07,2.1883437633514404,0.0,3.1619678258895876,2.274686598777771,0.26301002502441406,0.13724885880947113,0.2787778973579407,0.574241042137146,-1.1399388313293458e-07,3.8408432006835938,1.3928499959409237,1.5203570303429421,0.43132829666137695,0.514750063419342,4.794145917892456,2.0144033432006836,-7.82310962677002e-08,2.2311832904815674,0.0,3.083942341804504,0.8569012761116028,0.040920596569776535,0.1535867303609848,0.22298000752925873,0.5555107593536377,8.442439138889313e-08,4.059260368347168,0.9986316407099366,1.2253438650833368,0.41484302282333374,0.5170413255691528,4.855849313735962
470,0.2569764786960206,0.8496875000000002,0.2744204183371778,2.1988627910614014,-1.8207356333732605e-07,2.155822277069092,0.0,3.16264431476593,1.7471760869026185,0.26373955607414246,0.1375628113746643,0.2794559895992279,0.5743021965026855,1.7927959561347961e-07,4.1504716873168945,1.3265190333127976,1.2862000312655164,0.3795844316482544,0.4830390512943268,4.6075037002563475,2.8454811573028564,-1.2759119272232056e-07,1.9036271572113037,0.0,3.0760038614273073,6.980667972564698,0.03985312581062317,0.15394993126392365,0.2241540551185608,0.5540326237678528,1.1941883713006973e-07,3.212219476699829,1.0405601331964136,1.2341372528029857,0.4071405529975891,0.47432947158813477,4.975821685791016
471,0.3194001603008531,0.66625,0.34181411670792294,1.7960703372955322,6.658956408500671e-08,2.7437222003936768,0.0,3.160946178436279,1.0461633503437042,0.2632344663143158,0.1369474232196808,0.2788684666156769,0.5735548138618469,-7.266644388437272e-08,4.156942367553711,1.3981914300471545,1.4246840331694688,0.4675394892692566,0.4674956202507019,7.29947338104248,1.5807104110717773,-1.862645149230957e-08,2.544052839279175,0.0,3.0717851877212525,4.194700479507446,0.03817819058895111,0.1539737731218338,0.22506842017173767,0.5532139539718628,1.4854595065116882e-08,2.5272722244262695,0.8343978660181165,0.9515206806015298,0.417849063873291,0.454717755317688,7.008999013900757
472,0.10528758059053897,0.8703125,0.824835731319084,2.4802374839782715,-6.51925802230835e-09,2.0247020721435547,0.0,3.1558045387268066,6.360389328002929,0.2661626636981964,0.13769325613975525,0.28140509128570557,0.5764405727386475,6.891787052154541e-09,3.697037935256958,1.3157362871337681,1.3736997019218717,0.3710346817970276,0.5792151689529419,5.066396427154541,1.3026949167251587,1.1548399925231934e-07,2.7504310607910156,0.0,3.070662784576416,11.26000509262085,0.03741159290075302,0.15387971699237823,0.22527843713760376,0.5532607436180115,-1.0970979928970337e-07,3.176119089126587,1.0148414035327733,1.1484722796307372,0.47604620456695557,0.45848357677459717,11.091218852996827
473,3.1732960241581862,0.70625,0.2867308274564063,2.1550076007843018,8.707866072654724e-08,2.563278913497925,0.0,3.1525506734848023,1.2832503020763397,0.26960524916648865,0.13881883025169373,0.2844489812850952,0.5796419382095337,-8.810311555862426e-08,4.255161285400391,1.4833807558752596,1.6066607127485186,0.4194040298461914,0.4897083342075348,6.376496028900147,1.7159509658813477,6.146728992462158e-08,2.4535396099090576,0.0,3.069864368438721,3.2449108362197876,0.03723175823688507,0.15392455458641052,0.22546300292015076,0.5532791614532471,-6.509944796562195e-08,3.6340370178222656,1.0443205608054995,1.1693062065797086,0.4213669002056122,0.4897973835468292,6.193541574478149
474,0.04617708052983811,0.601875,0.4487072259157541,1.5380473136901855,-1.969747245311737e-07,2.7148654460906982,0.0,3.1495156288146973,3.940839672088623,0.2702973186969757,0.13895142078399658,0.28508472442626953,0.5798543095588684,1.9837170839309692e-07,3.5850930213928223,1.1953981753438712,1.2877413283009926,0.3905951976776123,0.517693817615509,7.654794597625733,1.944056749343872,1.4621764421463013e-07,2.7045326232910156,0.0,3.068662929534912,0.6520977854728699,0.03792617842555046,0.15482427179813385,0.22693687677383423,0.553303062915802,-1.4160759747028352e-07,3.747086763381958,0.8990795728750527,1.099295554946102,0.43869125843048096,0.5220224261283875,7.220357370376587
475,20.444143117746034,0.5987500000000001,-0.04745687564393037,1.6002037525177002,2.1606683731079102e-07,1.9147251844406128,0.0,3.1483152866363526,6.396167898178101,0.26963427662849426,0.13840584456920624,0.28449633717536926,0.5784558057785034,-2.1217856556177138e-07,3.8113389015197754,1.4783737961668522,1.5613577737914475,0.3624170422554016,0.5463547706604004,4.684905767440796,2.099942684173584,-1.0849907994270325e-07,2.7681884765625,0.0,3.070707011222839,1.79516521692276,0.037986915558576584,0.1554994285106659,0.22820401191711426,0.5534992218017578,1.0617077350616455e-07,3.038745641708374,0.9762600334361196,1.1161177180727082,0.4677433371543884,0.4765205383300781,7.500003480911255
476,0.07081843452199474,0.9546875,0.6090473224510203,1.8819081783294678,5.587935447692871e-08,2.4321436882019043,0.0,3.148495602607727,2.386418318748474,0.2695184051990509,0.13821838796138763,0.2844887971878052,0.5776165723800659,-5.229376256465912e-08,5.003939628601074,1.5147571361623704,1.640275582113895,0.42054304480552673,0.5301055312156677,5.870402002334595,1.5193994045257568,-1.280568540096283e-07,2.4486963748931885,0.0,3.074964141845703,2.399426054954529,0.03794616460800171,0.15590029954910278,0.22890567779541016,0.554292619228363,1.330394297838211e-07,4.031498908996582,0.9203289270401,1.121628443662479,0.4219192862510681,0.4969736933708191,5.948805618286133
477,0.12631902046895105,0.7543750000000001,0.40134466502402055,2.1499760150909424,-1.0151416063308716e-07,1.9132524728775024,0.0,3.150714898109436,4.2295427322387695,0.26820462942123413,0.13737580180168152,0.282948762178421,0.5764528512954712,1.0291114449501038e-07,4.587203025817871,1.4293088275473564,1.5580641963978203,0.3920922875404358,0.5010517239570618,4.019802618026733,1.8887022733688354,-8.009374141693115e-08,2.3199105262756348,0.0,3.077317714691162,0.797592306137085,0.03727403283119202,0.15648241341114044,0.23007936775684357,0.5540387034416199,7.683411240577698e-08,3.9879889488220215,1.2067221810109914,1.3322420913272965,0.42255640029907227,0.5479156374931335,5.311785173416138
478,0.053183279935076856,0.729375,0.5415530256367291,1.599597454071045,1.8067657947540283e-07,2.1336469650268555,0.0,3.1520074605941772,3.1012181997299195,0.2675917148590088,0.13692522048950195,0.2820228934288025,0.5765796899795532,-1.8067657947540283e-07,4.4629998207092285,1.490835337061435,1.5394390761511607,0.4111035466194153,0.509992241859436,4.796609020233154,1.6522067785263062,-6.984919309616089e-08,2.659398317337036,0.0,3.078686308860779,0.5106452614068985,0.03419976681470871,0.1569957584142685,0.23216715455055237,0.5517076253890991,7.16187059879303e-08,3.6797642707824707,1.052649804390967,1.2111298494880867,0.4896366596221924,0.4863576889038086,7.100739145278931
479,0.01749850017986721,0.7684375,0.8331327231919475,2.465205192565918,1.1385418474674225e-07,2.260115146636963,0.0,3.1517775297164916,0.8127640366554261,0.2682420611381531,0.1370740681886673,0.28251412510871887,0.5772765874862671,-1.1296942830085754e-07,3.8664088249206543,1.3740076094865799,1.3395005809464637,0.4066140651702881,0.5497141480445862,5.099113082885742,1.9071775674819946,1.5925616025924683e-07,2.1322405338287354,0.0,3.0782387495040893,5.274492263793945,0.029477762058377266,0.15856416523456573,0.2361859679222107,0.5530128479003906,-1.578591763973236e-07,3.403374433517456,0.9047088520368561,1.0633163757057311,0.44061964750289917,0.4839525520801544,5.306665992736816
480,0.8207757454490864,0.6021875,0.08876923113690573,1.8808008432388306,-2.016313374042511e-07,2.2308499813079834,0.0,3.149770450592041,2.096892261505127,0.2696917653083801,0.13884499669075012,0.284743994474411,0.577487587928772,2.04332172870636e-07,3.952479124069214,1.1266590914689005,1.2774842706940364,0.45104509592056274,0.4628325402736664,5.021198558807373,1.9551684856414795,1.3969838619232178e-08,2.3558146953582764,0.0,3.078171181678772,5.138243103027344,0.02853907085955143,0.16016048192977905,0.2393113672733307,0.5592091679573059,-1.1548399925231934e-08,3.667449951171875,1.091385414917022,1.2879490125306974,0.44826313853263855,0.5033565759658813,6.135383081436157
481,53931.07441935721,0.7715625,-0.33766515227283855,1.4412473440170288,-1.0244548320770264e-07,2.297306537628174,0.0,3.1511595249176025,5.201426601409912,0.2701537013053894,0.13976842164993286,0.28600233793258667,0.5762714743614197,1.0142102837562562e-07,3.484346866607666,1.2603683433728292,1.3433763161183785,0.39575374126434326,0.5762794613838196,5.848103857040405,1.964585542678833,-1.601874828338623e-07,2.272670030593872,0.0,3.0795290231704713,2.3594932317733766,0.02869609370827675,0.16052772104740143,0.24019697308540344,0.5627731084823608,1.6186386346817018e-07,3.4577977657318115,0.9298191123642028,1.1724238552432495,0.38265788555145264,0.5932007431983948,5.151440811157227
482,0.26224545698159407,0.688125,0.2330650635763508,1.9803069829940796,7.450580596923828e-09,2.5341808795928955,0.0,3.152496004104614,1.7938531398773194,0.2702614665031433,0.1399690955877304,0.2864265441894531,0.575194776058197,-1.0197982192039489e-08,3.358938694000244,1.2509670056402684,1.2911192629290862,0.39104485511779785,0.5287985801696777,6.407814884185791,1.692310094833374,2.1886080503463745e-08,2.4318034648895264,0.0,3.080067491531372,1.7642930269241333,0.029528703540563583,0.16083185374736786,0.2411487102508545,0.564163088798523,-1.6530975699424744e-08,3.1488192081451416,0.924544419720769,1.1390990648430972,0.41331958770751953,0.47719404101371765,5.964093160629273
483,57.3420286130448,0.793125,-0.21040795143892904,2.214278221130371,1.5087425708770752e-07,2.5928428173065186,0.0,3.154279613494873,0.8670327961444855,0.2702903747558594,0.1400887668132782,0.28638187050819397,0.5739316940307617,-1.5271361917257308e-07,3.4999990463256836,1.30051362356171,1.3362563070523068,0.43039950728416443,0.47359389066696167,6.556317758560181,1.97623872756958,-2.421438694000244e-07,2.136885404586792,0.0,3.08071084022522,4.04077033996582,0.02883383072912693,0.16041330993175507,0.2406768947839737,0.565467894077301,2.3492611944675446e-07,3.2667367458343506,1.1039628001395614,1.3260458630310756,0.4008183777332306,0.4974066913127899,4.947560167312622
484,0.018048049032636744,0.8943749999999999,0.9245516600518819,1.497612476348877,-6.705522537231445e-08,2.069319725036621,0.0,3.1585917472839355,2.907385563850403,0.26743414998054504,0.13869048655033112,0.28322160243988037,0.5658033490180969,6.51925802230835e-08,3.7435147762298584,1.4257156705483793,1.4775656480348802,0.396958589553833,0.494620144367218,4.479587554931641,2.4529662132263184,1.4528632164001465e-07,2.1305665969848633,0.0,3.079474949836731,2.6211715221405028,0.027774853631854057,0.16008105874061584,0.24001044034957886,0.5663488507270813,-1.4221295714378356e-07,3.221198320388794,0.8987610766198486,1.1971300435678842,0.413991779088974,0.48756739497184753,4.639689779281616
485,1.5205257665310117,0.7440625,0.013779815475465284,2.3114538192749023,-1.2014061212539673e-07,2.0900630950927734,0.0,3.161438512802124,1.0254765570163726,0.26411357522010803,0.13687357306480408,0.2797597646713257,0.5573714971542358,1.2274831533432008e-07,4.156888484954834,1.1176950896857307,1.1728355943400712,0.3718318045139313,0.568844199180603,4.26799578666687,1.8677488565444946,1.825392246246338e-07,1.9616672992706299,0.0,3.077131915092468,6.732481288909912,0.02828471176326275,0.1609865128993988,0.24145600199699402,0.566216230392456,-1.843087375164032e-07,2.4574785232543945,0.9455599582754075,1.122279233907889,0.4091498851776123,0.5120405554771423,5.184693765640259
486,133.9776920069367,0.469375,-0.8198028060264388,1.5886017084121704,-6.51925802230835e-08,1.9695563316345215,0.0,3.1629879474639893,3.998585319519043,0.2611818015575409,0.13624577224254608,0.27764588594436646,0.5460336208343506,6.947666406631469e-08,4.79354190826416,1.221837943373248,1.3287280457661572,0.3925105035305023,0.4412102997303009,4.27809772491455,1.5802361965179443,-2.0489096641540527e-08,2.712627410888672,0.0,3.0755228281021116,2.646469497680664,0.029255377128720284,0.16190552711486816,0.24302315711975098,0.565812349319458,2.253800630569458e-08,2.5075111389160156,0.8172229500487447,0.9876074470614934,0.4222332835197449,0.46773844957351685,7.316381216049194
487,17.25672312818998,0.89375,0.4452335704075079,1.6623018980026245,-7.310882210731506e-08,1.8200474977493286,0.0,3.1648311853408813,2.998524284362793,0.2580888569355011,0.13568857312202454,0.27561306953430176,0.5339047312736511,6.44708052277565e-08,3.6896753311157227,1.005309871886857,1.2282506929176251,0.365684449672699,0.49266672134399414,3.515150213241577,1.829201340675354,9.872019290924072e-08,2.3487675189971924,0.0,3.074477744102478,0.8635466694831848,0.030280709266662598,0.1629640758037567,0.24493306875228882,0.5652299523353577,-9.611248970031739e-08,2.958099842071533,0.9604723647702486,1.1738932935252815,0.409768670797348,0.4848857522010803,5.334682559967041
488,0.025477079708148,0.6875,0.7057346712571988,1.7716668844223022,-9.685754776000977e-08,2.372279405593872,0.0,3.1677979946136476,2.4196924448013304,0.25740471482276917,0.13561314344406128,0.27514269948005676,0.5331791639328003,1.0384246706962585e-07,4.2703423500061035,1.114739041822031,1.3408167854168083,0.39606431126594543,0.5007789134979248,5.573570632934571,1.6178498268127441,7.916241884231567e-08,2.6078133583068848,0.0,3.074974608421326,5.178041076660156,0.03309374302625656,0.164106547832489,0.24828357994556427,0.5649397969245911,-7.12461769580841e-08,2.952202081680298,1.06400873423554,1.2087307418438202,0.44021710753440857,0.4946291148662567,7.286426115036011
489,0.2999842557044309,0.7653125,0.3683577929846814,2.3892135620117188,-1.2479722499847412e-07,2.2862682342529297,0.0,3.1690542459487916,3.322631669044495,0.2585795521736145,0.13620971143245697,0.2762507200241089,0.5390670895576477,1.2926757335662843e-07,3.6422579288482666,0.9308948742691427,1.1653182803561708,0.44063079357147217,0.4752262532711029,5.376335954666137,1.9773881435394287,-2.9336661100387573e-08,2.3666722774505615,0.0,3.075007176399231,2.8419550895690917,0.035429008305072784,0.16486704349517822,0.2508082985877991,0.565494179725647,2.3655593395233153e-08,3.7301297187805176,1.0392894258257002,1.3279102297468384,0.38981151580810547,0.5061423778533936,5.63356614112854
490,0.6194418760170186,0.9153125,0.2869150828565403,2.729799509048462,-1.4156103134155273e-07,2.338277578353882,0.0,3.1688982486724853,1.015470767021179,0.25982776284217834,0.13671524822711945,0.2774144411087036,0.5449672341346741,1.4551915228366852e-07,4.813389778137207,1.384922802913934,1.495783440304766,0.41714581847190857,0.4668789505958557,5.2554418563842775,1.8005402088165283,-2.7706846594810486e-07,1.7256919145584106,0.0,3.0741345643997193,1.1391186118125916,0.037030790001153946,0.16603262722492218,0.25344958901405334,0.5657767057418823,2.7935020625591277e-07,3.3367562294006348,1.0589106409344822,1.2518225461667487,0.4341845214366913,0.529927134513855,3.048649549484253
491,0.09681072168952745,0.63875,0.39827530017871393,2.1392760276794434,1.1548399925231934e-07,2.1349735260009766,0.0,3.168622136116028,0.5861362993717194,0.2634519338607788,0.1393321007490158,0.28181537985801697,0.5536161065101624,-1.19674950838089e-07,4.622024059295654,1.3532268358860164,1.473093860903023,0.4238857924938202,0.5343875288963318,4.509734058380127,2.1080570220947266,-1.0244548320770264e-07,1.8309319019317627,0.0,3.0741272449493406,0.49800789058208467,0.03630883991718292,0.1665799915790558,0.2544831931591034,0.5660651922225952,1.0402873158454895e-07,3.77690052986145,0.8927925897762179,1.1846710881619984,0.3731011152267456,0.46893808245658875,3.2034775495529173
492,0.09016659571681895,0.7462500000000001,0.47454180097720844,1.6535736322402954,1.1175870895385742e-07,2.595475912094116,0.0,3.1733540296554565,5.180164241790772,0.2615717351436615,0.13913844525814056,0.28171423077583313,0.5413078665733337,-1.1115334928035736e-07,3.2417829036712646,1.1231455531902612,1.258364333485588,0.4588026702404022,0.4701266586780548,7.3250243186950685,2.1286842823028564,-5.681067705154419e-08,2.6507513523101807,0.0,3.0815046072006225,1.836281406879425,0.03218558803200722,0.16404947638511658,0.24986481666564941,0.5688121318817139,6.570480763912201e-08,3.0711636543273926,1.1072837677784264,1.350273749005389,0.41512033343315125,0.48638051748275757,7.00927324295044
493,354.300369410701,0.7334375,-0.49199052776576907,2.6732728481292725,2.3283064365386963e-09,2.322847366333008,0.0,3.1751684665679933,4.434378814697266,0.25834327936172485,0.13780871033668518,0.2797120213508606,0.5316475629806519,6.984919309616089e-10,2.8332371711730957,0.919573021074757,1.1015279482169422,0.4609438180923462,0.4690733551979065,5.7968985080719,1.878876805305481,9.313225746154785e-08,2.112853527069092,0.0,3.0861749172210695,8.32018585205078,0.02923518419265747,0.16261091828346252,0.24718254804611206,0.573095977306366,-8.549541234970093e-08,3.46305251121521,0.9395289292559028,1.1456395896127467,0.32036513090133667,0.575289249420166,6.422186756134034
494,906.6242970755733,0.72375,-0.5079257625918097,1.7303072214126587,-1.5832483768463135e-08,2.7020187377929688,0.0,3.1757354736328125,6.525258636474609,0.25740641355514526,0.13754762709140778,0.27913329005241394,0.5292636156082153,2.0395964384078978e-08,3.665538787841797,1.2232349313329904,1.4773091214449614,0.4491119086742401,0.48350393772125244,8.166762733459473,2.2050511837005615,-9.406358003616333e-08,2.354658842086792,0.0,3.0875699281692506,3.2275189399719237,0.028108768165111542,0.1626056730747223,0.24706271290779114,0.5751695036888123,9.397044777870179e-08,3.846923589706421,0.9146833720733412,1.2049880448910848,0.40052080154418945,0.4841502606868744,5.713462018966675
495,0.5029616329320767,0.8634375000000001,0.33401121073193485,1.8961399793624878,-2.1420419216156006e-08,1.995079755783081,0.0,3.177417016029358,0.9723520755767823,0.25693443417549133,0.1375741958618164,0.27892211079597473,0.5274812579154968,2.6263296604156493e-08,3.2319319248199463,1.0054112205747514,1.1821610746450835,0.44291001558303833,0.4533059597015381,3.934831213951111,1.678636074066162,1.1548399925231934e-07,2.281118869781494,0.0,3.0863869905471804,0.5247411876916885,0.027817342430353165,0.16280341148376465,0.247511088848114,0.5760146379470825,-1.1140946298837662e-07,2.9799389839172363,0.9777574730571359,1.203326428005264,0.41416317224502563,0.5252840518951416,5.102463054656982
496,0.27042749076797,0.8778124999999999,0.5932151337199005,1.897904872894287,1.341104507446289e-07,2.1576764583587646,0.0,3.1807408332824707,4.3229223728179935,0.2544005215167999,0.13708630204200745,0.27772217988967896,0.5199416875839233,-1.3718381524086e-07,3.4700002670288086,1.1428130048327148,1.4186501231660906,0.3978027403354645,0.547021210193634,5.111850309371948,2.0080320835113525,1.2153759598731995e-07,2.113585948944092,0.0,3.084047961235046,2.6502320528030396,0.032696209847927094,0.1650312840938568,0.2526625990867615,0.5776959657669067,-1.2814998626708984e-07,3.3920061588287354,1.0243823136668653,1.2988967914606602,0.3835427165031433,0.48587021231651306,4.688405704498291
497,2892.8697661196516,0.90625,0.0905231406238095,2.0803637504577637,-3.725290298461914e-09,2.6637208461761475,0.0,3.182165598869324,1.6356908321380614,0.2513278126716614,0.1364251673221588,0.2764962613582611,0.5137479305267334,1.126900315284729e-08,4.877285480499268,1.1256689360830934,1.4417053721940551,0.44630903005599976,0.48594793677330017,7.076429557800293,2.03247332572937,-1.1129304766654968e-07,1.9625940322875977,0.0,3.081920599937439,1.0112347185611725,0.03810896724462509,0.16804902255535126,0.25888150930404663,0.580295741558075,1.0831281542778015e-07,3.0013110637664795,0.8414612837135792,1.0530943650891758,0.38928475975990295,0.5075702667236328,3.855195951461792
498,0.1796338079593866,0.934375,0.49595328949885104,1.7986159324645996,2.3469328880310059e-07,1.7678693532943726,0.0,3.1832027435302734,16.59106502532959,0.25048044323921204,0.13692733645439148,0.27676939964294434,0.513441264629364,-2.2957101464271545e-07,4.193370819091797,1.0335873480886222,1.3332024255364021,0.5037304759025574,0.47910013794898987,10.405947399139404,1.7273224592208862,-8.568167686462402e-08,2.2668869495391846,0.0,3.082564043998718,3.7634419441223144,0.039464790374040604,0.16941040754318237,0.2617214322090149,0.5824483036994934,8.540228009223938e-08,2.8442845344543457,0.8188108987174928,1.053177731076733,0.4632853865623474,0.456734299659729,5.439194869995117
499,0.19504001811663324,0.871875,0.16797961717519308,1.8859769105911255,-2.7939677238464355e-09,2.239915132522583,0.0,3.1831223249435423,0.9525707423686981,0.25053101778030396,0.1377096325159073,0.27738064527511597,0.5147166848182678,4.190951585769653e-09,3.5922610759735107,1.084305161354132,1.336906154309834,0.3497001826763153,0.5708411931991577,4.926326847076416,1.9728448390960693,8.847564458847046e-09,2.5041375160217285,0.0,3.084324836730957,2.018555760383606,0.03957424685359001,0.1697203367948532,0.26259544491767883,0.5840597748756409,-8.568167686462402e-09,4.178491115570068,1.0107689679600298,1.2563379646678756,0.43533656001091003,0.5480358004570007,6.342215919494629
500,0.022881843986372115,0.838125,0.6511206603615067,1.6144789457321167,-1.387670636177063e-07,2.116381883621216,0.0,3.181787705421448,1.0917071104049683,0.25196200609207153,0.13915269076824188,0.27838775515556335,0.5195087194442749,1.430511474609375e-07,3.0534849166870117,0.9768868984654546,1.2273197362774928,0.4222062826156616,0.47502601146698,4.394206571578979,1.6877405643463135,3.91155481338501e-08,2.037677049636841,0.0,3.085944080352783,3.8039664745330812,0.039604414254426956,0.169809490442276,0.26284196972846985,0.5850079655647278,-4.5821070671081546e-08,2.7929563522338867,0.899328241776675,1.126145603514469,0.41080623865127563,0.5220015048980713,4.490883445739746
501,0.036580977380089384,0.866875,1.0549575265631579,2.1648521423339844,-1.1175870895385742e-08,2.8247270584106445,0.0,3.183223748207092,3.2676429033279417,0.2544243037700653,0.14097242057323456,0.2802331745624542,0.5288404822349548,1.5739351511001586e-08,3.407139778137207,1.028966832580045,1.1076160915939124,0.4040827751159668,0.5053286552429199,8.143386840820312,2.4035871028900146,-1.862645149230957e-09,2.492497205734253,0.0,3.0864670276641846,2.10803108215332,0.03981877863407135,0.1699526607990265,0.26303598284721375,0.5857119560241699,0.0,3.106457233428955,1.0054466283880175,1.1979948141158543,0.39787155389785767,0.4974639415740967,6.26494574546814
502,0.059059851270470885,0.61125,0.28124408695022096,1.6538761854171753,-1.51805579662323e-07,2.279716968536377,0.0,3.1825402975082397,5.79388165473938,0.25606584548950195,0.14225512742996216,0.2817753851413727,0.5363642573356628,1.4835968613624574e-07,2.9226222038269043,1.0093705281382426,1.1121201154098577,0.44481709599494934,0.5022479295730591,6.018294382095337,1.7471920251846313,-6.239861249923706e-08,2.4846370220184326,0.0,3.0861216306686403,1.423071449995041,0.04009499028325081,0.17038594186306,0.2638721764087677,0.5864392518997192,6.160698831081391e-08,2.923280715942383,1.0682155571877956,1.219084875217031,0.4514971673488617,0.4849855303764343,5.975299215316772
503,0.036018866029802046,0.47062499999999996,0.2766809606650078,1.7331457138061523,1.1734664440155029e-07,1.7767059803009033,0.0,3.1819326400756838,9.528778648376464,0.25671398639678955,0.14297069609165192,0.2824932634830475,0.5395361185073853,-1.1241063475608826e-07,4.227951526641846,1.0946777498349547,1.3475069512508322,0.45885568857192993,0.5199630856513977,5.708007860183716,2.1155829429626465,-1.73225998878479e-07,1.7205772399902344,0.0,3.0849079132080077,0.5742396593093873,0.03989722952246666,0.17093580961227417,0.2649223804473877,0.5875309705734253,1.7308630049228668e-07,2.533475875854492,0.7297170263016597,0.9204450344374493,0.4084968566894531,0.48368245363235474,2.9811766862869264
504,0.19031502802964956,0.9024999999999999,0.5258790641326861,1.8209459781646729,-8.381903171539307e-08,2.544347047805786,0.0,3.18150851726532,5.54401388168335,0.25683775544166565,0.1433182954788208,0.28277260065078735,0.5402884483337402,8.204951882362365e-08,2.982954978942871,1.2073987547541036,1.2689859418681095,0.46834874153137207,0.4833422005176544,7.209023284912109,1.7570698261260986,2.0954757928848267e-08,1.9931641817092896,0.0,3.0789137840270997,7.590649175643921,0.041767120361328125,0.17267552018165588,0.26811137795448303,0.5879725813865662,-2.2514723241329194e-08,3.0973973274230957,0.9930158743169158,1.247132365429248,0.4371702969074249,0.4883132874965668,5.546438360214234
505,2.098731722136704,0.7681250000000001,0.06917764929123076,1.9346956014633179,-1.1408701539039612e-07,2.4853968620300293,0.0,3.1809328317642214,7.989873838424683,0.2570280432701111,0.14363035559654236,0.2829878032207489,0.5408391952514648,1.149950549006462e-07,3.4411022663116455,1.1580970330862328,1.2612728008452743,0.39021754264831543,0.5338663458824158,7.676008319854736,1.838370680809021,5.3085386753082275e-08,2.31400465965271,0.0,3.0760937452316286,6.774614238739014,0.04380243271589279,0.1742384284734726,0.27100563049316406,0.5888330936431885,-4.936009645462036e-08,3.559812068939209,1.0509334681555629,1.262572889230802,0.4040051996707916,0.46436190605163574,6.485230255126953
506,0.06921977647563766,0.9159375000000001,0.5538022142939903,2.3355538845062256,3.5390257835388184e-08,1.9300428628921509,0.0,3.180218243598938,7.050897598266602,0.25742700695991516,0.14390024542808533,0.2833191752433777,0.5417500138282776,-4.174653440713883e-08,3.1465444564819336,1.1811568144708873,1.292150952164552,0.3170892298221588,0.6020055413246155,4.988271284103393,1.7720578908920288,-1.862645149230957e-08,2.2738728523254395,0.0,3.074053478240967,2.183260107040405,0.04469499737024307,0.17512504756450653,0.2726638615131378,0.5892602205276489,2.3760367184877395e-08,3.042224407196045,0.8755599778145552,1.1004967252248303,0.4543991684913635,0.4638572633266449,5.194309568405151
507,0.05616779525643347,0.9178124999999999,0.7446604482350396,1.8363653421401978,5.657784640789032e-08,2.259979248046875,0.0,3.179218316078186,4.081849932670593,0.25784432888031006,0.14390553534030914,0.2835993468761444,0.542635440826416,-5.960464477539063e-08,2.9071996212005615,1.0653586030006408,1.1757765405891072,0.3780907988548279,0.5343272089958191,5.5918694019317625,1.8566666841506958,7.543712854385376e-08,2.4676027297973633,0.0,3.070411801338196,1.9962026357650757,0.045581918209791183,0.17582926154136658,0.2739778161048889,0.5898464322090149,-7.981434464454651e-08,3.207205295562744,0.9511883540078998,1.081684126453988,0.39237573742866516,0.5480732321739197,6.009864568710327
508,9.721397918074784,0.42312500000000003,-0.8562031909700902,1.7155780792236328,1.3690441846847534e-07,2.5900120735168457,0.0,3.1774866819381713,3.402736496925354,0.25867655873298645,0.14398419857025146,0.28422921895980835,0.5445295572280884,-1.3820827007293702e-07,4.389369964599609,0.9837063037790358,1.1685539812973262,0.4172714948654175,0.46100401878356934,6.901078748703003,1.6500803232192993,-5.8673322200775146e-08,2.520747661590576,0.0,3.067596769332886,2.145384705066681,0.0465766005218029,0.17638713121414185,0.27489280700683594,0.5906574130058289,6.48200511932373e-08,3.3616058826446533,1.0682037577033043,1.2630893280844344,0.40611523389816284,0.508067786693573,6.230333232879639
509,1.228992195340445,0.6740625,0.26690265589683454,1.705323338508606,4.0046870708465576e-08,2.11434268951416,0.0,3.175399971008301,4.324393177032471,0.25991907715797424,0.1444350928068161,0.28544434905052185,0.5471738576889038,-3.729946911334991e-08,3.858336925506592,1.3423488694708794,1.542790303983207,0.4228072166442871,0.4912305176258087,4.886648273468017,1.6412163972854614,7.82310962677002e-08,2.3781321048736572,0.0,3.0655064821243285,1.67736074924469,0.04826118052005768,0.17784631252288818,0.27742478251457214,0.5908176302909851,-7.865019142627716e-08,2.4108378887176514,0.923462861776352,1.051223216095277,0.45659905672073364,0.5448086857795715,5.572685098648071
510,0.5040947159110705,0.7012499999999999,0.2946976716750325,2.2211523056030273,1.0617077350616455e-07,3.153163433074951,0.0,3.174222540855408,1.5082370519638062,0.26052772998809814,0.14480137825012207,0.2863337993621826,0.547916054725647,-1.0570511221885681e-07,3.3449740409851074,1.4073536151088775,1.4797862552011167,0.37975871562957764,0.5685158371925354,9.729917335510255,1.588781476020813,-1.0896474123001099e-07,2.52085542678833,0.0,3.0615687370300293,1.7574004888534547,0.05156075209379196,0.18092066049575806,0.28259775042533875,0.590562105178833,1.0486692190170288e-07,2.8062610626220703,0.907649601995945,1.1341364366728495,0.3854820728302002,0.48813411593437195,6.2347760677337645
511,1.9299071560433088,0.83375,0.5449161991563198,1.8079533576965332,-1.0710209608078003e-08,2.3441760540008545,0.0,3.1732098340988157,6.54354681968689,0.2598787546157837,0.14454278349876404,0.2864316999912262,0.5453436970710754,1.257285475730896e-08,3.2418980598449707,1.2939243261469529,1.364350797930855,0.4478071928024292,0.45550549030303955,6.665940952301026,1.5100972652435303,6.705522537231445e-08,2.1294498443603516,0.0,3.0592472314834596,2.0764596581459047,0.0541081428527832,0.1841346174478531,0.2880502939224243,0.5914023518562317,-6.603077054023743e-08,3.238337278366089,1.018635522108525,1.1886869647730598,0.4016105532646179,0.5047696232795715,4.583787488937378
512,0.10679442584786299,0.7393750000000001,0.5157188271122569,1.7827280759811401,4.0512531995773315e-08,2.6781153678894043,0.0,3.1725911617279055,2.7500004053115843,0.25905513763427734,0.1442827731370926,0.28632766008377075,0.5429505705833435,-4.325993359088898e-08,2.3670520782470703,0.7229555549798533,0.8912347791688162,0.4413464665412903,0.42244359850883484,7.289402961730957,1.696852684020996,-2.1420419216156006e-08,2.104217767715454,0.0,3.0600690841674805,2.0794954657554627,0.055010005831718445,0.18575549125671387,0.29074206948280334,0.592555582523346,2.216547727584839e-08,3.7548325061798096,0.9593802738934756,1.1199852363018936,0.3637526333332062,0.5167524218559265,4.397759532928466
513,0.4054788045936655,0.76875,0.24031188785591745,1.7820161581039429,-8.568167686462402e-08,2.682021379470825,0.0,3.171218419075012,0.5863398492336274,0.25765421986579895,0.14381816983222961,0.28582483530044556,0.5394943952560425,8.130446076393127e-08,2.6480555534362793,0.9822530657052994,1.1196713733624473,0.4354995787143707,0.49115800857543945,7.034689474105835,1.6925400495529175,-8.568167686462402e-08,2.299779176712036,0.0,3.0591864347457887,5.205249547958374,0.05492746829986572,0.18639728426933289,0.2919071316719055,0.5942118763923645,8.591450750827789e-08,4.287395477294922,0.9164680193178356,1.161213645303862,0.429973840713501,0.536889374256134,5.910703468322754
514,6946.832007716771,0.9112499999999999,-0.16478299728495127,1.6659502983093262,1.4901161193847656e-07,2.2315642833709717,0.0,3.168907356262207,1.0403646409511567,0.2612958550453186,0.14494775235652924,0.2884766459465027,0.5465624928474426,-1.5008263289928437e-07,2.3290088176727295,0.9998825808987022,1.029413113179254,0.4569148123264313,0.4865485429763794,4.8366326808929445,1.9629225730895996,-1.257285475730896e-07,2.228123664855957,0.0,3.058822774887085,9.280688667297364,0.054842036217451096,0.18699204921722412,0.2929752469062805,0.5955536961555481,1.244712620973587e-07,3.280942916870117,0.8871179510839283,1.0576885160701903,0.4205193519592285,0.483398973941803,7.595816993713379
515,0.0110597072379769,0.9078125,0.9880019033906514,2.1464791297912598,7.450580596923828e-08,2.242694854736328,0.0,3.1655774831771852,2.7828604936599732,0.26728636026382446,0.1471007615327835,0.2931674122810364,0.5597338676452637,-6.277114152908326e-08,3.737968683242798,1.2071213906630873,1.346517785453872,0.3930853307247162,0.5514078140258789,5.147424030303955,2.396461248397827,8.847564458847046e-08,2.60054087638855,0.0,3.0568944454193114,0.5766408860683441,0.05516838654875755,0.18760526180267334,0.2939703166484833,0.5959575772285461,-9.064096957445145e-08,3.182250499725342,0.9347058812621981,1.1292479641315805,0.39959636330604553,0.5102417469024658,6.637068414688111
516,578.7342845071645,0.881875,0.10466751722644722,1.7368416786193848,0.0,2.7521250247955322,0.0,3.163209843635559,3.6691896438598635,0.26995283365249634,0.14803913235664368,0.29552674293518066,0.5668550729751587,-5.401670932769775e-09,2.979689121246338,1.0812243786407634,1.2259789652815642,0.4492306113243103,0.5371602177619934,7.716274118423462,2.451974391937256,-9.872019290924072e-08,1.956641435623169,0.0,3.048512649536133,5.931608486175537,0.05301698297262192,0.18858274817466736,0.29715099930763245,0.597923219203949,1.048203557729721e-07,4.602887153625488,1.1118161491584033,1.2554076069996454,0.40193551778793335,0.5687877535820007,4.793368482589722
517,0.16182537939857208,0.47531249999999997,0.00814916122676147,1.9388879537582397,-3.4458935260772705e-08,1.9896175861358643,0.0,3.1622453212738035,4.382741451263428,0.2708119750022888,0.14846287667751312,0.29655730724334717,0.5692157745361328,3.194436430931091e-08,3.280313491821289,1.2818416520953178,1.3058577350345875,0.3676387369632721,0.5723474621772766,4.5565831661224365,1.6425466537475586,6.28642737865448e-08,2.2129383087158203,0.0,3.0439613819122315,1.68864586353302,0.050718680024147034,0.1893736571073532,0.29999876022338867,0.6018091440200806,-6.854534149169921e-08,2.415672540664673,0.8810023253783583,1.0343353546511331,0.37552082538604736,0.5141389966011047,4.972761154174805
518,2.3643646564821017,0.78125,0.5543504687098322,1.5925747156143188,1.126900315284729e-07,2.8195083141326904,0.0,3.162349224090576,5.190377235412598,0.27074313163757324,0.14848865568637848,0.2966565191745758,0.5694983601570129,-1.1541415005922317e-07,3.4669575691223145,1.4221061078831554,1.5301509222882217,0.4110288619995117,0.49583709239959717,8.462718868255616,1.7702522277832031,1.4156103134155273e-07,2.646458625793457,0.0,3.0433677196502686,2.4217243909835817,0.04909722879528999,0.1895984411239624,0.30099043250083923,0.6042802333831787,-1.4784745872020721e-07,2.9921207427978516,0.8817783419042826,1.0820152358337327,0.405808687210083,0.5185205340385437,6.957790517807007
519,0.057918831179341566,0.8699999999999999,0.4995022671145364,2.2482285499572754,-8.89413058757782e-08,2.551854133605957,0.0,3.1623496294021605,7.171839714050293,0.27110445499420166,0.14858900010585785,0.2970273792743683,0.5700170397758484,8.177012205123901e-08,4.361432075500488,1.4819446420297027,1.4756200478544996,0.3962351083755493,0.48530256748199463,7.617514514923096,1.75930917263031,-1.8998980522155762e-07,2.3094992637634277,0.0,3.043870759010315,1.040601271390915,0.049194708466529846,0.19019144773483276,0.30223703384399414,0.6054444313049316,1.9110739231109618e-07,3.174318313598633,0.9646350658964365,1.1853555281566817,0.40133756399154663,0.5289154648780823,5.326591444015503
520,43.805306602293605,0.6590625,0.02048785457118757,1.675370693206787,-1.7369166016578674e-07,2.3726162910461426,0.0,3.1617884159088137,6.169786024093628,0.27234604954719543,0.149117574095726,0.2983412444591522,0.5712543725967407,1.7811544239521027e-07,3.601168632507324,1.3271226709708572,1.3604514943144408,0.41915521025657654,0.5182653665542603,6.492213010787964,2.5578927993774414,0.0,2.3286290168762207,0.0,3.0439110517501833,0.7106035888195038,0.04668313264846802,0.19047176837921143,0.30248573422431946,0.6076937317848206,0.0,3.299309015274048,0.9167760765645653,1.1275727844763723,0.4103587865829468,0.5618331432342529,5.21493124961853
521,0.2399558797057261,0.7787499999999999,0.6104227809186142,1.7587897777557373,5.8673322200775146e-08,2.4002020359039307,0.0,3.1609096050262453,2.356504201889038,0.27318283915519714,0.14952877163887024,0.2992589771747589,0.571942150592804,-5.764886736869812e-08,4.6262359619140625,1.384710190165788,1.400701569259494,0.44790729880332947,0.5149248242378235,5.844992208480835,1.8572192192077637,-2.0442530512809753e-07,2.448394298553467,0.0,3.0388875007629395,3.7489994049072264,0.047616779804229736,0.19290310144424438,0.3067507743835449,0.6105958819389343,1.9378494471311568e-07,2.549551248550415,0.828872170811519,1.011614028210888,0.42635512351989746,0.4970278739929199,6.269698429107666
522,0.0908509293823617,0.7309375,0.6437144765274697,2.17128849029541,5.3085386753082275e-08,2.3522443771362305,0.0,3.1603819370269775,0.41122694611549376,0.2731395661830902,0.14962972700595856,0.2991686761379242,0.5715809464454651,-4.5821070671081546e-08,4.598491668701172,1.3952711828052997,1.5130287333961339,0.4377153217792511,0.48590418696403503,5.41470193862915,1.6794400215148926,7.264316082000732e-08,1.9257274866104126,0.0,3.0370279788970946,3.1239017963409426,0.05031537637114525,0.19567641615867615,0.31171712279319763,0.6121978163719177,-7.35744833946228e-08,4.124106407165527,0.9899296024814248,1.2237350473618218,0.43528082966804504,0.5047527551651001,4.1169548511505125
523,0.28061343881590467,0.8381250000000001,0.33563548797723275,2.036835193634033,-4.190951585769653e-08,2.5068001747131348,0.0,3.1633709192276003,3.58554527759552,0.2729894816875458,0.1527126133441925,0.3014852702617645,0.5671733617782593,4.377216100692749e-08,3.3672285079956055,1.059543287800625,1.1725146416907866,0.4536263048648834,0.42346587777137756,6.384879875183105,1.9198360443115234,3.91155481338501e-08,2.3747403621673584,0.0,3.0397342681884765,0.9318110644817352,0.049889467656612396,0.1960477977991104,0.3123847544193268,0.6131256818771362,-3.813765943050385e-08,3.1418912410736084,0.9021796497516335,1.1510660375003456,0.40699833631515503,0.49768155813217163,5.538660669326783
524,0.08206642567606669,0.698125,0.5963441602717141,1.4923561811447144,8.940696716308594e-08,2.2539150714874268,0.0,3.1646952867507934,3.1312846183776855,0.2737405002117157,0.15594357252120972,0.30488452315330505,0.5646365284919739,-9.103678166866302e-08,3.845937967300415,1.1645294473040848,1.2589987018073925,0.44916027784347534,0.4933518171310425,5.317068862915039,1.934814214706421,-9.033828973770142e-08,2.1659865379333496,0.0,3.044534707069397,8.119984197616578,0.049634166061878204,0.19661514461040497,0.31349316239356995,0.6134028434753418,8.903443813323974e-08,2.967495918273926,0.9325588368810713,1.087274993131935,0.4099275469779968,0.48316648602485657,6.442503118515015
525,0.03460237122783787,0.724375,0.633112848107069,1.8287328481674194,-2.7939677238464355e-09,2.7404232025146484,0.0,3.164469337463379,2.109426295757294,0.27545204758644104,0.15759724378585815,0.3075292408466339,0.5653312802314758,7.82310962677002e-09,3.6565604209899902,1.417286443989724,1.4268194526508218,0.4512636661529541,0.5394587516784668,7.549718952178955,1.7512822151184082,-3.818422555923462e-08,2.1277031898498535,0.0,3.0464449644088747,1.8800224542617798,0.05052646994590759,0.19755332171916962,0.3152354061603546,0.6132994294166565,3.4226104617118835e-08,3.066667318344116,0.8542584027163684,1.0367197034528288,0.37378308176994324,0.4973430633544922,4.567215538024902
526,0.04517055043977224,0.9524999999999999,0.4895154537828029,1.7908809185028076,2.598389983177185e-07,2.425053119659424,0.0,3.163726806640625,0.8861814379692078,0.2760433554649353,0.15803664922714233,0.30852949619293213,0.5654414296150208,-2.6030465960502625e-07,4.433353424072266,1.2622142610140146,1.4310359151820207,0.44622814655303955,0.49764713644981384,5.862391376495362,1.7786544561386108,-1.1082738637924194e-07,2.386079788208008,0.0,3.04821240901947,0.5748261570930481,0.050383031368255615,0.19833195209503174,0.31679198145866394,0.6134835481643677,1.0691583156585693e-07,2.8389716148376465,0.970882692746818,1.201012503537444,0.4290628433227539,0.5379063487052917,5.601376867294311
527,0.2264186822027289,0.8196875,0.6138835214417604,1.6158815622329712,1.2200325727462769e-07,2.3366246223449707,0.0,3.1645867586135865,7.104307413101196,0.27417200803756714,0.15811514854431152,0.308432936668396,0.5609821081161499,-1.2372620403766632e-07,3.043177366256714,0.8993598008528352,1.0978858063373915,0.4214633107185364,0.5048519372940063,6.70010461807251,2.0260837078094482,-6.05359673500061e-09,2.2704124450683594,0.0,3.0549208879470826,0.9654449462890625,0.04480533301830292,0.1993108093738556,0.3182225525379181,0.6165445446968079,8.800998330116271e-09,3.194166660308838,0.7990877509117127,1.0169648467055274,0.4221944808959961,0.4905375838279724,5.021866321563721
528,100.94554902284311,0.6987500000000001,-0.5147348311895811,2.30957293510437,-1.1641532182693481e-07,2.553887128829956,0.0,3.165247106552124,4.1830480098724365,0.2719205915927887,0.15821528434753418,0.30827340483665466,0.5570129752159119,1.0905787348747253e-07,3.4084792137145996,0.9799840757972561,1.2413126910568975,0.3598170280456543,0.5231258273124695,6.8027091979980465,2.086129903793335,-2.7241185307502747e-08,2.2193286418914795,0.0,3.0634601354599,5.3968171119689945,0.03846940025687218,0.19916540384292603,0.3180202841758728,0.6230589747428894,2.2351741790771484e-08,2.6177875995635986,0.8935269853100181,1.0657093297631028,0.4121553301811218,0.5154514908790588,5.5582023620605465
529,0.2681999155670536,0.9334374999999999,0.5563623519326292,1.6989295482635498,9.73232090473175e-08,2.561555862426758,0.0,3.164037585258484,1.2956767201423645,0.27112457156181335,0.15840448439121246,0.3084152638912201,0.5558484196662903,-9.797513484954834e-08,3.7259228229522705,1.2562328485772014,1.389632937288719,0.434378445148468,0.5100557804107666,6.298126316070556,1.6226824522018433,1.4901161193847656e-08,2.3503122329711914,0.0,3.0669523000717165,2.680990386009216,0.03577501326799393,0.1986789107322693,0.3175787329673767,0.6280696988105774,-3.105960786342621e-08,2.8027422428131104,0.9226450455375016,1.113362132740454,0.3957679271697998,0.5670939087867737,5.725213670730591
530,0.12001836438127704,0.5175000000000001,0.10704178104661091,1.6689965724945068,-4.98257577419281e-08,2.380556583404541,0.0,3.1626810789108277,1.0103494465351104,0.2742038071155548,0.1597747951745987,0.31107571721076965,0.5603013038635254,5.8906152844429016e-08,4.226996421813965,1.3624047141522169,1.3321004846785773,0.4517199993133545,0.496299684047699,5.624903154373169,1.8120197057724,-1.862645149230957e-08,2.5520007610321045,0.0,3.067573571205139,1.9862133145332337,0.03526895493268967,0.19880786538124084,0.318062424659729,0.6303284168243408,1.648440957069397e-08,2.3857717514038086,0.951716021168977,1.126149383552674,0.3939950466156006,0.5058940649032593,6.564981746673584
531,0.203427171583236,0.4796875,0.3378644822767455,2.1264944076538086,-8.009374141693115e-08,2.5226242542266846,0.0,3.1597275257110597,0.5045732229948043,0.2773034870624542,0.1612398326396942,0.31463271379470825,0.5649720430374146,7.96513631939888e-08,3.810816764831543,1.3361757484264671,1.3424714401466102,0.44581741094589233,0.5029626488685608,6.308018779754638,1.9051547050476074,-3.725290298461914e-08,2.2999930381774902,0.0,3.0678430080413817,2.4466877579689026,0.03459957614541054,0.1987384706735611,0.3181111514568329,0.6313850283622742,3.920868039131165e-08,3.2894082069396973,0.9566852236166596,1.2014937470870826,0.41229915618896484,0.5377565622329712,5.40495285987854
532,0.01650395781421237,0.5146875,0.6172509466824583,1.918980360031128,8.568167686462402e-08,2.5436575412750244,0.0,3.1500688076019285,1.9561121821403504,0.2809072732925415,0.1638496369123459,0.3196612000465393,0.5682898163795471,-8.756760507822037e-08,4.093595504760742,1.2698688978911377,1.4522121722054984,0.4363430142402649,0.514692485332489,6.386021375656128,2.0989949703216553,8.521601557731628e-08,2.589590311050415,0.0,3.0662065029144285,2.003348779678345,0.03472347930073738,0.19883763790130615,0.3184090256690979,0.6321049928665161,-8.87550413608551e-08,4.129451751708984,0.9392076739110052,1.1861630894531179,0.42306554317474365,0.507651150226593,6.5753318786621096
533,4.698825981565266,0.83625,0.5925199598580235,1.6313683986663818,-1.51805579662323e-07,2.4760773181915283,0.0,3.1468998670578,1.1827168464660645,0.28372737765312195,0.16588681936264038,0.3237084150314331,0.5704420804977417,1.457519829273224e-07,5.287867069244385,1.3351499055046587,1.5364585227278904,0.41503944993019104,0.5034437775611877,6.122116899490356,1.9598286151885986,3.3527612686157227e-08,2.378894329071045,0.0,3.0651969432830812,2.5865365743637083,0.037310291081666946,0.1989271640777588,0.31900754570961,0.6329081058502197,-3.012828528881073e-08,2.794954299926758,1.0005348451435565,1.2090584079131157,0.43881136178970337,0.48401111364364624,5.726265096664429
534,0.026438112379950578,0.8884374999999999,0.7758289286165982,1.7732430696487427,6.05359673500061e-09,2.5175538063049316,0.0,3.1486626148223875,1.1158922910690308,0.28598707914352417,0.16787594556808472,0.32644739747047424,0.5721824765205383,-9.289942681789398e-09,4.254316329956055,1.3153746732510627,1.4207019690201879,0.4265620708465576,0.48755350708961487,6.166648435592651,1.818528175354004,5.21540641784668e-08,2.5290794372558594,0.0,3.064686894416809,4.42353389263153,0.04008045047521591,0.19880330562591553,0.3195010721683502,0.6342900991439819,-5.541369318962097e-08,3.2198686599731445,0.7382898371201009,0.9866652601551954,0.3828146755695343,0.5010208487510681,6.678088665008545
535,0.2934216846018537,0.851875,0.5740504909867874,1.7518877983093262,4.563480615615845e-08,2.322255849838257,0.0,3.1517163038253786,4.860157680511475,0.2825525403022766,0.1673528105020523,0.32443827390670776,0.5672837495803833,-3.920868039131165e-08,4.2880859375,1.4442819486372174,1.5058043443707054,0.445415735244751,0.5163499712944031,5.8331788063049315,1.8016855716705322,1.5832483768463135e-08,2.245006561279297,0.0,3.0656615257263184,4.376493239402771,0.04151216521859169,0.19842848181724548,0.3194390535354614,0.6352236270904541,-1.3690441846847534e-08,3.607321262359619,0.9316181881353259,1.1548630541308276,0.41900473833084106,0.5043613910675049,5.487069082260132
536,84.21600452161634,0.6275000000000001,0.2311646847753024,1.9541964530944824,-8.940696716308594e-08,2.2138006687164307,0.0,3.152929925918579,4.638341426849365,0.2782864570617676,0.1659408062696457,0.3214837610721588,0.5642299652099609,9.106006473302842e-08,3.753599166870117,1.025114595820196,1.1573431469446702,0.4205186367034912,0.5277566313743591,5.411367750167846,2.2129485607147217,7.05476850271225e-08,2.5439889430999756,0.0,3.06643168926239,4.241784858703613,0.04198075830936432,0.19822992384433746,0.3194164037704468,0.6355966329574585,-6.48200511932373e-08,3.5346732139587402,0.8709241017582826,1.0526827362227882,0.4024633765220642,0.5630064010620117,6.8510613441467285
537,0.3405770093023828,0.6896875,0.5272654036470067,1.827683925628662,6.05359673500061e-08,2.1231603622436523,0.0,3.152550458908081,4.393938159942627,0.2766288220882416,0.1653972566127777,0.32043999433517456,0.5636638402938843,-6.048940122127533e-08,3.045577049255371,1.173040363448672,1.2738616859018674,0.3557063937187195,0.5352319478988647,4.8362408638000485,2.525834083557129,-2.7939677238464355e-08,1.9093306064605713,0.0,3.0667291641235352,1.7491169333457948,0.04253794997930527,0.19833415746688843,0.31985732913017273,0.6358441114425659,2.891756594181061e-08,2.731783628463745,0.8563137833494693,1.0678319478829619,0.3951970636844635,0.5381184816360474,3.666354775428772
538,0.11518907347876409,0.651875,0.49826318924714846,1.879246473312378,-6.332993507385254e-08,2.5240907669067383,0.0,3.1515915393829346,0.5800434231758118,0.2757050693035126,0.16504843533039093,0.3200334310531616,0.5632680058479309,6.328336894512177e-08,3.2096948623657227,1.2583520812913775,1.3368829918838372,0.4586049020290375,0.46293917298316956,6.254981565475464,1.6167705059051514,-3.3527612686157227e-08,2.2484264373779297,0.0,3.065984082221985,0.766091400384903,0.04345019906759262,0.1983030140399933,0.3198990225791931,0.6359230875968933,3.208406269550324e-08,3.1234843730926514,1.0751178284175693,1.3104324780568042,0.3674788475036621,0.5324893593788147,4.885201406478882
539,0.019292604210451997,0.803125,0.8504477873269247,2.026177167892456,1.0617077350616455e-07,2.216979742050171,0.0,3.148736262321472,1.2464105010032653,0.27459588646888733,0.1660754382610321,0.3218001127243042,0.5616162419319153,-1.0784715414047241e-07,3.3502612113952637,1.0139236016664654,1.2219412492116775,0.42282313108444214,0.48803800344467163,4.875633382797242,1.822072148323059,-8.614733815193176e-08,2.500720262527466,0.0,3.062262034416199,2.272922968864441,0.044088270515203476,0.20073483884334564,0.3246780335903168,0.6360425353050232,8.98260623216629e-08,3.612025737762451,0.8216549336910248,1.0793715094093619,0.44552046060562134,0.49064838886260986,6.373175191879272
540,0.4327665480787083,0.8946874999999999,0.9136302540573193,1.9810541868209839,-2.2165477275848389e-07,2.2090353965759277,0.0,3.1466922044754027,0.7407311201095581,0.27352166175842285,0.16722702980041504,0.32320931553840637,0.5603615045547485,2.334360033273697e-07,2.9942731857299805,0.9534990343265235,1.223680706519826,0.37731385231018066,0.5272089838981628,4.842786550521851,1.8752137422561646,1.909211277961731e-08,2.2521984577178955,0.0,3.059300446510315,1.745796763896942,0.04503962770104408,0.20334073901176453,0.3299620747566223,0.6360467076301575,-2.407468855381012e-08,3.335247755050659,0.918900064425543,1.2032149319018424,0.3827248811721802,0.5109038352966309,5.062827253341675
541,0.1321394249830876,0.7171875,0.34487141613639194,1.9884874820709229,-1.955777406692505e-07,2.3255550861358643,0.0,3.1426541328430178,1.2040979862213135,0.27100318670272827,0.1677846759557724,0.32339122891426086,0.5593425035476685,1.9548460841178895e-07,3.202061176300049,0.959749803552404,1.1388362888675765,0.4514360725879669,0.48979711532592773,5.256255388259888,1.6267367601394653,4.6100467443466187e-08,2.403327703475952,0.0,3.055596208572388,5.01912145614624,0.049518417567014694,0.2058439999818802,0.3349539637565613,0.6352754831314087,-4.5588240027427676e-08,3.060255527496338,0.9448111088946461,1.1932670328570627,0.4391607642173767,0.46061548590660095,6.570788621902466
542,0.012786304600549008,0.8965624999999999,0.9661076842218435,2.0790653228759766,-2.9802322387695312e-08,2.142385959625244,0.0,3.1435489892959594,7.541659355163574,0.2688038945198059,0.17134474217891693,0.3243013620376587,0.5588995218276978,2.6915222406387328e-08,3.105402946472168,0.8967169627081603,1.1216699442498896,0.4257010817527771,0.5263035297393799,5.896563196182251,1.7770055532455444,8.66129994392395e-08,2.6511738300323486,0.0,3.053956127166748,4.4536103248596195,0.05358133837580681,0.2078588604927063,0.33879104256629944,0.6353696584701538,-8.475035429000854e-08,2.4315202236175537,0.9317824798636138,1.1343423732604967,0.42637717723846436,0.5519826412200928,7.6497527122497555
543,0.6897469159343265,0.9178124999999999,0.669551643310245,2.0437679290771484,-2.421438694000244e-08,2.420940399169922,0.0,3.1445444345474245,3.475918197631836,0.2676054537296295,0.17495757341384888,0.32546669244766235,0.5603160858154297,2.644956111907959e-08,2.7612876892089844,0.9577713593374938,1.1767718951201933,0.4196898639202118,0.4840010404586792,6.097246885299683,1.7723000049591064,-2.7939677238464355e-08,2.6745057106018066,0.0,3.0536102533340452,8.018400812149048,0.055117733776569366,0.20888513326644897,0.34052759408950806,0.6357663869857788,2.561137080192566e-08,2.551584005355835,1.041986864898354,1.2297357531989337,0.4468192160129547,0.5088499188423157,9.064092063903809
544,2.1945459483175362,0.728125,0.14572231235278318,1.8168038129806519,1.993030309677124e-07,1.8934857845306396,0.0,3.146502685546875,2.5550305008888246,0.26745331287384033,0.17642442882061005,0.32619160413742065,0.561993420124054,-2.0810402929782866e-07,2.9203908443450928,0.8902681649662554,1.1357805874838647,0.3828356862068176,0.5920148491859436,3.6185398578643797,1.6684037446975708,-2.9802322387695312e-08,2.7475063800811768,0.0,3.05406174659729,1.1737694084644317,0.05537695065140724,0.209294855594635,0.3411265015602112,0.6361731290817261,4.330649971961975e-08,3.008997917175293,0.8729760126210749,1.0959219077540294,0.40965595841407776,0.5621954798698425,7.372111463546753
545,0.054033039593318864,0.6371875,0.5068013828192156,1.7293753623962402,1.234002411365509e-08,2.678229570388794,0.0,3.148193359375,1.0505838513374328,0.2684156596660614,0.17712564766407013,0.3264886140823364,0.5639076232910156,-1.6507692635059358e-08,3.2006664276123047,1.0649830394424498,1.2547149238146422,0.41740837693214417,0.4875728189945221,7.003808975219727,1.6713577508926392,2.9802322387695312e-08,2.232184410095215,0.0,3.0548207998275756,2.02944700717926,0.05693031847476959,0.20977866649627686,0.3423398733139038,0.6360395550727844,-3.066379576921463e-08,3.514554738998413,0.9177466213935986,1.1844145632177154,0.4235490560531616,0.5413179397583008,4.951941967010498
546,0.5977313891835647,0.9321874999999998,0.167246648249939,1.8633054494857788,-3.91155481338501e-08,2.3109219074249268,0.0,3.1468304872512816,7.522146511077881,0.26954910159111023,0.1779092252254486,0.32773447036743164,0.5653678774833679,3.632158041000366e-08,2.9117040634155273,0.9285504239611327,1.1615758271991843,0.42564857006073,0.5072749257087708,6.874608182907105,2.2435030937194824,1.0617077350616455e-07,2.3195362091064453,0.0,3.055613398551941,0.758336091041565,0.05904415249824524,0.21038947999477386,0.34398141503334045,0.6355283260345459,-1.0845251381397248e-07,3.1915366649627686,0.8179446446709335,1.050323463341261,0.4972021281719208,0.4903170168399811,5.3308063507080075
547,2.9803833277939438,0.906875,0.5486337674486714,1.8553677797317505,1.6763806343078613e-08,2.2417471408843994,0.0,3.1461921453475954,2.609035110473633,0.27042096853256226,0.178879052400589,0.32881489396095276,0.5660509467124939,-1.8067657947540282e-08,3.213416337966919,1.0261261668987571,1.2003548558354005,0.4044129550457001,0.5280301570892334,5.1262763977050785,1.4175163507461548,-7.310882210731506e-08,2.6957006454467773,0.0,3.056079864501953,1.5244513392448424,0.06372185051441193,0.2129145860671997,0.349139004945755,0.634971022605896,6.640329957008362e-08,3.2704381942749023,1.0753207488916814,1.2742666159020546,0.42725977301597595,0.509279727935791,7.099891471862793
548,1.7044691607608633,0.9215625,0.3429902953291138,1.8678250312805176,8.940696716308594e-08,2.4217209815979004,0.0,3.1463996171951294,2.9075170516967774,0.27254098653793335,0.18086905777454376,0.33033668994903564,0.5673037171363831,-9.033828973770142e-08,2.9114487171173096,1.0122489864821547,1.2599166905449857,0.38101935386657715,0.5587590336799622,5.990299558639526,1.9328429698944092,1.2130476534366608e-07,2.226820945739746,0.0,3.058017635345459,3.689755439758301,0.06752845644950867,0.21548788249492645,0.3540579378604889,0.635624885559082,-1.2083910405635834e-07,3.337559700012207,1.0582781165838242,1.19492030112192,0.3935493528842926,0.511820912361145,5.1727530002594
549,25.658386693852037,0.8087500000000001,0.25461818477051923,2.2039332389831543,-1.862645149230957e-08,2.643442153930664,0.0,3.1482351541519167,1.3090290904045105,0.27571141719818115,0.18210837244987488,0.3321095407009125,0.5724748373031616,1.4016404747962952e-08,3.3304152488708496,1.349438425526023,1.465640371742313,0.434071809053421,0.546455979347229,6.975139570236206,1.9971565008163452,-1.30385160446167e-07,2.36435866355896,0.0,3.058203434944153,1.1386896908283233,0.06837527453899384,0.21673130989074707,0.3562038242816925,0.637015163898468,1.3532117009162904e-07,3.636543035507202,0.8540445030666888,1.0930300775230757,0.4350109398365021,0.5029910206794739,5.4155994892120365
550,1.9951891974574951,0.8434375,0.8141968225680347,2.130167245864868,-1.5599653124809265e-07,2.692873001098633,0.0,3.1481656074523925,2.736317014694214,0.2783091068267822,0.18154460191726685,0.3338793218135834,0.5771257281303406,1.545064151287079e-07,3.2541680335998535,1.2420408823527396,1.2384533431948082,0.44974464178085327,0.5163902044296265,7.1015787601470945,1.962820291519165,1.0617077350616455e-07,1.9464046955108643,0.0,3.0576827049255373,3.5075081825256347,0.0677817165851593,0.21713007986545563,0.35802754759788513,0.6387745141983032,-1.0323710739612579e-07,3.1058363914489746,0.9337850037496537,1.1322307834120602,0.40380144119262695,0.48620203137397766,4.090007781982422
551,11017.874183174194,0.7918749999999999,-0.10009003855283205,2.0960144996643066,1.3969838619232178e-07,2.5927464962005615,0.0,3.1473138093948365,2.464474844932556,0.27988284826278687,0.18089601397514343,0.3359861671924591,0.5792004466056824,-1.414678990840912e-07,3.5175795555114746,0.959749682387337,1.096570105667493,0.4164317846298218,0.4887775480747223,6.6337034702301025,1.8654671907424927,9.033828973770142e-08,1.8219568729400635,0.0,3.0580674409866333,1.6036850810050964,0.0674930214881897,0.21691550314426422,0.3589957058429718,0.6396112442016602,-9.154900908470154e-08,3.833921432495117,1.0472259550355374,1.3266703800629271,0.4115653932094574,0.5091645121574402,3.349483036994934
552,0.0695903123421993,0.9328125,1.0563196777791455,1.770158052444458,5.774199962615967e-08,2.4471845626831055,0.0,3.1456138372421263,1.2913323283195495,0.2814827561378479,0.18073518574237823,0.3378961682319641,0.5810635089874268,-5.125184543430805e-08,4.405463218688965,1.1079058579634875,1.238341687547714,0.4383491277694702,0.5452510714530945,5.982146072387695,2.2812206745147705,3.166496753692627e-08,1.7319419384002686,0.0,3.05740749835968,6.103762292861939,0.06849856674671173,0.21744829416275024,0.36052262783050537,0.6393392086029053,-3.809109330177307e-08,4.029058456420898,0.9085417666472495,1.1147249334517815,0.37598007917404175,0.514068603515625,4.058103418350219
553,0.11004398881014228,0.7418750000000001,0.1708962732381964,1.9032466411590576,1.0989606380462646e-07,1.968285322189331,0.0,3.1447434186935426,0.8492390394210816,0.2806001305580139,0.1796046793460846,0.3374866843223572,0.5801888704299927,-1.0803341865539551e-07,3.028766632080078,0.8498813200276345,1.0654842044305846,0.40396377444267273,0.5198133587837219,3.8826201438903807,1.6506500244140625,-1.6763806343078613e-08,3.2092983722686768,0.0,3.0562774419784544,3.8590617895126345,0.07012426853179932,0.21858637034893036,0.36266279220581055,0.6385736465454102,1.8440186977386475e-08,3.0236854553222656,1.1089133039116859,1.315290949829711,0.44826382398605347,0.5181907415390015,10.524881839752197
554,66.61906560316497,0.72,-0.7174035416681979,2.212872266769409,1.5227124094963074e-07,2.255765199661255,0.0,3.144553470611572,1.129142665863037,0.27512094378471375,0.1798783540725708,0.33521226048469543,0.5758178234100342,-1.4994293451309204e-07,3.7339119911193848,0.9822870703879744,1.1908023888879877,0.4169451594352722,0.5489539504051208,4.956554412841797,1.8668603897094727,6.05359673500061e-08,2.27431583404541,0.0,3.056802845001221,0.6254434287548065,0.07009200751781464,0.21889019012451172,0.3632912039756775,0.6389066576957703,-6.1793252825737e-08,3.453857421875,0.9618015117011964,1.2356033660290646,0.412259578704834,0.5039005875587463,5.061860179901123
555,0.23586083620327797,0.6962499999999999,0.5868869023913957,1.8617640733718872,-3.5390257835388184e-08,2.761474132537842,0.0,3.1413527011871336,5.593274164199829,0.26707860827445984,0.18207357823848724,0.3345765471458435,0.5761922597885132,3.674067556858063e-08,3.6962199211120605,0.9574209870770574,1.2160538814633028,0.4343470335006714,0.5182453393936157,8.48797607421875,2.1987569332122803,-7.264316082000732e-08,2.286083698272705,0.0,3.057772922515869,1.6615851640701294,0.06799822300672531,0.2183176577091217,0.3637472093105316,0.6414390206336975,7.636845111846924e-08,3.682417392730713,0.9832079466897994,1.1830825993327734,0.41273370385169983,0.49277105927467346,5.2407636642456055
556,5.291383693562251,0.811875,0.22244867475131574,1.7405892610549927,6.472691893577576e-08,2.270303964614868,0.0,3.1395740032196047,4.081534838676452,0.2619111239910126,0.18412862718105316,0.33533015847206116,0.5807453989982605,-6.09084963798523e-08,2.7842636108398438,1.0889769053086638,1.2531855771589435,0.34682169556617737,0.5265706777572632,5.504659700393677,2.0555763244628906,-1.5320256352424622e-07,2.1064789295196533,0.0,3.056884598731995,0.45462786853313447,0.06683208048343658,0.21868765354156494,0.3657457232475281,0.6440041661262512,1.4700926840305328e-07,3.7146849632263184,1.0400702099548653,1.2753786754760186,0.3924431800842285,0.5406121015548706,4.436253929138184
557,10981.913543498087,0.8053125000000001,-0.27574859603579027,1.7675681114196777,1.4621764421463013e-07,1.9373420476913452,0.0,3.139215874671936,2.7413697481155395,0.26018011569976807,0.1851007491350174,0.3355671167373657,0.583712100982666,-1.4551915228366852e-07,5.285116672515869,1.0865393763408064,1.40321770600885,0.4094831943511963,0.5204222798347473,3.881230282783508,1.8983519077301025,-3.632158041000366e-08,1.95842444896698,0.0,3.051608085632324,4.20551106929779,0.06981100142002106,0.22010035812854767,0.3697628676891327,0.6429360508918762,2.8265640139579774e-08,4.162642002105713,1.0046299947891384,1.264796010355312,0.40369707345962524,0.48219436407089233,4.34741530418396
558,0.21014466808655388,0.8924999999999998,0.6987597941868131,1.8295477628707886,-5.727633833885193e-08,2.11929988861084,0.0,3.13797869682312,3.8796313524246218,0.25980344414711,0.18578262627124786,0.3359606862068176,0.5852947235107422,4.98257577419281e-08,3.5725038051605225,1.0338285339064897,1.3076440562765905,0.40098172426223755,0.5360478162765503,4.883937788009644,1.6571025848388672,-1.4435499906539917e-07,2.2032501697540283,0.0,3.0463371753692625,0.9143944203853607,0.07287851721048355,0.221515953540802,0.37342000007629395,0.6421509981155396,1.4456454664468765e-07,3.2851099967956543,0.9799307486566249,1.1755837660098276,0.3743464946746826,0.553997814655304,4.748839807510376
559,9.80781274115253,0.9112500000000001,0.06447557593943823,1.9228928089141846,-4.6566128730773926e-08,2.6913301944732666,0.0,3.135834574699402,4.854188585281372,0.2591952681541443,0.1864977777004242,0.3367561399936676,0.5859418511390686,4.7124922275543214e-08,3.3201065063476562,0.9944637496955693,1.200416188486947,0.4129970073699951,0.5356396436691284,7.889185667037964,2.1955111026763916,1.2153759598731995e-07,2.3373167514801025,0.0,3.0389969110488892,1.2178345203399659,0.07625501602888107,0.22421924769878387,0.37790602445602417,0.6410041451454163,-1.1855736374855041e-07,2.8504445552825928,0.9095214392058552,1.095977212666822,0.3857766091823578,0.5304056406021118,5.184803056716919
560,0.06542570588114538,0.7953125,0.6251836190955173,2.436849594116211,-1.3224780559539795e-07,2.6078646183013916,0.0,3.1346229791641234,2.594600510597229,0.25831490755081177,0.187136709690094,0.33713045716285706,0.5856664180755615,1.34296715259552e-07,3.6835787296295166,1.0702989296987653,1.1887431819948058,0.4142508804798126,0.5168869495391846,6.7037187099456785,1.5286853313446045,-2.60770320892334e-07,1.9241975545883179,0.0,3.0320204734802245,12.304347801208497,0.07978632301092148,0.2271815538406372,0.3831918239593506,0.6407175064086914,2.658925950527191e-07,3.7958216667175293,0.9612243336625397,1.2035680883054913,0.4438692033290863,0.5016239285469055,8.478773975372315
561,0.037715306932432614,0.8481249999999999,0.6444876077274977,2.2105908393859863,-5.774199962615967e-08,2.3258023262023926,0.0,3.134165072441101,2.452469229698181,0.25864213705062866,0.18557363748550415,0.3371204137802124,0.5886479020118713,5.820766091346741e-08,3.0799334049224854,1.0775426158681511,1.2917944562991226,0.39326798915863037,0.5389330387115479,5.51503210067749,2.110630989074707,-5.8673322200775146e-08,2.711094617843628,0.0,3.027251648902893,1.3901586413383484,0.0818176418542862,0.228790745139122,0.3864692151546478,0.6410312056541443,6.128102540969848e-08,3.45578932762146,0.9205610388889909,1.1550758064021402,0.43181532621383667,0.5043879151344299,7.2338457107543945
562,2.490529153031758,0.9043750000000002,0.7130424402615299,2.2002177238464355,-9.033828973770142e-08,2.7882375717163086,0.0,3.1313804388046265,1.452808177471161,0.25817471742630005,0.18512646853923798,0.33796483278274536,0.5913418531417847,8.93138349056244e-08,2.748591184616089,1.0216924361884594,1.1869055452912758,0.40565264225006104,0.5324890613555908,7.627266883850098,1.8182657957077026,-6.239861249923706e-08,2.2832534313201904,0.0,3.021402883529663,2.943782663345337,0.0836414024233818,0.230869859457016,0.39050760865211487,0.6415723562240601,6.58910721540451e-08,2.929563283920288,0.9321058871224522,1.1593641026417862,0.44557318091392517,0.4991703927516937,5.45531997680664
563,2.5623600289722552,0.9443750000000002,0.14792175976150693,2.0142362117767334,7.82310962677002e-08,2.3956260681152344,0.0,3.130338025093079,2.830257797241211,0.2571519911289215,0.1873948872089386,0.3394467234611511,0.591716468334198,-7.348135113716126e-08,3.7339391708374023,1.2943405762314797,1.3974171238336053,0.42037105560302734,0.522272527217865,5.625224161148071,1.97294020652771,-5.9138983488082886e-08,1.8389065265655518,0.0,3.0178483009338377,1.1601457238197326,0.08673268556594849,0.2337140142917633,0.395522803068161,0.6410524845123291,6.156042218208312e-08,3.206791400909424,1.0502227341756225,1.2357446231899967,0.36599254608154297,0.5772951245307922,3.453568959236145
564,48.505262261915206,0.8265625,-0.1307476650628909,1.674365758895874,-4.190951585769653e-08,2.243157148361206,0.0,3.13116614818573,5.712019538879394,0.2575162649154663,0.1892612874507904,0.34091898798942566,0.5940026044845581,4.0978193283081055e-08,4.075464248657227,0.9680413143709302,1.285929778103272,0.44487032294273376,0.5030555129051208,5.934365749359131,1.9076542854309082,-1.0244548320770264e-08,2.3178601264953613,0.0,3.0173884630203247,2.660968470573425,0.08959195017814636,0.23764507472515106,0.40111270546913147,0.6414540410041809,1.1455267667770386e-08,3.6093838214874268,1.074201320298016,1.233116393538152,0.3702203631401062,0.5446861982345581,5.470984840393067
565,2.4852965234182554,0.6046875,-0.27225259696649085,1.7613263130187988,1.0291114449501038e-07,2.467158555984497,0.0,3.131706190109253,0.7209250032901764,0.2585406005382538,0.18992000818252563,0.3417164385318756,0.5964369773864746,-1.0365620255470276e-07,3.6566684246063232,1.0311204066500068,1.3205580276595879,0.39968931674957275,0.5562170743942261,5.891395568847656,1.8935457468032837,9.313225746154785e-10,2.1935505867004395,0.0,3.0177079677581786,2.755065393447876,0.09123869240283966,0.24090678989887238,0.4052327871322632,0.6427707076072693,-1.257285475730896e-09,3.809598922729492,1.0857130601070821,1.3523145412280129,0.4279206395149231,0.4542558789253235,4.982931137084961
566,0.06928064516705343,0.705,0.3343119053419063,1.9976580142974854,8.707866072654724e-08,1.7965236902236938,0.0,3.1306063175201415,6.490736436843872,0.2563927471637726,0.19294476509094238,0.3442097306251526,0.597416341304779,-8.288770914077759e-08,3.2003493309020996,1.0510562365874647,1.1648369777834695,0.344937801361084,0.5454375743865967,4.222409725189209,2.122492551803589,-1.0244548320770264e-07,2.2603118419647217,0.0,3.0181638956069947,1.022296780347824,0.09198596328496933,0.24247685074806213,0.4074162244796753,0.6437734365463257,9.969808161258697e-08,2.6413092613220215,1.0428195693530142,1.1861786153922753,0.3685649335384369,0.4736059308052063,5.068162488937378
567,0.042940352498814734,0.9381249999999998,0.6103717293447962,1.603633999824524,1.6298145055770874e-08,2.870368242263794,0.0,3.129814100265503,8.308858585357665,0.2541752755641937,0.19606409966945648,0.3470554053783417,0.6000510454177856,-9.825453162193299e-09,5.221516132354736,1.0362626008689404,1.3510824987596946,0.43817880749702454,0.4955016076564789,9.726683139801025,1.861861228942871,-1.234002411365509e-07,2.531611442565918,0.0,3.017691946029663,3.6088011264801025,0.09018563479185104,0.24331268668174744,0.40835461020469666,0.6477223634719849,1.1627562344074249e-07,3.8292863368988037,1.1393229006789625,1.2958407941282526,0.3707793653011322,0.5014817714691162,6.673788070678711
568,23.22057448038084,0.8709375000000001,-0.329839787880153,2.0128791332244873,9.872019290924072e-08,2.3749144077301025,0.0,3.1302870512008667,1.3655714631080627,0.25353312492370605,0.19746169447898865,0.34838026762008667,0.6018131971359253,-9.573996067047119e-08,3.486530303955078,0.9889461217448116,1.0812797939609107,0.4497191309928894,0.44275930523872375,5.649720954895019,1.77628755569458,-5.3551048040390015e-09,2.6012582778930664,0.0,3.0169030666351317,0.9420412600040435,0.08776041865348816,0.24356123805046082,0.4081122577190399,0.6528788208961487,4.190951585769653e-09,3.767247438430786,1.0295843873172998,1.1977472178738968,0.38781431317329407,0.48527833819389343,6.641001176834107
569,0.026493710353084926,0.7559375,0.8334458924583388,1.8971998691558838,5.8673322200775146e-08,2.078747034072876,0.0,3.132720637321472,0.6945789754390717,0.25406593084335327,0.1981353759765625,0.3480803966522217,0.6038931012153625,-5.648471415042877e-08,2.624168634414673,0.834524963889271,1.031198894408329,0.4353148341178894,0.4868938624858856,4.256158542633057,1.8212352991104126,-1.364387571811676e-07,2.6863930225372314,0.0,3.012153744697571,8.716570091247558,0.08376611769199371,0.24455055594444275,0.4097180962562561,0.6593334674835205,1.3709068298339843e-07,3.164172649383545,0.9462296998128295,1.1499477905685083,0.41177526116371155,0.5410955548286438,9.490478134155273
570,4288.934386214611,0.6584375,0.24277734700976156,1.7007694244384766,-3.67872416973114e-08,2.420058488845825,0.0,3.134511923789978,1.5404952883720398,0.25811004638671875,0.2007906436920166,0.348432719707489,0.609190046787262,4.0512531995773315e-08,3.2375831604003906,1.0562210381031036,1.2706380653887466,0.46977004408836365,0.4882243275642395,5.901981258392334,1.9239304065704346,1.2712553143501282e-07,2.4958341121673584,0.0,3.0104652881622314,1.6640954732894897,0.08096137642860413,0.2456304132938385,0.41164422035217285,0.665429413318634,-1.241452991962433e-07,2.904632329940796,1.012660600990057,1.2309954791146263,0.3998218774795532,0.49077561497688293,6.280019664764405
571,0.04219451155975699,0.8896875,0.7269631555998212,2.195425033569336,-1.6577541828155518e-07,2.1253414154052734,0.0,3.132337284088135,6.098267364501953,0.26292139291763306,0.20365139842033386,0.34994742274284363,0.6159535050392151,1.5618279576301574e-07,3.534467935562134,0.9607861397787929,1.160755307173868,0.39104965329170227,0.495202898979187,5.290575695037842,1.6707518100738525,1.6763806343078613e-08,2.2030792236328125,0.0,3.0112200736999513,1.3518535017967224,0.08152700960636139,0.24594174325466156,0.4113349914550781,0.6667922139167786,-1.9371509552001954e-08,3.2482564449310303,0.9737010127864778,1.1655487018107795,0.35776329040527344,0.5702127814292908,4.856997871398926
572,0.8734870403031489,0.8121875,0.24667013840237786,2.048147439956665,1.2014061212539673e-07,2.5455265045166016,0.0,3.1301048755645753,3.6555227279663085,0.26615971326828003,0.2056223601102829,0.35201215744018555,0.6214392185211182,-1.218169927597046e-07,3.1900620460510254,1.1444730548188091,1.3646614375159118,0.43401476740837097,0.5651598572731018,6.551806688308716,2.2222888469696045,4.0978193283081055e-08,2.175088405609131,0.0,3.01173255443573,7.940024471282959,0.082186758518219,0.24575915932655334,0.41081342101097107,0.6671179533004761,-4.381872713565826e-08,3.469278573989868,0.9653592951595783,1.1772966505595313,0.3423321545124054,0.5057343244552612,6.651443243026733
573,0.014081578779807332,0.9209375000000002,0.8648302559083424,1.915531039237976,4.237517714500427e-08,2.0364298820495605,0.0,3.128622126579285,2.7908690929412843,0.26872605085372925,0.2062513679265976,0.3539212644100189,0.6250592470169067,-3.7928111851215364e-08,4.423538684844971,1.2317241640761494,1.5425926156530265,0.3307434916496277,0.630540132522583,4.413665628433227,1.76836359500885,1.0570511221885681e-07,2.336519956588745,0.0,3.0117886781692507,2.168227732181549,0.08243018388748169,0.24572300910949707,0.4113154709339142,0.6675553917884827,-1.074979081749916e-07,2.4344749450683594,0.9489073297940195,1.136590503649462,0.3703936040401459,0.5509326457977295,5.385695886611939
574,22.127062358718216,0.8818750000000002,-0.2349595656509905,1.6576529741287231,-7.450580596923828e-09,2.4405291080474854,0.0,3.12972948551178,9.291276454925537,0.2703610956668854,0.20515012741088867,0.3548746407032013,0.6274479627609253,2.7008354663848876e-09,3.8144068717956543,1.1433085206896068,1.4321214278840484,0.4892689287662506,0.46441540122032166,8.307750225067139,1.9917572736740112,-1.73225998878479e-07,2.3704452514648438,0.0,3.010564398765564,2.2692704439163207,0.0830126479268074,0.24605882167816162,0.4137430787086487,0.6678673624992371,1.7336569726467133e-07,3.14811635017395,1.0567551139742135,1.1202321548311114,0.4045369029045105,0.5576981902122498,5.573943710327148
575,0.0714849072640085,0.740625,0.5905379375117685,1.8019471168518066,-7.776543498039246e-08,2.6267693042755127,0.0,3.130368208885193,9.02281551361084,0.27087247371673584,0.2040526568889618,0.35527729988098145,0.62892085313797,7.050111889839173e-08,3.0608983039855957,0.9838559683412313,1.228868425376027,0.4643997848033905,0.5339735150337219,9.026547813415528,1.8656615018844604,8.009374141693115e-08,2.2936503887176514,0.0,3.0099606037139894,0.7191376268863678,0.08536981046199799,0.24789771437644958,0.4182146191596985,0.6676877737045288,-7.636845111846924e-08,2.7776663303375244,0.9895299539901317,1.2297906486561327,0.41646379232406616,0.5176511406898499,5.083246517181396
576,0.024083330511092082,0.8243750000000001,0.904501110615288,2.070922374725342,7.636845111846924e-08,2.0469067096710205,0.0,3.129821467399597,1.247072684764862,0.2708248794078827,0.2036614716053009,0.35557982325553894,0.6294069290161133,-8.093193173408509e-08,2.871931791305542,1.1993409746326507,1.328212174356432,0.39346298575401306,0.5427024364471436,4.1893181800842285,1.6438395977020264,-1.0244548320770264e-07,2.4239556789398193,0.0,3.013521432876587,3.135388445854187,0.0873323306441307,0.24939829111099243,0.420924574136734,0.6680229306221008,1.0272487998008728e-07,2.914607048034668,0.8706372114364058,1.0993394555489033,0.4324760138988495,0.5220127701759338,6.161504888534546
577,86.02377781537744,0.790625,-0.2679081816837931,2.00758695602417,-1.7881393432617188e-07,1.9625723361968994,0.0,3.1266814470291138,2.073243510723114,0.27082765102386475,0.20747877657413483,0.3572840690612793,0.632257342338562,1.7061829566955565e-07,3.6463496685028076,1.0337120670825244,1.2291103273654918,0.3856828510761261,0.4991300702095032,3.936964774131775,1.7598376274108887,-9.313225746154785e-10,2.54514479637146,0.0,3.0157047510147095,3.9511345624923706,0.08883926272392273,0.2504355311393738,0.42227768898010254,0.668422281742096,1.6298145055770874e-09,3.4189114570617676,1.2788318132050336,1.4008436151683885,0.4325920343399048,0.48760905861854553,6.89015645980835
578,1.667370143015657,0.7025,0.09252403485384775,1.922485113143921,4.1443854570388794e-08,2.6121490001678467,0.0,3.1233852386474608,6.5297211647033695,0.2721923589706421,0.2120390385389328,0.3605583906173706,0.6385399699211121,-3.91155481338501e-08,4.2114105224609375,1.008982915431261,1.3105368594947804,0.386583149433136,0.5141575932502747,7.924163341522217,2.448928117752075,-3.110617399215698e-07,1.7897790670394897,0.0,3.016421580314636,4.490271425247192,0.09021054208278656,0.25119686126708984,0.4232572615146637,0.6682742238044739,3.1029339879751207e-07,3.2617602348327637,1.1652617307379842,1.2671704364092753,0.3719675540924072,0.5149356722831726,3.6136706829071046
579,0.825066532682933,0.851875,0.24727955878652588,2.2746355533599854,2.4959444999694824e-07,2.283076286315918,0.0,3.122023868560791,5.062945747375489,0.2736985385417938,0.214216411113739,0.36298128962516785,0.6415680050849915,-2.534128725528717e-07,3.4764962196350098,0.8943143262527883,1.0796667251061964,0.417948842048645,0.48632124066352844,5.754379844665527,1.9499436616897583,-2.468004822731018e-08,2.3758556842803955,0.0,3.0145962238311768,4.104874563217163,0.09268425405025482,0.2526220381259918,0.42563295364379883,0.6672207117080688,2.537854015827179e-08,5.538237571716309,1.0590231091715396,1.2939462557403292,0.44976192712783813,0.5613342523574829,6.150053453445435
580,1.7274615210186846,0.8034375,-0.002578884130475867,2.5448126792907715,2.2351741790771484e-08,2.247560501098633,0.0,3.122552919387817,2.2479671597480775,0.27371877431869507,0.214839905500412,0.36368972063064575,0.6425084471702576,-2.114102244377136e-08,2.9827654361724854,1.1227278627455235,1.2942933747383796,0.4515232443809509,0.45413854718208313,5.145558595657349,1.85378897190094,1.0896474123001099e-07,2.2840988636016846,0.0,3.0126294612884523,3.7106438875198364,0.09497083723545074,0.2543717324733734,0.4287136197090149,0.6664283871650696,-1.0381918400526046e-07,2.8070504665374756,0.9088862312957644,1.0961820822773736,0.4142901301383972,0.52571040391922,5.475916004180908
581,0.601398043894687,0.9290625,0.27368699071693137,2.1562557220458984,-1.3597309589385986e-07,2.0103073120117188,0.0,3.1236085653305055,2.3392218112945558,0.27322274446487427,0.2141263335943222,0.36350440979003906,0.6423423886299133,1.341570168733597e-07,3.704866647720337,1.1335473280400037,1.363021165230074,0.3940119743347168,0.5142122507095337,3.9976724863052366,2.0092506408691406,5.681067705154419e-08,2.6744773387908936,0.0,3.0109666109085085,2.603897047042847,0.09631005674600601,0.25600916147232056,0.4315044581890106,0.6663430333137512,-5.746260285377503e-08,3.0371298789978027,1.021672210842371,1.1647301242620296,0.3836340308189392,0.6128489375114441,7.069654321670532
582,0.05643757507827649,0.8487500000000001,0.47057688256235225,1.9492759704589844,-8.754432201385498e-08,2.4364051818847656,0.0,3.1235547780990602,1.1477786660194398,0.27287453413009644,0.2127281278371811,0.3640133738517761,0.6423050761222839,8.67992639541626e-08,3.1630334854125977,1.193817645125091,1.3625829983481645,0.4013950526714325,0.5201706290245056,5.767123222351074,1.7485400438308716,2.421438694000244e-08,2.776136875152588,0.0,3.0067325115203856,0.9911581575870514,0.09776315838098526,0.25854629278182983,0.4355852007865906,0.6663492918014526,-2.16066837310791e-08,3.0149734020233154,1.1000816661166026,1.229940104121656,0.431766152381897,0.4911230504512787,7.501923990249634
583,0.04897008316055618,0.7765625,0.596893410864033,2.4200594425201416,-1.862645149230957e-09,2.4153201580047607,0.0,3.1236648321151734,4.7047816753387455,0.27348846197128296,0.21356958150863647,0.36655575037002563,0.6431556344032288,9.49949026107788e-09,3.6169493198394775,1.0896775707602502,1.341728246958666,0.38402825593948364,0.539095401763916,6.241261291503906,2.3024187088012695,-5.4016709327697754e-08,2.4079642295837402,0.0,3.0009759426116944,2.7451464414596556,0.10143406689167023,0.26213377714157104,0.44201886653900146,0.6648253798484802,5.4063275456428525e-08,2.752645969390869,0.9242345046252012,1.1484425701325556,0.4335761070251465,0.4535755515098572,5.811546421051025
584,9.6889534070721,0.8365625000000001,-0.16748264842203567,1.7313690185546875,4.563480615615845e-08,2.4123432636260986,0.0,3.1208736181259153,0.7550076723098755,0.27467790246009827,0.21600602567195892,0.37002891302108765,0.6449288129806519,-4.925532266497612e-08,3.2933030128479004,1.0820682214573025,1.30092573623908,0.3843989968299866,0.48902127146720886,5.552100086212159,1.9480109214782715,4.563480615615845e-08,2.414677619934082,0.0,2.9970303773880005,0.9608545780181885,0.10358769446611404,0.26467591524124146,0.44720008969306946,0.6649144291877747,-3.920868039131165e-08,3.6691160202026367,1.0578303587622941,1.2235903159665702,0.42291808128356934,0.4536316692829132,5.743018293380738
585,15.782020579370831,0.7865625000000002,-0.065212358485569,1.595566987991333,2.8870999813079834e-08,2.4190032482147217,0.0,3.1140174865722656,3.5907167911529543,0.2755924463272095,0.21888776123523712,0.37510496377944946,0.6463658213615417,-2.454034984111786e-08,4.596132755279541,0.9815014643594623,1.295369985852304,0.4839102029800415,0.45101651549339294,6.213527679443359,1.6394014358520508,4.0978193283081055e-08,2.263434648513794,0.0,2.993345785140991,2.679144787788391,0.10797109454870224,0.2688990831375122,0.45384347438812256,0.6631273627281189,-4.591420292854309e-08,2.930989980697632,1.0260644309222697,1.2083899617893008,0.3695204555988312,0.5536862015724182,5.352682876586914
586,3.7830868671905313,0.8878125000000001,0.07929847443320073,2.527071952819824,5.2619725465774536e-08,2.031466007232666,0.0,3.110079789161682,7.936043167114258,0.2749926745891571,0.22109690308570862,0.3783639669418335,0.6471959352493286,-5.578622221946716e-08,2.8135416507720947,0.9435689725913108,1.0301723849612177,0.375693142414093,0.5277547836303711,5.689300394058227,2.0334532260894775,-3.725290298461914e-09,2.1511025428771973,0.0,2.9912404298782347,6.4757483959197994,0.11274802684783936,0.27262061834335327,0.45953643321990967,0.6613554358482361,-2.2817403078079225e-09,3.7556381225585938,1.0542428150773049,1.229319987299042,0.38409423828125,0.5308580994606018,5.648117208480835
587,0.13502599867384604,0.8659375,0.7054398719144672,2.2838497161865234,7.636845111846924e-08,2.3106114864349365,0.0,3.107798147201538,7.297872257232666,0.27465155720710754,0.22238577902317047,0.37995481491088867,0.6477129459381104,-7.688067853450775e-08,3.7426376342773438,1.1705175902694465,1.4016768253465677,0.40466904640197754,0.5553588271141052,6.73398232460022,2.3337366580963135,-1.6298145055770874e-07,2.152378559112549,0.0,2.9914175033569337,1.0049683630466462,0.11539030075073242,0.27481260895729065,0.46334269642829895,0.6608287692070007,1.6186386346817018e-07,3.3506178855895996,1.1331919768825174,1.248735637016945,0.3783016800880432,0.5358161926269531,4.582738447189331
588,0.3646776969949125,0.7159375000000001,0.35233586917250853,2.8001766204833984,1.3131648302078247e-07,2.2053592205047607,0.0,3.106036925315857,4.30463056564331,0.275515079498291,0.22381062805652618,0.38161054253578186,0.6484922766685486,-1.280568540096283e-07,3.4810545444488525,1.1133255168795586,1.3519687332776085,0.4219578504562378,0.5142004489898682,5.274254179000854,1.993825078010559,1.2014061212539673e-07,2.7264697551727295,0.0,2.996753978729248,4.188127660751343,0.1149217039346695,0.2756899893283844,0.4640609323978424,0.6626296639442444,-1.1865049600601197e-07,3.3576319217681885,0.9746888320893049,1.0994855755639508,0.44621801376342773,0.46432584524154663,7.820236253738403
589,0.03190534174098561,0.43531250000000005,0.4411061163025236,2.3195512294769287,2.0349398255348206e-07,2.288012981414795,0.0,3.106169605255127,0.5696528434753418,0.27556517720222473,0.22506792843341827,0.38276344537734985,0.6487047672271729,-1.9636936485767364e-07,3.9604930877685547,0.9466741807758808,1.203843009726138,0.4255063533782959,0.5888397097587585,5.356017208099365,1.8514455556869507,-1.5273690223693848e-07,2.5569353103637695,0.0,2.9970267534255983,2.906369853019714,0.1142754778265953,0.27719879150390625,0.46581557393074036,0.6656804084777832,1.5883706510066987e-07,3.517069101333618,1.0716638295911252,1.2841526189870793,0.47260719537734985,0.5072776079177856,6.758145999908447
590,9.188897778472116,0.7903125,-0.08201396661947155,2.1383750438690186,1.6670674085617065e-07,2.2103559970855713,0.0,3.1103078603744505,1.0591912746429444,0.2756657898426056,0.2273808717727661,0.3837004005908966,0.6516896486282349,-1.634005457162857e-07,3.526543378829956,1.0240064213052391,1.0276695874065231,0.3971075415611267,0.5124537348747253,4.762304735183716,2.1468007564544678,-2.9802322387695312e-08,2.551412343978882,0.0,2.9961327075958253,1.33528693318367,0.11582149565219879,0.2794807553291321,0.46889904141426086,0.6661700010299683,3.958120942115784e-08,3.329014301300049,1.0660948872566223,1.1726470867693928,0.4334259629249573,0.49265336990356445,6.391907358169556
591,400.46535080932136,0.6287499999999999,-0.2767336048136147,1.8047311305999756,6.472691893577576e-08,2.51951265335083,0.0,3.10935959815979,1.9171346426010132,0.27642905712127686,0.23219743371009827,0.3882226049900055,0.6547773480415344,-6.826594471931457e-08,3.43430757522583,0.9607758931815624,1.2274729166066656,0.42198559641838074,0.5010866522789001,6.422788286209107,1.995175838470459,-1.3923272490501404e-07,2.1899609565734863,0.0,2.99806547164917,4.028180241584778,0.1173429936170578,0.28148114681243896,0.47232139110565186,0.6661333441734314,1.341104507446289e-07,3.458406925201416,0.9979577913880349,1.1366181358043277,0.43732041120529175,0.47770407795906067,5.309086513519287
592,4.019592983005781,0.8387499999999999,0.09104927334016902,1.7731271982192993,9.313225746154785e-09,2.975081443786621,0.0,3.107990789413452,5.308605623245239,0.27575865387916565,0.2354813814163208,0.39167270064353943,0.655669093132019,-1.4435499906539917e-08,3.6969175338745117,0.9877812672406435,1.2669546459730399,0.41378891468048096,0.5359306931495667,9.375592231750488,2.224207639694214,2.0489096641540527e-07,2.3348946571350098,0.0,2.998819422721863,4.225889444351196,0.11791704595088959,0.2824820876121521,0.47490617632865906,0.6666592955589294,-2.0954757928848267e-07,5.188208103179932,1.1968605831265449,1.343943327800058,0.3577011823654175,0.5667911171913147,5.758466482162476
593,27.205289471226575,0.6025,-0.07671839005376709,2.0393967628479004,-1.3969838619232178e-09,2.1328043937683105,0.0,3.1064590930938722,3.820974326133728,0.27411913871765137,0.23705977201461792,0.39327070116996765,0.6565617918968201,2.9802322387695314e-09,3.342089891433716,0.9544207349419593,1.1989598645638073,0.40379202365875244,0.4739031195640564,4.878313255310059,1.9106132984161377,3.4458935260772705e-08,2.7046492099761963,0.0,2.996371102333069,3.572537922859192,0.11894428730010986,0.28407084941864014,0.4782801568508148,0.6668076515197754,-2.9150396585464478e-08,3.806725025177002,1.090876541286707,1.2241676117070273,0.4133149981498718,0.6192545294761658,7.50613579750061
594,22.71421021946506,0.7353125,-0.6959642815061283,1.4884660243988037,8.940696716308594e-08,2.5842831134796143,0.0,3.104630541801453,1.3020037174224854,0.27258825302124023,0.23843784630298615,0.3945978879928589,0.6582107543945312,-8.502975106239319e-08,3.0190682411193848,0.9210761554539204,1.1314353679709304,0.37530314922332764,0.5574119091033936,6.544313716888428,1.8157763481140137,-1.0803341865539551e-07,2.254788398742676,0.0,2.9961129426956177,0.775467449426651,0.12035231292247772,0.2859920561313629,0.4817519783973694,0.6665969491004944,1.0756775736808777e-07,4.768363952636719,1.388273597881198,1.3649605151055402,0.3960179090499878,0.5022377371788025,5.047403240203858
595,0.05286274017144593,0.6625,0.2788406549757935,2.08390212059021,-1.9976869225502014e-07,2.2231385707855225,0.0,3.0980154275894165,1.2988816499710083,0.2718692123889923,0.23773923516273499,0.3966611623764038,0.6583296656608582,2.0060688257217408e-07,3.547173023223877,1.1109734715893864,1.295879890748704,0.35794007778167725,0.5889509320259094,4.789966487884522,1.835317611694336,-6.05359673500061e-09,2.452789306640625,0.0,3.0003815650939942,1.1058789551258088,0.11948434263467789,0.28535184264183044,0.4821555018424988,0.6678199172019958,1.0989606380462647e-08,2.8949594497680664,0.989754619076848,1.1585754620863067,0.426998496055603,0.5045516490936279,5.918959045410157
596,0.12085823974140124,0.778125,0.4357325545534715,2.8180387020111084,-3.4924596548080444e-08,1.8194307088851929,0.0,3.088462495803833,2.002495837211609,0.2686348259449005,0.24019041657447815,0.4017002582550049,0.6613891124725342,3.888271749019623e-08,3.089970827102661,1.03007273664698,1.2981769989075804,0.35677942633628845,0.5823489427566528,3.36046097278595,1.9636372327804565,-1.7043203115463257e-07,2.4454376697540283,0.0,3.0032345771789553,0.9851351737976074,0.117812380194664,0.28403228521347046,0.4831841289997101,0.6707619428634644,1.669861376285553e-07,3.078503131866455,1.047915334487334,1.3145814815816081,0.43015098571777344,0.5117530822753906,5.912258625030518
597,4.5096843954359755,0.821875,0.11587407483309972,1.9805959463119507,-1.6763806343078613e-08,2.1447083950042725,0.0,3.0837295293807983,1.581715214252472,0.2651495039463043,0.24324530363082886,0.40636810660362244,0.6652132272720337,1.5506520867347716e-08,3.9168670177459717,1.1752161027863621,1.2636587362903013,0.398428738117218,0.5221200585365295,4.623042869567871,2.130171298980713,2.1420419216156006e-08,2.419480085372925,0.0,3.0106534004211425,3.6330992937088014,0.11475609987974167,0.28353333473205566,0.48455899953842163,0.6760479807853699,-2.076849341392517e-08,2.7762033939361572,0.9634697254747152,1.0956536067953928,0.3802322745323181,0.5404695272445679,5.901493978500366
598,0.7527518819815547,0.7528125,0.3563533705139064,1.5727380514144897,1.103617250919342e-07,2.497419834136963,0.0,3.0841903924942016,1.8506808400154113,0.2647427022457123,0.24490267038345337,0.4088385999202728,0.6674090027809143,-1.1301599442958831e-07,3.671325922012329,1.0115175511687995,1.310312060204987,0.4507136940956116,0.47109729051589966,6.273174667358399,1.9499547481536865,-2.1746382117271423e-07,2.183303117752075,0.0,3.011677384376526,0.8617212235927582,0.11362383514642715,0.2847858965396881,0.487885057926178,0.680372416973114,2.119923010468483e-07,3.069650411605835,0.8558939188718796,1.0553017327471086,0.36731481552124023,0.5231133699417114,4.657762432098389
599,0.1105160834391187,0.678125,0.2830106087643974,1.8285311460494995,2.2165477275848389e-07,2.034092903137207,0.0,3.085455060005188,1.313654375076294,0.26461994647979736,0.24449558556079865,0.4094003438949585,0.6669732332229614,-2.1778978407382965e-07,4.098153591156006,1.2364522295072675,1.4943073433415999,0.39865759015083313,0.5246018767356873,4.206452655792236,1.9404783248901367,-2.146698534488678e-07,1.7420626878738403,0.0,3.0119462490081785,3.1936046838760377,0.116264708340168,0.2887653112411499,0.4944809377193451,0.6813222765922546,2.164393663406372e-07,3.481729507446289,1.1268165621906518,1.209393208376166,0.37664082646369934,0.5308396220207214,3.234275221824646
600,0.02674605615289443,0.72,0.748725020250889,2.0753977298736572,-1.9278377294540405e-07,2.3107471466064453,0.0,3.086710715293884,3.1908579111099242,0.26785382628440857,0.24137017130851746,0.4071120023727417,0.6697196364402771,1.973472535610199e-07,3.7205867767333984,1.090031550079584,1.3771189516023477,0.3869166374206543,0.5580555200576782,5.488842487335205,2.253422975540161,-4.0978193283081055e-08,1.9602010250091553,0.0,3.0121017694473267,4.458200073242187,0.11922711879014969,0.29219868779182434,0.4997541606426239,0.6813157796859741,3.4924596548080444e-08,2.500284194946289,0.9042662400752306,1.0771493431336119,0.370869904756546,0.5463265180587769,4.30182785987854
601,3.153180186568131,0.7449999999999999,0.032396158380201046,1.9887802600860596,9.173527359962463e-08,1.4751718044281006,0.0,3.085676646232605,2.314729857444763,0.27118372917175293,0.23968204855918884,0.40581974387168884,0.6742063760757446,-9.32253897190094e-08,2.9085209369659424,0.9588294051587581,1.129094813370436,0.35077181458473206,0.5533182621002197,2.2975996255874636,2.0424602031707764,1.955777406692505e-08,2.2628560066223145,0.0,3.0089046478271486,1.847771978378296,0.12122588604688644,0.294100284576416,0.5032313466072083,0.6810573935508728,-1.51805579662323e-08,4.009769439697266,1.095643645711243,1.1774358750967602,0.3997843563556671,0.5683663487434387,4.9402769088745115
602,0.35964763549246054,0.7971875,0.547713520837215,2.0568411350250244,-8.381903171539307e-08,2.036480188369751,0.0,3.083379030227661,5.269923734664917,0.27282121777534485,0.23898504674434662,0.40641817450523376,0.6744110584259033,7.664784789085388e-08,5.129039287567139,1.1667770450934767,1.407787436641138,0.3805962800979614,0.5336530208587646,5.0183929920196535,2.0481112003326416,-4.7963112592697144e-08,2.4185287952423096,0.0,3.0006433010101317,1.9019111394882202,0.1258489191532135,0.29743945598602295,0.5091273188591003,0.6796202063560486,4.502944648265839e-08,3.650282382965088,0.9487851163372397,1.1542124765359478,0.31166547536849976,0.6443972587585449,5.633704948425293
603,15.759712667239281,0.903125,0.20162931294840725,2.002786874771118,-9.755603969097137e-08,2.924039602279663,0.0,3.08251473903656,2.8586783409118652,0.27322080731391907,0.23801009356975555,0.40644919872283936,0.6736559867858887,1.0095536708831788e-07,4.251374244689941,0.9689364245161414,1.1335056119255844,0.4131581485271454,0.5600844025611877,8.652046871185302,2.50239634513855,-1.4528632164001465e-07,2.09897518157959,0.0,2.995814251899719,1.9439886569976808,0.12945549190044403,0.300763338804245,0.5152364373207092,0.6795521974563599,1.5227124094963074e-07,3.268091917037964,0.8512889727950096,1.071608142488094,0.4088556170463562,0.5325751304626465,4.520690298080444
604,0.126200869493627,0.7481250000000002,0.4040900321113542,1.9240705966949463,1.5832483768463135e-08,1.943302869796753,0.0,3.0817838430404665,4.374680137634277,0.27252480387687683,0.23822684586048126,0.40662357211112976,0.6734021306037903,-1.993030309677124e-08,4.625229358673096,1.0627840464003384,1.3396915803842597,0.33544212579727173,0.5566064119338989,4.239501190185547,1.9120643138885498,4.6566128730773926e-08,2.2788448333740234,0.0,2.994692635536194,4.4919486999511715,0.12994784116744995,0.3016822636127472,0.5174017548561096,0.6804760098457336,-4.626344889402389e-08,3.2808022499084473,0.920303781144321,1.0484086014946812,0.4086693525314331,0.5213109254837036,5.609926652908325
605,54.33060629437749,0.7212500000000001,0.18666434863641282,2.282064437866211,-3.259629011154175e-09,2.259495735168457,0.0,3.0812475442886353,3.6352367639541625,0.272683709859848,0.23956742882728577,0.40811610221862793,0.6728590726852417,5.122274160385132e-09,2.799989700317383,0.9640742108225823,1.1734402801376485,0.46186307072639465,0.5098691582679749,5.429147386550904,1.703997015953064,1.2479722499847412e-07,2.6630685329437256,0.0,2.9920998096466063,5.278271675109863,0.1312001496553421,0.3025640845298767,0.5194025635719299,0.6805279850959778,-1.2372620403766632e-07,3.2849855422973633,0.8543394182808697,1.0219275681922229,0.4180219769477844,0.5682834982872009,7.39813265800476
606,0.44584584403318245,0.883125,0.3214162579598129,1.8935201168060303,1.210719347000122e-08,2.191939115524292,0.0,3.0816179275512696,4.569879198074341,0.27252891659736633,0.2397720366716385,0.4085788428783417,0.6736488938331604,-7.264316082000732e-09,3.4428553581237793,0.9061340300366283,1.10155217058113,0.3520812392234802,0.5222180485725403,5.268825435638428,1.7499192953109741,-8.055940270423889e-08,2.6214380264282227,0.0,2.98951518535614,1.700908625125885,0.13354159891605377,0.3041591942310333,0.5225583910942078,0.6798856258392334,7.674098014831543e-08,2.826246976852417,0.872171878721565,1.0316172697392618,0.3918779492378235,0.4790806174278259,6.865345191955567
607,10.564670177913584,0.695,-0.0539102797096491,1.9361292123794556,2.9802322387695312e-08,2.4498159885406494,0.0,3.0823009252548217,2.953434610366821,0.272129625082016,0.2391480803489685,0.40817832946777344,0.6735501289367676,-3.119930624961853e-08,3.962888479232788,0.9703608512878418,1.2521926139574693,0.4215172827243805,0.5162866115570068,6.144956302642822,2.1730616092681885,8.475035429000854e-08,2.624757766723633,0.0,2.987048602104187,3.5235082864761353,0.1361783742904663,0.30531713366508484,0.5260581970214844,0.6791993975639343,-8.055940270423889e-08,3.2586705684661865,0.9426295625977218,1.1117849784494258,0.3944486379623413,0.5109352469444275,7.055378532409668
608,64.3261743657865,0.7371875000000001,0.07240956671611444,2.4836833477020264,3.3527612686157227e-08,2.4488117694854736,0.0,3.082334041595459,1.7649810910224915,0.27186545729637146,0.23892277479171753,0.40806108713150024,0.6751251816749573,-3.916211426258087e-08,3.645697832107544,1.030867086816579,1.255950718814606,0.3969600200653076,0.5434710383415222,5.950146436691284,2.0283453464508057,-1.4295801520347595e-07,1.9102680683135986,0.0,2.985414814949036,1.2695911407470704,0.13816650211811066,0.306377112865448,0.5297265648841858,0.6794508099555969,1.444481313228607e-07,4.084828853607178,0.8011416711844503,1.0132044617914497,0.4039614796638489,0.4885717034339905,3.6535924673080444
609,26.570937404572213,0.7668750000000001,-0.3005849099769128,2.2724766731262207,-2.1420419216156006e-08,1.9188814163208008,0.0,3.0806637048721313,5.8865697383880615,0.2705267667770386,0.23979955911636353,0.40842291712760925,0.6772879958152771,1.778826117515564e-08,4.3065996170043945,1.123580115288496,1.3468859988549469,0.38068047165870667,0.5441799163818359,4.664727020263672,2.1693806648254395,7.82310962677002e-08,2.458501100540161,0.0,2.9829065799713135,1.3602401614189148,0.14244352281093597,0.3087499141693115,0.5352742671966553,0.6780603528022766,-8.307397365570069e-08,4.571264743804932,1.329424342419952,1.5167670860751348,0.41900333762168884,0.5059056878089905,5.823699140548706
610,0.8477587036172718,0.8253125000000001,0.14981593522718395,1.8464763164520264,-1.4528632164001465e-07,2.327136993408203,0.0,3.0791407108306883,2.369374132156372,0.269528865814209,0.240259051322937,0.4086892604827881,0.6772958636283875,1.4957040548324584e-07,3.237962245941162,1.0556704882532357,1.2940933392988543,0.4222104549407959,0.510313868522644,5.5475036144256595,1.9877424240112305,6.984919309616089e-08,2.165449619293213,0.0,2.9764177322387697,2.0796533942222597,0.14925594627857208,0.31199711561203003,0.5423123836517334,0.6764809489250183,-7.031485438346863e-08,4.337678909301758,1.3942649161443115,1.4529741199821287,0.40742841362953186,0.49612510204315186,4.553123426437378
611,1.6743502276914264,0.8875,0.39012356019986144,1.835129737854004,1.0011717677116394e-07,2.4987049102783203,0.0,3.077338147163391,1.8894084453582765,0.27056777477264404,0.24126482009887695,0.4093133509159088,0.6802746057510376,-9.275972843170165e-08,3.175797700881958,0.9905925124883652,1.1111886566673694,0.4043942391872406,0.5257233381271362,6.249697256088257,1.5951532125473022,1.5506520867347717e-07,2.440570831298828,0.0,2.969243955612183,2.1359865784645082,0.15531803667545319,0.3157379627227783,0.5498348474502563,0.6766987442970276,-1.5692785382270813e-07,3.372469663619995,1.2432374764233827,1.274042653820317,0.4281575083732605,0.4828352630138397,5.988574123382568
612,29.757381983538107,0.818125,-0.17476673411332527,2.2691843509674072,3.4458935260772705e-08,2.267465353012085,0.0,3.075195574760437,4.921514081954956,0.27013590931892395,0.24226288497447968,0.4109239876270294,0.6834630370140076,-3.958120942115784e-08,4.077968597412109,0.9483156450092792,1.2341346928528378,0.41243547201156616,0.5743815898895264,5.669777822494507,2.0287420749664307,3.166496753692627e-08,2.3922619819641113,0.0,2.965056133270264,2.6623896598815917,0.15968646109104156,0.31876763701438904,0.5557807683944702,0.6767921447753906,-3.4132972359657286e-08,6.194260597229004,1.5663600171916188,1.5200743109487351,0.3707242012023926,0.5823628306388855,5.8012309074401855
613,4.806222807317696,0.75125,0.0635675799609274,1.6513605117797852,3.4924596548080444e-08,2.400794267654419,0.0,3.0731640577316286,1.3088635325431823,0.2688199281692505,0.2428554743528366,0.412502259016037,0.6840663552284241,-3.781169652938843e-08,3.6003799438476562,1.1324990674853326,1.2883943456264195,0.4069748818874359,0.5420148372650146,5.58112096786499,2.099039316177368,-1.3504177331924438e-08,2.3625097274780273,0.0,2.962703514099121,1.3763711810112,0.16276945173740387,0.3212665319442749,0.5604444146156311,0.6771901845932007,1.7648562788963317e-08,4.432831764221191,1.0409797880332916,1.204595132457596,0.4015738368034363,0.5258000493049622,5.40617003440857
614,85.96771960676669,0.8796875,-0.10072026731943631,2.0501983165740967,-3.3527612686157227e-08,2.466169595718384,0.0,3.068212795257568,3.735750913619995,0.2652466297149658,0.2430965155363083,0.4146300256252289,0.6831403374671936,3.604218363761902e-08,3.5591742992401123,1.1845718689262867,1.2064677421612984,0.3812086582183838,0.5101066827774048,6.275831460952759,1.864275336265564,7.264316082000732e-08,2.079134464263916,0.0,2.960788893699646,8.737657451629639,0.16554075479507446,0.324765682220459,0.5665776133537292,0.6791990399360657,-7.511116564273835e-08,5.568078994750977,1.2316027499735356,1.2709213725230963,0.34939268231391907,0.5055865049362183,6.577560901641846
615,0.11463213904202234,0.6634375,0.25419398321998027,1.7307270765304565,8.521601557731628e-08,2.4936437606811523,0.0,3.0646931171417235,2.1592117071151735,0.2631947100162506,0.24344639480113983,0.4173845946788788,0.6827128529548645,-9.057112038135529e-08,3.4611690044403076,1.1635599160566925,1.0322083798820123,0.40211012959480286,0.5325638055801392,5.990646505355835,1.9865853786468506,1.0803341865539551e-07,2.2595951557159424,0.0,2.95848388671875,2.993447732925415,0.16732098162174225,0.32744306325912476,0.5711819529533386,0.6817151308059692,-1.0896474123001099e-07,2.5277581214904785,0.8644711397588253,1.0164406495173006,0.3965646028518677,0.4967995584011078,5.131672334671021
616,36.842250965329384,0.630625,-0.6166548326732377,2.3009181022644043,2.1420419216156006e-08,2.00665020942688,0.0,3.060262417793274,3.910955476760864,0.262601375579834,0.24644505977630615,0.42211100459098816,0.6822919845581055,-2.207234501838684e-08,4.330100059509277,1.2911215122789144,1.1874019747797298,0.40565481781959534,0.5993083119392395,4.452050065994262,2.153522253036499,9.220093488693237e-08,2.142982006072998,0.0,2.952958273887634,2.3182180881500245,0.1697060614824295,0.3294770121574402,0.5757050514221191,0.6827970743179321,-9.546056389808655e-08,5.378575801849365,1.6802927962504328,1.6841378266877356,0.39152124524116516,0.5212538242340088,4.538937187194824
617,0.08386981537585185,0.6596875000000001,0.42662711112350393,1.598902940750122,-4.237517714500427e-08,2.219034194946289,0.0,3.058473753929138,0.7744268655776978,0.2630293071269989,0.24923492968082428,0.42595916986465454,0.6830927133560181,3.564637154340744e-08,3.492523670196533,1.1014928026124835,1.2127171215770816,0.35994261503219604,0.5601991415023804,4.880850124359131,1.7406569719314575,1.6111880540847778e-07,2.5812137126922607,0.0,2.947573685646057,1.6413975834846497,0.17362652719020844,0.3327016532421112,0.5818191170692444,0.6828122138977051,-1.5639234334230424e-07,3.670344352722168,0.9341961911879479,1.0414880052047324,0.37212690711021423,0.564965009689331,6.486688327789307
618,0.11519753035905192,0.71,0.5191875681497036,1.8922139406204224,9.685754776000977e-08,2.3644895553588867,0.0,3.056702470779419,1.4444041967391967,0.2660127580165863,0.2514256536960602,0.4277520179748535,0.6829164624214172,-9.546056389808655e-08,3.445190191268921,1.0348923336714506,1.0682509831546074,0.3953288197517395,0.5578036308288574,5.54598708152771,1.5691300630569458,-5.029141902923584e-08,2.8556301593780518,0.0,2.947179913520813,4.119476294517517,0.1745847761631012,0.3349417448043823,0.5844258069992065,0.6830028295516968,4.7404319047927855e-08,3.093728542327881,0.9382126979529858,1.0019986313680989,0.4430544376373291,0.46366962790489197,8.466613006591796
619,0.10132087003368426,0.7253125,0.33844528838650345,1.94191575050354,4.6566128730773926e-08,2.6577646732330322,0.0,3.052700066566467,4.741016817092896,0.2669031322002411,0.2550624907016754,0.432131290435791,0.6851838231086731,-5.4389238357543944e-08,4.71439266204834,1.2199354898184538,1.2883815709347137,0.3785153329372406,0.5662616491317749,7.301522159576416,1.963702917098999,7.078051567077637e-08,2.0019590854644775,0.0,2.9474380731582643,8.213043880462646,0.17445941269397736,0.3359391689300537,0.5849912166595459,0.6835506558418274,-7.003545761108399e-08,3.2594149112701416,1.1459975551813841,1.300966500690698,0.34434330463409424,0.518012523651123,5.85263466835022
620,0.12453559408836017,0.85625,0.4358038325526817,2.4003183841705322,-3.91155481338501e-08,2.473353147506714,0.0,3.050624871253967,3.174321150779724,0.2659558057785034,0.2578256130218506,0.4361898601055145,0.6868956685066223,4.381872713565826e-08,3.48276948928833,1.1969424657523633,1.3099140313939601,0.3462543487548828,0.583064615726471,6.101571702957154,1.7398864030838013,-5.21540641784668e-08,2.086822748184204,0.0,2.946902346611023,4.234711027145385,0.17538754642009735,0.33687978982925415,0.5863312482833862,0.6837357878684998,5.8161094784736636e-08,3.261014938354492,1.1165866320952773,1.2701229446770608,0.4079355001449585,0.5065417289733887,4.796138763427734
621,0.297809627480422,0.7671875,0.29610797123517457,2.0218234062194824,-4.98257577419281e-08,2.47186017036438,0.0,3.048011302947998,6.030591249465942,0.26528751850128174,0.26060888171195984,0.43998295068740845,0.6896076202392578,4.274770617485046e-08,3.896389961242676,1.2371721802279354,1.358883510145917,0.4543064832687378,0.5046441555023193,7.059939050674439,1.696733832359314,4.0978193283081055e-08,2.3246397972106934,0.0,2.94577476978302,2.88337664604187,0.17611418664455414,0.33767667412757874,0.5878532528877258,0.6840879321098328,-3.147870302200317e-08,4.222811698913574,1.4221926944330334,1.5212962459373414,0.434087872505188,0.490146666765213,5.518508529663086
622,194.2680606704975,0.6721875,-0.05555173087983349,2.088343858718872,3.073364496231079e-08,2.11291241645813,0.0,3.0456145286560057,0.6077421247959137,0.265489399433136,0.26284438371658325,0.442974716424942,0.6929648518562317,-3.3853575587272645e-08,3.7661821842193604,1.123165898071602,1.1631298090336715,0.39009469747543335,0.5334294438362122,4.237632608413696,2.848538637161255,3.725290298461914e-08,2.175222158432007,0.0,2.9438820362091063,1.0235026836395265,0.17711053788661957,0.3381268084049225,0.5894252061843872,0.6843695044517517,-4.0233135223388675e-08,4.117278099060059,1.0619922762736678,1.2264979446680209,0.39627042412757874,0.4879482388496399,4.658149576187133
623,5.162529782517375,0.66125,-0.2907257562524223,2.7124781608581543,-4.0046870708465576e-08,2.1844937801361084,0.0,3.0407084226608276,1.0491060078144074,0.26587721705436707,0.2673209011554718,0.4478970170021057,0.6993568539619446,3.934837877750397e-08,4.076373100280762,1.3108519818633795,1.1722576330316987,0.3491078019142151,0.5350525379180908,4.768690156936645,2.914039134979248,-1.210719347000122e-07,2.2985477447509766,0.0,2.941001772880554,1.1277215838432313,0.1791989952325821,0.3388858139514923,0.5921278595924377,0.6847087740898132,1.261243596673012e-07,4.3589301109313965,1.4224830258637666,1.4190929838190967,0.4035736322402954,0.5252940654754639,5.135982418060303
624,303.03170080016304,0.623125,-0.47708496504049636,2.241365671157837,6.798654794692993e-08,2.1527316570281982,0.0,3.0341572999954223,1.7313610672950746,0.26810207962989807,0.2720303237438202,0.45310908555984497,0.708471417427063,-6.854534149169921e-08,2.736168622970581,0.9438899289816618,0.904773738638611,0.3797840178012848,0.4909130930900574,4.638716840744019,1.9338971376419067,-2.514570951461792e-08,2.316845655441284,0.0,2.937711071968079,2.965300440788269,0.18150225281715393,0.3414749503135681,0.5967927575111389,0.686036229133606,2.2910535335540773e-08,6.027516841888428,1.604836620017886,2.042347281189901,0.39224380254745483,0.5055854320526123,5.519302845001221
625,0.08822168764094722,0.73,0.33903446186061903,2.040961980819702,1.2060627341270447e-07,1.7763015031814575,0.0,3.0293649673461913,4.130558037757874,0.26840940117836,0.2748471796512604,0.4567214250564575,0.7150691747665405,-1.1075753718614578e-07,4.052730560302734,1.2951459772884846,1.5744999937049784,0.2729635238647461,0.6744275689125061,3.567281627655029,1.5892482995986938,8.195638656616211e-08,2.3320345878601074,0.0,2.934467101097107,1.3249760031700135,0.18336786329746246,0.3441236615180969,0.6006765961647034,0.6872085928916931,-8.025672286748886e-08,3.3958630561828613,1.079750423692167,1.2814328647261324,0.4206202030181885,0.4649697542190552,5.392583131790161
626,0.7202193095088468,0.78125,0.43557117620500563,1.5306342840194702,4.7031790018081665e-08,1.8157753944396973,0.0,3.0273778438568115,3.05904757976532,0.26823747158050537,0.2762836813926697,0.4589531123638153,0.718368411064148,-4.0046870708465576e-08,4.222993850708008,1.037821139395237,1.33136912599417,0.3390576243400574,0.5298125743865967,3.4475752115249634,2.5512664318084717,1.30385160446167e-08,2.035550594329834,0.0,2.929821801185608,2.6617026805877684,0.18545906245708466,0.3470967411994934,0.6051528453826904,0.6879944801330566,-1.150183379650116e-08,3.3309619426727295,0.8867363643832504,1.117025069366614,0.38707101345062256,0.5311962366104126,3.9790878534317016
627,1066.095146611074,0.6768750000000001,-0.03474768855728243,1.8638046979904175,3.91155481338501e-08,2.736496686935425,0.0,3.0264559268951414,6.545118236541748,0.26755496859550476,0.2774893641471863,0.4611934721469879,0.7197104096412659,-4.153698682785034e-08,4.005455493927002,1.035204078257084,1.1131700329973115,0.4385093152523041,0.49308478832244873,8.703718280792236,2.3494961261749268,-5.4016709327697754e-08,2.76106595993042,0.0,2.924208974838257,2.314231753349304,0.1900964379310608,0.350507915019989,0.6108401417732239,0.6883627772331238,5.699694156646729e-08,6.131730556488037,1.3978589247912168,1.6307950200741796,0.4181065857410431,0.4938388168811798,7.485781574249268
628,6.714510540888765,0.884375,0.05096572606845218,1.8279162645339966,8.568167686462402e-08,2.0742380619049072,0.0,3.025600552558899,3.2321529388427734,0.2661164104938507,0.2787163257598877,0.46350938081741333,0.720926821231842,-9.047798812389374e-08,2.9888200759887695,1.0490274326410145,1.3021766954928655,0.3855639100074768,0.5256760716438293,4.537068176269531,1.6832051277160645,-1.4435499906539917e-08,2.101499319076538,0.0,2.917742371559143,2.7330575704574587,0.19501829147338867,0.35416141152381897,0.6175376176834106,0.6894832253456116,1.778826117515564e-08,3.0706183910369873,0.9498361382633448,1.15627148126192,0.43103423714637756,0.49171772599220276,4.431672811508179
629,2.1031902246914305,0.7378125,0.3104503385533035,2.0832529067993164,-1.7043203115463257e-07,1.9481176137924194,0.0,3.02774064540863,1.2809273242950439,0.2661297917366028,0.2796514332294464,0.4653301537036896,0.7228158116340637,1.6768462955951692e-07,3.322084665298462,1.0340064099058508,1.3103286258040514,0.3745659589767456,0.5074697732925415,3.690337824821472,2.242403030395508,-1.0989606380462646e-07,1.9731369018554688,0.0,2.9121264457702636,1.995717179775238,0.1987941414117813,0.3577742576599121,0.6240224242210388,0.690295398235321,1.1771917343139649e-07,5.082717418670654,0.9664957877248526,1.2120451822700575,0.3400811553001404,0.551489531993866,3.96030433177948
630,0.33231273993595767,0.9862499999999998,0.7720275400728038,2.0309598445892334,-6.752088665962219e-08,2.4981226921081543,0.0,3.035391688346863,1.9202653884887695,0.26764145493507385,0.2767726182937622,0.4630817770957947,0.723943829536438,6.221234798431396e-08,5.356622695922852,0.989966823067516,1.2868005945411558,0.39515405893325806,0.5435054302215576,6.116901779174805,2.520142078399658,-9.313225746154785e-09,2.9225971698760986,0.0,2.908413553237915,2.7511071443557737,0.20186805725097656,0.36072850227355957,0.6292238831520081,0.6908837556838989,8.381903171539307e-09,2.75290846824646,0.8841619668528438,1.0580590658443148,0.3997798562049866,0.5296310186386108,8.469198513031007
631,0.47515927621797954,0.859375,0.5862281276596805,1.80526602268219,3.91155481338501e-08,2.4151742458343506,0.0,3.0360741138458254,2.2484858751297,0.26581183075904846,0.2739258110523224,0.4613063335418701,0.7242393493652344,-3.66009771823883e-08,3.0133118629455566,1.1006701692240313,1.336723961467652,0.4168533682823181,0.4882919490337372,5.7204712390899655,1.9725368022918701,-1.2386590242385864e-07,2.348001003265381,0.0,2.9079400300979614,1.3473343968391418,0.20196829736232758,0.3622385561466217,0.6322104930877686,0.6921441555023193,1.262640580534935e-07,2.879300594329834,0.9545629393309355,1.1007964316553696,0.3838517367839813,0.4625363051891327,5.460665225982666
632,27.712956021355325,0.9403124999999999,0.43303685488691057,1.8157650232315063,1.1455267667770386e-07,2.4803333282470703,0.0,3.0320120573043825,5.750504064559936,0.26109254360198975,0.2741064727306366,0.46361735463142395,0.72480708360672,-1.1213123798370362e-07,3.047506332397461,1.0645984154194594,1.3166159507145052,0.40044742822647095,0.5028228759765625,6.839298915863037,1.950316309928894,-5.541369318962097e-08,2.197011947631836,0.0,2.9060486555099487,4.40164737701416,0.20252710580825806,0.36249876022338867,0.6349195837974548,0.6948298811912537,5.21540641784668e-08,4.795566558837891,1.1606396021321417,1.37836901121358,0.3896529972553253,0.6332755088806152,5.115405130386352
633,0.06289147158993735,0.906875,0.7144839395571634,2.059405565261841,3.3527612686157227e-08,2.1302905082702637,0.0,3.028837704658508,5.039190101623535,0.2571007311344147,0.274757981300354,0.46643123030662537,0.7249744534492493,-3.618188202381134e-08,3.265249490737915,0.9962532920762897,1.237240984607457,0.3512957990169525,0.6333826184272766,4.904514646530151,2.1062023639678955,6.146728992462158e-08,2.0567212104797363,0.0,2.9034637451171874,1.2425342977046967,0.20510107278823853,0.3634519875049591,0.6382352113723755,0.6964229941368103,-5.997717380523682e-08,4.251683235168457,1.0191586122848093,1.2806401829197247,0.4348759651184082,0.4903785288333893,4.1703493118286135
634,4.526651406190546,0.6125,-0.1690923966146693,1.5587286949157715,4.586763679981232e-08,2.303210735321045,0.0,3.0266759395599365,4.722024202346802,0.25419679284095764,0.2755019962787628,0.46917223930358887,0.7242529392242432,-4.977919161319733e-08,4.314455032348633,1.6236772667616606,1.5030120959815816,0.398867666721344,0.5184255838394165,5.960311365127564,2.2480697631835938,2.421438694000244e-08,1.75614333152771,0.0,2.9035674571990966,5.134291267395019,0.20708326995372772,0.36495062708854675,0.6406845450401306,0.6970608830451965,-2.444721758365631e-08,4.643260478973389,1.3636555299162865,1.436904974962445,0.33281469345092773,0.5609562397003174,3.8746814727783203
635,131.05875639462909,0.7653125,-0.35445718046252384,1.87841796875,-4.7963112592697144e-08,2.4451489448547363,0.0,3.0253214597702027,6.265007638931275,0.2522730231285095,0.2760668396949768,0.47108861804008484,0.7233304381370544,4.852190613746643e-08,3.6820173263549805,1.264797885902226,1.160653664979315,0.3687151074409485,0.570090115070343,6.739603090286255,1.7561115026474,-1.7182901501655579e-07,2.2401342391967773,0.0,2.904862904548645,3.304572510719299,0.20825201272964478,0.36626267433166504,0.6424962878227234,0.6976495385169983,1.714564859867096e-07,5.288976192474365,1.6623921021819115,1.8671897558091615,0.402722030878067,0.49508193135261536,5.187987184524536
636,0.03325618904849166,0.9340625000000001,0.6591757303139444,2.2199501991271973,-2.1420419216156006e-08,2.1941776275634766,0.0,3.0240114450454714,6.6262102127075195,0.25041329860687256,0.2767552137374878,0.4729241728782654,0.7216538786888123,2.6356428861618043e-08,3.2463467121124268,1.137286363216117,1.1356797428980137,0.37599846720695496,0.5446564555168152,6.048913621902466,2.2009167671203613,-7.171183824539185e-08,2.042104959487915,0.0,2.9055371999740602,1.7063002347946168,0.2081330418586731,0.3664553165435791,0.6430344581604004,0.6981242299079895,7.115304470062256e-08,3.155169725418091,0.7449565896764397,0.9836714007189075,0.39707088470458984,0.5713085532188416,3.986350893974304
637,60181.669136591416,0.8746875,0.27471146886191883,2.4049699306488037,1.1455267667770386e-07,1.8174419403076172,0.0,3.021916460990906,1.423677432537079,0.2494317889213562,0.27722808718681335,0.47425171732902527,0.7204766869544983,-1.1380761861801148e-07,3.4831957817077637,1.168953007273376,1.3248006233829182,0.37106192111968994,0.5351259708404541,3.2402395009994507,1.7417141199111938,4.470348358154297e-08,2.098797559738159,0.0,2.898879313468933,3.787645387649536,0.20989800989627838,0.3683321475982666,0.646216869354248,0.698161780834198,-3.995373845100403e-08,5.177099227905273,1.0267703857272863,1.2814582070631684,0.3629137873649597,0.6150262355804443,4.6980390548706055
638,1.9878915463589764,0.571875,-0.18063603812664764,1.815119743347168,-1.7136335372924805e-07,2.2760815620422363,0.0,3.0155243635177613,0.9318170487880707,0.24716496467590332,0.27991870045661926,0.47818654775619507,0.719631552696228,1.7266720533370972e-07,3.560636520385742,1.5805601593106986,1.2196475683287307,0.3911380469799042,0.4820455312728882,4.962599802017212,2.007763147354126,-1.2386590242385864e-07,2.0589466094970703,0.0,2.8922812700271607,2.2113441228866577,0.2134757786989212,0.3714715540409088,0.6511000990867615,0.6979975700378418,1.2316741049289703e-07,6.005266189575195,1.576354416459799,1.6479359101697844,0.336251437664032,0.562540590763092,4.078642082214356
639,0.05161514325504938,0.8778124999999999,0.5305768048037217,1.858044147491455,5.681067705154419e-08,1.9513627290725708,0.0,3.0087604999542235,9.095023727416992,0.24562086164951324,0.28713616728782654,0.4867114722728729,0.7252069115638733,-7.3947012424469e-08,4.1566362380981445,1.5505612285807728,1.4569154999545801,0.38094478845596313,0.488867849111557,6.071112251281738,1.7377138137817383,-1.2665987014770508e-07,2.358069896697998,0.0,2.8855240821838377,4.936448669433593,0.21797986328601837,0.37544289231300354,0.6572496891021729,0.6979410648345947,1.214444637298584e-07,3.4740030765533447,0.9825101604685187,1.1581561157464213,0.4107378125190735,0.5400100350379944,5.665327835083008
640,1012.9955542783607,0.7721874999999999,0.08355001570150775,1.4815524816513062,3.725290298461914e-09,2.024707317352295,0.0,3.00562789440155,8.398027276992797,0.24547378718852997,0.2925838232040405,0.4931151568889618,0.7314066290855408,-6.984919309616089e-09,3.007909059524536,0.9125781387090683,1.0955625684157269,0.2819119095802307,0.5544484257698059,6.0311501026153564,1.7823940515518188,-6.984919309616089e-08,2.0961105823516846,0.0,2.8794760942459106,5.268892669677735,0.22295160591602325,0.3795721232891083,0.66407710313797,0.6981602907180786,7.373746484518051e-08,5.521576881408691,1.2091551775112748,1.416187259227331,0.37171274423599243,0.5240135192871094,5.170012044906616
641,560.6668783072184,0.6475,-0.4137835707777959,1.487993836402893,4.284083843231201e-08,2.4967966079711914,0.0,3.003149914741516,3.9608190298080443,0.24497602880001068,0.2949231266975403,0.4961477816104889,0.7337068915367126,-4.7869980335235594e-08,3.911747455596924,1.430982643738389,1.2631894887903146,0.3913484811782837,0.48611679673194885,6.32399582862854,1.7153435945510864,-8.475035429000854e-08,2.7137675285339355,0.0,2.877561116218567,4.25865604877472,0.22526070475578308,0.38147762417793274,0.6675274968147278,0.698562741279602,8.596107363700866e-08,4.912737846374512,1.7236638410948217,1.706865617743131,0.37928685545921326,0.538017213344574,7.579300737380981
642,1.695338977890054,0.6571874999999999,0.07399722135261384,1.8811438083648682,1.2293457984924316e-07,2.4790141582489014,0.0,3.000636172294617,3.82101457118988,0.24410861730575562,0.29727721214294434,0.500045895576477,0.734113872051239,-1.241452991962433e-07,3.2873432636260986,1.5426949761807918,1.3790716651005137,0.40659356117248535,0.5847694873809814,6.393455886840821,1.841708779335022,-3.3760443329811096e-08,3.482680082321167,0.0,2.876982641220093,4.37300672531128,0.22601881623268127,0.38234105706214905,0.6692434549331665,0.6990745663642883,2.2421590983867645e-08,3.2172412872314453,1.103720011562109,1.1877932954129922,0.3859884738922119,0.536700427532196,11.56884937286377
643,0.2086585350611821,0.7915625000000001,0.5538995197069966,2.520972490310669,-3.259629011154175e-08,2.1904397010803223,0.0,3.0003108024597167,3.999458384513855,0.24441280961036682,0.2985871434211731,0.5025801658630371,0.7345107793807983,3.189779818058014e-08,3.466142177581787,1.4948818285018206,1.5734608456030963,0.3382209539413452,0.5526654124259949,5.123341608047485,1.6857391595840454,1.6391277313232422e-07,2.3134889602661133,0.0,2.8731545925140383,2.5385440826416015,0.22779758274555206,0.38464096188545227,0.6735377311706543,0.6998673677444458,-1.568347215652466e-07,4.929766654968262,1.2084349853917957,1.3194946601572295,0.3953927755355835,0.5455980896949768,5.250006771087646
644,459.4387006775225,0.7696875,0.030229126960116436,2.080231189727783,-1.30385160446167e-07,2.0781803131103516,0.0,2.998382806777954,1.6926069021224976,0.24542567133903503,0.2994086444377899,0.5042991042137146,0.7359537482261658,1.368112862110138e-07,4.308576583862305,1.4616472141817212,1.5457148825644624,0.4091706871986389,0.5029617547988892,4.310519409179688,1.9439361095428467,1.1781230568885803e-07,2.110381841659546,0.0,2.8673386573791504,1.8075128316879272,0.2317219227552414,0.387866348028183,0.6795830130577087,0.7003048062324524,-1.1399388313293458e-07,6.141401290893555,1.9443035561591386,1.957678054241685,0.387847900390625,0.4676259756088257,4.590760135650635
645,0.09570878305393483,0.9237500000000001,0.5425719281606876,2.1248269081115723,6.28642737865448e-08,2.0163767337799072,0.0,2.996159291267395,8.146301746368408,0.24703551828861237,0.30214691162109375,0.5082949995994568,0.7373553514480591,-6.023328751325607e-08,4.197049140930176,1.1465465197339655,1.2500180843449455,0.3550977110862732,0.5514023900032043,5.8783766746521,2.1282362937927246,3.5390257835388184e-08,1.9977343082427979,0.0,2.8630958080291746,5.622017335891724,0.23452341556549072,0.3909880816936493,0.6833326816558838,0.6997239589691162,-4.442408680915833e-08,3.7578091621398926,1.1189068553037942,1.2517167421185253,0.3587353527545929,0.6374511122703552,4.696595096588135
646,0.11433072089764693,0.6075,0.32319471878847245,1.7874423265457153,-8.288770914077759e-08,1.8119828701019287,0.0,2.994865655899048,2.5703789949417115,0.24797604978084564,0.30447787046432495,0.512016236782074,0.737960159778595,8.87550413608551e-08,4.318721771240234,1.2329114973545074,1.370965484922189,0.3805920481681824,0.5282332897186279,3.4957781076431274,1.9829962253570557,6.565824151039124e-08,2.1259422302246094,0.0,2.8597463846206663,1.5429119229316712,0.23684531450271606,0.39335599541664124,0.6854078769683838,0.6991050839424133,-6.342306733131408e-08,4.2923712730407715,1.1166591797024013,1.3008013996458105,0.3741350769996643,0.5191938877105713,4.4353320598602295
647,2.2184547950998597,0.7853125,0.38269268415482627,2.2257044315338135,-2.3283064365386963e-08,2.2303805351257324,0.0,2.9943042039871215,4.2162456750869755,0.2495533525943756,0.3058358132839203,0.514125406742096,0.739582359790802,1.7881393432617187e-08,4.3650431632995605,1.1198037210851908,1.3700856779718502,0.37535208463668823,0.5808730721473694,5.434769487380981,1.716606616973877,7.078051567077637e-08,2.11641526222229,0.0,2.8547449588775633,4.4112327098846436,0.23995141685009003,0.3953087329864502,0.6883853077888489,0.6989293098449707,-5.676411092281342e-08,3.612497329711914,1.1661842595785856,1.212289126351541,0.39880549907684326,0.4758831560611725,4.564285659790039
648,0.898960885439352,0.7971875,0.3128753297018398,1.7205322980880737,-4.0978193283081055e-08,2.4332549571990967,0.0,2.992354130744934,2.196842408180237,0.24994921684265137,0.3070794343948364,0.5159302353858948,0.740112841129303,4.7311186790466306e-08,5.501920700073242,1.5383218668401242,1.3968120751566304,0.4012739956378937,0.5268481969833374,5.94989504814148,2.4742565155029297,1.1408701539039612e-07,2.3358216285705566,0.0,2.848167562484741,3.607462501525879,0.24356046319007874,0.39820215106010437,0.69315105676651,0.699108362197876,-1.0961666703224182e-07,5.88044548034668,1.1760604264214636,1.4910818505925745,0.3962838053703308,0.5451856255531311,5.3108128070831295
649,0.13055657314558564,0.804375,0.7835106926412854,1.5079195499420166,-8.754432201385498e-08,2.259150505065918,0.0,2.98930561542511,5.1316056728363035,0.24848751723766327,0.3091355860233307,0.5188069343566895,0.7400412559509277,8.242204785346985e-08,4.0815749168396,0.9727676692418754,1.1700950654582676,0.35819345712661743,0.5269449353218079,5.68308539390564,2.0543134212493896,-4.6566128730773926e-08,2.4217689037323,0.0,2.841423773765564,4.759187412261963,0.2475450038909912,0.4015220105648041,0.6990134716033936,0.6996854543685913,4.386529326438904e-08,4.562648773193359,1.1094130683690309,1.320757478841082,0.4272529184818268,0.5116299986839294,5.783509349822998
650,0.13052690677297174,0.6725,0.24318198679037956,1.9642693996429443,3.259629011154175e-08,2.2274677753448486,0.0,2.985309600830078,1.2102088689804078,0.24670425057411194,0.31107982993125916,0.5221243500709534,0.7388077974319458,-3.757886588573456e-08,3.7490439414978027,1.2353125739842654,1.3259394101246362,0.37916022539138794,0.4954124391078949,4.787247896194458,2.0532565116882324,3.3527612686157227e-08,2.2715845108032227,0.0,2.835284471511841,4.382070112228393,0.2520277798175812,0.40478837490081787,0.7054640054702759,0.7004058957099915,-3.343448042869568e-08,5.310140132904053,1.3709061455912888,1.4684235853810859,0.4354780316352844,0.4979691207408905,5.275897598266601
651,11.77715014595275,0.6603125000000001,-0.22474892932181065,1.7645505666732788,5.774199962615967e-08,2.384006977081299,0.0,2.9794755935668946,2.0509974718093873,0.248244047164917,0.31306859850883484,0.5254385471343994,0.7433643341064453,-5.066394805908203e-08,3.8248934745788574,1.618539571017027,1.4253675217692987,0.3788563907146454,0.5302256941795349,5.629557466506958,1.6344913244247437,1.5972182154655457e-07,2.421251058578491,0.0,2.829267954826355,3.3123268127441405,0.2564697563648224,0.40797874331474304,0.7114728689193726,0.7007875442504883,-1.5515834093093872e-07,6.979722023010254,2.3470032036304476,2.2087607964765508,0.38312992453575134,0.5171568989753723,5.759278964996338
652,0.27202268644679706,0.7696875000000001,0.25223674056109574,2.1847691535949707,-9.406358003616333e-08,2.1086976528167725,0.0,2.975664520263672,6.265303134918213,0.24772143363952637,0.313875287771225,0.5280579328536987,0.7448565363883972,9.366776794195175e-08,3.1959586143493652,1.2747945353388785,1.3316310900470063,0.4278573989868164,0.5088648796081543,5.696431446075439,2.0900461673736572,1.695007085800171e-07,2.2169435024261475,0.0,2.822314429283142,1.6113184094429016,0.260702520608902,0.4114104211330414,0.7166946530342102,0.7012949585914612,-1.769978553056717e-07,6.080654144287109,1.9493193903937935,2.0550791759221845,0.38701605796813965,0.5940895080566406,4.854328536987305
653,2.4501682716080078,0.59875,0.0017147928381483046,1.786895751953125,-2.7939677238464355e-08,2.2943596839904785,0.0,2.973919892311096,4.061718416213989,0.24604278802871704,0.3142480254173279,0.5293989181518555,0.7441180944442749,2.7846544981002806e-08,3.4557666778564453,1.3831971632316709,1.3086712839982426,0.41866976022720337,0.5235549807548523,5.609307336807251,1.718674659729004,-3.166496753692627e-08,2.06467342376709,0.0,2.8182995557785033,5.827789068222046,0.26555874943733215,0.4154745042324066,0.7219715714454651,0.7019361257553101,3.185123205184937e-08,4.590362071990967,1.1118307061493398,1.17166685764778,0.38878458738327026,0.5578957796096802,5.114602756500244
654,0.3714442079471247,0.7478125,0.18634134119083035,2.336021661758423,-3.632158041000366e-08,2.09580135345459,0.0,2.9733414173126222,1.5705275654792785,0.2453804463148117,0.3149004876613617,0.5299893617630005,0.744770884513855,3.902241587638855e-08,3.8567254543304443,1.4444061290472745,1.302931267980995,0.3871716260910034,0.5487286448478699,4.4196735382080075,1.7344586849212646,-1.30385160446167e-08,2.059929847717285,0.0,2.8162436485290527,5.462871360778808,0.26913681626319885,0.4185962378978729,0.7259430885314941,0.7028027176856995,1.1734664440155029e-08,6.003633975982666,1.3277962870895863,1.4989972027658744,0.32462066411972046,0.5842941403388977,5.121078395843506
655,1.0566630910594579,0.7518750000000001,-0.15910042590554427,1.9463657140731812,0.0,2.3481223583221436,0.0,2.971963572502136,2.022958147525787,0.24238429963588715,0.31547170877456665,0.5319810509681702,0.7402238845825195,1.862645149230957e-09,4.470767021179199,1.8532392617315054,1.3420293272266568,0.37156179547309875,0.5546649098396301,5.654152297973633,2.0555002689361572,-1.150183379650116e-07,1.8344751596450806,0.0,2.8138036251068117,5.102532005310058,0.27053752541542053,0.42003700137138367,0.7274603247642517,0.7031098008155823,1.1511147022247314e-07,7.757442474365234,2.315525573864579,2.1054726678293973,0.3371865153312683,0.5900804996490479,3.5290495634078978
656,2624.0463768507907,0.7393750000000001,-0.17657738887485305,1.8648836612701416,1.0011717677116394e-08,1.6399409770965576,0.0,2.9705578565597532,2.0888798952102663,0.2397218942642212,0.3155009150505066,0.5344505906105042,0.7319425344467163,-1.0430812835693359e-08,2.83528470993042,1.171692526526749,1.1193302766943074,0.3687439262866974,0.5547254085540771,2.6963319540023805,1.6537781953811646,-1.3131648302078247e-07,2.7147128582000732,0.0,2.8083394289016725,4.026462030410767,0.2727178931236267,0.4216899275779724,0.7297770380973816,0.7030611038208008,1.3289973139762877e-07,6.902413368225098,2.123843701183796,1.9266033352229117,0.4328401982784271,0.4877747893333435,7.145387649536133
657,0.37197669862751076,0.6871875,0.2926059657650714,2.106949806213379,-5.587935447692871e-09,1.9742976427078247,0.0,2.9673682928085325,4.259639739990234,0.2375822216272354,0.31688371300697327,0.5380643606185913,0.7273545265197754,6.216578185558319e-09,4.293205738067627,1.4896953066810965,1.401650617372352,0.36168864369392395,0.5530873537063599,4.237937641143799,1.9198863506317139,-6.379559636116028e-08,2.1751205921173096,0.0,2.8025490999221803,4.783871459960937,0.2761605679988861,0.4244811534881592,0.7343418002128601,0.7030917406082153,6.835907697677613e-08,5.618629455566406,2.0864957589656115,1.7595734566052916,0.3878868818283081,0.521801233291626,4.598344182968139
658,1.2551669174875577,0.8059375,0.08943942654582418,1.9837234020233154,-2.9336661100387573e-08,2.198594331741333,0.0,2.965761494636536,6.867888450622559,0.2360752373933792,0.3184836208820343,0.5409466624259949,0.7274250388145447,2.6961788535118102e-08,3.708432674407959,1.3390672458335757,1.4991162541270666,0.3570821285247803,0.5274191498756409,5.872496318817139,2.273425340652466,5.587935447692871e-09,1.9394949674606323,0.0,2.7968817234039305,6.604195499420166,0.28038090467453003,0.428108274936676,0.7402192950248718,0.7034140229225159,-2.7939677238464355e-09,5.947781562805176,2.281353224441409,2.0069640942909244,0.3210572600364685,0.560175359249115,4.970154619216919
659,0.5125359057386166,0.7621874999999999,0.2564619556698876,1.6841421127319336,-1.5459954738616943e-07,2.5681986808776855,0.0,2.9634621143341064,2.9914689302444457,0.23481996357440948,0.31979039311408997,0.5431119799613953,0.7288826704025269,1.5674158930778504e-07,4.165750980377197,1.8816749434918165,1.5932989939454878,0.3714144825935364,0.5757099390029907,6.579419040679932,1.6222108602523804,6.51925802230835e-08,2.93507981300354,0.0,2.7944675207138063,4.10513162612915,0.2834493815898895,0.430917888879776,0.7445777654647827,0.7038416862487793,-6.314367055892944e-08,6.545723915100098,1.291197562776506,1.5848731116234167,0.42434537410736084,0.4941936135292053,8.824616718292237
660,6.901611217774578,0.5765625,0.2474360741963208,1.819477915763855,-1.4808028936386108e-07,2.2106845378875732,0.0,2.9614643335342405,6.828035736083985,0.2323368787765503,0.3212645947933197,0.5460093021392822,0.7309551239013672,1.455657184123993e-07,4.060463905334473,1.6551626531407237,1.4053921443144703,0.4262297749519348,0.4998231828212738,5.9760894775390625,1.765970230102539,-1.210719347000122e-08,1.876070499420166,0.0,2.795157051086426,4.271988439559936,0.2843209207057953,0.432007759809494,0.7465993762016296,0.7045453190803528,8.195638656616212e-09,5.530306816101074,1.6507015882059932,1.450816303062158,0.36353641748428345,0.5387786030769348,4.040263772010803
661,439.98979950495897,0.4893749999999999,-0.21658622239431974,1.7225052118301392,-9.499490261077881e-08,1.8718867301940918,0.0,2.959870719909668,5.279571437835694,0.22953616082668304,0.32232505083084106,0.5483505725860596,0.731238603591919,9.299255907535552e-08,4.548900604248047,1.8346683830022812,1.2823551192860725,0.3569522798061371,0.5001900792121887,4.119871711730957,1.7559657096862793,-1.802109181880951e-07,2.4020678997039795,0.0,2.7944761991500853,2.3966869115829468,0.2849574685096741,0.4324529767036438,0.747886598110199,0.7053159475326538,1.7909333109855653e-07,6.531518459320068,2.128693527728319,1.8911219420823955,0.4171760380268097,0.4633319675922394,5.841380882263183
662,5.045989116019834,0.5896874999999999,0.24715167007945232,2.499052047729492,1.1688098311424255e-07,2.3979902267456055,0.0,2.9587381362915037,2.1388023853302003,0.2295866757631302,0.3227866291999817,0.549757719039917,0.7326139211654663,-1.2135133147239686e-07,4.422286033630371,1.7592224348336458,1.5468026275662834,0.3974013924598694,0.5479850769042969,5.697730350494385,1.9920378923416138,-1.541338860988617e-07,2.779538631439209,0.0,2.791489338874817,4.193515586853027,0.2868991792201996,0.43432652950286865,0.7510145902633667,0.7055008411407471,1.5129335224628447e-07,4.632926940917969,1.3720952494069933,1.4503357206152208,0.4149577021598816,0.567008912563324,7.480110454559326
663,34.781851388652946,0.6503125000000001,-0.09451728963843473,2.352804183959961,-1.471489667892456e-07,2.1124002933502197,0.0,2.9534592628479004,2.9817917585372924,0.2295406311750412,0.3248307406902313,0.553744912147522,0.7350901961326599,1.4659017324447632e-07,4.215120315551758,1.7630214910954236,1.5403420239670562,0.35875022411346436,0.5117480754852295,4.46107497215271,1.7908849716186523,8.381903171539307e-09,2.541138172149658,0.0,2.7874505043029787,2.7763767719268797,0.2893713414669037,0.43704941868782043,0.7559301257133484,0.7058606147766113,-1.4249235391616822e-08,6.8433661460876465,2.515229945257306,2.373733273315805,0.4537258744239807,0.47566595673561096,6.343668365478516
664,3.004970097159839,0.5,0.05576228668818647,1.9378886222839355,1.2386590242385864e-07,2.1520705223083496,0.0,2.9475340127944945,1.4122657656669617,0.2273125797510147,0.3277173936367035,0.5587591528892517,0.7343601584434509,-1.3024546205997467e-07,3.3237738609313965,1.223461414501071,1.3024494317935429,0.37416744232177734,0.557723879814148,4.54389214515686,2.2451751232147217,8.66129994392395e-08,2.1643612384796143,0.0,2.7842379808425903,3.379462194442749,0.2900021970272064,0.4394289255142212,0.7594410181045532,0.7074275016784668,-8.475035429000854e-08,5.225360870361328,1.0232409616932272,1.371698278125894,0.3665445148944855,0.5698763728141785,4.921447229385376
665,14.072758863403058,0.8115625000000002,0.16669516107610638,2.0992143154144287,1.4621764421463013e-07,1.759334921836853,0.0,2.9420626878738405,1.8373948216438294,0.22157923877239227,0.33060672879219055,0.564622700214386,0.7236383557319641,-1.4281831681728363e-07,4.527811050415039,1.9802237126976252,1.5531054704105278,0.3573140501976013,0.6345838308334351,3.013742780685425,2.240650177001953,-4.1443854570388794e-08,2.047152519226074,0.0,2.7823323249816894,6.905943107604981,0.28997164964675903,0.44070205092430115,0.7618014216423035,0.7097927331924438,3.4458935260772705e-08,6.047233581542969,1.4310688504949212,1.7185195541454674,0.3209575116634369,0.5696622133255005,4.797651195526123
666,0.01865861429628684,0.9403124999999999,0.8635005897439942,1.744778037071228,7.450580596923828e-08,1.7791270017623901,0.0,2.9399436712265015,3.4909133195877073,0.21707896888256073,0.3339236378669739,0.5717881321907043,0.712260365486145,-7.33882188796997e-08,3.1640751361846924,0.985822266433388,1.2078990030109176,0.4150950610637665,0.5155638456344604,3.450256824493408,2.4718310832977295,2.0023435354232788e-08,1.908081293106079,0.0,2.7787764072418213,6.325981903076172,0.29160916805267334,0.44255536794662476,0.7650878429412842,0.7114816308021545,-1.918524503707886e-08,3.9510295391082764,1.0958496004343032,1.3526282365020474,0.3645356297492981,0.5682120323181152,4.016826558113098
667,0.04369109718316313,0.7615625,0.7644529945982242,2.111384391784668,-2.0954757928848267e-08,2.5569088459014893,0.0,2.9382187128067017,2.711828422546387,0.21394379436969757,0.3367424011230469,0.5779509544372559,0.703131914138794,1.809094101190567e-08,5.043087005615234,1.5230764903128147,1.5991196993239793,0.37797966599464417,0.5374036431312561,6.663972187042236,1.9271308183670044,-4.470348358154297e-08,2.185981512069702,0.0,2.775231885910034,3.428896999359131,0.2949252128601074,0.44509053230285645,0.7693392038345337,0.7124618291854858,4.507601261138916e-08,5.116879940032959,1.08845891316887,1.2827005814630017,0.4075034558773041,0.4782601296901703,4.790726232528686
668,0.5388532186098595,0.8087499999999999,0.5060545832781127,1.8714570999145508,-1.564621925354004e-07,2.030515670776367,0.0,2.9361618041992186,1.8369113445281982,0.21240659058094025,0.3393108546733856,0.5826097726821899,0.698681652545929,1.6065314412117004e-07,3.1586649417877197,1.1684934858232736,1.3629812352323376,0.3329271674156189,0.5737748146057129,3.9892829179763796,2.0709316730499268,3.166496753692627e-08,1.9134118556976318,0.0,2.7748412609100344,4.884713554382325,0.2954862117767334,0.44619306921958923,0.7713133692741394,0.7125840187072754,-2.998858690261841e-08,7.32089900970459,1.5724257074296475,1.9075246556758778,0.33231133222579956,0.553929328918457,4.202019262313843
669,3.610222502293895,0.7550000000000001,0.5335022673265198,1.8218634128570557,-4.0978193283081055e-08,2.0410678386688232,0.0,2.9309829473495483,3.131136393547058,0.20864401757717133,0.34216955304145813,0.5885149836540222,0.6874709725379944,4.8964284360408786e-08,3.8175787925720215,1.3025399515405298,1.4016551880598633,0.3637308180332184,0.5287690758705139,4.208843469619751,2.1496801376342773,2.7939677238464355e-08,2.7021472454071045,0.0,2.7747003555297853,6.295026540756226,0.2953748404979706,0.446632444858551,0.7720024585723877,0.7127159237861633,-2.3562461137771607e-08,5.011812686920166,1.0888697799295186,1.2969355313884217,0.3929367661476135,0.5406643748283386,7.411172771453858
670,0.5538800211716528,0.7584375,0.49071158721253977,1.8760626316070557,9.96515154838562e-08,2.024965286254883,0.0,2.9254555702209473,1.5535808324813842,0.20437052845954895,0.3455979526042938,0.5950046181678772,0.679193913936615,-1.0794028639793397e-07,4.594241619110107,1.5918605383485556,1.4741491255619663,0.4145902395248413,0.4841158986091614,4.107447528839112,2.127364158630371,-2.7939677238464355e-08,1.8822325468063354,0.0,2.771872854232788,4.759221506118775,0.2978936731815338,0.4485047459602356,0.7746711373329163,0.7126337885856628,2.9802322387695312e-08,5.782442092895508,1.2125752095133067,1.426614386852202,0.33118629455566406,0.5629234910011292,4.076847505569458
671,0.09566643184996478,0.9215625,0.874951505040935,2.2411115169525146,5.8673322200775146e-08,1.8569508790969849,0.0,2.92214834690094,2.7298686265945435,0.19997361302375793,0.3476335406303406,0.6006335616111755,0.676760733127594,-5.2340328693389895e-08,2.398463010787964,0.8966431326698512,1.0422706328970106,0.31766510009765625,0.5361384153366089,3.3964747190475464,2.612926483154297,1.4994293451309204e-07,1.7116714715957642,0.0,2.7681087493896483,8.778516960144042,0.3009314239025116,0.4511370062828064,0.7780460715293884,0.7127460241317749,-1.471489667892456e-07,4.511738300323486,0.9099949663970619,1.18413287557816,0.352276086807251,0.5463274717330933,3.3699166059494017
672,0.1501211988765251,0.7962499999999999,0.5590816323807839,1.7400041818618774,-4.7497451305389404e-08,1.9561299085617065,0.0,2.9181293725967405,10.096015548706054,0.19816622138023376,0.34915244579315186,0.604824423789978,0.6879144310951233,4.866160452365875e-08,4.717401504516602,1.10722760502249,1.0686800251318462,0.40369707345962524,0.4815284013748169,6.589493989944458,1.968568205833435,1.648440957069397e-07,2.6409313678741455,0.0,2.763535761833191,10.72752342224121,0.30441156029701233,0.4536888301372528,0.7820234894752502,0.7130793333053589,-1.6745179891586305e-07,2.383751392364502,0.7770788345485926,0.9568902296041281,0.4100179672241211,0.47799578309059143,10.11589937210083
673,0.037528577903634217,0.7975,0.6958708750427879,2.194596767425537,-6.845220923423767e-08,2.1082844734191895,0.0,2.9140312910079955,4.98743953704834,0.1974133849143982,0.3509379029273987,0.608284592628479,0.698868453502655,7.068738341331482e-08,3.386514186859131,1.3837004866451026,1.1714012002658574,0.2804095149040222,0.5664838552474976,4.813707304000855,2.124678373336792,1.4901161193847656e-08,2.101972818374634,0.0,2.7595075607299804,6.72546272277832,0.3073427081108093,0.4555759131908417,0.7854997515678406,0.713473379611969,-8.940696716308593e-09,4.372580528259277,1.1295492190867662,1.211092841822938,0.4020117521286011,0.5381941795349121,4.422079944610596
674,4.310982637638388,0.7859375,0.16234964439980276,1.860602617263794,-4.1443854570388794e-08,2.235546588897705,0.0,2.9101207733154295,9.00328950881958,0.19473697245121002,0.3527974486351013,0.6120161414146423,0.6986428499221802,4.086177796125412e-08,4.855660915374756,1.7440468084067107,1.927944978583483,0.42258816957473755,0.5341825485229492,7.081384181976318,2.2088699340820312,-1.043081283569336e-07,2.1951348781585693,0.0,2.7548022270202637,3.0054922819137575,0.3108659088611603,0.4581347405910492,0.7896547913551331,0.7138729691505432,1.0444782674312592e-07,6.9869279861450195,2.14191077388823,2.1995284482574373,0.3772124648094177,0.5235757231712341,4.749435567855835
675,9.17006271976714,0.7809375000000001,0.2561133652635056,1.8594863414764404,9.825453162193298e-08,1.8795020580291748,0.0,2.909636926651001,2.789850640296936,0.19349250197410583,0.3537139892578125,0.6139346957206726,0.6977527737617493,-1.0202638804912567e-07,5.380375385284424,2.1161114489659667,1.864229018033326,0.34905940294265747,0.5049756169319153,3.558013916015625,1.6897941827774048,-1.5692785382270813e-07,2.5209500789642334,0.0,2.7513654708862303,5.704098892211914,0.31478556990623474,0.46168065071105957,0.7950208187103271,0.7140496969223022,1.50362029671669e-07,7.363307952880859,2.320814573764801,2.2718003683130945,0.43276461958885193,0.5029008984565735,6.779789876937866
676,0.38100690184968444,0.7503124999999999,0.37020066359148757,2.0376811027526855,-6.51925802230835e-09,2.6249256134033203,0.0,2.9107483863830566,3.7496634483337403,0.19605067372322083,0.3532068133354187,0.6122547388076782,0.7043760418891907,7.2875991463661196e-09,4.302227973937988,1.5089359872974455,1.6604158972395868,0.42314207553863525,0.5090091824531555,6.636278963088989,2.1322832107543945,-4.377216100692749e-08,2.237494468688965,0.0,2.748131775856018,3.6968482732772827,0.3184713125228882,0.46496492624282837,0.8000428080558777,0.7142778635025024,4.6100467443466187e-08,6.194766044616699,1.3341916952282191,1.4781047073297153,0.32461443543434143,0.5838251113891602,5.248773288726807
677,2.152107729641675,0.7334375,-0.07995782347428851,1.602335810661316,-4.190951585769653e-09,2.6432912349700928,0.0,2.907493782043457,3.692309522628784,0.1962561011314392,0.3549055755138397,0.614109456539154,0.7088419198989868,3.14321368932724e-09,4.803706169128418,2.2038186874240635,1.5954652345252227,0.4253651797771454,0.44527190923690796,7.156934404373169,1.9973632097244263,-1.0617077350616455e-07,1.9293851852416992,0.0,2.7461100578308106,7.755914926528931,0.3196702003479004,0.4663143754005432,0.8028634190559387,0.7150664925575256,1.098494976758957e-07,7.178155899047852,2.4385178189724686,2.2014851916438625,0.35829806327819824,0.5306683778762817,3.813794255256653
678,0.5337076619168919,0.76625,0.22452821119931743,2.3119847774505615,5.122274160385132e-09,1.8454792499542236,0.0,2.9060503959655763,4.094857668876648,0.19537711143493652,0.3564978837966919,0.6166738867759705,0.7094535231590271,-5.587935447692871e-09,4.377659320831299,1.8227434437721968,1.6569084291619482,0.291106253862381,0.6026692986488342,3.7851251363754272,1.657694697380066,1.4202669262886047e-07,2.5796964168548584,0.0,2.741924548149109,3.40109269618988,0.3217211365699768,0.4679449796676636,0.806145429611206,0.7157557606697083,-1.457519829273224e-07,7.056382179260254,2.238496475573629,2.0445995947057862,0.4122339189052582,0.47109755873680115,6.543665599822998
679,7.778056514506895,0.8640625,0.7058705986615208,1.7636981010437012,1.0384246706962585e-07,2.340430498123169,0.0,2.905237817764282,1.609631633758545,0.19558611512184143,0.35720354318618774,0.6183345317840576,0.7104918956756592,-9.96515154838562e-08,4.970887184143066,1.512689126096666,1.8483229901202385,0.3764588534832001,0.5350907444953918,5.319262552261352,1.5658342838287354,2.3283064365386963e-09,3.0639967918395996,0.0,2.7376700162887575,5.300191164016724,0.32552212476730347,0.47076132893562317,0.8109109401702881,0.715990424156189,-1.769512891769409e-09,6.4244384765625,1.4947071557864546,1.6795217557272117,0.4444575309753418,0.5546791553497314,9.768065929412842
680,0.1059083413221074,0.6696875,0.37522963850558755,1.8724992275238037,-4.6566128730773926e-09,1.848435401916504,0.0,2.904241180419922,3.553027892112732,0.19185321033000946,0.3588872253894806,0.621564507484436,0.7009523510932922,2.1420419216156004e-09,4.596107006072998,1.7869894869625569,1.4519367364066682,0.36350858211517334,0.5028550624847412,3.689561462402344,2.153240919113159,-3.259629011154175e-09,2.026757001876831,0.0,2.7349873065948485,3.295784330368042,0.32841622829437256,0.47316980361938477,0.8150677680969238,0.7163020372390747,1.0291114449501038e-08,6.018502712249756,1.1331690160557628,1.4855460608904094,0.37375205755233765,0.570343554019928,4.1273565769195555
681,0.016291054927685327,0.9565625000000001,1.0556900068431934,1.9807841777801514,9.313225746154785e-09,2.439350128173828,0.0,2.904752016067505,1.385433828830719,0.18889784812927246,0.3611837923526764,0.6251184940338135,0.6964791417121887,-1.1641532182693481e-08,3.1463358402252197,0.8852828401839361,1.0614740501961892,0.4152252972126007,0.5030525326728821,5.8009504795074465,2.3825223445892334,-1.257285475730896e-08,1.7625136375427246,0.0,2.735470414161682,5.010811853408813,0.3291817903518677,0.4732818603515625,0.8155729174613953,0.7170342206954956,8.940696716308593e-09,3.664618730545044,0.8223481208086014,1.1152319100959456,0.32956528663635254,0.5672633051872253,3.211460328102112
682,0.05151543895589272,0.5818749999999999,0.50681166085715,2.5198662281036377,-3.259629011154175e-08,1.836416244506836,0.0,2.9033534288406373,5.546762275695801,0.18960627913475037,0.3629697263240814,0.6267707347869873,0.7049047350883484,3.334134817123413e-08,4.9762420654296875,1.7086105544120074,1.5896384396017647,0.36244553327560425,0.5302808284759521,3.3994080781936646,2.1835644245147705,5.774199962615967e-08,2.1708149909973145,0.0,2.733425498008728,8.06715669631958,0.3305899500846863,0.47369056940078735,0.8169456720352173,0.7180102467536926,-5.615875124931335e-08,5.52873420715332,1.035229423083365,1.3443976403376428,0.3023220896720886,0.5345746278762817,5.859228706359863
683,0.1601830422577876,0.774375,0.61688144947355,2.3791451454162598,7.031485438346863e-08,2.323512077331543,0.0,2.8977238655090334,3.0059484481811523,0.18801052868366241,0.3655996024608612,0.630020260810852,0.7103181481361389,-7.040798664093017e-08,3.792778968811035,1.256968822516501,1.3176079388957347,0.4077989459037781,0.5414673089981079,5.4216090679168705,1.711531639099121,3.4458935260772705e-08,2.5502426624298096,0.0,2.7303566455841066,4.154927110671997,0.33308306336402893,0.4751254618167877,0.8200089931488037,0.7187334895133972,-3.3900141716003417e-08,3.268693208694458,0.8909251128789037,1.1935419900475612,0.4039117693901062,0.5189005732536316,6.497401285171509
684,33.584125701733306,0.6975,-0.09123530527820631,2.0106520652770996,-4.842877388000488e-08,2.228649616241455,0.0,2.8915510892868044,2.312388205528259,0.18367192149162292,0.36866164207458496,0.6350324153900146,0.7067801356315613,5.1839742809534074e-08,5.807694435119629,2.5134659100323917,2.0251355715346855,0.3854537308216095,0.5917463302612305,4.7879523754119875,2.0643701553344727,6.05359673500061e-08,2.5535454750061035,0.0,2.7263424396514893,9.229790592193604,0.3355453908443451,0.47703954577445984,0.823642909526825,0.7200188636779785,-6.197951734066009e-08,7.048315048217773,1.946057901903987,2.1324228312685394,0.4335889518260956,0.528826892375946,8.470020580291749
685,0.08038612181642177,0.5806250000000001,0.15840020160784363,2.021888494491577,3.213062882423401e-08,2.406452178955078,0.0,2.8849879026412966,1.7357927322387696,0.17890802025794983,0.37240108847618103,0.6411696672439575,0.7038904428482056,-3.0081719160079953e-08,5.703433513641357,2.1214513843879104,1.8523388006178532,0.4056762456893921,0.5281433463096619,5.795452642440796,2.0894393920898438,-5.727633833885193e-08,2.0418388843536377,0.0,2.72314031124115,3.2258111953735353,0.3378770053386688,0.47890594601631165,0.8270377516746521,0.7213557958602905,5.918554961681366e-08,4.89027738571167,1.3836777970194816,1.4692850664628763,0.4121324419975281,0.5014001131057739,4.306474304199218
686,0.0880953149171532,0.9565625000000001,0.7550320237471501,2.5292153358459473,-6.146728992462158e-08,2.316636562347412,0.0,2.880646848678589,4.114925360679626,0.17509013414382935,0.3747895061969757,0.6459692716598511,0.7006000876426697,6.351619958877564e-08,3.093083143234253,0.8154814182780683,1.0886410927689123,0.3653959035873413,0.5963060259819031,5.506631898880005,1.9127271175384521,-3.702007234096527e-08,2.308110475540161,0.0,2.722782111167908,3.1527054071426392,0.33916744589805603,0.4798896908760071,0.8295976519584656,0.7220965027809143,3.91155481338501e-08,6.085373878479004,1.0593227659352125,1.4323119454796194,0.38256070017814636,0.5579958558082581,5.597007465362549
687,0.6065569162922448,0.8446875,0.5764630083908326,2.0345327854156494,3.334134817123413e-07,1.8758857250213623,0.0,2.8763448715209963,4.3087911128997805,0.17156916856765747,0.3773123621940613,0.6508660316467285,0.6969695091247559,-3.3453106880187987e-07,5.125514030456543,1.3848622540477664,1.6915430471067763,0.35267460346221924,0.5563601851463318,3.9996212005615233,1.5873560905456543,8.242204785346985e-08,2.314363479614258,0.0,2.722688174247742,4.636065912246704,0.3400374948978424,0.48092418909072876,0.831102192401886,0.722173810005188,-8.298084139823913e-08,7.1126861572265625,1.547328791068867,1.8034916576940832,0.30450698733329773,0.5387213826179504,5.202308273315429
688,3.8402828214678215,0.49000000000000005,0.09571089790728207,2.429305076599121,7.683411240577698e-08,2.2316811084747314,0.0,2.8761162519454957,5.435300016403199,0.170302614569664,0.378987193107605,0.6537181735038757,0.6977060437202454,-7.404014468193054e-08,2.9849400520324707,0.8836216720752418,1.1148101113665905,0.360879123210907,0.5752776861190796,5.267495775222779,2.2269630432128906,-1.0803341865539551e-07,2.2647907733917236,0.0,2.720311665534973,4.018188714981079,0.3429543375968933,0.4828936457633972,0.8340209126472473,0.7223615646362305,1.1082738637924194e-07,5.828138828277588,0.9888839853927494,1.3409001399522178,0.40757495164871216,0.5216090083122253,5.211183023452759
689,0.04188233290219593,0.7368750000000001,0.63409648082734,1.9721627235412598,-7.82310962677002e-08,2.404116153717041,0.0,2.8776310682296753,1.2519805550575256,0.17088356614112854,0.3799046576023102,0.6558935046195984,0.702435314655304,7.84173607826233e-08,5.429790496826172,1.8356882445514202,1.7415066881937742,0.355191707611084,0.5446720123291016,5.74665207862854,1.7640869617462158,3.864988684654236e-08,2.458449602127075,0.0,2.716834783554077,4.936699247360229,0.34663447737693787,0.4855614900588989,0.8381969332695007,0.7227064371109009,-4.493631422519684e-08,3.3170275688171387,0.7553305001463742,0.9801649703294215,0.3777083456516266,0.5392411947250366,6.052550029754639
690,1.1947165445693415,0.585,0.03818610480959758,1.904183030128479,-4.470348358154297e-08,2.0429093837738037,0.0,2.8799893617630006,2.4690030574798585,0.17021404206752777,0.38065052032470703,0.6573721766471863,0.7013656497001648,4.819594323635101e-08,5.324272155761719,2.0866767540574074,2.001089224711678,0.3660748302936554,0.48026540875434875,4.200886869430542,2.078516960144043,-3.725290298461914e-08,2.8650262355804443,0.0,2.7129010438919066,4.1707700252532955,0.35045939683914185,0.48758774995803833,0.8423290848731995,0.7230474352836609,3.420282155275345e-08,7.481558799743652,1.842501663416624,2.327973269983329,0.3805675506591797,0.5558054447174072,7.978515148162842
691,2.082035482340546,0.8331250000000001,0.13072977898281188,2.3608181476593018,-1.3224780559539795e-07,2.368445873260498,0.0,2.8800830364227297,1.8935302376747132,0.16747848689556122,0.3832263648509979,0.6605425477027893,0.6987671852111816,1.3224780559539795e-07,6.211606025695801,2.6171086208894847,2.05500779589674,0.3949400782585144,0.5524129867553711,5.519203758239746,2.2701199054718018,-2.3283064365386963e-08,1.9206849336624146,0.0,2.708592939376831,4.695065498352051,0.3548363745212555,0.4902500510215759,0.8473650813102722,0.7230919003486633,2.300366759300232e-08,7.273942470550537,2.0898922184482216,2.056968803518353,0.4049462080001831,0.5340227484703064,3.8725218296051027
692,0.10334517389341573,0.83625,0.39993509156724255,2.1016604900360107,1.1455267667770386e-07,2.3902463912963867,0.0,2.8809226036071776,4.005097675323486,0.16551098227500916,0.3848630487918854,0.6634505987167358,0.6990581154823303,-1.0970979928970337e-07,5.487889289855957,2.2048885062336923,2.104556697111244,0.3868635892868042,0.4724593162536621,5.873515701293945,1.530211329460144,-1.5273690223693848e-07,2.314462900161743,0.0,2.7038238525390623,4.60424952507019,0.3584768772125244,0.49308252334594727,0.8522393107414246,0.7232527136802673,1.498498022556305e-07,5.209521293640137,1.2191219879314303,1.4570758414431773,0.41729897260665894,0.4635394811630249,5.696684551239014
693,7198.335952737232,0.709375,0.22023724424233224,1.6295604705810547,-5.587935447692871e-08,2.751312732696533,0.0,2.8786556243896486,3.2566752672195434,0.16347403824329376,0.3859073221683502,0.6663399338722229,0.6981456279754639,5.41098415851593e-08,6.061869144439697,2.0807445885613562,2.043368443019514,0.4076497256755829,0.5178565382957458,7.593704271316528,2.5121614933013916,1.257285475730896e-07,2.1674389839172363,0.0,2.6989498376846313,10.133848667144775,0.36141616106033325,0.49568644165992737,0.856380045413971,0.7236460447311401,-1.2917444109916686e-07,5.007232666015625,1.4281628776341677,1.4464755491567274,0.4070184826850891,0.5488529801368713,4.612200450897217
694,12.556746474748575,0.5959375,-0.2462881726436296,2.167480945587158,6.51925802230835e-09,2.0206589698791504,0.0,2.8731149435043335,5.113839483261108,0.16051025688648224,0.38785192370414734,0.6708736419677734,0.6970478892326355,-5.913898348808288e-09,5.146450996398926,1.978619084879756,1.7271907939132032,0.3811948001384735,0.5724760293960571,4.485555601119995,2.0202152729034424,-6.612390279769897e-08,1.848085880279541,0.0,2.6937718868255613,5.230073118209839,0.36500096321105957,0.4985000491142273,0.8609508872032166,0.7240212559700012,5.755573511123657e-08,8.446746826171875,2.2971350960433483,2.547053317936517,0.39049193263053894,0.5487706065177917,3.6863950729370116
695,0.036059414834718286,0.563125,0.40859319335855393,2.111985683441162,-5.029141902923584e-08,2.4661667346954346,0.0,2.8663363218307496,5.356829261779785,0.15675464272499084,0.390137642621994,0.6757078766822815,0.6947882771492004,4.7404319047927855e-08,5.202168941497803,2.2542354457080362,1.9549951030711412,0.3821932077407837,0.5775934457778931,5.9531535625457765,1.7305183410644531,4.6566128730773926e-08,2.3120193481445312,0.0,2.68852698802948,5.4374371528625485,0.3689488172531128,0.5009828805923462,0.8654041886329651,0.7242898344993591,-3.753229975700378e-08,5.5202836990356445,1.0001008426770568,1.1296344217609948,0.4354328215122223,0.507689893245697,5.253588533401489
696,85.26384883236439,0.693125,-0.028863724110724485,2.3356871604919434,-1.0151416063308716e-07,1.8939591646194458,0.0,2.8606923103332518,8.716515254974365,0.15227003395557404,0.3931294083595276,0.6816045045852661,0.6932052373886108,9.98377799987793e-08,6.372313022613525,2.644645731523633,2.2510727588363384,0.32361406087875366,0.5614414811134338,5.552871561050415,2.44140362739563,4.6566128730773926e-09,2.244662284851074,0.0,2.6826014041900637,9.161572647094726,0.3728640377521515,0.5039028525352478,0.8701719641685486,0.7242976427078247,-6.146728992462158e-09,7.317178726196289,2.006212350912392,2.380807602816113,0.3510829508304596,0.517342746257782,6.843302631378174
697,19.6563801701418,0.826875,-0.010517133543857252,2.0724270343780518,-5.3085386753082275e-08,2.3357937335968018,0.0,2.858264660835266,4.594584321975708,0.1500251591205597,0.39493927359580994,0.6854271292686462,0.694343626499176,5.466863512992859e-08,5.9843926429748535,2.8279357440769672,2.3633352949821926,0.4022867679595947,0.5720939636230469,5.762037086486816,1.8318274021148682,-6.146728992462158e-08,2.2616474628448486,0.0,2.678613805770874,4.129207825660705,0.37602970004081726,0.5065830945968628,0.8743462562561035,0.72422194480896,6.118789315223694e-08,7.843494892120361,2.3242035951465367,2.363632989163445,0.365172803401947,0.5969634652137756,5.349399423599243
698,0.08209305655271588,0.7006249999999999,0.46123241821358985,2.0215957164764404,5.3085386753082275e-08,2.196744203567505,0.0,2.85466468334198,2.907639980316162,0.14835211634635925,0.3964652419090271,0.6885253190994263,0.6958054304122925,-5.2992254495620726e-08,5.9398274421691895,1.9208506811410189,2.0502630898598926,0.3415510058403015,0.5654724836349487,4.9491582870483395,1.5913945436477661,-1.8812716007232666e-07,2.086477518081665,0.0,2.6770212173461916,10.106638526916504,0.37776270508766174,0.5080742239952087,0.8770055174827576,0.7243923544883728,1.8263235688209533e-07,4.001813888549805,1.0952229110524059,1.2023326606193903,0.4125542938709259,0.4931792914867401,6.918098592758179
699,0.04155389842015857,0.614375,0.6194196112920713,2.113473653793335,1.3969838619232178e-08,1.9704844951629639,0.0,2.853066849708557,3.1456204891204833,0.1469402015209198,0.3978363573551178,0.6910671591758728,0.6969186067581177,-1.9138678908348084e-08,5.796633720397949,1.590126059576869,1.9124638349536736,0.3511403501033783,0.5998815298080444,4.006702542304993,2.1379377841949463,4.284083843231201e-08,2.7665414810180664,0.0,2.675241565704346,5.572123670578003,0.37942641973495483,0.5093491077423096,0.8790423274040222,0.7247070670127869,-3.627501428127289e-08,5.857853889465332,0.9447049039416016,1.123649735047385,0.4082382619380951,0.5258644223213196,7.640706586837768
700,0.4359674813959278,0.5356249999999999,0.26155306042820187,1.6878561973571777,-4.0978193283081055e-08,2.25148868560791,0.0,2.851602387428284,3.8094770908355713,0.14727622270584106,0.3984694480895996,0.6922392249107361,0.6995629668235779,4.423782229423523e-08,5.266802787780762,2.2838840812444685,1.9485291061704744,0.2876332104206085,0.6102784872055054,5.015513277053833,2.305335283279419,3.725290298461914e-08,2.4654722213745117,0.0,2.6717138290405273,3.394296073913574,0.38185980916023254,0.5115929841995239,0.8822739124298096,0.7253634929656982,-3.26894223690033e-08,7.043221950531006,1.2760203834623098,1.5795711080500943,0.3992776870727539,0.6092140674591064,6.091701889038086
701,0.027198269605921088,0.521875,0.56154159777653,2.278574228286743,8.847564458847046e-08,1.979681372642517,0.0,2.848107171058655,2.206872272491455,0.1474410444498062,0.4000462293624878,0.69521564245224,0.7041388154029846,-9.741634130477905e-08,3.1191437244415283,0.9740135600790382,1.1855979705610415,0.38833367824554443,0.5145044922828674,3.8538715839385986,2.2708992958068848,-2.514570951461792e-08,2.4206299781799316,0.0,2.6672194242477416,4.19258975982666,0.3840642273426056,0.5147706270217896,0.8863478302955627,0.7266759276390076,2.8405338525772095e-08,3.2808823585510254,0.9326125552877784,1.1632704322795626,0.41611433029174805,0.5034600496292114,5.76001558303833
702,0.22527681824358972,0.5278125000000001,0.05281688712668357,2.149620771408081,-1.4528632164001465e-07,1.7768841981887817,0.0,2.84288113117218,3.1238089561462403,0.14633004367351532,0.40250277519226074,0.6993367671966553,0.7062906622886658,1.3960525393486023e-07,5.667209625244141,2.40265356451273,2.0483511019735126,0.35499197244644165,0.5717086791992188,3.1038734674453736,1.9149502515792847,-1.7764978110790253e-07,2.0699234008789062,0.0,2.6623199224472045,9.12404899597168,0.3868260681629181,0.5182955265045166,0.8910012245178223,0.727691650390625,1.782551407814026e-07,5.684695243835449,1.423568721488118,1.448501401592356,0.41616910696029663,0.4775501489639282,6.090066528320312
703,0.274219731796675,0.7659374999999999,0.6015992470760426,1.3993303775787354,-2.0489096641540527e-08,2.2730300426483154,0.0,2.83726851940155,10.97702989578247,0.14402024447917938,0.40587034821510315,0.7049188017845154,0.7081965208053589,1.9976869225502013e-08,6.252634048461914,2.807118656113744,2.1650923000288422,0.41553938388824463,0.5229477286338806,7.977395009994507,1.850858449935913,-1.8184073269367218e-07,2.622798204421997,0.0,2.6584110021591187,2.3051331758499147,0.38962167501449585,0.520758330821991,0.8947309851646423,0.7282766699790955,1.8440186977386475e-07,6.810094356536865,1.6254199443385005,1.7317660425371832,0.3957417905330658,0.49382469058036804,6.843898916244507
704,1.1368556836992258,0.6431250000000001,0.11088581839064098,2.1041219234466553,4.0978193283081055e-08,2.6954782009124756,0.0,2.833295154571533,3.701905035972595,0.14208807051181793,0.4086204469203949,0.7096360325813293,0.7104931473731995,-4.1257590055465696e-08,6.409050941467285,2.700294815003872,2.2028011478974863,0.3919431269168854,0.521400511264801,7.134378671646118,1.8863447904586792,-2.0070001482963562e-07,2.046907663345337,0.0,2.6560372352600097,3.6491540908813476,0.3920227587223053,0.5235723853111267,0.8986145257949829,0.7289174795150757,2.0563602447509767e-07,7.549229621887207,2.519653427787125,2.387999513329271,0.3691568374633789,0.5234850645065308,4.459632492065429
705,0.8696123908484914,0.67875,0.3948892702642158,1.8587219715118408,-1.6298145055770874e-07,2.115203857421875,0.0,2.828754949569702,7.046286916732788,0.13892516493797302,0.41101133823394775,0.7143267393112183,0.7110016942024231,1.598149538040161e-07,5.334567070007324,2.1221443712711334,2.187391516414922,0.3668014407157898,0.5234273076057434,4.308789873123169,1.5214898586273193,3.4458935260772705e-08,2.308542251586914,0.0,2.6542715549468996,8.226697540283203,0.39410948753356934,0.5265206098556519,0.9022974967956543,0.729325532913208,-3.110617399215698e-08,6.044424533843994,1.2191348335705698,1.4176079399196664,0.4402422308921814,0.5168458223342896,6.821304035186768
706,6.474661940910039,0.8021874999999999,0.4868920544070458,2.212259531021118,9.778887033462524e-09,2.218986749649048,0.0,2.824213647842407,2.399873971939087,0.13410460948944092,0.41417548060417175,0.7202474474906921,0.7098665833473206,-1.0430812835693359e-08,3.959583282470703,1.236122909653932,1.5568774445772111,0.3268739581108093,0.5851709246635437,4.886395597457886,2.034515857696533,1.364387571811676e-07,2.0503439903259277,0.0,2.652999520301819,8.26815185546875,0.39568009972572327,0.5282948017120361,0.9050726890563965,0.7294190526008606,-1.348555088043213e-07,5.157693862915039,1.02313786810264,1.3387900339203063,0.3113422989845276,0.6510573029518127,5.629615592956543
707,0.1328310101732232,0.5625,0.16671022092434878,1.7210088968276978,1.1734664440155029e-07,2.042473077774048,0.0,2.8263599395751955,4.1822999000549315,0.13150231540203094,0.4155026078224182,0.7228951454162598,0.7097228169441223,-1.1781230568885803e-07,6.308191299438477,3.056994713842869,2.2920462512375033,0.42330479621887207,0.5167293548583984,4.57373685836792,1.6170052289962769,-6.05359673500061e-08,3.1677968502044678,0.0,2.651209855079651,5.5973163604736325,0.39764949679374695,0.5295255780220032,0.9075335264205933,0.7297459840774536,5.8859586715698245e-08,7.215292930603027,1.4041963759809732,1.776532452439085,0.42701005935668945,0.5187485218048096,9.904480457305908
708,82.10296714693882,0.8081250000000001,0.5381232475046023,1.6428940296173096,-1.4761462807655334e-07,2.207320213317871,0.0,2.8283114194869996,3.189593553543091,0.13113152980804443,0.4156387746334076,0.7233020663261414,0.7103043794631958,1.4165416359901428e-07,5.452146530151367,1.4205142511986195,1.8197462848715347,0.38654494285583496,0.4972846806049347,5.105744886398315,1.978529691696167,4.423782229423523e-08,2.206322193145752,0.0,2.649067735671997,4.990280342102051,0.40098491311073303,0.5307196974754333,0.9104573130607605,0.7308148145675659,-5.071051418781281e-08,6.365494251251221,1.1592321505304426,1.5195801410941694,0.352356880903244,0.5433747172355652,5.077238845825195
709,0.05957147002186543,0.8259375,0.48830432983816363,2.3095431327819824,2.1420419216156006e-08,1.578564167022705,0.0,2.8291554927825926,6.527568101882935,0.13105997443199158,0.41604378819465637,0.7238444089889526,0.7111737728118896,-2.5331974029541015e-08,5.903987407684326,2.1646989554166796,2.3063463322910764,0.35047680139541626,0.5059658885002136,3.096273946762085,1.6316168308258057,2.8870999813079834e-08,2.209501266479492,0.0,2.64584698677063,6.388276100158691,0.4044424295425415,0.5320656895637512,0.9136748313903809,0.7319809198379517,-3.790482878684998e-08,6.506457328796387,1.4574894078075886,1.792645842832943,0.3684724271297455,0.574998140335083,5.456948232650757
710,1.005763508099214,0.725625,0.35252388918990396,1.7572791576385498,-6.426125764846802e-08,2.029876470565796,0.0,2.827553153038025,4.82791805267334,0.13027557730674744,0.41774365305900574,0.7264235615730286,0.7138450741767883,6.0349702835083e-08,7.108143329620361,2.258794488944113,2.3509118665854944,0.3502410352230072,0.5121735334396362,4.350464820861816,1.9370639324188232,-2.9336661100387573e-07,1.6259795427322388,0.0,2.6420445680618285,14.122061061859132,0.4069705307483673,0.5340250730514526,0.9170272350311279,0.7323532104492188,2.975109964609146e-07,5.073457717895508,1.2268557820469141,1.3870131219669894,0.47983476519584656,0.4511053264141083,8.52213077545166
711,1.1125317936002113,0.7165625,0.109337479639981,2.5738272666931152,5.587935447692871e-09,1.84305739402771,0.0,2.8278374433517457,7.681348371505737,0.13091717660427094,0.4188803732395172,0.7285350561141968,0.7191624641418457,-2.1886080503463746e-09,6.357246398925781,2.836571129783988,2.0908598854647495,0.36801236867904663,0.5884372591972351,4.571848392486572,2.007240056991577,-7.916241884231567e-09,2.259023666381836,0.0,2.6395191669464113,6.073228931427002,0.408382385969162,0.535412073135376,0.9193188548088074,0.7322620153427124,1.0943040251731873e-08,7.664875030517578,1.516453749500215,2.1478964708559483,0.3478449583053589,0.5810128450393677,5.979745483398437
712,0.9222974864376772,0.7275,0.31764473360163975,1.5810335874557495,2.7008354663848877e-08,2.4465458393096924,0.0,2.8270368576049805,8.618733024597168,0.1306457817554474,0.41951784491539,0.7299940586090088,0.7226351499557495,-2.2444874048233034e-08,4.965478420257568,1.7431852042675018,1.7650971077906656,0.44453468918800354,0.4367113411426544,7.630155324935913,2.5948047637939453,-2.421438694000244e-08,2.0750362873077393,0.0,2.636926054954529,11.062866115570069,0.40938469767570496,0.5364907383918762,0.9206624031066895,0.7318364381790161,2.6170164346694948e-08,7.713334560394287,1.3078424911014737,1.8792521996770786,0.3824706971645355,0.5562995076179504,4.690891313552856
713,188.13905408296583,0.850625,0.3642864877063275,2.377535581588745,-5.960464477539063e-08,2.279433012008667,0.0,2.825618553161621,7.04709644317627,0.13035722076892853,0.42042475938796997,0.7315583825111389,0.7257229089736938,6.50063157081604e-08,4.457083225250244,1.3975300095044076,1.5483433468206962,0.36686599254608154,0.5361263155937195,5.825209522247315,1.8293076753616333,-1.0244548320770264e-08,2.174851417541504,0.0,2.6329424142837525,7.850359869003296,0.41164594888687134,0.5384969711303711,0.9235341548919678,0.7317174673080444,1.2945383787155152e-08,8.199010848999023,1.3751151549164207,1.9382899817827624,0.3681228756904602,0.5212166905403137,6.040055418014527
714,0.4171713884289964,0.7515625,0.16590802305059263,2.447277307510376,1.0337680578231812e-07,1.8531159162521362,0.0,2.821406602859497,4.628239870071411,0.1291932612657547,0.422255277633667,0.7344847917556763,0.7276896834373474,-1.0309740900993347e-07,6.690425395965576,3.06171644218266,2.3061711402085736,0.3190358281135559,0.6026199460029602,3.451956105232239,1.6110426187515259,-7.450580596923828e-08,2.4254016876220703,0.0,2.629340410232544,11.514598178863526,0.41396772861480713,0.5403555631637573,0.9266641139984131,0.7318570017814636,7.515773177146912e-08,7.825893402099609,1.598528485558927,1.6797994392865618,0.41681185364723206,0.5270146727561951,6.161433219909668
715,0.021049703537671483,0.74375,0.640205303662926,1.8556818962097168,1.2991949915885925e-07,2.175300121307373,0.0,2.8157369613647463,2.038342821598053,0.12660415470600128,0.4255351722240448,0.7389781475067139,0.7284019589424133,-1.2479722499847412e-07,3.1245205402374268,0.7923370931297541,0.9945619662020323,0.407325804233551,0.5634516477584839,4.711999320983887,1.9578577280044556,-3.4458935260772705e-08,2.044340133666992,0.0,2.625670003890991,6.040585947036743,0.4167220890522003,0.5424964427947998,0.9304213523864746,0.7318399548530579,3.485474735498428e-08,2.857703924179077,0.8370080849155783,1.0329376373530776,0.4446471333503723,0.44478368759155273,5.064682054519653
716,1.2829292688230143,0.6828125,0.23248087271001858,1.4094187021255493,-1.0477378964424133e-07,2.6264214515686035,0.0,2.814713740348816,3.476477861404419,0.12535877525806427,0.4269869327545166,0.7399277091026306,0.7261819243431091,1.0163057595491409e-07,6.2611775398254395,2.568308366090059,2.1055423226218317,0.37640202045440674,0.5346308350563049,7.131530475616455,1.7068959474563599,-1.4528632164001465e-07,2.2709758281707764,0.0,2.6252905130386353,3.0991198062896728,0.41822806000709534,0.5443617701530457,0.9331926107406616,0.7310218811035156,1.4619436115026473e-07,8.603216171264648,1.3966378703713418,1.9758445015532613,0.3638170659542084,0.4945111870765686,5.095499277114868
717,3.735327198907135,0.734375,0.08902452874692848,1.7427945137023926,-7.82310962677002e-08,1.9341799020767212,0.0,2.8145902156829834,2.025428628921509,0.12504321336746216,0.42672792077064514,0.7381961345672607,0.7238638997077942,7.664784789085388e-08,6.78476619720459,2.9109187338501217,2.329140308858769,0.3372173309326172,0.5106714367866516,3.7580862045288086,2.3724520206451416,-7.171183824539185e-08,1.9934793710708618,0.0,2.6271044254302978,2.614943242073059,0.4168880879878998,0.5437856912612915,0.9325493574142456,0.7306645512580872,7.087364792823791e-08,7.73166561126709,1.8474330858327448,2.058714195436801,0.35962310433387756,0.580291211605072,3.997564268112183
718,12.252781804373306,0.8640625,0.11154838530042004,2.48553204536438,-3.67872416973114e-08,2.217440366744995,0.0,2.8113749027252197,6.050584220886231,0.123894602060318,0.4279884696006775,0.7390305399894714,0.7240090370178223,3.795139491558075e-08,5.82292366027832,1.6740226129768416,2.0949535411763263,0.31484532356262207,0.512743353843689,5.044041967391967,2.004377841949463,-5.4016709327697754e-08,1.6839847564697266,0.0,2.6251571655273436,2.1601110458374024,0.41670021414756775,0.5443466305732727,0.9330712556838989,0.7303379774093628,5.1246024668216704e-08,6.731183052062988,1.2389986109919846,1.7563196363258708,0.32884490489959717,0.5732656717300415,2.8800949573516847
719,230.8239099857837,0.9509375,0.5019607174733496,2.3493340015411377,8.335337042808533e-08,2.1174566745758057,0.0,2.8052563428878785,7.6432044506073,0.12122540920972824,0.4307668209075928,0.7425394654273987,0.7244283556938171,-8.549541234970093e-08,2.705052375793457,0.8399371818639338,1.0390379194663428,0.43613338470458984,0.4737246036529541,4.436121988296509,1.7473264932632446,2.7939677238464355e-08,2.2889013290405273,0.0,2.622054123878479,5.8985710620880125,0.4172719419002533,0.5449439287185669,0.934284508228302,0.7319002747535706,-3.306195139884949e-08,7.047949314117432,1.0961989115923643,1.5547229059625323,0.41004979610443115,0.4759507179260254,5.20112247467041
720,0.03594286965395279,0.680625,0.6173660268909608,2.3508167266845703,1.1827796697616577e-07,1.8184453248977661,0.0,2.798247766494751,3.572839069366455,0.11761198937892914,0.43413829803466797,0.747674286365509,0.7248119711875916,-1.1539086699485779e-07,6.073171615600586,2.1237864596769214,2.245229969340553,0.39305028319358826,0.5515948534011841,3.3176894664764403,1.9866055250167847,9.313225746154785e-10,2.449148416519165,0.0,2.617344069480896,5.9447021484375,0.41836118698120117,0.546327531337738,0.936996340751648,0.7340589761734009,-2.8870999813079835e-09,5.858609199523926,1.07825585748069,1.4838650730891196,0.36829137802124023,0.5768640041351318,6.58466362953186
721,2.9687131326431784,0.8753125,0.24648424766716603,1.6202590465545654,-4.237517714500427e-08,2.991445779800415,0.0,2.792176103591919,3.14512894153595,0.11373531818389893,0.43727219104766846,0.753151535987854,0.72454833984375,3.874301910400391e-08,2.9592204093933105,0.7812329136068001,1.0500001221478266,0.3821514844894409,0.5848814845085144,8.989864444732666,2.1414358615875244,1.5273690223693848e-07,2.2768208980560303,0.0,2.612541341781616,3.938356375694275,0.41923603415489197,0.5484466552734375,0.9400267004966736,0.7350373268127441,-1.5404075384140015e-07,6.661032676696777,1.3827520990744233,1.8295077570244034,0.4031679928302765,0.5041816234588623,5.115505313873291
722,0.5213329014062518,0.47687500000000005,0.022583758517188218,1.7591856718063354,-9.778887033462524e-08,2.0046679973602295,0.0,2.7896319389343263,2.7493581533432008,0.11221930384635925,0.4395875036716461,0.7561948299407959,0.7251384854316711,9.492505341768265e-08,3.5531058311462402,1.1075571831315756,1.3419324334450486,0.37088069319725037,0.5528414845466614,4.0515398502349855,2.3253438472747803,-6.332993507385254e-08,1.8797354698181152,0.0,2.6093886852264405,5.91910753250122,0.42177850008010864,0.5511907935142517,0.9437077045440674,0.7350951433181763,6.556510925292969e-08,6.705955982208252,1.3075049516744912,1.961740180443332,0.3802865743637085,0.492280513048172,3.778569149971008
723,0.3355572708980231,0.8928125000000001,0.5253799705059834,1.6865452527999878,-5.681067705154419e-08,2.729743480682373,0.0,2.7867977142333986,6.462781143188477,0.11256806552410126,0.4415689706802368,0.7579928636550903,0.7275856733322144,5.51808625459671e-08,4.165404796600342,1.1854652820155025,1.4867100758548926,0.4167121648788452,0.5543811917304993,7.409068870544433,2.247622013092041,2.5704503059387207e-07,1.7235417366027832,0.0,2.60958845615387,3.034093737602234,0.42207226157188416,0.5518813729286194,0.9443435072898865,0.7351354956626892,-2.5634653866291046e-07,7.799194812774658,1.5514024758711458,2.1139031049455057,0.3452666997909546,0.5624654293060303,3.122483563423157
724,0.05261674799675472,0.739375,0.5002879815804748,1.9791425466537476,5.8673322200775146e-08,2.30558180809021,0.0,2.781723165512085,3.759704279899597,0.11085838079452515,0.44406288862228394,0.7614664435386658,0.727860689163208,-5.178153514862061e-08,2.898564577102661,0.8922473120503127,1.0927768183425812,0.3566584587097168,0.5637438893318176,5.157201528549194,2.3050589561462402,1.0244548320770264e-07,2.1170713901519775,0.0,2.6073293924331664,6.545821666717529,0.42150992155075073,0.5524641275405884,0.944195032119751,0.7346152663230896,-9.42964106798172e-08,5.577432632446289,1.2063827395439148,1.6633477468170563,0.38305938243865967,0.5143373608589172,4.57214035987854
725,0.18493095946574853,0.9009375000000001,0.4809497354773814,2.4010109901428223,-2.2165477275848389e-07,2.213440179824829,0.0,2.775289011001587,5.632967805862426,0.10858041793107986,0.44679927825927734,0.7662109136581421,0.7290487289428711,2.2365711629390717e-07,3.089507818222046,0.9497918078210205,1.1776154378233215,0.39965081214904785,0.5722008347511292,4.965117025375366,1.9368479251861572,-8.288770914077759e-08,1.9514771699905396,0.0,2.6031271696090696,6.654542016983032,0.42347782850265503,0.554360568523407,0.9463263154029846,0.7343739867210388,8.181668817996978e-08,6.911950588226318,1.2999161327257753,1.8118155114336592,0.3733048439025879,0.5081207752227783,3.6769668817520142
726,1.6931947822860665,0.7878125,0.5041397826940652,2.143789768218994,-1.1362135410308838e-07,2.1300840377807617,0.0,2.769431471824646,2.652603816986084,0.10593164712190628,0.44974473118782043,0.7715415358543396,0.7307862639427185,1.230742782354355e-07,3.6748087406158447,0.9718610297888517,1.172668238001024,0.3771813213825226,0.5677468180656433,4.4462672710418705,1.6752346754074097,-2.0209699869155884e-07,1.860619306564331,0.0,2.59747154712677,13.188172435760498,0.42681270837783813,0.5568870902061462,0.9501333236694336,0.734717607498169,2.0349398255348206e-07,6.315887928009033,1.2084738526958971,1.5298300267996914,0.37436869740486145,0.5358545780181885,4.478902339935303
727,1.098472688450417,0.8153124999999999,0.1624308413411657,1.7452690601348877,7.078051567077637e-08,1.6881922483444214,0.0,2.7656200408935545,10.53171901702881,0.10219664126634598,0.4526723623275757,0.7771508097648621,0.7294270992279053,-6.896443665027618e-08,5.605892181396484,1.4600202314555646,1.9122075416217799,0.3790752589702606,0.5496304035186768,5.356503105163574,1.7093915939331055,4.190951585769653e-08,2.5525312423706055,0.0,2.5924516201019285,7.644526576995849,0.43101972341537476,0.5595363974571228,0.9540953040122986,0.7355741858482361,-4.277098923921585e-08,8.175381660461426,1.2763177938759327,1.8718025681725918,0.37461429834365845,0.5307697057723999,6.383638954162597
728,0.09748914259742131,0.80625,0.3553843182544024,2.3838770389556885,2.7939677238464355e-09,2.4293875694274902,0.0,2.7623936891555787,5.430809593200683,0.09948260337114334,0.4550163149833679,0.7815741300582886,0.7285845279693604,-4.656612873077393e-11,5.567678451538086,2.2335890363901854,2.152716742606218,0.4157019555568695,0.5492932796478271,5.801622438430786,1.871596097946167,3.166496753692627e-08,1.7182780504226685,0.0,2.58793568611145,4.522884845733643,0.4356338083744049,0.5620166063308716,0.9583820104598999,0.7377510666847229,-2.8079375624656676e-08,6.71735143661499,1.2275091538205742,1.5351909345513082,0.36896276473999023,0.47981151938438416,3.1545600652694703
729,0.30578012107245545,0.7884375,0.6987866678870587,2.000763416290283,-2.7474015951156616e-08,2.0813961029052734,0.0,2.7580492734909057,5.070249080657959,0.09704940766096115,0.4578969478607178,0.7864231467247009,0.7302560210227966,2.92900949716568e-08,4.283247947692871,1.040286299912259,1.357055084220088,0.32552194595336914,0.6326951384544373,4.712017965316773,1.901742696762085,1.5459954738616943e-07,2.070415735244751,0.0,2.5831874132156374,3.174888014793396,0.4388478994369507,0.5650047063827515,0.9624691605567932,0.7391653060913086,-1.5739351511001587e-07,9.066433906555176,0.9941916758194566,1.6256199272146645,0.3784729838371277,0.493154913187027,4.194083738327026
730,0.018394465857777768,0.9524999999999999,0.9835620952536864,1.7630980014801025,3.725290298461914e-08,1.7844290733337402,0.0,2.7547871828079225,7.778503370285034,0.09508261829614639,0.4603709578514099,0.7907170653343201,0.7313512563705444,-4.0233135223388675e-08,3.8260343074798584,0.7906100693158805,1.0103988100888244,0.3986164331436157,0.5047990083694458,4.021711993217468,1.6768953800201416,7.59027898311615e-08,2.3274455070495605,0.0,2.5783440113067626,10.420921516418456,0.4418970048427582,0.5685787200927734,0.9668275713920593,0.7397872805595398,-7.520429790019989e-08,3.883955240249634,0.7277348407311365,0.9494583031318392,0.3730558753013611,0.5614258050918579,6.817684078216553
731,2.5273977679228716,0.636875,-0.014042122916910205,1.6622121334075928,-6.565824151039124e-08,1.910449504852295,0.0,2.7506339073181154,4.885681533813477,0.09272504597902298,0.46217742562294006,0.7939858436584473,0.7308061718940735,6.28642737865448e-08,7.512678623199463,3.619476418942213,2.70508405264821,0.36174076795578003,0.5453004837036133,3.6400700330734255,1.8693904876708984,1.2386590242385864e-07,3.037078380584717,0.0,2.573397922515869,7.422314214706421,0.4450899660587311,0.5713779926300049,0.9708201885223389,0.7400915026664734,-1.26054510474205e-07,7.849433898925781,1.8978176910430193,2.4999376786317624,0.40595635771751404,0.5113192796707153,9.044925212860107
732,0.5173889745253588,0.63125,0.08694819152730811,2.3492770195007324,5.2619725465774536e-08,2.2405898571014404,0.0,2.745387005805969,11.45296516418457,0.08910176157951355,0.4644048810005188,0.7977921962738037,0.7289031744003296,-5.648471415042877e-08,7.248749732971191,3.5894635140895845,2.6648032010746996,0.3434462249279022,0.5987927317619324,5.656393909454346,2.114374876022339,6.100162863731384e-08,2.335967540740967,0.0,2.5689788818359376,6.799281024932862,0.4483717083930969,0.573642909526825,0.9749223589897156,0.7407593131065369,-5.559995770454407e-08,8.64830207824707,1.8967680444940924,2.3552350578886996,0.4282553195953369,0.5163125991821289,6.3355988502502445
733,0.051444721507405825,0.7381249999999999,0.5961751619288693,1.8061842918395996,-1.5832483768463135e-08,2.171269178390503,0.0,2.7403141021728517,4.851876831054687,0.08548323810100555,0.4671798348426819,0.8025550246238708,0.7285162806510925,1.4621764421463012e-08,5.786591053009033,1.9614352326840163,2.0287510053209616,0.3880288600921631,0.5363498330116272,4.907484722137451,2.138517141342163,5.587935447692871e-08,1.9867192506790161,0.0,2.566676139831543,7.284219217300415,0.45069894194602966,0.5742948055267334,0.9772758483886719,0.7420445084571838,-6.24917447566986e-08,7.773866653442383,1.1710352141410112,1.4341132762968776,0.39579230546951294,0.5174652338027954,4.782196140289306
734,1.8068770295076857,0.740625,-0.09170702219664935,2.1478257179260254,-4.190951585769653e-09,2.441194534301758,0.0,2.7362298727035523,5.977414560317993,0.08268062025308609,0.4698312282562256,0.8070105314254761,0.7292292714118958,5.681067705154419e-09,6.772008895874023,3.279026349633932,2.692093311206059,0.3522469997406006,0.6038893461227417,6.095900821685791,2.319373846054077,-8.66129994392395e-08,1.9838175773620605,0.0,2.5635241985321047,13.980169582366944,0.4527939558029175,0.5751581192016602,0.9794052243232727,0.743165910243988,7.944181561470031e-08,7.965643882751465,1.7448546281084418,2.237894986233782,0.3093814253807068,0.5286427140235901,6.531719207763672
735,20.936571587638454,0.62375,0.35371393176249466,1.6554758548736572,1.3969838619232178e-09,2.4948487281799316,0.0,2.7329161405563354,6.5521399974823,0.08001480251550674,0.4720764756202698,0.8114389181137085,0.7305046319961548,-3.725290298461914e-09,2.8203656673431396,0.8874997186940163,1.1283771681873274,0.4420287311077118,0.4427253007888794,7.5138367176055905,1.9734569787979126,1.6763806343078613e-08,2.3717479705810547,0.0,2.559501123428345,9.60259952545166,0.45507362484931946,0.5770469307899475,0.9824608564376831,0.7434636950492859,-1.825392246246338e-08,4.257197856903076,0.8521743160439655,1.1174456402856445,0.4354219436645508,0.5045881271362305,5.946435403823853
736,0.20751310514953492,0.6509375000000001,0.3093758149881542,2.101088285446167,-9.872019290924072e-08,2.340172052383423,0.0,2.7305737733840942,9.270578861236572,0.07837948203086853,0.4738588333129883,0.8147209882736206,0.7322891354560852,1.0151416063308716e-07,7.310442924499512,3.2297811351716517,2.644662307021565,0.3741365373134613,0.5113296508789062,5.335152196884155,2.228703022003174,6.193295121192932e-08,1.8850408792495728,0.0,2.554938530921936,10.19064645767212,0.4576261043548584,0.5792279243469238,0.9862959384918213,0.7435843348503113,-5.8766454458236696e-08,7.304471492767334,1.4243740463629364,1.691781657951507,0.3473176062107086,0.5113485455513,3.6594539165496824
737,2263.0497187760584,0.5709375,-0.1903284657978339,2.6197385787963867,6.379559636116028e-08,2.6072189807891846,0.0,2.7259849548339843,6.388524103164673,0.07687923312187195,0.4761427640914917,0.818576991558075,0.7346964478492737,-6.444752216339112e-08,7.729617118835449,3.628742791712284,2.6225355251975095,0.44198229908943176,0.5258534550666809,6.663700246810913,1.9120612144470215,-7.636845111846924e-08,1.8832908868789673,0.0,2.550094723701477,3.6885457038879395,0.4607427716255188,0.5815794467926025,0.9907381534576416,0.7439481019973755,8.069910109043122e-08,8.17355728149414,1.824008380714804,2.235980485181541,0.3976409435272217,0.4713573157787323,3.615455961227417
738,20.467106314697368,0.725,-0.05697132727916646,1.7013254165649414,6.51925802230835e-09,2.732740640640259,0.0,2.7200968742370604,5.588400888442993,0.07466059178113937,0.47878801822662354,0.8232911825180054,0.7366771697998047,-4.0745362639427185e-09,7.090359687805176,3.2735614486038687,2.450407271609096,0.3994143605232239,0.5401642918586731,7.262411165237427,2.131227731704712,1.0244548320770264e-07,2.0904011726379395,0.0,2.5452264308929444,9.794170665740968,0.4635634124279022,0.5834921002388,0.9942923784255981,0.7447164058685303,-1.0896474123001099e-07,7.846398830413818,1.8757499552331864,2.324267020014993,0.3486996591091156,0.5366277098655701,5.082231426239014
739,0.3365775199900448,0.7159375,0.32721081737629376,1.9275504350662231,-3.771856427192688e-08,2.6067380905151367,0.0,2.7144123315811157,6.321533632278443,0.07253340631723404,0.48178407549858093,0.8285832405090332,0.7393516898155212,3.604218363761902e-08,8.255696296691895,3.103031874075532,2.717732440481976,0.38026732206344604,0.508639931678772,6.653813982009888,1.5786010026931763,3.725290298461914e-09,2.331637144088745,0.0,2.5407609939575195,7.766536474227905,0.46659550070762634,0.5853062272071838,0.9974842071533203,0.7451480031013489,-6.426125764846802e-09,9.218779563903809,1.3340753679163755,1.688343112462367,0.37484481930732727,0.5399185419082642,5.884718561172486
740,19.67450273816744,0.75875,0.19813160388778817,1.7796396017074585,9.266659617424011e-08,2.689258337020874,0.0,2.70958616733551,5.516861915588379,0.07004070281982422,0.4845927059650421,0.8336953520774841,0.7402603626251221,-8.959323167800904e-08,7.579776287078857,3.5666732460260393,2.6988765666568,0.4126684069633484,0.49754127860069275,7.173906517028809,2.2461278438568115,-1.4994293451309204e-07,1.7580790519714355,0.0,2.5370316743850707,8.213616418838502,0.4694249629974365,0.5874800682067871,1.001086950302124,0.7453124523162842,1.4980323612689971e-07,8.332032203674316,1.6150346225011163,2.3659090557272595,0.35614633560180664,0.4978944659233093,4.6288902282714846
741,1198.725084589497,0.8415624999999999,0.4361046789976699,2.0574252605438232,1.0617077350616455e-07,2.0616869926452637,0.0,2.704672908782959,7.322857618331909,0.06737679243087769,0.48769116401672363,0.8388665318489075,0.7395510077476501,-1.1655502021312714e-07,4.016311168670654,0.875161593221128,1.1732254720959852,0.36076706647872925,0.5367168188095093,4.496949529647827,2.0601236820220947,1.1920928955078125e-07,2.291107177734375,0.0,2.535485100746155,12.163919448852539,0.4715978503227234,0.5888174176216125,1.0034302473068237,0.745620846748352,-1.126900315284729e-07,7.650836944580078,1.0802712512901054,1.549228538370923,0.432303786277771,0.5261871814727783,6.108056831359863
742,0.06994279938413851,0.760625,0.6955124551065106,2.159428596496582,3.3527612686157227e-08,2.033834934234619,0.0,2.701678419113159,7.8995154857635494,0.06471280008554459,0.49037739634513855,0.8436048030853271,0.738970160484314,-3.119930624961853e-08,8.195106506347656,2.9112102590501308,2.7484318590553602,0.3571056127548218,0.5609847903251648,5.232896900177002,2.0023367404937744,3.5390257835388184e-08,1.9603451490402222,0.0,2.533225750923157,12.13015193939209,0.4727340638637543,0.5898613929748535,1.005529522895813,0.7459210157394409,-3.401655703783035e-08,8.163534164428711,1.2377736238762735,1.770854415171914,0.339272141456604,0.5177035331726074,3.934951639175415
743,0.05059776121706958,0.7615624999999999,0.5425383848300038,2.3226213455200195,1.0710209608078003e-07,2.24466609954834,0.0,2.6995407342910767,5.413898754119873,0.06320808827877045,0.49216270446777344,0.8470486402511597,0.7398883700370789,-1.125037670135498e-07,7.125143051147461,2.871841908060014,2.8911558254309044,0.4024631977081299,0.5729718208312988,5.060448217391968,2.1962220668792725,4.7497451305389404e-08,2.3073744773864746,0.0,2.529369854927063,6.039639616012574,0.47493284940719604,0.5915249586105347,1.0084142684936523,0.7462620139122009,-4.6705827116966246e-08,6.694564342498779,1.6697858406230808,1.6901110094851763,0.3853094279766083,0.506074070930481,5.285939168930054
744,1.6371285204800698,0.7184375,0.2591932873288592,2.117530584335327,-1.30385160446167e-08,2.567025661468506,0.0,2.6951456308364867,5.02699031829834,0.06251579523086548,0.4944566488265991,0.8509809970855713,0.742694079875946,9.59262251853943e-09,6.740989685058594,2.2581012723967433,2.202602886380122,0.3795248866081238,0.5779951214790344,6.42117223739624,2.1427645683288574,-5.587935447692871e-08,1.94576895236969,0.0,2.524833083152771,5.690946388244629,0.4786943793296814,0.594057559967041,1.0117918252944946,0.7469338774681091,5.662441253662109e-08,7.530388355255127,1.0449791780672968,1.4279477863683108,0.37294644117355347,0.5185459852218628,3.9559622764587403
745,1.8811179259122774,0.681875,0.03503400326047229,1.7540172338485718,5.797483026981354e-08,2.624415874481201,0.0,2.6899572372436524,9.139290904998779,0.06139905005693436,0.4976561367511749,0.8560906052589417,0.7449407577514648,-5.895271897315979e-08,8.037116050720215,3.616829039528966,2.8177902234892134,0.4400334060192108,0.49200814962387085,8.490334129333496,1.7154580354690552,-7.916241884231567e-08,2.1460773944854736,0.0,2.5219966888427736,7.533899545669556,0.4824395477771759,0.5965698957443237,1.0148952007293701,0.7490921020507812,7.851049304008484e-08,8.706470489501953,2.177593483030796,2.6819292082594215,0.344703733921051,0.5463684797286987,4.563433074951172
746,0.09485702483109477,0.6665625,0.26407491984616166,1.7783708572387695,-4.284083843231201e-08,1.8635931015014648,0.0,2.6859330415725706,11.263257217407226,0.06067202612757683,0.500042736530304,0.860116183757782,0.7467714548110962,3.855675458908081e-08,7.719141960144043,3.3872580539435146,2.3207474862100135,0.3943212032318115,0.4888220429420471,4.28117036819458,2.1391823291778564,6.51925802230835e-09,2.075962781906128,0.0,2.5224359035491943,7.12088303565979,0.4828251302242279,0.5973491072654724,1.0154823064804077,0.7507806420326233,-4.1443854570388796e-09,5.582613945007324,0.9206810008734465,1.234959199870434,0.3622807264328003,0.5406480431556702,4.506547594070435
747,0.11729639725992622,0.7168749999999999,0.22592390234159304,1.972405195236206,9.266659617424011e-08,2.618746757507324,0.0,2.681672763824463,7.33909273147583,0.05969085544347763,0.5021591782569885,0.8639553785324097,0.7481166124343872,-9.648501873016357e-08,6.848649024963379,3.363772861659527,2.3553222330415555,0.3733588457107544,0.5750981569290161,6.916825246810913,1.680044174194336,-7.35744833946228e-08,2.4996986389160156,0.0,2.521044063568115,11.8500506401062,0.4830433130264282,0.5979386568069458,1.0166988372802734,0.7518513798713684,7.529743015766143e-08,7.25666618347168,1.1152118953876198,1.605860112579663,0.3475632667541504,0.572224497795105,6.220474672317505
748,16.573664912434953,0.9056249999999999,0.3314524727471654,2.2077958583831787,-1.210719347000122e-08,2.995683431625366,0.0,2.677888107299805,7.37984528541565,0.05867547169327736,0.5043580532073975,0.8679479360580444,0.7491639852523804,1.601874828338623e-08,6.047854900360107,1.5251487454399466,1.9906618463648953,0.4395303726196289,0.515255331993103,10.20256519317627,1.7861592769622803,-1.3690441846847534e-07,2.47359299659729,0.0,2.5189109802246095,9.268952751159668,0.4847874939441681,0.5994631052017212,1.0197404623031616,0.7524400949478149,1.3587996363639832e-07,8.09613037109375,1.2424382907513063,1.860982050064622,0.3773356080055237,0.5058664083480835,7.320092010498047
749,0.738976056017348,0.748125,0.22004426283534068,1.6680960655212402,8.335337042808533e-08,2.097466468811035,0.0,2.6765450954437258,6.985256242752075,0.057364195585250854,0.5057440400123596,0.8706656694412231,0.7487407326698303,-9.043142199516296e-08,6.681424140930176,2.3616488352417946,2.484057082907725,0.39965781569480896,0.5729323029518127,4.860058450698853,2.3952836990356445,-6.239861249923706e-08,1.959338665008545,0.0,2.5182844161987306,10.172855377197266,0.48476335406303406,0.5999183654785156,1.0206547975540161,0.7526445984840393,6.73346221446991e-08,9.448287010192871,2.0054556504823267,2.7446881153908906,0.34323325753211975,0.5711600184440613,3.7791205406188966
750,0.6031235341703702,0.6746874999999999,0.5127604379068487,1.572771430015564,2.60770320892334e-08,2.1762590408325195,0.0,2.674526309967041,5.166690158843994,0.054552387446165085,0.5065235495567322,0.8729990124702454,0.746254563331604,-3.171153366565704e-08,4.701278209686279,1.5192920410074293,1.702437147796029,0.407789021730423,0.49819642305374146,4.665468406677246,1.9908115863800049,1.3969838619232178e-08,2.1759140491485596,0.0,2.5152442693710326,17.206393814086915,0.4855634272098541,0.6008121967315674,1.0223069190979004,0.7526928782463074,-9.406358003616333e-09,7.04131555557251,1.1300101994536818,1.5788705605239215,0.34054848551750183,0.5870662927627563,4.903123760223389
751,172.38746276739423,0.546875,-0.05561001285535803,1.6532697677612305,-2.775341272354126e-07,2.2135403156280518,0.0,2.672409677505493,4.340563631057739,0.05149539187550545,0.5072551369667053,0.8755971789360046,0.7442399263381958,2.7995556592941286e-07,7.031005859375,2.240405008383095,2.416354443181416,0.3688073754310608,0.5148289799690247,4.814862012863159,2.308725118637085,8.614733815193176e-08,2.5181713104248047,0.0,2.5107494354248048,19.088855361938478,0.4880385100841522,0.602791965007782,1.0259859561920166,0.7526386976242065,-8.66129994392395e-08,5.498948097229004,1.0835699851159006,1.4692495660604077,0.4146791100502014,0.5033172369003296,8.413105773925782
752,59.70823212228944,0.6971875,0.2017548822534269,2.2683603763580322,-1.7695128917694092e-08,2.1613643169403076,0.0,2.67027006149292,7.910615491867065,0.04902094230055809,0.508525550365448,0.8790316581726074,0.7432826161384583,2.0232982933521272e-08,7.472506523132324,1.886276654433459,2.3016156459913026,0.38000234961509705,0.5562579035758972,5.553737831115723,1.8930906057357788,-1.103617250919342e-07,1.742607831954956,0.0,2.5057730436325074,12.688892459869384,0.49125078320503235,0.6050621867179871,1.0300626754760742,0.7526605725288391,1.1255033314228057e-07,6.707571983337402,1.26710684588179,1.6743512206545321,0.39911317825317383,0.504311740398407,5.565307331085205
753,3.066384842519774,0.8240624999999999,0.1621993812015743,1.8050743341445923,4.0512531995773315e-08,2.412189245223999,0.0,2.668311524391174,5.9785706996917725,0.04719361290335655,0.5100252628326416,0.8826919794082642,0.7432158589363098,-3.925524652004242e-08,6.032679557800293,1.0561331610661,1.4332294016923939,0.36100339889526367,0.5200172662734985,6.146596431732178,2.2890093326568604,6.891787052154541e-08,2.2973742485046387,0.0,2.5006718397140504,8.947232532501221,0.49404051899909973,0.6068642139434814,1.033503532409668,0.7524964809417725,-6.025657057762146e-08,8.852409362792969,1.6895949244499207,2.4908633349088696,0.36120620369911194,0.5676715970039368,5.160281944274902
754,5.658526513802353,0.8625,0.48826620448204433,2.0553877353668213,8.009374141693115e-08,1.831742763519287,0.0,2.66601185798645,10.484689235687256,0.045045219361782074,0.5111015439033508,0.8862272500991821,0.7429656982421875,-9.061768651008606e-08,6.607439041137695,1.9071356987580657,2.1165867765831132,0.35462838411331177,0.5321953296661377,5.8093263626098635,1.6138124465942383,3.725290298461914e-09,2.4028480052948,0.0,2.4946223735809325,13.22454376220703,0.49669525027275085,0.6092146039009094,1.0370707511901855,0.751958966255188,-6.891787052154541e-09,8.887282371520996,1.4781424824148417,2.3807783470166592,0.3699222803115845,0.49667873978614807,5.825357055664062
755,0.04974081718610766,0.8231249999999999,0.7054863600251692,1.5170798301696777,-4.377216100692749e-08,2.230647563934326,0.0,2.662942051887512,3.5767978191375733,0.043392568826675415,0.5120676159858704,0.8889821767807007,0.7424033880233765,3.795139491558075e-08,5.9989423751831055,1.2708943595178426,1.5786259823020705,0.3448452651500702,0.5241976976394653,4.878798627853394,2.69346284866333,1.862645149230957e-09,1.9288829565048218,0.0,2.488839030265808,8.13311014175415,0.5004007816314697,0.6120019555091858,1.0411741733551025,0.751433789730072,-3.3527612686157227e-09,7.508236408233643,1.1338790650945156,1.7153681105249698,0.3321053385734558,0.5224284529685974,4.1031965732574465
756,0.4778035996001494,0.6543749999999999,0.38395147415540787,2.003962278366089,1.2386590242385864e-07,1.7548351287841797,0.0,2.658017635345459,8.186738300323487,0.041687436401844025,0.5142838954925537,0.8925058841705322,0.7412862181663513,-1.2330710887908936e-07,5.818300247192383,1.1765565376728773,1.602160002137959,0.39950937032699585,0.49041834473609924,4.066209745407105,2.1840507984161377,-3.5390257835388184e-08,2.336686372756958,0.0,2.4834033727645872,12.208665466308593,0.5035500526428223,0.614682674407959,1.0450294017791748,0.7509304285049438,3.632158041000366e-08,3.983975410461426,0.9441786993760616,1.22470688992635,0.4577723741531372,0.48099344968795776,8.275005912780761
757,0.08341178354644117,0.8540624999999998,0.772254263021915,1.8703579902648926,-6.938353180885315e-08,2.3963043689727783,0.0,2.653875994682312,6.4211578369140625,0.04038142412900925,0.5167677998542786,0.8965060710906982,0.7416013479232788,6.901100277900695e-08,4.28341007232666,1.0536843229085207,1.2883004350444638,0.4147535562515259,0.5177297592163086,6.3913572311401365,1.6864471435546875,7.35744833946228e-08,2.6368589401245117,0.0,2.480296421051025,7.68341474533081,0.5059607625007629,0.6166296601295471,1.047450065612793,0.750664472579956,-7.562339305877686e-08,9.160829544067383,1.5014951218850912,2.274279544239441,0.35949110984802246,0.5722463726997375,6.95304126739502
758,0.12230520786316461,0.700625,0.4272603714636364,1.848921775817871,1.1362135410308838e-07,2.13885235786438,0.0,2.6516353130340575,3.9229198932647704,0.039525106549263,0.5190358757972717,0.9000609517097473,0.7417331337928772,-1.0663643479347229e-07,7.429248332977295,2.305260883644223,2.4017010459685957,0.4120807349681854,0.49386611580848694,4.872663259506226,3.047231674194336,5.681067705154419e-08,1.8689101934432983,0.0,2.4775853633880613,11.918760967254638,0.5088395476341248,0.6181631088256836,1.0501956939697266,0.751059353351593,-5.788169801235199e-08,8.003372192382812,1.0225030429195612,1.4884633973675228,0.3311738967895508,0.5836934447288513,5.920164585113525
759,844121.9990870797,0.7353125,0.5336850666669704,1.8074337244033813,-7.171183824539185e-08,2.0860259532928467,0.0,2.6492429256439207,7.119820880889892,0.03834039717912674,0.520756721496582,0.9024049043655396,0.7400791645050049,7.28759914636612e-08,4.116716384887695,1.6879615655867384,1.6667907112518219,0.35256755352020264,0.537289023399353,5.351329135894775,2.0227372646331787,-4.423782229423523e-09,3.021744728088379,0.0,2.474789571762085,18.841322135925292,0.5121396780014038,0.6195946335792542,1.0530283451080322,0.7518198490142822,8.253846317529679e-09,8.243316650390625,1.230627942411229,1.7171697138753128,0.36773014068603516,0.5829401016235352,9.124821758270263
760,0.5426284616023886,0.825,0.22479677096074244,1.977754831314087,6.51925802230835e-09,3.035801649093628,0.0,2.6485251665115355,6.37224235534668,0.036988742649555206,0.5216093063354492,0.9040758013725281,0.7390530109405518,-4.74974513053894e-09,7.773874282836914,3.910093919746578,2.875247347040592,0.3641122281551361,0.6371952295303345,9.571805477142334,1.6730011701583862,-4.6100467443466187e-08,2.239190101623535,0.0,2.47027747631073,13.703985500335694,0.5153053998947144,0.6216005682945251,1.056351661682129,0.7522557973861694,4.5821070671081546e-08,9.3111572265625,2.245053691975772,2.548713719315557,0.32517287135124207,0.530461847782135,4.893068122863769
761,0.14293468037553672,0.695625,0.3067302665894852,1.9477040767669678,-1.3923272490501404e-07,2.228679656982422,0.0,2.6459038972854616,9.930596351623535,0.036224834620952606,0.5233975052833557,0.9069268703460693,0.7391795516014099,1.4170072972774506e-07,8.041400909423828,4.022038502246142,2.80887540178755,0.36369308829307556,0.5148393511772156,4.80434136390686,2.2850825786590576,-9.033828973770142e-08,1.9262820482254028,0.0,2.4650735378265383,10.023220920562744,0.5186038613319397,0.6241680383682251,1.0604034662246704,0.7524811625480652,9.522773325443268e-08,7.445281505584717,1.2568850710988044,1.6483402946048606,0.3975222408771515,0.543587863445282,3.9289875984191895
762,0.3414564841420023,0.80375,0.5184517076742872,2.0004241466522217,-3.259629011154175e-09,2.214106798171997,0.0,2.641523742675781,5.1759439468383786,0.03590487688779831,0.5263013243675232,0.9113727807998657,0.7394266128540039,-3.6787241697311403e-09,7.394767761230469,2.984374611452222,2.980663756226228,0.32515978813171387,0.4986627995967865,4.810030841827393,1.8569025993347168,1.6437843441963196e-07,1.9004005193710327,0.0,2.459948420524597,15.400074291229249,0.5218139290809631,0.6266757249832153,1.064449429512024,0.7527350783348083,-1.6456469893455504e-07,8.67163372039795,1.7890857208520174,2.111539827081519,0.36842191219329834,0.5419079661369324,3.4962188720703127
763,0.45280101556354885,0.8034375,0.061540977442269496,2.4246416091918945,-5.4016709327697754e-08,2.2146871089935303,0.0,2.636459136009216,8.511662578582763,0.03611288219690323,0.5290297865867615,0.9159416556358337,0.7404443025588989,5.408655852079392e-08,7.757694244384766,3.568206838518381,2.8691472261966435,0.33234626054763794,0.5780839323997498,5.134728717803955,1.7535836696624756,-2.0023435354232788e-07,1.7569812536239624,0.0,2.4548142671585085,11.662393283843993,0.5248810052871704,0.6295714378356934,1.0688315629959106,0.7529118657112122,2.055428922176361e-07,8.536837577819824,2.110160345694749,2.398301215848908,0.367443710565567,0.5357518196105957,3.1199047327041627
764,0.0325727557573806,0.8634374999999999,0.9212931539789995,2.0862510204315186,-8.568167686462402e-08,1.6353225708007812,0.0,2.6308685064315798,11.848257255554199,0.03608759120106697,0.5313948392868042,0.9205003380775452,0.7408586144447327,8.586794137954712e-08,6.920529365539551,1.7282042754814029,2.0911534216338414,0.3152804970741272,0.5763400793075562,4.325485134124756,1.9921566247940063,2.60770320892334e-08,2.204662799835205,0.0,2.449848699569702,24.261782073974608,0.5283606648445129,0.6327893137931824,1.0736420154571533,0.7533093690872192,-2.2246968001127242e-08,8.679431915283203,1.6344335502479226,2.08511113075263,0.3147675096988678,0.5592604279518127,4.853883457183838
765,0.06980956550525967,0.6184375,0.3014559488738757,2.1639552116394043,-1.4901161193847656e-07,2.316380739212036,0.0,2.625627899169922,12.887160873413086,0.0363168939948082,0.5337120890617371,0.9249495267868042,0.7412999272346497,1.587439328432083e-07,7.747605323791504,3.493070823699236,2.788284239804216,0.32709208130836487,0.6060997843742371,5.122867822647095,2.1149046421051025,-4.0046870708465576e-08,2.2934837341308594,0.0,2.4443355083465574,26.440753555297853,0.5322659015655518,0.635966956615448,1.0783610343933105,0.7535709738731384,3.594905138015747e-08,6.738734722137451,1.0173937536776065,1.4052000678398753,0.3732679486274719,0.5450286269187927,5.0165534019470215
766,0.12733965530874655,0.681875,0.3156522885830606,1.860703468322754,1.424923539161682e-07,2.0350019931793213,0.0,2.620581102371216,10.901263332366943,0.03690451383590698,0.5362487435340881,0.9297176599502563,0.7416461110115051,-1.4004763215780258e-07,7.689187049865723,3.199842930212617,2.9100720029371403,0.3962222933769226,0.5041443705558777,5.614733648300171,1.8112646341323853,-7.450580596923828e-08,2.225407123565674,0.0,2.439410090446472,6.655763292312622,0.5361675024032593,0.6389831304550171,1.082940697669983,0.7535707950592041,7.541384547948837e-08,8.510022163391113,1.640390173625201,2.4640433636608194,0.42030513286590576,0.47303447127342224,4.824381256103516
767,0.07775223971378117,0.8159375000000001,0.7744588083715754,1.9112622737884521,-2.60770320892334e-07,1.9274390935897827,0.0,2.615374946594238,8.561376953125,0.037215959280729294,0.538631796836853,0.9342106580734253,0.7405496835708618,2.576038241386414e-07,6.249665260314941,1.3270396027714013,1.567275298973447,0.3699438273906708,0.4802543818950653,3.84270601272583,2.366410732269287,1.0523945093154907e-07,1.9194990396499634,0.0,2.436101794242859,13.919339656829834,0.5375232100486755,0.6403346657752991,1.085639238357544,0.753100574016571,-1.0491348803043366e-07,8.011972427368164,1.3789428264833987,1.8292475838379345,0.33204200863838196,0.522596538066864,3.892501378059387
768,1.0706729540621651,0.8078125,0.3052095253248477,1.888979434967041,1.0291114449501038e-07,2.2845418453216553,0.0,2.6097260475158692,7.19809856414795,0.03809773921966553,0.5409721732139587,0.9385294914245605,0.7395375967025757,-1.026783138513565e-07,8.500432014465332,3.950949114188552,3.121129507072161,0.3863615095615387,0.5234118700027466,5.293828773498535,2.042949676513672,4.936009645462036e-08,2.357510566711426,0.0,2.4320709705352783,4.362979459762573,0.5395717024803162,0.6420633792877197,1.0886732339859009,0.7529079914093018,-4.6519562602043155e-08,8.871719360351562,1.509568303078413,2.3915406240884205,0.40082165598869324,0.4918379485607147,5.408986616134643
769,1.246986967189798,0.693125,0.36851763229634454,1.9012994766235352,5.634501576423645e-08,1.9971956014633179,0.0,2.6056066513061524,7.426370668411255,0.04003508388996124,0.5429653525352478,0.9425473809242249,0.7387109398841858,-5.555339157581329e-08,5.916840076446533,1.4627980530261993,1.9743329710826345,0.35082343220710754,0.5640016198158264,4.421302223205567,1.7877565622329712,-1.0291114449501038e-07,2.251199722290039,0.0,2.4268657684326174,24.73098678588867,0.5426222681999207,0.645244300365448,1.0927995443344116,0.7531071305274963,1.0365620255470276e-07,5.443130016326904,1.1752953064162284,1.5205252648106315,0.4101622700691223,0.483688622713089,7.086038970947266
770,0.10966865145682844,0.7871874999999999,0.8087246969768799,2.1774520874023438,1.4202669262886047e-07,2.0627665519714355,0.0,2.6039930105209352,3.961826515197754,0.04121846333146095,0.5443190932273865,0.945296049118042,0.7385437488555908,-1.4239922165870667e-07,2.9354562759399414,0.8672166899777949,1.1552054995481542,0.36644428968429565,0.5055210590362549,4.21174955368042,1.9234375953674316,-1.4156103134155273e-07,2.07938289642334,0.0,2.4217782974243165,7.020649766921997,0.5459140539169312,0.648220419883728,1.0969130992889404,0.7537565231323242,1.400243490934372e-07,7.329516410827637,0.9221185722388328,1.3532684377188833,0.37885335087776184,0.5143633484840393,4.512434959411621
771,2.049267990834724,0.8231250000000001,0.3676229615602046,2.3868484497070312,5.3085386753082275e-08,1.5861972570419312,0.0,2.602403736114502,12.19789752960205,0.04052959010004997,0.5468074083328247,0.947853147983551,0.7381513118743896,-5.3551048040390015e-08,8.228982925415039,4.154355728626252,3.188999149763861,0.28030726313591003,0.5449822545051575,3.2684069871902466,2.0646438598632812,-1.1362135410308838e-07,2.8238954544067383,0.0,2.418284034729004,9.796396827697754,0.5482111573219299,0.6502195596694946,1.0997122526168823,0.7543755769729614,1.0998919606208801e-07,9.46709156036377,1.409568422380835,1.811293504603631,0.46120163798332214,0.4996113181114197,8.410031414031982
772,0.30793356890417456,0.8787500000000001,0.5394672864792674,1.8668005466461182,-6.984919309616089e-09,1.9142827987670898,0.0,2.5993897199630736,11.445323848724366,0.04149241745471954,0.5499452352523804,0.9516028165817261,0.738772988319397,1.0337680578231811e-08,6.503914833068848,1.710474631935358,2.1186623571058107,0.3352794051170349,0.5097734332084656,3.610502076148987,2.338942766189575,1.30385160446167e-08,2.0157852172851562,0.0,2.418061900138855,8.851386451721192,0.5481399297714233,0.6506236791610718,1.0999211072921753,0.7544679045677185,-1.2293457984924316e-08,9.5358304977417,1.4743675719015301,2.2905152225641254,0.3295699954032898,0.5504245758056641,4.149687337875366
773,0.15982054071989926,0.72375,0.43754216683686414,2.550581693649292,-4.0046870708465576e-08,2.0729141235351562,0.0,2.595758485794067,7.059639978408813,0.044741202145814896,0.5527309775352478,0.9560454487800598,0.7392690777778625,3.827735781669617e-08,7.398231506347656,1.327375080343336,1.917186719434236,0.35319268703460693,0.5152374505996704,4.121153974533081,2.0559210777282715,-8.614733815193176e-08,2.707202672958374,0.0,2.415936732292175,9.01166648864746,0.5493013262748718,0.6512947082519531,1.1010146141052246,0.7547782063484192,8.898787200450897e-08,8.69782543182373,1.0067883536685258,1.4536314107139803,0.3736035227775574,0.5473960041999817,7.246874618530273
774,0.13324697035633007,0.7809375,0.6831228179358214,2.5100479125976562,5.727633833885193e-08,1.93489408493042,0.0,2.5945585489273073,3.626515245437622,0.04598233103752136,0.5543740391731262,0.9589322805404663,0.7413290739059448,-5.764886736869812e-08,7.196079730987549,0.885942592471838,1.3110157078464701,0.3729735016822815,0.5039623975753784,3.7785664081573485,1.9750008583068848,-9.313225746154785e-10,1.9272329807281494,0.0,2.4140932321548463,8.227038383483887,0.5524819493293762,0.6535199880599976,1.1044880151748657,0.7547165751457214,0.0,2.983025312423706,0.6610272247344255,0.8619879059283306,0.400587260723114,0.5202397108078003,3.6763832569122314
775,0.5210450831801469,0.95625,0.5408305535940648,1.7210512161254883,3.5390257835388184e-08,1.9362691640853882,0.0,2.5932528972625732,10.374573802947998,0.04532637447118759,0.554958701133728,0.9607601165771484,0.7432656288146973,-3.3620744943618776e-08,6.685409069061279,1.1901363025419414,1.462904387122709,0.38201582431793213,0.5445358753204346,4.006303358078003,2.124612331390381,1.6135163605213165e-07,1.9759100675582886,0.0,2.414552187919617,14.999686241149902,0.5540858507156372,0.6544727087020874,1.1057640314102173,0.7555757761001587,-1.667998731136322e-07,5.802587032318115,0.7275501576252281,1.0824120828473311,0.3831033706665039,0.5284832119941711,4.258868980407715
776,0.6773052505252715,0.7893749999999999,0.38306189756110653,2.103931188583374,7.450580596923828e-09,1.910436749458313,0.0,2.5896082401275633,9.891341495513917,0.04636552557349205,0.5558681488037109,0.9633248448371887,0.7440739870071411,-9.220093488693238e-09,8.876662254333496,3.247316475212574,3.408064249178692,0.30491408705711365,0.6076986789703369,4.659937143325806,2.0182526111602783,1.862645149230957e-09,2.1386029720306396,0.0,2.4117933034896852,23.193376350402833,0.5555535554885864,0.6555764079093933,1.1072723865509033,0.756709098815918,-7.101334631443024e-09,9.546582221984863,2.1356688495725393,2.632035882287797,0.3787158727645874,0.5507992506027222,4.725667953491211
777,0.32366067654053815,0.7440625000000001,0.3777367875706907,1.9150433540344238,-1.7974525690078735e-07,1.8633019924163818,0.0,2.5862209796905518,4.919463014602661,0.048651568591594696,0.5573044419288635,0.9666593670845032,0.7444864511489868,1.7709098756313325e-07,8.468798637390137,4.305264953523874,3.178904840534108,0.3992157578468323,0.5179056525230408,4.077637767791748,1.83909010887146,1.6763806343078613e-08,2.2620575428009033,0.0,2.408357620239258,5.392913103103638,0.5584721565246582,0.6578145623207092,1.1106468439102173,0.7569408416748047,-1.5739351511001586e-08,8.655610084533691,1.701365225110203,2.3884960038307566,0.40242353081703186,0.4697355329990387,5.122014379501342
778,0.04750917721530471,0.6975,0.43455453052368087,1.9828652143478394,3.259629011154175e-08,1.8826254606246948,0.0,2.585318660736084,12.80155324935913,0.050879158079624176,0.5581784248352051,0.9691177606582642,0.7446606159210205,-3.7089921534061435e-08,8.66209602355957,3.057959546148777,3.348275605372336,0.41466662287712097,0.5667015910148621,4.630691480636597,1.6773489713668823,-2.8870999813079834e-08,2.5330216884613037,0.0,2.40652813911438,25.20793285369873,0.5589748620986938,0.6595070362091064,1.1126947402954102,0.7562422752380371,3.3481046557426455e-08,10.231497764587402,2.7341660984791814,3.126345950181655,0.41812559962272644,0.5226691365242004,6.285285711288452
779,0.3252652008929099,0.7318749999999999,0.5654189370291892,2.2023308277130127,-2.60770320892334e-08,2.5150060653686523,0.0,2.5817501306533814,9.474355983734132,0.053340137004852295,0.5594428777694702,0.9718105792999268,0.7447129487991333,3.026798367500305e-08,6.525699138641357,1.8558182068169118,2.18764643029038,0.3294695019721985,0.5561994910240173,6.19196925163269,2.3429465293884277,4.330649971961975e-08,2.2769689559936523,0.0,2.4033605337142943,19.78564510345459,0.5598877668380737,0.6611717343330383,1.1147611141204834,0.7566891312599182,-3.962777554988861e-08,9.419443130493164,1.6174493522383273,2.514941875685283,0.4280022978782654,0.5187100172042847,5.177667903900146
780,0.23943382161644805,0.94375,0.9927111727971486,1.9811789989471436,-7.404014468193054e-08,2.2715649604797363,0.0,2.576849627494812,8.922519397735595,0.056271858513355255,0.5615283250808716,0.9756008982658386,0.7454993724822998,7.012858986854553e-08,3.9251461029052734,1.0301609329646453,1.3322234527452301,0.40916791558265686,0.5312896966934204,6.320665168762207,1.6697885990142822,9.499490261077881e-08,2.2528188228607178,0.0,2.3989400386810305,6.603349924087524,0.5624685883522034,0.6633977890014648,1.1180734634399414,0.7569117546081543,-9.695068001747131e-08,10.036616325378418,1.3842581973411143,2.0065543403681203,0.4016397297382355,0.4977060854434967,5.18500452041626
781,0.038149766228768124,0.9865625000000001,0.8715097011738404,1.6158239841461182,-2.1723099052906036e-07,2.4938502311706543,0.0,2.573094964027405,10.628252696990966,0.05875510722398758,0.5634954571723938,0.9792419672012329,0.7468111515045166,2.1981541067361832e-07,4.161336421966553,0.8239031051285565,1.0771496384334582,0.3970813453197479,0.5233399868011475,6.7217858791351315,1.9228601455688477,3.5390257835388184e-08,2.5704550743103027,0.0,2.395428991317749,14.115567302703857,0.5652865171432495,0.6654331684112549,1.1214052438735962,0.7578589916229248,-3.809109330177307e-08,8.315506935119629,0.9995104324072599,1.6153851679906683,0.3429444432258606,0.5847033858299255,6.657730388641357
782,227.8402092270441,0.8915625,0.5900795783309466,2.130002498626709,5.3085386753082275e-08,1.862269401550293,0.0,2.569652962684631,8.821172618865967,0.06041300669312477,0.5653553009033203,0.982803463935852,0.7486267685890198,-5.122274160385132e-08,5.9769697189331055,1.1541032522916794,1.4557394559366836,0.33686286211013794,0.5707772970199585,3.5666433334350587,1.658729910850525,-8.568167686462402e-08,2.4373836517333984,0.0,2.3916667461395265,9.17498083114624,0.5683711767196655,0.667728841304779,1.1248914003372192,0.7588914632797241,9.071081876754761e-08,9.670218467712402,1.758534445508849,2.461501653935162,0.3959219753742218,0.49782609939575195,5.98370099067688
783,0.4645463739265307,0.8071875000000001,0.42069581360430364,2.3288516998291016,-1.0617077350616455e-07,2.4415407180786133,0.0,2.5658074855804442,15.639427661895752,0.060637008398771286,0.5669471621513367,0.9861718416213989,0.751852810382843,1.0207295417785644e-07,8.030950546264648,3.245428516715765,3.2653058045310606,0.35731950402259827,0.5415844321250916,5.905773496627807,1.5145578384399414,-1.4435499906539917e-08,2.6904022693634033,0.0,2.390615200996399,15.485023498535156,0.5688689351081848,0.6689510941505432,1.1262459754943848,0.7594108581542969,1.5459954738616945e-08,9.440387725830078,2.287294733244926,2.81145811228412,0.4605376124382019,0.5085206627845764,9.986587047576904
784,0.517500327846972,0.58375,0.045169608448769175,1.967389464378357,-2.1420419216156006e-08,2.1784415245056152,0.0,2.5609306573867796,18.483639526367188,0.062162984162569046,0.5688406229019165,0.9899037480354309,0.7542783617973328,2.4121254682540892e-08,8.937041282653809,3.902702962607145,3.2744997204980235,0.3211768865585327,0.5639715194702148,5.757203054428101,1.7523401975631714,1.909211277961731e-08,2.409646511077881,0.0,2.388486409187317,20.171142768859863,0.5694144368171692,0.6698267459869385,1.12740957736969,0.7595447301864624,-1.825392246246338e-08,9.52859878540039,2.450855514034629,2.9117511761281927,0.42068302631378174,0.5258598327636719,5.7397545337677
785,0.14667061519618851,0.8565625000000001,0.5317163734148747,2.0069100856781006,-5.029141902923584e-08,2.4576401710510254,0.0,2.556627631187439,8.209201908111572,0.0655534639954567,0.5708721280097961,0.9936230778694153,0.7544161677360535,4.6100467443466187e-08,5.383972644805908,1.5032706068828703,1.8561172500390868,0.3721323609352112,0.5118980407714844,5.8462001323699955,1.7992889881134033,2.1420419216156006e-08,2.55253267288208,0.0,2.3851943731307985,6.914417362213134,0.5720808506011963,0.6715290546417236,1.1300820112228394,0.7595427632331848,-2.1979212760925294e-08,9.401782989501953,0.9898034988902509,1.5404122669864584,0.43909168243408203,0.5103867650032043,6.542376184463501
786,0.4441085563531786,0.8712500000000001,0.6195740255104527,2.705167531967163,-1.955777406692505e-08,1.7173362970352173,0.0,2.5538676500320436,11.944811534881591,0.06888257712125778,0.5728645324707031,0.9974337220191956,0.7543929815292358,1.6996636986732483e-08,8.564800262451172,2.5307953152805567,2.9142054600476346,0.35081058740615845,0.5281296372413635,3.10070321559906,1.5878899097442627,2.537854015827179e-08,3.0118255615234375,0.0,2.3826073169708253,20.324703025817872,0.5745567083358765,0.6732772588729858,1.1328977346420288,0.7596349120140076,-2.3562461137771607e-08,7.992940902709961,1.228451365424553,1.715832122374503,0.371864378452301,0.5734545588493347,8.719794178009034
787,0.11115696200844405,0.69625,0.6673431860393644,2.363016128540039,-9.778887033462524e-09,2.367766857147217,0.0,2.5501890420913695,21.34209785461426,0.07194586843252182,0.574758768081665,1.00133216381073,0.7545698881149292,1.9138678908348084e-08,7.470720291137695,1.7557574256323278,2.289422604381882,0.422397643327713,0.48493510484695435,5.495475006103516,2.0289361476898193,-4.936009645462036e-08,2.506916046142578,0.0,2.3785410642623903,20.436112022399904,0.5770342946052551,0.6754661202430725,1.136318325996399,0.7594651579856873,4.237517714500427e-08,9.877958297729492,1.947352901287377,2.5929044318650387,0.3584195077419281,0.4951905310153961,6.170790672302246
788,1.4825334025193793,0.61,0.05275987954134674,1.6221798658370972,6.05359673500061e-09,2.68039608001709,0.0,2.545421028137207,10.603372478485108,0.07544387876987457,0.5768520832061768,1.0053482055664062,0.7545540928840637,-6.6356733441352844e-09,8.563947677612305,4.338831028342247,3.484215631435967,0.3882235288619995,0.5031021237373352,7.332898807525635,1.648601770401001,1.909211277961731e-08,2.3383660316467285,0.0,2.3749402284622194,6.735089874267578,0.5806136727333069,0.6782422065734863,1.1403721570968628,0.7594786882400513,-2.2491440176963805e-08,9.396602630615234,1.681060115993023,2.403826748124305,0.40777406096458435,0.4719286859035492,5.492662334442139
789,0.044746865107451024,0.765,0.6477357464550909,1.9494314193725586,-1.862645149230957e-09,2.362377166748047,0.0,2.540030026435852,12.988292407989501,0.07863003760576248,0.5790429711341858,1.0094157457351685,0.754150390625,2.8870999813079835e-09,4.711300373077393,1.2558221832849086,1.5711999380020092,0.44353556632995605,0.4989200234413147,6.900825309753418,2.024841547012329,6.193295121192932e-08,2.688694953918457,0.0,2.3747061491012573,8.610003662109374,0.5839429497718811,0.6801922917366028,1.1434718370437622,0.7599021196365356,-5.755573511123657e-08,6.688447952270508,1.066619062423706,1.4730348533097144,0.44705837965011597,0.5394411087036133,7.100096368789673
790,1.03932685498689,0.5896874999999999,0.19579062084167884,1.8350744247436523,-1.257285475730896e-07,2.439195156097412,0.0,2.5350053548812865,6.025485324859619,0.08156386017799377,0.5815063118934631,1.0133858919143677,0.7540263533592224,1.3206154108047486e-07,8.882301330566406,4.636530224233866,3.285264504887008,0.44441765546798706,0.497230589389801,6.34946231842041,1.8530155420303345,-8.149072527885437e-08,1.894437313079834,0.0,2.375093913078308,12.46458101272583,0.5848819613456726,0.6807771325111389,1.1452399492263794,0.7601346969604492,7.799826562404633e-08,10.10092830657959,1.5335484617156907,2.4855482407166023,0.3601588010787964,0.529306173324585,3.583709645271301
791,1.6399472605705185,0.865625,0.5352376495517235,2.0962090492248535,-8.055940270423889e-08,2.1359920501708984,0.0,2.5324053049087523,15.856414222717286,0.08473130315542221,0.5838084816932678,1.0167808532714844,0.7541730999946594,8.8568776845932e-08,4.10190486907959,0.6978400881402195,0.985363368707069,0.35014599561691284,0.5462728142738342,5.65717716217041,1.4895292520523071,3.4924596548080444e-08,2.2174291610717773,0.0,2.3730529069900514,20.5000093460083,0.5855374336242676,0.6821858286857605,1.1477621793746948,0.7604880332946777,-4.009343683719635e-08,4.015111923217773,0.844692106731236,1.1961178596455835,0.4452327489852905,0.5080246329307556,5.219046688079834
792,34.35280307644447,0.8243750000000001,0.34772105559312505,1.7129238843917847,-3.119930624961853e-08,2.0544087886810303,0.0,2.5291375160217284,7.5550788879394535,0.08767898380756378,0.5861155986785889,1.020300030708313,0.7547764182090759,3.217719495296478e-08,8.666775703430176,3.6567623605951667,3.43222554903256,0.3581200838088989,0.46387529373168945,4.68515362739563,1.528745174407959,1.3224780559539795e-07,2.3690786361694336,0.0,2.369374990463257,5.7839466571807865,0.5878711342811584,0.6846308708190918,1.1513680219650269,0.7609044909477234,-1.2693926692008973e-07,6.627413749694824,1.240191128011793,1.7575068043116222,0.3986239433288574,0.4817938506603241,5.625242567062378
793,0.07094779040216889,0.8474999999999999,0.687280142992224,1.6596318483352661,-2.7939677238464355e-08,1.9739220142364502,0.0,2.5272592544555663,8.509527778625488,0.0891723781824112,0.5877507925033569,1.0231834650039673,0.7559540867805481,2.9569491744041443e-08,8.607413291931152,3.000572620658204,3.199286888044581,0.396040678024292,0.578620195388794,4.1230363845825195,1.8855985403060913,-5.122274160385132e-08,2.58988881111145,0.0,2.3657614946365357,13.102473258972168,0.591298520565033,0.6875812411308289,1.155356526374817,0.7607936859130859,5.8626756072044375e-08,8.784783363342285,1.267190827615559,2.0574185806671226,0.4060465693473816,0.5307465195655823,7.159230947494507
794,0.027900572155794084,0.63125,0.7703333896838401,2.194899082183838,-1.424923539161682e-07,2.3223695755004883,0.0,2.524402356147766,18.300627517700196,0.09035583585500717,0.5888524651527405,1.0257765054702759,0.7574998140335083,1.4398247003555297e-07,3.743971347808838,0.9795573534443974,1.1106131547828546,0.4141063094139099,0.54891437292099,5.295425224304199,2.390734910964966,-1.7229467630386353e-08,2.215684413909912,0.0,2.3622304677963255,9.629906463623048,0.5946734547615051,0.6906483173370361,1.1596519947052002,0.7608452439308167,1.1408701539039612e-08,10.577956199645996,1.069334907643497,1.6369453704465526,0.370842307806015,0.5174257755279541,4.782285118103028
795,28.76993762017894,0.9178125000000001,0.8922389694318491,1.5280158519744873,3.5390257835388184e-08,2.664489984512329,0.0,2.520508313179016,15.527021503448486,0.09308215230703354,0.5903244018554688,1.028892993927002,0.7579391002655029,-2.3376196622848512e-08,3.3316428661346436,1.028479477390647,1.2199039647039585,0.4352814555168152,0.4964098334312439,7.450518226623535,1.886222004890442,2.7008354663848877e-08,2.2020888328552246,0.0,2.358612084388733,25.361306381225585,0.5967387557029724,0.6932231187820435,1.16343355178833,0.7606580257415771,-1.885928213596344e-08,9.277222633361816,1.8292519469745456,2.6167708746092195,0.4139518141746521,0.5646151304244995,5.1707252025604244
796,0.13784784597633307,0.728125,0.42187967380633645,1.7384876012802124,1.2293457984924316e-07,2.663128614425659,0.0,2.51581609249115,11.009813594818116,0.0961521789431572,0.5922843813896179,1.0326852798461914,0.7580734491348267,-1.226551830768585e-07,5.503359794616699,1.24421061091125,1.6452918273946158,0.37090998888015747,0.5363428592681885,6.88111834526062,1.9011192321777344,1.587904989719391e-07,2.1873672008514404,0.0,2.3544224739074706,9.40827989578247,0.5993785262107849,0.6956903338432312,1.1669737100601196,0.76072096824646,-1.5632249414920806e-07,10.387958526611328,1.637405849993229,2.5348567720176205,0.3947783410549164,0.522015392780304,4.868518114089966
797,0.03007806318626279,0.8628125000000001,0.7704337225150157,2.2824206352233887,-1.1175870895385742e-08,2.274155616760254,0.0,2.5100933790206907,26.050071907043456,0.09972354024648666,0.5948641896247864,1.0370672941207886,0.758159339427948,1.4621764421463012e-08,3.492053270339966,1.069235803419724,1.3533030573920581,0.37012389302253723,0.564293384552002,6.1184272289276125,1.905632495880127,8.42846930027008e-08,2.3035082817077637,0.0,2.3502487421035765,10.7527512550354,0.6026121377944946,0.6977519989013672,1.1702638864517212,0.761516273021698,-7.986091077327728e-08,9.825465202331543,1.0685231151524932,1.6884656444104622,0.41256481409072876,0.512874960899353,5.668505430221558
798,0.09473067126136428,0.75125,0.5663077151980147,1.8629002571105957,1.387670636177063e-07,1.9909557104110718,0.0,2.504391980171204,27.115411376953126,0.10374920815229416,0.5975885391235352,1.041512370109558,0.7583250999450684,-1.2470409274101258e-07,9.340288162231445,3.5388865819200874,3.2996954090628687,0.3437546491622925,0.5905507206916809,4.049751663208008,2.1850786209106445,1.5832483768463135e-07,2.4928500652313232,0.0,2.345858597755432,24.354781532287596,0.60597163438797,0.6995828151702881,1.173394799232483,0.7626199126243591,-1.5655532479286193e-07,9.96186351776123,1.3693466445431113,2.148893713155532,0.3926923871040344,0.5269502401351929,6.229350471496582
799,60.21048453243461,0.68,0.22775858666083426,2.152315139770508,-1.2712553143501282e-07,2.6034774780273438,0.0,2.4989292144775392,6.73165192604065,0.10778257250785828,0.5999371409416199,1.0457203388214111,0.7581995725631714,1.2670643627643586e-07,9.449209213256836,4.659812250733376,3.4383612008180258,0.4223882555961609,0.495989590883255,6.7664999008178714,1.9067364931106567,7.450580596923828e-08,2.365746021270752,0.0,2.341093635559082,12.900350570678711,0.6096206307411194,0.7016914486885071,1.1767942905426025,0.7634525895118713,-7.795169949531555e-08,10.499671936035156,2.0593993501272054,3.0027915070028324,0.4052509069442749,0.5018630027770996,5.49980206489563
800,0.11544262604939451,0.704375,0.35275003343068917,2.2259209156036377,9.313225746154785e-09,2.0951220989227295,0.0,2.495296359062195,5.705860185623169,0.11031097918748856,0.6019401550292969,1.049405574798584,0.7590757012367249,-1.4141551218926906e-08,8.86508846282959,3.9965725645422934,3.5250351126616826,0.36496180295944214,0.5607911348342896,5.086043930053711,2.142172336578369,-2.7939677238464355e-09,2.1036617755889893,0.0,2.336838984489441,12.631202697753906,0.6130233407020569,0.7041095495223999,1.1805542707443237,0.763454258441925,4.563480615615845e-09,9.533187866210938,1.9033533266745508,2.5108816017715108,0.33402758836746216,0.6060085892677307,5.127027416229248
801,4.669352916842299,0.8178124999999999,0.29998694689148186,2.1065220832824707,-1.210719347000122e-08,1.999754786491394,0.0,2.4930211305618286,12.821752834320069,0.11105441302061081,0.6028379201889038,1.0512521266937256,0.7605682015419006,1.0244548320770264e-08,8.736763000488281,2.349663666263223,3.0578257667761655,0.3699231743812561,0.49864324927330017,3.988498568534851,1.8144166469573975,-8.381903171539307e-09,2.3706483840942383,0.0,2.3333571910858155,19.806911849975585,0.6156430840492249,0.7059926390647888,1.1838289499282837,0.7632259130477905,9.825453162193299e-09,10.002095222473145,1.6244711792096496,2.6236055605017836,0.36350342631340027,0.5489990711212158,5.472129774093628
802,0.035766494474269134,0.8221875000000001,0.6664775715838386,2.343022346496582,8.381903171539307e-08,2.263005018234253,0.0,2.4896214246749877,14.019714546203613,0.11213692277669907,0.6039848923683167,1.0535475015640259,0.7614748477935791,-7.906928658485413e-08,8.6873197555542,2.5282826226670294,2.8494562167495348,0.41181695461273193,0.5587323307991028,4.92282280921936,2.2666900157928467,1.0803341865539551e-07,2.0021920204162598,0.0,2.3295140743255613,17.569008445739748,0.6181513071060181,0.708051323890686,1.1873093843460083,0.7633768320083618,-1.1194497346878052e-07,7.1975321769714355,0.936418870370835,1.33043384047686,0.406227171421051,0.5581029057502747,4.752372455596924
803,0.07006088199778807,0.8253124999999999,0.816393312649331,2.4134042263031006,5.844049155712128e-08,2.3153300285339355,0.0,2.48520667552948,8.951279449462891,0.11320250481367111,0.6061105728149414,1.057062029838562,0.7628921866416931,-5.802139639854431e-08,3.821082830429077,1.059710177127272,1.328839607369713,0.3757484555244446,0.5488845109939575,5.333033895492553,1.960364818572998,-1.862645149230957e-08,2.467583656311035,0.0,2.3249938249588014,36.265655517578125,0.6207854151725769,0.7105466723442078,1.191219687461853,0.7636630535125732,1.5925616025924684e-08,9.042732238769531,0.9771565672941506,1.5863551874562396,0.34867045283317566,0.5884096026420593,7.063134431838989
804,0.7870920995602277,0.7849999999999999,0.20677109006990682,2.0559282302856445,-2.66125425696373e-07,2.422894239425659,0.0,2.480786848068237,5.5187760353088375,0.11411792784929276,0.6080288290977478,1.0604897737503052,0.7641315460205078,2.6263296604156494e-07,8.947487831115723,4.8047294519841675,3.3965263987886885,0.3984564542770386,0.4823504686355591,6.098877048492431,2.1976358890533447,-1.2852251529693604e-07,1.5495184659957886,0.0,2.3202529430389403,24.59748954772949,0.623979389667511,0.71314537525177,1.1952046155929565,0.7639690041542053,1.3583339750766754e-07,8.84092903137207,1.0242639505304396,1.5364082416468356,0.3760913014411926,0.514768660068512,2.754099988937378
805,5.43468206776154,0.6903125000000001,0.3094220085732683,1.8001794815063477,2.7008354663848877e-08,2.5765392780303955,0.0,2.477860164642334,8.04432315826416,0.1156168282032013,0.6092755794525146,1.0634788274765015,0.764367938041687,-2.4260953068733216e-08,9.238487243652344,3.9165942311286925,3.4074717680921958,0.403921902179718,0.5906716585159302,7.0269678115844725,2.507396697998047,2.0023435354232788e-08,1.8453086614608765,0.0,2.3155786991119385,19.294874954223634,0.6275109052658081,0.7155311703681946,1.199021577835083,0.7643712162971497,-1.7369166016578673e-08,10.19134521484375,1.825301942229271,2.7278360482731703,0.2997945249080658,0.5404284596443176,4.268664312362671
806,0.11686055636338458,0.8456249999999998,0.4699768685086269,2.2138636112213135,-9.313225746154785e-09,1.9795533418655396,0.0,2.476527762413025,7.5955287456512455,0.11816930025815964,0.6101977825164795,1.065641164779663,0.7637406587600708,1.2479722499847412e-08,9.472146987915039,3.482313347235322,3.687715658661589,0.3743090033531189,0.5441423654556274,4.5880327224731445,1.8361610174179077,1.7229467630386353e-08,2.674431324005127,0.0,2.3108975648880006,14.897839641571045,0.6309479475021362,0.7179334163665771,1.2027757167816162,0.7645666003227234,-1.7881393432617187e-08,9.903202056884766,1.8589032482355834,2.5257213816843618,0.4194570481777191,0.5480484366416931,7.067822217941284
807,0.170698566244337,0.6840625,0.42317142495548,1.8562260866165161,1.816079020500183e-08,2.2488505840301514,0.0,2.4757739305496216,16.114115619659422,0.12111788988113403,0.6110166311264038,1.0668330192565918,0.7629139423370361,-2.2817403078079224e-08,9.653411865234375,3.7401672462932765,3.6126884114502085,0.4068419337272644,0.5022099614143372,5.034135389328003,1.8396596908569336,-4.0046870708465576e-08,2.6898515224456787,0.0,2.30679829120636,12.293758964538574,0.6346092224121094,0.7203717231750488,1.206695556640625,0.7647969126701355,3.883615136146546e-08,10.168793678283691,1.273815342504531,2.3061877846152945,0.38456571102142334,0.5630645155906677,7.131466484069824
808,0.5052296016786448,0.7128125000000001,0.2304310821814412,1.6675132513046265,4.0512531995773315e-08,2.35562801361084,0.0,2.473520350456238,8.202752113342285,0.12474838644266129,0.6124309301376343,1.0689343214035034,0.7626538276672363,-3.66009771823883e-08,9.64924144744873,4.776936032623053,3.789607741557772,0.4116535782814026,0.5878269672393799,5.689824724197388,1.8905006647109985,-1.0570511221885681e-07,2.45621919631958,0.0,2.3025391340255736,34.41372718811035,0.6379886865615845,0.7229204177856445,1.2107561826705933,0.7648030519485474,1.0242220014333724e-07,10.022298812866211,2.2787702116183937,2.9111378597727047,0.3932296633720398,0.5423616170883179,6.497705698013306
809,0.033948869954061725,0.7637499999999999,0.6732633229554791,1.7609577178955078,3.3993273973464966e-08,2.277007818222046,0.0,2.4710490703582764,21.10562400817871,0.12887097895145416,0.6138847470283508,1.0723739862442017,0.7626595497131348,-3.5017728805541994e-08,3.4481046199798584,0.9618920928798615,1.146371486686175,0.3849637508392334,0.5223923921585083,4.960795831680298,2.0980513095855713,-1.695007085800171e-07,2.2209904193878174,0.0,2.297497272491455,12.105673789978027,0.6414622068405151,0.725690484046936,1.2148799896240234,0.7648110389709473,1.723412424325943e-07,2.949281930923462,0.7556785915512592,0.9532818215020727,0.3679666519165039,0.5700088739395142,5.265811014175415
810,0.12803245833238192,0.9887499999999999,0.7318544777221294,2.0244715213775635,-3.632158041000366e-08,2.0543553829193115,0.0,2.467880201339722,10.627414131164551,0.1329725831747055,0.6157596111297607,1.0765634775161743,0.7629511952400208,3.6135315895080564e-08,3.2339606285095215,0.7929839916294441,1.0472394023439615,0.3428715467453003,0.5763904452323914,5.857635974884033,1.8032692670822144,-8.800998330116272e-08,2.1904256343841553,0.0,2.2928592920303346,17.028055953979493,0.6443881988525391,0.7286850214004517,1.2189186811447144,0.7649277448654175,8.55419784784317e-08,9.035879135131836,0.8188364322297275,1.4186779691565785,0.40314799547195435,0.47907426953315735,4.8451735496521
811,1479.1190980566812,0.63875,0.11075486709609075,1.9937505722045898,4.6566128730773926e-08,2.222867250442505,0.0,2.4647682189941404,17.761026191711426,0.13687756657600403,0.6176131963729858,1.0799996852874756,0.7629125118255615,-5.676411092281342e-08,9.340789794921875,4.163466438651085,3.716905000903797,0.3966524600982666,0.5070450305938721,4.910026121139526,2.1590681076049805,-3.189779818058014e-08,2.95212721824646,0.0,2.2891044855117797,32.374363327026366,0.6474176645278931,0.7311428189277649,1.2225478887557983,0.7659714221954346,3.03611159324646e-08,10.397660255432129,1.8886051642708481,2.8123317729976414,0.40511587262153625,0.6007429957389832,9.680837535858155
812,4.46893999883534,0.6709375000000001,0.280190628448421,2.0788142681121826,-1.955777406692505e-08,2.8017637729644775,0.0,2.4609414100646974,11.671582317352295,0.13987915217876434,0.6192501187324524,1.083215594291687,0.7636315226554871,1.8510036170482635e-08,9.691532135009766,4.993857861310244,3.699230580899281,0.4082779884338379,0.499130517244339,7.6429150104522705,1.979465126991272,-7.543712854385376e-08,2.5137228965759277,0.0,2.28490788936615,20.611852836608886,0.6504419445991516,0.7333581447601318,1.226075530052185,0.766823410987854,7.3947012424469e-08,9.632570266723633,2.112560097919777,2.622621882174402,0.3587439954280853,0.54632967710495,6.388893890380859
813,31.194287723252824,0.7240624999999999,0.40721018253314967,1.8067477941513062,-5.029141902923584e-08,1.93527352809906,0.0,2.456240701675415,14.673251247406006,0.1419593244791031,0.6209146976470947,1.0867414474487305,0.7651898860931396,4.6100467443466187e-08,5.5424394607543945,1.1020075269974767,1.4603913996682025,0.36010706424713135,0.5259374380111694,3.9455408811569215,1.7445026636123657,1.0151416063308716e-07,2.6073856353759766,0.0,2.280542182922363,11.375851058959961,0.6537595987319946,0.7358115315437317,1.2300091981887817,0.7668375968933105,-1.0994262993335724e-07,3.2405283451080322,0.7101948944851756,0.9833596039710067,0.4286971092224121,0.5117394328117371,7.022281885147095
814,0.6579962293391809,0.951875,0.8692724297013992,2.9938113689422607,2.3748725652694702e-08,2.3988351821899414,0.0,2.4524436950683595,7.2856635570526125,0.14341780543327332,0.6226871609687805,1.090408205986023,0.7677807211875916,-2.3469328880310058e-08,4.365742206573486,0.8970987049397081,1.1908831610458226,0.4006670117378235,0.5193250775337219,6.680605745315551,1.9446892738342285,-7.916241884231567e-09,2.2419168949127197,0.0,2.2754878044128417,15.434677982330323,0.6572563052177429,0.7384295463562012,1.233613133430481,0.7669505476951599,7.310882210731506e-09,5.768928527832031,0.8278783165849746,1.2485161009860946,0.41370779275894165,0.5197480320930481,6.7574320316314695
815,0.6377245280657899,0.7893749999999999,0.41393189892054066,2.3527324199676514,-1.6763806343078613e-08,2.203207492828369,0.0,2.4499234914779664,34.48494911193848,0.14505009353160858,0.6246237754821777,1.0938628911972046,0.7698839902877808,1.5366822481155396e-08,9.708871841430664,2.869052315317094,3.717414054731469,0.4072341322898865,0.5455712080001831,4.893369817733765,1.6337270736694336,-2.1280720829963684e-07,2.069995880126953,0.0,2.271102523803711,16.297245216369628,0.6603261828422546,0.740845799446106,1.2368428707122803,0.7670786380767822,2.15042382478714e-07,10.54696273803711,1.4028864845167845,2.184003135703995,0.43419960141181946,0.4718550741672516,4.406328201293945
816,0.33911669418503104,0.5506249999999999,-0.11762459079099963,1.663944959640503,-2.8870999813079834e-08,2.3295669555664062,0.0,2.44617121219635,26.14569797515869,0.1477435678243637,0.6266496181488037,1.097195029258728,0.7705802321434021,2.8801150619983674e-08,9.7555513381958,5.141509685665369,3.7726877120656606,0.43525221943855286,0.5204744935035706,6.768337106704712,2.0991201400756836,-2.4028122425079346e-07,2.011347532272339,0.0,2.26844379901886,34.34533538818359,0.6619679927825928,0.7425181865692139,1.2396059036254883,0.766986608505249,2.4260953068733215e-07,11.197343826293945,4.381488420814276,3.324772531652213,0.34273815155029297,0.5154383182525635,3.9746721982955933
817,0.34323156840326685,0.5900000000000001,0.1272743593947273,1.8047022819519043,-1.7904676496982574e-07,2.4395594596862793,0.0,2.441563940048218,18.368509674072264,0.15127703547477722,0.6288400888442993,1.1008752584457397,0.7705079913139343,1.7960555851459503e-07,9.63629150390625,5.130880719423294,3.8275292544338737,0.4528113603591919,0.4582918882369995,6.545225954055786,1.9011274576187134,4.6566128730773926e-09,2.016409397125244,0.0,2.2651508808135987,22.96063175201416,0.663846492767334,0.7442301511764526,1.2426667213439941,0.7674729824066162,-3.6787241697311403e-09,10.028216361999512,2.383235345967114,2.761681077676346,0.3892229497432709,0.518723726272583,4.925801086425781
818,0.2394000406671036,0.8825,0.5034785115484137,1.8066630363464355,5.029141902923584e-08,2.0820109844207764,0.0,2.4364471435546875,23.161083793640138,0.15428465604782104,0.6307031512260437,1.1045622825622559,0.7704893350601196,-4.344619810581207e-08,9.50277328491211,2.34422326348722,2.8766032419201215,0.38053637742996216,0.5390105247497559,4.309585380554199,1.5765897035598755,-1.6670674085617065e-07,2.405125617980957,0.0,2.261180567741394,22.800485610961914,0.6664006114006042,0.7464407086372375,1.24624764919281,0.7680176496505737,1.6551930457353591e-07,10.977860450744629,1.1649665857665241,2.0715932374859474,0.37127023935317993,0.5253985524177551,6.662821435928345
819,259.7970919860717,0.8987499999999999,0.16075940912685435,2.008216142654419,6.472691893577576e-08,2.2109358310699463,0.0,2.431455683708191,16.669172859191896,0.1570812314748764,0.632672131061554,1.1083147525787354,0.7705695033073425,-6.621703505516052e-08,7.118311882019043,1.1484963891096414,1.6641317587181848,0.39068078994750977,0.5113301277160645,5.735302877426148,1.8465876579284668,-8.847564458847046e-09,1.9935609102249146,0.0,2.257157564163208,21.568975067138673,0.6689625382423401,0.7488981485366821,1.2499611377716064,0.7682114243507385,1.3224780559539794e-08,10.225733757019043,1.1373237609048374,1.952196807440226,0.30833500623703003,0.6096916198730469,4.573502111434936
820,0.0257313262305258,0.9262499999999999,0.7479775580367618,1.5243184566497803,5.029141902923584e-08,1.9719469547271729,0.0,2.428108048439026,20.36431770324707,0.1599220633506775,0.6341528296470642,1.1107144355773926,0.7701998949050903,-5.671754479408264e-08,9.240462303161621,1.976688730949536,2.9811148646890997,0.33991408348083496,0.5546790957450867,3.7454946279525756,2.0365142822265625,-1.0989606380462646e-07,2.1636135578155518,0.0,2.253959226608276,11.687414264678955,0.6711980104446411,0.7514144778251648,1.2537164688110352,0.7682142853736877,1.1324882507324218e-07,8.811960220336914,1.5752028684946708,2.140253508809083,0.36821088194847107,0.5505947470664978,5.621351051330566
821,0.040528339463493844,0.8984375,0.8203323835646132,1.4476310014724731,4.889443516731262e-08,2.5458967685699463,0.0,2.425017833709717,34.340545654296875,0.16153433918952942,0.6353256702423096,1.1128547191619873,0.7707908153533936,-5.541369318962097e-08,3.6128721237182617,1.0525874979852232,1.3207454283388051,0.448000967502594,0.5354457497596741,11.999724674224854,1.8473821878433228,2.5192275643348694e-07,1.903241515159607,0.0,2.251605772972107,39.37156372070312,0.6739999055862427,0.7533884048461914,1.2567739486694336,0.7679997086524963,-2.545304596424103e-07,9.917275428771973,1.243563332501799,2.0225055312997267,0.35697656869888306,0.5353643894195557,3.5010493516922
822,5.7898323328068,0.8318749999999999,0.09906377358260558,1.878177285194397,4.7963112592697144e-08,2.4657480716705322,0.0,2.4210410118103027,26.089418029785158,0.1636745184659958,0.6368035078048706,1.1157499551773071,0.7710863947868347,-5.727633833885193e-08,5.3891448974609375,1.1377630348550156,1.5419915761070198,0.4041590094566345,0.5321131944656372,6.053497409820556,1.9775340557098389,-1.4808028936386108e-07,2.311089277267456,0.0,2.2490028619766234,11.174130821228028,0.6772927641868591,0.7553304433822632,1.2599389553070068,0.7679265737533569,1.4929100871086122e-07,9.744903564453125,0.9781794444192201,1.6087833442330481,0.3877478241920471,0.49035677313804626,5.367379903793335
823,0.08655240864531413,0.8171875,0.38227675040290765,2.182464599609375,-6.51925802230835e-09,2.262538433074951,0.0,2.416200613975525,30.205987548828126,0.16699126362800598,0.6386715769767761,1.119064211845398,0.7707380056381226,5.3551048040390015e-09,5.012071132659912,1.125304265646264,1.3059401264928956,0.3758341670036316,0.5427677631378174,4.93305459022522,2.294029951095581,1.0989606380462646e-07,1.881401777267456,0.0,2.24855899810791,10.095862483978271,0.679273784160614,0.7565500736236572,1.262306571006775,0.7679224014282227,-1.0523945093154907e-07,9.422240257263184,1.2520744546316565,2.127899819316262,0.37985897064208984,0.5529072284698486,3.5619654178619387
824,0.5759726564644417,0.8275,0.4016831780413903,1.9594210386276245,-6.332993507385254e-08,2.190216541290283,0.0,2.411218500137329,20.81737003326416,0.17009921371936798,0.6407597064971924,1.1227614879608154,0.7708057165145874,6.230548024177552e-08,9.813541412353516,2.267626502877101,3.091043439931596,0.3963312804698944,0.525387704372406,5.534129095077515,2.1371634006500244,-1.555308699607849e-07,2.2675013542175293,0.0,2.249501895904541,7.728465747833252,0.6800222396850586,0.7566697597503662,1.2637009620666504,0.7674283981323242,1.6028061509132385e-07,9.177112579345703,1.3015322869643569,2.0337078801320043,0.34209030866622925,0.5320765376091003,5.096770763397217
825,2.040398763875271,0.641875,0.13388705494482106,1.956707239151001,-7.450580596923828e-09,2.154057025909424,0.0,2.406555414199829,10.316330623626708,0.17327584326267242,0.6430100202560425,1.126838207244873,0.7708386778831482,1.0430812835693359e-08,9.763840675354004,5.291923168301582,3.834930750883401,0.37090134620666504,0.55262291431427,4.9416579246521,1.9921401739120483,8.66129994392395e-08,1.941896915435791,0.0,2.249802994728088,35.24990463256836,0.6791000962257385,0.7562472224235535,1.2641817331314087,0.7674604654312134,-8.852221071720123e-08,10.745957374572754,2.7533527759835126,3.477517763033589,0.3725775182247162,0.4932190775871277,3.809721899032593
826,0.2407434964687106,0.8528125000000001,0.45366930991070353,1.7096468210220337,1.0477378964424133e-07,1.9500164985656738,0.0,2.4034671783447266,16.134349822998047,0.17530015110969543,0.6451123356819153,1.1304117441177368,0.7721347212791443,-1.0384246706962585e-07,5.265414237976074,1.5684564758092165,1.844823035669526,0.3958636522293091,0.5289221405982971,5.553139591217041,2.140436887741089,8.568167686462402e-08,1.7906396389007568,0.0,2.2477482318878175,23.94821834564209,0.6796497702598572,0.7568243741989136,1.2657285928726196,0.7685325145721436,-7.506459951400756e-08,10.045980453491211,1.4808589058928192,2.3547417525404337,0.40485936403274536,0.47369369864463806,3.3209044218063353
827,1.1549700498761755,0.8271875,0.5705786656867227,1.7336387634277344,-1.5087425708770752e-07,2.033277750015259,0.0,2.4013868808746337,10.59437599182129,0.17585602402687073,0.6466391682624817,1.1332417726516724,0.7744579911231995,1.5087425708770752e-07,9.665559768676758,2.8540569165721537,3.674915543533076,0.37500327825546265,0.5533680319786072,4.335259246826172,1.9531984329223633,9.080395102500916e-08,1.7866688966751099,0.0,2.2460506677627565,15.456077289581298,0.6827057600021362,0.7585368156433105,1.2683650255203247,0.7691924571990967,-8.64267349243164e-08,8.084476470947266,1.0772033985704184,1.4937804225412532,0.3673762381076813,0.5207887887954712,3.256683111190796
828,214.36755287243358,0.969375,-0.056593903476459775,2.0454773902893066,5.448237061500549e-08,2.5089035034179688,0.0,2.3987026453018188,14.168420791625977,0.17561037838459015,0.6481112241744995,1.1354352235794067,0.7767077684402466,-5.217734724283218e-08,8.509734153747559,1.4656779802404345,1.9280752813068227,0.38172829151153564,0.4867609143257141,6.425587892532349,1.8263969421386719,1.043081283569336e-07,2.2918741703033447,0.0,2.2475653886795044,24.489245414733887,0.6834614872932434,0.7591249346733093,1.2690140008926392,0.7701178193092346,-1.0225921869277954e-07,10.37691593170166,1.095916691236198,1.7606645973999147,0.3761306405067444,0.531063437461853,5.302242422103882
829,95.6127338183898,0.6365624999999999,0.4811860631403498,1.924304723739624,-4.0046870708465576e-08,2.0939197540283203,0.0,2.3955304622650146,16.42343921661377,0.17701534926891327,0.6495137214660645,1.1377606391906738,0.7776291966438293,3.594905138015747e-08,9.783748626708984,2.8225850289687515,3.506122704331121,0.35439497232437134,0.5177648067474365,5.158278322219848,1.65315842628479,-4.516914486885071e-08,2.282299757003784,0.0,2.247862386703491,8.281555557250977,0.6820831894874573,0.7589796185493469,1.268574833869934,0.7711555361747742,5.504116415977478e-08,6.5995893478393555,1.6632901588454843,2.24081104693608,0.3697722256183624,0.4992733597755432,5.310938978195191
830,0.05684034365375703,0.74125,0.49872951636574464,2.2261786460876465,-8.847564458847046e-08,1.561435341835022,0.0,2.392260122299194,23.082565689086913,0.18052300810813904,0.6509857773780823,1.140339970588684,0.7773303985595703,8.766073733568192e-08,5.310770034790039,2.296974120102823,1.8209569347166155,0.32602375745773315,0.5353749394416809,2.4151925325393675,2.261767625808716,2.3748725652694702e-08,2.2612314224243164,0.0,2.245369720458984,21.536067008972168,0.6821057796478271,0.7604801058769226,1.2699263095855713,0.7726083993911743,-2.1979212760925294e-08,10.445443153381348,1.5240820217877626,2.3519561534562357,0.42699965834617615,0.4628821015357971,5.378062057495117
831,1.301364745698073,0.7840625,0.2000050375263996,1.6924153566360474,-6.984919309616089e-09,1.8268733024597168,0.0,2.388322687149048,21.711760330200196,0.18398189544677734,0.6529658436775208,1.1435627937316895,0.7779405117034912,1.6298145055770874e-09,8.787856101989746,2.8747433297336102,3.6484495749329398,0.3316435217857361,0.5335943102836609,3.742913556098938,2.0466701984405518,-1.2852251529693604e-07,2.148534059524536,0.0,2.244481611251831,11.46164436340332,0.6834110617637634,0.7615925669670105,1.2710013389587402,0.7736421823501587,1.3257376849651336e-07,10.492168426513672,1.8231376680545508,2.8782756209165625,0.4003409147262573,0.5523963570594788,4.795562410354615
832,1.0599413691516113,0.9309375000000001,0.49949227491183146,2.066528558731079,1.7695128917694092e-08,2.303126573562622,0.0,2.3855552434921266,6.188568925857544,0.18516908586025238,0.6545978784561157,1.146491289138794,0.7795370221138,-1.4901161193847656e-08,7.3134565353393555,1.959353850968182,2.5936430788309686,0.38128969073295593,0.494782418012619,5.333991575241089,2.018186330795288,3.725290298461914e-08,2.477900743484497,0.0,2.2418142795562743,13.090122985839844,0.6853899955749512,0.762916088104248,1.2725857496261597,0.7744306325912476,-3.5529956221580504e-08,10.31870174407959,1.3064315874129533,2.087176034300074,0.38624444603919983,0.5750178098678589,6.3885050296783445
833,16.81268220283222,0.859375,0.2566362661340653,2.1986711025238037,-8.800998330116272e-08,2.1481878757476807,0.0,2.384048008918762,20.60181655883789,0.18563376367092133,0.656130313873291,1.149354338645935,0.7812939286231995,8.670613169670104e-08,7.597686290740967,1.6027976345270871,2.1747355637487487,0.33749061822891235,0.521368145942688,4.83198766708374,2.0295610427856445,1.6065314412117004e-07,1.8099738359451294,0.0,2.2380702257156373,30.73709831237793,0.6873842477798462,0.764643669128418,1.2750623226165771,0.7749453783035278,-1.6381964087486268e-07,10.743034362792969,1.0415597728453576,1.8950390871245526,0.35851967334747314,0.5279492735862732,4.112848854064941
834,0.03050067682302039,0.7074999999999999,0.5797307710121556,1.5268813371658325,-1.364387571811676e-07,2.4219326972961426,0.0,2.382005214691162,41.42744827270508,0.18816670775413513,0.6576783061027527,1.1520718336105347,0.7810781002044678,1.3629905879497528e-07,7.004629135131836,2.0582901490852237,2.3209582348222164,0.3932837247848511,0.5055490136146545,5.892691898345947,1.9187597036361694,1.1827796697616577e-07,2.3664095401763916,0.0,2.2341170072555543,7.154349517822266,0.6900864243507385,0.7668378353118896,1.2782639265060425,0.7749287486076355,-1.1380761861801148e-07,8.652132987976074,1.0871351333335042,1.5075948729893547,0.3973262310028076,0.49053820967674255,5.857059955596924
835,12.37753696237386,0.8003125000000001,0.13831071578839788,2.135518789291382,7.264316082000732e-08,2.4104225635528564,0.0,2.379080390930176,12.805174350738525,0.1921076774597168,0.6593919992446899,1.1550095081329346,0.780203640460968,-7.264316082000732e-08,10.444601058959961,5.194974628090859,3.9490765098541365,0.4190659523010254,0.5505874752998352,6.127877521514892,2.1178202629089355,-3.3527612686157227e-08,2.1998414993286133,0.0,2.2318768978118895,24.53505744934082,0.6909846663475037,0.7685626149177551,1.2803184986114502,0.7753334045410156,3.4738332033157346e-08,11.554576873779297,2.1103793756105005,3.189407698837013,0.35561349987983704,0.533808171749115,4.946527147293091
836,0.03556091299649485,0.971875,0.8566853378076111,1.8466285467147827,5.21540641784668e-08,2.173091173171997,0.0,2.37696168422699,23.084868812561034,0.19485586881637573,0.6606284379959106,1.157602310180664,0.7806899547576904,-5.820766091346741e-08,3.167088747024536,0.893105077650398,1.1597041527425251,0.36824920773506165,0.4729326665401459,5.683791732788086,1.885129690170288,-1.257285475730896e-07,2.4168431758880615,0.0,2.2279276847839355,12.001919078826905,0.6922478675842285,0.7705925107002258,1.282741665840149,0.7761032581329346,1.280102878808975e-07,9.888330459594727,1.5340733064338565,2.5452197146799436,0.36033201217651367,0.574692964553833,5.6728472232818605
837,0.1217652576616703,0.7081250000000001,0.45699683128730245,2.2784857749938965,8.009374141693115e-08,2.595517158508301,0.0,2.3735751867294312,40.280212783813475,0.19587337970733643,0.6619210243225098,1.1601274013519287,0.7825156450271606,-8.046627044677735e-08,4.3695878982543945,1.9306654718704521,1.9059606338514459,0.4666776955127716,0.49742111563682556,6.412161254882813,1.9836974143981934,-4.470348358154297e-08,1.6616168022155762,0.0,2.2228501081466674,12.773609256744384,0.6945652961730957,0.773086667060852,1.2861047983169556,0.7762937545776367,4.272442311048508e-08,10.120343208312988,1.2444468431174756,1.6058787444734266,0.38453835248947144,0.5050206780433655,2.8690581798553465
838,0.5506987782812058,0.8828125,0.3696915074482555,2.061222553253174,3.3527612686157227e-08,2.2166061401367188,0.0,2.368913006782532,46.01850967407226,0.19743908941745758,0.6638252139091492,1.1634396314620972,0.7837722301483154,-3.3900141716003417e-08,3.8430495262145996,1.3008761046919972,1.4558930026883017,0.4230171740055084,0.4614317715167999,5.646196269989014,2.253054618835449,6.51925802230835e-09,1.9115656614303589,0.0,2.2179699659347536,28.229241561889648,0.697359025478363,0.7758365273475647,1.2898861169815063,0.7765862941741943,-6.984919309616089e-09,11.074496269226074,1.9837094348855318,3.084681254575741,0.31108424067497253,0.5805636048316956,3.656450033187866
839,1.6512911315748056,0.70625,0.42030917786346367,2.009908676147461,-2.1141022443771362e-07,1.9881213903427124,0.0,2.3638506174087524,32.74225273132324,0.19936636090278625,0.6657578945159912,1.1670544147491455,0.7843266725540161,2.1252781152725219e-07,9.777562141418457,2.727581206150353,3.6028715600538406,0.390117883682251,0.5209412574768066,4.208824205398559,1.9373518228530884,1.1734664440155029e-07,2.294915199279785,0.0,2.2131163597106935,15.357679462432861,0.7008168697357178,0.7787266373634338,1.29387366771698,0.7768786549568176,-1.1157244443893432e-07,9.510377883911133,1.3966056676581502,2.031531122279509,0.43210309743881226,0.5129526853561401,6.4987420558929445
840,0.3165266205826505,0.7509375,0.2911371176075502,2.301844835281372,-3.0174851417541504e-07,2.3330628871917725,0.0,2.358445334434509,28.72830810546875,0.20148935914039612,0.6676986813545227,1.1706277132034302,0.7844458222389221,3.006309270858765e-07,10.065703392028809,3.214255176531151,3.726774955440953,0.41471338272094727,0.533824622631073,6.244331121444702,1.708069086074829,5.541369318962097e-08,2.2988805770874023,0.0,2.20846803188324,27.4835994720459,0.7038165926933289,0.7812037467956543,1.2973140478134155,0.7772881388664246,-5.727633833885193e-08,9.873969078063965,1.317656533047557,1.907468174178935,0.3486713767051697,0.5365756154060364,5.463677597045899
841,0.13220260611355553,0.5728125000000001,0.15394047416317014,2.1219396591186523,1.2386590242385864e-07,1.7974703311920166,0.0,2.353225326538086,8.30060977935791,0.20364703238010406,0.6696875691413879,1.1741877794265747,0.7843943238258362,-1.2402888387441636e-07,10.353044509887695,5.296145872026682,4.050868375121218,0.3595300316810608,0.5545279383659363,4.051345586776733,2.224454879760742,5.448237061500549e-08,1.9959443807601929,0.0,2.204122281074524,10.75129804611206,0.7066394090652466,0.7833277583122253,1.3004980087280273,0.7775192856788635,-5.541369318962097e-08,11.070272445678711,1.4807388956658543,2.1759755235223825,0.35404497385025024,0.5448443293571472,4.52821979522705
842,0.7377969001872761,0.685,0.142406718659133,1.5179904699325562,-1.5133991837501526e-07,2.0372672080993652,0.0,2.348577547073364,25.82188720703125,0.2057866007089615,0.6714878082275391,1.1770051717758179,0.7840893268585205,1.4870893210172654e-07,9.938953399658203,3.647672419436276,3.6767784375355546,0.3778459131717682,0.4803681969642639,6.190655136108399,1.5843487977981567,1.8905848264694214e-07,2.267162561416626,0.0,2.200474166870117,28.525287246704103,0.7097023129463196,0.7853332757949829,1.3036261796951294,0.7777209281921387,-1.8607825040817262e-07,10.03558349609375,1.5845034141093493,2.337850258707084,0.4132910370826721,0.5261995792388916,5.816411542892456
843,0.05210377036108418,0.9309375,0.7664991817914537,1.9185550212860107,6.891787052154541e-08,2.137444257736206,0.0,2.344176721572876,49.74505348205567,0.2090739607810974,0.6731789112091064,1.179793357849121,0.7831786870956421,-6.507616490125656e-08,7.468652248382568,1.1558001138269902,1.5804993798623943,0.3025880753993988,0.5687323808670044,4.594307613372803,2.371643543243408,1.4016404747962952e-07,2.475719690322876,0.0,2.1962055921554566,35.27876281738281,0.7131733298301697,0.787540853023529,1.3070063591003418,0.7781111598014832,-1.4333054423332215e-07,10.248208045959473,0.8364989387802779,1.4447024461353064,0.35853052139282227,0.5608664155006409,5.967068719863891
844,0.6440042332120871,0.714375,0.12920457456480444,2.008232831954956,3.958120942115784e-08,2.630545139312744,0.0,2.3394302129745483,24.797200202941895,0.21292074024677277,0.67516028881073,1.1832067966461182,0.7822251319885254,-4.0605664253234865e-08,10.349889755249023,5.335705996677279,4.080463959704006,0.4006246328353882,0.4793736934661865,6.938966417312622,2.3184731006622314,-1.5925616025924683e-07,2.3075554370880127,0.0,2.1916441679000855,15.861569023132324,0.7165992856025696,0.7897146940231323,1.3105238676071167,0.7785900831222534,1.6600824892520905e-07,10.749509811401367,1.863200947176665,2.5919501584499045,0.3798562288284302,0.5194829702377319,5.289656686782837
845,1.3410289534160413,0.6275,0.2611108410124418,2.080254554748535,4.6100467443466187e-08,2.391495704650879,0.0,2.3347503185272216,27.118825912475586,0.21641530096530914,0.6774377226829529,1.187074899673462,0.7819530963897705,-4.861503839492798e-08,10.831598281860352,5.6249802395701405,4.0218039636583915,0.4084096848964691,0.49321186542510986,5.898340892791748,2.1015772819519043,-5.21540641784668e-08,2.4380223751068115,0.0,2.187224841117859,55.05987663269043,0.7189229130744934,0.7918448448181152,1.3138437271118164,0.77918541431427,4.568137228488922e-08,11.07328987121582,3.7520574226975443,3.4751670283002096,0.3697814345359802,0.5271384716033936,5.883014392852783
846,231.72134517517924,0.6634375,0.1445973956496966,1.917737364768982,-3.725290298461914e-08,1.8221803903579712,0.0,2.329939365386963,23.991088104248046,0.21885129809379578,0.67950439453125,1.1907947063446045,0.7827051877975464,3.562308847904205e-08,9.3895263671875,2.234744821861386,3.1039539442601325,0.3709053099155426,0.4868937134742737,3.6882510662078856,1.8123759031295776,-6.798654794692993e-08,2.3813767433166504,0.0,2.18235981464386,22.30839252471924,0.7215327024459839,0.7941828966140747,1.3173184394836426,0.7796582579612732,8.33999365568161e-08,2.6093056201934814,0.7935345711186528,0.893377147669855,0.3832753896713257,0.5466116666793823,5.699755477905273
847,0.7128366468111376,0.67625,0.2863072674312848,1.7056827545166016,7.729977369308472e-08,2.4748387336730957,0.0,2.3256087779998778,14.636065673828124,0.22038361430168152,0.6812634468078613,1.194148063659668,0.7841423153877258,-7.80448317527771e-08,10.147459030151367,3.8527323091868313,4.380326065982834,0.3847105801105499,0.5315924286842346,6.317719602584839,1.9740674495697021,3.5390257835388184e-08,2.353652000427246,0.0,2.1781285285949705,13.263670825958252,0.7249976992607117,0.7966970205307007,1.3211109638214111,0.7797437310218811,-3.4226104617118835e-08,11.656535148620605,2.2786963222548366,3.0171606853929203,0.3411501348018646,0.5162095427513123,7.542987298965454
848,0.13925006949467003,0.6728125,0.2031320769370853,2.2849931716918945,-1.3783574104309082e-07,2.0798823833465576,0.0,2.322774314880371,29.712474822998047,0.22254402935504913,0.6825903654098511,1.19662344455719,0.7836657762527466,1.4049001038074493e-07,10.629899978637695,5.4935376025736335,4.068055209318364,0.3661440312862396,0.5732988715171814,4.284700393676758,2.5914664268493652,1.1781230568885803e-07,1.7932565212249756,0.0,2.175666928291321,33.603589630126955,0.7281523942947388,0.7983742952346802,1.323826789855957,0.7794365882873535,-1.2079253792762755e-07,11.23472785949707,2.184580573067069,2.7621108305066455,0.4101380705833435,0.48849019408226013,5.062561082839966
849,0.049942501983520925,0.65625,0.41880388958345527,1.8446452617645264,8.451752364635468e-08,2.209455728530884,0.0,2.3191778898239135,33.84558181762695,0.22559133172035217,0.684086263179779,1.1992831230163574,0.782647967338562,-8.186325430870057e-08,10.641151428222656,5.60555454492569,4.050360166868487,0.3535229563713074,0.5351096987724304,4.797682428359986,2.0828402042388916,7.404014468193054e-08,2.2376959323883057,0.0,2.1729540109634398,13.422898006439208,0.7312695384025574,0.8001232147216797,1.3266483545303345,0.7793872952461243,-8.079223334789276e-08,10.08657455444336,1.6965040547307582,2.124010492746391,0.42214393615722656,0.47750720381736755,5.114626121520996
850,0.20290199751142132,0.6837500000000001,0.22332151554540056,2.25601863861084,1.0710209608078003e-08,2.6173949241638184,0.0,2.3153329133987426,32.75062789916992,0.2283231019973755,0.6860204935073853,1.2026185989379883,0.7825483679771423,-5.587935447692871e-09,10.5938138961792,5.334611091017723,4.183025557055741,0.45396173000335693,0.4719446301460266,8.964146137237549,1.8567887544631958,2.2584572434425354e-08,2.798884391784668,0.0,2.171202874183655,46.079924774169925,0.7347245216369629,0.8016093969345093,1.3293124437332153,0.7799793481826782,-1.6833655536174774e-08,11.004100799560547,3.1585406232625246,3.2381802462266296,0.4356510043144226,0.5133837461471558,7.716757917404175
851,0.3450574473236954,0.7971874999999999,0.5756590911851017,1.6812692880630493,-1.0756775736808777e-07,2.151655435562134,0.0,2.311457085609436,23.97769432067871,0.23163148760795593,0.6883106827735901,1.2064666748046875,0.7824035286903381,1.0379590094089508e-07,10.490307807922363,3.516251040343195,3.9098657048391603,0.38454580307006836,0.4725193977355957,4.759037923812866,1.9187017679214478,-7.450580596923828e-09,1.8231112957000732,0.0,2.1680898427963258,26.27874412536621,0.7381161451339722,0.8033223748207092,1.332289695739746,0.7806801199913025,1.6903504729270934e-08,11.671945571899414,2.804707493353635,3.597076804194105,0.33989664912223816,0.5292564034461975,4.163227939605713
852,0.5160568449972611,0.6603125000000001,0.2089260948238419,2.3866121768951416,7.869675755500793e-08,2.2966740131378174,0.0,2.3079079151153565,10.865756511688232,0.23558150231838226,0.6905045509338379,1.2102853059768677,0.782005250453949,-7.934868335723877e-08,10.392245292663574,5.607588494569063,4.142340622419875,0.3791167736053467,0.49843814969062805,5.4759361743927,2.3703174591064453,1.4668330550193787e-07,2.4552924633026123,0.0,2.1646218299865723,40.09155960083008,0.7416110038757324,0.8052073121070862,1.3355745077133179,0.780798614025116,-1.513457391411066e-07,10.302128791809082,1.7122916814871132,2.3303301338298263,0.35462769865989685,0.5442608594894409,5.967287158966064
853,0.03708838383095259,0.5493750000000001,0.3691856285879359,2.146472692489624,-3.725290298461914e-09,2.286189079284668,0.0,2.3053654432296753,37.013322067260745,0.2373647689819336,0.691866397857666,1.21297287940979,0.7833108305931091,-1.6763806343078614e-09,10.717557907104492,5.348672914505005,4.060208147777683,0.44250011444091797,0.471546471118927,5.529009675979614,1.99824857711792,8.66129994392395e-08,2.1242058277130127,0.0,2.161633849143982,13.454732513427734,0.7449880242347717,0.8071601986885071,1.3388296365737915,0.7808031439781189,-8.516944944858551e-08,5.306735038757324,0.9836694873869419,1.2799351778304024,0.3749449849128723,0.5355558395385742,5.2429839134216305
854,1.572166192331393,0.784375,0.13119545798085072,2.475900411605835,-1.0663643479347229e-07,2.2366929054260254,0.0,2.3019168853759764,42.974700927734375,0.23910707235336304,0.6931852102279663,1.2155886888504028,0.7848561406135559,1.1185184121131896e-07,10.467416763305664,5.521581145375967,4.2498332993681505,0.37584441900253296,0.5060065388679504,4.817191886901855,1.71484375,5.8673322200775146e-08,2.060135841369629,0.0,2.161104154586792,13.687085342407226,0.7468515634536743,0.8083888292312622,1.34102463722229,0.7817903757095337,-6.356276571750641e-08,12.021490097045898,4.036745937541127,3.940950463689699,0.41477248072624207,0.5261571407318115,4.691521692276001
855,6.0295488224502165,0.795625,0.2445750051660335,1.7690808773040771,-7.241033017635345e-08,2.814775228500366,0.0,2.2978312969207764,34.29812469482422,0.2406550645828247,0.694873034954071,1.2187509536743164,0.786615788936615,7.12461769580841e-08,10.7885103225708,4.21460791118443,4.575641075288443,0.3746615946292877,0.5077020525932312,7.837927007675171,2.1068272590637207,-3.864988684654236e-08,2.5840299129486084,0.0,2.1595210313796995,24.938381385803222,0.7478322982788086,0.8094902038574219,1.3429486751556396,0.7825913429260254,4.237517714500427e-08,11.563569068908691,1.663022264232859,2.536966296493184,0.39987894892692566,0.47176632285118103,6.695458936691284
856,0.12258150714050338,0.803125,0.3222582577557203,1.9108948707580566,1.6298145055770874e-07,2.598785877227783,0.0,2.2933536767959595,36.80124740600586,0.24163097143173218,0.6968185305595398,1.222118854522705,0.7888157963752747,-1.5655532479286193e-07,10.382102966308594,4.541339892800897,4.300436613209453,0.3961803615093231,0.5582668781280518,6.777307748794556,2.1069889068603516,9.778887033462524e-09,2.4844465255737305,0.0,2.1563883304595945,63.333464813232425,0.7498536109924316,0.8113062381744385,1.3456238508224487,0.7833892703056335,-9.59262251853943e-09,8.931822776794434,1.7752399493707345,2.020822909764966,0.40970152616500854,0.4740729033946991,6.442688035964966
857,0.1729327535321967,0.8056249999999998,0.6917324580393113,1.8010152578353882,-4.6566128730773926e-09,2.3206286430358887,0.0,2.2893847942352297,21.335017013549805,0.24260352551937103,0.6988211870193481,1.2256402969360352,0.7907544374465942,6.239861249923706e-09,6.36908483505249,2.034419149113819,2.405271350128169,0.38332515954971313,0.5522114634513855,6.686013221740723,1.9483509063720703,-1.7229467630386353e-08,1.8734225034713745,0.0,2.1522168636322023,50.92145195007324,0.7526470422744751,0.8134996294975281,1.3488584756851196,0.7837997078895569,1.3969838619232178e-08,11.873332023620605,1.449385657440871,2.4261329375614045,0.36649012565612793,0.5440279841423035,3.933767819404602
858,9.032586854514548,0.651875,-0.0029080997860673934,2.254154682159424,-4.842877388000488e-08,2.2731738090515137,0.0,2.286852407455444,24.318955612182616,0.2455296665430069,0.700158417224884,1.2283018827438354,0.7897458076477051,4.451721906661987e-08,10.826502799987793,5.548717402666807,4.394488071354383,0.3743724226951599,0.5155649185180664,5.326053714752197,2.0637168884277344,-5.587935447692871e-08,2.178217887878418,0.0,2.1481746673583983,23.13084716796875,0.7557141184806824,0.8157439231872559,1.3522580862045288,0.783894419670105,5.918554961681366e-08,11.914336204528809,3.448752517905086,3.426889373342358,0.4001255929470062,0.5004305243492126,4.689492177963257
859,0.04040296915841418,0.673125,0.4483864448291518,2.0350093841552734,9.685754776000977e-08,2.4476420879364014,0.0,2.284309649467468,24.46338005065918,0.24965021014213562,0.7013697624206543,1.2310997247695923,0.7875534892082214,-9.695068001747131e-08,11.185300827026367,4.66731313765049,4.373950846534415,0.4056771993637085,0.536734402179718,6.1060689926147464,2.601977586746216,-7.450580596923828e-08,2.4173836708068848,0.0,2.1442086696624756,36.72774658203125,0.7589465975761414,0.8183789849281311,1.3560317754745483,0.7835890054702759,7.958151400089264e-08,5.2644829750061035,0.985341373947449,1.1910716781753101,0.37274086475372314,0.5629742741584778,5.807225751876831
860,1.218942296174697,0.6340625,0.0965656404243728,1.9685498476028442,-2.1047890186309814e-07,2.429905891418457,0.0,2.2811826705932616,29.288638305664062,0.2539328336715698,0.7028173208236694,1.2341033220291138,0.7859643697738647,2.1359883248806e-07,10.615743637084961,3.576643115654588,4.124329650896214,0.40479037165641785,0.5223031640052795,7.004984998703003,2.35638427734375,-9.313225746154785e-10,2.059338092803955,0.0,2.139677119255066,21.46951198577881,0.7618331909179688,0.8209906220436096,1.3597664833068848,0.7832393646240234,1.5739351511001586e-08,11.625481605529785,2.6627435088157654,3.5111805751592597,0.38086357712745667,0.534899115562439,4.374213600158692
861,0.18060746428499938,0.66875,0.24233169885590228,2.0603291988372803,1.0337680578231812e-07,1.9882211685180664,0.0,2.277418613433838,35.03781661987305,0.25708332657814026,0.7044784426689148,1.2372677326202393,0.7859442234039307,-1.0686926543712616e-07,10.689728736877441,4.376857786253095,4.275623641789546,0.45418351888656616,0.49241942167282104,7.814109563827515,2.122157096862793,9.313225746154785e-09,2.028229236602783,0.0,2.135143685340881,38.24149131774902,0.7648701071739197,0.8234479427337646,1.363356351852417,0.7835765480995178,-1.5925616025924684e-08,11.739802360534668,1.874695852235891,2.7660969347537514,0.35144108533859253,0.5182969570159912,4.980361795425415
862,4.781417403536345,0.626875,0.004441280693182115,2.2956671714782715,-9.685754776000977e-08,2.3681421279907227,0.0,2.2729124546051027,28.09669589996338,0.25999313592910767,0.7063088417053223,1.2405803203582764,0.7860085964202881,9.378418326377869e-08,10.8014554977417,5.115331772714853,4.2028876720173285,0.3541310131549835,0.6100327372550964,5.769613742828369,2.2263002395629883,-1.7695128917694092e-08,2.4249167442321777,0.0,2.129909944534302,17.261664962768556,0.768282413482666,0.8262103199958801,1.367192029953003,0.7837291955947876,1.1082738637924195e-08,11.703872680664062,3.5978582110255957,3.880331205446828,0.314762145280838,0.5385909676551819,6.8775897979736325
863,0.1893160580102236,0.6434375,0.22174034612620436,1.9849647283554077,-5.122274160385132e-08,2.1324257850646973,0.0,2.268400025367737,33.689631652832034,0.2629052698612213,0.7084823250770569,1.2442681789398193,0.7865006923675537,5.2386894822120667e-08,10.794242858886719,4.710546461865306,4.270678148262333,0.40144723653793335,0.49595874547958374,4.467534112930298,2.0355000495910645,-5.145557224750519e-08,2.3142380714416504,0.0,2.1246842622756956,58.91899948120117,0.7717334628105164,0.829380989074707,1.3711761236190796,0.7835749387741089,5.085021257400513e-08,11.732709884643555,4.01043500136584,3.9870886263199217,0.35347044467926025,0.48149943351745605,5.295914030075073
864,5.868953527383867,0.7490625,0.0990680573588136,1.7445366382598877,4.866160452365875e-08,2.2249014377593994,0.0,2.264671206474304,18.257088279724123,0.26451626420021057,0.7105931639671326,1.2478066682815552,0.7882029414176941,-4.838220775127411e-08,11.092328071594238,5.900774945318699,4.151060387187003,0.37709301710128784,0.5068243145942688,5.214964914321899,2.1000165939331055,1.909211277961731e-07,2.0981690883636475,0.0,2.1194654226303102,41.5318546295166,0.7749359011650085,0.8323028087615967,1.3750187158584595,0.7833852171897888,-1.8831342458724975e-07,11.798823356628418,3.2771210350096225,3.5382320573071318,0.3932769000530243,0.47230058908462524,4.82362961769104
865,0.08932363185322915,0.8953125,0.36196751639444086,2.3455264568328857,-1.6577541828155518e-07,2.368229627609253,0.0,2.26231689453125,19.645326614379883,0.2654198110103607,0.7123026847839355,1.2507878541946411,0.7898858785629272,1.6763806343078613e-07,10.597618103027344,3.56143312593922,3.9763655996946388,0.43509766459465027,0.4910091161727905,6.072913122177124,1.8228353261947632,-1.5832483768463135e-08,2.1721127033233643,0.0,2.1143689155578613,31.62971935272217,0.7778686285018921,0.8349834680557251,1.3788013458251953,0.7830703854560852,1.611188054084778e-08,9.45263671875,1.8545431913807988,2.2008769461436466,0.3562716245651245,0.5903769731521606,4.985048770904541
866,0.23951819651384437,0.6203125,0.38979710385529903,1.6042274236679077,1.4901161193847656e-08,2.53794002532959,0.0,2.259416961669922,27.89685821533203,0.2660646438598633,0.7138967514038086,1.2535555362701416,0.7913566827774048,-1.0244548320770264e-08,10.410072326660156,4.406268418580294,4.167318756221343,0.46143966913223267,0.49374866485595703,11.159002494812011,2.08895206451416,-2.0675361156463623e-07,1.9943366050720215,0.0,2.1096609830856323,58.06294555664063,0.7805625796318054,0.8373955488204956,1.3822884559631348,0.7829657196998596,2.016313374042511e-07,11.523311614990234,1.4247677321080119,2.57755426265112,0.38330239057540894,0.5376901626586914,3.917667198181152
867,0.1884201065243371,0.7084374999999999,0.22489774627476206,2.3967525959014893,9.313225746154785e-10,2.589136838912964,0.0,2.2558472633361815,34.84751930236816,0.2664608955383301,0.7156599760055542,1.2566289901733398,0.7931336760520935,-1.1175870895385742e-09,10.491771697998047,4.778084096312523,4.263830303265969,0.4704524278640747,0.4900791645050049,7.091935396194458,1.840198040008545,1.862645149230957e-09,1.9411345720291138,0.0,2.104701113700867,42.25584526062012,0.7835023999214172,0.8397518396377563,1.385780692100525,0.7830241322517395,-7.776543498039245e-09,11.725157737731934,3.3971669815480707,3.4113963956646085,0.3825662136077881,0.4978084862232208,3.7943727016448974
868,0.12416096735527851,0.7378125000000001,0.5387420892709933,1.944855809211731,6.05359673500061e-08,2.483983278274536,0.0,2.2520469665527343,18.66756362915039,0.2669914662837982,0.7174813747406006,1.2597371339797974,0.7949578166007996,-6.346963346004487e-08,9.95887565612793,3.3673095549456775,3.3024205563060844,0.3707512617111206,0.5331955552101135,6.882738399505615,1.973881721496582,1.0058283805847168e-07,2.10819149017334,0.0,2.099493408203125,21.797829627990723,0.7866230010986328,0.8423905372619629,1.3895518779754639,0.7828772068023682,-1.0291114449501038e-07,11.870537757873535,1.6247017932590098,2.4703586898934873,0.38932156562805176,0.47173571586608887,4.964994287490844
869,0.049312731362472655,0.5900000000000001,0.5138073777132012,1.8304765224456787,-8.288770914077759e-08,1.7008020877838135,0.0,2.2489233016967773,17.037122535705567,0.2690942585468292,0.7193382978439331,1.2627456188201904,0.7951402068138123,7.846392691135406e-08,4.336730480194092,1.441451162379235,1.7721472140945786,0.3907008469104767,0.5146360993385315,4.328366041183472,1.7219574451446533,2.7939677238464355e-08,2.0324363708496094,0.0,2.095027542114258,42.773516464233396,0.7893078327178955,0.8443241119384766,1.3921687602996826,0.7826452851295471,-2.859160304069519e-08,2.8874411582946777,0.8465205936226994,1.0112741391471962,0.3541812300682068,0.512426495552063,4.519191932678223
870,2.4188644709774216,0.5784375,-0.1393288730470546,2.4265170097351074,8.381903171539307e-09,2.168631076812744,0.0,2.2478494882583617,60.97755317687988,0.2698782682418823,0.7198672890663147,1.2635425329208374,0.7952730655670166,-4.74974513053894e-09,10.818079948425293,5.420235273241997,4.354249836057428,0.3670996427536011,0.5295116901397705,5.420413541793823,2.2160863876342773,5.4016709327697754e-08,2.260424852371216,0.0,2.090232086181641,23.669024658203124,0.7920724749565125,0.8463534712791443,1.394901990890503,0.7827481031417847,-5.6321732699871065e-08,12.145429611206055,6.580813404917717,3.997665679556747,0.40192121267318726,0.526393711566925,7.281347751617432
871,0.20827946246767987,0.838125,0.8618939757031658,1.7267839908599854,7.450580596923828e-09,2.1836485862731934,0.0,2.245708537101746,20.3452449798584,0.27141910791397095,0.7203092575073242,1.264337420463562,0.7947930693626404,-8.987262845039368e-09,4.619114875793457,1.227640126273036,1.5187997689372503,0.40637341141700745,0.502140462398529,5.36449670791626,2.2965641021728516,-1.3131648302078247e-07,2.25184965133667,0.0,2.086703968048096,21.58322868347168,0.7943322658538818,0.8482682108879089,1.3976691961288452,0.7828372120857239,1.2936070561408997e-07,11.729223251342773,2.8705956496298315,3.0534459440040247,0.38447439670562744,0.523600161075592,5.010536623001099
872,0.09768178919846052,0.6118750000000001,0.3583225609078082,1.941104769706726,1.3783574104309082e-07,1.8976444005966187,0.0,2.2438453674316405,29.100006675720216,0.2754092514514923,0.7216077446937561,1.2663649320602417,0.7931226491928101,-1.4593824744224547e-07,9.470024108886719,1.563867042772472,1.9982585852665784,0.38797715306282043,0.4808754026889801,3.5655771017074587,2.3223609924316406,8.381903171539307e-09,2.4654109477996826,0.0,2.085003161430359,59.54551658630371,0.7952001094818115,0.8494337201118469,1.3996000289916992,0.7826749682426453,-5.4948031902313236e-09,3.2393558025360107,0.7437252954579889,0.9972648334057136,0.39420849084854126,0.5059832334518433,6.3373020648956295
873,3.487108880264465,0.9106249999999999,0.5327683953780606,1.7153083086013794,-1.1315569281578064e-07,2.3178694248199463,0.0,2.241336154937744,42.38968849182129,0.27935415506362915,0.723289966583252,1.269365668296814,0.7926146984100342,1.1124648153781891e-07,3.211667060852051,1.13917244579643,1.2004163685161953,0.4345976412296295,0.5097853541374207,5.476700782775879,1.6594730615615845,9.313225746154785e-09,2.2642204761505127,0.0,2.081356930732727,79.82811889648437,0.7966150641441345,0.850965678691864,1.4020205736160278,0.7826425433158875,-6.472691893577576e-09,11.7681245803833,1.0754825136624278,1.9690619935170657,0.39380180835723877,0.48433879017829895,5.167645454406738
874,0.547609251907883,0.8568749999999998,0.6640843919822048,2.3129799365997314,7.916241884231567e-09,1.8936541080474854,0.0,2.2381804466247557,16.32886734008789,0.2826005518436432,0.7250396609306335,1.272588849067688,0.7930121421813965,-2.7008354663848876e-09,10.18580150604248,1.300647086277604,2.1211925441212087,0.40214529633522034,0.5350068211555481,5.495617866516113,2.1691086292266846,-5.8673322200775146e-08,1.8153748512268066,0.0,2.076507878303528,20.115265083312988,0.799284040927887,0.8531379699707031,1.4052796363830566,0.7826418876647949,5.580950528383255e-08,6.551870822906494,0.8599705843487755,1.352206488483765,0.406428724527359,0.4736715853214264,3.451988625526428
875,0.07180427581866128,0.656875,0.3304677637797332,1.8499882221221924,-1.1548399925231934e-07,2.562687635421753,0.0,2.2353293895721436,18.820497894287108,0.28386402130126953,0.7267084121704102,1.2755359411239624,0.7944594025611877,1.203734427690506e-07,8.500757217407227,2.686160028539598,2.4898354934597973,0.3268490731716156,0.5390776991844177,6.766409063339234,1.6932640075683594,-2.421438694000244e-08,2.461571455001831,0.0,2.0710587978363035,28.194392204284668,0.8024873733520508,0.8561549782752991,1.4092187881469727,0.7827159762382507,3.022141754627228e-08,10.483489036560059,1.2789268085267396,2.123546529652627,0.44521385431289673,0.4737546145915985,11.1148756980896
876,98.60430399811953,0.6475,0.22020397433311087,1.8985894918441772,1.4435499906539917e-08,2.166996717453003,0.0,2.2317370891571047,18.423388671875,0.28496360778808594,0.7288002967834473,1.2789082527160645,0.7955689430236816,-2.507586032152176e-08,10.596131324768066,4.258588314428925,3.8808992286082766,0.37677115201950073,0.49439164996147156,5.216754007339477,1.8467694520950317,4.936009645462036e-08,2.359609603881836,0.0,2.06636221408844,35.734503173828124,0.8054776787757874,0.8586866855621338,1.412551760673523,0.7828888297080994,-5.112960934638977e-08,11.601638793945312,1.3220968219451605,2.3084150590064607,0.39948660135269165,0.5908803939819336,5.51129937171936
877,4.330297525404242,0.523125,-0.12004005991312591,1.6776156425476074,6.845220923423767e-08,2.1303067207336426,0.0,2.2277572631835936,47.63514175415039,0.2871673107147217,0.7312811613082886,1.2829633951187134,0.7960737943649292,-6.444752216339112e-08,11.040322303771973,5.461805235408247,4.342996338648796,0.34806525707244873,0.5183519721031189,4.853289556503296,1.668709635734558,1.3550743460655212e-07,1.9311802387237549,0.0,2.06327645778656,29.068528938293458,0.8082934021949768,0.8607723116874695,1.4155774116516113,0.7828684449195862,-1.348555088043213e-07,11.450675010681152,4.337280597537756,3.233739964393213,0.3861992359161377,0.47378647327423096,3.879208564758301
878,0.041774187788438284,0.828125,0.6803483593112698,2.1396138668060303,3.026798367500305e-08,2.085757255554199,0.0,2.223320198059082,33.6680362701416,0.2901152968406677,0.7336727380752563,1.286940097808838,0.7962539196014404,-2.9616057872772217e-08,10.941494941711426,3.7086458010599017,3.924271528091926,0.32937535643577576,0.5676879286766052,4.751796579360962,2.2117137908935547,4.0046870708465576e-08,2.123199462890625,0.0,2.0633997201919554,32.543467140197755,0.8092057108879089,0.8612095713615417,1.4162274599075317,0.7829082012176514,-4.153698682785034e-08,11.825956344604492,1.638808966986835,2.2667126843496934,0.3898718059062958,0.49972066283226013,4.823721075057984
879,0.8138593834286837,0.7775000000000001,0.19468149999626144,2.0955569744110107,5.634501576423645e-08,2.0114786624908447,0.0,2.2189311027526855,39.7272087097168,0.292554646730423,0.7359091639518738,1.2905666828155518,0.7969666123390198,-5.7904981076717374e-08,11.743597984313965,4.662254476174712,4.881542101013841,0.35251104831695557,0.5478349924087524,4.056668472290039,1.6095943450927734,4.470348358154297e-08,2.946017265319824,0.0,2.0616119623184206,22.264714431762695,0.8104904294013977,0.8618218302726746,1.417232871055603,0.7832322716712952,-4.1024759411811826e-08,11.940372467041016,4.567556960135699,3.933385826425175,0.3695138990879059,0.49847108125686646,8.676264667510987
880,0.26922058331593385,0.6378125,0.0814362085083846,2.0317468643188477,4.284083843231201e-08,2.221747636795044,0.0,2.2143226623535157,38.796651458740236,0.2943440079689026,0.7381840348243713,1.294365406036377,0.7982468605041504,-3.9907172322273256e-08,11.046467781066895,4.864714162983001,4.242895906612274,0.3405315577983856,0.5842854976654053,5.864688730239868,1.964220643043518,-1.2852251529693604e-07,2.2307896614074707,0.0,2.057401943206787,41.66181907653809,0.8132487535476685,0.8641547560691833,1.4203530550003052,0.783133327960968,1.254025846719742e-07,12.225188255310059,3.9750667192041873,3.2324387328452757,0.4082150459289551,0.49932122230529785,5.519677543640137
881,37.0528427808172,0.78875,0.28991497245073694,2.2945456504821777,-6.05359673500061e-08,1.4193452596664429,0.0,2.209011101722717,29.612466049194335,0.29673707485198975,0.7404298782348633,1.2980897426605225,0.7988605499267578,6.882473826408387e-08,10.467329025268555,2.356227812450379,3.378821100896565,0.36393922567367554,0.4960021674633026,4.65060453414917,2.213738203048706,-5.21540641784668e-08,2.058461904525757,0.0,2.052590823173523,35.57954635620117,0.8163100481033325,0.8667796850204468,1.423944115638733,0.7832081317901611,4.936009645462036e-08,12.45826530456543,1.6547844448126852,2.716676962737572,0.39668694138526917,0.4967275559902191,4.210353040695191
882,0.16838517023455551,0.6190625,0.1827584242721048,2.6001334190368652,1.1874362826347351e-07,1.912706971168518,0.0,2.204176354408264,33.19649810791016,0.2988772988319397,0.7425563931465149,1.3016626834869385,0.7993210554122925,-1.19674950838089e-07,11.501503944396973,5.811939520388842,4.338091303617417,0.3107406497001648,0.5519269704818726,5.6690901756286625,2.005383253097534,1.6298145055770874e-08,2.3860557079315186,0.0,2.0476454973220823,44.92978858947754,0.8187831044197083,0.8691928386688232,1.4273592233657837,0.7829435467720032,-1.8649734556674956e-08,12.445629119873047,5.436379485577345,3.7573686628484735,0.38482365012168884,0.4952675700187683,5.647593069076538
883,0.14559231779022813,0.7459374999999999,0.22450271951497663,1.947695016860962,1.8719583749771118e-07,1.8153425455093384,0.0,2.1997361183166504,26.73668842315674,0.3012329041957855,0.7446925044059753,1.305216670036316,0.7993516325950623,-1.9222497940063477e-07,11.206404685974121,4.787938185408711,4.651718526260615,0.34900033473968506,0.5349445939064026,4.393315553665161,1.8621042966842651,1.2293457984924316e-07,2.467341184616089,0.0,2.0428271532058715,14.675489330291748,0.8211181163787842,0.8715415000915527,1.4307650327682495,0.7825784683227539,-1.20699405670166e-07,12.114715576171875,4.44292366784066,3.7600552475583724,0.3896576166152954,0.5720483660697937,6.048997163772583
884,0.019922798064883968,0.9025000000000001,1.0003666108335847,1.5517789125442505,8.568167686462402e-08,2.1966519355773926,0.0,2.1964873313903808,28.4023157119751,0.3049262762069702,0.7463696002960205,1.30812668800354,0.7980215549468994,-7.635680958628654e-08,4.2281718254089355,0.9514181382954121,1.2329580361416632,0.40890365839004517,0.49659526348114014,5.7740764141082765,2.230756998062134,7.264316082000732e-08,2.0396728515625,0.0,2.038293170928955,62.5915470123291,0.8235334753990173,0.87380051612854,1.434049367904663,0.7829070687294006,-7.55302608013153e-08,3.379450798034668,0.6857729319948703,0.9550570518966099,0.3167981505393982,0.5339887738227844,4.951027965545654
885,0.2993263449916095,0.8296875,0.47241690110337303,1.6962552070617676,-2.9802322387695312e-08,2.373373031616211,0.0,2.1932380199432373,56.674845123291014,0.307756632566452,0.7478035092353821,1.3107296228408813,0.7974635362625122,2.8964132070541383e-08,11.636542320251465,3.8329676516354083,4.442364764660692,0.3799232542514801,0.5182729959487915,6.152267503738403,2.00122332572937,-2.421438694000244e-08,2.4090540409088135,0.0,2.034460020065308,25.932274627685548,0.8261249661445618,0.8762862086296082,1.4374922513961792,0.7833738923072815,2.845190465450287e-08,11.741782188415527,2.5582040762063114,3.0220337993105635,0.39976760745048523,0.46123114228248596,5.838901424407959
886,0.12447571020221762,0.608125,0.2693298742815006,2.2227237224578857,2.1327286958694458e-07,1.8988420963287354,0.0,2.1894009828567507,26.15547275543213,0.31040674448013306,0.7495721578598022,1.3138034343719482,0.7973593473434448,-2.130866050720215e-07,11.352324485778809,5.970171149820089,4.447001469250673,0.3554079532623291,0.5608096718788147,4.2951788902282715,2.2089571952819824,-8.381903171539307e-09,1.9224231243133545,0.0,2.03349289894104,41.52294845581055,0.8273298740386963,0.8776233792304993,1.4389854669570923,0.783487856388092,1.0430812835693359e-08,12.236615180969238,4.004112096875906,3.285195445471175,0.3443506360054016,0.5718743801116943,3.992298984527588
887,0.7754926891673932,0.7053125,0.09767295448510958,1.7307376861572266,-2.0489096641540527e-08,2.3298306465148926,0.0,2.186166000366211,22.831842041015626,0.31315046548843384,0.7512220144271851,1.316798210144043,0.797498881816864,1.909211277961731e-08,11.717158317565918,6.463174417614937,4.407982455850189,0.37348872423171997,0.5023447871208191,6.196760797500611,2.284626007080078,7.031485438346863e-08,1.8116451501846313,0.0,2.0308605909347532,36.78361015319824,0.8288883566856384,0.8788871765136719,1.4404373168945312,0.7840534448623657,-7.133930921554565e-08,13.077305793762207,4.921595122665167,3.8305230689609417,0.3749791979789734,0.5458694696426392,3.422794985771179
888,0.08433732521989365,0.5034375,0.08062577964534869,2.2729721069335938,4.6566128730773926e-08,2.2521004676818848,0.0,2.1846551179885862,66.02678756713867,0.31303533911705017,0.7521377801895142,1.318375587463379,0.7992468476295471,-4.0233135223388675e-08,11.269689559936523,6.137699565291404,4.599971942359411,0.3606809675693512,0.5521508455276489,5.837825679779053,2.037346839904785,1.2526288628578186e-07,2.0771336555480957,0.0,2.027238392829895,37.32232093811035,0.8313599228858948,0.8806958198547363,1.443033218383789,0.7846128344535828,-1.273117959499359e-07,12.016969680786133,5.725232882797718,3.9502161197869077,0.3667505085468292,0.6055564284324646,4.300076007843018
889,2.4375522148328512,0.586875,0.04152994926717477,2.2042038440704346,-1.816079020500183e-08,2.2041850090026855,0.0,2.1817925691604616,64.08380889892578,0.3133127987384796,0.7533512115478516,1.3204150199890137,0.8007662892341614,1.5040859580039977e-08,11.27646255493164,6.045325282216072,4.454946485042177,0.35767170786857605,0.563086748123169,5.191563606262207,2.1735243797302246,-1.4901161193847656e-08,1.776960849761963,0.0,2.0228846788406374,34.22134590148926,0.8338164687156677,0.8828476667404175,1.4461658000946045,0.7846406698226929,2.0582228899002077e-08,12.481245040893555,5.653916443139314,4.061978048012869,0.35202598571777344,0.5649388432502747,3.9173685789108275
890,0.04029293904860206,0.6846875000000001,0.4414932332389787,2.437342882156372,2.2351741790771484e-08,2.1842968463897705,0.0,2.177914929389954,60.834075164794925,0.3150618374347687,0.754909873008728,1.3232421875,0.8009131550788879,-2.421438694000244e-08,11.185999870300293,4.877248158957809,4.79577098005021,0.3544597625732422,0.5445012450218201,5.223408508300781,2.3649823665618896,3.632158041000366e-08,2.112445116043091,0.0,2.0192166328430177,93.00192337036133,0.836212694644928,0.8845993280410767,1.4486312866210938,0.7853310108184814,-3.6135315895080564e-08,12.574071884155273,6.24642483741045,3.986467553528389,0.36120474338531494,0.5715847611427307,4.319247388839722
891,0.05577463175196669,0.5859375,0.4065455136755137,2.1150712966918945,2.9802322387695312e-08,1.9297798871994019,0.0,2.1734561204910277,47.69268913269043,0.3176421523094177,0.7566741108894348,1.3263651132583618,0.8002400994300842,-2.537854015827179e-08,11.127120018005371,5.0123807393014435,4.211080779364164,0.3860810101032257,0.5114189982414246,4.414729499816895,1.7965736389160156,1.3969838619232178e-08,1.8978391885757446,0.0,2.0160363912582397,23.989902877807616,0.8388991951942444,0.8865200281143188,1.4514153003692627,0.7861139178276062,-1.5762634575366975e-08,12.278268814086914,3.9552047085016966,3.205533015138314,0.38677144050598145,0.5103622674942017,3.6727277994155885
892,0.12252924310434402,0.7637499999999999,0.3121814936475201,1.5649659633636475,-8.149072527885437e-08,2.6601366996765137,0.0,2.169239068031311,70.81687622070312,0.32048413157463074,0.7585507035255432,1.3297450542449951,0.7995133996009827,7.688067853450775e-08,11.112826347351074,4.402559285052121,4.685643010982164,0.4049699306488037,0.5247082114219666,8.542171287536622,2.09893536567688,-3.306195139884949e-08,2.6941111087799072,0.0,2.0150532007217405,47.128990936279294,0.8408408164978027,0.8874112963676453,1.45279061794281,0.7872832417488098,3.175809979438782e-08,11.954872131347656,3.6190933298319576,3.165252060661595,0.388272762298584,0.5580374598503113,7.80217227935791
893,0.2086448273774773,0.6671875,0.40533937568417083,1.5716257095336914,-1.6391277313232422e-07,2.5505473613739014,0.0,2.1649739265441896,32.10941848754883,0.3228286802768707,0.760443925857544,1.3331990242004395,0.799328088760376,1.6707926988601685e-07,11.64948844909668,4.97641547084786,4.773786030055293,0.40087592601776123,0.48567694425582886,7.634592962265015,2.6525723934173584,2.514570951461792e-07,1.5322898626327515,0.0,2.012014603614807,55.10889930725098,0.8428027033805847,0.8885015249252319,1.4544448852539062,0.7884056568145752,-2.465792931616306e-07,12.466202735900879,5.427324986830354,4.247197656086287,0.30740904808044434,0.5403832793235779,2.273449993133545
894,0.31003393507075555,0.709375,0.3521397927370195,2.498353958129883,-9.313225746154785e-08,2.271763563156128,0.0,2.16065628528595,38.21584777832031,0.32494062185287476,0.7622280120849609,1.3364863395690918,0.7991232872009277,9.257346391677857e-08,11.277342796325684,5.246268403530121,4.2585733218876145,0.3413303792476654,0.5976899266242981,6.342266464233399,2.3002140522003174,-1.0710209608078003e-08,2.9093642234802246,0.0,2.008135509490967,41.24778747558594,0.8451306819915771,0.8904520869255066,1.4573606252670288,0.7885410785675049,1.6158446669578554e-08,12.726202011108398,4.103121237829328,3.6633278381825756,0.3888701796531677,0.4727233648300171,8.438639831542968
895,131.47353264001413,0.5475,0.046330146241893064,1.9622207880020142,1.4901161193847656e-08,2.3378896713256836,0.0,2.156884551048279,32.56464328765869,0.3268217146396637,0.7640929222106934,1.3398813009262085,0.7995812892913818,-1.2665987014770507e-08,11.364265441894531,5.970271501317621,4.687853957784208,0.4164857864379883,0.5697083473205566,6.665909719467163,2.0438928604125977,7.636845111846924e-08,1.8696144819259644,0.0,2.0045871496200562,39.90839157104492,0.8474047780036926,0.892601490020752,1.4604299068450928,0.7882113456726074,-7.029157131910324e-08,12.143259048461914,4.195299474522471,3.702039033409489,0.3715388774871826,0.5121402740478516,3.555400562286377
896,0.24961650961032422,0.5865625,0.2474110603972103,2.2415220737457275,5.681067705154419e-08,2.0774221420288086,0.0,2.1536000967025757,77.02460708618165,0.32998383045196533,0.7657240033149719,1.3430027961730957,0.7992515563964844,-5.550682544708252e-08,12.180892944335938,6.4986862450838085,4.479823396224773,0.3353137671947479,0.48911601305007935,5.436065673828125,2.446516513824463,-1.564621925354004e-07,1.639758586883545,0.0,2.0014661073684694,38.31424827575684,0.8490195870399475,0.894438624382019,1.4631507396697998,0.7873154282569885,1.533888280391693e-07,12.845627784729004,5.181590943038463,3.8034428627231724,0.27031752467155457,0.5611003637313843,3.9039065837860107
897,0.061625943999250365,0.9112500000000001,0.8197344175287601,2.5797362327575684,3.91155481338501e-08,2.649183988571167,0.0,2.150183653831482,33.2677490234375,0.3343857526779175,0.7672778964042664,1.3459961414337158,0.7971898913383484,-4.0978193283081055e-08,3.2562026977539062,0.9706367204897106,1.1027218581863305,0.3477577567100525,0.5220433473587036,7.172642087936401,1.7751892805099487,-8.89413058757782e-08,2.5644381046295166,0.0,1.9977165341377259,50.49843788146973,0.8507930636405945,0.8964589834213257,1.4660706520080566,0.786904513835907,7.618218660354614e-08,12.609024047851562,1.3429783719591797,2.7201968859907475,0.4094918966293335,0.5093081593513489,6.548426151275635
898,0.22789746775402558,0.9100000000000001,0.8834451236493225,2.1586191654205322,7.683411240577698e-08,1.9742491245269775,0.0,2.1470563411712646,52.20479774475098,0.33708521723747253,0.7689125537872314,1.3488937616348267,0.7963209748268127,-8.116476237773896e-08,11.505257606506348,2.137020363099873,3.133506939070528,0.3119082748889923,0.5193539261817932,4.98418025970459,2.231935501098633,-7.962808012962341e-08,2.3006954193115234,0.0,1.9943183302879333,17.212353134155272,0.8534353971481323,0.8985369205474854,1.469199299812317,0.7872216701507568,7.585622370243073e-08,12.542400360107422,2.06413155416958,3.4437181664177348,0.3594585657119751,0.5501053929328918,5.358429288864135
899,0.06545728495948436,0.8809374999999999,0.5983284921078166,2.178363084793091,-9.220093488693237e-08,2.2347476482391357,0.0,2.1433423280715944,49.47097282409668,0.3385438323020935,0.7705894708633423,1.3519093990325928,0.7969391942024231,9.816139936447144e-08,5.177150249481201,1.9677025593817234,1.9178820996956352,0.3691512942314148,0.537174642086029,5.5079914093017575,1.7628179788589478,9.592622518539429e-08,1.929719090461731,0.0,1.992410147190094,28.170131492614747,0.854630172252655,0.9000783562660217,1.4712142944335938,0.7872395515441895,-9.788200259208679e-08,11.189004898071289,1.217884754948318,1.949038628860566,0.37739768624305725,0.5178956985473633,4.3019250392913815
900,0.17180906358140174,0.5559375,0.09395934266346267,1.8998167514801025,1.30385160446167e-07,2.013153314590454,0.0,2.1393824338912966,40.163551330566406,0.3414330780506134,0.7724700570106506,1.3551932573318481,0.7967008352279663,-1.344829797744751e-07,11.792547225952148,6.445672667771578,4.645722872185528,0.4147915542125702,0.4725281298160553,4.381054878234863,2.1693971157073975,-2.1513551473617554e-07,2.5990569591522217,0.0,1.9896274566650392,36.465142822265626,0.8552883267402649,0.9020287990570068,1.4736251831054688,0.786918580532074,2.1830201148986817e-07,12.26793098449707,4.210845379531383,3.2557979839086584,0.3958360552787781,0.5098748207092285,6.965910482406616
901,0.26745412549908565,0.6953125,0.10018827983579368,1.8415457010269165,-7.35744833946228e-08,2.2281577587127686,0.0,2.1358266830444337,43.57651863098145,0.34235966205596924,0.774133563041687,1.358016014099121,0.7985278964042664,7.67875462770462e-08,11.696907997131348,6.094302985072136,4.605897800090931,0.40516555309295654,0.5071566104888916,6.423481702804565,1.7269723415374756,6.612390279769897e-08,2.3140690326690674,0.0,1.9859220385551453,61.55744094848633,0.8568074703216553,0.9039616584777832,1.476301908493042,0.7870393395423889,-6.700865924358368e-08,12.11534309387207,5.771364626660943,4.1470731842439195,0.40565937757492065,0.47309353947639465,6.453659582138061
902,0.977553808638999,0.7699999999999999,0.1740187302482224,1.8578215837478638,-5.029141902923584e-08,2.3871192932128906,0.0,2.132248067855835,37.14180946350098,0.34310004115104675,0.7757442593574524,1.3608481884002686,0.8008443117141724,4.880130290985107e-08,8.69286823272705,1.545949471089989,2.008487982879974,0.410034716129303,0.45225197076797485,7.147668266296387,1.8522993326187134,-8.568167686462402e-08,2.1198954582214355,0.0,1.9816826343536378,82.14136276245117,0.8593448400497437,0.9058325290679932,1.4789254665374756,0.7877687811851501,8.272472769021988e-08,12.479986190795898,1.4317933193407952,2.5444824891081046,0.3662465810775757,0.516884982585907,4.497460889816284
903,0.0415499121714036,0.7921875,0.5662909216531198,1.9493224620819092,6.332993507385254e-08,2.2371327877044678,0.0,2.1294254302978515,30.726397895812987,0.3446076810359955,0.7773092985153198,1.363952875137329,0.8011277318000793,-6.379559636116028e-08,11.215538024902344,2.2099696442484857,3.0922218321439146,0.4382055401802063,0.4568122327327728,7.022959184646607,2.448942184448242,2.1886080503463745e-08,2.27713680267334,0.0,1.9771172165870667,94.17325439453126,0.8625152111053467,0.9079115390777588,1.481918454170227,0.7889368534088135,-3.147870302200317e-08,12.158039093017578,1.8932522298768162,2.6846844971699597,0.30987781286239624,0.556453287601471,5.544577121734619
904,0.11963798818557389,0.633125,0.2708351628505411,2.1141927242279053,5.9138983488082886e-08,2.065880060195923,0.0,2.128161311149597,42.003461837768555,0.3429698944091797,0.7780565619468689,1.365896463394165,0.8031966686248779,-6.230548024177552e-08,11.525226593017578,5.055084300786257,4.644355776951206,0.3949873745441437,0.4792866110801697,5.598137664794922,1.8819338083267212,1.0523945093154907e-07,2.137197256088257,0.0,1.972469115257263,69.09555358886719,0.8658652901649475,0.9099959135055542,1.4849833250045776,0.7901301383972168,-1.0356307029724121e-07,12.0956392288208,3.5387325949966906,2.714245172571424,0.3880768120288849,0.5611362457275391,5.626905298233032
905,3.772449223976133,0.6131249999999999,0.19218897322778053,2.2096526622772217,-5.587935447692871e-09,1.6981748342514038,0.0,2.1259228944778443,40.383732604980466,0.34144914150238037,0.7790058851242065,1.3680055141448975,0.8060881495475769,6.146728992462158e-09,11.931379318237305,5.717037908732891,4.721004983567585,0.3746291697025299,0.5639212727546692,5.851783037185669,2.1319398880004883,1.6810372471809387e-07,2.05476713180542,0.0,1.9675234794616698,75.10389862060546,0.8693845868110657,0.9124736785888672,1.488468050956726,0.7909947633743286,-1.7220154404640198e-07,12.489514350891113,5.725296591222286,4.198845208933661,0.3650987148284912,0.4664972424507141,4.796506929397583
906,0.1095673962137862,0.5334375,0.3527013149012664,1.8065361976623535,2.9802322387695312e-08,2.158933401107788,0.0,2.123552918434143,59.92349700927734,0.3431951403617859,0.780134916305542,1.3698850870132446,0.8064499497413635,-2.9010698199272154e-08,11.919429779052734,3.8551474231760947,4.618438288044553,0.40289804339408875,0.5194301605224609,5.916015481948852,2.0062270164489746,-1.1641532182693481e-08,2.2558767795562744,0.0,1.9632965326309204,26.65113983154297,0.8728623986244202,0.914995551109314,1.4921048879623413,0.7916797995567322,1.7881393432617187e-08,10.251885414123535,1.6514265324920416,1.892198250368029,0.36770766973495483,0.5256388783454895,5.521064376831054
907,0.8960425693276566,0.5903124999999999,0.17396362591572193,1.997946858406067,2.8870999813079834e-08,2.252378225326538,0.0,2.120173215866089,78.44188613891602,0.3453962802886963,0.7815732955932617,1.3721719980239868,0.8060070276260376,-2.458691596984863e-08,11.434991836547852,6.106346112117171,4.740826224135313,0.3495289087295532,0.5153751373291016,6.415909004211426,1.829568862915039,-3.259629011154175e-08,3.0374298095703125,0.0,1.9602385878562927,54.73688659667969,0.8752721548080444,0.9172468185424805,1.495063304901123,0.7913069725036621,3.692694008350372e-08,12.729025840759277,5.327942232787609,3.483447837372043,0.457903116941452,0.5150188207626343,10.118505096435547
908,0.05408615304415425,0.5421875,0.29934620778010423,2.838104724884033,-1.448206603527069e-07,2.222304344177246,0.0,2.1160346269607544,98.54017715454101,0.3477025330066681,0.7834304571151733,1.3752378225326538,0.8056461215019226,1.451931893825531e-07,11.50330924987793,5.792271580547094,4.57413855127069,0.39010295271873474,0.511059582233429,5.591128873825073,2.015239953994751,1.30385160446167e-07,2.06929874420166,0.0,1.9565184354782104,56.07010459899902,0.8775089979171753,0.9195273518562317,1.498101830482483,0.7909623980522156,-1.3213139027357101e-07,12.149261474609375,4.097606857866049,3.1842078188477005,0.36155426502227783,0.5213960409164429,4.339282989501953
909,0.06840058424630696,0.5509375000000001,0.24309485314773743,1.8473740816116333,8.847564458847046e-08,2.2009639739990234,0.0,2.11213538646698,40.62648086547851,0.3502318561077118,0.7852938175201416,1.3784681558609009,0.8048981428146362,-9.350478649139405e-08,12.298104286193848,6.604067818820477,4.636052752779223,0.3377850651741028,0.5753148794174194,5.520377349853516,1.5624163150787354,1.0151416063308716e-07,2.5897529125213623,0.0,1.9521764874458314,88.06240539550781,0.8802564144134521,0.9218143224716187,1.5015063285827637,0.7911627292633057,-1.0635703802108765e-07,13.430264472961426,7.784795087575913,4.567172204257533,0.3943127989768982,0.5519747138023376,6.7369202136993405
910,0.09951679970560903,0.9046875,0.7448843649542692,2.013157844543457,1.30385160446167e-08,2.4858527183532715,0.0,2.1091646909713746,22.702025413513184,0.35136374831199646,0.7867934107780457,1.381152868270874,0.805474579334259,-1.4994293451309205e-08,5.617090702056885,2.1591941393911838,1.7816849629667326,0.4309714734554291,0.510470449924469,8.103395462036133,2.2575571537017822,-6.891787052154541e-08,2.154945135116577,0.0,1.9472928524017334,78.1346664428711,0.8833180069923401,0.9242538213729858,1.5051536560058594,0.7914599180221558,6.458722054958343e-08,4.349635601043701,0.8370150692760945,1.1186483560426037,0.3569850027561188,0.5267719030380249,5.567831420898438
911,0.06847161394488492,0.6153125,0.31753034005185,1.6631336212158203,-4.6566128730773926e-08,2.053976058959961,0.0,2.1057419300079347,50.0064022064209,0.35371094942092896,0.7883639931678772,1.3841665983200073,0.8057937622070312,4.917383193969726e-08,11.539125442504883,5.941379958763719,4.772999265578611,0.4087226688861847,0.5082319378852844,6.8975293159484865,2.106724500656128,-1.5366822481155396e-08,2.425593614578247,0.0,1.942556917667389,49.90836524963379,0.8865006566047668,0.9267119765281677,1.5088560581207275,0.7917176485061646,1.62515789270401e-08,12.898747444152832,7.211021297425032,4.346392037307744,0.3830128014087677,0.4456712007522583,6.042849922180176
912,0.1270309390367532,0.655625,0.5698021388635924,2.0273728370666504,-1.862645149230957e-08,2.1715593338012695,0.0,2.101584315299988,60.168419647216794,0.35717421770095825,0.7901655435562134,1.3874685764312744,0.8049850463867188,1.923181116580963e-08,11.838112831115723,3.4093081556260585,4.717582272783101,0.334102988243103,0.5266016721725464,5.9252357006073,1.8749194145202637,3.585591912269592e-08,2.0688905715942383,0.0,1.9377456784248352,50.24862442016602,0.8892454504966736,0.9290502071380615,1.5122681856155396,0.7917448282241821,-2.8219074010849e-08,13.039545059204102,3.747106315754354,4.3122075738616,0.3984487056732178,0.5176255702972412,4.563065814971924
913,0.691107895197856,0.586875,0.10135421652242849,1.9675655364990234,-6.05359673500061e-08,3.0339109897613525,0.0,2.097231936454773,79.48492889404297,0.3604466915130615,0.7919807434082031,1.3907103538513184,0.8038935661315918,5.699694156646729e-08,11.988600730895996,6.4188672915101055,4.8500226926915975,0.4080043435096741,0.5678902268409729,9.773813343048095,2.4411628246307373,-6.891787052154541e-08,1.9319669008255005,0.0,1.9328692078590393,73.66040420532227,0.8916094303131104,0.9312528967857361,1.5154471397399902,0.7917115092277527,6.947666406631469e-08,12.832328796386719,6.812708903849125,4.374082779460253,0.3100263178348541,0.5400468707084656,3.7748252868652346
914,0.2425844520430692,0.6068749999999999,0.12468065658472713,1.83755624294281,-3.3527612686157227e-08,2.225252866744995,0.0,2.0925989627838133,80.89785766601562,0.36262375116348267,0.7938241958618164,1.3939703702926636,0.803540050983429,3.5064294934272765e-08,12.019147872924805,6.562773409485817,4.869574123564631,0.3934583365917206,0.5219732522964478,6.132664918899536,2.2359731197357178,-8.381903171539307e-08,1.8672043085098267,0.0,1.9281962871551515,24.32401065826416,0.8943043947219849,0.9336514472961426,1.5189012289047241,0.7918040156364441,8.800998330116272e-08,13.078142166137695,7.647583018243313,4.3874691680911795,0.4099692106246948,0.48565760254859924,3.5866714239120485
915,0.07495271168860174,0.8609375,0.6781889401651505,2.061570167541504,9.313225746154785e-10,2.046649932861328,0.0,2.0881407022476197,65.94789123535156,0.36483141779899597,0.7957556247711182,1.3973101377487183,0.8031011819839478,-7.450580596923828e-09,9.586533546447754,1.5243318846449256,1.8830354673668774,0.36883705854415894,0.508528470993042,5.296870517730713,1.899465560913086,7.916241884231567e-08,2.588703155517578,0.0,1.9251436352729798,53.243082427978514,0.8963971734046936,0.9352868795394897,1.5214433670043945,0.7916964292526245,-8.01868736743927e-08,12.961652755737305,1.5380581216420979,2.7904222063900126,0.3677390217781067,0.5144962072372437,6.841309976577759
916,0.29541431010343294,0.6215624999999999,0.22128428074349524,1.501488208770752,7.776543498039246e-08,2.6375606060028076,0.0,2.083810329437256,32.171434020996095,0.367238312959671,0.7978299856185913,1.4008632898330688,0.8032719492912292,-7.641501724720001e-08,11.849472045898438,6.501443266868591,4.723310396218065,0.3759666085243225,0.5494070053100586,10.023497104644775,1.7300992012023926,2.0489096641540527e-08,2.5757861137390137,0.0,1.9213419318199159,39.995391082763675,0.8987651467323303,0.9367199540138245,1.523715615272522,0.7918673157691956,-2.0954757928848267e-08,12.969539642333984,7.139346348494291,4.348365249170328,0.4247719645500183,0.4877465069293976,6.525714349746704
917,35.63392233847112,0.536875,-0.10726736540962008,2.110060214996338,-4.563480615615845e-08,2.0951292514801025,0.0,2.07969012260437,52.24062156677246,0.3701730966567993,0.7997703552246094,1.4044198989868164,0.8036379814147949,4.8242509365081784e-08,12.07103157043457,6.590753157436848,4.703338451193168,0.3557615280151367,0.5019102692604065,5.525016641616821,1.8070118427276611,-5.587935447692871e-09,2.2593071460723877,0.0,1.9166386723518372,51.82357559204102,0.9019500017166138,0.9389312267303467,1.5268981456756592,0.7923757433891296,3.166496753692627e-09,13.415367126464844,5.312874249368906,3.9829780878227146,0.3786284327507019,0.5124222636222839,5.117673015594482
918,0.8145112380087498,0.8115625000000002,0.4226641260365421,1.8035407066345215,-2.421438694000244e-08,1.942321538925171,0.0,2.075736165046692,66.69276580810546,0.3724619746208191,0.8015623688697815,1.4077812433242798,0.8042189478874207,2.2910535335540773e-08,12.149787902832031,3.81828207988292,3.989687986149721,0.3853989243507385,0.49661698937416077,5.290345478057861,1.648216724395752,-9.313225746154785e-09,2.697328567504883,0.0,1.9112807393074036,113.74332199096679,0.9051511883735657,0.94196617603302,1.5308921337127686,0.7924942970275879,9.96515154838562e-09,12.939358711242676,2.6314315227791667,3.7627805357581026,0.3691580891609192,0.48012617230415344,7.1623858451843265
919,3.021512511141747,0.8143750000000001,0.3296172516833341,2.140488386154175,5.4016709327697754e-08,1.841068148612976,0.0,2.071750831604004,51.029336547851564,0.37559959292411804,0.8032571077346802,1.4108647108078003,0.8036519289016724,-5.394686013460159e-08,11.90478229522705,3.599861915782094,4.8373153260119315,0.3857186436653137,0.4550129473209381,5.105130577087403,1.9082255363464355,-1.3504177331924438e-08,2.241941452026367,0.0,1.906103217601776,47.33018188476562,0.908424437046051,0.9449141025543213,1.5349106788635254,0.7925072312355042,1.5995465219020844e-08,11.277584075927734,2.658822238445282,2.721498403799145,0.3581988215446472,0.5465523600578308,5.140621995925903
920,0.05574512016021177,0.7146874999999999,0.47091187589212025,1.8102917671203613,3.725290298461914e-09,2.176025152206421,0.0,2.0681230545043947,33.60686912536621,0.37892863154411316,0.8049591779708862,1.4139426946640015,0.8028929829597473,-4.889443516731262e-09,11.972000122070312,6.18928196132183,4.803421671135772,0.3762280344963074,0.4889034926891327,5.785710048675537,2.281104564666748,-7.869675755500793e-08,3.0111372470855713,0.0,1.9007604360580443,87.16438446044921,0.911432683467865,0.9477074146270752,1.5388314723968506,0.792434573173523,7.69738107919693e-08,12.127840995788574,4.3471174642443655,3.377691831400733,0.37779247760772705,0.5511996746063232,9.006531810760498
921,0.5081837096940811,0.8003125000000001,0.369674398139017,1.8761168718338013,5.494803190231323e-08,2.632195234298706,0.0,2.0649333715438845,47.303423690795896,0.3813794255256653,0.8066866993904114,1.4170448780059814,0.8035403490066528,-5.289912223815918e-08,11.783193588256836,3.903410698566586,4.706741430988177,0.3144156038761139,0.5959595441818237,7.54816951751709,1.858030080795288,-1.5459954738616943e-07,2.487931251525879,0.0,1.8956048727035522,54.247061538696286,0.9144495129585266,0.9502881765365601,1.5425571203231812,0.7926428914070129,1.5720725059509278e-07,12.369662284851074,2.3030831016600133,2.667957669154386,0.42320477962493896,0.5048830509185791,6.137189626693726
922,0.3004672527011478,0.7565625,0.2968409229022986,2.1716508865356445,6.007030606269836e-08,2.2029380798339844,0.0,2.0614508628845214,77.28515319824218,0.3837053179740906,0.808419406414032,1.4200533628463745,0.8035498857498169,-5.795154720544815e-08,11.90080451965332,5.161350273247808,5.218251362788273,0.35543590784072876,0.5449581146240234,5.221870851516724,1.9526320695877075,4.6566128730773926e-09,2.2360668182373047,0.0,1.8907305359840394,67.18721542358398,0.9180501699447632,0.9528034925460815,1.5463554859161377,0.7928414940834045,-7.171183824539185e-09,13.77049446105957,5.212519605457783,4.49227246545372,0.38015806674957275,0.4994845688343048,4.975506258010864
923,5.347183628548324,0.7140625,0.29044441437019264,1.846459984779358,6.658956408500671e-08,2.3679866790771484,0.0,2.057741069793701,25.194880867004393,0.3862893581390381,0.8101158738136292,1.4232138395309448,0.8030757904052734,-6.654299795627594e-08,12.067464828491211,5.864152667485177,4.906409219544582,0.35290098190307617,0.5597972869873047,6.308844184875488,1.8542789220809937,-3.67872416973114e-08,2.5165185928344727,0.0,1.8864366054534911,37.27988815307617,0.9215008020401001,0.9550947546958923,1.5499860048294067,0.793080747127533,3.734603524208069e-08,12.900093078613281,4.298307621665299,3.9984195815834975,0.36646518111228943,0.5339231491088867,6.439311456680298
924,1.0659207244038926,0.603125,0.06474197799876497,1.7625733613967896,4.563480615615845e-08,2.384321928024292,0.0,2.0542978286743163,61.135101318359375,0.3884173333644867,0.8119786977767944,1.4264723062515259,0.8032598495483398,-4.270114004611969e-08,12.559552192687988,6.750026224553585,4.777791340738663,0.37917107343673706,0.5167250037193298,8.237661933898925,2.6503489017486572,3.166496753692627e-08,2.016516923904419,0.0,1.8821311593055725,43.47934150695801,0.9233304262161255,0.9568468928337097,1.5525296926498413,0.7929065823554993,-4.0512531995773315e-08,13.425573348999023,7.432472346723079,4.494728047644412,0.39570707082748413,0.47880110144615173,4.0801496505737305
925,0.4712619662714702,0.8009375000000001,0.18280967438368495,1.7141430377960205,-1.30385160446167e-07,2.386371374130249,0.0,2.0512046337127687,54.181201171875,0.3918978273868561,0.8138390779495239,1.4296621084213257,0.8014814853668213,1.296401023864746e-07,12.712648391723633,3.9574813559651374,5.190490572016068,0.3499680161476135,0.5609095096588135,6.703263854980468,1.9419385194778442,5.075708031654358e-08,2.2298424243927,0.0,1.876872968673706,87.51242446899414,0.9254669547080994,0.9589836001396179,1.5553302764892578,0.7927190661430359,-4.55416738986969e-08,13.233248710632324,3.8448741607367993,4.425533617092498,0.32646042108535767,0.5821375846862793,4.8570057392120365
926,3.553145078530451,0.5459375,-0.040426288684940484,1.8915690183639526,1.0151416063308716e-07,1.695678949356079,0.0,2.047631049156189,73.77556762695312,0.3953518271446228,0.8156493902206421,1.4328405857086182,0.8002195954322815,-1.0309740900993347e-07,10.880107879638672,1.680016766441986,2.5033982737665084,0.3408428728580475,0.5663532018661499,3.6926501750946046,1.689439296722412,8.381903171539307e-09,2.1764121055603027,0.0,1.8713274717330932,93.73444976806641,0.9283729195594788,0.961632251739502,1.5588823556900024,0.7925685048103333,-7.729977369308472e-09,7.362978458404541,1.0965828683692962,1.6792674471625224,0.3679589629173279,0.5502790212631226,4.941216373443604
927,11.247391478263577,0.4800000000000001,-0.14639974818369575,1.882472038269043,-4.7031790018081665e-08,2.163156747817993,0.0,2.043899989128113,22.149527168273927,0.3981718122959137,0.8175538778305054,1.4361337423324585,0.800403356552124,5.1641836762428286e-08,11.922137260437012,5.087136863917112,5.767442601851414,0.38464272022247314,0.49775928258895874,5.68575382232666,1.8099355697631836,-9.359791874885559e-08,1.7788032293319702,0.0,1.866004717350006,116.54494247436523,0.9315698742866516,0.9642072916030884,1.562483787536621,0.7925690412521362,9.303912520408631e-08,13.354133605957031,5.612107319384814,4.438708399376972,0.35033467411994934,0.5140401721000671,3.7976980686187742
928,1.3917347965271278,0.7428125,0.31523782362675495,2.2855162620544434,1.0989606380462646e-07,2.0233399868011475,0.0,2.0410792350769045,65.0341293334961,0.399222195148468,0.8192348480224609,1.438616394996643,0.8012660145759583,-1.0766088962554931e-07,11.611465454101562,5.027505371533334,4.497431575089204,0.3747457265853882,0.49891677498817444,5.266249513626098,2.020599126815796,-6.472691893577576e-08,2.3017258644104004,0.0,1.8609134435653687,72.55743408203125,0.9347923398017883,0.9666365385055542,1.566024899482727,0.7926414608955383,5.960464477539063e-08,13.143097877502441,2.8055066499859094,3.3114502217790616,0.41536858677864075,0.47299379110336304,5.318852233886719
929,0.0527331782569098,0.7021875,0.9694993197142544,2.392122983932495,7.916241884231567e-08,2.043207883834839,0.0,2.038103723526001,45.95584487915039,0.4009261727333069,0.8207643628120422,1.4409589767456055,0.8011634945869446,-7.897615432739258e-08,5.968609809875488,1.1770016830414534,1.627362886978193,0.4043702483177185,0.5523547530174255,4.944137239456177,2.0114388465881348,-1.0244548320770264e-08,2.003061056137085,0.0,1.8560448288917542,49.812982177734376,0.9382916688919067,0.9691040515899658,1.569602370262146,0.7931998372077942,6.565824151039123e-09,9.54201602935791,0.995044063241221,1.901306840267845,0.3986421525478363,0.5083781480789185,4.099660873413086
930,0.11357221637643382,0.6740625,0.4111807387855837,2.0652246475219727,2.514570951461792e-08,2.317093849182129,0.0,2.0357656478881836,66.33359146118164,0.4019094407558441,0.8221762776374817,1.4436551332473755,0.8028001189231873,-3.031454980373382e-08,12.90793228149414,4.923818324692547,5.485679900408432,0.4122820794582367,0.4902206063270569,6.335362529754638,2.7466423511505127,-1.2596137821674347e-07,1.8821607828140259,0.0,1.8514439940452576,72.33736877441406,0.9416304230690002,0.9712919592857361,1.5728299617767334,0.7939237356185913,1.1995434761047364e-07,13.429915428161621,5.560535069555044,3.9304940349334405,0.37593209743499756,0.5341793894767761,3.584333324432373
931,0.08054563576160459,0.625625,0.44642498490331023,1.7492225170135498,1.4551915228366852e-07,1.951186180114746,0.0,2.033138394355774,44.61025047302246,0.4021526873111725,0.8234986066818237,1.4462177753448486,0.8055909872055054,-1.496635377407074e-07,12.303521156311035,5.083675844105892,4.77617723232132,0.339494526386261,0.5112342238426208,4.644166135787964,1.845085859298706,-1.7415732145309448e-07,2.1520912647247314,0.0,1.8472527980804443,21.812795448303223,0.944956362247467,0.9734607934951782,1.5761258602142334,0.7945492267608643,1.7201527953147887e-07,10.873757362365723,1.4190728429704904,1.730617160199387,0.3928168714046478,0.5436847805976868,4.730438470840454
932,0.3075480687300837,0.73375,0.3578877098450487,2.1556894779205322,-2.60770320892334e-08,2.286947011947632,0.0,2.0301406621932983,76.56445922851563,0.40210872888565063,0.825065553188324,1.4490431547164917,0.8083839416503906,2.796296030282974e-08,12.37353801727295,5.612541712634266,5.133343897020246,0.38871192932128906,0.49177417159080505,6.296574306488037,1.8769052028656006,3.3527612686157227e-08,2.280330181121826,0.0,1.8436345100402831,69.81868972778321,0.9472453594207764,0.9747794270515442,1.577958106994629,0.7959433794021606,-3.5390257835388184e-08,13.04744815826416,5.033081142604351,4.015786942201743,0.34682556986808777,0.4886592924594879,5.597933769226074
933,1.8561494890268182,0.795625,0.481864046921676,1.8936505317687988,-4.0046870708465576e-08,2.2036972045898438,0.0,2.026534581184387,123.37264862060547,0.40218836069107056,0.8268501162528992,1.4520764350891113,0.8109842538833618,4.336470738053322e-08,11.518542289733887,4.274509646371007,4.280480773817923,0.33330732583999634,0.5461118817329407,6.122191143035889,2.1022391319274902,-2.169981598854065e-07,2.016359329223633,0.0,1.8401212453842164,26.575361061096192,0.9494496583938599,0.9763303995132446,1.5800703763961792,0.7970306277275085,2.1867454051971437e-07,13.575944900512695,2.2828922042623163,2.7994471555818663,0.3721189796924591,0.5497024655342102,4.656226873397827
934,0.13771704268076118,0.6425,0.40888730245499466,1.979844093322754,1.816079020500183e-08,1.8812521696090698,0.0,2.023064947128296,77.59015274047852,0.40362027287483215,0.8284581899642944,1.454838752746582,0.8117325305938721,-1.4156103134155273e-08,12.325943946838379,5.615281105041504,5.530712272241115,0.3751552402973175,0.48893705010414124,5.146991395950318,1.9121955633163452,5.634501576423645e-08,2.218923807144165,0.0,1.8382408976554871,97.70628814697265,0.951482892036438,0.9775941371917725,1.5817365646362305,0.7973886132240295,-5.7695433497428897e-08,13.67721939086914,3.0375108916312454,2.8099754621746205,0.35081565380096436,0.5959411263465881,5.177963447570801
935,0.10530368737362968,0.75125,0.39670069120504614,1.7762439250946045,-1.0244548320770264e-07,2.1198971271514893,0.0,2.0191132545471193,53.11435661315918,0.40628039836883545,0.8298887014389038,1.4573452472686768,0.8104830980300903,1.0349322110414505e-07,12.63345718383789,5.438398960418999,5.429994722483781,0.38131389021873474,0.48952069878578186,5.793180513381958,2.083195209503174,9.173527359962463e-08,2.1393043994903564,0.0,1.834911835193634,52.425362777709964,0.9538255929946899,0.9792308211326599,1.5839557647705078,0.7978135943412781,-8.64267349243164e-08,13.168389320373535,3.536565402150154,3.4333788657980637,0.3780631422996521,0.530220091342926,4.897625064849853
936,0.04800607788696358,0.618125,0.4025438742042553,1.8387892246246338,5.587935447692871e-08,2.3389956951141357,0.0,2.0148319005966187,67.95145721435547,0.4085749387741089,0.8313515186309814,1.4600367546081543,0.8089268207550049,-5.21540641784668e-08,12.235160827636719,6.430597708374262,4.848962363100003,0.40601348876953125,0.5476961135864258,8.355759620666504,1.8537631034851074,-1.0617077350616455e-07,2.4744057655334473,0.0,1.8308529734611512,129.91016998291016,0.9564023017883301,0.9809252023696899,1.5862932205200195,0.798699140548706,9.369105100631713e-08,12.648578643798828,2.579760728776455,2.311016950059791,0.42664194107055664,0.5383128523826599,6.457344579696655
937,0.04551470749569168,0.5946875,0.38365493014329155,1.9849936962127686,-2.8870999813079834e-08,2.381378412246704,0.0,2.0105538845062254,79.4195785522461,0.4105040431022644,0.8328762054443359,1.462846279144287,0.8082931041717529,2.9639340937137603e-08,12.36205768585205,5.728078516386449,5.010054823770232,0.3923934996128082,0.517909824848175,7.277642059326172,1.4153220653533936,2.2817403078079224e-08,2.3315281867980957,0.0,1.8262272477149963,44.083274841308594,0.9589135050773621,0.9828271865844727,1.5889338254928589,0.7992596626281738,-2.3655593395233153e-08,13.619831085205078,5.177478939108551,4.006444899001889,0.3631349802017212,0.4824070930480957,5.379171848297119
938,3.2751102261624694,0.749375,0.28510812749099734,2.0849077701568604,-5.774199962615967e-08,2.541165590286255,0.0,2.0064770221710204,54.46998176574707,0.41318580508232117,0.8345494866371155,1.465794324874878,0.8073843121528625,5.41098415851593e-08,12.58442211151123,4.646430260594935,5.109986467984364,0.4088081121444702,0.510643720626831,7.455565881729126,2.1542916297912598,1.862645149230957e-09,1.7680529356002808,0.0,1.8216020226478578,90.89570770263671,0.9610991477966309,0.9849528074264526,1.59193754196167,0.7991694808006287,-5.587935447692871e-09,13.560453414916992,4.506442803516984,4.730974402539249,0.32116061449050903,0.5123264193534851,3.98807897567749
939,0.12356995722920398,0.759375,0.5856702967986205,2.098513126373291,-2.0489096641540527e-08,2.070159435272217,0.0,2.0027051687240602,63.64549674987793,0.4159049689769745,0.8364073038101196,1.4689303636550903,0.8067001104354858,2.0116567611694337e-08,7.964877128601074,2.2493084313347937,2.017913457407672,0.39882969856262207,0.4787035286426544,6.260614347457886,1.925256371498108,5.587935447692871e-09,2.533078908920288,0.0,1.8167706608772278,83.43837280273438,0.9635744690895081,0.9872157573699951,1.595154047012329,0.799229085445404,-8.661299943923951e-09,2.906672477722168,0.5655982863157988,0.7171634092085368,0.3879152536392212,0.5063156485557556,6.378506278991699
940,0.10897552393749177,0.6440625000000001,0.3121905247284453,2.0006484985351562,1.1129304766654968e-07,2.0452849864959717,0.0,1.9991995215415954,98.54840774536133,0.4167163372039795,0.8379674553871155,1.4716711044311523,0.8082276582717896,-1.0477378964424133e-07,12.551319122314453,5.512758767977357,5.309887524686325,0.3878079056739807,0.5823714733123779,5.993271780014038,2.3258049488067627,3.934837877750397e-08,2.050333023071289,0.0,1.8122644305229187,67.01770629882813,0.9663002490997314,0.989352822303772,1.598379135131836,0.7994827032089233,-3.3574178814888e-08,12.813552856445312,2.4758575297892094,2.6161813951799373,0.31757277250289917,0.5901533365249634,6.540986776351929
941,0.16456778520854443,0.568125,0.03256749476061555,2.102992534637451,-2.421438694000244e-08,2.3154513835906982,0.0,1.9950287222862244,119.02519760131835,0.41773974895477295,0.8394637703895569,1.474328875541687,0.8094380497932434,2.169981598854065e-08,12.732461929321289,7.1480557665228845,4.887783927229696,0.35026097297668457,0.5250464677810669,6.5189516067504885,2.0755832195281982,-8.800998330116272e-08,1.9652273654937744,0.0,1.807910192012787,44.50012130737305,0.9691848754882812,0.9914610385894775,1.6016530990600586,0.7996559739112854,8.880160748958587e-08,13.72846794128418,7.131263907253742,4.568285145985891,0.30538737773895264,0.5074543356895447,4.2486724853515625
942,0.03975398135003279,0.5028125,0.3014299013291871,1.915406584739685,-7.450580596923828e-08,2.537320137023926,0.0,1.9907847881317138,101.93596115112305,0.4201393127441406,0.8411697149276733,1.4773147106170654,0.8092078566551208,7.543712854385376e-08,12.82107925415039,6.869674007594585,5.184211557105683,0.3768767714500427,0.5142194628715515,6.945650863647461,1.7721048593521118,-7.404014468193054e-08,2.121152400970459,0.0,1.803469479084015,69.97759094238282,0.9719823598861694,0.9936352968215942,1.6048974990844727,0.7994773387908936,7.622875273227691e-08,13.366238594055176,7.646255807578564,4.518217499824596,0.3894290328025818,0.5121482014656067,4.938628005981445
943,0.062214999600928536,0.655,0.49482658622149095,2.3846049308776855,-3.725290298461914e-09,2.125208616256714,0.0,1.9867086291313172,116.66508026123047,0.42281654477119446,0.8429015874862671,1.4804227352142334,0.808258056640625,1.1175870895385742e-09,12.546954154968262,5.663005887670442,4.797337991998139,0.3448655307292938,0.4908333718776703,4.667302942276001,1.9977519512176514,-2.146698534488678e-07,1.8734971284866333,0.0,1.7998065233230591,45.725528717041016,0.9746477007865906,0.995703935623169,1.6079275608062744,0.7993583679199219,2.1224841475486756e-07,11.014190673828125,2.020986381918192,2.1881251600068516,0.3865540325641632,0.480476975440979,5.6862202167510985
944,0.12004488043749932,0.6796875,0.24625342871890324,1.6448888778686523,-5.21540641784668e-08,2.3768463134765625,0.0,1.9827412009239196,90.82865753173829,0.42511463165283203,0.844732403755188,1.483723521232605,0.8074946403503418,4.954636096954346e-08,12.60090446472168,6.810378403216601,5.252409267795061,0.41492760181427,0.5092748403549194,8.876885604858398,2.1474897861480713,-4.936009645462036e-08,1.8258471488952637,0.0,1.7981836795806885,59.30578269958496,0.9759624004364014,0.9968982338905334,1.6097192764282227,0.7988090515136719,4.8475340008735654e-08,13.71506404876709,7.352851144224405,4.47441732661516,0.35775691270828247,0.5687947869300842,3.771721625328064
945,0.2936329367867544,0.7803125000000001,0.5616146806784587,1.9022445678710938,1.341104507446289e-07,2.2566237449645996,0.0,1.9791264176368712,73.09562301635742,0.4276104271411896,0.8464877605438232,1.4867349863052368,0.8069385886192322,-1.366250216960907e-07,12.791226387023926,4.989756034314633,5.583201016079301,0.39200037717819214,0.5126183032989502,6.837167024612427,1.8812057971954346,4.516914486885071e-08,2.803212881088257,0.0,1.796395206451416,75.58096694946289,0.977545440196991,0.9977477192878723,1.6108824014663696,0.7993737459182739,-5.019828677177429e-08,13.444470405578613,5.058159090951085,4.635956116630758,0.4021187424659729,0.5069727301597595,7.817909908294678
946,0.22104858848079348,0.6746875000000001,0.35182258848319947,1.947445034980774,1.5832483768463135e-08,2.1570866107940674,0.0,1.9754235744476318,114.96411056518555,0.4294489920139313,0.8481979370117188,1.4896303415298462,0.8075307011604309,-1.5273690223693846e-08,13.102239608764648,5.7936000419780616,6.197049145666144,0.39059752225875854,0.5003705024719238,5.899467706680298,1.6748379468917847,-2.0489096641540527e-08,1.9742231369018555,0.0,1.793380904197693,61.301968002319335,0.9803630113601685,0.9992448091506958,1.6131258010864258,0.8006896376609802,1.7136335372924803e-08,13.625941276550293,5.549357719160616,4.528653387957887,0.3582650423049927,0.46482616662979126,3.9033796548843385
947,0.06461419707249597,0.7175,0.3722622804369287,2.1334755420684814,-2.7939677238464355e-08,2.099073648452759,0.0,1.9715315341949462,59.45754165649414,0.431615948677063,0.8498263359069824,1.4925744533538818,0.8078370094299316,2.8405338525772095e-08,12.7247953414917,6.7404716402292255,5.187341806257925,0.3691568076610565,0.5106168389320374,5.922778558731079,1.9162287712097168,1.387670636177063e-07,2.0754683017730713,0.0,1.7894062638282775,113.9892074584961,0.9835039973258972,1.0012601613998413,1.6160576343536377,0.8019031286239624,-1.300126314163208e-07,13.929780960083008,7.625008714199066,4.781427318001325,0.3414543867111206,0.5094743967056274,5.02309398651123
948,0.40889916454218456,0.6775,0.43068878676561173,1.7643511295318604,-8.475035429000854e-08,2.424436092376709,0.0,1.968025517463684,85.4072052001953,0.4344682991504669,0.85174161195755,1.4959144592285156,0.8064958453178406,8.270144462585449e-08,13.002663612365723,7.311592508852482,5.124981592500544,0.42131996154785156,0.5203619003295898,7.063952159881592,1.7248339653015137,5.9138983488082886e-08,1.9992247819900513,0.0,1.7851334095001221,57.623374938964844,0.9864867329597473,1.0034732818603516,1.6193101406097412,0.8026101589202881,-5.587935447692871e-08,13.76498031616211,7.238684882223606,4.26680753380902,0.40076056122779846,0.47889143228530884,4.853675413131714
949,1.6536664917099866,0.6646875,-0.0017373704589187856,1.8578904867172241,-7.450580596923828e-09,2.1027185916900635,0.0,1.9648316621780395,56.95889053344727,0.43607744574546814,0.853553056716919,1.4989179372787476,0.8065791726112366,6.658956408500672e-09,12.879620552062988,7.040425541996956,5.290024923998483,0.3153928518295288,0.5433304309844971,7.051599359512329,2.246338367462158,-1.6158446669578552e-07,1.862205147743225,0.0,1.7809230923652648,77.93166961669922,0.9891735315322876,1.0057815313339233,1.6227880716323853,0.8022943139076233,1.6512349247932435e-07,14.187030792236328,8.43393183350563,4.935761631061165,0.3875214457511902,0.5129891633987427,5.319873714447022
950,10.950663187209654,0.7075,0.4007335264954962,1.9943276643753052,2.123415470123291e-07,2.057880163192749,0.0,1.9616403460502625,65.45487518310547,0.4383469521999359,0.8552396893501282,1.5017653703689575,0.8069444298744202,-2.1229498088359832e-07,12.88515853881836,6.223020169511438,5.204848630365099,0.35528382658958435,0.5503302812576294,5.0909302711486815,2.1051034927368164,-3.203749656677246e-07,1.5199999809265137,0.0,1.777169930934906,47.27719650268555,0.9921201467514038,1.0079926252365112,1.6261693239212036,0.8025663495063782,3.1618401408195496e-07,13.646193504333496,5.740587661974132,4.880946977164666,0.3324179947376251,0.4834821820259094,2.3291314840316772
951,0.058203461169786495,0.7684375,0.43620759848234664,2.19207763671875,2.7939677238464355e-08,2.471294641494751,0.0,1.9583663463592529,125.8081771850586,0.44048216938972473,0.8568706512451172,1.5048394203186035,0.8075757622718811,-3.054738044738769e-08,13.067238807678223,6.020947192236781,5.443912266194148,0.32755112648010254,0.5669015049934387,6.671567773818969,2.0410802364349365,-1.6111880540847778e-07,1.7656692266464233,0.0,1.7738744378089906,57.96899681091308,0.9946720600128174,1.0094795227050781,1.6284081935882568,0.8033701777458191,1.6419216990470887e-07,14.082874298095703,6.9083836525678635,4.8703712158310335,0.4112153947353363,0.4494195282459259,3.8186321020126344
952,9.227082101219274,0.6615624999999999,0.24423357508463878,1.6812976598739624,2.323649823665619e-07,1.8133856058120728,0.0,1.9547656297683715,73.99109115600587,0.4426196813583374,0.8586670756340027,1.508208990097046,0.8075866103172302,-2.250075340270996e-07,12.851673126220703,6.439291005581618,5.218290572846889,0.4031302034854889,0.48980197310447693,5.231771087646484,1.5905746221542358,1.5972182154655457e-07,2.1587390899658203,0.0,1.7699331760406494,120.44910888671875,0.9969907999038696,1.0108643770217896,1.6305712461471558,0.8040229678153992,-1.609325408935547e-07,13.846673965454102,7.299558809399604,4.733529020029433,0.36473017930984497,0.5361474752426147,4.647965288162231
953,1.6959999480153498,0.7575000000000001,0.2462783017572952,2.6485788822174072,-1.5133991837501526e-08,2.1184563636779785,0.0,1.9514850735664369,96.92440185546874,0.4456493556499481,0.8602005243301392,1.5110512971878052,0.8064970970153809,1.4808028936386109e-08,13.427358627319336,6.881506886333227,5.209990060618754,0.3473643660545349,0.5002155303955078,5.744996166229248,2.1436922550201416,-3.725290298461914e-09,2.159435749053955,0.0,1.7655859589576721,65.36003112792969,0.9995095133781433,1.0126874446868896,1.6333799362182617,0.8040554523468018,-4.8428773880004884e-09,13.95937442779541,6.1167335420846936,4.381176280593583,0.38637977838516235,0.4949789047241211,5.224071836471557
954,0.041247130367200756,0.6559375000000001,0.5134989734276503,1.7936378717422485,-1.2665987014770508e-07,2.7329604625701904,0.0,1.9487208008766175,76.33226165771484,0.44768026471138,0.8614273071289062,1.513098955154419,0.8062134981155396,1.1939555406570434e-07,12.710123062133789,5.7894030572846535,5.455452571140554,0.376137375831604,0.5586374998092651,8.048684024810791,2.1579339504241943,4.1443854570388794e-08,2.3370702266693115,0.0,1.7612174153327942,93.32829208374024,1.0019959211349487,1.0147995948791504,1.636549949645996,0.803375780582428,-3.799796104431152e-08,13.93897819519043,6.367309403419495,4.472552777000498,0.3484881818294525,0.590300977230072,5.330411434173584
955,1.401062658131055,0.691875,0.11236938555106527,1.9669749736785889,-1.3969838619232178e-07,2.452824592590332,0.0,1.9458839774131775,60.048252487182616,0.4487265646457672,0.8628312945365906,1.5153805017471313,0.8075180649757385,1.4505349099636078e-07,13.0104341506958,7.115200283378362,5.359211329652511,0.40347421169281006,0.5204102396965027,7.415041828155518,2.0814919471740723,3.632158041000366e-08,2.4712061882019043,0.0,1.7562434792518615,127.86629867553711,1.0047186613082886,1.0172171592712402,1.6400713920593262,0.8028709292411804,-3.5762786865234374e-08,14.181882858276367,8.260794667899608,4.87935724143897,0.41634175181388855,0.4970731735229492,6.338012981414795
956,0.6234255624319074,0.6446875000000001,0.18454853509191488,2.3088104724884033,-1.6763806343078613e-08,2.240529775619507,0.0,1.9426911234855653,107.9199234008789,0.4486863911151886,0.8643710613250732,1.5178457498550415,0.8099396228790283,1.6950070858001708e-08,12.495896339416504,6.059821785241366,4.788143572904605,0.38749629259109497,0.5351539850234985,7.779877233505249,1.5669151544570923,1.0244548320770264e-08,2.207554817199707,0.0,1.75126770734787,80.79030303955078,1.0077096223831177,1.0196672677993774,1.6436903476715088,0.802713930606842,-1.41095370054245e-08,13.975523948669434,3.693211831152439,4.002743431731188,0.40377914905548096,0.47142574191093445,5.892912817001343
957,0.3210025998785183,0.6328125,0.07210249081543954,1.667040467262268,-1.2293457984924316e-07,2.158902645111084,0.0,1.9390357971191405,87.45537109375,0.4494483768939972,0.866079568862915,1.5206663608551025,0.8116849064826965,1.234002411365509e-07,13.071730613708496,6.434994369000196,5.542536891738977,0.3948420584201813,0.5467594265937805,7.6430089473724365,1.9430909156799316,1.3364478945732117e-07,2.0211079120635986,0.0,1.747122097015381,51.04244422912598,1.0107548236846924,1.0219707489013672,1.647012710571289,0.8028997182846069,-1.3140961527824401e-07,13.941883087158203,7.239958922564983,4.608699411297616,0.34104153513908386,0.5331410765647888,4.096498727798462
958,644.4789027833516,0.7731250000000001,0.08724010314786959,2.1645619869232178,9.313225746154785e-09,2.271263837814331,0.0,1.9354499459266663,124.7296989440918,0.45165300369262695,0.8679139614105225,1.5239008665084839,0.8113455772399902,-1.2246891856193543e-08,12.883234977722168,6.165128246508539,5.426288644315893,0.3231081962585449,0.5387530326843262,6.684664344787597,2.2972776889801025,4.656612873077393e-10,1.8677003383636475,0.0,1.745120632648468,136.0733428955078,1.0126149654388428,1.0235223770141602,1.6492050886154175,0.8025228381156921,4.796311259269715e-09,14.196264266967773,7.617718172818423,4.997224511908531,0.3376530706882477,0.5431156754493713,3.553119349479675
959,0.2149107179677779,0.5590624999999999,0.11596081746817133,1.74891197681427,7.2177499532699585e-09,2.2701241970062256,0.0,1.931757879257202,125.4878761291504,0.4549805819988251,0.8696126937866211,1.526913046836853,0.8095601797103882,-5.215406417846679e-09,12.847169876098633,6.212044406868517,5.541676193005555,0.3436628580093384,0.5388012528419495,6.269731903076172,2.0240814685821533,1.457519829273224e-07,2.52315354347229,0.0,1.7414888739585876,127.40562438964844,1.0146725177764893,1.025235652923584,1.651692271232605,0.8022172451019287,-1.496635377407074e-07,14.036903381347656,6.98429966121912,4.666151747197178,0.36347195506095886,0.5617290139198303,6.470381355285644
960,0.37617646060873133,0.8153124999999999,0.36710381420227484,2.048478364944458,-1.7229467630386353e-07,2.0825958251953125,0.0,1.927787685394287,45.9106143951416,0.4575607478618622,0.8712902069091797,1.529815673828125,0.8088337779045105,1.7038546502590178e-07,12.377326011657715,3.0670068060047924,4.247027188064952,0.3398781716823578,0.4976327121257782,6.930523824691773,2.1720120906829834,1.2316741049289703e-07,2.254340171813965,0.0,1.736774754524231,128.40088653564453,1.0174057483673096,1.0275148153305054,1.6549572944641113,0.8022387623786926,-1.2405216693878173e-07,13.830720901489258,1.9910490571521222,3.276111757737991,0.3409808278083801,0.5704858303070068,4.945895719528198
961,0.1773343523632266,0.6978125,0.3708825119407281,2.084465265274048,1.5832483768463135e-08,2.058101177215576,0.0,1.9240105390548705,101.20165481567383,0.46044057607650757,0.8730782270431519,1.532907485961914,0.8085692524909973,-2.4633482098579406e-08,12.322822570800781,3.867672666255385,4.956289227649345,0.40266916155815125,0.5523111820220947,9.710079765319824,2.014608144760132,-1.5040859580039978e-07,2.170304298400879,0.0,1.7319490551948546,92.01756286621094,1.0204275846481323,1.0298988819122314,1.6583720445632935,0.8024616837501526,1.508975401520729e-07,13.863593101501465,2.33469658466056,3.6981210627202095,0.4573289155960083,0.44666463136672974,4.671252202987671
962,0.028912828208066964,0.6634375,0.5355755422912697,1.9684545993804932,-1.2759119272232056e-07,2.186683177947998,0.0,1.9200138449668884,76.46243438720703,0.463691383600235,0.8748165369033813,1.5360180139541626,0.8080452680587769,1.3010576367378234e-07,13.188507080078125,5.993406375311315,5.250857015437163,0.3399757444858551,0.5364857912063599,6.233070325851441,1.8795933723449707,1.1641532182693481e-08,2.3229482173919678,0.0,1.726662528514862,127.07180404663086,1.0234676599502563,1.0323995351791382,1.6618397235870361,0.8028069138526917,-1.1548399925231934e-08,14.538630485534668,6.377932001650334,4.78355944370001,0.371157705783844,0.49897676706314087,5.24859619140625
963,0.34925690379860896,0.5325,0.22773744022664538,1.7960752248764038,-7.101334631443024e-08,2.7874884605407715,0.0,1.915767252445221,95.74124374389649,0.4657878279685974,0.8765204548835754,1.5390055179595947,0.8080982565879822,7.390044629573821e-08,12.98351001739502,6.448445669934154,5.320192163477848,0.3976932764053345,0.5180662274360657,9.726873397827148,2.0439159870147705,7.2177499532699585e-09,2.722675323486328,0.0,1.7213364601135255,184.56934814453126,1.0263856649398804,1.0349318981170654,1.6653743982315063,0.8027709126472473,1.5832483768463134e-09,14.345115661621094,7.108825282566249,4.806931100807773,0.3770779073238373,0.5287683606147766,7.477802801132202
964,0.3577939455406908,0.723125,0.3122339467487116,2.3483266830444336,-2.1420419216156006e-08,1.8810482025146484,0.0,1.911852812767029,175.88335876464845,0.4680044949054718,0.8781663775444031,1.5419756174087524,0.8084819912910461,2.0070001482963563e-08,12.708802223205566,6.31756924316287,5.074343488640884,0.33217674493789673,0.5513457655906677,5.077664709091186,1.758622407913208,1.7229467630386353e-07,2.216726541519165,0.0,1.71586172580719,118.41181564331055,1.0293503999710083,1.0374822616577148,1.6689907312393188,0.8025401830673218,-1.6400590538978576e-07,13.865030288696289,6.594049091637134,4.53362300957375,0.40730032324790955,0.46633294224739075,5.1959288120269775
965,9.445944054778648,0.5659375,0.03747282290337306,2.295919418334961,1.3131648302078247e-07,2.4592909812927246,0.0,1.9077061653137206,111.59789733886718,0.47073641419410706,0.8798705339431763,1.5450160503387451,0.808691680431366,-1.2665987014770508e-07,13.259077072143555,6.729480946809053,5.486163729775752,0.4362109899520874,0.4331803619861603,9.023428535461425,2.0227279663085938,-9.872019290924072e-08,2.316387176513672,0.0,1.710616898536682,69.96556167602539,1.0323420763015747,1.0400160551071167,1.6726219654083252,0.8022552132606506,9.508803486824035e-08,14.343730926513672,8.033382038772107,4.993738068838427,0.38075679540634155,0.46263086795806885,5.727185201644898
966,0.1104583433155319,0.6921875,0.35609772471459905,1.874333381652832,-2.3329630494117737e-07,1.8120720386505127,0.0,1.9039970278739928,38.86505279541016,0.473182737827301,0.881666362285614,1.548140287399292,0.8091807961463928,2.323416993021965e-07,12.63925838470459,6.300134141463786,5.297655780585853,0.38323044776916504,0.4718296229839325,5.175260591506958,1.6503435373306274,-1.5459954738616943e-07,1.963089942932129,0.0,1.7056990265846252,149.19398803710936,1.0352920293807983,1.0423052310943604,1.6760202646255493,0.8026278614997864,1.5432015061378478e-07,14.58598518371582,7.7695380166172985,4.753204778924235,0.35098996758461,0.542587399482727,3.8019379138946534
967,0.060993725616748116,0.9037500000000002,1.0280226875226706,2.5949254035949707,-1.3504177331924438e-08,1.6670091152191162,0.0,1.9015962719917296,95.4110092163086,0.4760022759437561,0.8834084868431091,1.5509693622589111,0.8087745308876038,1.2665987014770507e-08,12.973734855651855,2.4000639052130284,4.028027546509857,0.3834253251552582,0.46137550473213196,4.175278615951538,1.7468284368515015,-1.0803341865539551e-07,2.175668716430664,0.0,1.7010340213775634,55.35014305114746,1.0383280515670776,1.0447026491165161,1.679543137550354,0.8028709888458252,1.0575167834758758e-07,13.94814395904541,2.87823499427177,4.352628401463619,0.33969712257385254,0.5594819188117981,4.813852310180664
968,0.24863798176468407,0.7865625,0.44719037735886663,2.1855673789978027,-7.916241884231567e-09,2.4402055740356445,0.0,1.9010689973831176,115.60653762817383,0.47581133246421814,0.8840969204902649,1.551971673965454,0.8101384043693542,1.073349267244339e-08,13.057430267333984,5.584787544421852,5.472286015398135,0.4065881073474884,0.503129243850708,7.145256376266479,1.689755916595459,-7.636845111846924e-08,2.0316951274871826,0.0,1.697691595554352,59.638065338134766,1.0399267673492432,1.046238899230957,1.6817573308944702,0.802470862865448,8.083879947662353e-08,14.244709014892578,6.387056065630167,5.0691481258589866,0.36135321855545044,0.5025620460510254,4.106587886810303
969,2.748269018596029,0.5171875,0.09525341002151684,1.899388313293457,-6.100162863731384e-08,2.1058244705200195,0.0,1.899125051498413,81.43961639404297,0.475178986787796,0.884890615940094,1.553325891494751,0.8120726346969604,6.142072379589081e-08,13.387933731079102,6.97854942753911,5.392201181451145,0.37217628955841064,0.5844631195068359,6.6425779342651365,2.2473621368408203,-4.190951585769653e-08,2.263475179672241,0.0,1.693898332118988,110.42365341186523,1.0417653322219849,1.0477756261825562,1.6840959787368774,0.8023315072059631,4.0791928768157956e-08,14.452536582946777,8.65585894882679,5.031451574847089,0.37714070081710815,0.5446417927742004,5.075979375839234
970,31.532232376420183,0.7968750000000001,0.08376852612333215,2.20177960395813,4.423782229423523e-08,2.201687812805176,0.0,1.8964475750923158,85.86740264892578,0.47625812888145447,0.8864186406135559,1.5559494495391846,0.8130918145179749,-4.7869980335235594e-08,11.119439125061035,2.0532088808715345,2.5671415317026622,0.3870919346809387,0.5071780681610107,7.712062978744507,1.876297950744629,4.563480615615845e-08,2.0922813415527344,0.0,1.6893498778343201,129.37398376464844,1.04466712474823,1.050004243850708,1.6874887943267822,0.8022693991661072,-5.0547532737255095e-08,14.122220039367676,1.7049991959240287,2.902358333594059,0.38875025510787964,0.4718024730682373,4.366283226013183
971,0.46155615457454446,0.6565625,0.12723598128026292,3.1043701171875,1.6763806343078613e-08,1.888823390007019,0.0,1.8956818222999572,43.86789398193359,0.4750525653362274,0.8877059817314148,1.5580776929855347,0.8157901763916016,-1.587904989719391e-08,12.984539985656738,6.0453624747693535,4.869960133628987,0.40586525201797485,0.5080937743186951,5.922879219055176,1.9534133672714233,-2.1420419216156006e-08,2.0495643615722656,0.0,1.6843297958374024,113.97361221313477,1.047713279724121,1.052463412284851,1.6911166906356812,0.8022380471229553,2.123415470123291e-08,14.338415145874023,5.856943974643945,3.847419651453228,0.31479188799858093,0.5138276815414429,4.939570903778076
972,0.100124938882917,0.8400000000000001,0.8167826878756645,1.9466356039047241,-3.073364496231079e-08,2.322154998779297,0.0,1.8975653529167176,32.09294395446777,0.4734460115432739,0.8877745270729065,1.5583733320236206,0.8186514377593994,2.7939677238464355e-08,9.9359130859375,2.7308052379637955,2.4330280225858303,0.3624655306339264,0.574678897857666,7.838221311569214,2.02931547164917,-4.6566128730773926e-09,2.0295660495758057,0.0,1.6792343139648438,88.67310638427735,1.0508497953414917,1.054896354675293,1.6946046352386475,0.802717387676239,6.7055225372314455e-09,14.211559295654297,1.250942472089082,2.472428866457915,0.3745374381542206,0.5036576390266418,4.170542812347412
973,0.06408397981188214,0.7296875,0.5208662507055044,2.297239303588867,-9.220093488693237e-08,2.2947452068328857,0.0,1.8987610578536986,84.76527481079101,0.4705166816711426,0.887000322341919,1.5573070049285889,0.8211382627487183,8.861534297466279e-08,12.599267959594727,4.911164813581854,5.2282839095713145,0.41772258281707764,0.46837306022644043,8.184130668640137,1.8527064323425293,6.891787052154541e-08,2.40675950050354,0.0,1.674088966846466,159.22931671142578,1.053991436958313,1.0573798418045044,1.6981340646743774,0.8029690384864807,-7.674098014831543e-08,14.562925338745117,6.155211583152413,5.531116928768346,0.3790867328643799,0.5060203671455383,5.673683452606201
974,7.651787184261401,0.67,0.1678419610439876,2.261321783065796,-6.938353180885315e-08,1.9917608499526978,0.0,1.8976902842521668,109.51206817626954,0.4695921540260315,0.8869579434394836,1.557311773300171,0.8210486769676208,6.82193785905838e-08,12.827424049377441,4.552391707524658,4.893365662182455,0.34682050347328186,0.5574336647987366,5.814438724517823,2.1072838306427,1.816079020500183e-07,2.1643354892730713,0.0,1.669297182559967,66.58333892822266,1.0570788383483887,1.0597608089447021,1.7015836238861084,0.803077220916748,-1.878943294286728e-07,14.200602531433105,6.158355129603296,4.682498159171972,0.4107303023338318,0.4867023825645447,4.6584522247314455
975,2.139798721140559,0.8240624999999999,0.460270575734274,1.8920046091079712,-3.725290298461914e-08,2.3372247219085693,0.0,1.8949301481246947,144.79015502929687,0.4707433581352234,0.8878682255744934,1.5589196681976318,0.8196433186531067,3.9674341678619386e-08,12.91748332977295,5.34983856966719,5.568205487727513,0.36745455861091614,0.5247211456298828,7.450662612915039,1.9926788806915283,-5.774199962615967e-08,2.199580430984497,0.0,1.6655266761779786,111.00918655395508,1.059590220451355,1.0613760948181152,1.7040152549743652,0.8037835955619812,5.681067705154419e-08,14.532861709594727,6.202532181702554,5.5208813689101675,0.36105480790138245,0.5496267080307007,4.892593002319336
976,1.1736222646590568,0.6753125,0.28854927185966234,1.962110161781311,-1.1175870895385742e-07,2.279920816421509,0.0,1.8917994856834413,133.68612060546874,0.4733319580554962,0.8891363143920898,1.5611178874969482,0.8178223371505737,1.1334195733070374e-07,13.032520294189453,5.928547718469053,5.532586913498366,0.37366583943367004,0.47674471139907837,6.861848497390747,1.6288964748382568,5.587935447692871e-09,1.7393007278442383,0.0,1.6615065336227417,114.18706359863282,1.0615060329437256,1.0628210306167603,1.7061781883239746,0.8037279844284058,-1.257285475730896e-08,14.906158447265625,7.823798623681069,5.277413540419198,0.35008272528648376,0.5257459878921509,3.7156779766082764
977,0.19580356552089437,0.5846875,0.06546281075906105,1.3738526105880737,-2.314336597919464e-07,2.2616217136383057,0.0,1.8886680603027344,118.65773544311523,0.4760882258415222,0.8907312750816345,1.5638176202774048,0.8167406320571899,2.3189932107925415e-07,13.1818265914917,7.155675835907459,5.543275950877344,0.43988102674484253,0.4873788356781006,9.353836250305175,1.987285852432251,-2.5331974029541016e-07,1.910953164100647,0.0,1.6583603858947753,34.06959190368652,1.063871145248413,1.0648422241210938,1.7091121673583984,0.8033631443977356,2.522952854633331e-07,14.52953052520752,9.063432094454765,5.051150262437999,0.35539141297340393,0.4778026342391968,3.722199630737305
978,90.26477880539885,0.9106249999999999,0.5766957221580691,2.186516046524048,-1.043081283569336e-07,1.8533610105514526,0.0,1.8871691703796387,106.81690063476563,0.4756268858909607,0.8915848135948181,1.5652601718902588,0.8180180788040161,1.0877847671508789e-07,13.192070007324219,2.352601141296327,4.072683307017113,0.36294037103652954,0.5103263258934021,5.395195245742798,1.7855486869812012,8.195638656616211e-08,1.9528958797454834,0.0,1.6585864186286927,183.012548828125,1.0649770498275757,1.0652958154678345,1.7101260423660278,0.8036246299743652,-8.284114301204682e-08,14.6746187210083,2.1379711768822744,4.088423803808275,0.3587513864040375,0.5101414322853088,3.827268600463867
979,0.7187703024282589,0.8949999999999999,0.6999805531878526,1.694543719291687,1.3969838619232178e-08,2.0364439487457275,0.0,1.8847332239151,106.36482620239258,0.4762612283229828,0.8923406600952148,1.5665783882141113,0.8185383677482605,-1.792795956134796e-08,13.082342147827148,3.1277372039854527,4.531744964274739,0.3587164282798767,0.5108353495597839,5.517341899871826,2.153419017791748,-4.190951585769653e-08,2.1660964488983154,0.0,1.6562655329704286,138.6777816772461,1.0664302110671997,1.0658851861953735,1.7113419771194458,0.8045380711555481,4.530884325504303e-08,14.212371826171875,3.468526451534126,4.832630597574566,0.3636675477027893,0.5345497131347656,4.835944318771363
980,1.2621638630936292,0.7784374999999999,0.2675611067124248,1.9306697845458984,-1.2200325727462769e-07,2.0316731929779053,0.0,1.8816908240318297,89.45931777954101,0.47790589928627014,0.893744707107544,1.5690702199935913,0.8179095983505249,1.2218952178955077e-07,12.824817657470703,4.179615038633346,5.1505449292731305,0.4049314856529236,0.5530461072921753,7.772580623626709,2.120478868484497,8.754432201385498e-08,1.936010479927063,0.0,1.6520575284957886,156.72291870117186,1.0690860748291016,1.0678237676620483,1.7142616510391235,0.8051176071166992,-9.080395102500916e-08,14.710381507873535,6.113661134056747,5.542366444860122,0.33987635374069214,0.5441184639930725,4.111280632019043
981,0.2945153619245589,0.5771875000000001,0.11870881223390359,2.285008192062378,6.51925802230835e-09,1.9042818546295166,0.0,1.8793987512588501,70.83244323730469,0.4791155159473419,0.8950726985931396,1.5716055631637573,0.8180955052375793,-7.404014468193054e-09,13.244420051574707,6.198005519807339,4.98866692858989,0.3814234435558319,0.5068451762199402,6.041150331497192,2.358586311340332,1.6298145055770874e-07,2.1999118328094482,0.0,1.6472535014152527,116.9462173461914,1.071993112564087,1.0702464580535889,1.717824101448059,0.8048620820045471,-1.655425876379013e-07,14.77633285522461,6.760921009629965,4.439125461705137,0.365883469581604,0.516493558883667,5.550304985046386
982,232.10259623586572,0.5421875,0.027782601015535764,1.791886806488037,-6.891787052154541e-08,2.093839645385742,0.0,1.8771261811256408,102.14039001464843,0.4810560941696167,0.8959721922874451,1.573490858078003,0.8177736401557922,6.968621164560318e-08,13.47283935546875,7.154778187721968,5.477015635717078,0.39955803751945496,0.5331012606620789,8.292552375793457,2.4734785556793213,2.60770320892334e-08,2.811943292617798,0.0,1.6422314167022705,73.92091064453125,1.0750540494918823,1.0727633237838745,1.7214672565460205,0.8048639297485352,-2.3655593395233153e-08,14.728074073791504,7.791299167275429,4.561563246357556,0.39121875166893005,0.5232924222946167,7.8714375495910645
983,0.31032259061163847,0.549375,0.17659387306591087,1.6188827753067017,7.636845111846924e-08,2.2456862926483154,0.0,1.8738845467567444,79.02936019897462,0.48302772641181946,0.8971859216690063,1.575641393661499,0.817825198173523,-7.832422852516174e-08,12.91019058227539,5.319433037936688,4.330924650963611,0.3715864419937134,0.4782686233520508,6.975546073913574,2.3463735580444336,1.5366822481155396e-08,2.3124094009399414,0.0,1.6370208263397217,63.688224411010744,1.0781704187393188,1.0753153562545776,1.725059986114502,0.8052327632904053,-1.6950070858001708e-08,14.834107398986816,7.690611131489277,4.390815222049074,0.321429044008255,0.5342991352081299,5.792271327972412
984,0.02114846127291823,0.780625,0.7777191712857062,1.7949604988098145,-1.4295801520347595e-07,2.2102599143981934,0.0,1.8708171486854552,53.28740119934082,0.4842628538608551,0.8985136151313782,1.577957034111023,0.8180584907531738,1.4370307326316835e-07,5.139819145202637,1.8656818736344576,1.6040472263246235,0.39527803659439087,0.5945988297462463,6.619969034194947,1.6997259855270386,-6.705522537231445e-08,1.91462242603302,0.0,1.6319830298423768,100.07277145385743,1.0814385414123535,1.0777018070220947,1.7284958362579346,0.8059982657432556,6.528571248054504e-08,3.3436105251312256,0.6568018739111722,0.8626014669665388,0.35448113083839417,0.5058706998825073,4.537573766708374
985,0.15927987947150007,0.5962500000000001,0.09382189069710205,1.975327730178833,-8.242204785346985e-08,2.1670408248901367,0.0,1.8671322226524354,87.0545524597168,0.4848698377609253,0.899785578250885,1.5798336267471313,0.8182960152626038,8.153729140758514e-08,13.309074401855469,6.959153021872043,5.039828717916515,0.3211940824985504,0.5364068746566772,6.803713941574097,2.145977020263672,6.05359673500061e-08,2.533393621444702,0.0,1.6276552319526671,63.43785057067871,1.0841712951660156,1.0798678398132324,1.7317383289337158,0.8057127594947815,-6.146728992462158e-08,14.300406455993652,4.241944371815771,4.179264770602001,0.41092413663864136,0.49927204847335815,7.382564878463745
986,2.806901679463643,0.670625,0.17978175205516705,2.0475683212280273,-8.009374141693115e-08,2.1273977756500244,0.0,1.862867522239685,123.55941467285156,0.4858643710613251,0.9012088775634766,1.5817705392837524,0.8184904456138611,8.000060915946961e-08,12.483241081237793,5.624796649999917,5.479274114000011,0.40086469054222107,0.5097107887268066,7.40698733329773,2.2948524951934814,6.332993507385254e-08,1.9635316133499146,0.0,1.6238103032112121,102.7652374267578,1.086952805519104,1.0821477174758911,1.7351080179214478,0.8050830364227295,-6.817281246185303e-08,14.248446464538574,4.739969297032803,4.022047666918941,0.38253751397132874,0.49933135509490967,4.2616805076599125
987,2.153245916426699,0.6956249999999999,0.3272446448900033,2.2610459327697754,-5.774199962615967e-08,1.9223055839538574,0.0,1.8593122124671937,101.31973800659179,0.48776137828826904,0.9026352167129517,1.5839804410934448,0.81740802526474,6.07222318649292e-08,6.777408599853516,2.2445199850946667,2.4815519318412886,0.33425983786582947,0.49513646960258484,5.584519863128662,1.7213746309280396,4.563480615615845e-08,2.857931613922119,0.0,1.619658601284027,149.2268310546875,1.090119481086731,1.0844357013702393,1.738493800163269,0.8053712248802185,-4.346948117017746e-08,8.637115478515625,0.816197422426194,1.3375366851853576,0.42216476798057556,0.46279773116111755,9.258289432525634
988,0.046927806161724636,0.6384375,0.440493337626631,2.1940596103668213,-1.6996636986732483e-07,2.0642802715301514,0.0,1.8568320989608764,112.28545913696288,0.48920926451683044,0.9038599729537964,1.5860817432403564,0.8171807527542114,1.689419150352478e-07,9.6139497756958,3.545876169577241,3.093156253707424,0.35985830426216125,0.47225499153137207,5.624950790405274,1.807032823562622,9.12696123123169e-08,2.0741443634033203,0.0,1.615518820285797,86.01871490478516,1.093458890914917,1.0867259502410889,1.741921067237854,0.8058381676673889,-8.647330105304717e-08,4.087854385375977,1.2695877687074244,1.2700992052823714,0.40723493695259094,0.5024574995040894,5.54223599433899
989,0.3692859341374336,0.8653124999999999,0.42432079167761527,1.9702997207641602,7.450580596923828e-09,2.3076422214508057,0.0,1.8540583968162536,135.85092315673828,0.48870790004730225,0.905178964138031,1.588279128074646,0.8194760680198669,-8.288770914077759e-09,12.555731773376465,4.015048303827643,5.061506953196428,0.30880045890808105,0.4914962947368622,6.67477445602417,1.8257179260253906,8.568167686462402e-08,2.051311731338501,0.0,1.612160074710846,138.75589599609376,1.0962539911270142,1.088390588760376,1.7443925142288208,0.807102382183075,-8.319038897752762e-08,14.74484920501709,4.349397705122828,4.959824080830127,0.4133894145488739,0.5044976472854614,5.349733448028564
990,0.2594180407820774,0.725625,0.09651587850519537,1.5197023153305054,1.0617077350616455e-07,2.2856972217559814,0.0,1.8507057309150696,142.60359802246094,0.488690048456192,0.9069254398345947,1.5912679433822632,0.8216477632522583,-1.0421499609947205e-07,13.303021430969238,6.782205741852522,5.615490148379991,0.34864816069602966,0.4843476712703705,7.843117904663086,1.6379821300506592,-3.632158041000366e-08,2.2424256801605225,0.0,1.6083800673484803,241.119287109375,1.0989699363708496,1.089942455291748,1.7467387914657593,0.8087111711502075,4.1490420699119565e-08,15.108278274536133,8.437246134877205,5.239258820209185,0.347116619348526,0.5232686996459961,4.873423385620117
991,0.06644950284287919,0.8462499999999998,0.6320964986356176,1.9605132341384888,-2.0349398255348206e-07,2.270383358001709,0.0,1.847036027908325,115.49699096679687,0.4902496337890625,0.9087745547294617,1.5945241451263428,0.8223702311515808,2.0370353013277053e-07,12.572763442993164,3.732749270182103,3.888142154500448,0.37853413820266724,0.4883125126361847,7.162237882614136,1.8693621158599854,-2.0489096641540527e-08,2.294771909713745,0.0,1.6042006969451905,131.56415328979492,1.1016762256622314,1.0918104648590088,1.7496203184127808,0.8091344833374023,2.193264663219452e-08,14.032230377197266,3.7484320528805255,3.9654732051604666,0.3582035303115845,0.5441166758537292,5.133331537246704
992,13487.568754816757,0.6606249999999999,0.2072366323248669,1.833606481552124,-9.685754776000977e-08,2.0751426219940186,0.0,1.8436602711677552,98.37617950439453,0.4923115670681,0.9105448722839355,1.5977184772491455,0.8226062059402466,9.909272193908692e-08,13.244850158691406,6.880492213368416,5.0365293636663475,0.34343865513801575,0.4667794108390808,6.559145498275757,1.8608052730560303,7.729977369308472e-08,2.211639165878296,0.0,1.6011266231536865,138.32744598388672,1.1044337749481201,1.093892216682434,1.752773642539978,0.8090397119522095,-7.962808012962341e-08,14.840697288513184,9.171811252832413,4.991819612724136,0.40799611806869507,0.5551694631576538,5.190834379196167
993,0.4178962960344812,0.49718750000000006,-0.1233530448868307,1.8961502313613892,-1.5087425708770752e-07,2.3536477088928223,0.0,1.8404819965362549,175.6784652709961,0.4955736994743347,0.9122129678726196,1.6005698442459106,0.8219771385192871,1.4547258615493773e-07,13.470514297485352,7.290027895569802,5.582409962942025,0.4091736078262329,0.5179110765457153,8.692440032958984,2.0730321407318115,-5.587935447692871e-08,2.0333497524261475,0.0,1.6014739394187927,116.51157608032227,1.1047824621200562,1.0941096544265747,1.7532110214233398,0.8090078234672546,5.916226655244827e-08,15.142556190490723,9.21899305433035,5.068127844047434,0.3826277554035187,0.5280011892318726,4.202568912506104
994,21.934651246344046,0.5268750000000001,0.14782632331645348,1.849120855331421,-3.725290298461914e-08,2.2932214736938477,0.0,1.8369129061698914,177.29155426025392,0.49984732270240784,0.9139121174812317,1.6034375429153442,0.8204821944236755,4.7544017434120176e-08,13.374649047851562,6.210200632549823,6.9781863311479,0.33114105463027954,0.48400047421455383,7.010285425186157,1.8655167818069458,1.7229467630386353e-08,2.6186771392822266,0.0,1.5992331743240356,128.06506271362304,1.1053487062454224,1.0945756435394287,1.753936529159546,0.8085572123527527,-1.816079020500183e-08,14.949136734008789,8.758045583963394,5.060457027082212,0.33343151211738586,0.5710725784301758,7.476636648178101
995,0.1724060582849478,0.6309374999999999,0.21803412740597325,2.0415449142456055,-4.377216100692749e-08,1.900102138519287,0.0,1.83294597864151,133.04604797363282,0.5040066242218018,0.9156916737556458,1.6066222190856934,0.8187414407730103,4.5727938413619996e-08,13.622451782226562,6.85042939260602,5.705849078281354,0.3653051257133484,0.48959970474243164,5.210656547546387,1.887414813041687,5.2619725465774536e-08,1.511466383934021,0.0,1.595396065711975,80.36110763549804,1.1075189113616943,1.0960460901260376,1.7562179565429688,0.8082997798919678,-4.898756742477417e-08,14.989358901977539,8.823330710828305,5.185251035674649,0.35589703917503357,0.5043579936027527,3.2567023754119875
996,623.2032207551804,0.67,0.02792915106280026,2.045142412185669,9.313225746154785e-09,2.3450543880462646,0.0,1.8286128401756288,182.44068298339843,0.5072668194770813,0.9174506068229675,1.609724998474121,0.817303478717804,-1.4901161193847657e-09,13.946864128112793,5.772010757029056,6.727604621015152,0.36526256799697876,0.5298587083816528,6.649156141281128,1.641045331954956,-9.499490261077881e-08,2.179952621459961,0.0,1.5900643467903137,98.9171859741211,1.1103018522262573,1.098028302192688,1.7589895725250244,0.8092197179794312,9.331852197647095e-08,14.904412269592285,7.523920985683799,5.536938226348433,0.3965860605239868,0.5673938393592834,4.770546293258667
997,15.97558931991475,0.8034375,0.36760196929210964,1.502829670906067,-8.568167686462402e-08,1.9682267904281616,0.0,1.8245013117790223,95.67670593261718,0.5097946524620056,0.9191696047782898,1.6127800941467285,0.8168067932128906,8.42846930027008e-08,13.596983909606934,4.259685463830829,5.8783205082023375,0.4016798436641693,0.49885717034339905,7.6317650318145756,2.0874385833740234,5.122274160385132e-09,2.1367998123168945,0.0,1.5843144536018372,84.04568939208984,1.11324942111969,1.1005337238311768,1.762277603149414,0.8095477223396301,-2.852175384759903e-09,14.856526374816895,4.6387835662346335,5.519385111911396,0.3771163821220398,0.4502689242362976,4.548296117782593
998,0.08377497524506305,0.6443749999999999,0.316850955005314,2.480046510696411,1.955777406692505e-08,1.9490703344345093,0.0,1.820736300945282,103.6975929260254,0.5127220749855042,0.9209489822387695,1.616182565689087,0.8165055513381958,-1.671724021434784e-08,13.551750183105469,7.031393873691559,5.703425077150715,0.34155064821243286,0.48861435055732727,4.9800666809082035,1.9137418270111084,8.335337042808533e-08,2.212651014328003,0.0,1.5799556016921996,195.45526428222655,1.1156615018844604,1.1029356718063354,1.765516996383667,0.8083671927452087,-8.451752364635468e-08,15.286479949951172,8.188992649316788,5.080432996161501,0.43193501234054565,0.5029623508453369,5.156099128723144
999,0.17360143852695936,0.5178125,0.366755221557042,2.3557028770446777,-2.8870999813079834e-08,2.37923002243042,0.0,1.816774344444275,270.9991455078125,0.5150905847549438,0.922898530960083,1.6197415590286255,0.8171489238739014,3.059394657611847e-08,13.757990837097168,6.0055538062006235,6.494558821220537,0.2970823049545288,0.6196293234825134,7.575807857513428,2.200667381286621,-8.614733815193176e-08,2.4174344539642334,0.0,1.5754860997200013,59.71170310974121,1.1179661750793457,1.1051872968673706,1.7687100172042847,0.8074031472206116,8.326023817062378e-08,14.939911842346191,7.167989658936858,5.312621956770715,0.38813433051109314,0.5366175174713135,6.809982776641846
1000,2.806876142686055,0.5581250000000001,0.08736681786503711,1.761849045753479,5.8673322200775146e-08,2.3380770683288574,0.0,1.8129703044891357,75.89956130981446,0.5174062848091125,0.9248755574226379,1.623210072517395,0.8175808787345886,-5.634501576423645e-08,13.70649242401123,4.030494698509574,5.466618347088084,0.3782442510128021,0.5789285898208618,7.619908714294434,2.190612554550171,-1.0896474123001099e-07,1.9722175598144531,0.0,1.5710577487945556,102.54020538330079,1.1202185153961182,1.1074507236480713,1.7718044519424438,0.80659419298172,1.0654330253601075e-07,14.731583595275879,2.6664241784252227,3.8067761331107635,0.32157179713249207,0.5727218985557556,5.7687150001525875
