episode,agent,policy_loss,value_loss,entropy,approx_kl,grad_norm,reward_mean,reward_std,pre_tanh_mean,pre_tanh_std,pre_tanh_max,adv_mean,adv_std,adv_max,output_weight_norm,output_bias_norm
6,bs_beamformer,5.215406417846679e-09,5.375967788696289,56.75883865356445,0.0,35.98586711883545,0.10873238742351532,0.5588212609291077,0.8005834319711187,1.0015590371399115,3.981743335723877,-7.450580596923828e-09,1.4244452714920044,2.2132585048675537,0.06324554234743118,0.0
6,uav_trajectory,-1.885928213596344e-09,2.9997995376586912,21.28475742340088,0.0,11.665301275253295,0.09349489957094193,0.556409478187561,0.8074000792921935,1.0117736112412496,3.658945322036743,-1.862645149230957e-09,1.5982173681259155,2.187659978866577,0.03872983530163765,0.0
6,jammer_beamformer,-2.300366759300232e-08,3.0294448137283325,56.758859634399414,0.0,18.483545112609864,0.09647126495838165,0.5307837724685669,0.7988398158153869,1.0007828220113457,3.734318733215332,2.2817403078079224e-08,1.447537899017334,3.3102879524230957,0.06324554234743118,0.0
7,bs_beamformer,2.505257725715637e-08,2.965673232078552,56.759773635864256,0.0,20.065433502197266,0.09758647531270981,0.5467127561569214,0.7983819499704987,1.0023879315388808,3.2747716903686523,-2.60770320892334e-08,1.3902312517166138,2.4994635581970215,0.08069484680891037,0.003199278609827161
7,uav_trajectory,-9.546056389808655e-09,1.7537882328033447,21.28657455444336,0.0,5.409138965606689,0.09388363361358643,0.5590660572052002,0.8021849017565449,1.0035224457988605,3.3092379570007324,6.51925802230835e-09,1.3143688440322876,2.305089235305786,0.04907846078276634,0.0019668261520564556
7,jammer_beamformer,4.5355409383773806e-08,2.5524280786514284,56.762459182739256,0.0,8.108383226394654,0.04992808774113655,0.5727847218513489,0.8016664405427874,1.0017210099587157,3.49078369140625,-4.0978193283081055e-08,1.5592834949493408,2.1301565170288086,0.08069105446338654,0.003212054492905736
8,bs_beamformer,4.423782229423523e-08,2.384473466873169,56.76012344360352,0.0,7.186399984359741,0.06261873990297318,0.6447308659553528,0.8208450342294528,1.0373130710794096,3.7675631046295166,-4.842877388000488e-08,1.502485990524292,2.360243797302246,0.10733239352703094,0.0054979752749204636
8,uav_trajectory,2.6030465960502624e-08,3.488102388381958,21.287594032287597,0.0,7.486361932754517,0.06546314060688019,0.6174490451812744,0.8044843180465202,0.9986414285257108,3.7504167556762695,-2.537854015827179e-08,1.8217036724090576,2.9026787281036377,0.06304361671209335,0.0030753803439438343
8,jammer_beamformer,1.5459954738616945e-08,2.8164377450942992,56.76718711853027,0.0,11.212871170043945,0.02682899683713913,0.6420659422874451,0.8136905644964427,1.0123843449440322,3.960350513458252,-1.641456037759781e-08,1.5775799751281738,2.9809186458587646,0.09746498614549637,0.004704406019300222
9,bs_beamformer,-4.5588240027427676e-08,4.376186561584473,56.76235809326172,0.0,6.291797780990601,0.06775417923927307,0.6449533700942993,0.8206591512551531,1.0188329148539756,3.610044002532959,4.470348358154297e-08,2.0797276496887207,3.2154593467712402,0.12928996980190277,0.007173099555075169
9,uav_trajectory,-2.7241185307502747e-08,1.867393970489502,21.286550331115723,0.0,5.723721599578857,0.07432518899440765,0.599716305732727,0.818571919153134,1.0231765160146602,3.292738199234009,2.7939677238464355e-08,1.3462271690368652,2.8422799110412598,0.07490719109773636,0.003865176113322377
9,jammer_beamformer,-1.876614987850189e-08,2.0553704500198364,56.76927719116211,0.0,5.2736222505569454,0.037208035588264465,0.644727349281311,0.7958726089051925,0.9899192861168481,3.3471057415008545,2.3283064365386963e-08,1.4193460941314697,2.501488208770752,0.11207164078950882,0.005786916706711054
10,bs_beamformer,5.150213837623596e-08,3.0533422470092773,56.763981628417966,0.0,5.185838031768799,0.06198710948228836,0.7211297154426575,0.833565327556571,1.030114940625416,3.692214012145996,-5.168840289115906e-08,1.7567121982574463,2.3775744438171387,0.1501653492450714,0.008595406077802181
10,uav_trajectory,5.401670932769775e-09,4.14834463596344,21.28580551147461,0.0,10.005021095275879,0.03191112354397774,0.7193148732185364,0.828086469159772,1.0345477907949046,3.447859764099121,-4.6566128730773926e-09,1.969489574432373,1.9889464378356934,0.08276345580816269,0.0042808461003005505
10,jammer_beamformer,-1.9045546650886535e-08,3.121402144432068,56.769103622436525,0.0,12.5729474067688,0.07696375995874405,0.7064567804336548,0.804563967213966,1.0136250372719557,3.3349928855895996,1.7462298274040222e-08,1.6600470542907715,3.5453426837921143,0.12812252342700958,0.00694173201918602
11,bs_beamformer,1.9650906324386598e-08,11.265058422088623,56.767530822753905,0.0,42.89771270751953,-0.07807835936546326,0.8993350267410278,0.8365402855528519,1.0374617755231195,3.498039960861206,-2.2351741790771484e-08,2.4993300437927246,2.6581366062164307,0.1693205088376999,0.009917927905917168
11,uav_trajectory,1.0849907994270325e-08,21.507960700988768,21.285043144226073,0.0,58.108093643188475,-0.20378486812114716,1.0327823162078857,0.7947092345245182,0.9926922247287238,3.057563543319702,-1.3504177331924438e-08,2.8607406616210938,2.1103355884552,0.08796487748622894,0.0044819945469498634
11,jammer_beamformer,1.9115395843982695e-08,22.15950450897217,56.771097564697264,0.0,67.52805023193359,-0.16852328181266785,1.0620061159133911,0.8005191782242619,0.9988172697401938,4.041459560394287,-1.862645149230957e-08,3.042834758758545,1.989876627922058,0.14108337461948395,0.00782911479473114
12,bs_beamformer,2.2049061954021455e-08,19.98831672668457,56.7695499420166,0.0,56.38642501831055,-0.1506575345993042,0.9366055130958557,0.8327804172532633,1.032787035363771,3.6478185653686523,-3.119930624961853e-08,3.4090235233306885,1.6456235647201538,0.18341267108917236,0.010875296778976917
12,uav_trajectory,2.820161171257496e-08,5.025471496582031,21.28456630706787,0.0,22.23451347351074,-0.10568220913410187,0.8509215116500854,0.7786306463091944,0.9809822146525754,3.3520407676696777,-3.096647560596466e-08,1.7494726181030273,2.8720335960388184,0.09177321195602417,0.004683806095272303
12,jammer_beamformer,-5.2014365792274476e-08,23.202758979797363,56.77238807678223,0.0,53.05484848022461,-0.1587236076593399,1.0160659551620483,0.8313704737252556,1.0395053606736688,3.7450547218322754,5.029141902923584e-08,3.893003225326538,1.7418354749679565,0.14845514297485352,0.008294149301946163
13,bs_beamformer,7.59027898311615e-09,10.987027454376221,56.77095985412598,0.0,25.566105842590332,-0.10632693767547607,0.8924547433853149,0.8187325163523201,1.0222605682867933,3.479576349258423,-2.7939677238464355e-09,3.041588544845581,1.9630248546600342,0.18924108147621155,0.011254592798650265
13,uav_trajectory,3.203749656677246e-08,7.41300630569458,21.28387107849121,0.0,23.098717498779298,-0.16804227232933044,0.8832311630249023,0.8186182548552752,1.0328827556397577,3.5706610679626465,-2.7939677238464355e-08,2.3863794803619385,1.9584968090057373,0.0945245698094368,0.0049088140949606895
13,jammer_beamformer,-9.195646271109581e-08,12.00943021774292,56.77298469543457,0.0,41.11094970703125,-0.1542074978351593,0.9012342691421509,0.7978068061362719,0.9993873580454836,3.7198519706726074,9.289942681789398e-08,2.6668121814727783,2.286372661590576,0.1512194275856018,0.008413983508944511
14,bs_beamformer,2.468004822731018e-09,5.6536987781524655,56.7721565246582,0.0,10.447192788124084,-0.1139327883720398,0.929607093334198,0.8236366191301495,1.0261170363052452,3.6117141246795654,-4.6566128730773926e-09,2.3112573623657227,2.1539721488952637,0.1897469460964203,0.011223706416785717
14,uav_trajectory,-3.739260137081146e-08,5.829398155212402,21.28409366607666,0.0,8.706363964080811,-0.12123128771781921,0.8750391602516174,0.7901685944149891,0.9974380459209008,4.044750213623047,4.0046870708465576e-08,2.439589500427246,2.954238176345825,0.09616994112730026,0.0050797839649021626
14,jammer_beamformer,6.044283509254456e-08,8.378021097183227,56.77357292175293,0.0,30.19244251251221,-0.1651575267314911,0.9358857274055481,0.7984994140597992,1.0077572754682482,3.3657026290893555,-5.448237061500549e-08,2.396714210510254,1.981046438217163,0.1526806652545929,0.00848002266138792
15,bs_beamformer,4.200264811515808e-08,3.665085196495056,56.77326622009277,0.0,10.126604318618774,-0.11177683621644974,0.9011853337287903,0.8419807401960716,1.046545142557274,4.391139507293701,-3.818422555923462e-08,1.8628854751586914,2.237560749053955,0.18978393077850342,0.011093185283243656
15,uav_trajectory,-6.044283509254456e-08,7.7146533012390135,21.285027313232423,0.0,15.579365444183349,-0.08585880696773529,0.9363158345222473,0.7965043703044454,0.9958063254674759,3.029872179031372,5.960464477539063e-08,2.705989122390747,2.1276302337646484,0.09791698306798935,0.005093574058264494
15,jammer_beamformer,-8.009374141693115e-09,9.26156930923462,56.77396659851074,0.0,25.1407169342041,-0.010536674410104752,0.8921136856079102,0.8126390743576921,1.008194614144257,3.5472636222839355,1.862645149230957e-08,2.7425942420959473,2.2535006999969482,0.15409065783023834,0.008550722151994705
16,bs_beamformer,-1.5832483768463134e-09,6.907554626464844,56.77371330261231,0.0,6.942597341537476,-0.088445283472538,0.9360893368721008,0.8020857457173988,1.0007975280886208,3.823802947998047,4.6566128730773926e-09,2.6020469665527344,1.976218819618225,0.1973610669374466,0.011524326168000698
16,uav_trajectory,2.3981556296348572e-08,8.08463716506958,21.286033058166502,0.0,14.979813385009766,-0.1781034916639328,0.9630559086799622,0.7919747342939178,0.9955600532315331,2.8485565185546875,-2.421438694000244e-08,2.7475993633270264,2.01615047454834,0.10159554332494736,0.005244244355708361
16,jammer_beamformer,2.0954757928848267e-08,6.702379894256592,56.77502670288086,0.0,5.327880573272705,-0.08768364787101746,0.9238569140434265,0.8111162323162425,1.018433248874623,3.604790210723877,-2.421438694000244e-08,2.5838353633880615,2.0278208255767822,0.15576663613319397,0.008603716269135475
17,bs_beamformer,2.7008354663848876e-09,3.514691686630249,56.775123596191406,0.0,6.24031171798706,-0.09468550235033035,0.8555806279182434,0.8283691878565587,1.0297180438753095,3.8106558322906494,-3.725290298461914e-09,1.8644733428955078,2.4215281009674072,0.20510900020599365,0.011961621232330799
17,uav_trajectory,5.53671270608902e-08,9.268942642211915,21.286788368225096,0.0,11.820978832244872,-0.1745007485151291,0.9883927702903748,0.812379002124692,1.0054090634631698,2.932760238647461,-5.052424967288971e-08,3.036011219024658,1.7923496961593628,0.10478927940130234,0.005384161602705717
17,jammer_beamformer,5.2258837968111036e-08,6.691124105453492,56.778221130371094,0.0,25.10617790222168,-0.17884254455566406,0.9284196496009827,0.804374652122613,1.0086760353553337,3.726491928100586,-4.98257577419281e-08,2.2080492973327637,2.117128372192383,0.15878170728683472,0.00852653943002224
18,bs_beamformer,-2.4656765162944795e-08,4.638188648223877,56.77449111938476,0.0,12.33310866355896,-0.1505548655986786,1.0106321573257446,0.8428016400230117,1.055071478257778,3.9775607585906982,2.60770320892334e-08,2.059420347213745,2.122372627258301,0.2080550491809845,0.011918934062123299
18,uav_trajectory,-2.468004822731018e-09,8.57422456741333,21.2877290725708,0.0,14.28170747756958,-0.13959960639476776,0.8814188241958618,0.815824459515512,1.0116333571565752,3.200481414794922,-5.122274160385132e-09,2.903888702392578,1.9363044500350952,0.10817817598581314,0.005564508028328419
18,jammer_beamformer,1.8114224076271056e-08,8.605791473388672,56.78069534301758,0.0,15.858255958557129,-0.18828032910823822,1.007768988609314,0.8167994175399653,1.0232104865575251,3.5025932788848877,-2.3283064365386963e-08,2.8035454750061035,2.3079819679260254,0.1684989631175995,0.008916666731238365
19,bs_beamformer,-3.632158041000366e-08,8.766376304626466,56.77414245605469,0.0,9.310435438156128,-0.16550235450267792,0.9569026827812195,0.8155565087783616,1.0278722865430685,3.72200608253479,4.0046870708465576e-08,2.9180822372436523,2.191540002822876,0.2117878794670105,0.011934547685086727
19,uav_trajectory,1.2991949915885925e-08,7.16530966758728,21.28953456878662,0.0,9.860116338729858,-0.11118246614933014,0.9056017994880676,0.8180448792353272,1.024622047080405,3.338035821914673,-8.381903171539307e-09,2.7134556770324707,2.605677604675293,0.11065246164798737,0.005509203299880028
19,jammer_beamformer,-2.561137080192566e-09,7.488332891464234,56.78174247741699,0.0,5.977602815628051,-0.17236480116844177,1.0013923645019531,0.8259191747605801,1.0392837388389153,3.86426043510437,-9.313225746154785e-10,2.7174932956695557,2.1580944061279297,0.17723597586154938,0.009374784305691719
20,bs_beamformer,4.1211023926734924e-08,10.752832508087158,56.774326705932616,0.0,29.449844551086425,-0.06678931415081024,0.9986276626586914,0.8232309373640455,1.0252120815225696,3.651045799255371,-4.237517714500427e-08,2.922508478164673,2.1147425174713135,0.2147396057844162,0.011955090798437595
20,uav_trajectory,9.685754776000977e-09,5.646424198150635,21.292487335205077,0.0,6.430495882034302,-0.10978993773460388,0.894363284111023,0.7785924038340648,0.9776552471550195,3.610037326812744,-7.450580596923828e-09,2.420236587524414,2.04618239402771,0.11212515830993652,0.005349866580218077
20,jammer_beamformer,4.6566128730773926e-09,7.029226398468017,56.78076667785645,0.0,8.185354471206665,-0.1554669886827469,0.9392836093902588,0.8442682293187826,1.055300124976367,3.9589126110076904,-5.122274160385132e-09,2.6183922290802,2.0969901084899902,0.18515966832637787,0.009869109839200974
21,bs_beamformer,-2.728775143623352e-08,6.350423049926758,56.77531547546387,0.0,12.710754108428954,-0.20347273349761963,1.0100287199020386,0.8428847428690642,1.0572557705386727,3.5398366451263428,2.7939677238464355e-08,2.451225519180298,1.9610159397125244,0.21832650899887085,0.012080693617463112
21,uav_trajectory,-3.5925768315792086e-08,6.222105979919434,21.295490074157716,0.0,7.9040446281433105,-0.088198721408844,0.894586443901062,0.8162236111139258,1.0105843616743513,2.974315643310547,3.958120942115784e-08,2.548499584197998,2.412161350250244,0.11730483174324036,0.005694444756954908
21,jammer_beamformer,1.4153774827718734e-07,6.11518235206604,56.78151969909668,0.0,12.933244800567627,-0.2057570219039917,0.885920524597168,0.8082064743228257,1.0091871076542451,3.4889438152313232,-1.341104507446289e-07,2.384183168411255,1.7551853656768799,0.19658999145030975,0.010619658045470715
22,bs_beamformer,2.2491440176963805e-08,8.513055515289306,56.77821998596191,0.0,11.493422794342042,-0.1510181725025177,0.930627703666687,0.8373172433429863,1.0456350034483264,3.5654845237731934,-2.0489096641540527e-08,2.8700873851776123,1.6399234533309937,0.22068555653095245,0.012121356092393398
22,uav_trajectory,4.128087311983109e-08,3.4021333694458007,21.297518920898437,0.0,6.7973424911499025,-0.08955106139183044,0.8458822965621948,0.7951502189735572,1.0039588655703027,3.3297603130340576,-4.0046870708465576e-08,1.8943039178848267,2.236475706100464,0.12346820533275604,0.006174123380333185
22,jammer_beamformer,-2.8801150619983674e-08,3.744086170196533,56.78422088623047,0.0,4.642875146865845,-0.17510497570037842,0.9827913045883179,0.8196930330507457,1.0438937246388764,4.043928146362305,2.9802322387695312e-08,1.9272500276565552,2.715172529220581,0.20516952872276306,0.011169697158038616
23,bs_beamformer,-1.1175870895385742e-09,8.760414409637452,56.77949409484863,0.0,34.17436294555664,-0.05585102736949921,0.9061827659606934,0.8221729373526759,1.0373882000372623,3.714421272277832,4.6566128730773926e-09,2.375077724456787,2.0761141777038574,0.2237115353345871,0.012286826968193054
23,uav_trajectory,3.4831464290618895e-08,4.969575548171997,21.300170707702637,0.0,10.899241638183593,-0.10967916250228882,0.8317063450813293,0.7991340483569851,0.9982898976713875,4.055495262145996,-3.841705620288849e-08,2.251303195953369,2.158250093460083,0.12841565907001495,0.00623162230476737
23,jammer_beamformer,-4.6472996473312377e-08,11.942308139801025,56.788261795043944,0.0,24.278489303588866,-0.1083027571439743,0.8020110130310059,0.8386897177458741,1.0561210937822316,4.096216201782227,5.075708031654358e-08,3.2023377418518066,1.5413920879364014,0.2065579891204834,0.01090124063193798
24,bs_beamformer,4.4447369873523713e-08,10.124104881286621,56.77987785339356,0.0,14.206227493286132,-0.17317061126232147,0.914910614490509,0.8383006946397945,1.0444763615278851,3.7296791076660156,-4.842877388000488e-08,3.1121294498443604,1.998844861984253,0.2266334593296051,0.012468758970499039
24,uav_trajectory,5.960464477539063e-09,4.086157035827637,21.301370239257814,0.0,21.406990432739256,0.0004881909117102623,0.769517719745636,0.8082716598647336,1.023661800635681,3.425668716430664,-6.51925802230835e-09,1.5864856243133545,3.5719411373138428,0.13220961391925812,0.006143359933048487
24,jammer_beamformer,4.200264811515808e-08,11.184746265411377,56.79157257080078,0.0,21.816493225097656,-0.2401544749736786,0.9760531187057495,0.8189984707750846,1.0390798743878114,4.024719715118408,-3.91155481338501e-08,3.136460542678833,1.7138102054595947,0.21181748807430267,0.01102693285793066
25,bs_beamformer,2.7241185307502747e-08,8.202154731750488,56.77959442138672,0.0,16.0942081451416,-0.07515203952789307,0.955584704875946,0.8299838054021821,1.0315699473784616,3.463489294052124,-2.2817403078079224e-08,2.763603925704956,2.4519028663635254,0.22787120938301086,0.012475821189582348
25,uav_trajectory,-1.6158446669578554e-08,5.207690095901489,21.301537322998048,0.0,15.231775951385497,0.008787393569946289,0.8502475619316101,0.7919271491169929,0.9927292407212651,3.090122938156128,1.30385160446167e-08,2.132431983947754,1.9831622838974,0.13495494425296783,0.006176588125526905
25,jammer_beamformer,-2.6356428861618043e-08,9.076807975769043,56.79478645324707,0.0,14.412678718566895,-0.12097878754138947,0.9810116291046143,0.8159085668763146,1.0242724479186882,3.3591041564941406,2.3283064365386963e-08,2.9126346111297607,1.7601609230041504,0.21538449823856354,0.011205166578292847
26,bs_beamformer,-9.89530235528946e-09,8.092534446716309,56.779304122924806,0.0,32.4846471786499,0.001803310588002205,0.8475267887115479,0.8437575392767321,1.0554397005368057,3.766232967376709,1.0244548320770264e-08,2.3028712272644043,2.2338783740997314,0.22950780391693115,0.012504595331847668
26,uav_trajectory,2.866145223379135e-08,9.813823032379151,21.301033782958985,0.0,26.73325881958008,-0.10573714971542358,0.8086147308349609,0.8173680576731761,1.024303552028035,3.969923973083496,-2.7008354663848877e-08,2.801180124282837,2.174480676651001,0.13756465911865234,0.006315249018371105
26,jammer_beamformer,1.1641532182693481e-09,12.29199161529541,56.79818992614746,0.0,30.8818021774292,-0.036537714302539825,0.9168775081634521,0.8202263783179223,1.033732562177388,3.4197144508361816,0.0,3.0858798027038574,1.7192305326461792,0.2164425551891327,0.011268526315689087
27,bs_beamformer,-2.598389983177185e-08,6.211778163909912,56.778829956054686,0.0,8.168496561050414,-0.07017959654331207,0.935123860836029,0.8172853152104653,1.0225173076492065,3.5488052368164062,2.3283064365386963e-08,2.478489637374878,2.384557008743286,0.23225054144859314,0.012672418728470802
27,uav_trajectory,-2.752058207988739e-08,10.02079668045044,21.300654411315918,0.0,18.48790111541748,-0.10477958619594574,0.9611344933509827,0.7820884613568584,0.9611216995463522,3.0958189964294434,3.166496753692627e-08,3.1197752952575684,2.380812644958496,0.14051489531993866,0.006587881129235029
27,jammer_beamformer,-6.556510925292969e-08,7.043306016921997,56.800120162963864,0.0,22.93477153778076,-0.18263466656208038,1.0145642757415771,0.8545226468010806,1.0755095057850332,3.491969347000122,6.239861249923706e-08,2.3549752235412598,1.5920557975769043,0.21778491139411926,0.011369762010872364
28,bs_beamformer,1.7648562788963317e-08,6.849854755401611,56.777659225463864,0.0,19.06907205581665,-0.12955009937286377,0.9726676344871521,0.8387071572607383,1.0497741511837253,4.011626720428467,-1.4901161193847656e-08,2.4188756942749023,3.085068464279175,0.24202516674995422,0.013430359773337841
28,uav_trajectory,8.661299943923951e-09,3.6483667612075807,21.300648880004882,0.0,11.784937858581543,-0.11824527382850647,0.9014861583709717,0.8229855460425218,1.0311518124772978,3.1971163749694824,-1.6763806343078613e-08,1.876056432723999,2.6133148670196533,0.14230182766914368,0.006735184229910374
28,jammer_beamformer,-5.6438148021698e-08,5.364376163482666,56.80170249938965,0.0,4.710370874404907,-0.10980212688446045,0.9749712944030762,0.8377836255815346,1.0400278934947125,3.6573426723480225,5.4016709327697754e-08,2.319051742553711,1.7249770164489746,0.21827323734760284,0.011357735842466354
29,bs_beamformer,2.8964132070541383e-08,5.023482036590576,56.777645111083984,0.0,6.812097024917603,-0.13828010857105255,0.993492603302002,0.8492778213592246,1.0553017657402257,3.682188034057617,-2.7008354663848877e-08,2.2329304218292236,2.737786054611206,0.2567201256752014,0.014568271115422249
29,uav_trajectory,5.0070229917764666e-08,5.456330156326294,21.300240325927735,0.0,7.328963088989258,-0.1135706678032875,0.9528301358222961,0.8097051958640417,1.0076026201367767,2.821329116821289,-4.98257577419281e-08,2.3679239749908447,2.4583046436309814,0.1464959681034088,0.007140249013900757
29,jammer_beamformer,-1.0523945093154908e-08,4.950687503814697,56.80442428588867,0.0,5.218654584884644,-0.11752445995807648,1.003928303718567,0.8291649191621691,1.0495673327857802,3.485996961593628,1.792795956134796e-08,2.221198797225952,2.486527919769287,0.215842142701149,0.01108723133802414
30,bs_beamformer,-1.3341195881366729e-08,14.191485118865966,56.77956428527832,0.0,26.52993507385254,-0.04253068566322327,0.9347703456878662,0.8340093140350655,1.034944031485874,3.8190083503723145,7.450580596923828e-09,3.5229477882385254,1.9356848001480103,0.2621630132198334,0.014939803630113602
30,uav_trajectory,3.869645297527313e-08,6.689860677719116,21.300411796569826,0.0,9.517941236495972,-0.15467849373817444,0.9289321899414062,0.8400564842994015,1.0468969352279864,3.1188607215881348,-3.632158041000366e-08,2.6362321376800537,2.2174232006073,0.152828186750412,0.0076814079657197
30,jammer_beamformer,1.1455267667770386e-08,11.379087829589844,56.807324981689455,0.0,7.615624809265137,-0.08934381604194641,0.940717875957489,0.8187115011622663,1.0308094450812715,4.152825355529785,-1.30385160446167e-08,3.361386299133301,2.098036527633667,0.21637241542339325,0.011056384071707726
31,bs_beamformer,3.26894223690033e-08,6.896014404296875,56.781792068481444,0.0,13.104629611968994,-0.0774722769856453,0.8592979907989502,0.8650732768126763,1.0740877270696754,4.646308422088623,-3.073364496231079e-08,2.5575618743896484,1.825972557067871,0.2644054889678955,0.015020978637039661
31,uav_trajectory,-7.217749953269958e-08,5.659419679641724,21.29988212585449,0.0,12.964815711975097,-0.21506498754024506,0.9332095384597778,0.8303197140097618,1.0403204915193345,3.4332165718078613,7.264316082000732e-08,2.3142576217651367,2.2912120819091797,0.15861152112483978,0.00801749899983406
31,jammer_beamformer,-9.012874215841294e-08,13.528715991973877,56.81066551208496,0.0,43.708787536621095,-0.2449658215045929,0.962704062461853,0.8483005661256612,1.0583656528296281,4.3880391120910645,8.940696716308594e-08,2.7392048835754395,2.352539300918579,0.21723051369190216,0.01101134903728962
32,bs_beamformer,-1.0337680578231811e-08,5.164087009429932,56.78513374328613,0.0,6.1697102069854735,-0.06556452065706253,0.869265615940094,0.8587219087532721,1.0699717367036619,4.060181140899658,6.984919309616089e-09,2.286566734313965,2.712535858154297,0.26603177189826965,0.015103106386959553
32,uav_trajectory,1.2060627341270446e-08,7.164903783798218,21.298598861694337,0.0,30.599088668823242,-0.07159970700740814,0.8497323393821716,0.8362482901265224,1.0392951342572097,3.0942916870117188,-1.1408701539039612e-08,2.0322177410125732,2.141191244125366,0.16409355401992798,0.008343332447111607
32,jammer_beamformer,4.097819328308106e-09,4.850398206710816,56.81272583007812,0.0,5.407728147506714,-0.09945093840360641,0.8985070586204529,0.8196909980941564,1.0326054512374467,4.317213535308838,0.0,2.2117831707000732,2.6638858318328857,0.21997743844985962,0.011154488660395145
33,bs_beamformer,3.972090780735016e-08,6.038007545471191,56.788045501708986,0.0,15.012734031677246,-0.10125049948692322,0.8983065485954285,0.8780579413953237,1.09115529507541,4.356066703796387,-4.190951585769653e-08,2.34501576423645,2.257174491882324,0.27474692463874817,0.01572914980351925
33,uav_trajectory,-3.133900463581085e-08,9.031024742126466,21.29754524230957,0.0,15.331228923797607,-0.1519862711429596,0.9179603457450867,0.8277161999767025,1.0278398525278893,3.1434078216552734,3.259629011154175e-08,2.98356294631958,2.18180251121521,0.16882199048995972,0.008738108910620213
33,jammer_beamformer,-1.4621764421463012e-08,6.04426531791687,56.81368179321289,0.0,17.20148696899414,-0.04843255132436752,0.8636870384216309,0.8432040566597134,1.0575795160666304,3.6198034286499023,1.4901161193847656e-08,2.283602476119995,2.282557487487793,0.22138051688671112,0.011058550328016281
34,bs_beamformer,1.0617077350616455e-08,5.389017343521118,56.78810043334961,0.0,9.162734889984131,-0.11362617462873459,0.9418533444404602,0.8495824546664953,1.0598253068801247,3.93949556350708,-1.0244548320770264e-08,2.2927098274230957,2.196033477783203,0.28851553797721863,0.016735201701521873
34,uav_trajectory,1.4388933777809142e-08,6.812256526947022,21.29791393280029,0.0,8.457530784606934,-0.1456564962863922,0.9412248134613037,0.8606561907952031,1.048533195386912,3.131505250930786,-1.4901161193847656e-08,2.738184928894043,1.950423240661621,0.17139533162117004,0.008949152193963528
34,jammer_beamformer,-8.777715265750886e-09,6.5650410652160645,56.81513900756836,0.0,5.887986516952514,-0.07670926302671432,0.8668789863586426,0.8131870170079637,1.024302573148901,3.7495012283325195,1.257285475730896e-08,2.5695395469665527,2.0540637969970703,0.2265431135892868,0.011267749592661858
35,bs_beamformer,1.4435499906539917e-09,5.522571659088134,56.7878231048584,0.0,5.800774478912354,-0.1352461576461792,0.9532897472381592,0.8651386221181602,1.076616245423608,3.7480454444885254,-1.862645149230957e-09,2.356868267059326,2.2544753551483154,0.3004630208015442,0.017533043399453163
35,uav_trajectory,7.729977369308472e-09,16.533312034606933,21.30044631958008,0.0,25.797944450378417,-0.23633700609207153,1.0099562406539917,0.8083940918768445,1.0042280804066368,3.342438220977783,-6.984919309616089e-09,3.8529913425445557,2.1830317974090576,0.17822401225566864,0.009572358801960945
35,jammer_beamformer,2.4493783712387086e-08,10.723710250854491,56.81806907653809,0.0,10.282519245147705,-0.13803821802139282,0.9390517473220825,0.8226634436328896,1.0284918085296901,3.716637134552002,-2.0954757928848267e-08,3.244288682937622,1.8748677968978882,0.23043780028820038,0.011376941576600075
36,bs_beamformer,-4.0791928768157956e-08,4.977291297912598,56.78708190917969,0.0,7.596989154815674,-0.13981126248836517,0.898414671421051,0.8793619142035023,1.0908660032088446,3.7912988662719727,4.563480615615845e-08,2.217755079269409,2.5964319705963135,0.3103630244731903,0.018174218013882637
36,uav_trajectory,2.852175384759903e-08,7.117610788345337,21.3017520904541,0.0,8.425649261474609,-0.17174440622329712,0.9738837480545044,0.8461036825080712,1.059644493189812,4.1695556640625,-2.60770320892334e-08,2.8641436100006104,1.9220141172409058,0.18549147248268127,0.010177928023040295
36,jammer_beamformer,1.848675310611725e-08,7.76767201423645,56.8229305267334,0.0,31.730548477172853,-0.22567258775234222,1.0175358057022095,0.8472785593147856,1.0658160314214928,3.818990468978882,-1.5832483768463135e-08,2.153120756149292,2.4009735584259033,0.2339160293340683,0.011560344137251377
37,bs_beamformer,5.150213837623596e-08,6.037827730178833,56.78985061645508,0.0,19.09151668548584,-0.06488154828548431,0.8369216918945312,0.8691847912350203,1.0801064532519418,3.839505434036255,-5.029141902923584e-08,2.279743194580078,1.9982761144638062,0.3169859051704407,0.018510714173316956
37,uav_trajectory,3.091990947723389e-08,7.457555675506592,21.302038955688477,0.0,12.752218246459961,-0.2399168610572815,0.9441287517547607,0.8140864158272744,1.0088530004597143,3.451674699783325,-3.096647560596466e-08,2.733644962310791,2.439053535461426,0.19185657799243927,0.010509427636861801
37,jammer_beamformer,-2.4028122425079346e-08,6.572694444656372,56.82508392333985,0.0,5.628500461578369,-0.14821165800094604,1.0826705694198608,0.8264895475087687,1.0284598052849667,3.7729222774505615,2.0489096641540527e-08,2.5660600662231445,2.5177812576293945,0.2360992282629013,0.011745277792215347
38,bs_beamformer,-5.7532452046871184e-08,5.14321084022522,56.79211845397949,0.0,14.58504514694214,-0.13537177443504333,0.954149603843689,0.8786923689637333,1.0884500715768295,3.97058367729187,5.774199962615967e-08,2.15687894821167,2.659254789352417,0.32241198420524597,0.018724145367741585
38,uav_trajectory,4.163011908531189e-08,9.157022666931152,21.302527618408202,0.0,32.08760013580322,-0.09202461689710617,0.9193382859230042,0.8565150968482097,1.0439173326512883,3.082937479019165,-4.190951585769653e-08,2.363961935043335,2.567502498626709,0.19996187090873718,0.010984564200043678
38,jammer_beamformer,6.752088665962219e-09,4.9352644920349125,56.824710083007815,0.0,17.706267738342284,-0.11224192380905151,0.9855449199676514,0.8268618550272658,1.031175818010931,3.3470935821533203,0.0,2.0160272121429443,2.4574897289276123,0.24143080413341522,0.012088509276509285
39,bs_beamformer,4.8242509365081784e-08,8.117670631408691,56.792545318603516,0.0,12.7233136177063,-0.1582520753145218,0.9582556486129761,0.9084002087875269,1.1228088300052936,4.163412094116211,-4.330649971961975e-08,2.7929091453552246,2.518479108810425,0.3260836899280548,0.018871720880270004
39,uav_trajectory,-1.6577541828155518e-08,12.7410306930542,21.30256805419922,0.0,41.398262405395506,-0.04709290340542793,0.9086486101150513,0.8741225228980184,1.0848857986022071,4.134344577789307,2.1886080503463745e-08,2.650683641433716,2.3138866424560547,0.2065015584230423,0.01145245786756277
39,jammer_beamformer,-2.207234501838684e-08,9.627978801727295,56.82415199279785,0.0,6.418319892883301,-0.12770584225654602,0.9584529399871826,0.8301367296529933,1.0427229585734714,3.4739418029785156,2.514570951461792e-08,3.120685577392578,1.7563148736953735,0.2497536838054657,0.012666789814829826
40,bs_beamformer,2.169981598854065e-08,8.532636451721192,56.792223358154295,0.0,8.258929204940795,-0.1214999109506607,0.9168044924736023,0.9043859909046441,1.13656402218899,3.796659469604492,-2.468004822731018e-08,2.9302220344543457,2.655055046081543,0.329878568649292,0.019037842750549316
40,uav_trajectory,8.428469300270081e-09,12.294015979766845,21.30244140625,0.0,43.78369903564453,0.011058536358177662,0.879830539226532,0.8221752783954144,1.0250564284787818,3.600590467453003,-7.450580596923828e-09,2.2661683559417725,2.7576589584350586,0.21085917949676514,0.011780762113630772
40,jammer_beamformer,1.862645149230957e-09,8.397877836227417,56.82579917907715,0.0,27.504224967956542,-0.022670544683933258,0.8965141177177429,0.8360435510557145,1.0362621753198804,3.8463094234466553,-1.862645149230957e-09,2.4979655742645264,2.9000861644744873,0.25425273180007935,0.012919703498482704
41,bs_beamformer,7.618218660354614e-08,5.976550102233887,56.79180717468262,0.0,8.930577516555786,-0.10846354812383652,0.9455136656761169,0.8716422961959616,1.083595647108606,3.9964656829833984,-7.916241884231567e-08,2.433472156524658,2.5160956382751465,0.3395169675350189,0.019601255655288696
41,uav_trajectory,4.563480615615845e-09,6.856639003753662,21.30272731781006,0.0,28.0616397857666,-0.012492657639086246,0.973612368106842,0.8583399281253418,1.0753908109070267,3.9766743183135986,-6.05359673500061e-09,2.128875732421875,2.027836799621582,0.21391430497169495,0.012011853978037834
41,jammer_beamformer,4.889443516731262e-09,7.140561056137085,56.82688598632812,0.0,15.152748680114746,-0.028649739921092987,0.8967095017433167,0.8511497720181942,1.06392890669038,3.562326669692993,-4.6566128730773926e-09,2.5815536975860596,2.0301578044891357,0.26064375042915344,0.013339596800506115
42,bs_beamformer,-1.816079020500183e-08,8.769949531555175,56.79054183959961,0.0,5.0685876369476315,-0.1191222071647644,0.9764158725738525,0.8882855145065114,1.1088232369837692,3.771001100540161,2.584420144557953e-08,2.9871058464050293,1.7973664999008179,0.35567352175712585,0.02065524086356163
42,uav_trajectory,-4.553003236651421e-08,9.69574794769287,21.303165245056153,0.0,12.539658737182616,-0.07041936367750168,0.9788295030593872,0.8457511282016834,1.0517480539016508,3.4814679622650146,4.575122147798538e-08,3.236152410507202,2.6211929321289062,0.21723905205726624,0.012248722836375237
42,jammer_beamformer,3.3574178814888e-08,3.5546895980834963,56.828640365600585,0.0,6.002498579025269,-0.03370777517557144,0.8650183081626892,0.8445366271072998,1.0577604197420702,4.071940898895264,-3.003515303134918e-08,1.8792331218719482,2.530879497528076,0.2671044170856476,0.013843490742146969
43,bs_beamformer,-1.3224780559539794e-08,5.475739002227783,56.791608810424805,0.0,6.0829590320587155,-0.10049574822187424,0.8470703363418579,0.9287319787107408,1.145429316408128,4.016534328460693,1.210719347000122e-08,2.386225938796997,2.059924364089966,0.3693433105945587,0.021469639614224434
43,uav_trajectory,-4.016328603029251e-08,3.5627018451690673,21.30353889465332,0.0,11.464966964721679,-0.0898735523223877,0.8582687973976135,0.8542541361004115,1.063264147249448,3.101673126220703,3.725290298461914e-08,1.8483792543411255,1.8945547342300415,0.22162215411663055,0.012410154566168785
43,jammer_beamformer,1.6903504729270934e-08,9.205756568908692,56.831844329833984,0.0,24.97736511230469,-0.1250988245010376,1.0128227472305298,0.8490854930812493,1.0665399877645403,3.5600247383117676,-2.0489096641540527e-08,2.728379249572754,2.4227073192596436,0.2742122709751129,0.014377336017787457
44,bs_beamformer,-2.8498470783233644e-08,3.42963593006134,56.7943000793457,0.0,10.633637046813964,-0.06010822951793671,0.9400756359100342,0.9113085058536381,1.1337780582278765,4.169767379760742,3.026798367500305e-08,1.818602442741394,1.9465985298156738,0.38179194927215576,0.022112520411610603
44,uav_trajectory,-2.414453774690628e-08,5.779372262954712,21.30413398742676,0.0,8.06782774925232,-0.07958094030618668,1.002354383468628,0.8625206774920225,1.068846899004514,3.960247278213501,2.468004822731018e-08,2.4411518573760986,2.025639295578003,0.22940118610858917,0.012986971996724606
44,jammer_beamformer,-7.310882210731506e-09,7.640487909317017,56.83395881652832,0.0,11.601886081695557,-0.11083908379077911,0.9594443440437317,0.8525089646354318,1.069759747130579,3.610124111175537,5.122274160385132e-09,2.694514274597168,2.5380570888519287,0.28261375427246094,0.014945159666240215
45,bs_beamformer,6.225891411304473e-08,5.543735408782959,56.791996765136716,0.0,16.07206039428711,-0.11377546191215515,1.0006964206695557,0.9457325102137402,1.1715309064725237,4.609768867492676,-7.264316082000732e-08,2.265993595123291,2.5494425296783447,0.3991648554801941,0.023117661476135254
45,uav_trajectory,-1.0430812835693359e-08,8.078149652481079,21.304819297790527,0.0,14.394539165496827,-0.04718165844678879,0.9308255910873413,0.8515407529945175,1.0587081355956556,3.6241626739501953,1.0244548320770264e-08,2.900627374649048,2.153010606765747,0.2426893413066864,0.01405742485076189
45,jammer_beamformer,5.494803190231323e-08,5.516881513595581,56.83596343994141,0.0,6.624634742736816,-0.09485193341970444,0.9375611543655396,0.8332006947146728,1.0419536456607275,3.8635988235473633,-5.029141902923584e-08,2.3553836345672607,2.176172971725464,0.28996989130973816,0.01542106457054615
46,bs_beamformer,-1.6880221664905548e-08,5.63906683921814,56.78832817077637,0.0,9.10638952255249,-0.09630481898784637,0.8708927035331726,0.9474146916531027,1.1831306602403204,4.743370532989502,1.257285475730896e-08,2.3738670349121094,2.083635091781616,0.41694775223731995,0.024234874173998833
46,uav_trajectory,1.3271346688270569e-08,4.645446634292602,21.304754638671874,0.0,9.75434331893921,-0.040513280779123306,0.8762562274932861,0.8580664781158169,1.0541709898500478,3.4442479610443115,-1.5832483768463135e-08,2.1886680126190186,2.1118502616882324,0.25532495975494385,0.014889918267726898
46,jammer_beamformer,-1.508742570877075e-08,12.85261869430542,56.83645362854004,0.0,5.703925466537475,-0.12246569246053696,0.9946107864379883,0.838387450819835,1.0569970603034065,3.621799945831299,1.6298145055770874e-08,3.6119911670684814,2.1750144958496094,0.29631146788597107,0.015864813700318336
47,bs_beamformer,1.7532147467136382e-08,4.604024505615234,56.784301376342775,0.0,26.270303535461426,-0.008298158645629883,0.8232427835464478,0.9593193214479834,1.1917608766131949,3.8808999061584473,-2.1420419216156006e-08,1.7299820184707642,1.9184483289718628,0.4382539987564087,0.025540387257933617
47,uav_trajectory,-1.5168916434049608e-08,5.000792694091797,21.303010177612304,0.0,7.140947437286377,-0.029897866770625114,0.9153225421905518,0.8710187584608793,1.068393946206266,3.652980327606201,1.4901161193847656e-08,2.3425238132476807,2.234715700149536,0.26542970538139343,0.015385594218969345
47,jammer_beamformer,-3.4691765904426576e-09,8.22792158126831,56.83730049133301,0.0,5.283591365814209,-0.13741537928581238,0.99662846326828,0.8518038794654421,1.078219825808961,4.149435043334961,3.725290298461914e-09,2.8764638900756836,2.1374473571777344,0.3074260652065277,0.016736945137381554
48,bs_beamformer,2.577435225248337e-08,7.550119066238404,56.78301429748535,0.0,22.668881607055663,0.02139371819794178,0.9205825328826904,0.9677299289815128,1.213744832322061,4.708048343658447,-3.073364496231079e-08,2.515326976776123,2.410942316055298,0.4557696282863617,0.026596825569868088
48,uav_trajectory,1.2759119272232055e-08,8.27968463897705,21.301343154907226,0.0,19.836734199523924,-0.10587345063686371,0.8712272644042969,0.8596370322455963,1.058419321406831,3.238835096359253,-1.30385160446167e-08,2.7840731143951416,2.057530641555786,0.2809281647205353,0.016293184831738472
48,jammer_beamformer,4.2677856981754306e-08,4.69555139541626,56.843736267089845,0.0,7.982177829742431,-0.09707488864660263,0.8927074670791626,0.8460352864889428,1.0579879906065919,4.01943302154541,-4.0046870708465576e-08,2.1505537033081055,2.1923670768737793,0.31753474473953247,0.01752958633005619
49,bs_beamformer,9.220093488693238e-09,7.129874801635742,56.78303756713867,0.0,23.05252285003662,-0.08162226527929306,0.8927556276321411,0.9919428712474182,1.2355165798309387,5.0081682205200195,-1.1641532182693481e-08,2.403441905975342,2.692927837371826,0.46608293056488037,0.027225714176893234
49,uav_trajectory,1.5133991837501526e-08,6.624429941177368,21.300148582458498,0.0,7.911963319778442,-0.05259503424167633,0.9069904088973999,0.8273217807511488,1.0442909534100642,3.8213248252868652,-1.1059455573558807e-08,2.624175548553467,1.8614884614944458,0.2942333221435547,0.017054548487067223
49,jammer_beamformer,-4.377216100692749e-08,12.57021884918213,56.85011024475098,0.0,6.636675834655762,-0.10829073190689087,1.0043511390686035,0.8756611709930002,1.097782173558622,4.075069427490234,3.934837877750397e-08,3.5572617053985596,1.7985388040542603,0.3260419964790344,0.018120581284165382
50,bs_beamformer,-2.0535662770271302e-08,7.017634677886963,56.78336448669434,0.0,9.435904788970948,-0.03868383914232254,0.9605262875556946,1.022076804112643,1.2570568335466008,3.8616137504577637,2.0023435354232788e-08,2.641669750213623,1.9637808799743652,0.4713244140148163,0.02753332443535328
50,uav_trajectory,-2.9569491744041443e-08,6.292496013641357,21.29961242675781,0.0,7.537135744094849,-0.07383062690496445,0.916255533695221,0.9028778557231029,1.1156146559927884,3.990919589996338,3.306195139884949e-08,2.5971333980560303,2.138805627822876,0.3065040409564972,0.01771344058215618
50,jammer_beamformer,1.6391277313232423e-08,7.955662679672241,56.85197982788086,0.0,15.007957553863525,-0.020979592576622963,0.8369399309158325,0.8996992224482819,1.1224718273799743,3.7851176261901855,-1.955777406692505e-08,2.7243926525115967,2.707547903060913,0.3347429633140564,0.01869622990489006
51,bs_beamformer,1.4901161193847657e-09,4.651007652282715,56.78244972229004,0.0,4.443474650382996,-0.05148221552371979,0.8986013531684875,0.9837409607311711,1.2296134134785062,4.006089210510254,4.423782229423523e-09,2.1804347038269043,1.898579716682434,0.472320020198822,0.027477923780679703
51,uav_trajectory,1.532025635242462e-08,8.635182666778565,21.298682403564452,0.0,22.390304565429688,0.022716879844665527,0.8740599751472473,0.8652229901353519,1.076749716622735,4.037268161773682,-1.30385160446167e-08,2.681976556777954,1.9327994585037231,0.3244509994983673,0.018827317282557487
51,jammer_beamformer,5.2805989980697634e-08,6.433275318145752,56.85253982543945,0.0,12.24330244064331,-0.0823458880186081,0.9593973159790039,0.8918779846746474,1.1099235861285064,4.004279613494873,-4.6798959374427795e-08,2.5021724700927734,1.8680715560913086,0.34546154737472534,0.01940757967531681
52,bs_beamformer,2.48197466135025e-08,3.9860657691955566,56.777245330810544,0.0,22.34818477630615,-0.13160806894302368,0.8418328166007996,1.0301100916136057,1.2811087884438008,4.884706497192383,-2.2351741790771484e-08,1.6817022562026978,2.209080457687378,0.4834290146827698,0.02797900140285492
52,uav_trajectory,-1.1827796697616576e-08,7.704117155075073,21.297350120544433,0.0,13.660595417022705,-0.08574546873569489,1.0059359073638916,0.8580552886823813,1.0369650180660044,3.3338394165039062,1.5832483768463135e-08,2.8086917400360107,2.3382933139801025,0.34055572748184204,0.01988181844353676
52,jammer_beamformer,8.009374141693115e-09,5.101733016967773,56.85118217468262,0.0,8.111398839950562,-0.08425872027873993,0.9130027294158936,0.8935542521884199,1.1216631215932398,4.577771186828613,-9.313225746154785e-09,2.2604973316192627,2.5810794830322266,0.35672780871391296,0.020177530124783516
53,bs_beamformer,-1.7462298274040222e-08,7.465741443634033,56.77388801574707,0.0,38.25747871398926,0.027904197573661804,0.7803229093551636,1.0462789083383977,1.2884543350149205,4.3972578048706055,9.313225746154785e-09,1.9789005517959595,2.2217116355895996,0.49720299243927,0.028675448149442673
53,uav_trajectory,-1.755543053150177e-08,9.749467277526856,21.29562587738037,0.0,24.08937644958496,-0.1373298615217209,0.922812283039093,0.9305608028372129,1.137495047002282,4.180425643920898,1.5832483768463135e-08,2.950962781906128,2.2590906620025635,0.35231947898864746,0.020525028929114342
53,jammer_beamformer,-2.514570951461792e-09,8.022827005386352,56.84975891113281,0.0,20.106833076477052,-0.017110975459218025,0.9181389212608337,0.8827634901460261,1.1031128855581207,4.18862771987915,7.450580596923828e-09,2.687953233718872,1.7533349990844727,0.363420695066452,0.020533349364995956
54,bs_beamformer,7.245689630508423e-08,6.006502151489258,56.77120704650879,0.0,12.33915376663208,-0.10686872899532318,0.8660029768943787,1.017559613775462,1.268129958283628,5.97695779800415,-7.35744833946228e-08,2.4384472370147705,2.6319618225097656,0.5061914920806885,0.029112812131643295
54,uav_trajectory,-1.103617250919342e-08,4.8362476348876955,21.293225288391113,0.0,11.968549823760986,-0.042343828827142715,0.8777012228965759,0.9442924302220345,1.1590429818860517,4.102931976318359,5.587935447692871e-09,2.1609625816345215,3.25756573677063,0.3651592433452606,0.02130407840013504
54,jammer_beamformer,8.381903171539307e-10,5.40929651260376,56.849674987792966,0.0,6.95890064239502,-0.05423859506845474,0.8920171856880188,0.8938839532416314,1.1282766422560202,3.900646686553955,-3.958120942115784e-09,2.3262295722961426,2.1459619998931885,0.36525437235832214,0.020486097782850266
55,bs_beamformer,-1.9976869225502013e-08,6.438133621215821,56.7670711517334,0.0,28.472069358825685,0.004157343879342079,0.8024150729179382,1.0744869950003921,1.3301441899558164,4.208117485046387,1.862645149230957e-08,2.1353042125701904,2.9809558391571045,0.5227307677268982,0.03013605810701847
55,uav_trajectory,3.2852403819561003e-08,8.812179851531983,21.29072036743164,0.0,11.88642234802246,-0.12834656238555908,0.9911981821060181,0.9016393379891913,1.1014453569178804,3.8969197273254395,-3.282912075519562e-08,3.0405776500701904,2.0502688884735107,0.37799859046936035,0.022116174921393394
55,jammer_beamformer,-1.0267831385135651e-08,6.4775573253631595,56.848476028442384,0.0,6.61599555015564,-0.05007248371839523,0.8804642558097839,0.9105752943716944,1.1440511517455194,4.389708518981934,1.0710209608078003e-08,2.5521087646484375,1.9673361778259277,0.36663079261779785,0.02040635421872139
56,bs_beamformer,-7.776543498039245e-09,4.58603515625,56.765127944946286,0.0,6.928473615646363,-0.05462907627224922,0.8707461357116699,1.0703424833267927,1.3318542932688267,4.698351860046387,9.313225746154785e-09,2.1337051391601562,2.61487078666687,0.537290632724762,0.03102029673755169
56,uav_trajectory,3.133900463581085e-08,2.7968886137008666,21.287266540527344,0.0,8.679680919647216,-0.08102629333734512,0.8477965593338013,0.9368390430013339,1.1303929452725965,4.893941402435303,-2.7008354663848877e-08,1.7412004470825195,2.800985813140869,0.3923645317554474,0.023038990795612335
56,jammer_beamformer,2.5099143385887145e-08,4.224896669387817,56.847537994384766,0.0,6.944087123870849,-0.07429639995098114,0.9231845140457153,0.9114369481364265,1.144853066091557,4.011142253875732,-3.259629011154175e-08,2.0672624111175537,2.63517165184021,0.37495964765548706,0.02086443081498146
57,bs_beamformer,-1.8626451492309571e-10,4.608479022979736,56.76455574035644,0.0,6.821593284606934,-0.03028445690870285,0.8800877332687378,1.0839329541744664,1.3472863609287884,4.414940357208252,-9.313225746154785e-10,2.194331407546997,2.1500086784362793,0.5451966524124146,0.03145064041018486
57,uav_trajectory,1.1920928955078126e-08,5.377248859405517,21.282299613952638,0.0,12.295942306518555,-0.031188705936074257,0.9104576706886292,1.009802694896857,1.1944040352388574,4.379473686218262,-4.6566128730773926e-09,2.2912487983703613,2.507906675338745,0.4144657850265503,0.024383464828133583
57,jammer_beamformer,3.883615136146546e-08,6.829473352432251,56.847011947631835,0.0,5.532802486419678,-0.07105563580989838,0.9625694155693054,0.9503291683122516,1.1860065833263795,3.8587381839752197,-3.4458935260772705e-08,2.641138792037964,2.222478151321411,0.38783442974090576,0.021776171401143074
58,bs_beamformer,-2.6077032089233397e-09,3.473551607131958,56.76108589172363,0.0,12.31852216720581,-0.07444397360086441,0.8194171786308289,1.1311243613101543,1.4048801412477017,5.270533561706543,0.0,1.803255319595337,2.6541197299957275,0.570290207862854,0.03293314576148987
58,uav_trajectory,-4.7776848077774045e-08,6.691470527648926,21.277832984924316,0.0,10.88638095855713,-0.06829459220170975,0.8719554543495178,0.9682679536640644,1.192396001303715,3.723766326904297,4.330649971961975e-08,2.7327451705932617,1.8254913091659546,0.43624934554100037,0.025685491040349007
58,jammer_beamformer,-3.5064294934272765e-08,5.132249450683593,56.847097396850586,0.0,5.8607213497161865,-0.07140699774026871,0.8434740304946899,0.9462075189985335,1.1857901946114502,3.876298666000366,3.725290298461914e-08,2.291388988494873,2.392939805984497,0.4061926007270813,0.023074617609381676
59,bs_beamformer,-2.1746382117271425e-08,2.542133593559265,56.75756187438965,0.0,5.402655458450317,-0.03711050748825073,0.8011139035224915,1.1665636048167944,1.4503095401188193,4.729911804199219,2.0489096641540527e-08,1.5991398096084595,2.266392230987549,0.5942659378051758,0.03427882120013237
59,uav_trajectory,3.1082890927791595e-08,3.272572088241577,21.27143268585205,0.0,11.582786464691162,-0.0862295925617218,0.9222792983055115,0.9788520176112652,1.1802002537047185,3.8392109870910645,-3.259629011154175e-08,1.8336862325668335,2.1391561031341553,0.46048393845558167,0.027110692113637924
59,jammer_beamformer,-6.826594471931457e-08,2.9178155660629272,56.85040397644043,0.0,11.897877883911132,-0.1089017391204834,0.8376266360282898,0.9542498217914254,1.1956282550707298,4.32370138168335,6.426125764846802e-08,1.6398372650146484,2.574810743331909,0.42226237058639526,0.024115154519677162
60,bs_beamformer,-2.144370228052139e-08,5.318814134597778,56.75387535095215,0.0,6.5839861869812015,-0.03604019433259964,0.8731905221939087,1.1506936465129256,1.4419880795117939,4.663795471191406,2.0489096641540527e-08,2.3478546142578125,1.9706883430480957,0.6075829267501831,0.034947603940963745
60,uav_trajectory,-3.3993273973464966e-08,7.553155755996704,21.26563243865967,0.0,27.28803958892822,-0.17248809337615967,0.9658536314964294,1.0533071766545374,1.2623764502026298,3.715381622314453,3.632158041000366e-08,2.226670265197754,2.5945942401885986,0.48843860626220703,0.028921034187078476
60,jammer_beamformer,-3.5203993320465085e-08,3.563391017913818,56.85145988464355,0.0,9.964407110214234,-0.11650149524211884,0.8398591876029968,0.9669695341764017,1.2017131712644291,3.757075548171997,3.3993273973464966e-08,1.8811289072036743,1.8703534603118896,0.4317805767059326,0.024625152349472046
61,bs_beamformer,-4.284083843231201e-09,2.922771668434143,56.751560592651366,0.0,8.180909681320191,-0.02363208681344986,0.7814945578575134,1.2153478039689363,1.5100413925780136,5.326560020446777,3.725290298461914e-09,1.7024418115615845,2.525076150894165,0.6289811134338379,0.036055877804756165
61,uav_trajectory,-8.335337042808532e-09,5.691561126708985,21.261120986938476,0.0,12.74256649017334,-0.11552682518959045,0.9577250480651855,1.1133691112697124,1.296970668727376,5.006653308868408,1.210719347000122e-08,2.466625452041626,1.902554988861084,0.5101807713508606,0.030300606042146683
61,jammer_beamformer,-2.3609027266502382e-08,5.606171894073486,56.85051727294922,0.0,5.994052886962891,-0.1297813355922699,0.8156140446662903,0.9540195225924254,1.1814254222783935,3.922866106033325,2.8870999813079834e-08,2.406069278717041,2.5301883220672607,0.43749889731407166,0.024898340925574303
62,bs_beamformer,-1.871958374977112e-08,6.401835107803345,56.74890785217285,0.0,17.704990005493165,-0.08065904676914215,0.8351174592971802,1.2208873315323143,1.5191046942128648,5.330850601196289,1.955777406692505e-08,2.3650062084198,2.0966501235961914,0.6578022837638855,0.03763532638549805
62,uav_trajectory,-2.3958273231983186e-08,5.888921022415161,21.254798698425294,0.0,21.59602336883545,-0.06636154651641846,0.9457091093063354,1.094490775624911,1.288794161305977,4.307417392730713,2.7008354663848877e-08,2.333158016204834,2.0485734939575195,0.5317633748054504,0.03137870132923126
62,jammer_beamformer,-1.9650906324386598e-08,5.692034387588501,56.84916038513184,0.0,23.80814208984375,-0.0366646945476532,0.8330713510513306,0.9567121884101071,1.199134292926449,4.6540656089782715,1.4901161193847656e-08,2.078594446182251,2.2645437717437744,0.4453204572200775,0.025219405069947243
63,bs_beamformer,1.7264392226934434e-08,3.366688680648804,56.74672584533691,0.0,8.007481336593628,-0.03729661554098129,0.7936513423919678,1.2335716544669122,1.5510220772461154,5.888439178466797,-1.7695128917694092e-08,1.8899285793304443,2.505117893218994,0.6762749552726746,0.03868400678038597
63,uav_trajectory,-2.775341272354126e-08,3.865888810157776,21.24838809967041,0.0,15.123785209655761,-0.1055552214384079,0.9957111477851868,1.109615126227339,1.3051052510889527,4.757561683654785,2.421438694000244e-08,2.0111899375915527,2.032474994659424,0.555462658405304,0.03258088603615761
63,jammer_beamformer,1.7229467630386353e-08,6.138808917999268,56.849185180664065,0.0,22.975489616394043,0.010251560248434544,0.8055035471916199,0.9571034486861899,1.1997786863140099,4.448490619659424,-1.955777406692505e-08,2.1892571449279785,2.2038841247558594,0.455045610666275,0.02569717913866043
64,bs_beamformer,-8.288770914077759e-09,2.821895718574524,56.741492080688474,0.0,6.244159173965454,-0.059335775673389435,0.7400363683700562,1.294707291079685,1.6201225809112456,5.459677219390869,4.6566128730773926e-09,1.6940559148788452,2.775252103805542,0.7020421028137207,0.04015500098466873
64,uav_trajectory,-6.798654794692993e-09,12.788204193115234,21.23998966217041,0.0,16.258505821228027,-0.09719354659318924,0.9286462068557739,1.0838647367457548,1.29960301587529,3.994722366333008,8.381903171539307e-09,3.707855701446533,1.7324707508087158,0.5847446918487549,0.03425837308168411
64,jammer_beamformer,9.313225746154785e-09,7.056541585922242,56.84985504150391,0.0,29.555074882507324,0.046814508736133575,0.8151819705963135,0.9874781863894314,1.225015760681855,4.0391130447387695,-1.0244548320770264e-08,2.222512722015381,2.484797716140747,0.46351081132888794,0.026176422834396362
65,bs_beamformer,-2.561137080192566e-09,4.136438179016113,56.737815856933594,0.0,7.835339546203613,-0.034601327031850815,0.7958685755729675,1.3321084900423885,1.6644126072631187,5.599368095397949,5.587935447692871e-09,2.0569489002227783,2.3259246349334717,0.7234183549880981,0.041297439485788345
65,uav_trajectory,-7.515773177146912e-08,7.671255350112915,21.23343677520752,0.0,24.077597618103027,-0.16778482496738434,0.930767834186554,1.132201778560877,1.3029250470528597,4.136850357055664,7.543712854385376e-08,2.613184928894043,2.0725033283233643,0.6143271327018738,0.036020055413246155
65,jammer_beamformer,-1.5832483768463134e-09,2.5614447832107543,56.849752044677736,0.0,6.877806329727173,0.0070709967985749245,0.7711011171340942,0.9755086788320914,1.2202581941730237,4.207147121429443,5.587935447692871e-09,1.6437739133834839,2.7139647006988525,0.4692176878452301,0.026495376601815224
66,bs_beamformer,6.868503987789154e-09,7.99675178527832,56.73260917663574,0.0,11.458741474151612,-0.02979019656777382,0.8422917723655701,1.3585035989889875,1.6767064013878559,5.611091613769531,-7.916241884231567e-09,2.8902640342712402,2.5142149925231934,0.7333347797393799,0.04168252646923065
66,uav_trajectory,-2.6193447411060333e-08,6.090927267074585,21.228584480285644,0.0,17.601894569396972,-0.1141974925994873,0.9119372367858887,1.2481179560224216,1.4247619964415235,4.572332382202148,2.3283064365386963e-08,2.5973575115203857,2.4764068126678467,0.637884795665741,0.037393853068351746
66,jammer_beamformer,-6.891787052154541e-09,7.284238290786743,56.84824142456055,0.0,30.207779121398925,-0.0814797654747963,0.8146632313728333,0.9854947789693251,1.241312126818354,4.363262176513672,6.984919309616089e-09,2.3076980113983154,2.161602020263672,0.4801611602306366,0.02703586220741272
67,bs_beamformer,7.310882210731506e-09,4.2216791152954105,56.72363471984863,0.0,20.11038932800293,0.025027336552739143,0.7630231976509094,1.3820424049599096,1.7083307730483341,4.949962139129639,9.313225746154785e-10,1.8210698366165161,2.9196763038635254,0.7606950402259827,0.043094050139188766
67,uav_trajectory,-3.119930624961853e-09,7.456913423538208,21.223935508728026,0.0,31.493917083740236,-0.02339985966682434,0.9112061858177185,1.2733327272335688,1.4436889347977253,5.418037414550781,1.862645149230957e-09,2.2839980125427246,2.1753666400909424,0.6603920459747314,0.03856581449508667
67,jammer_beamformer,-2.60770320892334e-08,8.935650062561034,56.84720687866211,0.0,27.666127014160157,-0.08967787772417068,0.8360407948493958,0.9838078852593899,1.238845106167879,5.210132598876953,1.932494342327118e-08,2.6808810234069824,2.115638494491577,0.49251148104667664,0.027660345658659935
68,bs_beamformer,-1.585576683282852e-08,6.097818756103516,56.717447662353514,0.0,9.690419387817382,-0.03498391807079315,0.8564980626106262,1.374536037926562,1.7333343898868772,6.005565643310547,1.6763806343078613e-08,2.4777979850769043,3.72572660446167,0.7849539518356323,0.0444001778960228
68,uav_trajectory,1.5739351511001586e-08,3.326765775680542,21.217539596557618,0.0,21.397120094299318,-0.09505034983158112,0.9312182664871216,1.3979979596734047,1.5832383133532981,4.921393394470215,-1.955777406692505e-08,1.884692668914795,2.615800380706787,0.6838818192481995,0.03979824483394623
68,jammer_beamformer,1.51805579662323e-08,2.8314046621322633,56.84550437927246,0.0,5.989783382415771,-0.03227672353386879,0.7672168016433716,1.020158952355385,1.2761945584155678,4.3332600593566895,-1.257285475730896e-08,1.7158855199813843,2.260636329650879,0.5005887746810913,0.02808300592005253
69,bs_beamformer,-1.1641532182693481e-10,5.129529809951782,56.71208114624024,0.0,17.698327827453614,-0.0730743333697319,0.8189079761505127,1.4407045498676598,1.786972316937945,5.611804962158203,-2.7939677238464355e-09,2.141273260116577,2.151634693145752,0.8070579171180725,0.04561706632375717
69,uav_trajectory,2.981396391987801e-08,5.39186315536499,21.209140396118165,0.0,20.43750991821289,-0.14915315806865692,0.8696328401565552,1.334138810634613,1.5163837115183534,4.902434825897217,-2.7939677238464355e-08,2.28953218460083,2.3584516048431396,0.7123638391494751,0.04143192246556282
69,jammer_beamformer,-1.4901161193847656e-08,3.7304890632629393,56.84216957092285,0.0,21.780113792419435,-0.12747812271118164,0.7580676674842834,1.0516362283583731,1.3144478243277526,4.903019428253174,1.6763806343078613e-08,1.6295958757400513,2.326073169708252,0.5156480073928833,0.028860589489340782
70,bs_beamformer,2.1280720829963685e-08,4.006183862686157,56.70756187438965,0.0,8.550137901306153,-0.06893013417720795,0.8019727468490601,1.5110186556316911,1.8596947970562754,5.5947489738464355,-2.0489096641540527e-08,1.982282280921936,2.3259975910186768,0.8269241452217102,0.04665002599358559
70,uav_trajectory,6.51925802230835e-09,4.867174196243286,21.201891136169433,0.0,21.682351303100585,-0.04493895173072815,0.8368872404098511,1.3747057720820108,1.5787334489746156,5.375449180603027,-3.026798367500305e-09,2.093479633331299,2.420203447341919,0.7372326850891113,0.04266480728983879
70,jammer_beamformer,3.627501428127289e-08,5.370096921920776,56.84145317077637,0.0,12.77511224746704,-0.034777384251356125,0.7423343658447266,1.048702596090734,1.31012394597481,5.318808555603027,-3.4924596548080444e-08,2.273177146911621,2.6588854789733887,0.5310306549072266,0.02962852269411087
71,bs_beamformer,-2.4121254682540892e-08,4.639146423339843,56.70104789733887,0.0,9.521222686767578,-0.058468304574489594,0.7314924001693726,1.5207307384703308,1.8944992539942225,6.099752426147461,2.468004822731018e-08,2.159259557723999,2.304001808166504,0.8444734215736389,0.047451701015233994
71,uav_trajectory,-6.62636011838913e-08,11.976202297210694,21.19560127258301,0.0,47.74031066894531,0.1098904088139534,0.7972793579101562,1.3331394367019336,1.5082740326042292,4.993263244628906,6.239861249923706e-08,1.953064203262329,2.6557071208953857,0.7609482407569885,0.04401278868317604
71,jammer_beamformer,-3.771856427192688e-09,4.912805271148682,56.84323921203613,0.0,17.533420848846436,0.007394775748252869,0.8238694071769714,1.0774126673154534,1.344899477995203,4.409297943115234,6.05359673500061e-09,2.002187967300415,2.5131728649139404,0.537810742855072,0.029871929436922073
72,bs_beamformer,4.703179001808166e-09,6.30235800743103,56.689840698242186,0.0,15.68089714050293,-0.02245655655860901,0.8741199970245361,1.542971491124481,1.9190425619103784,6.454676628112793,-5.587935447692871e-09,2.490227222442627,2.1516683101654053,0.8737474679946899,0.04886777326464653
72,uav_trajectory,-1.5832483768463134e-09,5.634575986862183,21.190989112854005,0.0,19.316424751281737,-0.042417462915182114,0.8492388725280762,1.4529480599761009,1.6182792434909925,4.965285778045654,7.450580596923828e-09,2.421457529067993,1.7749054431915283,0.7805414795875549,0.045287515968084335
72,jammer_beamformer,1.562293618917465e-08,6.814807462692261,56.84299736022949,0.0,10.867510032653808,-0.07207981497049332,0.7990404367446899,1.0533233872922136,1.3174413747151497,4.281297206878662,-1.955777406692505e-08,2.6341049671173096,1.9161145687103271,0.5451256036758423,0.030213790014386177
73,bs_beamformer,7.636845111846923e-09,5.538900899887085,56.68249435424805,0.0,20.759954261779786,-0.0022746436297893524,0.7870782613754272,1.6055635639056562,1.9725929286201038,5.890972137451172,-5.0640664994716644e-09,2.2869677543640137,2.2050604820251465,0.90195232629776,0.05023200437426567
73,uav_trajectory,-7.944181561470031e-08,5.463027811050415,21.186067390441895,0.0,32.272979736328125,-0.1062813475728035,0.8278950452804565,1.4537033537427584,1.6240058799853516,5.240194320678711,8.195638656616211e-08,2.1367387771606445,1.6683262586593628,0.7992709279060364,0.04644661769270897
73,jammer_beamformer,-1.150183379650116e-08,3.3945868253707885,56.84086570739746,0.0,6.308898401260376,-0.026136746630072594,0.8019230961799622,1.1031240708138794,1.37978030326015,4.780909538269043,1.210719347000122e-08,1.897828459739685,2.4526727199554443,0.5608271956443787,0.031069079414010048
74,bs_beamformer,5.6589487940073016e-08,4.312090682983398,56.681422805786134,0.0,18.276751136779787,-0.06507410854101181,0.8125361204147339,1.5965439526122063,1.9517816696590549,6.259631156921387,-5.8673322200775146e-08,1.9427062273025513,2.4095380306243896,0.9152911305427551,0.050671983510255814
74,uav_trajectory,1.0989606380462647e-08,5.854205131530762,21.180273628234865,0.0,22.915444564819335,-0.034796349704265594,0.8737208843231201,1.415989364385605,1.6362145476975196,6.137481689453125,-1.210719347000122e-08,2.5327908992767334,2.2421224117279053,0.8203418850898743,0.047642942517995834
74,jammer_beamformer,-1.1175870895385742e-09,2.8197041749954224,56.836265563964844,0.0,6.792315816879272,-0.06051553040742874,0.8342921137809753,1.111450744642876,1.3919070103575228,4.956966400146484,-1.3969838619232178e-09,1.6846214532852173,2.240230083465576,0.5918563604354858,0.032660603523254395
75,bs_beamformer,-2.994202077388763e-08,2.6032965183258057,56.68081398010254,0.0,12.216761112213135,-0.03964070975780487,0.7972228527069092,1.5648246648497879,1.9306473990145512,5.595986366271973,2.60770320892334e-08,1.6572054624557495,2.8728601932525635,0.9232247471809387,0.050824541598558426
75,uav_trajectory,1.7415732145309448e-08,3.6842993974685667,21.17273654937744,0.0,31.78210334777832,-0.08612530678510666,0.8383367657661438,1.4798917559782665,1.6726838226245182,5.4439191818237305,-2.421438694000244e-08,2.022927761077881,2.2764384746551514,0.8455324769020081,0.04916771873831749
75,jammer_beamformer,4.470348358154297e-09,6.446116590499878,56.83311729431152,0.0,22.210169982910156,0.04383208230137825,0.8510083556175232,1.1415432979799807,1.439300251894011,5.353321075439453,2.3283064365386963e-10,2.3425559997558594,2.504342794418335,0.6152828931808472,0.0336884930729866
76,bs_beamformer,3.702007234096527e-09,4.636450529098511,56.67749290466308,0.0,10.153112411499023,-0.02812354266643524,0.7870318293571472,1.56373308679834,1.9447078604780748,6.979382514953613,-1.862645149230957e-09,2.1325578689575195,2.565199613571167,0.9435179233551025,0.0517263300716877
76,uav_trajectory,-7.171183824539185e-09,3.703023409843445,21.164210891723634,0.0,33.652569961547854,-0.03661269322037697,0.8028067350387573,1.712065983215968,1.860094255924934,6.050900459289551,5.587935447692871e-09,1.981520652770996,2.82228422164917,0.8746007084846497,0.05097489058971405
76,jammer_beamformer,-5.4948031902313236e-09,4.443079471588135,56.83191604614258,0.0,6.174742746353149,-0.03722643852233887,0.8850963711738586,1.1785058251181617,1.4760966980720982,4.901199817657471,7.450580596923828e-09,2.159498929977417,2.723806858062744,0.627692461013794,0.03414617106318474
77,bs_beamformer,-1.51805579662323e-08,4.135966682434082,56.67087249755859,0.0,12.861266040802002,-0.00011852895841002464,0.8398621082305908,1.6712537497533486,2.0635177062981405,6.9193501472473145,1.955777406692505e-08,2.029402017593384,2.9432694911956787,0.9712266325950623,0.05329536646604538
77,uav_trajectory,2.2421590983867645e-08,4.593064165115356,21.15573024749756,0.0,32.846456336975095,-0.051186077296733856,0.7665572762489319,1.8067374743819238,1.992686086354626,6.435660362243652,-2.3283064365386963e-08,2.1819779872894287,2.474916458129883,0.9043093919754028,0.05279020220041275
77,jammer_beamformer,-3.25031578540802e-08,6.968119955062866,56.833635330200195,0.0,24.055185317993164,-0.07726593315601349,0.8069815039634705,1.1600293962949655,1.4531766544224005,5.414219856262207,3.073364496231079e-08,2.480870246887207,2.168368339538574,0.6458062529563904,0.03471732139587402
78,bs_beamformer,3.6787241697311403e-09,3.991432452201843,56.658373260498045,0.0,9.921334171295166,-0.0282821673899889,0.7670201659202576,1.767270562764257,2.1809925183782473,6.949192523956299,4.190951585769653e-09,2.0266366004943848,2.12585711479187,1.0074913501739502,0.05538438260555267
78,uav_trajectory,9.872019290924072e-09,5.184608078002929,21.147611236572267,0.0,35.57925510406494,-0.09796787053346634,0.8040922284126282,1.9877985897660255,2.1344775726818654,6.142862319946289,-1.1175870895385742e-08,2.34080171585083,2.7113089561462402,0.9328534007072449,0.054494477808475494
78,jammer_beamformer,-3.064051270484924e-08,4.51423397064209,56.833597564697264,0.0,9.476934003829957,-0.07024109363555908,0.823596715927124,1.1966803777832538,1.4931804182396142,4.573159217834473,3.3527612686157227e-08,2.115917682647705,2.376180648803711,0.665222704410553,0.03543510288000107
79,bs_beamformer,-2.0070001482963563e-08,3.056494617462158,56.64627952575684,0.0,9.729636478424073,-0.044534601271152496,0.7546546459197998,1.8321391448378563,2.2378026036523324,6.664312362670898,1.909211277961731e-08,1.7636853456497192,2.200500249862671,1.0481047630310059,0.05753708630800247
79,uav_trajectory,2.0256265997886656e-09,3.8534202098846437,21.139372444152833,0.0,40.83069839477539,-0.13431671261787415,0.8153820633888245,2.085685467104117,2.2273484717718377,6.245326042175293,-9.313225746154785e-10,1.9226047992706299,2.3769149780273438,0.9609224796295166,0.056170932948589325
79,jammer_beamformer,-6.984919309616089e-10,6.799348640441894,56.832550048828125,0.0,11.566522312164306,-0.046176306903362274,0.8214854598045349,1.1981429967363364,1.5024857623792516,5.737443923950195,0.0,2.5926601886749268,2.2908339500427246,0.6820821166038513,0.03614300489425659
80,bs_beamformer,6.100162863731384e-09,3.0773922920227053,56.635795974731444,0.0,9.715083122253418,-0.013608744367957115,0.7602667808532715,1.9581002044826745,2.4078382957620517,7.511178970336914,-5.820766091346741e-09,1.755449891090393,2.514618396759033,1.0909700393676758,0.059771984815597534
80,uav_trajectory,6.239861249923706e-09,3.7516952753067017,21.130676460266113,0.0,43.13029861450195,-0.04253315553069115,0.8490807414054871,2.2931906985441843,2.399066761578494,6.360485076904297,-5.587935447692871e-09,1.7934056520462036,2.8736231327056885,0.989745020866394,0.05780404806137085
80,jammer_beamformer,7.175840437412262e-08,2.507794737815857,56.83292427062988,0.0,6.284462976455688,-0.07490414381027222,0.8265445828437805,1.2385608982592822,1.5328529064762622,5.11629581451416,-7.729977369308472e-08,1.588222861289978,2.5601625442504883,0.6974177360534668,0.03677893802523613
81,bs_beamformer,-2.223532646894455e-08,3.383741593360901,56.62941970825195,0.0,12.7117525100708,-0.05108700692653656,0.8079251646995544,2.0084529811516405,2.4458987941093793,7.012950897216797,2.0489096641540527e-08,1.8112804889678955,2.792808771133423,1.124035120010376,0.06137042120099068
81,uav_trajectory,-4.470348358154297e-09,6.76945424079895,21.122560501098633,0.0,42.481536102294925,-0.04978075996041298,0.895974338054657,2.3862957149942714,2.5085001847226422,7.250245094299316,5.587935447692871e-09,2.5804874897003174,2.096367359161377,1.018769383430481,0.059451814740896225
81,jammer_beamformer,-4.6985223889350894e-08,8.22579288482666,56.83076057434082,0.0,6.079489707946777,-0.0826600044965744,0.8500559329986572,1.180434981226921,1.4743189212646048,5.400023460388184,4.6566128730773926e-08,2.8956191539764404,1.698703408241272,0.7129169702529907,0.03731023147702217
82,bs_beamformer,-4.563480615615845e-08,3.978513169288635,56.627445220947266,0.0,22.11690731048584,-0.06933064013719559,0.7505755424499512,1.9863047056980432,2.4265163501421427,7.174992561340332,4.516914486885071e-08,1.9863309860229492,3.03658127784729,1.1489018201828003,0.062362104654312134
82,uav_trajectory,4.7171488404273985e-08,3.2537241220474242,21.115081214904784,0.0,45.48441390991211,-0.09097756445407867,0.8915978074073792,2.377028437356154,2.5135665218103234,6.914443016052246,-4.563480615615845e-08,1.8772698640823364,2.6118485927581787,1.0427285432815552,0.06074913963675499
82,jammer_beamformer,1.2130476534366608e-08,3.9719900846481324,56.82527389526367,0.0,10.224681282043457,-0.11923427134752274,0.8553195595741272,1.2634460330153816,1.5709990924771091,5.415105819702148,-1.257285475730896e-08,1.9730987548828125,2.2778854370117188,0.7400158047676086,0.03848400339484215
83,bs_beamformer,1.4202669262886047e-08,5.479035663604736,56.63124084472656,0.0,11.848396015167236,-0.018772050738334656,0.7738547921180725,1.9240703144669533,2.3577221471025718,6.8392863273620605,-1.3969838619232178e-08,2.365037202835083,2.4384689331054688,1.1587156057357788,0.06248348578810692
83,uav_trajectory,-1.2200325727462768e-08,4.432950067520141,21.105675315856935,0.0,46.66169471740723,-0.044083546847105026,0.9055914878845215,2.3444764394958812,2.5335664693814843,7.350778579711914,9.778887033462524e-09,2.085526704788208,2.679811477661133,1.0696582794189453,0.06221528723835945
83,jammer_beamformer,-2.0954757928848267e-09,5.991026926040649,56.823629760742186,0.0,32.36801052093506,0.008659608662128448,0.7582413554191589,1.3009482089290396,1.6106504979094936,5.067533493041992,3.725290298461914e-09,1.722297191619873,2.521907091140747,0.7599924206733704,0.039294250309467316
84,bs_beamformer,-1.1222437024116517e-08,4.088047027587891,56.632903289794925,0.0,12.735092067718506,-0.002252095378935337,0.7830207347869873,1.8394802725315094,2.2657855011962575,6.502659320831299,3.725290298461914e-09,2.0370934009552,2.5983171463012695,1.1644495725631714,0.06238989531993866
84,uav_trajectory,-6.053596735000611e-10,5.177070569992066,21.09637393951416,0.0,55.93652000427246,-0.006926148198544979,0.8546081185340881,2.445135713458061,2.6178556461786386,7.138824939727783,1.862645149230957e-09,2.048729181289673,2.6264398097991943,1.099208950996399,0.06378275901079178
84,jammer_beamformer,-4.288740456104278e-08,3.110176682472229,56.82198791503906,0.0,13.432853317260742,-0.11321258544921875,0.7668552398681641,1.324662333007902,1.647574506170386,5.645557403564453,4.6566128730773926e-08,1.8010936975479126,2.0508408546447754,0.771699070930481,0.039747774600982666
85,bs_beamformer,-8.05594027042389e-09,3.7388028383255003,56.62662048339844,0.0,9.801671600341797,-0.0032748468220233917,0.7651522159576416,1.8122683062609286,2.256561704416907,7.67285680770874,8.381903171539307e-09,1.950608491897583,2.447927951812744,1.1840639114379883,0.06306488811969757
85,uav_trajectory,9.639188647270202e-09,6.1905481815338135,21.08664894104004,0.0,64.19863510131836,-0.027726640924811363,0.8128499388694763,2.4719317347009975,2.652889390196332,7.15413761138916,-6.51925802230835e-09,2.574150562286377,2.0529587268829346,1.128548264503479,0.06531035900115967
85,jammer_beamformer,2.2817403078079224e-08,6.167611789703369,56.8174503326416,0.0,9.83489465713501,-0.14021824300289154,0.8061702251434326,1.3354073901418597,1.6574120401888295,6.030787467956543,-2.7939677238464355e-08,2.4855473041534424,2.643806219100952,0.792087733745575,0.040707238018512726
86,bs_beamformer,1.3038516044616698e-09,6.561974573135376,56.61840591430664,0.0,16.059712600708007,-0.012782309204339981,0.791296124458313,1.8242302219402045,2.255350863098849,6.362883567810059,1.862645149230957e-09,2.6050407886505127,1.7825945615768433,1.2082185745239258,0.06398682296276093
86,uav_trajectory,2.7474015951156618e-09,4.634500217437744,21.07722339630127,0.0,55.96807441711426,0.018167681992053986,0.8464980721473694,2.621162588059902,2.814364803593309,8.369646072387695,1.862645149230957e-09,1.8092100620269775,2.4033265113830566,1.158033013343811,0.06693357229232788
86,jammer_beamformer,1.0896474123001098e-08,3.8999635696411135,56.81274604797363,0.0,13.939345550537109,-0.07007604092359543,0.7912377119064331,1.3586354169994592,1.6818469893681043,5.566439151763916,-1.1175870895385742e-08,1.8870340585708618,2.0465145111083984,0.8143308162689209,0.04155370965600014
87,bs_beamformer,-1.9278377294540405e-08,2.9919057369232176,56.60899429321289,0.0,16.750189971923827,-0.015278181061148643,0.7469159960746765,1.9143577712979167,2.3641765817832696,6.784182548522949,2.1653249859809875e-08,1.7334210872650146,3.0332283973693848,1.239816665649414,0.06560349464416504
87,uav_trajectory,4.1723251342773435e-08,5.043150329589844,21.06868667602539,0.0,55.511346435546876,-0.0866977870464325,0.7949368357658386,2.780415797392527,2.9376482785357014,7.677213668823242,-3.91155481338501e-08,2.257678747177124,2.6638307571411133,1.186540961265564,0.0685649886727333
87,jammer_beamformer,-1.41095370054245e-08,4.249654102325439,56.80932769775391,0.0,11.267544364929199,-0.0899820402264595,0.7989618182182312,1.3424156100470572,1.6641983205067419,5.099514007568359,1.3271346688270569e-08,2.095505952835083,2.293970823287964,0.8302131295204163,0.0420401357114315
88,bs_beamformer,1.5227124094963075e-08,4.0900627136230465,56.60253753662109,0.0,14.147605419158936,-0.03745068982243538,0.7390875220298767,1.9986475894190372,2.442033259300575,6.836765766143799,-1.257285475730896e-08,2.072366714477539,2.6630172729492188,1.2692941427230835,0.06693194061517715
88,uav_trajectory,2.891756594181061e-08,2.700609493255615,21.062029075622558,0.0,54.06047019958496,-0.06244203820824623,0.7412160634994507,2.8845311461091043,3.0486334978508376,7.965013027191162,-3.3527612686157227e-08,1.6708205938339233,2.774505615234375,1.2082387208938599,0.06976297497749329
88,jammer_beamformer,-1.4901161193847657e-09,5.300133466720581,56.80592079162598,0.0,13.827648258209228,-0.027319420129060745,0.8339724540710449,1.3335712941414677,1.6630254555177326,5.3371734619140625,9.313225746154785e-10,2.223876953125,2.5176994800567627,0.8465758562088013,0.04246969148516655
89,bs_beamformer,-1.1734664440155029e-08,5.645695686340332,56.59547500610351,0.0,19.972846031188965,-0.02635667845606804,0.7751486301422119,2.039216459209565,2.4970698883706834,7.53532075881958,1.1757947504520416e-08,2.382519483566284,2.0473291873931885,1.3003064393997192,0.06805215030908585
89,uav_trajectory,-1.6670674085617064e-08,5.573447370529175,21.05405921936035,0.0,65.59014472961425,-0.06355373561382294,0.8938090205192566,3.0154886284470557,3.094669657282485,8.118799209594727,1.4901161193847656e-08,2.3660526275634766,2.5490920543670654,1.2331982851028442,0.07111218571662903
89,jammer_beamformer,-3.4598633646965026e-08,2.3127206802368163,56.80131530761719,0.0,18.018549346923827,-0.08057083934545517,0.8200737833976746,1.3168285075370223,1.6304024190372597,5.694707870483398,3.3527612686157227e-08,1.5246098041534424,2.4348278045654297,0.8676030039787292,0.043266139924526215
90,bs_beamformer,-7.683411240577697e-10,3.354962468147278,56.58967170715332,0.0,38.10286521911621,-0.08228325098752975,0.7380515933036804,1.9729558344483376,2.4202804952514207,7.282182693481445,0.0,1.4902372360229492,2.7965247631073,1.3230096101760864,0.06878536939620972
90,uav_trajectory,1.4714896678924561e-08,4.775856590270996,21.047266006469727,0.0,60.35816650390625,-0.08894528448581696,0.8058405518531799,2.990227607766787,3.133785795050648,8.498263359069824,-1.7229467630386353e-08,2.1509084701538086,2.6555466651916504,1.2567650079727173,0.07242732495069504
90,jammer_beamformer,6.568152457475663e-08,3.1586185932159423,56.798516845703126,0.0,10.205705833435058,-0.07468019425868988,0.8277312517166138,1.3801394680729135,1.7094058182087957,5.394302845001221,-6.682239472866058e-08,1.7806291580200195,2.405888557434082,0.8908535838127136,0.04428476467728615
91,bs_beamformer,-2.621673047542572e-08,4.718447065353393,56.5829273223877,0.0,26.58077392578125,-0.02133886143565178,0.8134948015213013,1.9653501980789005,2.412111234421764,7.017580986022949,2.514570951461792e-08,2.180234432220459,2.32629656791687,1.3404500484466553,0.06948830932378769
91,uav_trajectory,4.44706529378891e-08,5.35266227722168,21.04137554168701,0.0,65.7361068725586,-0.1302003264427185,0.7443838715553284,2.8966061124801636,3.1251513258805694,8.78271198272705,-4.190951585769653e-08,2.05971622467041,3.3736917972564697,1.27658212184906,0.07357294112443924
91,jammer_beamformer,2.4121254682540892e-08,5.307667636871338,56.799748229980466,0.0,16.427953243255615,-0.10169021785259247,0.7583193182945251,1.3561706131957472,1.6768146271266218,5.2253923416137695,-1.955777406692505e-08,2.240095615386963,1.8489679098129272,0.9060408473014832,0.044572070240974426
92,bs_beamformer,1.555308699607849e-08,4.883923149108886,56.57370796203613,0.0,17.839858627319337,-0.02547723613679409,0.7499074935913086,2.1097551159337162,2.5886801639090304,7.215649604797363,-1.4435499906539917e-08,2.2570114135742188,2.445197105407715,1.362300992012024,0.07066988199949265
92,uav_trajectory,1.0710209608078002e-09,4.576318645477295,21.036649703979492,0.0,60.36776885986328,-0.0753418579697609,0.9023631811141968,3.0424087783396243,3.2850648800293083,8.702884674072266,-9.313225746154785e-10,2.2133662700653076,2.113881826400757,1.2918347120285034,0.07448239624500275
92,jammer_beamformer,1.8067657947540282e-08,3.1003329277038576,56.797726440429685,0.0,12.369952297210693,-0.057951413094997406,0.8174736499786377,1.3804211475476622,1.7211067676060754,6.0066022872924805,-1.3969838619232178e-08,1.7418794631958008,2.961902618408203,0.9189661145210266,0.04486772418022156
93,bs_beamformer,7.450580596923828e-09,4.945211601257324,56.56312484741211,0.0,28.973717308044435,-0.06026027724146843,0.7165712118148804,2.3492952046375724,2.864559782818622,7.934718132019043,-6.984919309616089e-09,2.2464425563812256,2.1543779373168945,1.3957066535949707,0.07251469045877457
93,uav_trajectory,-7.716007530689239e-08,3.9427454710006713,21.029971313476562,0.0,76.11447219848633,-0.12469293922185898,0.8427309393882751,3.5143215707540514,3.530289358625207,8.61953067779541,7.776543498039246e-08,1.952276587486267,2.385633945465088,1.308525800704956,0.07550282031297684
93,jammer_beamformer,-2.468004822731018e-09,4.91023817062378,56.794746017456056,0.0,23.217394256591795,-0.0410817451775074,0.8146427273750305,1.4303325777947902,1.7876944369818173,5.8524065017700195,1.862645149230957e-09,2.2679100036621094,2.820901870727539,0.9336147904396057,0.04538754001259804
94,bs_beamformer,-4.423782229423523e-09,4.38633246421814,56.557661056518555,0.0,27.097051429748536,-0.13298958539962769,0.6928763389587402,2.321307749312371,2.8451191707450767,8.294368743896484,6.05359673500061e-09,1.6594319343566895,2.6287102699279785,1.4199445247650146,0.07363832741975784
94,uav_trajectory,1.0747462511062623e-07,7.743354368209839,21.02180004119873,0.0,65.17571334838867,-0.20874319970607758,0.7936078310012817,3.3165795725385347,3.45439786593047,8.961475372314453,-1.0244548320770264e-07,2.200310230255127,2.3574795722961426,1.3294810056686401,0.07673312723636627
94,jammer_beamformer,5.587935447692871e-10,5.52164855003357,56.79034423828125,0.0,9.806938648223877,-0.08281061798334122,0.8741778135299683,1.4833425216795877,1.829947388321827,5.871628761291504,-1.1641532182693481e-09,2.4334683418273926,2.6093153953552246,0.9549297094345093,0.04641392081975937
95,bs_beamformer,-9.313225746154786e-11,3.9291730880737306,56.5530029296875,0.0,22.31317901611328,-0.06350215524435043,0.7186101078987122,2.3457755709895864,2.8631643324523615,8.897457122802734,-1.3969838619232178e-09,2.029237985610962,2.4584741592407227,1.4359933137893677,0.07413346320390701
95,uav_trajectory,4.686880856752396e-08,6.106617403030396,21.012891960144042,0.0,78.49827346801757,-0.10390843451023102,0.8390892148017883,3.6331565122207006,3.699706535850632,8.862020492553711,-4.586763679981232e-08,2.5639867782592773,2.1406290531158447,1.3525924682617188,0.07799369096755981
95,jammer_beamformer,-3.511086106300354e-08,5.736582469940186,56.786536026000974,0.0,35.07857437133789,-0.17987416684627533,0.7800124287605286,1.5246566667761654,1.892160879358365,6.414848327636719,3.3527612686157227e-08,1.9614299535751343,2.403477430343628,0.987419068813324,0.04776179417967796
96,bs_beamformer,1.3550743460655213e-08,5.001480579376221,56.546958923339844,0.0,23.30341854095459,0.0171675942838192,0.7290573120117188,2.2972428003838288,2.775652645122859,7.325857162475586,-1.210719347000122e-08,1.9043843746185303,2.322384834289551,1.456551194190979,0.07476995140314102
96,uav_trajectory,2.6670750230550765e-08,2.9974352598190306,21.003590774536132,0.0,89.1685302734375,-0.08536642789840698,0.8108385801315308,3.593344596962134,3.681287963227548,8.89444351196289,-2.7939677238464355e-08,1.7009270191192627,2.000697612762451,1.3757245540618896,0.07923328131437302
96,jammer_beamformer,1.918524503707886e-08,3.6196572303771974,56.78172264099121,0.0,7.801197719573975,-0.09841415286064148,0.7625553011894226,1.5977212814185768,1.970824350579815,6.411070823669434,-2.1420419216156006e-08,1.9381778240203857,1.9127761125564575,1.0177909135818481,0.048935867846012115
97,bs_beamformer,-6.752088665962219e-09,6.2986194610595705,56.53925971984863,0.0,27.774745750427247,-0.04226462543010712,0.7627207636833191,2.251399051126093,2.7532022527903024,8.27430534362793,5.122274160385132e-09,2.5541350841522217,1.9718977212905884,1.4808990955352783,0.07575008273124695
97,uav_trajectory,-2.3934990167617797e-08,5.530725908279419,20.993867874145508,0.0,88.5115463256836,-0.10688197612762451,0.7823721170425415,3.619238132119179,3.807181520810096,8.78633975982666,2.3748725652694702e-08,2.4305646419525146,2.4660651683807373,1.4007153511047363,0.08068371564149857
97,jammer_beamformer,3.4458935260772707e-09,5.806768560409546,56.7743423461914,0.0,19.12716751098633,-0.06821611523628235,0.8562154173851013,1.6324022046751343,2.02435342126872,6.036934852600098,-4.190951585769653e-09,2.4052932262420654,2.795123815536499,1.0564733743667603,0.050555355846881866
98,bs_beamformer,5.820766091346741e-10,2.914768934249878,56.53153305053711,0.0,48.715824127197266,-0.03144070878624916,0.7637951374053955,2.451473052907735,2.9364154954229393,8.13636302947998,-4.190951585769653e-09,1.724241018295288,4.051258563995361,1.5083223581314087,0.07703179866075516
98,uav_trajectory,7.264316082000732e-09,8.450330543518067,20.985705375671387,0.0,99.11938095092773,-0.0053485240787267685,0.8419270515441895,3.735975154876709,3.8092908364862486,8.945470809936523,-9.313225746154785e-09,2.418898105621338,2.520836114883423,1.4231115579605103,0.08200634270906448
98,jammer_beamformer,2.2817403078079225e-09,7.479424619674683,56.76430473327637,0.0,26.0520076751709,-0.05453646555542946,0.7783332467079163,1.8186819268502294,2.224569874022619,6.678439140319824,-2.3283064365386963e-09,2.645793914794922,2.2324423789978027,1.1002784967422485,0.05263428017497063
99,bs_beamformer,-5.1106326282024384e-08,3.9380631923675535,56.524309158325195,0.0,24.423697853088377,-0.05205398052930832,0.7031749486923218,2.519973632806912,3.0438519952537044,8.424339294433594,4.98257577419281e-08,2.019416093826294,2.3801794052124023,1.530747890472412,0.07818815112113953
99,uav_trajectory,-2.1047890186309816e-08,1.9849637031555176,20.978398895263673,0.0,121.46436386108398,-0.126887708902359,0.6876827478408813,3.976862594683965,3.9898502946704313,9.688262939453125,1.955777406692505e-08,1.413264274597168,3.413433074951172,1.44210946559906,0.08312982320785522
99,jammer_beamformer,2.6612542569637298e-08,4.964904069900513,56.754747772216795,0.0,13.928556728363038,-0.12570488452911377,0.8072218894958496,1.8615717781949788,2.291648833066673,6.314736366271973,-2.561137080192566e-08,2.2123968601226807,2.4238088130950928,1.1362202167510986,0.05423408001661301
100,bs_beamformer,-1.587904989719391e-08,4.895649814605713,56.51182861328125,0.0,24.202897834777833,-0.04733793064951897,0.7662783861160278,2.684440698482096,3.232224946656935,9.047710418701172,1.6763806343078613e-08,2.240859031677246,2.2544431686401367,1.5571479797363281,0.07951641827821732
100,uav_trajectory,1.0337680578231811e-08,6.357697296142578,20.970578002929688,0.0,85.28637466430663,-0.05860373005270958,0.8316807746887207,4.221479172269503,4.161414306427637,9.064294815063477,-6.51925802230835e-09,2.436030387878418,2.993220806121826,1.4604955911636353,0.08412369340658188
100,jammer_beamformer,-4.163011908531189e-08,3.927648591995239,56.74324493408203,0.0,39.932580184936526,-0.15222708880901337,0.7644035220146179,1.9198701821845026,2.379410119826012,7.175140857696533,4.470348358154297e-08,1.764151930809021,2.7543742656707764,1.175209879875183,0.05598314851522446
101,bs_beamformer,-1.4714896678924561e-08,3.157155442237854,56.49587631225586,0.0,41.9118595123291,-0.05783943086862564,0.7798671126365662,2.826843868304044,3.3737557254709403,9.405961036682129,1.6763806343078613e-08,1.8170342445373535,2.669879198074341,1.60062575340271,0.08165612071752548
101,uav_trajectory,-1.5238765627145768e-08,3.6097458839416503,20.962149810791015,0.0,84.29506607055664,-0.034919895231723785,0.7501097321510315,4.304440121412277,4.24661057121568,9.67363452911377,1.4901161193847656e-08,1.6831468343734741,1.9252774715423584,1.4810131788253784,0.0852031484246254
101,jammer_beamformer,3.403984010219574e-08,2.1189588785171507,56.737694931030276,0.0,25.09695358276367,-0.11981114000082016,0.8022414445877075,1.9699629736728965,2.4187986871357805,7.332418918609619,-3.306195139884949e-08,1.4937894344329834,3.0530598163604736,1.1978238821029663,0.05697164684534073
102,bs_beamformer,0.0,2.083378028869629,56.48799858093262,0.0,69.41763534545899,-0.027554241940379143,0.7143054008483887,2.7949869983475657,3.354965323129376,9.151509284973145,4.656612873077393e-10,1.3977680206298828,2.9765782356262207,1.6331394910812378,0.08310042321681976
102,uav_trajectory,-9.066425263881683e-08,10.437893390655518,20.953820991516114,0.0,116.43505020141602,-0.1895742267370224,0.7686641812324524,4.283388343731562,4.256201796243945,9.712010383605957,8.870847523212433e-08,2.9394655227661133,1.8175820112228394,1.5033626556396484,0.0864085853099823
102,jammer_beamformer,-9.112991392612457e-08,3.7409600019454956,56.7295337677002,0.0,17.891662406921387,-0.16969691216945648,0.8013632893562317,1.9726727736853062,2.424256963552937,7.701468467712402,9.313225746154785e-08,1.7071294784545898,1.9720178842544556,1.2232978343963623,0.05800386518239975
103,bs_beamformer,-6.798654794692993e-09,4.083409452438355,56.481684875488284,0.0,23.343766593933104,-0.07194834202528,0.7491291761398315,2.7857175374105574,3.3474406981471607,9.327863693237305,6.28642737865448e-09,1.9663128852844238,2.4667551517486572,1.6508071422576904,0.08371219038963318
103,uav_trajectory,-1.0943040251731873e-08,8.060437154769897,20.944600296020507,0.0,78.60499725341796,-0.1649474799633026,0.7116225361824036,4.419336838761965,4.385238743617088,9.998701095581055,1.4435499906539917e-08,2.799661636352539,1.6492977142333984,1.5257490873336792,0.08765922486782074
103,jammer_beamformer,6.030313670635223e-09,5.602411317825317,56.7231861114502,0.0,27.47631549835205,-0.03661024570465088,0.8418718576431274,2.0167597697786985,2.4677343513158347,6.5049848556518555,1.862645149230957e-09,1.7797855138778687,2.6215498447418213,1.2508248090744019,0.05901686102151871
104,bs_beamformer,9.872019290924072e-09,3.400810647010803,56.47015380859375,0.0,26.248792839050292,-0.08433188498020172,0.7036747336387634,2.7819556118380278,3.3436679311301685,9.039651870727539,-1.1175870895385742e-08,1.7748461961746216,2.2585177421569824,1.6748448610305786,0.08483685553073883
104,uav_trajectory,6.612390279769897e-09,6.16026759147644,20.93419532775879,0.0,86.32627410888672,0.012576920911669731,0.7577232122421265,4.581445313533147,4.509417752109159,9.909711837768555,-8.381903171539307e-09,1.9157164096832275,2.369645595550537,1.550455927848816,0.0890430212020874
104,jammer_beamformer,3.273598849773407e-08,5.296245431900024,56.715274047851565,0.0,15.08042507171631,-0.09722302854061127,0.8031816482543945,2.0441128744054584,2.5134792338524075,7.157055377960205,-4.1443854570388794e-08,2.296224594116211,2.62261962890625,1.2743349075317383,0.05988798290491104
105,bs_beamformer,-3.7741847336292266e-08,5.215065288543701,56.45455093383789,0.0,28.310724449157714,-0.11053575575351715,0.6824918389320374,2.8210515845548363,3.4041129257086107,8.936494827270508,4.1443854570388794e-08,2.167695999145508,2.6824164390563965,1.7127230167388916,0.08673503249883652
105,uav_trajectory,-2.3795291781425477e-08,7.468873071670532,20.925213432312013,0.0,93.79877853393555,-0.06486307829618454,0.8017842173576355,4.453579065680504,4.485468044492332,10.160077095031738,2.852175384759903e-08,2.7152631282806396,3.2434921264648438,1.574419379234314,0.09036096185445786
105,jammer_beamformer,-2.1653249859809877e-09,3.559007430076599,56.70086326599121,0.0,20.835000610351564,-0.06195691600441933,0.7932420372962952,2.0440101980324834,2.5014101297539386,7.0348639488220215,3.259629011154175e-09,1.8903816938400269,2.0600976943969727,1.31314218044281,0.06158989667892456
106,bs_beamformer,3.25031578540802e-08,5.706162548065185,56.440769577026366,0.0,30.77277240753174,-0.13207022845745087,0.737521231174469,2.8821790155302733,3.4829226896902337,9.503133773803711,-3.632158041000366e-08,2.22164249420166,1.9738225936889648,1.7529765367507935,0.08865652978420258
106,uav_trajectory,-3.790482878684998e-08,2.4093208789825438,20.915151596069336,0.0,83.84029846191406,-0.12261717766523361,0.7709782719612122,4.570093431909879,4.649693279642704,10.33740520477295,3.91155481338501e-08,1.5452238321304321,3.259948253631592,1.5977684259414673,0.09162218868732452
106,jammer_beamformer,-1.6810372471809388e-08,4.9033177375793455,56.68403282165527,0.0,20.71236629486084,-0.022191084921360016,0.8529553413391113,2.0770784198381005,2.5986825072386224,7.826995372772217,1.979060471057892e-08,2.0097849369049072,2.4533278942108154,1.3645634651184082,0.06381583958864212
107,bs_beamformer,5.19677996635437e-08,3.4085522413253786,56.428493881225585,0.0,39.0946590423584,-0.05613371729850769,0.7222961187362671,2.993085089618573,3.585751629080891,8.987322807312012,-5.122274160385132e-08,1.8385244607925415,2.8425748348236084,1.7881643772125244,0.09021563082933426
107,uav_trajectory,1.9138678908348084e-08,2.594057250022888,20.90336513519287,0.0,99.31357650756836,-0.09888342767953873,0.7669639587402344,4.794470366279284,4.781981819473682,11.091245651245117,-2.468004822731018e-08,1.5793699026107788,2.1037611961364746,1.6268129348754883,0.09320828318595886
107,jammer_beamformer,1.8812716007232665e-08,4.582288408279419,56.666511917114256,0.0,17.782453346252442,-0.0801381841301918,0.7851146459579468,2.227429427970201,2.742607917505723,7.598726749420166,-2.3283064365386963e-08,2.134489059448242,2.080296039581299,1.4161081314086914,0.06612315773963928
108,bs_beamformer,-1.0710209608078003e-08,4.933564949035644,56.41746482849121,0.0,52.38552551269531,-0.04726703464984894,0.825356662273407,3.1380858502797784,3.7409302414100485,10.076417922973633,9.778887033462524e-09,2.149603843688965,3.3205552101135254,1.818464994430542,0.09166058897972107
108,uav_trajectory,2.6356428861618043e-08,4.850887250900269,20.892669105529784,0.0,105.96542053222656,-0.10169687122106552,0.7885205745697021,4.823774352471034,4.835264982139686,10.902120590209961,-2.60770320892334e-08,2.289865255355835,2.159576177597046,1.6534953117370605,0.09473428875207901
108,jammer_beamformer,-4.7776848077774045e-08,4.358670234680176,56.652754592895505,0.0,48.02465667724609,-0.07841262221336365,0.8006824851036072,2.291558895982802,2.827397001058886,7.876723289489746,5.075708031654358e-08,2.075213670730591,3.1165616512298584,1.4628046751022339,0.06818661093711853
109,bs_beamformer,4.98257577419281e-09,5.099393606185913,56.40835037231445,0.0,39.21290664672851,-0.05960822477936745,0.7168902158737183,3.1414798048641535,3.7600186848850514,10.329551696777344,-1.0244548320770264e-08,2.2067928314208984,2.7352874279022217,1.8416805267333984,0.09274764358997345
109,uav_trajectory,5.774199962615967e-09,6.914546775817871,20.881887435913086,0.0,123.76033401489258,-0.019770992919802666,0.8034052848815918,5.068560984015464,4.997478042609752,10.387472152709961,-5.587935447692871e-09,2.203890562057495,2.35961651802063,1.6806384325027466,0.09634357690811157
109,jammer_beamformer,2.4214386940002442e-09,3.8576858758926393,56.64323501586914,0.0,82.16502227783204,-0.059641968458890915,0.7778128981590271,2.376837181888521,2.9167509935581553,8.506380081176758,-5.587935447692871e-09,2.051279067993164,2.7229740619659424,1.496698021888733,0.06974377483129501
110,bs_beamformer,3.147870302200317e-08,3.6552115201950075,56.39531936645508,0.0,30.265300941467284,-0.129603773355484,0.6948826313018799,3.2634603775879367,3.863574794684785,9.816912651062012,-3.166496753692627e-08,1.8040292263031006,2.5494155883789062,1.8662704229354858,0.09397213906049728
110,uav_trajectory,-3.119930624961853e-09,7.282103872299194,20.874247550964355,0.0,116.75515518188476,-0.2010112702846527,0.8249731659889221,5.2593830870389935,5.158510241427908,11.112611770629883,0.0,2.3852107524871826,2.138897657394409,1.7025859355926514,0.09759277105331421
110,jammer_beamformer,-1.1678785085678101e-07,5.368463373184204,56.63582344055176,0.0,31.74857997894287,-0.14775945246219635,0.7687830924987793,2.4230462912693618,2.969745976327686,8.069220542907715,1.1408701539039612e-07,1.9938127994537354,2.943197011947632,1.5197428464889526,0.07071977853775024
111,bs_beamformer,4.7078356146812436e-08,3.314679765701294,56.378729248046874,0.0,45.44479942321777,-0.05591639131307602,0.6947492361068726,3.3806845071781426,3.986921441956505,10.050102233886719,-4.842877388000488e-08,1.7818788290023804,2.0638656616210938,1.8999292850494385,0.09561540186405182
111,uav_trajectory,-6.426125764846802e-09,4.931627511978149,20.86823253631592,0.0,84.11027297973632,-0.0681634321808815,0.7896060943603516,5.307868894934654,5.19303825009893,10.764962196350098,5.587935447692871e-09,2.0750133991241455,2.7744641304016113,1.7192832231521606,0.09849639236927032
111,jammer_beamformer,1.2107193470001221e-09,8.207985973358154,56.62690467834473,0.0,31.080601501464844,-0.08458060771226883,0.8331359624862671,2.4896206912510097,3.0353374722217055,8.578841209411621,-1.3969838619232178e-09,2.894078016281128,2.774308204650879,1.5423954725265503,0.07161836326122284
112,bs_beamformer,8.591450750827789e-09,3.949554920196533,56.36433067321777,0.0,60.16692886352539,-0.03437916934490204,0.731448233127594,3.3577091829068957,4.007815941138239,9.975410461425781,-2.3283064365386963e-09,1.8705191612243652,2.4576902389526367,1.929927945137024,0.09696348756551743
112,uav_trajectory,-3.3527612686157227e-09,8.33540210723877,20.862559700012206,0.0,122.4827491760254,-0.03960101306438446,0.8419584035873413,5.475859862565994,5.2792337763107895,11.1095609664917,7.916241884231567e-09,2.7698612213134766,2.919438600540161,1.733081340789795,0.09925393015146255
112,jammer_beamformer,4.190951585769653e-09,4.2723921775817875,56.616933822631836,0.0,38.14071273803711,-0.022690434008836746,0.7868710160255432,2.4723472929866985,3.024828311840593,7.921039581298828,-5.587935447692871e-09,1.9415407180786133,3.079488515853882,1.5650824308395386,0.0723998174071312
113,bs_beamformer,3.087334334850311e-08,2.768496537208557,56.34892120361328,0.0,37.850446701049805,-0.054080184549093246,0.8006500005722046,3.3611995140928776,3.965634511821559,9.753514289855957,-2.8405338525772095e-08,1.648446798324585,2.3291642665863037,1.9567712545394897,0.09808045625686646
113,uav_trajectory,2.0302832126617432e-08,5.004728984832764,20.854598236083984,0.0,134.48074035644532,-0.10926707834005356,0.8668156266212463,5.540411465009053,5.348512933915908,11.593839645385742,-1.862645149230957e-08,2.255699872970581,2.607738494873047,1.7499682903289795,0.10014837980270386
113,jammer_beamformer,1.0190997272729873e-07,4.967991733551026,56.60342140197754,0.0,26.75519218444824,-0.09899880737066269,0.8782208561897278,2.5404984536282718,3.0996726031821535,9.368212699890137,-9.825453162193298e-08,2.277496814727783,2.628371000289917,1.5942021608352661,0.07354021072387695
114,bs_beamformer,-5.448237061500549e-09,5.033158922195435,56.32909049987793,0.0,30.126078033447264,-0.07532288134098053,0.7138252854347229,3.3191847389247267,3.9498345031011595,9.834692001342773,2.7939677238464355e-09,2.2907021045684814,1.9293287992477417,1.9941810369491577,0.09979011863470078
114,uav_trajectory,1.7276033759117127e-08,5.4785326480865475,20.845422744750977,0.0,138.5680160522461,-0.027268853038549423,0.7891085743904114,5.55149737115701,5.379687835556278,11.590667724609375,-2.3748725652694702e-08,2.109738826751709,2.3653006553649902,1.7708340883255005,0.1012839749455452
114,jammer_beamformer,1.9045546650886535e-08,8.447640323638916,56.58988265991211,0.0,123.19164657592773,-0.07002753019332886,0.7616432905197144,2.6597313761003316,3.24091390476339,8.735138893127441,-2.1653249859809875e-08,2.9599924087524414,2.3275606632232666,1.6308783292770386,0.07504163682460785
115,bs_beamformer,2.6123598217964173e-08,2.7533763647079468,56.31266403198242,0.0,50.44159164428711,-0.09637656807899475,0.6901751160621643,3.389780882395804,4.025316071430846,10.002742767333984,-2.60770320892334e-08,1.6207177639007568,3.0304479598999023,2.0350515842437744,0.10161183774471283
115,uav_trajectory,1.9278377294540405e-08,6.978468656539917,20.83696632385254,0.0,157.74037170410156,-0.12187705188989639,0.8136790990829468,5.682153793215751,5.517869968625232,11.459818840026855,-2.3283064365386963e-08,2.6612818241119385,2.5256338119506836,1.7917479276657104,0.10246717929840088
115,jammer_beamformer,1.5227124094963075e-08,4.71716685295105,56.580786895751956,0.0,20.59325408935547,-0.03287160024046898,0.7880813479423523,2.67362397746183,3.2646711696925745,8.830753326416016,-2.0489096641540527e-08,2.035285472869873,2.612178087234497,1.6569792032241821,0.0759994387626648
116,bs_beamformer,1.7601996660232543e-08,5.217422533035278,56.300336837768555,0.0,83.49250946044921,-0.10953298211097717,0.6710139513015747,3.47415981371142,4.108289151524394,10.46202278137207,-1.5366822481155396e-08,2.2160232067108154,1.9108067750930786,2.0687806606292725,0.10310326516628265
116,uav_trajectory,-9.569339454174042e-09,2.0352890729904174,20.829434967041017,0.0,138.50140838623048,-0.10651689767837524,0.7879487872123718,5.6460594662825265,5.466887387512337,12.594579696655273,7.450580596923828e-09,1.449903964996338,2.05998158454895,1.8088946342468262,0.10335046797990799
116,jammer_beamformer,-1.8114224076271056e-08,2.388195443153381,56.56756782531738,0.0,50.058159255981444,-0.0828881785273552,0.8104690313339233,2.6673165316954255,3.239928340201461,8.26705551147461,2.0489096641540527e-08,1.58632493019104,2.5707669258117676,1.6869947910308838,0.0772646889090538
117,bs_beamformer,1.94646418094635e-08,1.5639956712722778,56.294351959228514,0.0,58.651807403564455,-0.06805787235498428,0.6819749474525452,3.52105850001052,4.1849671926159075,10.808647155761719,-1.4901161193847656e-08,1.289376974105835,3.3216898441314697,2.0873608589172363,0.10385986417531967
117,uav_trajectory,2.654269337654114e-09,9.102661037445069,20.818847465515137,0.0,159.25841827392577,-0.0764506533741951,0.8049617409706116,5.89040929222107,5.618409578081668,11.310709953308105,-6.984919309616089e-09,3.100667953491211,2.4005672931671143,1.8305184841156006,0.10443910211324692
117,jammer_beamformer,-1.7671845853328706e-08,5.790664005279541,56.55473709106445,0.0,51.080149459838864,-0.10397998243570328,0.8768095374107361,2.7512484707972034,3.334829138526654,8.643555641174316,1.1175870895385742e-08,2.308530807495117,2.7471423149108887,1.721927285194397,0.07866255939006805
118,bs_beamformer,-3.3993273973464966e-08,2.999720811843872,56.28948822021484,0.0,50.80898017883301,-0.08680608123540878,0.6422660946846008,3.5489075955115257,4.202284820893189,10.034741401672363,3.91155481338501e-08,1.714943528175354,2.4407708644866943,2.1035284996032715,0.1045728251338005
118,uav_trajectory,-3.5669654607772825e-08,3.9162567138671873,20.80758991241455,0.0,163.63019409179688,-0.10815000534057617,0.7593902349472046,5.986756796995799,5.735244685252398,11.627782821655273,3.3527612686157227e-08,1.9652197360992432,3.3081722259521484,1.8568317890167236,0.1058439090847969
118,jammer_beamformer,-2.9802322387695314e-09,6.440056324005127,56.54457168579101,0.0,82.7182601928711,-0.07042472064495087,0.824193000793457,2.7698319223113357,3.360826467779034,8.170984268188477,2.7939677238464355e-09,2.5664608478546143,2.8613102436065674,1.752714991569519,0.07994338124990463
119,bs_beamformer,1.257285475730896e-09,6.09520001411438,56.28655662536621,0.0,111.97450790405273,-0.16528867185115814,0.7014767527580261,3.627123728396371,4.251658681030477,10.117356300354004,-6.51925802230835e-09,2.2527737617492676,2.2855048179626465,2.116461753845215,0.10515610128641129
119,uav_trajectory,-3.4691765904426576e-09,6.023758411407471,20.798979568481446,0.0,129.33625030517578,-0.11280198395252228,0.7782411575317383,6.125483938972155,5.821764269934411,13.083891868591309,3.026798367500305e-09,2.542348623275757,2.6581218242645264,1.8780121803283691,0.10697586834430695
119,jammer_beamformer,1.0514631867408753e-07,2.436554527282715,56.53617897033691,0.0,66.30689163208008,-0.13505147397518158,0.7915080189704895,2.911030502049252,3.5325107674247676,8.823135375976562,-1.0617077350616455e-07,1.4606022834777832,2.4058759212493896,1.7764428853988647,0.08106457442045212
120,bs_beamformer,-2.7101486921310426e-08,3.4203210353851317,56.28072738647461,0.0,29.865874671936034,-0.10905580222606659,0.7266631722450256,3.599499172333628,4.261017986540573,11.18883991241455,2.561137080192566e-08,1.8586113452911377,2.7302780151367188,2.1257481575012207,0.10564413666725159
120,uav_trajectory,1.119915395975113e-08,3.1713987588882446,20.790197372436523,0.0,197.05941009521484,-0.1277882307767868,0.7371814846992493,6.122462914546331,5.84866041899892,11.938600540161133,-1.1175870895385742e-08,1.8161656856536865,2.2322683334350586,1.8977712392807007,0.10799503326416016
120,jammer_beamformer,-5.587935447692871e-10,3.5590994358062744,56.52685050964355,0.0,49.5013931274414,-0.050737909972667694,0.7232667803764343,2.998505660325289,3.6250731234516107,9.651420593261719,3.725290298461914e-09,1.7781529426574707,2.4767932891845703,1.7945886850357056,0.08195460587739944
121,bs_beamformer,6.007030606269836e-08,2.587646794319153,56.26590003967285,0.0,43.470082473754886,-0.11325114965438843,0.6550249457359314,3.568286329479888,4.266065079690088,11.068867683410645,-5.494803190231323e-08,1.585809350013733,2.9177968502044678,2.1458442211151123,0.10664369910955429
121,uav_trajectory,-2.5832559913396836e-08,2.797302079200745,20.78119659423828,0.0,148.346142578125,-0.10478069633245468,0.7821142673492432,5.8440454358855884,5.792931424562253,11.961987495422363,1.862645149230957e-08,1.6890735626220703,3.0000243186950684,1.9178693294525146,0.10898521542549133
121,jammer_beamformer,5.029141902923584e-09,5.023812913894654,56.50969314575195,0.0,45.546307754516604,-0.04474359005689621,0.8715803027153015,3.0637909829486163,3.732636085019193,9.386517524719238,-5.587935447692871e-09,2.217118501663208,2.1055285930633545,1.8256030082702637,0.08339891582727432
122,bs_beamformer,-2.8870999813079835e-09,6.08198766708374,56.2497200012207,0.0,59.699605560302736,-0.016476474702358246,0.7082787752151489,3.4363572207894175,4.13321753218944,10.947348594665527,6.984919309616089e-09,2.1758272647857666,2.801142454147339,2.1799075603485107,0.10824611783027649
122,uav_trajectory,4.051253199577331e-09,6.526448154449463,20.771367454528807,0.0,155.3218231201172,0.0032648183405399323,0.77188640832901,5.59892477149268,5.744659231180002,12.803133964538574,-6.51925802230835e-09,1.856498122215271,2.720086097717285,1.9395084381103516,0.11011786013841629
122,jammer_beamformer,2.7101486921310426e-08,5.745348405838013,56.49489479064941,0.0,119.46944808959961,-0.049391090869903564,0.8196228742599487,2.9966864809691907,3.694565939436661,10.075873374938965,-2.421438694000244e-08,2.269634962081909,3.7580394744873047,1.8650016784667969,0.0851234719157219
123,bs_beamformer,-2.87545844912529e-08,3.9589107275009154,56.24136810302734,0.0,72.68250732421875,-0.03619600832462311,0.8069384694099426,3.6631636946797372,4.328763933184692,11.948033332824707,2.60770320892334e-08,1.8438849449157715,3.1713271141052246,2.2021219730377197,0.10920274257659912
123,uav_trajectory,-1.3038516044616698e-09,7.723581838607788,20.760842514038085,0.0,163.3956771850586,0.04133673757314682,0.7536366581916809,6.27294173214833,6.089160648304439,12.428840637207031,1.3969838619232178e-09,1.8580220937728882,2.5020830631256104,1.9634817838668823,0.1114206314086914
123,jammer_beamformer,1.6787089407444e-08,3.2710599660873414,56.48698844909668,0.0,84.08061599731445,-0.0631815493106842,0.7984265685081482,3.208435762796551,3.886364837544194,10.0779390335083,-2.514570951461792e-08,1.7763596773147583,2.409412145614624,1.8901375532150269,0.08615909516811371
124,bs_beamformer,-4.260800778865814e-08,3.9508439540863036,56.22989006042481,0.0,42.99975357055664,-0.11071249842643738,0.7532994151115417,3.5941966043114664,4.273460391809041,11.04045295715332,4.377216100692749e-08,1.9769634008407593,2.364894151687622,2.2186062335968018,0.10996908694505692
124,uav_trajectory,3.073364496231079e-09,3.6418569326400756,20.750634384155273,0.0,187.0834533691406,-0.036993518471717834,0.7602168321609497,6.25455084991455,6.132122258935385,12.515609741210938,-3.259629011154175e-09,1.6876798868179321,3.6146976947784424,1.9899227619171143,0.11279726773500443
124,jammer_beamformer,1.2246891856193542e-07,4.702451753616333,56.48125381469727,0.0,146.54706726074218,-0.14411301910877228,0.7628501653671265,3.030154734507203,3.702294884737687,9.133262634277344,-1.0989606380462646e-07,1.7263168096542358,2.4665606021881104,1.9045997858047485,0.08666552603244781
125,bs_beamformer,7.450580596923828e-09,4.6629339218139645,56.213212203979495,0.0,52.48125877380371,-0.04170812666416168,0.7827674150466919,3.8586354173906146,4.512036137360393,11.636422157287598,-1.210719347000122e-08,2.184101104736328,2.2360072135925293,2.2496142387390137,0.1114264577627182
125,uav_trajectory,-2.7194619178771972e-08,3.525255727767944,20.742593002319335,0.0,156.8830322265625,-0.08720239996910095,0.7998576760292053,6.619508264541626,6.347830015571418,13.192917823791504,3.073364496231079e-08,1.816821813583374,2.3355438709259033,2.0116939544677734,0.11393948644399643
125,jammer_beamformer,-4.200264811515808e-08,5.307869529724121,56.472063827514646,0.0,25.663784980773926,-0.10747328400611877,0.800739049911499,3.139433135411702,3.811720951917789,9.350321769714355,4.575122147798538e-08,2.226287603378296,2.6532952785491943,1.917946219444275,0.08721040189266205
126,bs_beamformer,-4.8428773880004884e-09,2.9261396646499636,56.19924201965332,0.0,152.06352844238282,-0.05990016832947731,0.6983916759490967,3.8495936659816654,4.541318033416383,11.340763092041016,1.862645149230957e-09,1.7673646211624146,3.154939651489258,2.2858288288116455,0.11301623284816742
126,uav_trajectory,-7.282942533493042e-08,5.136330556869507,20.733984756469727,0.0,185.85590515136718,-0.10909491777420044,0.8728377819061279,6.575231348395348,6.331628228123249,13.52998161315918,7.82310962677002e-08,2.320070505142212,2.6469533443450928,2.0312507152557373,0.11499147862195969
126,jammer_beamformer,2.537854015827179e-09,6.089321613311768,56.45399055480957,0.0,51.293009185791014,0.009330879896879196,0.828197717666626,3.144253161427565,3.827142334675241,9.37101936340332,-1.862645149230957e-09,2.165675401687622,2.5682780742645264,1.9503400325775146,0.0886014923453331
127,bs_beamformer,-2.7706846594810486e-08,7.22243447303772,56.188015365600585,0.0,177.30579223632813,-0.13857993483543396,0.7479687929153442,4.06144360216707,4.754908464336941,11.535161018371582,2.0489096641540527e-08,2.491209030151367,2.288759231567383,2.3142895698547363,0.11430536210536957
127,uav_trajectory,-1.4482066035270692e-08,5.647030019760132,20.72516498565674,0.0,181.56991119384764,-0.031956516206264496,0.8303139805793762,6.773527910669645,6.453440343309784,12.652368545532227,1.7113052308559418e-08,2.265392780303955,2.495216131210327,2.051685094833374,0.11607472598552704
127,jammer_beamformer,1.1641532182693481e-10,3.582870602607727,56.43634948730469,0.0,47.925301742553714,-0.12430944293737411,0.7388407588005066,3.3449656493198128,4.029598050674496,9.164532661437988,-9.313225746154785e-10,1.7131452560424805,3.2649335861206055,1.9915592670440674,0.09043484181165695
128,bs_beamformer,3.073364496231079e-08,4.5030317306518555,56.17790336608887,0.0,227.5010559082031,-0.12460201978683472,0.6607523560523987,4.202051922723651,4.921912964395178,11.377012252807617,-2.2817403078079224e-08,2.0072176456451416,1.9268454313278198,2.3342769145965576,0.11533064395189285
128,uav_trajectory,5.629844963550568e-08,3.6784078598022463,20.717035484313964,0.0,215.0888687133789,-0.0866851657629013,0.7506736516952515,6.768081273893515,6.454784336225162,12.966686248779297,-5.960464477539063e-08,1.9564883708953857,2.6919448375701904,2.0721073150634766,0.1171669214963913
128,jammer_beamformer,1.555308699607849e-08,10.903026485443116,56.42260627746582,0.0,90.29091110229493,0.023975875228643417,0.8261969089508057,3.489887190390378,4.178508118284804,9.572057723999023,-1.4901161193847656e-08,2.9295690059661865,2.7911183834075928,2.0214154720306396,0.0918479710817337
129,bs_beamformer,3.6670826375484467e-08,3.776777148246765,56.16797561645508,0.0,99.69833374023438,-0.09256502985954285,0.7014950513839722,4.309448045562953,5.027372452217927,12.24489688873291,-3.91155481338501e-08,1.9373853206634521,1.6436680555343628,2.351046562194824,0.116269551217556
129,uav_trajectory,-5.960464477539063e-09,4.155335283279419,20.709178352355956,0.0,192.2444641113281,-0.05562932789325714,0.7389777302742004,6.845242755055428,6.54373111720149,14.041021347045898,2.3283064365386963e-09,1.943953275680542,2.218808174133301,2.092308759689331,0.11822903156280518
129,jammer_beamformer,-1.41095370054245e-08,3.1585121393203734,56.40901908874512,0.0,41.61854972839355,-0.08830539882183075,0.7399570941925049,3.5107476273812352,4.244251677044984,10.558029174804688,1.7229467630386353e-08,1.8089503049850464,2.394212245941162,2.0456502437591553,0.09291214495897293
130,bs_beamformer,-5.9464946389198305e-08,3.0029009342193604,56.15492172241211,0.0,34.34283447265625,-0.08914319425821304,0.7414021492004395,4.507034140085802,5.212656604842975,12.041488647460938,5.774199962615967e-08,1.7191635370254517,2.4131693840026855,2.3688840866088867,0.1172698363661766
130,uav_trajectory,2.0070001482963563e-08,5.676557016372681,20.700720977783202,0.0,156.25454406738282,-0.054616451263427734,0.7312101125717163,7.020789010683695,6.692622463783833,13.76630973815918,-1.5832483768463135e-08,2.283163070678711,2.322331666946411,2.112048864364624,0.11925335973501205
130,jammer_beamformer,1.6624107956886293e-08,5.625022268295288,56.390251541137694,0.0,82.07319717407226,-0.09224987030029297,0.720676064491272,3.5887595017030836,4.3039415149419025,10.717748641967773,-1.909211277961731e-08,2.4099977016448975,2.915755271911621,2.081591844558716,0.09452363848686218
131,bs_beamformer,-3.969762474298477e-09,3.943113827705383,56.136915588378905,0.0,89.96758117675782,-0.06847964972257614,0.6997231245040894,4.538224895399064,5.24148999451334,12.527828216552734,4.6566128730773926e-09,1.9553887844085693,2.1216609477996826,2.3960227966308594,0.11871476471424103
131,uav_trajectory,3.920868039131165e-08,2.478973698616028,20.69138412475586,0.0,166.35672149658203,-0.10550670325756073,0.7255367040634155,6.992959131717682,6.717664819797513,12.957466125488281,-3.771856427192688e-08,1.6108496189117432,2.620706081390381,2.1336827278137207,0.12043684720993042
131,jammer_beamformer,4.6705827116966246e-08,1.8251093745231628,56.37538032531738,0.0,88.44500885009765,-0.06515474617481232,0.7095924615859985,3.535188539072871,4.259093054055145,10.194210052490234,-5.122274160385132e-08,1.3177838325500488,2.2789807319641113,2.11666202545166,0.09609111398458481
132,bs_beamformer,-1.0477378964424133e-08,2.567853498458862,56.12471008300781,0.0,153.4612823486328,-0.05141204595565796,0.6342728137969971,4.4823647489212455,5.198870794716824,12.618276596069336,1.1175870895385742e-08,1.5366772413253784,2.6551454067230225,2.4182686805725098,0.11985921859741211
132,uav_trajectory,-4.386529326438904e-08,3.27932391166687,20.681564712524413,0.0,194.5261978149414,-0.06483536213636398,0.7959722280502319,6.73514639834563,6.675565316253764,15.203851699829102,4.563480615615845e-08,1.8309855461120605,2.3671207427978516,2.1569230556488037,0.12173915654420853
132,jammer_beamformer,-4.5821070671081546e-08,1.7246479511260986,56.363250732421875,0.0,76.12335586547852,-0.06868882477283478,0.6977815628051758,3.524454428449273,4.2802842399919365,10.841193199157715,4.842877388000488e-08,1.3860620260238647,2.7380456924438477,2.140650749206543,0.09712562710046768
133,bs_beamformer,2.3702159523963928e-08,3.288008379936218,56.11233978271484,0.0,44.28227272033691,-0.10090596228837967,0.7145088315010071,4.449717350101098,5.181591696691837,12.13686752319336,-1.955777406692505e-08,1.8490294218063354,2.6743834018707275,2.4347095489501953,0.12060950696468353
133,uav_trajectory,6.30505383014679e-08,4.884089946746826,20.671694946289062,0.0,224.96614532470704,-0.0824524536728859,0.7363945841789246,6.803053439418475,6.729309647886332,13.724065780639648,-5.960464477539063e-08,2.271580696105957,2.127859115600586,2.181797504425049,0.12306714802980423
133,jammer_beamformer,1.4156103134155273e-08,3.3364022016525268,56.34565658569336,0.0,35.13270301818848,-0.019599944353103638,0.726672351360321,3.5559943316634746,4.294006915192191,10.302595138549805,-9.313225746154785e-09,1.6822535991668701,2.50935959815979,2.170522689819336,0.0983293205499649
134,bs_beamformer,2.1187588572502135e-09,4.999722051620483,56.09367370605469,0.0,114.03105087280274,0.003121526911854744,0.7459769248962402,4.510364863980562,5.244075221705555,11.835761070251465,-1.862645149230957e-09,2.035710334777832,2.4684059619903564,2.4627978801727295,0.12187649309635162
134,uav_trajectory,-7.33882188796997e-08,2.921795678138733,20.663021659851076,0.0,290.5609405517578,-0.16898134350776672,0.6752212643623352,7.283789517561595,6.968028950211773,13.796384811401367,7.636845111846924e-08,1.4395591020584106,2.3691864013671875,2.204145669937134,0.12423858046531677
134,jammer_beamformer,7.166527211666107e-08,4.168202066421509,56.32256240844727,0.0,103.6074951171875,-0.12255048751831055,0.7777836322784424,3.7594865488167852,4.519449051367851,10.330924987792969,-7.450580596923828e-08,1.8531585931777954,2.6525115966796875,2.2199277877807617,0.10042402893304825
135,bs_beamformer,1.7322599887847902e-08,6.533162021636963,56.07686996459961,0.0,122.75588607788086,-0.10795909911394119,0.7324516773223877,4.552878312289715,5.310835686157871,12.878886222839355,-1.6763806343078613e-08,2.5625150203704834,3.0139565467834473,2.4937586784362793,0.12337127327919006
135,uav_trajectory,-2.2677704691886903e-08,3.4030707120895385,20.65438117980957,0.0,158.30573196411132,-0.03443650156259537,0.676543116569519,7.189709034959475,6.971364577546352,13.191130638122559,2.514570951461792e-08,1.5991928577423096,2.542492389678955,2.223203420639038,0.1252734214067459
135,jammer_beamformer,1.4854595065116882e-08,6.88634991645813,56.303771591186525,0.0,30.824795722961426,-0.04094745218753815,0.7620363235473633,3.7482222685124724,4.527098869621396,10.494707107543945,-2.0489096641540527e-08,2.6264336109161377,2.4102745056152344,2.260867118835449,0.10232727974653244
136,bs_beamformer,-6.05359673500061e-08,2.524785280227661,56.060215377807616,0.0,49.46268920898437,-0.10980300605297089,0.6957975029945374,4.770365563338623,5.506912866370352,12.149452209472656,6.05359673500061e-08,1.5735024213790894,2.618910551071167,2.5213851928710938,0.12476104497909546
136,uav_trajectory,2.2351741790771484e-08,4.210086297988892,20.644206047058105,0.0,250.60511322021483,-0.07227034121751785,0.7177547216415405,7.481996651808421,7.139892179496088,13.933293342590332,-1.816079020500183e-08,2.0652706623077393,2.3547234535217285,2.2451210021972656,0.12647120654582977
136,jammer_beamformer,-5.755573511123657e-08,3.7735881567001344,56.284292221069336,0.0,57.99586029052735,-0.0870550274848938,0.704230010509491,3.982766413345933,4.73897518204947,11.726465225219727,6.100162863731384e-08,1.8818188905715942,2.267813205718994,2.3004372119903564,0.1042785495519638
137,bs_beamformer,4.6705827116966246e-08,4.735014390945435,56.042372131347655,0.0,52.713423538208005,-0.056507255882024765,0.7729505896568298,4.842478527603671,5.605751806135157,12.840392112731934,-4.0978193283081055e-08,2.1977038383483887,2.1850693225860596,2.553219795227051,0.12629851698875427
137,uav_trajectory,6.7055225372314455e-09,4.675536060333252,20.634181213378906,0.0,229.3111328125,-0.05448950082063675,0.7438633441925049,7.374742047796647,7.105744013969894,13.48725700378418,-1.0244548320770264e-08,2.1035640239715576,1.756873369216919,2.268242120742798,0.12772522866725922
137,jammer_beamformer,2.7101486921310426e-08,7.173627328872681,56.268524169921875,0.0,44.189443588256836,-0.11355073750019073,0.7022079229354858,4.028606227759272,4.847107768522315,11.66220474243164,-2.0954757928848267e-08,2.6122186183929443,2.2760019302368164,2.3319265842437744,0.1058984026312828
138,bs_beamformer,1.6763806343078613e-08,4.47118034362793,56.02879333496094,0.0,271.0512756347656,-0.058157697319984436,0.6949595212936401,3.8692000568807123,4.749446790909235,12.844444274902344,-1.6996636986732483e-08,2.121762990951538,2.3137247562408447,2.5868825912475586,0.12773537635803223
138,uav_trajectory,7.688067853450775e-08,3.803809905052185,20.62428550720215,0.0,224.14036560058594,-0.10249107331037521,0.7286475896835327,5.339734911407033,6.289179633905587,13.865761756896973,-7.404014468193054e-08,1.9391603469848633,2.6400527954101562,2.290269613265991,0.1289367824792862
138,jammer_beamformer,1.1129304766654968e-08,4.218686056137085,56.24609375,0.0,50.07629814147949,-0.08995035290718079,0.687788724899292,3.006324039110914,4.03664978629246,11.129232406616211,-1.6763806343078613e-08,2.086421489715576,3.4926769733428955,2.369267463684082,0.10771668702363968
139,bs_beamformer,-6.095506250858307e-08,4.116706657409668,56.023119354248045,0.0,274.7718078613281,-0.07394781708717346,0.7601610422134399,3.2900326697155835,4.114657693794528,12.29975700378418,5.8673322200775146e-08,2.062716484069824,2.5616133213043213,2.607369899749756,0.12849846482276917
139,uav_trajectory,-1.0849907994270325e-08,4.706118631362915,20.613628959655763,0.0,185.1105209350586,-0.040525585412979126,0.7788062691688538,4.092936436280608,5.442178787286934,15.16201400756836,1.5832483768463135e-08,2.024686574935913,2.544078826904297,2.3114163875579834,0.13010621070861816
139,jammer_beamformer,-4.1211023926734924e-08,3.064926552772522,56.22198257446289,0.0,51.871246337890625,-0.06008322164416313,0.70606929063797,2.372456404242665,3.3590003668851534,10.222881317138672,4.0046870708465576e-08,1.78568434715271,2.3806071281433105,2.412950277328491,0.10976120084524155
140,bs_beamformer,-1.6298145055770874e-08,3.631560969352722,56.015997314453124,0.0,73.13043746948242,-0.019135521724820137,0.7647196650505066,4.890443164523691,5.661444997713631,12.885971069335938,1.7462298274040222e-08,1.7503496408462524,2.521805763244629,2.6168062686920166,0.12880246341228485
140,uav_trajectory,-1.648440957069397e-08,6.406790828704834,20.600960731506348,0.0,253.37367248535156,-0.07133617997169495,0.7696430683135986,7.89465067088604,7.505057497192168,14.48984146118164,1.210719347000122e-08,2.6051270961761475,2.7231063842773438,2.337700605392456,0.13151177763938904
140,jammer_beamformer,6.426125764846802e-09,4.799198913574219,56.19327049255371,0.0,156.83413619995116,-0.024431344121694565,0.765799880027771,4.397974553352221,5.2156775063407395,12.029022216796875,-4.190951585769653e-09,2.099148988723755,2.7001168727874756,2.4673476219177246,0.112323097884655
141,bs_beamformer,6.7055225372314455e-09,3.3267184019088747,55.99703140258789,0.0,52.52755889892578,0.016003664582967758,0.7475612163543701,4.889691601175815,5.636340864806268,13.124750137329102,-5.587935447692871e-09,1.3670179843902588,3.0902903079986572,2.6443729400634766,0.13011199235916138
141,uav_trajectory,-1.8742866814136507e-09,5.174162864685059,20.58849506378174,0.0,198.85286407470704,-0.011537672951817513,0.838362455368042,7.727975445151329,7.454566811320538,14.825054168701172,-2.3283064365386963e-10,2.0527803897857666,2.105084180831909,2.3650646209716797,0.13295626640319824
141,jammer_beamformer,-4.6566128730773926e-08,2.2074270248413086,56.17185173034668,0.0,102.82255020141602,-0.1123887151479721,0.7066210508346558,4.295778170078993,5.13200926173362,11.530579566955566,4.842877388000488e-08,1.3519659042358398,2.692225217819214,2.5130465030670166,0.1144258975982666
142,bs_beamformer,7.096678018569947e-08,3.277631950378418,55.977046203613284,0.0,96.93112716674804,-0.09760158509016037,0.6814064383506775,5.017147676821798,5.791618874484139,12.89640998840332,-6.891787052154541e-08,1.7706396579742432,2.460308313369751,2.684195041656494,0.13199320435523987
142,uav_trajectory,1.2200325727462768e-08,3.425737714767456,20.574183654785156,0.0,158.55829010009765,-0.06913360953330994,0.8046731352806091,8.11804778089126,7.735159920181193,14.360793113708496,-9.313225746154785e-09,1.878441333770752,2.821244716644287,2.3952879905700684,0.13455195724964142
142,jammer_beamformer,9.313225746154786e-11,4.839214706420899,56.150953674316405,0.0,148.86070404052734,-0.014789762906730175,0.7756208777427673,4.341891438613645,5.18946494583395,11.88419246673584,4.6566128730773926e-09,1.9830361604690552,2.757416009902954,2.550074577331543,0.11609029024839401
143,bs_beamformer,1.8673017621040345e-08,3.813955307006836,55.960411834716794,0.0,168.014013671875,-0.049463577568531036,0.6544092893600464,5.160101195532828,5.915737556489771,13.803632736206055,-2.0023435354232788e-08,1.9761887788772583,2.7820961475372314,2.7210276126861572,0.13366641104221344
143,uav_trajectory,1.0384246706962586e-08,4.061389493942261,20.56018238067627,0.0,225.64652099609376,-0.057345200330019,0.7352481484413147,8.163698813954989,7.805533359125849,14.833642959594727,-9.778887033462524e-09,1.9593374729156494,2.2613813877105713,2.428842782974243,0.13628046214580536
143,jammer_beamformer,-1.6298145055770874e-08,3.401437020301819,56.13568229675293,0.0,186.67999420166015,-0.035545043647289276,0.7958604693412781,4.41085862380825,5.240530169182518,12.146369934082031,1.30385160446167e-08,1.7516083717346191,2.411863327026367,2.582625150680542,0.1176288053393364
144,bs_beamformer,8.42846930027008e-08,4.105321931838989,55.9472354888916,0.0,53.59681625366211,-0.12958359718322754,0.6825153827667236,5.151507590753957,5.94241546592761,13.307758331298828,-8.800998330116272e-08,1.753196120262146,2.2330946922302246,2.749377965927124,0.13500940799713135
144,uav_trajectory,3.273598849773407e-08,3.2139314889907835,20.54862880706787,0.0,304.3924987792969,-0.07381154596805573,0.6505749821662903,8.522122377872467,7.942643288647743,15.715032577514648,-3.119930624961853e-08,1.782352328300476,2.017158269882202,2.4591481685638428,0.13782307505607605
144,jammer_beamformer,5.820766091346741e-10,4.812243270874023,56.12293472290039,0.0,82.68406181335449,-0.06540386378765106,0.721189558506012,4.568630853377282,5.445733248321704,12.397322654724121,-2.3283064365386963e-10,2.297558307647705,2.3944644927978516,2.6039254665374756,0.11870776861906052
145,bs_beamformer,3.296881914138794e-08,4.394305896759033,55.93723983764649,0.0,146.42271575927734,-0.11699618399143219,0.7388811707496643,5.272297688689083,6.057076928800128,14.474409103393555,-3.91155481338501e-08,1.9173319339752197,3.1225497722625732,2.7714710235595703,0.13595709204673767
145,uav_trajectory,-9.313225746154786e-11,4.963707399368286,20.53880443572998,0.0,252.21550445556642,-0.012807248160243034,0.7399969696998596,8.421900189479192,7.952811466763738,16.202404022216797,0.0,1.9906679391860962,2.126516103744507,2.483314037322998,0.13913513720035553
145,jammer_beamformer,-1.94646418094635e-08,6.0356855392456055,56.10373077392578,0.0,131.1119140625,-0.037523601204156876,0.8251029849052429,4.7304348592273895,5.589292776065851,12.316558837890625,2.0489096641540527e-08,2.463155508041382,2.4122695922851562,2.634838581085205,0.12015178799629211
146,bs_beamformer,-8.270144462585449e-08,3.5600961685180663,55.92840728759766,0.0,66.61575927734376,-0.1418367177248001,0.6228874325752258,5.1010921702981,5.913793786315176,12.966699600219727,8.079223334789276e-08,1.5263712406158447,2.622945547103882,2.7889246940612793,0.13677045702934265
146,uav_trajectory,1.5366822481155396e-08,2.648418140411377,20.529393196105957,0.0,247.60736694335938,-0.12914763391017914,0.7186378836631775,7.8447662303596735,7.8643623725890475,15.05655288696289,-1.862645149230957e-08,1.5161406993865967,2.712430238723755,2.5054149627685547,0.14041192829608917
146,jammer_beamformer,1.4062970876693725e-08,6.746915435791015,56.08781089782715,0.0,196.55010223388672,-0.035727038979530334,0.7965885996818542,4.468900450829416,5.385854597055231,12.10394287109375,-8.149072527885437e-09,2.606950283050537,2.464019536972046,2.669564723968506,0.12175312638282776
147,bs_beamformer,-1.3175886124372482e-07,3.616114616394043,55.921299362182616,0.0,56.5725959777832,-0.12543094158172607,0.6549583673477173,5.45623542560637,6.225008317672801,14.0122709274292,1.3457611203193665e-07,1.7383813858032227,3.1130728721618652,2.805293560028076,0.13759861886501312
147,uav_trajectory,3.166496753692627e-09,2.5321183443069457,20.519759559631346,0.0,280.5504608154297,-0.04336026310920715,0.6817136406898499,8.551671328147252,8.16740127312079,14.884490966796875,-6.28642737865448e-09,1.5651488304138184,2.601400852203369,2.5269181728363037,0.1416374295949936
147,jammer_beamformer,-7.916241884231567e-10,4.608091926574707,56.0718132019043,0.0,54.10496444702149,0.00680955033749342,0.8214038610458374,4.8447976387683305,5.711593466546749,12.052545547485352,-1.862645149230957e-09,1.8396779298782349,2.735058546066284,2.6935606002807617,0.12292908877134323
148,bs_beamformer,6.9616362452507016e-09,5.83743371963501,55.91496658325195,0.0,278.8288269042969,-0.004471823573112488,0.7340336441993713,5.501839783322066,6.283046660317894,13.445566177368164,-1.1408701539039612e-08,2.019310474395752,2.266160249710083,2.8247289657592773,0.13858439028263092
148,uav_trajectory,-2.791639417409897e-08,3.9916489124298096,20.51027488708496,0.0,372.5402069091797,-0.03723357617855072,0.7485628724098206,8.554062618772189,8.173341998822446,15.251816749572754,2.60770320892334e-08,1.8661932945251465,2.2802562713623047,2.550419330596924,0.14291749894618988
148,jammer_beamformer,-2.3609027266502382e-08,4.098242855072021,56.0463752746582,0.0,51.74512786865235,-0.09616899490356445,0.7593600153923035,4.930954706504941,5.826541684838583,12.359506607055664,2.514570951461792e-08,1.9840201139450073,2.2219607830047607,2.7341084480285645,0.1250118464231491
149,bs_beamformer,-9.825453162193299e-09,3.826163625717163,55.908600616455075,0.0,102.21479644775391,-0.045794375240802765,0.6319321990013123,5.59639043790102,6.357571772984557,14.158973693847656,7.683411240577698e-09,1.9113832712173462,3.0285449028015137,2.83895206451416,0.13925553858280182
149,uav_trajectory,-3.6787241697311403e-09,5.495441865921021,20.501897621154786,0.0,234.5714080810547,-0.037501052021980286,0.7535348534584045,8.978345306634903,8.347141393717445,15.46329402923584,4.190951585769653e-09,2.2835195064544678,3.0504205226898193,2.5699963569641113,0.14399614930152893
149,jammer_beamformer,3.443565219640732e-08,3.5916085481643676,56.0193374633789,0.0,49.72157859802246,-0.05132852494716644,0.6679344177246094,5.193113436697051,6.089030481590753,13.170160293579102,-3.073364496231079e-08,1.8742146492004395,2.6017186641693115,2.778933048248291,0.1272982805967331
150,bs_beamformer,-2.239830791950226e-08,3.7134851455688476,55.890465545654294,0.0,72.83408126831054,-0.09649059921503067,0.6788318157196045,5.604391028895974,6.349125424138129,13.885763168334961,2.1653249859809875e-08,1.9707094430923462,2.3411805629730225,2.861067771911621,0.1402665078639984
150,uav_trajectory,4.7637149691581725e-08,5.674438333511352,20.491796684265136,0.0,439.4754669189453,-0.14467807114124298,0.7152668237686157,9.014552624821663,8.43287641775204,15.35018253326416,-4.6566128730773926e-08,2.188754081726074,2.705732822418213,2.591491937637329,0.14521655440330505
150,jammer_beamformer,5.587935447692871e-09,8.248287677764893,55.98753395080566,0.0,77.67460327148437,-0.12350229918956757,0.7917523980140686,5.273652945568785,6.15900248885287,12.90516471862793,-2.3283064365386963e-09,2.845682382583618,2.0672900676727295,2.832439661026001,0.12988466024398804
151,bs_beamformer,-3.855675458908081e-08,2.421715331077576,55.86381874084473,0.0,151.21219635009766,-0.07300091534852982,0.6919323801994324,5.729974062852562,6.467006891153612,14.32307243347168,3.818422555923462e-08,1.5822657346725464,2.263051986694336,2.903757095336914,0.14227508008480072
151,uav_trajectory,1.4016404747962952e-08,5.2642192363739015,20.483143043518066,0.0,296.9084075927734,-0.0427873320877552,0.721433162689209,9.227069463769595,8.521458092746112,15.528249740600586,-1.0244548320770264e-08,2.3426785469055176,1.9058862924575806,2.6117212772369385,0.14632362127304077
151,jammer_beamformer,4.312023520469665e-08,3.9240276336669924,55.95730018615723,0.0,156.9002899169922,-0.11451897025108337,0.757679283618927,5.5879639537883925,6.459437745156351,13.09958267211914,-4.936009645462036e-08,1.858111023902893,2.5527307987213135,2.89034366607666,0.13266830146312714
152,bs_beamformer,2.8777867555618285e-08,4.4167008876800535,55.84333114624023,0.0,176.55177001953126,-0.05231061205267906,0.722554624080658,5.681738664485514,6.4702382039218564,14.48996353149414,-2.9802322387695312e-08,2.076246976852417,2.542431354522705,2.9435293674468994,0.14412479102611542
152,uav_trajectory,-2.1094456315040587e-08,5.907283973693848,20.475079345703126,0.0,341.804931640625,-0.12090785801410675,0.7236983180046082,9.254698473771413,8.610099470543643,15.620582580566406,2.2817403078079224e-08,2.449842929840088,2.625797986984253,2.630725383758545,0.14728541672229767
152,jammer_beamformer,1.7276033759117127e-08,4.520850372314453,55.93920822143555,0.0,134.34262313842774,-0.05107356607913971,0.7728007435798645,5.528921992808581,6.453248356661963,12.92431640625,-1.30385160446167e-08,2.1135787963867188,2.2357046604156494,2.929672956466675,0.1345614343881607
153,bs_beamformer,-3.175809979438782e-08,2.644309329986572,55.825629806518556,0.0,104.99133834838867,-0.07763274759054184,0.7558856010437012,5.713650739613921,6.504689876000103,14.451242446899414,2.8405338525772095e-08,1.6528400182724,2.9524247646331787,2.9719884395599365,0.14550141990184784
153,uav_trajectory,2.6612542569637298e-08,3.416826605796814,20.466872215270996,0.0,235.86758117675782,-0.06518343091011047,0.7895408868789673,8.99968556690216,8.542415052348344,15.632020950317383,-2.3283064365386963e-08,1.8873037099838257,2.096839189529419,2.649296760559082,0.14822745323181152
153,jammer_beamformer,7.562339305877686e-08,2.193560028076172,55.92511672973633,0.0,174.33655395507813,-0.09013038128614426,0.6937280893325806,5.446223854206503,6.386434974072378,13.319146156311035,-7.543712854385376e-08,1.4138082265853882,2.3612492084503174,2.955873489379883,0.1358187198638916
154,bs_beamformer,4.423782229423523e-08,5.934161138534546,55.80546569824219,0.0,87.80995407104493,-0.1325773000717163,0.6604796051979065,5.6244117776528,6.489758453635409,15.132664680480957,-4.6566128730773926e-08,2.3946354389190674,3.0351994037628174,3.002681016921997,0.14694158732891083
154,uav_trajectory,-3.5425182431936265e-08,4.490895414352417,20.45825252532959,0.0,338.2936584472656,-0.07611105591058731,0.8144621849060059,9.069078617463509,8.57388308316981,15.654199600219727,4.0046870708465576e-08,2.073399543762207,3.063347578048706,2.6694018840789795,0.14930032193660736
154,jammer_beamformer,-8.381903171539307e-09,6.08721890449524,55.91082763671875,0.0,136.7329360961914,-0.021627817302942276,0.7557134032249451,5.351834925666451,6.363687518612272,13.371482849121094,4.6566128730773926e-09,2.344073534011841,2.5342283248901367,2.9781863689422607,0.1369697004556656
155,bs_beamformer,5.3131952881813047e-08,2.30663685798645,55.78632125854492,0.0,308.91929321289064,-0.0974869355559349,0.6388633847236633,5.85870006335713,6.642807562622725,14.336688041687012,-4.7497451305389404e-08,1.5226117372512817,2.2922844886779785,3.0374860763549805,0.14853037893772125
155,uav_trajectory,-2.0023435354232787e-09,4.138105058670044,20.449839210510255,0.0,392.56166687011716,-0.09781892597675323,0.7050633430480957,9.176785021066665,8.659257572321339,15.90839672088623,-9.313225746154785e-10,2.0698204040527344,2.4827558994293213,2.687398910522461,0.15030495822429657
155,jammer_beamformer,-7.869675755500793e-09,11.107463836669922,55.890188980102536,0.0,85.14463424682617,0.01732805371284485,0.7698009610176086,5.676689300732687,6.587949079691871,13.645011901855469,4.190951585769653e-09,3.0957796573638916,2.817173957824707,3.005836009979248,0.13842569291591644
156,bs_beamformer,1.494772732257843e-08,4.630059051513672,55.77260131835938,0.0,132.26844329833983,-0.06080702692270279,0.7422597408294678,5.944848046511412,6.736358590710939,14.616199493408203,-1.3969838619232178e-08,2.198521852493286,2.2516627311706543,3.063927412033081,0.14979614317417145
156,uav_trajectory,-7.729977369308472e-09,2.551799750328064,20.440495872497557,0.0,269.72581939697267,-0.06319458782672882,0.7247706055641174,9.442136719226838,8.824583822705357,16.9334716796875,3.259629011154175e-09,1.5848994255065918,3.468099355697632,2.7052319049835205,0.15127013623714447
156,jammer_beamformer,4.237517714500427e-09,4.193792676925659,55.870538330078126,0.0,283.3104248046875,-0.021943943575024605,0.7192832827568054,5.829152855014429,6.758545747031738,13.837506294250488,-7.450580596923828e-09,1.859647274017334,3.621828317642212,3.0406315326690674,0.14019177854061127
157,bs_beamformer,-1.280568540096283e-08,9.956899166107178,55.76007995605469,0.0,184.2817367553711,0.039509646594524384,0.7492089867591858,6.05712009408325,6.889606594230492,14.287911415100098,1.862645149230957e-08,2.565093517303467,2.6288886070251465,3.086888313293457,0.15098199248313904
157,uav_trajectory,5.727633833885193e-09,4.629225492477417,20.4307523727417,0.0,351.7082122802734,-0.03776253014802933,0.735539436340332,9.421981871565183,8.831934436310004,16.02225112915039,-2.7939677238464355e-09,2.0052881240844727,2.3440794944763184,2.7265796661376953,0.15244312584400177
157,jammer_beamformer,-1.7508864402770997e-08,3.659764266014099,55.854753494262695,0.0,166.78421478271486,-0.025484267622232437,0.6792415976524353,5.811543182860128,6.802744330281269,13.461544036865234,1.30385160446167e-08,1.957743525505066,3.5407965183258057,3.0700316429138184,0.1416015625
158,bs_beamformer,2.7008354663848876e-09,3.0031105279922485,55.746900939941405,0.0,97.15532073974609,-0.03908158093690872,0.7074173092842102,6.117808103003539,6.973080358979792,14.418910026550293,-6.51925802230835e-09,1.6196812391281128,2.392019510269165,3.109750509262085,0.15210264921188354
158,uav_trajectory,-8.847564458847046e-09,5.739606714248657,20.42177047729492,0.0,357.1050323486328,0.027489278465509415,0.7760013937950134,9.4048822671175,8.906907134488717,15.630475997924805,1.0943040251731873e-08,1.6661525964736938,2.242741823196411,2.746535062789917,0.15354622900485992
158,jammer_beamformer,-1.8812716007232665e-08,4.5917151927947994,55.8342529296875,0.0,73.68832015991211,-0.07612913101911545,0.8080504536628723,5.807623422094621,6.7986228448884525,14.499245643615723,1.955777406692505e-08,2.1687214374542236,2.3061764240264893,3.098647117614746,0.14295655488967896
159,bs_beamformer,-5.7672150433063504e-08,3.2905258893966676,55.72931137084961,0.0,98.0787353515625,-0.13770915567874908,0.6834235191345215,6.267114577793516,7.061724876049375,14.716754913330078,5.681067705154419e-08,1.5336782932281494,2.4508163928985596,3.139200448989868,0.1535007357597351
159,uav_trajectory,-6.332993507385254e-08,4.430144596099853,20.41219711303711,0.0,280.94238433837893,-0.0947096198797226,0.6560966372489929,9.797809157133102,9.0820714917256,16.2545108795166,5.820766091346741e-08,2.1371285915374756,2.9330880641937256,2.7667648792266846,0.15465709567070007
159,jammer_beamformer,1.555308699607849e-08,6.689396142959595,55.80404090881348,0.0,50.21552047729492,-0.03313136845827103,0.8028274178504944,5.951640856424347,6.920095856236785,13.610482215881348,-9.313225746154785e-09,2.607456922531128,2.3146214485168457,3.14616322517395,0.14528802037239075
160,bs_beamformer,3.622844815254211e-08,2.5095208883285522,55.7140396118164,0.0,65.01751708984375,-0.05531024932861328,0.6900102496147156,6.310094524458051,7.133612013080619,15.4667387008667,-2.8405338525772095e-08,1.5960355997085571,2.5932810306549072,3.164769172668457,0.15481504797935486
160,uav_trajectory,-4.1723251342773435e-08,6.001950263977051,20.40339050292969,0.0,370.5011383056641,-0.13467290997505188,0.6627625823020935,9.880917296012242,9.120871155402856,16.13148307800293,4.377216100692749e-08,2.4122657775878906,1.951887845993042,2.786372661590576,0.15578100085258484
160,jammer_beamformer,-2.0302832126617432e-08,3.733174133300781,55.777269744873045,0.0,357.4472320556641,-0.026542142033576965,0.7723966240882874,6.056967910835519,7.031711052135253,14.40202808380127,1.6763806343078613e-08,1.8975313901901245,2.5998644828796387,3.2022342681884766,0.14799076318740845
161,bs_beamformer,5.629844963550568e-08,2.951951265335083,55.694200897216795,0.0,87.3279914855957,-0.09965671598911285,0.6848405599594116,6.457329709019512,7.261105292053188,15.259535789489746,-5.122274160385132e-08,1.6959824562072754,3.086230993270874,3.1942193508148193,0.15641841292381287
161,uav_trajectory,-1.3131648302078247e-08,5.406772184371948,20.392797470092773,0.0,283.942041015625,0.020919688045978546,0.7624244093894958,9.880854635039965,9.164685025991124,16.280324935913086,1.1641532182693481e-08,1.613685131072998,2.1650965213775635,2.8066725730895996,0.15688157081604004
161,jammer_beamformer,-9.96515154838562e-09,2.7905736923217774,55.7588493347168,0.0,117.10697631835937,-0.03964631259441376,0.7469498515129089,6.0438931985516104,7.043044376455514,14.166081428527832,1.1175870895385742e-08,1.6484061479568481,2.845092535018921,3.241170644760132,0.14983592927455902
162,bs_beamformer,-4.470348358154297e-08,2.4922258853912354,55.673136138916014,0.0,113.06761932373047,-0.08046535402536392,0.6862004995346069,6.591786393474788,7.389960217952365,14.773540496826172,3.91155481338501e-08,1.6133748292922974,2.94972825050354,3.230775833129883,0.15823118388652802
162,uav_trajectory,8.149072527885437e-09,2.86371169090271,20.378947257995605,0.0,351.5610015869141,-0.11023459583520889,0.6444578170776367,9.848856662710508,9.232230992007604,16.378124237060547,-7.450580596923828e-09,1.6773083209991455,3.35801362991333,2.8365330696105957,0.15848734974861145
162,jammer_beamformer,-1.816079020500183e-08,3.7954201459884644,55.737304306030275,0.0,107.73021392822265,-0.08600357919931412,0.8423179984092712,6.074121836495586,7.074894730519498,14.312457084655762,1.955777406692505e-08,1.9451687335968018,2.7698581218719482,3.273536443710327,0.1514028012752533
163,bs_beamformer,1.1455267667770386e-08,3.7234479427337646,55.65250091552734,0.0,98.84867706298829,-0.02708849497139454,0.6999193429946899,6.72379220443219,7.52607610058932,15.332484245300293,-1.0244548320770264e-08,1.7984802722930908,2.965991973876953,3.265761613845825,0.15990050137043
163,uav_trajectory,-6.682239472866058e-09,2.696755313873291,20.36709804534912,0.0,306.51173400878906,-0.10675894469022751,0.7285533547401428,9.930907800674438,9.296206821520668,16.58167839050293,7.916241884231567e-09,1.6748408079147339,2.6119272708892822,2.86611270904541,0.1601223349571228
163,jammer_beamformer,-4.6566128730773926e-09,2.9529637575149534,55.71460189819336,0.0,159.1287628173828,-0.02364816516637802,0.6920742392539978,5.938118037071079,6.974744277285851,14.929438591003418,0.0,1.7339714765548706,2.9557442665100098,3.312314033508301,0.1532793939113617
164,bs_beamformer,-7.916241884231567e-09,2.2594284534454347,55.62866859436035,0.0,93.25062484741211,-0.10079517215490341,0.6159451603889465,6.822426224336028,7.631949132335098,16.15631866455078,8.381903171539307e-09,1.525140643119812,2.3669910430908203,3.3051109313964844,0.1617511510848999
164,uav_trajectory,4.0745362639427185e-08,3.3028092622756957,20.356496620178223,0.0,396.6197570800781,-0.12441619485616684,0.7137839198112488,10.282755840857824,9.523978679464284,16.99688720703125,-3.253808245062828e-08,1.7804874181747437,2.026674270629883,2.89205265045166,0.16152159869670868
164,jammer_beamformer,5.029141902923584e-09,2.6136549949645995,55.695123291015626,0.0,254.69456176757814,-0.03459399193525314,0.7712549567222595,6.0364844625853005,7.075624185655862,14.279509544372559,-4.6566128730773926e-09,1.6365329027175903,3.279709815979004,3.349562883377075,0.1550905555486679
165,bs_beamformer,1.564621925354004e-08,6.655683612823486,55.60151062011719,0.0,80.21878585815429,-0.02489267662167549,0.6945971250534058,6.731381864240393,7.6264404930259655,15.346797943115234,-1.6763806343078613e-08,2.4413743019104004,2.723778486251831,3.3520255088806152,0.16395066678524017
165,uav_trajectory,-1.0244548320770264e-09,5.395066785812378,20.34805908203125,0.0,308.6078399658203,-0.0002423543483018875,0.7328089475631714,10.15357788570722,9.512660079237229,18.10207176208496,0.0,1.8406956195831299,2.8886585235595703,2.912734270095825,0.1626165509223938
165,jammer_beamformer,3.688037395477295e-08,4.210295391082764,55.680575942993165,0.0,445.44788818359376,-0.11551002413034439,0.7587112188339233,5.854534522282891,6.999008789537213,14.692163467407227,-4.0512531995773315e-08,1.7352306842803955,2.58640456199646,3.3786346912384033,0.1565997153520584
166,bs_beamformer,-2.384185791015625e-08,5.781333351135254,55.57476806640625,0.0,104.9440803527832,-0.08767633885145187,0.7023137211799622,6.941354746917263,7.765000846044376,15.925250053405762,2.561137080192566e-08,2.4707465171813965,2.4426281452178955,3.4009242057800293,0.16637741029262543
166,uav_trajectory,-6.28642737865448e-09,2.255783486366272,20.339706802368163,0.0,414.0857727050781,-0.07165824621915817,0.6239858269691467,9.90949925160408,9.454074493153746,17.85357093811035,-9.313225746154785e-10,1.5239958763122559,3.337820291519165,2.932013988494873,0.16367775201797485
166,jammer_beamformer,-1.9837170839309693e-08,6.5358353614807125,55.669786071777345,0.0,141.20197067260742,-0.01029672846198082,0.7396965622901917,6.006370009560138,7.10922541556823,14.507494926452637,1.1175870895385742e-08,2.437185764312744,2.9668467044830322,3.397148370742798,0.15761294960975647
167,bs_beamformer,-1.1455267667770386e-08,3.0969485521316527,55.549208068847655,0.0,394.65245361328124,-0.06924078613519669,0.7005705237388611,7.019960531858727,7.900177014100797,16.291362762451172,1.1175870895385742e-08,1.7589627504348755,3.2402756214141846,3.4496405124664307,0.16885879635810852
167,uav_trajectory,2.162996679544449e-08,7.1728051662445065,20.33070526123047,0.0,353.4733184814453,-0.04745379835367203,0.7524423599243164,9.960313559869926,9.44194369838923,17.176433563232422,-2.1420419216156006e-08,2.7400670051574707,2.438530445098877,2.9520437717437744,0.16476313769817352
167,jammer_beamformer,-1.8195714801549913e-08,4.178148031234741,55.65791130065918,0.0,614.4322448730469,-0.07186464220285416,0.7654474973678589,6.086306854113994,7.209464320577381,14.760287284851074,2.1886080503463745e-08,2.0237128734588623,3.0179178714752197,3.416792154312134,0.1585904210805893
168,bs_beamformer,-1.564621925354004e-08,3.0781413316726685,55.53451652526856,0.0,97.65613174438477,-0.04061954841017723,0.6743364334106445,5.650296454698779,6.788552295230701,15.851851463317871,1.3969838619232178e-08,1.680707573890686,2.5825648307800293,3.4805777072906494,0.17039412260055542
168,uav_trajectory,6.984919309616089e-10,8.26533555984497,20.32117748260498,0.0,319.93030700683596,-0.04834063723683357,0.7824490666389465,7.753216363365452,8.620735520658629,16.68449592590332,-1.862645149230957e-09,2.972144365310669,2.7789270877838135,2.9735796451568604,0.16594912111759186
168,jammer_beamformer,-3.91155481338501e-09,4.814959573745727,55.649838256835935,0.0,100.85151596069336,0.011242533102631569,0.7081308960914612,4.51298434220627,6.090131495702355,14.886642456054688,7.450580596923828e-09,1.85328209400177,2.083010196685791,3.431676149368286,0.15934845805168152
169,bs_beamformer,5.681067705154419e-09,4.88471565246582,55.5196533203125,0.0,234.964208984375,0.011981522664427757,0.6824153065681458,7.069166052430868,7.963374833383531,16.303171157836914,-4.656612873077393e-10,1.6789002418518066,2.079902410507202,3.505685329437256,0.17167995870113373
169,uav_trajectory,-3.4132972359657286e-08,2.936488938331604,20.31193904876709,0.0,483.4707092285156,-0.11505571007728577,0.6796582937240601,9.887585711638133,9.62882362892305,17.14283561706543,3.073364496231079e-08,1.7038342952728271,2.1896164417266846,2.996434211730957,0.16724510490894318
169,jammer_beamformer,-1.150183379650116e-08,5.319419574737549,55.63803977966309,0.0,80.34090576171874,-0.018816616386175156,0.7471866607666016,5.964857355304528,7.15402758748351,15.249743461608887,1.257285475730896e-08,2.3030338287353516,2.479179620742798,3.4472649097442627,0.16009332239627838
170,bs_beamformer,-3.4458935260772707e-09,3.422276568412781,55.50893325805664,0.0,227.97876434326173,-0.04649186134338379,0.7119179964065552,6.913006669141352,7.843352013156659,16.82765007019043,4.6566128730773926e-09,1.890777826309204,2.967914581298828,3.527848243713379,0.17281928658485413
170,uav_trajectory,-2.3283064365386963e-09,5.1356950283050535,20.302917861938475,0.0,336.6224670410156,0.011056032031774521,0.7971559762954712,9.523827461620172,9.464675495375419,18.183326721191406,3.259629011154175e-09,1.8358460664749146,2.8245391845703125,3.0179834365844727,0.16845464706420898
170,jammer_beamformer,-4.0046870708465575e-09,4.5491186618804935,55.617291641235354,0.0,62.87397842407226,-0.040372759103775024,0.807174801826477,5.79967826683633,7.051877663256582,14.299016952514648,5.122274160385132e-09,2.094939947128296,2.6707091331481934,3.4767234325408936,0.16164296865463257
171,bs_beamformer,1.4598481357097626e-08,4.099270677566528,55.49531860351563,0.0,107.11257858276367,-0.11426843702793121,0.6968240737915039,7.074645183261484,8.016400241397937,15.97921085357666,-1.3737007975578308e-08,1.9296166896820068,2.497807025909424,3.5474774837493896,0.17377054691314697
171,uav_trajectory,-3.9767473936080935e-08,3.0975280523300173,20.293466567993164,0.0,354.9338012695313,-0.04344122111797333,0.770042359828949,10.341215908139944,9.821354640898972,17.35968780517578,3.91155481338501e-08,1.8044991493225098,3.6975808143615723,3.038602828979492,0.16961517930030823
171,jammer_beamformer,-2.1280720829963685e-08,3.967114973068237,55.593970489501956,0.0,116.26849899291992,-0.01317165419459343,0.6985443234443665,6.397636384833604,7.556533300124697,14.818395614624023,2.0023435354232788e-08,1.9675171375274658,2.7730209827423096,3.508265972137451,0.16345101594924927
172,bs_beamformer,9.59262251853943e-09,5.374279451370239,55.47549591064453,0.0,275.74317321777346,-0.10366669297218323,0.7029435038566589,7.394138030378148,8.249134275678237,17.319639205932617,-1.0244548320770264e-08,2.308516025543213,2.9011237621307373,3.5752675533294678,0.17516085505485535
172,uav_trajectory,-2.60770320892334e-08,5.583668756484985,20.28297863006592,0.0,349.2803619384766,-0.0499015748500824,0.8053683638572693,10.516318029602369,9.904540142514872,17.410629272460938,2.2351741790771484e-08,2.3548481464385986,2.783820867538452,3.0625176429748535,0.17099158465862274
172,jammer_beamformer,7.869675755500793e-09,7.032115793228149,55.564389038085935,0.0,147.2739700317383,0.005226541310548782,0.7742756605148315,6.7388759754523635,7.817386967582561,15.55030632019043,-6.05359673500061e-09,2.496657371520996,2.5909423828125,3.550100564956665,0.16574609279632568
173,bs_beamformer,6.798654794692993e-09,3.774273133277893,55.45908393859863,0.0,436.8022186279297,-0.07776270806789398,0.7267042398452759,7.372057059388608,8.250087820900612,16.354995727539062,-7.916241884231567e-09,1.948198914527893,2.254366397857666,3.601975440979004,0.17645539343357086
173,uav_trajectory,-8.218921720981597e-09,2.042559766769409,20.273878860473634,0.0,368.33908996582034,-0.07284384965896606,0.676775336265564,10.437491162478924,9.894881439314956,17.84326171875,5.122274160385132e-09,1.4691115617752075,2.2227325439453125,3.083892345428467,0.17222630977630615
173,jammer_beamformer,-8.614733815193176e-09,3.288535308837891,55.535790634155276,0.0,378.5024719238281,-0.0008797291666269302,0.7219473123550415,6.687764129143209,7.803873962249341,14.990764617919922,3.725290298461914e-09,1.7469897270202637,2.6923015117645264,3.5969536304473877,0.1681579351425171
174,bs_beamformer,-4.563480615615845e-08,2.6750003814697267,55.44187126159668,0.0,120.25303802490234,-0.10666941851377487,0.699012279510498,7.493421126080677,8.338822551874383,16.125272750854492,4.7497451305389404e-08,1.606550931930542,2.450429677963257,3.621502637863159,0.17742381989955902
174,uav_trajectory,3.91155481338501e-09,2.7675705432891844,20.264850044250487,0.0,533.6172424316406,-0.036127716302871704,0.6697084307670593,10.642571542978287,10.100734319107223,17.659082412719727,-1.862645149230957e-09,1.5302454233169556,2.5904173851013184,3.105501651763916,0.1734037548303604
174,jammer_beamformer,4.423782229423523e-10,3.345681929588318,55.51891403198242,0.0,214.35889282226563,-0.06515610218048096,0.7113993167877197,6.651507210847922,7.76027589376462,15.343595504760742,4.190951585769653e-09,1.8613446950912476,3.2863857746124268,3.630629777908325,0.16982263326644897
175,bs_beamformer,-1.2200325727462768e-08,4.516109037399292,55.41627082824707,0.0,192.80873413085936,-0.036953579634428024,0.8605259656906128,7.617738023709506,8.491373801437943,16.311267852783203,9.778887033462524e-09,2.0466513633728027,2.885359764099121,3.653745412826538,0.17907364666461945
175,uav_trajectory,1.2852251529693604e-08,4.066130685806274,20.258139610290527,0.0,579.565087890625,-0.0945722684264183,0.7076062560081482,10.956238855878512,10.193005535392231,17.349929809570312,-1.3969838619232178e-08,2.0634946823120117,3.011296033859253,3.1239173412323,0.17438039183616638
175,jammer_beamformer,7.357448339462281e-09,2.8596835851669313,55.50735359191894,0.0,395.4859283447266,-0.03328077495098114,0.7723215222358704,6.8376603168472645,7.944626922760084,16.042469024658203,-7.916241884231567e-09,1.7236990928649902,2.3297910690307617,3.653637647628784,0.1709582805633545
176,bs_beamformer,5.960464477539063e-09,2.6886393308639525,55.397512435913086,0.0,124.08966445922852,-0.07775180041790009,0.7195493578910828,7.57780158150196,8.457097831503049,16.40899085998535,-4.423782229423523e-09,1.6797616481781006,2.5125818252563477,3.6823201179504395,0.18058069050312042
176,uav_trajectory,-3.343448042869568e-08,2.3929455995559694,20.25309944152832,0.0,273.5044250488281,-0.06638524681329727,0.7688405513763428,10.404178997427225,10.000059457767366,17.861095428466797,3.306195139884949e-08,1.547052264213562,2.6076009273529053,3.137572765350342,0.17514246702194214
176,jammer_beamformer,-9.383074939250945e-09,4.9172375202178955,55.496175384521486,0.0,232.59295349121095,-0.025708414614200592,0.6707223653793335,6.67751708156243,7.844712990578657,15.770557403564453,1.1641532182693481e-08,2.2150888442993164,3.514531135559082,3.672642707824707,0.17194321751594543
177,bs_beamformer,-8.195638656616212e-09,3.141178584098816,55.37589721679687,0.0,357.15521240234375,-0.05029967427253723,0.6727122068405151,7.7815103382430975,8.63865582057016,16.771595001220703,1.0710209608078003e-08,1.7895954847335815,3.103245258331299,3.714447498321533,0.18220549821853638
177,uav_trajectory,1.9092112779617308e-09,3.6720496892929075,20.246942710876464,0.0,470.2669158935547,-0.02813698723912239,0.6936137080192566,11.247967011133829,10.369360313711502,18.47003936767578,-3.725290298461914e-09,1.733980655670166,3.5676937103271484,3.153719663619995,0.17603687942028046
177,jammer_beamformer,5.527399480342865e-08,2.8243107318878176,55.48498802185058,0.0,317.3197357177734,-0.07719216495752335,0.659197211265564,7.125857897350564,8.231364078907148,16.083324432373047,-5.681067705154419e-08,1.6661808490753174,2.684868812561035,3.691056966781616,0.17294839024543762
178,bs_beamformer,6.514601409435272e-08,4.041688632965088,55.3579818725586,0.0,343.9835510253906,-0.13176393508911133,0.8038021326065063,7.873075731102377,8.727341543402982,16.838314056396484,-6.332993507385254e-08,1.6668651103973389,2.914761543273926,3.7434000968933105,0.18358813226222992
178,uav_trajectory,9.59262251853943e-09,7.249289274215698,20.239797592163086,0.0,623.8872100830079,-0.05050411820411682,0.7337417602539062,11.389271445830664,10.48307097371977,17.868932723999023,-7.450580596923828e-09,2.671105146408081,2.1441266536712646,3.1730895042419434,0.1771172732114792
178,jammer_beamformer,4.682224243879318e-08,3.3045031070709228,55.47407989501953,0.0,420.49269714355466,-0.06771021336317062,0.7267692685127258,7.27472830175981,8.358120924980211,15.676838874816895,-4.842877388000488e-08,1.8274250030517578,2.7416179180145264,3.7090110778808594,0.17394687235355377
179,bs_beamformer,-1.9650906324386598e-08,3.177858805656433,55.33724746704102,0.0,252.38573455810547,-0.027099158614873886,0.7895734310150146,7.79433268455416,8.685012832281478,17.15802574157715,2.561137080192566e-08,1.8165967464447021,3.257699728012085,3.771009683609009,0.18488368391990662
179,uav_trajectory,-2.523884177207947e-08,2.7352573394775392,20.233037185668945,0.0,455.36241760253904,-0.046214811503887177,0.6887484192848206,11.540954981486003,10.621205941380436,18.324981689453125,2.514570951461792e-08,1.6893423795700073,2.206695318222046,3.1887874603271484,0.1780070811510086
179,jammer_beamformer,8.475035429000854e-09,3.6354511260986326,55.465257263183595,0.0,263.30133361816405,0.04432408884167671,0.722262978553772,7.378263137813658,8.449897779680585,15.616860389709473,-1.5366822481155396e-08,1.4565438032150269,3.516411542892456,3.7236921787261963,0.17473480105400085
180,bs_beamformer,1.0603107511997222e-07,3.9943083047866823,55.31336975097656,0.0,160.98729095458984,-0.11526970565319061,0.823502242565155,7.864623424500227,8.748227743947185,17.4034481048584,-1.1455267667770386e-07,1.8496558666229248,2.7805254459381104,3.8042197227478027,0.18646283447742462
180,uav_trajectory,6.854534149169921e-08,3.971415162086487,20.224507522583007,0.0,567.2084167480468,-0.08419336378574371,0.7706247568130493,11.650174174706141,10.632983568647715,18.316097259521484,-6.658956408500671e-08,2.0250251293182373,1.9772628545761108,3.207341194152832,0.17904722690582275
180,jammer_beamformer,3.6787241697311403e-09,4.589460039138794,55.455935668945315,0.0,385.25677185058595,-0.0014580637216567993,0.7825617790222168,7.355755629334599,8.426894713048402,15.752498626708984,-6.984919309616089e-09,2.0841307640075684,2.5329740047454834,3.737987518310547,0.17546036839485168
181,bs_beamformer,3.650784492492676e-08,3.663176679611206,55.28779754638672,0.0,179.60328674316406,-0.044359855353832245,0.7604293823242188,8.053838427230716,8.88044793166041,17.277584075927734,-4.0978193283081055e-08,1.8909763097763062,1.9141098260879517,3.8430042266845703,0.1884441077709198
181,uav_trajectory,-5.8673322200775145e-09,4.640188407897949,20.21765480041504,0.0,428.4025054931641,-0.0019325376488268375,0.6508515477180481,11.694966662844022,10.688753885604871,17.94622230529785,5.3551048040390015e-09,1.87284517288208,1.9572538137435913,3.224384069442749,0.17999430000782013
181,jammer_beamformer,-1.2060627341270446e-08,1.7830182552337646,55.446671676635745,0.0,451.3360992431641,-0.029450364410877228,0.6771465539932251,7.391008561955765,8.453017714616578,16.15666389465332,1.30385160446167e-08,1.362074375152588,1.9990088939666748,3.7530722618103027,0.1762111485004425
182,bs_beamformer,4.9988739192485807e-08,3.7238377571105956,55.264126205444335,0.0,239.70849609375,-0.05794284865260124,0.7196846604347229,8.017205502331256,8.933690840676599,17.897281646728516,-4.7963112592697144e-08,1.9211347103118896,2.260789394378662,3.881171703338623,0.19043578207492828
182,uav_trajectory,2.9639340937137603e-08,5.1092366695404055,20.21109619140625,0.0,714.7345275878906,-0.04522386193275452,0.7787044048309326,11.731020337899526,10.735287777549251,18.329599380493164,-2.8870999813079834e-08,2.250005006790161,2.6099979877471924,3.2403576374053955,0.18082907795906067
182,jammer_beamformer,1.3038516044616698e-09,3.7930609703063967,55.43339385986328,0.0,123.1536033630371,-0.01791461743414402,0.6841352581977844,7.26161473316513,8.353279822862069,16.173006057739258,1.1641532182693481e-09,1.9572360515594482,2.0626304149627686,3.7671384811401367,0.17686308920383453
183,bs_beamformer,1.1478550732135773e-07,11.930534172058106,55.24903678894043,0.0,234.46493225097657,-0.22734758257865906,0.8025901317596436,8.050042679548264,8.95855504268055,17.025238037109375,-1.1594966053962708e-07,2.2717626094818115,1.8383156061172485,3.9082934856414795,0.19183601438999176
183,uav_trajectory,-3.5855919122695924e-09,6.290354299545288,20.20517921447754,0.0,475.3394012451172,0.0201825350522995,0.7700853943824768,11.807978691021601,10.81163243055188,17.963329315185547,3.725290298461914e-09,2.3007521629333496,3.3948731422424316,3.2552506923675537,0.18158447742462158
183,jammer_beamformer,1.1175870895385742e-09,4.3344473361969,55.403541564941406,0.0,108.66991653442383,0.0057394839823246,0.7660530805587769,7.139930254049599,8.261046246983216,15.936285018920898,-9.313225746154785e-10,2.031998634338379,2.386399507522583,3.800354480743408,0.17846710979938507
184,bs_beamformer,-2.621673047542572e-08,3.951386570930481,55.23544540405273,0.0,126.63310317993164,-0.08000071346759796,0.7343752384185791,8.226654637157917,9.122521135179328,17.713287353515625,2.852175384759903e-08,2.0457115173339844,2.2928638458251953,3.926210403442383,0.1928001344203949
184,uav_trajectory,4.5169144868850705e-09,6.976725959777832,20.199070549011232,0.0,490.8271148681641,0.020114926621317863,0.6737940907478333,11.698553787310917,10.748424016508558,18.250978469848633,-3.958120942115784e-09,2.188713788986206,2.311229705810547,3.2689738273620605,0.18230991065502167
184,jammer_beamformer,-1.9138678908348084e-08,2.3931268453598022,55.36859703063965,0.0,103.95318222045898,-0.04616614431142807,0.6970609426498413,7.144463625202421,8.32763414789974,15.97463607788086,2.1420419216156006e-08,1.5667433738708496,3.58721923828125,3.8560070991516113,0.18133655190467834
185,bs_beamformer,9.59262251853943e-09,2.485923480987549,55.218131637573244,0.0,456.3390686035156,-0.10571695119142532,0.8045346140861511,8.153851283684373,9.087183175047096,17.52471923828125,-7.450580596923828e-09,1.521343469619751,2.4245543479919434,3.9543588161468506,0.19416894018650055
185,uav_trajectory,2.8312206268310546e-08,3.854563093185425,20.190909767150877,0.0,331.92694396972655,-0.04498148709535599,0.7242297530174255,11.571965764383474,10.806620028354471,18.238845825195312,-2.514570951461792e-08,1.9301902055740356,2.967487335205078,3.2867019176483154,0.18325519561767578
185,jammer_beamformer,1.1455267667770386e-08,2.878503513336182,55.33681182861328,0.0,167.4559585571289,-0.045437153428792953,0.7338161468505859,7.2071716239750385,8.43707757110924,17.210145950317383,-4.6566128730773926e-09,1.7243598699569702,3.0826828479766846,3.913921594619751,0.18447647988796234
186,bs_beamformer,1.257285475730896e-09,2.746575713157654,55.20143547058105,0.0,257.8827102661133,-0.05193733423948288,0.6701983213424683,8.3016065909639,9.222747475357698,18.414411544799805,-9.313225746154785e-10,1.584222674369812,2.1615679264068604,3.982099771499634,0.19552139937877655
186,uav_trajectory,4.7218054533004763e-08,4.387164163589477,20.181581878662108,0.0,541.1589416503906,-0.09941751509904861,0.7250143885612488,11.741894101103147,10.810842355835314,18.679506301879883,-4.6566128730773926e-08,2.1259937286376953,2.8685789108276367,3.3088927268981934,0.18443989753723145
186,jammer_beamformer,-1.0943040251731873e-08,2.1912025928497316,55.31489524841309,0.0,456.29144592285155,-0.06009991466999054,0.725183367729187,7.532375332996249,8.713159136929415,16.969385147094727,1.1175870895385742e-08,1.496536374092102,2.858954906463623,3.9584639072418213,0.186909481883049
187,bs_beamformer,5.848705768585205e-08,4.018203830718994,55.183569717407224,0.0,354.5094055175781,-0.06542636454105377,0.7049987316131592,8.461607385203243,9.34601378223459,18.738784790039062,-6.705522537231445e-08,2.0426645278930664,2.430053949356079,4.0085577964782715,0.1968976855278015
187,uav_trajectory,8.672941476106644e-09,5.225311326980591,20.172608375549316,0.0,474.1466461181641,-9.641144424676895e-05,0.7378904223442078,11.850571950217088,10.992394887973939,18.115530014038086,-7.2177499532699585e-09,2.047588586807251,2.367971420288086,3.3310048580169678,0.18565867841243744
187,jammer_beamformer,6.430782377719879e-08,4.421581983566284,55.2998764038086,0.0,294.36945190429685,-0.11714257299900055,0.7149823307991028,7.70843682095781,8.894229804093957,16.958772659301758,-6.426125764846802e-08,1.885574221611023,2.350604295730591,3.9857332706451416,0.1883932650089264
188,bs_beamformer,-2.4493783712387086e-08,4.2419812202453615,55.168526077270506,0.0,329.7437347412109,-0.05554422736167908,0.8025767207145691,8.395601384010165,9.35472642923074,17.932098388671875,2.514570951461792e-08,2.114497661590576,2.9248456954956055,4.031888961791992,0.1980765461921692
188,uav_trajectory,1.4388933777809142e-08,3.590183401107788,20.16529998779297,0.0,639.2761169433594,-0.12064088881015778,0.6161938309669495,12.01461464325587,11.060781697435818,18.808015823364258,-1.1641532182693481e-08,1.7742748260498047,2.8305399417877197,3.3499207496643066,0.18667098879814148
188,jammer_beamformer,1.4249235391616822e-08,2.0032991409301757,55.28036880493164,0.0,93.43046493530274,-0.04285377264022827,0.6286303400993347,7.69863034514524,8.935976442769578,16.81697654724121,-1.4435499906539917e-08,1.4614715576171875,2.440863847732544,4.01058292388916,0.18968307971954346
189,bs_beamformer,2.8964132070541383e-08,3.768341565132141,55.15036277770996,0.0,418.1634979248047,-0.030792515724897385,0.7056201100349426,8.716377890639007,9.550551467389791,17.524166107177734,-2.7939677238464355e-08,1.9013742208480835,3.014402151107788,4.055105686187744,0.19920243322849274
189,uav_trajectory,6.426125764846802e-09,4.380604839324951,20.15956268310547,0.0,710.9568603515625,-0.02298074960708618,0.8032996654510498,12.106277222951253,11.152339353153039,18.6688289642334,-1.1641532182693481e-09,1.9642971754074097,2.674518585205078,3.3652284145355225,0.18747763335704803
189,jammer_beamformer,-1.080334186553955e-08,4.458256673812866,55.25419235229492,0.0,177.24190521240234,-0.001737453043460846,0.7351564764976501,7.882122999351472,9.061356611518441,17.636497497558594,3.4924596548080444e-09,2.0609662532806396,2.5397744178771973,4.050869941711426,0.19169136881828308
190,bs_beamformer,3.91155481338501e-09,3.9523901462554933,55.12751388549805,0.0,175.51390533447267,-0.010505011305212975,0.7310041189193726,8.58957275854796,9.50994207203355,18.010053634643555,-4.6566128730773926e-09,1.7350287437438965,3.0407211780548096,4.080100059509277,0.2004442811012268
190,uav_trajectory,-2.209562808275223e-08,3.3113242387771606,20.153615951538086,0.0,448.0935882568359,-0.07181334495544434,0.7393595576286316,12.111964798728625,11.151602382872957,19.46795654296875,2.514570951461792e-08,1.8654217720031738,3.438478946685791,3.3783061504364014,0.1881995052099228
190,jammer_beamformer,1.30385160446167e-08,6.362773799896241,55.22430686950683,0.0,135.38243865966797,-0.051738109439611435,0.6997308731079102,7.883008348371834,9.117425342381209,16.931604385375977,-1.6065314412117004e-08,2.595302104949951,2.4041614532470703,4.096168518066406,0.1939917951822281
191,bs_beamformer,-9.080395102500916e-09,2.3546091318130493,55.094548034667966,0.0,516.492709350586,-0.06433425098657608,0.6569351553916931,8.67525581837073,9.591456233192018,18.1712646484375,1.210719347000122e-08,1.575687050819397,2.414100170135498,4.123559951782227,0.20264118909835815
191,uav_trajectory,-7.622875273227691e-08,3.2362109184265138,20.145349502563477,0.0,319.62232360839846,-0.12705375254154205,0.6593594551086426,12.057366581221421,11.182099733639564,18.47853660583496,7.543712854385376e-08,1.6231423616409302,2.5900630950927734,3.394605875015259,0.18911071121692657
191,jammer_beamformer,3.129243850708008e-08,1.9141809582710265,55.18766326904297,0.0,379.7238433837891,-0.03618072718381882,0.6773329973220825,8.034098301898688,9.239393107261833,17.0814208984375,-3.166496753692627e-08,1.4200873374938965,3.613990545272827,4.149948596954346,0.19685490429401398
192,bs_beamformer,2.1886080503463745e-08,8.021747159957886,55.07443809509277,0.0,256.9506805419922,0.03165420517325401,0.7775405645370483,9.038973267640918,9.849119120850935,18.08673667907715,-2.1653249859809875e-08,2.4866490364074707,3.222662925720215,4.16057014465332,0.2044852077960968
192,uav_trajectory,-9.406358003616333e-09,2.8438409566879272,20.135978507995606,0.0,568.9630859375,-0.07739333808422089,0.706629753112793,12.525629051844279,11.403895711308554,19.02385902404785,1.3969838619232178e-08,1.7215064764022827,2.937471389770508,3.4162538051605225,0.1903505176305771
192,jammer_beamformer,-1.2526288628578185e-08,6.210884284973145,55.164842224121095,0.0,564.3046630859375,-0.04660305753350258,0.7416062951087952,8.438534320984036,9.543091909519058,16.937416076660156,1.5366822481155396e-08,2.57798171043396,2.9885852336883545,4.193793773651123,0.19917869567871094
193,bs_beamformer,2.0395964384078978e-08,3.7642677783966065,55.054937744140624,0.0,171.38327026367188,-0.030860736966133118,0.6761177778244019,8.92944553950429,9.768832950975597,19.04293441772461,-1.932494342327118e-08,1.9061063528060913,2.412144422531128,4.187715530395508,0.20576433837413788
193,uav_trajectory,4.0140002965927125e-08,2.226056671142578,20.12683162689209,0.0,571.0726318359375,-0.1036674752831459,0.6846945285797119,12.527109679778418,11.457180084918035,19.809236526489258,-4.936009645462036e-08,1.5482187271118164,2.4547507762908936,3.4382240772247314,0.19156625866889954
193,jammer_beamformer,1.434236764907837e-08,3.4697269439697265,55.15294761657715,0.0,1060.46748046875,0.013653319329023361,0.6692348718643188,8.247516110524534,9.40814778241555,17.71282196044922,-9.313225746154785e-09,1.7963999509811401,3.8672280311584473,4.218647003173828,0.20044519007205963
194,bs_beamformer,-1.825392246246338e-08,6.368566179275513,55.027536392211914,0.0,258.20982971191404,0.037905916571617126,0.7524847388267517,8.638484258063137,9.644481012333706,19.015745162963867,1.6763806343078613e-08,1.8254270553588867,2.6006925106048584,4.226134777069092,0.20757482945919037
194,uav_trajectory,4.414469003677368e-08,4.009256219863891,20.119518852233888,0.0,615.6923553466797,-0.08909857273101807,0.7000877261161804,12.17423736256361,11.323022546826166,19.774150848388672,-4.377216100692749e-08,2.032907724380493,2.144292116165161,3.457979440689087,0.19260960817337036
194,jammer_beamformer,-8.475035429000854e-09,2.6602488279342653,55.14259376525879,0.0,90.345849609375,-0.1005263477563858,0.7038304209709167,8.021621083755047,9.299241778727986,17.186031341552734,1.0244548320770264e-08,1.4112404584884644,2.4867072105407715,4.233330726623535,0.20120832324028015
195,bs_beamformer,1.4854595065116882e-08,4.123189210891724,55.005672454833984,0.0,223.21857757568358,0.008568261750042439,0.6792678236961365,8.726326479636132,9.715677212218493,18.341716766357422,-1.5832483768463135e-08,1.5983518362045288,2.823394536972046,4.2607502937316895,0.20930948853492737
195,uav_trajectory,1.0011717677116394e-08,2.1465091705322266,20.112804985046388,0.0,503.4396514892578,-0.0911196768283844,0.690321683883667,12.367994767447312,11.442426734752273,18.952335357666016,-8.381903171539307e-09,1.4528827667236328,3.7555553913116455,3.4751644134521484,0.19351644814014435
195,jammer_beamformer,2.4028122425079346e-08,3.2195566177368162,55.126749420166014,0.0,599.3148864746094,-0.026271605864167213,0.7134563326835632,8.193215422103181,9.457744630819118,18.852689743041992,-2.7939677238464355e-08,1.767242193222046,2.7286112308502197,4.259430408477783,0.20268017053604126
196,bs_beamformer,-9.872019290924072e-09,2.50516197681427,54.9864616394043,0.0,806.1416015625,-0.0488356351852417,0.6191238164901733,8.71525823073089,9.760896701125052,18.29586410522461,8.381903171539307e-09,1.6310451030731201,2.8987298011779785,4.291073322296143,0.21091203391551971
196,uav_trajectory,1.6926787793636323e-08,3.305786299705505,20.106269454956056,0.0,452.6858642578125,-0.07532980293035507,0.7121845483779907,12.131201431393624,11.444112232857307,18.637435913085938,-1.30385160446167e-08,1.8549401760101318,3.0742380619049072,3.490478754043579,0.1943729668855667
196,jammer_beamformer,1.434236764907837e-08,4.842714166641235,55.113167190551756,0.0,233.46884002685547,-0.04658941179513931,0.7004725933074951,8.06448707556352,9.407423039064737,18.452238082885742,-1.1641532182693481e-08,2.2262985706329346,3.1403684616088867,4.283493518829346,0.20404992997646332
197,bs_beamformer,-1.4994293451309205e-08,9.16083059310913,54.97158508300781,0.0,402.0104095458984,0.0640466958284378,0.850788950920105,9.28492906307429,10.179516054966411,19.541109085083008,1.4901161193847656e-08,2.602902889251709,2.6548895835876465,4.314987659454346,0.21212098002433777
197,uav_trajectory,3.8929283618927e-08,3.1662381172180174,20.0975191116333,0.0,406.585595703125,-0.0566917359828949,0.7065067291259766,12.709139888525009,11.634377038183782,19.12434196472168,-3.4458935260772705e-08,1.8274952173233032,3.757800340652466,3.507666826248169,0.19537101686000824
197,jammer_beamformer,1.3411045074462891e-08,2.436053013801575,55.09591064453125,0.0,147.03540420532227,-0.02670121192932129,0.7045307755470276,8.63621304781735,9.78381334447694,18.021108627319336,-1.3737007975578308e-08,1.5376242399215698,2.877544403076172,4.306845664978027,0.20529931783676147
198,bs_beamformer,7.450580596923829e-10,2.141400623321533,54.95074806213379,0.0,181.91648559570314,-0.03259200602769852,0.7393275499343872,9.475654162006453,10.320729575979959,19.747314453125,-5.587935447692871e-09,1.4264063835144043,3.7674012184143066,4.339298725128174,0.21337006986141205
198,uav_trajectory,4.479661583900452e-08,5.365340042114258,20.08793411254883,0.0,631.0793762207031,-0.124069944024086,0.697503387928009,12.96565004992485,11.776669698645652,20.373729705810547,-3.771856427192688e-08,2.2266428470611572,2.4066059589385986,3.5291810035705566,0.19660915434360504
198,jammer_beamformer,2.759043127298355e-08,3.146490478515625,55.07233924865723,0.0,202.3526138305664,-0.05884242802858353,0.7342042922973633,8.752101795626805,9.905803961273934,18.197465896606445,-2.468004822731018e-08,1.8408480882644653,3.6362528800964355,4.3411030769348145,0.20701219141483307
199,bs_beamformer,-4.796311259269715e-09,3.9215219497680662,54.92356224060059,0.0,335.74086303710936,-0.03137838467955589,0.7134517431259155,9.615520743422211,10.432582906431147,19.58673095703125,-3.725290298461914e-09,1.9378175735473633,2.516860246658325,4.377254009246826,0.21540488302707672
199,uav_trajectory,-1.871958374977112e-08,5.741382312774658,20.07985496520996,0.0,393.3755737304688,-0.07094766199588776,0.7557488083839417,13.031942063570023,11.87381178768996,19.770122528076172,2.2351741790771484e-08,2.4395956993103027,2.7497098445892334,3.5480310916900635,0.19764025509357452
199,jammer_beamformer,-3.282912075519562e-08,3.579767346382141,55.045584487915036,0.0,136.33531341552734,-0.037286777049303055,0.7596610188484192,8.846317231236025,10.01557437983581,17.894550323486328,2.7008354663848877e-08,1.9387116432189941,2.9212565422058105,4.383913516998291,0.20925183594226837
200,bs_beamformer,6.752088665962219e-08,3.1478347539901734,54.899156951904295,0.0,153.9236083984375,-0.09085487574338913,0.6458791494369507,9.512116199400277,10.417950419249376,19.242454528808594,-6.705522537231445e-08,1.7749595642089844,2.682732343673706,4.413821220397949,0.21732233464717865
200,uav_trajectory,5.401670932769775e-09,1.2781419634819031,20.068807792663574,0.0,358.2959350585937,-0.06509604305028915,0.714356005191803,12.990527792453765,11.852594798635636,19.63762664794922,-1.210719347000122e-08,1.227919578552246,3.76855731010437,3.567082405090332,0.1986415684223175
200,jammer_beamformer,-1.2665987014770507e-08,2.9100375890731813,55.01354141235352,0.0,97.56637191772461,-0.06883195042610168,0.7783999443054199,8.841683909956366,10.065797017865343,18.47412872314453,1.7695128917694092e-08,1.7045564651489258,2.584430456161499,4.430419921875,0.21168234944343567
201,bs_beamformer,2.9685907065868378e-08,8.6190899848938,54.86717300415039,0.0,410.9156219482422,0.05650234594941139,0.7653773427009583,9.507699821159244,10.432919386111736,19.175500869750977,-3.119930624961853e-08,2.3895461559295654,2.5592215061187744,4.455000400543213,0.2194182425737381
201,uav_trajectory,-4.540197551250458e-09,3.9675372838974,20.05380916595459,0.0,400.5446014404297,-0.004291938617825508,0.7078208923339844,13.138829261938731,11.988803992442818,19.377145767211914,9.313225746154785e-10,1.7412855625152588,3.6824026107788086,3.599409818649292,0.20037595927715302
201,jammer_beamformer,4.658941179513931e-08,3.843251442909241,54.980586242675784,0.0,398.9991119384766,-0.10546384006738663,0.6296234130859375,9.02598529231921,10.246108888328608,18.10821533203125,-4.6100467443466187e-08,1.8521384000778198,2.79213809967041,4.486293792724609,0.2145753800868988
202,bs_beamformer,2.0675361156463622e-08,6.045429801940918,54.840697860717775,0.0,355.95464782714845,-0.0739789828658104,0.7023525834083557,9.587880405761302,10.536821418804376,19.048280715942383,-2.514570951461792e-08,2.49552059173584,1.8043955564498901,4.495385646820068,0.2215285301208496
202,uav_trajectory,8.614733815193176e-08,1.6581600904464722,20.040246200561523,0.0,509.8276641845703,-0.10267770290374756,0.6630205512046814,13.36069239572684,12.174487143264114,20.04722785949707,-8.149072527885437e-08,1.339271068572998,2.805284023284912,3.634446859359741,0.20229171216487885
202,jammer_beamformer,8.195638656616212e-09,2.3418307304382324,54.956550979614256,0.0,328.9228149414063,-0.03993704915046692,0.6862877607345581,9.151304833726957,10.3871030197675,18.12575340270996,-5.122274160385132e-09,1.5785059928894043,3.045912981033325,4.530325412750244,0.21687735617160797
203,bs_beamformer,2.16066837310791e-08,2.630954694747925,54.8201904296875,0.0,390.79173278808594,-0.03787551075220108,0.8061431050300598,9.829494445153513,10.690664078890286,19.480045318603516,-1.862645149230957e-08,1.6766607761383057,2.5159034729003906,4.526336669921875,0.22311393916606903
203,uav_trajectory,4.19793650507927e-08,4.513935899734497,20.02901134490967,0.0,759.6217529296875,-0.08044754713773727,0.5885350108146667,13.383844241261482,12.218302365570217,20.167037963867188,-4.0046870708465576e-08,2.1652047634124756,1.8424279689788818,3.66386342048645,0.2039252072572708
203,jammer_beamformer,2.207234501838684e-08,2.9034828901290894,54.93893585205078,0.0,937.5709045410156,-0.0760909914970398,0.6694005727767944,9.253022847741843,10.446632627647071,18.413166046142578,-2.421438694000244e-08,1.6938945055007935,2.852572441101074,4.562400817871094,0.21857547760009766
204,bs_beamformer,3.3061951398849486e-09,5.139593267440796,54.80246543884277,0.0,525.318896484375,0.00631759874522686,0.8290444016456604,9.883142263866961,10.759744501818854,19.08156394958496,-7.450580596923828e-09,2.2580583095550537,2.744046211242676,4.552902698516846,0.22446087002754211
204,uav_trajectory,-5.802139639854431e-08,2.41795494556427,20.01992530822754,0.0,613.0762939453125,-0.06497613340616226,0.65625,13.706570560733477,12.381334848631573,20.383926391601562,5.029141902923584e-08,1.592259407043457,2.5378589630126953,3.6861212253570557,0.20515067875385284
204,jammer_beamformer,-1.5832483768463134e-09,8.844924259185792,54.92762451171875,0.0,410.1505920410156,0.04929780215024948,0.8274695873260498,9.307209776833654,10.48604393869569,18.596155166625977,-4.656612873077393e-10,2.6122658252716064,2.700385808944702,4.583554744720459,0.21967573463916779
205,bs_beamformer,5.704350769519806e-09,6.113826513290405,54.78550567626953,0.0,520.1925445556641,-0.132508784532547,0.675145149230957,7.565214090377093,9.022472478938207,19.408893585205078,-7.2177499532699585e-09,2.3417747020721436,2.148090124130249,4.578411102294922,0.2257874310016632
205,uav_trajectory,-3.25031578540802e-08,2.888702464103699,20.0119197845459,0.0,620.6819000244141,-0.03600134328007698,0.6363274455070496,9.569192777653535,10.733137339520495,20.511756896972656,2.9802322387695312e-08,1.6903541088104248,2.709700107574463,3.7051987648010254,0.20618242025375366
205,jammer_beamformer,-2.8638169169425966e-09,5.334623908996582,54.91605491638184,0.0,380.810400390625,-0.022370480000972748,0.7420504689216614,6.181587182592135,8.35631545658297,18.264787673950195,1.862645149230957e-09,2.353597402572632,2.685904026031494,4.601229667663574,0.22057926654815674
206,bs_beamformer,4.076864570379257e-08,4.435121011734009,54.768070220947266,0.0,170.32950897216796,-0.09062221646308899,0.78959059715271,9.780818731032312,10.77859494457027,20.381975173950195,-4.190951585769653e-08,2.0763933658599854,2.043116807937622,4.59953498840332,0.22686250507831573
206,uav_trajectory,1.0849907994270325e-08,3.541544771194458,20.00559196472168,0.0,1275.5317626953124,-0.027078015729784966,0.6715297102928162,13.239894293367863,12.321715644697742,20.18431854248047,-1.0710209608078003e-08,1.7384144067764282,2.7045841217041016,3.722928524017334,0.20712965726852417
206,jammer_beamformer,6.891787052154541e-09,5.009403419494629,54.90427703857422,0.0,807.6609985351563,-0.014852948486804962,0.7370626926422119,8.885592952877284,10.269653151182839,18.380054473876953,-9.778887033462524e-09,2.2014598846435547,2.4801108837127686,4.622106075286865,0.2216958999633789
207,bs_beamformer,-1.9883736968040468e-08,5.039221572875976,54.73882141113281,0.0,519.4283386230469,0.014102933928370476,0.7901142835617065,9.935395800039172,10.92386283147711,20.121397018432617,1.3969838619232178e-08,2.039586305618286,2.303511619567871,4.636066436767578,0.22873874008655548
207,uav_trajectory,-3.5157427191734313e-09,1.3617456197738647,20.000632095336915,0.0,921.293896484375,-0.07504160702228546,0.6118510961532593,13.738795772612095,12.49508866749446,20.072391510009766,1.0244548320770264e-08,1.2099255323410034,3.075802803039551,3.7365856170654297,0.20783554017543793
207,jammer_beamformer,2.0978040993213652e-08,10.423799419403077,54.895714569091794,0.0,736.810205078125,0.09439694881439209,0.7911900281906128,9.2986284563113,10.559830314641923,18.398595809936523,-2.2817403078079224e-08,2.5054163932800293,1.867809534072876,4.637807846069336,0.222577303647995
208,bs_beamformer,5.075708031654358e-09,3.0485277652740477,54.71765327453613,0.0,832.8772155761719,0.009221408516168594,0.6751399636268616,5.735742873944342,7.361327461232936,19.96672821044922,-8.381903171539307e-09,1.3049964904785156,2.9602200984954834,4.673224925994873,0.23062977194786072
208,uav_trajectory,4.959292709827423e-08,3.2113070249557496,19.99440269470215,0.0,652.4705078125,-0.0500200092792511,0.6993662118911743,6.610740030402939,8.973356934882112,19.912694931030273,-4.563480615615845e-08,1.7958439588546753,1.9838550090789795,3.749701976776123,0.2085350751876831
208,jammer_beamformer,-1.825392246246338e-08,1.9266502499580382,54.88838768005371,0.0,281.9628372192383,-0.030820034444332123,0.7115525007247925,4.030984570800327,6.5141785181486345,17.81350326538086,1.1175870895385742e-08,1.3788559436798096,3.120882987976074,4.647441387176514,0.22313013672828674
209,bs_beamformer,-5.611218512058258e-09,4.362845945358276,54.7032413482666,0.0,194.9060043334961,-0.016498198732733727,0.7283775806427002,7.345626980885863,9.088046143782224,20.218740463256836,3.725290298461914e-09,2.0942275524139404,2.1843767166137695,4.695695400238037,0.23173290491104126
209,uav_trajectory,-1.0582152754068375e-08,5.779753494262695,19.9868371963501,0.0,572.4141082763672,0.02251628041267395,0.7564996480941772,10.005092667922378,11.048503236701256,21.50326156616211,9.778887033462524e-09,1.9416106939315796,2.268390655517578,3.7657408714294434,0.20940901339054108
209,jammer_beamformer,1.3504177331924438e-08,3.100162696838379,54.87482681274414,0.0,770.0237060546875,-0.014735151082277298,0.8123764395713806,6.652858551635407,8.786493899651694,18.0855655670166,-2.2351741790771484e-08,1.7458910942077637,3.0574162006378174,4.664449214935303,0.224046528339386
210,bs_beamformer,1.4482066035270692e-08,4.418917322158814,54.68284111022949,0.0,353.91094665527345,-0.00827559269964695,0.6517241597175598,8.58382519957237,9.790624496459701,19.899612426757812,-1.210719347000122e-08,2.0566627979278564,1.9577096700668335,4.722537040710449,0.2331775426864624
210,uav_trajectory,-1.2014061212539673e-08,10.355021762847901,19.97898750305176,0.0,636.4851989746094,0.05743969604372978,0.7878035306930542,10.801112596422433,11.436807308917588,21.743818283081055,1.3969838619232178e-08,2.5285041332244873,2.776216506958008,3.7818470001220703,0.2103343904018402
210,jammer_beamformer,7.310882210731506e-09,2.908772921562195,54.86355285644531,0.0,440.9573577880859,-0.024264192208647728,0.6952614188194275,7.164106132954359,9.176167860484885,18.605321884155273,-5.587935447692871e-09,1.6922473907470703,3.1353189945220947,4.682486534118652,0.22504004836082458
211,bs_beamformer,-2.253800630569458e-08,2.9056109189987183,54.65966796875,0.0,527.193960571289,-0.03454940766096115,0.7263866066932678,6.833436669435352,8.585625740752635,19.572280883789062,2.1420419216156006e-08,1.6998822689056396,3.013477087020874,4.757247447967529,0.23504111170768738
211,uav_trajectory,9.685754776000977e-09,5.229112195968628,19.969851684570312,0.0,709.987939453125,-0.00010778848081827164,0.7047348618507385,8.674854150215785,10.426555222978568,20.369455337524414,-6.51925802230835e-09,2.094036817550659,2.510742664337158,3.8023252487182617,0.21155665814876556
211,jammer_beamformer,2.016313374042511e-08,2.760654664039612,54.85309829711914,0.0,306.6549774169922,-0.058408405631780624,0.6746021509170532,5.790680011957884,8.097505791351088,18.35400390625,-1.7695128917694092e-08,1.6206536293029785,2.5626003742218018,4.697919845581055,0.2258886992931366
212,bs_beamformer,1.2526288628578185e-08,4.619413805007935,54.63706893920899,0.0,180.08671875,0.02572130411863327,0.671952486038208,10.394792491350323,11.306940365117317,20.318572998046875,-1.4435499906539917e-08,1.7762675285339355,2.7500104904174805,4.787215232849121,0.23666438460350037
212,uav_trajectory,2.137385308742523e-08,4.342708730697632,19.96225528717041,0.0,610.4999481201172,0.03453992307186127,0.738366425037384,14.096308058897653,12.817684579526789,20.15927505493164,-2.421438694000244e-08,1.331726312637329,2.8796305656433105,3.8234407901763916,0.21277134120464325
212,jammer_beamformer,9.313225746154785e-09,5.737876319885254,54.83846435546875,0.0,149.65627899169922,0.004866046831011772,0.7432215809822083,9.643350972171874,10.835982981018047,18.714736938476562,-1.5832483768463135e-08,2.302232503890991,2.598856210708618,4.715612888336182,0.22688698768615723
213,bs_beamformer,-8.149072527885437e-09,5.72758994102478,54.60390167236328,0.0,293.0024154663086,0.06590887159109116,0.7343413233757019,9.225495419882238,10.543921147071371,19.566465377807617,1.30385160446167e-08,1.757039189338684,3.041141986846924,4.833995819091797,0.2391979694366455
213,uav_trajectory,-9.778887033462524e-09,4.9087566375732425,19.95429935455322,0.0,656.4955993652344,-0.01794448494911194,0.7243232727050781,12.37130033604304,12.256125495235576,20.290409088134766,7.450580596923828e-09,2.195317506790161,2.957486867904663,3.843595504760742,0.21390368044376373
213,jammer_beamformer,4.0140002965927125e-08,6.856753921508789,54.816507720947264,0.0,631.7179626464844,-0.07450930774211884,0.6792489886283875,8.560833158954978,10.147671163331943,18.90568733215332,-3.4458935260772705e-08,2.5753772258758545,2.094963788986206,4.748385906219482,0.22865183651447296
214,bs_beamformer,8.172355592250824e-09,3.520643472671509,54.576229858398435,0.0,241.88994598388672,-0.05868171900510788,0.6864379644393921,10.443595572449267,11.448175654230203,21.174776077270508,-6.984919309616089e-09,1.9373106956481934,3.062955617904663,4.882080078125,0.24177460372447968
214,uav_trajectory,1.909211277961731e-08,3.469776749610901,19.944615364074707,0.0,535.0898284912109,-0.025328388437628746,0.76314377784729,13.78966687397162,12.850102119974606,20.704992294311523,-1.5832483768463135e-08,1.7822462320327759,3.305392026901245,3.8655378818511963,0.21517810225486755
214,jammer_beamformer,-1.1292286217212676e-09,1.9362729787826538,54.80136375427246,0.0,389.3830230712891,-0.0202670618891716,0.6597644686698914,9.509819672893732,10.844411118065446,18.784332275390625,-9.313225746154785e-10,1.390153169631958,3.4211835861206055,4.7783308029174805,0.23019884526729584
215,bs_beamformer,6.030313670635223e-09,3.8488261699676514,54.54875869750977,0.0,471.12498168945314,0.0008130008354783058,0.7284156680107117,10.41251822700817,11.471445882664545,20.437740325927734,-6.51925802230835e-09,1.837498664855957,3.248061180114746,4.9284820556640625,0.24422124028205872
215,uav_trajectory,1.3690441846847534e-08,5.741162538528442,19.93394527435303,0.0,884.5051635742187,0.0012127645313739777,0.6674826145172119,13.871580948161583,12.853420366598897,21.44693374633789,-1.1175870895385742e-08,2.121161699295044,2.309690237045288,3.890866994857788,0.21669301390647888
215,jammer_beamformer,-1.2665987014770507e-08,2.9387373685836793,54.78931198120117,0.0,595.4056457519531,-0.07174920290708542,0.6814773082733154,9.41351340050809,10.801228979071805,19.179672241210938,1.5832483768463135e-08,1.625631332397461,2.558248996734619,4.7990498542785645,0.23123542964458466
216,bs_beamformer,-8.149072527885437e-09,2.6566651582717897,54.52369003295898,0.0,174.95647125244142,-0.032237887382507324,0.6738641858100891,10.670100932333618,11.687610146158741,20.87774658203125,6.28642737865448e-09,1.6048774719238281,2.585578680038452,4.966192722320557,0.24622242152690887
216,uav_trajectory,1.1315569281578064e-08,5.810050678253174,19.926103782653808,0.0,424.81496276855466,0.01324900146573782,0.7431167960166931,14.034834265013536,12.929113349383506,20.7304744720459,-1.3504177331924438e-08,2.0910263061523438,2.104555606842041,3.910372257232666,0.2178662121295929
216,jammer_beamformer,-7.264316082000732e-09,5.177227401733399,54.77945976257324,0.0,1894.4588745117187,-0.12263321876525879,0.6176850199699402,9.422735389590263,10.76516335712437,19.711669921875,7.450580596923828e-09,1.8007283210754395,2.5355453491210938,4.816736698150635,0.23212945461273193
217,bs_beamformer,-1.6763806343078614e-09,1.6810736179351806,54.493861770629884,0.0,492.4820495605469,-0.02878117561340332,0.6745441555976868,10.71274288802594,11.747191687502358,20.5189151763916,1.3969838619232178e-09,1.250097632408142,3.3033666610717773,5.010751247406006,0.24855509400367737
217,uav_trajectory,1.1688098311424256e-08,4.843436145782471,19.918606185913085,0.0,755.3319091796875,-0.09365233778953552,0.7321043610572815,14.178769765039284,13.045980830272088,21.127050399780273,-9.313225746154785e-09,2.2106430530548096,2.589939832687378,3.930007219314575,0.21898779273033142
217,jammer_beamformer,-3.241002559661865e-08,2.9507928609848024,54.77295608520508,0.0,625.1055908203125,-0.08797794580459595,0.6350200772285461,9.428248428417369,10.777944781369824,19.530540466308594,3.119930624961853e-08,1.5857806205749512,2.3218727111816406,4.82772159576416,0.23271851241588593
218,bs_beamformer,3.9278529584407804e-08,4.152466726303101,54.47360343933106,0.0,291.2286773681641,-0.12735675275325775,0.7451684474945068,10.869528351873159,11.876903276535113,21.400300979614258,-4.237517714500427e-08,1.8006049394607544,2.8874764442443848,5.047051429748535,0.2504352629184723
218,uav_trajectory,3.688037395477295e-08,5.783320760726928,19.911907577514647,0.0,646.7801025390625,0.04398792237043381,0.7058923840522766,14.436274841070174,13.190469644603432,20.516082763671875,-3.91155481338501e-08,1.8248146772384644,3.0553619861602783,3.9485199451446533,0.22002293169498444
218,jammer_beamformer,-1.0075746104121208e-08,4.418873023986817,54.76532096862793,0.0,306.2654754638672,-0.05879081040620804,0.6769006252288818,9.613286053732503,10.932199087993771,18.779861450195312,7.916241884231567e-09,2.1596555709838867,2.1433064937591553,4.836670875549316,0.23323535919189453
219,bs_beamformer,-6.263144314289093e-09,4.053117179870606,54.45313491821289,0.0,195.53699493408203,-0.04308277368545532,0.7149691581726074,10.89264100490883,11.942213031363778,21.130151748657227,7.916241884231567e-09,2.0385050773620605,2.8177316188812256,5.076252460479736,0.2519860565662384
219,uav_trajectory,2.0349398255348207e-08,4.9001789569854735,19.90374755859375,0.0,650.872119140625,-0.033699922263622284,0.6968472003936768,14.443277612686158,13.22023198326994,21.550615310668945,-2.421438694000244e-08,2.2328503131866455,2.749070644378662,3.9687960147857666,0.22117061913013458
219,jammer_beamformer,3.548339009284973e-08,3.3791427612304688,54.749952697753905,0.0,270.9646560668945,-0.05580882728099823,0.7403028011322021,9.7761701326482,11.10271841376317,19.602128982543945,-3.4458935260772705e-08,1.8797986507415771,2.8523807525634766,4.853209495544434,0.23415179550647736
220,bs_beamformer,-2.8475187718868255e-08,2.5824732303619387,54.435671997070315,0.0,857.4563842773438,-0.0861692875623703,0.6878361105918884,10.539431998800486,11.734973623347722,21.12751007080078,2.8405338525772095e-08,1.4459553956985474,2.885146379470825,5.108877658843994,0.2537895143032074
220,uav_trajectory,-3.329478204250336e-08,6.629976749420166,19.894580078125,0.0,646.1116149902343,0.07090366631746292,0.7868683338165283,13.784084508220355,13.057365183186903,21.161394119262695,3.166496753692627e-08,1.5483711957931519,2.3582630157470703,3.9914350509643555,0.22245627641677856
220,jammer_beamformer,-9.080395102500916e-09,4.414156103134156,54.720089721679685,0.0,238.6486068725586,-0.02516476809978485,0.7768086791038513,9.399017626371235,10.921316469980995,19.294654846191406,1.0011717677116394e-08,2.119549036026001,2.208531618118286,4.888463973999023,0.23606450855731964
221,bs_beamformer,1.30385160446167e-08,3.55989248752594,54.42544250488281,0.0,520.462271118164,0.013062695972621441,0.7666241526603699,11.171521382061764,12.183598614316415,21.10400390625,-1.0244548320770264e-08,1.6301794052124023,2.5885348320007324,5.13259220123291,0.25507912039756775
221,uav_trajectory,-1.5925616025924684e-08,4.386090564727783,19.886409950256347,0.0,783.9735595703125,-0.01502578891813755,0.8121551275253296,14.626452467679977,13.338766798004032,21.65532112121582,1.30385160446167e-08,2.057781934738159,3.3906588554382324,4.012365341186523,0.22367773950099945
221,jammer_beamformer,1.3178214430809021e-08,3.0995601654052733,54.692653274536134,0.0,470.92885131835936,0.002170126885175705,0.6881935596466064,10.131640165472403,11.436496299969637,20.006099700927734,-1.210719347000122e-08,1.6222857236862183,2.590698719024658,4.9301371574401855,0.23831535875797272
222,bs_beamformer,3.296881914138794e-08,1.7002793908119203,54.413321304321286,0.0,246.22322998046874,-0.0543094202876091,0.7150801420211792,11.152995720647276,12.156437735373357,20.99977684020996,-2.8870999813079834e-08,1.3186655044555664,3.513674020767212,5.149051666259766,0.2559232711791992
222,uav_trajectory,-5.448237061500549e-08,4.0232799530029295,19.878755569458008,0.0,590.1738525390625,-0.10223354399204254,0.6870431900024414,14.647224604249,13.411118228864524,21.251256942749023,5.727633833885193e-08,1.9604288339614868,2.5457494258880615,4.030013561248779,0.22472912073135376
222,jammer_beamformer,1.621665433049202e-08,4.153151369094848,54.6721851348877,0.0,216.24197692871093,-0.01920643448829651,0.7312257885932922,10.23152079097554,11.514357418290766,20.153810501098633,-5.587935447692871e-09,1.9400497674942017,2.267664670944214,4.962188243865967,0.24003811180591583
223,bs_beamformer,1.057051122188568e-08,3.9912801504135134,54.388926315307614,0.0,735.2478637695312,-0.006352360360324383,0.7904079556465149,11.381821875058115,12.31100838819878,21.434064865112305,-1.234002411365509e-08,1.9656704664230347,2.7207624912261963,5.182575702667236,0.25760459899902344
223,uav_trajectory,-2.468004822731018e-09,4.746049547195435,19.869353675842284,0.0,638.5078796386719,-0.010098901577293873,0.7135481834411621,14.94399428455035,13.542148836083165,21.938095092773438,5.587935447692871e-09,2.0884947776794434,2.7498369216918945,4.050633430480957,0.2259473353624344
223,jammer_beamformer,-6.933696568012238e-08,5.221095895767212,54.64378356933594,0.0,1241.2158813476562,-0.08640645444393158,0.7722570896148682,10.66698316641897,11.855770069290497,19.606788635253906,6.705522537231445e-08,2.178224802017212,2.0620296001434326,4.997828006744385,0.2419549822807312
224,bs_beamformer,-8.149072527885437e-09,6.468316888809204,54.371062469482425,0.0,844.9002014160156,-0.048615310341119766,0.742536187171936,11.098602749731391,12.185198508327195,21.188167572021484,8.847564458847046e-09,2.5461294651031494,2.1916098594665527,5.216118335723877,0.2593713700771332
224,uav_trajectory,-8.288770914077759e-09,2.903929352760315,19.860470390319826,0.0,738.0325378417969,-0.057784248143434525,0.6840275526046753,14.786129384716352,13.590095229202712,21.84721565246582,1.210719347000122e-08,1.7737725973129272,2.091249465942383,4.074106693267822,0.22728724777698517
224,jammer_beamformer,-3.580935299396515e-08,2.800093388557434,54.62527198791504,0.0,846.4634094238281,-0.039354026317596436,0.6451563835144043,10.400054141059519,11.697906193586197,20.134628295898438,3.213062882423401e-08,1.7197571992874146,1.9226447343826294,5.02829122543335,0.2436015009880066
225,bs_beamformer,7.59027898311615e-09,2.612151789665222,54.355356216430664,0.0,233.7650344848633,-0.09476327151060104,0.6586893796920776,11.263034860800952,12.310205498913719,21.979562759399414,-1.909211277961731e-08,1.5272237062454224,2.8430700302124023,5.236732482910156,0.26052823662757874
225,uav_trajectory,-2.7008354663848877e-08,1.6777362942695617,19.853229141235353,0.0,650.9516052246094,-0.040442924946546555,0.654910683631897,14.739867382089297,13.532871367379935,22.303686141967773,2.7008354663848877e-08,1.3055399656295776,2.4734530448913574,4.093995571136475,0.22838377952575684
225,jammer_beamformer,-1.0197982192039489e-08,4.559895133972168,54.613603591918945,0.0,487.5563568115234,-0.008695108816027641,0.7290011048316956,10.51739972304739,11.783402748366429,20.239540100097656,1.210719347000122e-08,2.0873215198516846,2.714139699935913,5.046620845794678,0.24458031356334686
226,bs_beamformer,8.195638656616212e-09,4.144900703430176,54.335733032226564,0.0,509.30043640136716,-0.060352686792612076,0.7622095942497253,11.436306409806013,12.481606194624721,21.18112564086914,-1.0710209608078003e-08,2.071195602416992,1.7506345510482788,5.263216972351074,0.26199865341186523
226,uav_trajectory,-2.230517566204071e-08,4.293199586868286,19.845081520080566,0.0,818.2478637695312,-0.024738188832998276,0.8017978072166443,15.24309239780903,13.823372641014192,21.61515998840332,2.8870999813079834e-08,2.0543315410614014,2.393625497817993,4.113469123840332,0.22944223880767822
226,jammer_beamformer,-1.611188054084778e-08,4.3128249168396,54.606131362915036,0.0,919.9594116210938,-0.02355809509754181,0.7645359039306641,10.604442740991711,11.88325779234527,19.72559928894043,1.1175870895385742e-08,2.145723819732666,2.408693790435791,5.059632778167725,0.2452826350927353
227,bs_beamformer,2.216547727584839e-08,3.458271837234497,54.316276168823244,0.0,228.37184448242186,-0.08675650507211685,0.7556207776069641,11.367519555697218,12.449928195066938,22.29108428955078,-2.468004822731018e-08,1.8310747146606445,2.5669052600860596,5.290314197540283,0.2635017931461334
227,uav_trajectory,-5.261972546577454e-09,5.77452278137207,19.83726634979248,0.0,818.4000122070313,0.014739029109477997,0.7404670715332031,14.944957923094432,13.791331061964772,22.464630126953125,3.259629011154175e-09,2.1818220615386963,2.3456764221191406,4.133086204528809,0.23052236437797546
227,jammer_beamformer,-2.4959444999694825e-08,4.894348526000977,54.598287963867186,0.0,1609.4382080078126,-0.13491159677505493,0.672374963760376,10.330305586252361,11.724481817559745,20.145801544189453,2.421438694000244e-08,1.7455101013183594,2.6486709117889404,5.071930408477783,0.24592365324497223
228,bs_beamformer,2.544838935136795e-08,8.749155521392822,54.291577911376955,0.0,584.1942932128907,-0.12753982841968536,0.7797733545303345,11.79621391711384,12.724849290057278,21.648229598999023,-2.3283064365386963e-08,2.6670331954956055,2.346174478530884,5.3231425285339355,0.26529163122177124
228,uav_trajectory,4.7264620661735535e-08,1.9076820015907288,19.82837829589844,0.0,907.863818359375,-0.07166985422372818,0.6973180770874023,15.236062060872714,13.943773545442783,22.262386322021484,-4.889443516731262e-08,1.4293023347854614,2.7131073474884033,4.151504993438721,0.23153887689113617
228,jammer_beamformer,-1.2200325727462768e-08,7.263100004196167,54.592446899414064,0.0,751.7750427246094,-0.13318973779678345,0.6882580518722534,10.592585448678584,11.890288845924301,19.681804656982422,1.210719347000122e-08,2.4365286827087402,2.440490484237671,5.0822834968566895,0.2464355081319809
229,bs_beamformer,-4.98257577419281e-09,3.3211074590682985,54.2727108001709,0.0,784.4748901367187,-0.05927278846502304,0.6601480841636658,11.866686199568212,12.816788578556201,21.957107543945312,9.313225746154785e-09,1.842789888381958,2.7508678436279297,5.354854583740234,0.266949862241745
229,uav_trajectory,-6.225891411304473e-08,2.344331479072571,19.81922149658203,0.0,833.6410949707031,-0.09653931856155396,0.677623450756073,15.331296058634917,13.987544282539428,21.689796447753906,6.332993507385254e-08,1.4997364282608032,2.274033784866333,4.171727180480957,0.23265193402767181
229,jammer_beamformer,1.257285475730896e-08,3.172955274581909,54.58811874389649,0.0,1034.253466796875,-0.09588313102722168,0.726811945438385,10.52598588231206,11.82931435939419,20.05588150024414,-1.5832483768463135e-08,1.6422454118728638,2.2278316020965576,5.089838027954102,0.2467927783727646
230,bs_beamformer,1.9045546650886535e-08,1.9400723576545715,54.260033416748044,0.0,1087.54013671875,-0.048847656697034836,0.732010543346405,11.846768522219733,12.820497201310735,21.69585418701172,-1.4901161193847656e-08,1.4174718856811523,3.1401381492614746,5.37492561340332,0.2680164873600006
230,uav_trajectory,1.7695128917694092e-08,3.679038405418396,19.81046142578125,0.0,799.67822265625,-0.05736817792057991,0.6422443985939026,15.523526732504369,14.111786299447573,22.27614974975586,-2.0023435354232788e-08,1.948211908340454,2.2236649990081787,4.191511631011963,0.23372933268547058
230,jammer_beamformer,9.12696123123169e-09,2.974889898300171,54.58241958618164,0.0,706.4112609863281,-0.06533209979534149,0.6870012879371643,10.524199584787711,11.87129127071912,20.715986251831055,-7.450580596923828e-09,1.7213151454925537,3.6770782470703125,5.097084999084473,0.24716055393218994
231,bs_beamformer,-1.1548399925231934e-08,4.866481685638428,54.251942825317386,0.0,497.623828125,-0.07739660888910294,0.7555566430091858,11.901397133558989,12.837558371068955,21.922691345214844,8.614733815193176e-09,2.1853830814361572,2.205690383911133,5.387899398803711,0.268705278635025
231,uav_trajectory,1.4901161193847656e-08,10.556336593627929,19.80106143951416,0.0,614.3583435058594,0.0706804171204567,0.7893818616867065,15.356364033579826,14.09366925261001,22.004274368286133,-1.5832483768463135e-08,2.513880491256714,2.22542667388916,4.210257053375244,0.2347642332315445
231,jammer_beamformer,-2.0884908735752106e-08,4.941282463073731,54.5740665435791,0.0,837.3967590332031,0.014405697584152222,0.7613556981086731,10.705494770701975,11.967323247507544,19.718116760253906,1.909211277961731e-08,1.9980055093765259,2.4973647594451904,5.106741428375244,0.2476966232061386
232,bs_beamformer,7.543712854385376e-09,2.805035448074341,54.244730377197264,0.0,738.2630798339844,-0.015848878771066666,0.717200756072998,11.977052175432444,12.903067699936997,21.89617347717285,-1.30385160446167e-08,1.6376771926879883,2.6927311420440674,5.3993330001831055,0.26932045817375183
232,uav_trajectory,9.685754776000977e-09,3.694559931755066,19.790032577514648,0.0,658.5644653320312,-0.003262285143136978,0.7056429386138916,15.401922198037306,14.154916265844099,23.223819732666016,-9.778887033462524e-09,1.7120436429977417,2.5038387775421143,4.23251485824585,0.2360299676656723
232,jammer_beamformer,2.6682391762733458e-08,3.5404356479644776,54.565215301513675,0.0,850.268603515625,-0.05256280303001404,0.6927632689476013,10.730504581265151,11.997829345555552,20.732019424438477,-2.7008354663848877e-08,1.9183218479156494,2.223759412765503,5.1180291175842285,0.24832548201084137
233,bs_beamformer,1.4953548088669776e-08,3.0771224975585936,54.23478813171387,0.0,293.47047424316406,-0.03059181571006775,0.7451996803283691,11.623711053207517,12.679637944064426,21.671541213989258,-1.210719347000122e-08,1.7263391017913818,3.485482692718506,5.4106831550598145,0.269907146692276
233,uav_trajectory,2.2817403078079225e-09,6.7087242126464846,19.779990577697752,0.0,717.2308410644531,-0.0105388592928648,0.739517092704773,15.038315560519695,14.08528003335313,22.302160263061523,-4.656612873077393e-10,2.519695281982422,2.8366799354553223,4.2573771476745605,0.2374238222837448
233,jammer_beamformer,-1.4156103134155273e-08,2.215269088745117,54.55583114624024,0.0,769.0526000976563,-0.05757807940244675,0.5672488212585449,10.48657055668533,11.886058105042022,19.818824768066406,1.0710209608078003e-08,1.5096629858016968,2.3553032875061035,5.130334854125977,0.2489732950925827
234,bs_beamformer,2.654269337654114e-09,4.1728394508361815,54.20758743286133,0.0,212.99266662597657,-0.06438004970550537,0.7944603562355042,9.364120026744903,10.668934419359834,21.76230812072754,-3.725290298461914e-09,2.035891056060791,2.0132014751434326,5.43624210357666,0.27119961380958557
234,uav_trajectory,5.296897143125534e-09,2.2144550561904905,19.76945972442627,0.0,455.63329162597654,-0.046799346804618835,0.6154286861419678,8.855961930975319,11.330719556965184,22.676177978515625,-9.313225746154785e-09,1.4638110399246216,2.083858013153076,4.2818217277526855,0.2388055920600891
234,jammer_beamformer,-1.1674128472805023e-07,3.4414562940597535,54.54652404785156,0.0,357.58155212402346,-0.1105322390794754,0.6631159782409668,6.693128121636808,8.92618976306881,20.121156692504883,1.1920928955078125e-07,1.497707724571228,2.651376724243164,5.142516136169434,0.24957755208015442
235,bs_beamformer,7.636845111846923e-09,10.148400974273681,54.17349815368652,0.0,455.1694000244141,-0.0018276423215866089,0.8120262622833252,11.912945740386844,12.943312185033017,23.07102394104004,-5.587935447692871e-09,3.1089184284210205,2.4704337120056152,5.475805759429932,0.2732751667499542
235,uav_trajectory,2.6705674827098847e-08,2.253319597244263,19.757358169555665,0.0,789.0823791503906,-0.042085401713848114,0.6628431081771851,15.669725401560466,14.413220498354297,22.722532272338867,-2.3748725652694702e-08,1.5329337120056152,2.4608938694000244,4.3065619468688965,0.2402009218931198
235,jammer_beamformer,3.91155481338501e-09,7.32023057937622,54.53560218811035,0.0,481.24950256347654,0.010196591727435589,0.7727486491203308,10.536547291671857,11.945372180646686,20.143421173095703,-9.778887033462524e-09,2.537092447280884,2.1322247982025146,5.156763076782227,0.2502805292606354
236,bs_beamformer,-1.0291114449501038e-08,5.543350505828857,54.14229125976563,0.0,289.9584045410156,-0.11763103306293488,0.7320582866668701,12.05291642808169,13.079406481547222,22.096620559692383,5.587935447692871e-09,2.1112289428710938,2.815305709838867,5.515085697174072,0.27536866068840027
236,uav_trajectory,-4.973262548446655e-08,2.333155083656311,19.74716262817383,0.0,851.381494140625,-0.046590179204940796,0.6948248744010925,16.074833785057066,14.600342732039163,22.63897705078125,4.842877388000488e-08,1.562707543373108,3.230558395385742,4.330559730529785,0.24156127870082855
236,jammer_beamformer,-1.3969838619232178e-08,2.9068678617477417,54.525727081298825,0.0,454.1412353515625,-0.03999151289463043,0.648090660572052,10.747536550313235,12.052539657747111,20.41277503967285,1.3969838619232178e-08,1.7394747734069824,2.8360002040863037,5.171924591064453,0.25103747844696045
237,bs_beamformer,1.3969838619232178e-08,4.1157331466674805,54.114009857177734,0.0,372.4415283203125,-0.07456720620393753,0.7527756094932556,12.181564245045186,13.233169686381313,22.846769332885742,-1.6763806343078613e-08,1.9681634902954102,3.175232410430908,5.554563045501709,0.27746349573135376
237,uav_trajectory,4.0186569094657897e-08,4.134717416763306,19.739578247070312,0.0,987.9601440429688,-0.06260555237531662,0.7401012778282166,16.073147239486378,14.614863753569274,23.002023696899414,-3.562308847904205e-08,2.0809123516082764,2.479874849319458,4.349987030029297,0.2426551729440689
237,jammer_beamformer,7.916241884231567e-10,4.422558307647705,54.50863151550293,0.0,239.29963073730468,0.0010036975145339966,0.7433715462684631,10.790327124372125,12.084718740766094,20.453487396240234,-5.122274160385132e-09,2.0886926651000977,3.1294355392456055,5.18818998336792,0.25186631083488464
238,bs_beamformer,-8.96397978067398e-09,4.5630066871643065,54.094903564453126,0.0,373.67999267578125,-0.020151617005467415,0.8051772117614746,12.213802781496197,13.217750016814083,22.574623107910156,4.6566128730773926e-09,2.130740165710449,2.1366705894470215,5.585774898529053,0.2791511118412018
238,uav_trajectory,-3.7252902984619143e-10,2.408589577674866,19.732404708862305,0.0,1021.4643249511719,-0.038697030395269394,0.6658183336257935,16.14192744354407,14.69874325464678,22.629165649414062,-9.313225746154785e-10,1.5623520612716675,2.8459367752075195,4.366942405700684,0.24362695217132568
238,jammer_beamformer,6.472691893577576e-09,2.6617589473724363,54.47803573608398,0.0,859.1520202636718,-0.06102077662944794,0.6393693089485168,10.810575665324926,12.148413708195676,20.502241134643555,-6.984919309616089e-09,1.659630298614502,2.2934443950653076,5.229430198669434,0.25406405329704285
239,bs_beamformer,2.8009526431560516e-08,3.2802247524261476,54.081316757202146,0.0,1474.7677734375,-0.05732147395610809,0.7551087141036987,11.994318415842951,13.154635979300517,22.64000129699707,-2.9336661100387573e-08,1.7758855819702148,2.4725685119628906,5.612443923950195,0.2805641293525696
239,uav_trajectory,2.859160304069519e-08,4.406664323806763,19.723630142211913,0.0,515.3340850830078,-0.046493805944919586,0.6250368356704712,16.107866003195443,14.70616584120228,22.887413024902344,-3.119930624961853e-08,2.146564483642578,3.5445716381073,4.384977340698242,0.2446451187133789
239,jammer_beamformer,1.9278377294540405e-08,4.164569997787476,54.46152877807617,0.0,500.1330627441406,-0.029797986149787903,0.6590577363967896,10.704531618583948,12.114371961670333,20.48021125793457,-2.0489096641540527e-08,2.058941602706909,2.4610517024993896,5.26324462890625,0.25585395097732544
240,bs_beamformer,9.96515154838562e-09,6.492654180526733,54.06942939758301,0.0,214.9020797729492,0.019849317148327827,0.7750200629234314,11.758096953636036,12.993853597315029,22.791044235229492,-1.862645149230957e-09,2.494285821914673,2.7316524982452393,5.629706382751465,0.28150105476379395
240,uav_trajectory,2.0023435354232788e-08,2.2752100944519045,19.71236457824707,0.0,736.1713134765625,-0.0614587776362896,0.6375331282615662,15.322242946445941,14.509157813369582,22.541820526123047,-2.0489096641540527e-08,1.531922698020935,3.0393409729003906,4.4117560386657715,0.24612845480442047
240,jammer_beamformer,1.4621764421463012e-08,4.631657457351684,54.45168952941894,0.0,1118.037579345703,-0.06756450235843658,0.7209228277206421,10.42038281016238,11.925197721663338,20.856529235839844,-1.909211277961731e-08,2.188642740249634,2.418804407119751,5.282018184661865,0.2568664848804474
241,bs_beamformer,-6.100162863731384e-09,2.780320072174072,54.044616317749025,0.0,624.6995178222656,-0.013671129941940308,0.6902585029602051,12.283587497694418,13.367354720579597,22.711286544799805,4.656612873077393e-10,1.5431643724441528,2.111318588256836,5.6656084060668945,0.2834726870059967
241,uav_trajectory,-1.508742570877075e-08,3.2321317911148073,19.702408599853516,0.0,622.4047302246094,-0.03429340943694115,0.6688252687454224,16.28994552946091,14.864013772696586,22.468395233154297,1.7695128917694092e-08,1.8254523277282715,3.3622121810913086,4.437156677246094,0.24754750728607178
241,jammer_beamformer,-2.1187588572502136e-08,3.510422968864441,54.438018798828125,0.0,181.7488571166992,-0.11322469264268875,0.6318540573120117,10.806506965490058,12.215140832840435,20.77982521057129,2.2351741790771484e-08,1.5059995651245117,3.8643078804016113,5.2960920333862305,0.25765731930732727
242,bs_beamformer,-2.1653249859809875e-08,2.0595626831054688,54.02363662719726,0.0,733.4189819335937,-0.05783575773239136,0.6810448169708252,12.520082621045411,13.552298983887354,23.484119415283203,2.7939677238464355e-08,1.426180362701416,2.6304972171783447,5.7037529945373535,0.2855757176876068
242,uav_trajectory,-1.541338860988617e-08,2.332718086242676,19.691696166992188,0.0,607.3408508300781,-0.011197773739695549,0.6768967509269714,16.35188557446003,14.975448938851704,23.111597061157227,1.5832483768463135e-08,1.4417941570281982,2.5840423107147217,4.461485385894775,0.24891003966331482
242,jammer_beamformer,-8.754432201385498e-09,4.941309928894043,54.40812950134277,0.0,202.43582153320312,-0.030020682141184807,0.7108539938926697,11.151381935995072,12.49351286364071,20.807266235351562,3.026798367500305e-09,2.228257894515991,2.2897863388061523,5.336994171142578,0.25978878140449524
243,bs_beamformer,1.918524503707886e-08,4.633531188964843,54.00989189147949,0.0,869.9964111328125,0.014575868844985962,0.779143750667572,12.09747859467566,13.26385010872576,23.553951263427734,-1.6763806343078613e-08,1.9052691459655762,2.605778694152832,5.727206707000732,0.28689759969711304
243,uav_trajectory,-9.778887033462525e-10,1.6475146770477296,19.681612396240233,0.0,1086.126708984375,-0.03067249059677124,0.6823012828826904,15.418832020421823,14.761971099890381,23.16010856628418,3.725290298461914e-09,1.2579938173294067,2.6392605304718018,4.488295078277588,0.2504480183124542
243,jammer_beamformer,1.1362135410308837e-08,5.244389963150025,54.3707778930664,0.0,95.88528594970703,0.07057298719882965,0.725138247013092,10.520465536449105,12.13820122115726,21.812368392944336,-1.257285475730896e-08,1.540940284729004,3.55033278465271,5.39507532119751,0.2628553509712219
244,bs_beamformer,-1.2386590242385865e-08,4.152976179122925,53.99651184082031,0.0,371.2222137451172,-0.012323105707764626,0.7566487789154053,12.178961388528347,13.29047135486595,22.713665008544922,1.3504177331924438e-08,1.9884321689605713,3.0308289527893066,5.746048450469971,0.28790003061294556
244,uav_trajectory,-2.1420419216156004e-09,3.3664238691329955,19.67410831451416,0.0,892.4562622070313,-0.07109801471233368,0.6925927400588989,15.516120221078396,14.804977108397186,24.000099182128906,0.0,1.8424794673919678,2.3639893531799316,4.509589195251465,0.25171077251434326
244,jammer_beamformer,-1.8835999071598054e-08,5.309574317932129,54.33194541931152,0.0,739.5301025390625,0.032566092908382416,0.8283519744873047,10.555096301682294,12.249281234490953,21.24337387084961,2.0023435354232788e-08,2.113595724105835,2.9969661235809326,5.461096286773682,0.26648008823394775
245,bs_beamformer,4.654284566640854e-08,3.342719030380249,53.9748950958252,0.0,283.0195037841797,-0.06901510804891586,0.7647051811218262,12.275897221133112,13.488175434058908,23.221942901611328,-4.7031790018081665e-08,1.8628737926483154,2.22770357131958,5.774381160736084,0.28934434056282043
245,uav_trajectory,-1.5925616025924684e-08,3.6148865461349486,19.66633472442627,0.0,814.7014526367187,-0.06020297482609749,0.7002983093261719,16.15571857897937,15.031172782533023,23.26289176940918,1.4901161193847656e-08,1.9871923923492432,2.7593917846679688,4.526512622833252,0.2527458071708679
245,jammer_beamformer,5.8673322200775145e-09,3.3564444303512575,54.30733947753906,0.0,907.6548828125,0.02850854955613613,0.6500529050827026,10.976430195590481,12.543384385587183,21.059186935424805,-7.450580596923828e-09,1.6086617708206177,2.77878999710083,5.509253025054932,0.26914528012275696
246,bs_beamformer,-3.958120942115784e-09,4.956621932983398,53.94818954467773,0.0,531.8599426269532,-0.09902534633874893,0.6718575954437256,13.048936227470636,13.972932195638093,23.241626739501953,7.450580596923828e-09,2.128850221633911,1.780471920967102,5.814494609832764,0.2914106547832489
246,uav_trajectory,-1.94646418094635e-08,3.2160558700561523,19.65743179321289,0.0,992.5850830078125,-0.02534644864499569,0.6654602289199829,16.984744342565538,15.408445463554317,24.520172119140625,2.1420419216156006e-08,1.7190347909927368,2.603126287460327,4.5471110343933105,0.253947377204895
246,jammer_beamformer,1.541338860988617e-08,9.295486640930175,54.29355049133301,0.0,570.3417724609375,0.09666988253593445,0.749850869178772,11.737217661689966,13.019682394630221,21.258031845092773,-1.7229467630386353e-08,2.3818132877349854,2.868858814239502,5.535129070281982,0.2705610990524292
247,bs_beamformer,8.549541234970093e-08,4.682252073287964,53.923649597167966,0.0,242.03331451416017,-0.12665921449661255,0.6844565272331238,12.401487071160227,13.624013820153948,22.95317268371582,-9.033828973770142e-08,1.7882009744644165,3.071763515472412,5.850201606750488,0.2932980954647064
247,uav_trajectory,-4.502944648265839e-08,3.463655424118042,19.65007610321045,0.0,1221.4341979980468,-0.0939856767654419,0.6649163365364075,16.33679995085796,15.199277664322993,23.375865936279297,5.029141902923584e-08,1.861728549003601,2.7691338062286377,4.566596031188965,0.25506019592285156
247,jammer_beamformer,-5.122274160385132e-10,2.2073696851730347,54.28025665283203,0.0,1931.3095947265624,-0.0026993155479431152,0.7088912725448608,10.812596246149392,12.485339808460752,21.64333724975586,-6.51925802230835e-09,1.39712655544281,2.5730433464050293,5.557645797729492,0.27180129289627075
248,bs_beamformer,2.9429793357849122e-08,3.5462401151657104,53.89390182495117,0.0,365.5391387939453,-0.09718814492225647,0.6901424527168274,13.0234486332573,14.074692019757546,23.077117919921875,-2.8870999813079834e-08,1.7052013874053955,2.0626626014709473,5.8905816078186035,0.2954846918582916
248,uav_trajectory,2.7939677238464354e-10,5.388798189163208,19.643889808654784,0.0,890.3534729003907,-0.011697137728333473,0.7620173096656799,16.948519594669342,15.381462115795658,23.42348861694336,-3.259629011154175e-09,2.294736385345459,2.210714817047119,4.581348896026611,0.25590255856513977
248,jammer_beamformer,-2.3283064365386963e-09,5.371348428726196,54.26924514770508,0.0,297.93507385253906,0.04169943928718567,0.6913828253746033,11.415635686576367,12.852852621923395,21.486618041992188,2.3283064365386963e-10,1.989375114440918,2.552483081817627,5.576680660247803,0.27287977933883667
249,bs_beamformer,8.05594027042389e-09,4.015024137496948,53.866777420043945,0.0,604.5585693359375,-0.0406789593398571,0.7063813209533691,13.224136195577682,14.214667736406554,23.472288131713867,-8.381903171539307e-09,2.017390251159668,2.9361681938171387,5.932113170623779,0.29775041341781616
249,uav_trajectory,-3.403984010219574e-08,2.7600162982940675,19.637418746948242,0.0,752.5663635253907,-0.03473396971821785,0.6790159940719604,17.235974791844686,15.565301600555879,24.0333194732666,3.5390257835388184e-08,1.654166340827942,2.668745517730713,4.596092224121094,0.25671330094337463
249,jammer_beamformer,9.103678166866303e-09,2.559423398971558,54.253960037231444,0.0,499.62901916503904,-0.04301724582910538,0.6498011946678162,11.529369577236473,12.968977452841296,21.564571380615234,-8.381903171539307e-09,1.615524411201477,2.425428628921509,5.598962306976318,0.27416592836380005
250,bs_beamformer,-5.3551048040390015e-09,4.145168495178223,53.84998474121094,0.0,734.9149047851563,0.0073602888733148575,0.7059589624404907,13.532538873780519,14.430639197897587,23.149065017700195,4.6566128730773926e-09,1.8491387367248535,2.823160409927368,5.962276935577393,0.29937872290611267
250,uav_trajectory,1.2852251529693604e-08,3.7686742782592773,19.631840896606445,0.0,949.2283996582031,-0.040519215166568756,0.6704786419868469,17.30471664281686,15.60812571902844,24.377704620361328,-1.3969838619232178e-08,1.9712045192718506,2.870783805847168,4.61059045791626,0.2575044631958008
250,jammer_beamformer,1.508742570877075e-08,3.6541950702667236,54.237905502319336,0.0,306.0574890136719,-0.08107715100049973,0.7479280233383179,11.754942167859525,13.115026444319144,21.075862884521484,-7.450580596923828e-09,1.7857681512832642,2.6754724979400635,5.622090816497803,0.27547910809516907
251,bs_beamformer,-2.845190465450287e-08,6.7055768966674805,53.83790817260742,0.0,372.049658203125,-0.17277678847312927,0.7012050151824951,13.31878109012544,14.342505068738195,23.37065315246582,2.9802322387695312e-08,1.8238264322280884,2.1949026584625244,5.983833312988281,0.3005002439022064
251,uav_trajectory,1.9976869225502013e-08,2.7260674715042112,19.625771903991698,0.0,1095.6066467285157,-0.10073506832122803,0.6278299689292908,16.691966835776963,15.422735004902547,23.655006408691406,-2.2351741790771484e-08,1.600206971168518,2.601827621459961,4.625048637390137,0.25831469893455505
251,jammer_beamformer,1.7695128917694092e-08,4.259473609924316,54.21391143798828,0.0,789.1223327636719,-0.04570503532886505,0.8021485805511475,11.48468112912029,12.945229659358676,21.52557373046875,-1.3969838619232178e-08,2.1075756549835205,3.660599946975708,5.654679775238037,0.2772976756095886
252,bs_beamformer,1.2582167983055114e-07,4.8761927604675295,53.827632141113284,0.0,983.7838745117188,-0.1385255604982376,0.6394968628883362,13.24588909270987,14.290369083740247,23.0704402923584,-1.2665987014770508e-07,1.85873544216156,2.980787992477417,6.002721309661865,0.3015184998512268
252,uav_trajectory,1.9883736968040468e-08,2.5746452808380127,19.618919563293456,0.0,892.0313903808594,-0.07922904193401337,0.6002579927444458,17.098156855762007,15.626034192608618,24.64545249938965,-1.909211277961731e-08,1.6239179372787476,2.589246988296509,4.64059591293335,0.25918859243392944
252,jammer_beamformer,1.3038516044616698e-09,2.6330424547195435,54.19857330322266,0.0,2152.9282958984377,-0.03480157256126404,0.646102786064148,11.500986509296112,13.029277108550447,21.6972599029541,-3.725290298461914e-09,1.6339844465255737,2.730724811553955,5.68341064453125,0.2788836658000946
253,bs_beamformer,-7.427297532558441e-09,3.592210865020752,53.817290496826175,0.0,818.830615234375,-0.022595245391130447,0.7671564817428589,13.308183541163801,14.354761233257186,23.821834564208984,8.381903171539307e-09,1.9914648532867432,4.417665004730225,6.018338680267334,0.3023606836795807
253,uav_trajectory,-1.601874828338623e-08,3.6876402854919434,19.61080436706543,0.0,914.9015441894531,-0.07666940987110138,0.7013064026832581,17.38073578619957,15.761837718068325,24.117141723632812,1.210719347000122e-08,1.9682323932647705,2.2768194675445557,4.659944534301758,0.260250985622406
253,jammer_beamformer,-9.825453162193299e-09,2.75089008808136,54.187831497192384,0.0,234.9470443725586,-0.026901666074991226,0.6682130098342896,11.62334049513191,13.09069545347464,21.09992027282715,1.4668330550193787e-08,1.7313776016235352,3.1416192054748535,5.698089599609375,0.2797166705131531
254,bs_beamformer,-5.6438148021698e-08,4.193717813491821,53.80279197692871,0.0,316.58103637695314,-0.08275887370109558,0.7274187207221985,13.369422097504138,14.382381958009612,23.823848724365234,5.3085386753082275e-08,2.0035502910614014,2.623814105987549,6.037640571594238,0.30342331528663635
254,uav_trajectory,-4.44706529378891e-09,4.009364652633667,19.604159927368165,0.0,1072.3978271484375,-0.021922782063484192,0.6579980254173279,17.13323672713836,15.662474669027635,23.71337127685547,7.916241884231567e-09,1.933689832687378,2.6724939346313477,4.679607391357422,0.26131677627563477
254,jammer_beamformer,1.4435499906539917e-09,4.541002559661865,54.17083969116211,0.0,1553.4868896484375,-0.051499880850315094,0.6470098495483398,11.846476218272,13.272096827029065,21.930673599243164,-4.656612873077393e-10,2.1537880897521973,2.339500665664673,5.725440502166748,0.2813074588775635
255,bs_beamformer,-2.384185791015625e-08,2.849483513832092,53.78901062011719,0.0,942.8165466308594,-0.04360576346516609,0.6874688267707825,13.225411197097973,14.33560986361294,24.14625358581543,3.3527612686157227e-08,1.7180856466293335,2.112603187561035,6.061509609222412,0.30474716424942017
255,uav_trajectory,-1.126900315284729e-08,1.3692872643470764,19.597494316101074,0.0,968.5939636230469,-0.024808619171380997,0.6240076422691345,17.28363428491354,15.811806502923456,24.37809944152832,5.587935447692871e-09,1.1765116453170776,2.9264349937438965,4.696308135986328,0.262227863073349
255,jammer_beamformer,-8.754432201385498e-09,1.5716898441314697,54.15371856689453,0.0,157.08316192626953,-0.013050107285380363,0.6079336404800415,11.670936669293791,13.205564429427438,22.089229583740234,1.210719347000122e-08,1.23716402053833,3.2675607204437256,5.750692844390869,0.28274795413017273
256,bs_beamformer,4.593748599290848e-08,6.337111616134644,53.778831481933594,0.0,1727.0959716796874,-0.08736438304185867,0.7894787788391113,13.682005075391382,14.638607527848931,23.50092124938965,-4.842877388000488e-08,2.4891185760498047,2.5611472129821777,6.081667900085449,0.30583205819129944
256,uav_trajectory,-5.075708031654358e-09,3.1554192781448362,19.589714813232423,0.0,662.583154296875,-0.009358411654829979,0.6906982660293579,17.67462685875098,15.992390357268116,23.793800354003906,5.122274160385132e-09,1.746435284614563,3.2971949577331543,4.714051723480225,0.2632175087928772
256,jammer_beamformer,3.2840762287378314e-08,3.7554318428039553,54.12475738525391,0.0,694.61640625,-0.05223502963781357,0.7209530472755432,12.230263438181021,13.577239610215786,22.26323699951172,-2.9802322387695312e-08,1.960033655166626,2.6503219604492188,5.793466091156006,0.28505975008010864
257,bs_beamformer,4.880130290985107e-08,3.716804027557373,53.77116928100586,0.0,863.1762084960938,-0.09419870376586914,0.6588263511657715,12.199194410670549,13.741899721737921,23.777271270751953,-4.7963112592697144e-08,1.8331799507141113,2.6245899200439453,6.094274997711182,0.306527316570282
257,uav_trajectory,2.1560117602348326e-08,3.5131599426269533,19.57924404144287,0.0,667.6847900390625,-0.0255697313696146,0.7248393893241882,16.336770100226005,15.52382119146826,24.189340591430664,-2.468004822731018e-08,1.9396493434906006,3.326152801513672,4.739553451538086,0.2646382749080658
257,jammer_beamformer,-1.1851079761981964e-08,4.49812536239624,54.100358200073245,0.0,324.84746704101565,-0.05208614468574524,0.7810542583465576,11.014437213178724,12.918698474399486,22.298654556274414,5.587935447692871e-09,2.153325080871582,2.054222345352173,5.83440637588501,0.2873261272907257
258,bs_beamformer,1.4854595065116882e-08,3.1797062397003173,53.761448287963866,0.0,1045.2094848632812,-0.10698749870061874,0.6731789708137512,13.164535239845515,14.336263454324435,24.143333435058594,-1.30385160446167e-08,1.7022743225097656,2.9354591369628906,6.105852127075195,0.307150661945343
258,uav_trajectory,1.0267831385135651e-08,5.640813207626342,19.567040061950685,0.0,807.6719543457032,0.06029646843671799,0.7148154973983765,17.11948761213819,15.958060785769359,23.99978256225586,-7.450580596923828e-09,1.6976312398910522,2.9046683311462402,4.770749092102051,0.26641902327537537
258,jammer_beamformer,-1.769512891769409e-09,5.904652547836304,54.07722702026367,0.0,1036.4300903320313,-0.11829185485839844,0.7239575982093811,11.922363324769773,13.48950633734087,21.89191436767578,4.423782229423523e-09,2.0261964797973633,3.548616886138916,5.872567176818848,0.28945887088775635
259,bs_beamformer,4.451721906661987e-08,1.7483386993408203,53.74822082519531,0.0,863.4648193359375,-0.05905378609895706,0.7066736817359924,11.88324428767711,13.495259085307715,23.683185577392578,-4.7497451305389404e-08,1.3471958637237549,2.6971535682678223,6.12268590927124,0.30802077054977417
259,uav_trajectory,6.05359673500061e-09,4.042670774459839,19.55545768737793,0.0,1201.1698120117187,-0.04422643408179283,0.6574207544326782,15.428430912405252,15.368010104876896,24.34225845336914,-2.7939677238464355e-09,2.0796878337860107,2.5422582626342773,4.801032066345215,0.2681877911090851
259,jammer_beamformer,2.8393696993589402e-08,2.1597143173217774,54.062112426757814,0.0,1606.3599487304687,-0.07851896435022354,0.6689906716346741,10.813766670666634,12.822012782032667,22.208742141723633,-2.7008354663848877e-08,1.3704737424850464,2.8121190071105957,5.902519702911377,0.29114121198654175
260,bs_beamformer,3.3061951398849486e-09,5.614758634567261,53.73130722045899,0.0,435.90130615234375,0.029551003128290176,0.7344953417778015,11.881018639158457,13.539824619669352,22.98066520690918,-5.587935447692871e-09,2.029437303543091,2.5206692218780518,6.143815994262695,0.3091820180416107
260,uav_trajectory,3.6368146538734433e-08,4.087886953353882,19.546485328674315,0.0,1051.3321411132813,0.020922577008605003,0.7675656080245972,15.718686876306931,15.501779219425538,24.432119369506836,-3.4458935260772705e-08,1.6132675409317017,3.118076801300049,4.825698375701904,0.26964297890663147
260,jammer_beamformer,1.5692785382270814e-08,4.715321159362793,54.05187911987305,0.0,861.4442810058594,-0.0886557549238205,0.6073167324066162,10.687260899094865,12.751372606351218,22.029958724975586,-1.4901161193847656e-08,2.120821714401245,1.9666048288345337,5.919510364532471,0.2921227812767029
261,bs_beamformer,6.752088665962219e-09,2.4179364442825317,53.7102596282959,0.0,976.6997863769532,-0.0426051989197731,0.6913184523582458,13.548562017910182,14.653425094762982,24.486045837402344,-9.313225746154785e-09,1.5940454006195068,2.737739086151123,6.172052383422852,0.3108045756816864
261,uav_trajectory,-7.031485438346863e-09,3.2284558534622194,19.53725357055664,0.0,878.6924560546875,-0.08470454812049866,0.6464192867279053,18.0365289234519,16.38700863322491,24.860889434814453,2.3283064365386963e-09,1.8551338911056519,3.130833148956299,4.847250938415527,0.2709089517593384
261,jammer_beamformer,7.450580596923829e-10,2.691222405433655,54.0399169921875,0.0,841.0398559570312,0.0010307151824235916,0.6945719718933105,12.343429079912603,13.846376579701719,22.167396545410156,0.0,1.6306270360946655,2.813870668411255,5.934776306152344,0.2929703891277313
262,bs_beamformer,1.0617077350616455e-08,5.228931999206543,53.695835494995116,0.0,1167.1660400390624,-0.017461303621530533,0.7344186902046204,13.492718586895615,14.662128655137023,24.259366989135742,-4.6566128730773926e-09,2.2432146072387695,2.811326026916504,6.1987528800964355,0.3122948110103607
262,uav_trajectory,-2.4563632905483246e-08,2.901105356216431,19.527548027038574,0.0,1506.6564453125,-0.049138616770505905,0.6482231616973877,17.781907134354114,16.40074882309683,24.169925689697266,2.3283064365386963e-08,1.7589023113250732,2.5042953491210938,4.872684478759766,0.2723489999771118
262,jammer_beamformer,4.1304156184196473e-08,4.553109884262085,54.02206687927246,0.0,242.0232894897461,-0.07412365078926086,0.6855460405349731,12.31794895169884,13.816784050365591,22.071077346801758,-4.0512531995773315e-08,2.1027543544769287,2.5198919773101807,5.95412015914917,0.29403457045555115
263,bs_beamformer,2.2677704691886903e-08,3.3970561981201173,53.68681678771973,0.0,1620.9961303710938,-0.08785566687583923,0.6666923761367798,13.715072525069118,14.818594234299619,23.71830177307129,-3.073364496231079e-08,1.759079933166504,3.2554988861083984,6.216547012329102,0.3132351040840149
263,uav_trajectory,-2.4097971618175507e-08,3.9002091884613037,19.520246315002442,0.0,850.65859375,-0.12435591220855713,0.6411306858062744,18.242941274265448,16.58333915844385,24.560714721679688,1.955777406692505e-08,1.7827712297439575,1.9878205060958862,4.894744873046875,0.27357521653175354
263,jammer_beamformer,-3.4645199775695803e-08,4.378019618988037,53.994881820678714,0.0,367.72386779785154,-0.09898646175861359,0.6931777596473694,12.694288818677887,14.090562484267979,22.511207580566406,3.166496753692627e-08,1.7405481338500977,3.075274705886841,5.991265296936035,0.2960944175720215
264,bs_beamformer,-7.729977369308472e-09,3.4109065771102904,53.67563743591309,0.0,402.09032287597654,-0.03300720080733299,0.7633063793182373,12.829487895037978,14.30252016733453,24.646148681640625,2.7939677238464355e-09,1.8801367282867432,2.8140430450439453,6.229630947113037,0.3139409124851227
264,uav_trajectory,-1.3189855962991714e-08,3.6668824195861816,19.513321495056154,0.0,1134.9746398925781,-0.05075007304549217,0.6159631609916687,17.462491665979226,16.317768991520985,24.29334831237793,1.5366822481155396e-08,1.9576736688613892,2.7908709049224854,4.9135637283325195,0.2746325135231018
264,jammer_beamformer,-1.0267831385135651e-08,3.154061198234558,53.97138137817383,0.0,279.03650817871096,-0.0761357992887497,0.6969977021217346,12.02236383407563,13.729440210814385,22.988962173461914,1.30385160446167e-08,1.6981382369995117,2.289419412612915,6.032768249511719,0.29842159152030945
265,bs_beamformer,1.7322599887847902e-08,7.022758531570434,53.65641746520996,0.0,904.7452209472656,0.06653144955635071,0.8002012372016907,13.0306695705913,14.446904113849486,24.339153289794922,-1.1175870895385742e-08,1.9637846946716309,3.2999160289764404,6.254492282867432,0.31527721881866455
265,uav_trajectory,-6.7753717303276065e-09,2.849702787399292,19.50722885131836,0.0,1511.6645263671876,-0.022473439574241638,0.6131373047828674,17.964538669188816,16.528852070019056,24.963481903076172,5.587935447692871e-09,1.612596035003662,2.8068833351135254,4.929957389831543,0.2755699157714844
265,jammer_beamformer,9.12696123123169e-09,5.35717887878418,53.9506591796875,0.0,257.6121826171875,-0.03124728426337242,0.7560511827468872,12.226325689962135,13.927029402658185,23.177921295166016,-1.0244548320770264e-08,2.3733105659484863,2.7204651832580566,6.0654473304748535,0.3002629280090332
266,bs_beamformer,-2.0023435354232787e-09,4.1808311462402346,53.636910629272464,0.0,1771.0776611328124,-0.04134272783994675,0.7149971127510071,12.483682505840436,14.147899767584184,23.979900360107422,-2.7939677238464355e-09,2.0854246616363525,2.155532121658325,6.285472869873047,0.31692004203796387
266,uav_trajectory,-6.146728992462158e-09,3.3373975276947023,19.500927352905272,0.0,1236.2388671875,-0.0304553359746933,0.6821902990341187,17.445597333947816,16.32474203691305,25.086374282836914,5.587935447692871e-09,1.7961065769195557,3.322011709213257,4.944706916809082,0.276419073343277
266,jammer_beamformer,-2.4167820811271667e-08,2.7395747184753416,53.92072677612305,0.0,243.50533599853514,-0.022428415715694427,0.673559844493866,12.053162777233869,13.833992839206049,22.504302978515625,2.2351741790771484e-08,1.6404433250427246,2.3392419815063477,6.106818675994873,0.30258709192276
267,bs_beamformer,-1.5459954738616945e-08,4.115187740325927,53.62307968139648,0.0,1178.0878173828125,-0.056216079741716385,0.7089070081710815,13.487372623223811,14.769861484077923,24.297639846801758,1.1175870895385742e-08,2.0222160816192627,2.440377712249756,6.309248924255371,0.31820565462112427
267,uav_trajectory,-1.2596137821674347e-08,2.7248773336410523,19.49355697631836,0.0,1182.3406005859374,0.000612893607467413,0.6467745304107666,18.011990785896778,16.66609045082271,25.981830596923828,9.313225746154785e-09,1.427046775817871,2.8342959880828857,4.961968898773193,0.2774308919906616
267,jammer_beamformer,1.1641532182693481e-10,2.950094723701477,53.893337631225585,0.0,2496.50244140625,-0.010728783905506134,0.6212314367294312,12.789979634348303,14.328656200784573,23.267839431762695,-2.3283064365386963e-09,1.7454230785369873,2.4082424640655518,6.153580188751221,0.3051791489124298
268,bs_beamformer,6.7148357629776e-08,2.846178102493286,53.61187057495117,0.0,1087.4632080078125,-0.09598072618246078,0.6621689200401306,12.06654732823372,13.782194589505606,24.775222778320312,-6.51925802230835e-08,1.5229662656784058,3.1450934410095215,6.324829578399658,0.31907588243484497
268,uav_trajectory,-1.9371509552001954e-08,11.92277717590332,19.486913108825682,0.0,1004.5263000488281,0.13509894907474518,0.7745751142501831,15.45455852000912,15.777613876665978,25.417957305908203,2.3283064365386963e-08,2.307448148727417,2.5978403091430664,4.979142665863037,0.27841898798942566
268,jammer_beamformer,-6.100162863731384e-09,5.609408617019653,53.878165054321286,0.0,615.2061706542969,-0.10620976984500885,0.6407843828201294,11.256015007385985,13.318487832054535,23.167842864990234,9.778887033462524e-09,2.2328155040740967,2.779730796813965,6.183335781097412,0.3067990243434906
269,bs_beamformer,8.847564458847045e-10,3.5222867250442507,53.595384979248045,0.0,347.6205780029297,-0.00988764874637127,0.7557133436203003,11.397180467151106,13.402107680400558,24.472530364990234,-5.587935447692871e-09,1.7708066701889038,2.9495444297790527,6.339926242828369,0.3198915421962738
269,uav_trajectory,-5.778856575489044e-08,2.1114607572555544,19.479375457763673,0.0,1957.1867309570312,-0.059019435197114944,0.6245519518852234,14.966034526815017,15.565996755123521,25.054767608642578,5.494803190231323e-08,1.512168049812317,2.665320634841919,5.000280380249023,0.27962425351142883
269,jammer_beamformer,1.9138678908348084e-08,2.575561046600342,53.865960693359376,0.0,1453.2111572265626,-0.05147656425833702,0.6780380010604858,10.755147414483595,13.002931729572907,22.98651885986328,-2.2351741790771484e-08,1.6101679801940918,2.9360296726226807,6.202978134155273,0.30787569284439087
270,bs_beamformer,-1.979060471057892e-08,2.852839469909668,53.564754486083984,0.0,952.8822692871094,-0.06153309717774391,0.6220604181289673,14.03724798230827,15.180756094249825,24.373615264892578,2.0954757928848267e-08,1.7552653551101685,2.4980411529541016,6.377952575683594,0.32201024889945984
270,uav_trajectory,-1.234002411365509e-08,4.002851295471191,19.473033142089843,0.0,1011.053857421875,-0.02366168424487114,0.6624090671539307,18.67586388516426,17.003726615871628,26.08979034423828,9.313225746154785e-09,1.9922147989273071,2.151684284210205,5.018574237823486,0.2806873321533203
270,jammer_beamformer,-5.168840289115906e-09,4.65559344291687,53.855885696411136,0.0,1005.6844848632812,-0.05597449839115143,0.6846128106117249,13.177535507865251,14.627060005795505,23.857627868652344,5.587935447692871e-09,2.2005980014801025,1.8144575357437134,6.219059944152832,0.3087577521800995
271,bs_beamformer,-1.4435499906539917e-08,2.4656333446502687,53.54006462097168,0.0,551.8022888183593,-0.07322949171066284,0.6443264484405518,13.992849396012723,15.182189375083308,25.30034637451172,1.7695128917694092e-08,1.565454363822937,3.0766308307647705,6.416632652282715,0.32414016127586365
271,uav_trajectory,-6.332993507385254e-09,7.639796876907349,19.46571159362793,0.0,1279.2104614257812,0.019329950213432312,0.7324314713478088,18.48655434304476,16.95168846522684,25.570955276489258,3.725290298461914e-09,2.6445302963256836,2.702298641204834,5.03543758392334,0.2816677987575531
271,jammer_beamformer,3.234017640352249e-08,2.818013906478882,53.84186897277832,0.0,258.2860473632812,-0.11154863238334656,0.564471423625946,13.213969753514975,14.64899133935794,23.187036514282227,-3.213062882423401e-08,1.2702925205230713,2.7126011848449707,6.233804225921631,0.3095429241657257
272,bs_beamformer,-7.997732609510422e-08,3.526551532745361,53.51658630371094,0.0,1564.96572265625,-0.13200010359287262,0.7221305966377258,14.224097835212946,15.339825865298726,25.735130310058594,7.497146725654602e-08,1.5185420513153076,2.8970084190368652,6.452056407928467,0.3260904848575592
272,uav_trajectory,2.4237670004367827e-08,3.0523483514785767,19.458840751647948,0.0,1426.3856689453125,-0.02309410274028778,0.7117279767990112,18.874290380696454,17.128749577107662,25.879253387451172,-2.1420419216156006e-08,1.7013987302780151,3.1619906425476074,5.053346633911133,0.28271451592445374
272,jammer_beamformer,1.1874362826347351e-08,4.536348056793213,53.81934509277344,0.0,1123.7367431640625,-0.0912046805024147,0.6829221844673157,13.414447323251515,14.809652678188085,23.515485763549805,-1.4901161193847656e-08,2.099376916885376,3.2414913177490234,6.262507438659668,0.31109926104545593
273,bs_beamformer,5.727633833885193e-09,5.6471123695373535,53.49959182739258,0.0,416.18804321289065,0.023272784426808357,0.7046427130699158,14.288359688762576,15.389553184426038,25.468339920043945,-2.7939677238464355e-09,2.1650586128234863,2.5834767818450928,6.476997375488281,0.32750192284584045
273,uav_trajectory,-1.3317912817001343e-08,3.0360285520553587,19.45206527709961,0.0,1350.5501586914063,-0.04417756199836731,0.6948352456092834,18.42763726558288,17.001081653930793,25.57421875,8.847564458847046e-09,1.7514770030975342,2.361711025238037,5.070047855377197,0.28369036316871643
273,jammer_beamformer,-7.543712854385376e-09,2.936613655090332,53.79954566955566,0.0,233.19778594970703,0.015728512778878212,0.7588456273078918,13.351794471381233,14.816799188117132,23.375146865844727,1.30385160446167e-08,1.6107258796691895,2.7657508850097656,6.288419246673584,0.3125464618206024
274,bs_beamformer,-7.450580596923829e-10,2.739153289794922,53.48074226379394,0.0,1399.8488037109375,-0.011538266204297543,0.6948795914649963,14.1484500130713,15.370137261231005,24.62389373779297,-4.6566128730773926e-09,1.5465707778930664,3.263808012008667,6.507496356964111,0.32918038964271545
274,uav_trajectory,-1.080334186553955e-08,5.859567594528198,19.44507884979248,0.0,1114.0453369140625,0.06402937322854996,0.8128184080123901,18.613458251516025,17.16157312490558,25.739439010620117,1.257285475730896e-08,1.8305025100708008,3.0068888664245605,5.085827827453613,0.28461840748786926
274,jammer_beamformer,-2.1047890186309816e-08,3.034739780426025,53.770480728149415,0.0,857.6966674804687,-0.08012458682060242,0.7052504420280457,13.317504736874252,14.81422558943943,23.908679962158203,1.7695128917694092e-08,1.6461175680160522,3.294752836227417,6.327888488769531,0.31479451060295105
275,bs_beamformer,-1.4435499906539917e-09,5.182039976119995,53.46796836853027,0.0,1139.19921875,-0.0066277701407670975,0.7879958152770996,13.89733902528882,15.195286808765355,24.62057113647461,1.6298145055770874e-09,2.234436273574829,2.2352564334869385,6.534522533416748,0.3306354582309723
275,uav_trajectory,-2.3283064365386963e-10,2.1678527116775514,19.437361335754396,0.0,1533.0881591796874,0.00017878785729408264,0.697533369064331,18.19511406012376,17.026024398707857,25.617307662963867,6.984919309616089e-09,1.3678115606307983,2.360206127166748,5.10412073135376,0.2856820821762085
275,jammer_beamformer,-2.6775524020195007e-08,6.307194662094116,53.74710464477539,0.0,691.5482482910156,-0.040211595594882965,0.7700363397598267,13.1205717981318,14.747232926133531,23.2244815826416,2.7008354663848877e-08,2.6150999069213867,2.673158645629883,6.368791580200195,0.3171027600765228
276,bs_beamformer,3.848690539598465e-08,6.412658643722534,53.457428741455075,0.0,994.5671875,0.04182301461696625,0.7305023670196533,14.453883413754404,15.569537579628854,24.67633819580078,-3.91155481338501e-08,2.2404966354370117,2.1796772480010986,6.551939487457275,0.33159440755844116
276,uav_trajectory,4.33996319770813e-08,5.507009744644165,19.430011749267578,0.0,1303.6920776367188,0.046602413058280945,0.6922032833099365,19.07442770662407,17.320885725343548,25.887977600097656,-4.470348358154297e-08,1.8259793519973755,3.058769464492798,5.12257719039917,0.2867453396320343
276,jammer_beamformer,1.4388933777809142e-08,2.981564831733704,53.72592658996582,0.0,897.7608520507813,-0.04180184751749039,0.711786150932312,13.609044747531414,15.069501188307989,24.118846893310547,-1.3504177331924438e-08,1.791194200515747,3.0980606079101562,6.401580810546875,0.318960040807724
277,bs_beamformer,2.2910535335540773e-08,3.9728399515151978,53.44669761657715,0.0,2326.07119140625,0.009486109018325806,0.7005031704902649,14.160125381834805,15.434555675343752,25.688636779785156,-2.1886080503463745e-08,1.832761526107788,2.2696454524993896,6.570010185241699,0.33258694410324097
277,uav_trajectory,4.6566128730773926e-09,6.14709587097168,19.42277374267578,0.0,1584.0021850585938,0.0282953679561615,0.6882176399230957,18.79204534296195,17.340935155431215,25.859176635742188,-9.313225746154785e-10,2.329681634902954,2.962566614151001,5.139920711517334,0.28774145245552063
277,jammer_beamformer,7.636845111846923e-09,7.307224321365356,53.710408782958986,0.0,1147.4536926269532,-0.008960570208728313,0.7342489361763,13.426918609384447,15.000011358462555,24.178068161010742,-1.0710209608078003e-08,2.703246831893921,2.988192081451416,6.428797245025635,0.3204922080039978
278,bs_beamformer,-2.048909664154053e-09,5.39719877243042,53.434567260742185,0.0,442.6481872558594,-0.005648697726428509,0.7459375858306885,14.287518399257213,15.524278185051033,24.78368377685547,1.3969838619232178e-09,2.335660219192505,3.244318962097168,6.5847697257995605,0.3333626389503479
278,uav_trajectory,-3.3015385270118716e-08,4.65824670791626,19.415840911865235,0.0,1469.4568115234374,0.053715839982032776,0.7073745727539062,18.91485978247722,17.34448233572644,25.575902938842773,4.377216100692749e-08,1.4414117336273193,3.26800799369812,5.155736446380615,0.28866422176361084
278,jammer_beamformer,2.0582228899002077e-08,4.817706108093262,53.69903373718262,0.0,1351.9650268554688,-0.09822610020637512,0.7306823134422302,13.387548722609878,15.016860087201387,23.417028427124023,-1.955777406692505e-08,2.0468008518218994,2.0832536220550537,6.448648452758789,0.3215821385383606
279,bs_beamformer,-9.220093488693238e-09,8.079161167144775,53.40856513977051,0.0,531.3603881835937,-0.005476303398609161,0.7776158452033997,14.39633143606782,15.64787503026919,25.889724731445312,6.984919309616089e-09,2.940347671508789,1.9831430912017822,6.613943576812744,0.3349420130252838
279,uav_trajectory,-3.064051270484924e-08,2.892009663581848,19.406916236877443,0.0,506.59417114257815,-0.07467685639858246,0.7190083265304565,19.026025481954218,17.45940727923066,26.666738510131836,3.096647560596466e-08,1.6851376295089722,3.3359148502349854,5.17229700088501,0.2896523177623749
279,jammer_beamformer,1.2200325727462768e-08,2.037396693229675,53.68931846618652,0.0,706.1850708007812,-0.0688370019197464,0.6464793682098389,13.51318962851353,15.051006985133004,24.410133361816406,-1.1175870895385742e-08,1.4485681056976318,2.9762258529663086,6.463321208953857,0.32239070534706116
280,bs_beamformer,-6.798654794692993e-09,3.72415976524353,53.381100463867185,0.0,1215.0333862304688,-0.025024808943271637,0.6908168792724609,14.66688266083598,15.843933368331822,25.53553009033203,7.450580596923828e-09,1.932660460472107,3.1270687580108643,6.657667636871338,0.3373505175113678
280,uav_trajectory,-1.8579885363578796e-08,6.034216451644897,19.395391845703124,0.0,2152.29765625,0.004465769976377487,0.6530206203460693,19.581594741106034,17.669287335159865,25.812421798706055,2.1886080503463745e-08,2.318300485610962,2.654322385787964,5.199333667755127,0.29118406772613525
280,jammer_beamformer,2.115964889526367e-07,7.210778093338012,53.675951385498045,0.0,1518.1296264648438,-0.18601933121681213,0.5796798467636108,13.826265229608863,15.327610757187832,23.753801345825195,-2.1047890186309814e-07,1.422219157218933,2.433138608932495,6.4811110496521,0.3233896493911743
281,bs_beamformer,9.778887033462524e-09,2.7405268907547,53.3635986328125,0.0,872.6308166503907,-0.004868725314736366,0.7952761054039001,14.268767131086438,15.662360309230797,25.471220016479492,-1.0244548320770264e-08,1.5831223726272583,2.495388984680176,6.692235469818115,0.33920416235923767
281,uav_trajectory,7.962808012962342e-09,7.161048889160156,19.387575721740724,0.0,1178.860546875,0.03469664603471756,0.6858915090560913,19.027860488911468,17.54575896007865,26.005348205566406,-1.0710209608078003e-08,2.381868362426758,2.7945876121520996,5.221786022186279,0.2924138307571411
281,jammer_beamformer,7.580965757369996e-08,6.09255542755127,53.667087173461915,0.0,2666.00263671875,-0.09681335836648941,0.7126039862632751,13.35955596358329,15.059712873603825,23.92108154296875,-7.194466888904572e-08,2.3332273960113525,1.7934274673461914,6.497342109680176,0.32428616285324097
282,bs_beamformer,-4.284083843231201e-09,4.082537698745727,53.35117034912109,0.0,1490.844775390625,-0.010854415595531464,0.7424718141555786,14.546814240794628,15.884611439520894,25.640148162841797,5.122274160385132e-09,1.97156822681427,3.0905117988586426,6.714657306671143,0.34044647216796875
282,uav_trajectory,-6.519258022308349e-10,4.242417526245117,19.37996139526367,0.0,1545.2662719726563,0.010158557444810867,0.7530493140220642,19.48842566893498,17.766955812217745,25.89435386657715,-3.725290298461914e-09,2.0407700538635254,2.8106863498687744,5.240512371063232,0.29347339272499084
282,jammer_beamformer,-4.277098923921585e-08,2.5491013288497926,53.66188774108887,0.0,1234.9110595703125,-0.1013009324669838,0.6591693162918091,13.639562486279756,15.248556013506755,24.140539169311523,3.91155481338501e-08,1.3945627212524414,2.029740333557129,6.505960464477539,0.3247455954551697
283,bs_beamformer,-1.4295801520347595e-08,4.6870951652526855,53.33653182983399,0.0,490.27374877929685,-0.03258959576487541,0.7738068103790283,14.671654493045061,15.845894335044626,25.65351676940918,2.1886080503463745e-08,2.1986944675445557,2.8666369915008545,6.732008457183838,0.3414634168148041
283,uav_trajectory,-1.701992005109787e-08,6.626292085647583,19.37175235748291,0.0,922.0803161621094,0.00808250717818737,0.7442895770072937,18.568811726311843,17.489466503595587,26.318918228149414,1.885928213596344e-08,2.514685869216919,2.987346649169922,5.257801532745361,0.29449713230133057
283,jammer_beamformer,4.470348358154297e-09,2.261252927780151,53.652306365966794,0.0,247.91898345947266,-0.05307837575674057,0.7519716620445251,13.296038004547357,14.936825525403696,23.362289428710938,-5.122274160385132e-09,1.5015244483947754,2.661654233932495,6.512643814086914,0.32509171962738037
284,bs_beamformer,7.795169949531555e-08,2.267433786392212,53.30836410522461,0.0,668.0032531738282,-0.0556647963821888,0.7805620431900024,14.449307002067567,15.853755032835267,26.096654891967773,-7.89295881986618e-08,1.514224886894226,2.4552793502807617,6.76050329208374,0.34311309456825256
284,uav_trajectory,-3.4458935260772707e-09,3.1652260065078734,19.36077747344971,0.0,971.4009155273437,-0.016097666695713997,0.6922256350517273,19.145027457873027,17.67019169150128,25.967269897460938,4.6566128730773926e-09,1.772315263748169,2.69150710105896,5.280348300933838,0.2958641052246094
284,jammer_beamformer,2.1187588572502136e-08,4.710196113586425,53.630095672607425,0.0,1483.8364868164062,-0.11050096154212952,0.7753804326057434,13.298527365211397,15.048509805198456,23.990219116210938,-1.5832483768463135e-08,1.8607476949691772,2.5388619899749756,6.541209697723389,0.3267459571361542
285,bs_beamformer,1.8114224076271056e-08,6.913796997070312,53.28108901977539,0.0,818.5016540527344,-0.0576549731194973,0.68785160779953,12.774570125233382,14.637814098449061,26.543014526367188,-2.0023435354232788e-08,2.7233173847198486,3.1791775226593018,6.798810005187988,0.3452305495738983
285,uav_trajectory,6.28642737865448e-10,3.653922510147095,19.349345207214355,0.0,824.8732543945313,-0.01120714470744133,0.7535641193389893,16.217166403134662,16.698411459838574,26.578256607055664,4.656612873077393e-10,1.9389379024505615,2.372685670852661,5.306597709655762,0.29742318391799927
285,jammer_beamformer,2.491287887096405e-08,2.8714164018630983,53.609183120727536,0.0,216.84836120605468,-0.09934543073177338,0.6974687576293945,11.3876955411667,13.840155108805138,24.594717025756836,-2.8405338525772095e-08,1.585818886756897,3.1610541343688965,6.569410800933838,0.32840678095817566
286,bs_beamformer,-4.936009645462036e-09,6.507350969314575,53.26221122741699,0.0,1072.0963012695313,-0.05588943883776665,0.7077879309654236,15.214831317082048,16.31148612665777,25.62924575805664,3.725290298461914e-09,2.615654945373535,2.8916194438934326,6.830799579620361,0.34697267413139343
286,uav_trajectory,-9.12696123123169e-09,3.526193356513977,19.33843574523926,0.0,1657.8461547851562,-0.0017820075154304504,0.6463624835014343,19.838923506597677,18.041605608830707,26.216148376464844,6.984919309616089e-09,1.881963849067688,2.4572699069976807,5.3343119621276855,0.2991063594818115
286,jammer_beamformer,2.7404166758060456e-08,2.1851553678512574,53.57771339416504,0.0,663.3432434082031,-0.09042872488498688,0.6522504091262817,14.039057488966733,15.5671144299109,23.921127319335938,-1.955777406692505e-08,1.3020178079605103,3.2056808471679688,6.6162109375,0.3310811221599579
287,bs_beamformer,9.313225746154785e-10,3.3783366441726685,53.24673004150391,0.0,1684.0868774414062,-0.022893592715263367,0.7285787463188171,11.94481561011076,13.90359698427295,25.587135314941406,-4.656612873077393e-10,1.827049970626831,2.8336079120635986,6.856161594390869,0.34839746356010437
287,uav_trajectory,-5.075708031654358e-09,2.3394894361495973,19.32956714630127,0.0,960.8056213378907,-0.03433405980467796,0.6565594673156738,14.007106260384122,15.687173527835311,27.182958602905273,7.450580596923828e-09,1.6145306825637817,2.7419798374176025,5.356782913208008,0.30047300457954407
287,jammer_beamformer,0.0,2.7308095693588257,53.5542610168457,0.0,2059.3205444335936,-0.11154918372631073,0.684327244758606,9.549173500081524,12.61814610223249,24.12162971496582,1.862645149230957e-09,1.2735464572906494,2.5943005084991455,6.664088249206543,0.3337831199169159
288,bs_beamformer,4.6798959374427795e-08,2.5501682281494142,53.231941604614256,0.0,748.77255859375,-0.05054666846990585,0.7055110931396484,15.116402549941093,16.352902466456534,26.442134857177734,-4.377216100692749e-08,1.6158703565597534,2.374443292617798,6.875153541564941,0.34946730732917786
288,uav_trajectory,-2.7008354663848876e-09,2.782726192474365,19.31775608062744,0.0,900.6775634765625,-0.021498853340744972,0.75538569688797,20.016490644613903,18.245129148018915,26.636192321777344,1.862645149230957e-09,1.6507848501205444,3.0116589069366455,5.381983280181885,0.30196934938430786
288,jammer_beamformer,-5.215406417846679e-09,3.8763481855392454,53.54077224731445,0.0,369.9805450439453,-0.005886289291083813,0.7429426312446594,14.059456358768045,15.671166764309993,23.894420623779297,8.381903171539307e-09,1.9167243242263794,3.0996286869049072,6.690502166748047,0.3352879583835602
289,bs_beamformer,-8.847564458847046e-09,4.350780248641968,53.212832641601565,0.0,1172.34013671875,-0.010839490219950676,0.7241235971450806,15.063026506166905,16.352670899436387,25.590686798095703,4.6566128730773926e-09,2.0560014247894287,2.448134422302246,6.898811340332031,0.3507728576660156
289,uav_trajectory,-4.284083843231201e-09,3.0846458673477173,19.303618812561034,0.0,1155.1962646484376,0.00041971541941165924,0.719849169254303,20.05340992641449,18.355840818545204,27.179353713989258,-2.7939677238464355e-09,1.647758960723877,2.670494318008423,5.414850234985352,0.30391207337379456
289,jammer_beamformer,7.82310962677002e-09,7.817997217178345,53.5269229888916,0.0,1752.5841674804688,0.007479764986783266,0.7135041356086731,14.056027845460921,15.714098230532024,24.978961944580078,-1.1175870895385742e-08,2.7679824829101562,2.897894859313965,6.715953826904297,0.3367488384246826
290,bs_beamformer,-2.705492079257965e-08,1.981304121017456,53.19320945739746,0.0,395.8940002441406,-0.06564418971538544,0.6967325806617737,15.430054463353008,16.558499827422445,26.167098999023438,3.026798367500305e-08,1.389124870300293,2.578415870666504,6.923498630523682,0.3521760106086731
290,uav_trajectory,-1.3783574104309083e-08,2.9038709163665772,19.290515518188478,0.0,1031.137451171875,-0.053124330937862396,0.6925901174545288,20.1748895171086,18.405229883596927,26.994028091430664,2.0489096641540527e-08,1.7350965738296509,2.683767557144165,5.447438716888428,0.30581405758857727
290,jammer_beamformer,-5.681067705154419e-09,8.198232269287109,53.51836967468262,0.0,1848.9437377929687,-0.0561206117272377,0.648378849029541,14.56921810823679,16.003129483553323,25.01052474975586,1.3969838619232178e-09,2.913525104522705,2.8856945037841797,6.737502098083496,0.33800163865089417
291,bs_beamformer,1.6577541828155518e-08,3.967135524749756,53.16598815917969,0.0,3588.0616943359373,0.006006818264722824,0.8046853542327881,15.461050800688565,16.58919162935922,26.242286682128906,-2.0954757928848267e-08,2.0133533477783203,3.1355602741241455,6.960597515106201,0.3542659282684326
291,uav_trajectory,1.816079020500183e-08,6.375559377670288,19.280133056640626,0.0,1615.9559326171875,0.05291317403316498,0.7092359662055969,20.349743899504343,18.57184516868355,27.674957275390625,-1.7229467630386353e-08,2.185614585876465,2.765113115310669,5.476102828979492,0.30750614404678345
291,jammer_beamformer,-4.21423465013504e-08,4.267861032485962,53.512814331054685,0.0,1339.24658203125,-0.06548169255256653,0.6421106457710266,14.581242817945778,16.06968732787424,24.31024742126465,4.0512531995773315e-08,2.1223185062408447,2.888246536254883,6.74907112121582,0.3387081027030945
292,bs_beamformer,-1.5529803931713105e-08,5.318058633804322,53.149192810058594,0.0,1211.2896118164062,0.031035151332616806,0.7495008111000061,15.11864515749924,16.487646111881656,26.288536071777344,1.5832483768463135e-08,2.1066362857818604,3.138214111328125,6.9921488761901855,0.3560061454772949
292,uav_trajectory,-2.230517566204071e-08,3.136541152000427,19.27309646606445,0.0,1575.85703125,-0.02574044093489647,0.5976887941360474,20.092404960105817,18.50536431366496,27.195945739746094,2.1886080503463745e-08,1.8484318256378174,2.220881462097168,5.496283531188965,0.3087175786495209
292,jammer_beamformer,5.993060767650604e-08,3.774867796897888,53.50598373413086,0.0,1094.1293212890625,-0.11751572042703629,0.5801308155059814,14.255357238139958,15.89107006536351,24.297744750976562,-6.100162863731384e-08,1.613843321800232,2.2211272716522217,6.759603977203369,0.3393165171146393
293,bs_beamformer,-6.798654794692993e-09,2.4191975831985473,53.13343772888184,0.0,526.2234985351563,-0.004306216724216938,0.741295576095581,15.611468028722332,16.774767742702117,26.484477996826172,5.122274160385132e-09,1.46187424659729,2.427912712097168,7.0116496086120605,0.3571314513683319
293,uav_trajectory,-6.984919309616089e-10,5.110210275650024,19.26590805053711,0.0,969.8328796386719,-0.0649203509092331,0.7717463970184326,20.68423227596283,18.71338119615284,27.341222763061523,2.3283064365386963e-09,2.273810625076294,2.0072996616363525,5.512445449829102,0.3096798062324524
293,jammer_beamformer,2.1420419216156004e-09,3.12031090259552,53.4969367980957,0.0,1032.9979309082032,-0.05331650376319885,0.6593628525733948,14.616805552888662,16.115557236398697,24.24417495727539,-3.725290298461914e-09,1.8028191328048706,2.8946609497070312,6.772621154785156,0.34005096554756165
294,bs_beamformer,-2.3981556296348573e-09,2.975298285484314,53.10854873657227,0.0,975.0291137695312,-0.01588408276438713,0.6728940010070801,15.740749613825232,16.865619744832628,26.69682502746582,3.725290298461914e-09,1.648868203163147,2.7055349349975586,7.045266628265381,0.3590483069419861
294,uav_trajectory,1.2200325727462768e-08,3.603811025619507,19.256452751159667,0.0,1601.5747924804687,-0.015768559649586678,0.7631714344024658,20.361025970002014,18.708357835731846,27.444332122802734,-8.381903171539307e-09,1.9326575994491577,2.6867988109588623,5.533932209014893,0.3109346628189087
294,jammer_beamformer,-2.537854015827179e-08,2.5550074100494387,53.48779182434082,0.0,438.5353057861328,-0.07360868155956268,0.7173594832420349,14.737231111444533,16.182400707193622,24.65469741821289,2.7474015951156616e-08,1.616296410560608,3.1653218269348145,6.785687446594238,0.34076035022735596
295,bs_beamformer,4.0233135223388675e-08,2.8852930068969727,53.085733795166014,0.0,611.331918334961,-0.08363718539476395,0.6878889203071594,16.206873889738695,17.167515274196198,26.215335845947266,-4.0978193283081055e-08,1.6626299619674683,2.9846065044403076,7.079418659210205,0.3609750270843506
295,uav_trajectory,-3.383029252290726e-08,3.87635338306427,19.248536682128908,0.0,1542.2617309570312,0.022858556360006332,0.7564335465431213,20.78877433025837,18.891763366712883,27.576305389404297,3.294553607702255e-08,1.709190011024475,2.544193983078003,5.554569244384766,0.3121170699596405
295,jammer_beamformer,9.068753570318222e-08,2.5898754835128783,53.47449378967285,0.0,1517.3125366210938,-0.09246870130300522,0.6461777091026306,14.9382385648638,16.35948421064427,24.41763687133789,-9.173527359962463e-08,1.5480996370315552,2.249370813369751,6.807901382446289,0.342021107673645
296,bs_beamformer,4.190951585769653e-09,3.481732988357544,53.0506778717041,0.0,424.63231506347654,-0.09519081562757492,0.6702257990837097,14.986667643439025,16.22260041991506,26.3470516204834,-4.6566128730773926e-09,1.7772537469863892,2.262193441390991,7.119102954864502,0.363186240196228
296,uav_trajectory,1.3969838619232178e-09,4.62483401298523,19.24066295623779,0.0,1154.1380187988282,-0.006573144346475601,0.6908406615257263,18.51598608392477,18.10766314335958,27.86359977722168,0.0,2.171137571334839,2.9428975582122803,5.573344707489014,0.31318703293800354
296,jammer_beamformer,-9.778887033462524e-09,2.009951877593994,53.46407051086426,0.0,1427.6167358398438,-0.03789767995476723,0.6410465836524963,13.240835410062223,15.17192295803943,25.250146865844727,9.313225746154785e-09,1.426519513130188,3.049851417541504,6.82912015914917,0.34324872493743896
297,bs_beamformer,-1.280568540096283e-09,3.8729271411895754,53.019182968139646,0.0,1492.354833984375,-0.005674745887517929,0.7802858948707581,15.6973272517398,16.93427678051987,26.726585388183594,3.725290298461914e-09,1.8717042207717896,3.1194183826446533,7.166599750518799,0.365805059671402
297,uav_trajectory,4.889443516731262e-09,1.4085206747055055,19.23199405670166,0.0,1108.3118225097655,-0.03996912017464638,0.6326338052749634,20.626128680666287,18.887582856610127,27.670265197753906,-3.725290298461914e-09,1.2380071878433228,2.6999101638793945,5.593442916870117,0.3143782317638397
297,jammer_beamformer,-1.257285475730896e-09,3.4648798227310182,53.45516662597656,0.0,1038.8642700195312,-0.023583292961120605,0.6687296628952026,14.371863888666034,16.042345114882693,24.541650772094727,-4.656612873077393e-10,1.8483476638793945,3.2483959197998047,6.843247890472412,0.34403836727142334
298,bs_beamformer,-2.2863969206809998e-08,3.1630423784255983,52.99691619873047,0.0,371.6421722412109,-0.05083500221371651,0.6572279334068298,16.170479661135,17.261948527171537,26.632976531982422,2.1420419216156006e-08,1.8002325296401978,3.000624418258667,7.198063373565674,0.3675127327442169
298,uav_trajectory,-1.0058283805847169e-08,3.75382604598999,19.22201271057129,0.0,1269.3606201171874,-0.007829420268535614,0.755119800567627,20.844356480131548,19.05308317601313,27.567346572875977,1.1175870895385742e-08,1.9698320627212524,2.8886945247650146,5.616044044494629,0.31575530767440796
298,jammer_beamformer,1.1920928955078126e-08,5.490454578399659,53.437068176269534,0.0,258.7744873046875,-0.06093771755695343,0.7368822693824768,14.833584851247258,16.316337252830174,25.51435089111328,-1.1175870895385742e-08,2.395007610321045,2.5845229625701904,6.858546257019043,0.34487205743789673
299,bs_beamformer,-2.0349398255348207e-08,3.93539674282074,52.9678768157959,0.0,561.0656127929688,-0.04317322373390198,0.6051735281944275,16.371206904008986,17.47019655958934,27.637798309326172,1.909211277961731e-08,2.031421422958374,2.790410041809082,7.235393047332764,0.36949190497398376
299,uav_trajectory,1.4598481357097626e-08,3.586947798728943,19.212349319458006,0.0,1571.2474853515625,0.031024368479847908,0.7078453302383423,21.238158399661383,19.219466461369116,27.807266235351562,-1.3504177331924438e-08,1.6696052551269531,2.6666154861450195,5.641391277313232,0.3172950744628906
299,jammer_beamformer,-1.9045546650886535e-08,4.82988395690918,53.40336875915527,0.0,707.0941345214844,-0.034143440425395966,0.6873610019683838,15.150781159657985,16.54960361183603,24.746042251586914,2.1420419216156006e-08,2.2181615829467773,2.3156979084014893,6.899454116821289,0.34710997343063354
300,bs_beamformer,3.725290298461914e-09,2.9708873510360716,52.94196701049805,0.0,685.197607421875,0.003276796080172062,0.7384766936302185,16.54625192142278,17.590072178574268,27.130531311035156,-1.862645149230957e-09,1.5948985815048218,3.1579818725585938,7.276707649230957,0.37169551849365234
300,uav_trajectory,2.076849341392517e-08,4.399241590499878,19.204722785949706,0.0,2068.5951416015623,-0.05243486166000366,0.6808468103408813,21.288896274407705,19.273369034898092,27.7080020904541,-2.3748725652694702e-08,2.1293411254882812,2.3825511932373047,5.664327621459961,0.3186552822589874
300,jammer_beamformer,-6.1932951211929325e-09,2.5872600078582764,53.38071708679199,0.0,1468.3293579101562,-0.09439264237880707,0.6026642322540283,15.190868001300842,16.625414725009446,24.807825088500977,6.51925802230835e-09,1.5256553888320923,2.4438140392303467,6.939884185791016,0.3493099808692932
301,bs_beamformer,1.1641532182693481e-10,5.191976547241211,52.91991920471192,0.0,2484.0813232421874,-0.00474036717787385,0.6564734578132629,16.68155555685982,17.68960607841884,26.683359146118164,-3.4924596548080444e-09,2.341944456100464,2.6372768878936768,7.31492805480957,0.3737570643424988
301,uav_trajectory,-1.057051122188568e-08,2.991472601890564,19.198376846313476,0.0,1258.9069946289062,-0.04074856638908386,0.6821139454841614,21.44055202158292,19.406823890462757,27.98361587524414,1.6298145055770874e-08,1.771337628364563,2.1894888877868652,5.6816792488098145,0.3196790814399719
301,jammer_beamformer,-6.7055225372314455e-09,5.624423837661743,53.36582565307617,0.0,335.8530609130859,0.027208849787712097,0.772101104259491,15.32659302763641,16.743002153539354,25.041603088378906,1.909211277961731e-08,2.158018112182617,2.1239864826202393,6.962320804595947,0.3505215644836426
302,bs_beamformer,-2.9499642550945283e-08,2.256070876121521,52.90144309997559,0.0,523.7371673583984,-0.0638371929526329,0.6668807864189148,16.611922851070762,17.704128380792014,27.432044982910156,2.8870999813079834e-08,1.514136552810669,2.788071393966675,7.342525482177734,0.37529751658439636
302,uav_trajectory,-1.0989606380462647e-08,3.4612778186798097,19.191349029541016,0.0,1724.7015258789063,-0.05545429885387421,0.6849010586738586,21.611934161980948,19.459686761764893,27.83651351928711,7.450580596923828e-09,1.9297641515731812,2.264517307281494,5.698668003082275,0.32064858078956604
302,jammer_beamformer,-4.656612873077393e-10,3.9079689979553223,53.34686622619629,0.0,1323.4065673828125,-0.0733732134103775,0.7032660841941833,15.29995480782725,16.746669641808012,25.131959915161133,2.7939677238464355e-09,1.9418753385543823,2.804039239883423,6.990573883056641,0.3520753085613251
303,bs_beamformer,6.053596735000611e-10,4.810082864761353,52.87536849975586,0.0,1198.5521850585938,-0.05936988815665245,0.7416275143623352,16.63648214954883,17.756307185990853,27.263320922851562,1.862645149230957e-09,2.2807905673980713,2.9336583614349365,7.379805088043213,0.3773685693740845
303,uav_trajectory,-1.3504177331924438e-09,2.512942337989807,19.18400058746338,0.0,1538.3481079101562,-0.026663638651371002,0.7191765308380127,21.554618156830468,19.440579176967223,27.641265869140625,5.820766091346741e-09,1.6138782501220703,3.205967903137207,5.716745376586914,0.321637898683548
303,jammer_beamformer,6.24917447566986e-08,3.7529512882232665,53.3308219909668,0.0,406.01466369628906,-0.0743580013513565,0.6876220703125,15.240649965826423,16.745214723533618,25.13173484802246,-6.612390279769897e-08,1.924391508102417,2.3290634155273438,7.01639986038208,0.35352233052253723
304,bs_beamformer,1.0989606380462647e-08,5.735338878631592,52.854306030273435,0.0,821.7571044921875,-0.0597408153116703,0.7719756960868835,16.730726178113372,17.86285081533144,26.943275451660156,-1.210719347000122e-08,2.4656732082366943,2.676483631134033,7.416153907775879,0.37938451766967773
304,uav_trajectory,1.1408701539039612e-08,4.237231159210205,19.175933837890625,0.0,1281.9352966308593,-0.07647217810153961,0.7062919735908508,21.608412435968717,19.52880604047083,28.28061294555664,-1.30385160446167e-08,2.1152641773223877,3.015643835067749,5.736575126647949,0.3227352797985077
304,jammer_beamformer,3.9511360228061673e-08,5.242637252807617,53.31498336791992,0.0,1254.4074340820312,-0.05060951039195061,0.6620959639549255,15.323383074048907,16.806234095903424,25.31112289428711,-3.67872416973114e-08,2.344233274459839,3.3534202575683594,7.0421319007873535,0.35495585203170776
305,bs_beamformer,-3.91155481338501e-09,2.9972055435180662,52.83480529785156,0.0,2101.1031982421873,-0.012016190215945244,0.677631676197052,16.48000258160755,17.750857357605966,27.95339012145996,1.862645149230957e-09,1.6807409524917603,2.5893664360046387,7.447610855102539,0.3811790943145752
305,uav_trajectory,5.029141902923584e-09,6.118465185165405,19.16786766052246,0.0,1175.1756164550782,-0.01685914397239685,0.7747430205345154,21.265929084708294,19.521857066941394,28.445749282836914,-7.450580596923828e-09,2.507153034210205,2.9866623878479004,5.757650375366211,0.3239237368106842
305,jammer_beamformer,-1.6577541828155518e-08,2.252286744117737,53.30014228820801,0.0,233.58394317626954,-0.06150858849287033,0.632540225982666,14.877972452662885,16.56956716678763,25.670236587524414,1.210719347000122e-08,1.5195894241333008,2.146841287612915,7.0652360916137695,0.3562502861022949
306,bs_beamformer,-4.0745362639427185e-09,2.5625284910202026,52.818660736083984,0.0,796.4335388183594,-0.04903736338019371,0.6421170830726624,16.35687846606225,17.59905373731184,28.15341567993164,3.259629011154175e-09,1.6391870975494385,2.6002564430236816,7.472838878631592,0.3826030194759369
306,uav_trajectory,1.5506520867347716e-08,2.3611703634262087,19.159221839904784,0.0,1731.0952758789062,-0.0456254668533802,0.7222689390182495,20.669626908262572,19.346907897638104,28.82989501953125,-1.7695128917694092e-08,1.5829914808273315,3.3509416580200195,5.782020092010498,0.32532232999801636
306,jammer_beamformer,-3.7252902984619143e-10,3.2357970237731934,53.27781867980957,0.0,291.9180389404297,-0.006075235083699226,0.7810354828834534,14.801373161990195,16.557930862990325,25.312946319580078,-4.656612873077393e-10,1.7818944454193115,2.1872332096099854,7.099813938140869,0.3581445515155792
307,bs_beamformer,-1.0884832590818405e-08,4.727476596832275,52.79920768737793,0.0,299.8803680419922,-0.11091700941324234,0.6565786600112915,16.468024929188193,17.81074229949949,27.794666290283203,1.3969838619232178e-08,1.9147391319274902,2.98911714553833,7.499034404754639,0.384066641330719
307,uav_trajectory,2.0232982933521272e-08,3.9223253965377807,19.150796508789064,0.0,1613.6574951171874,-0.028054267168045044,0.6647584438323975,21.04360943710804,19.504739196447304,28.64763641357422,-2.1420419216156006e-08,2.0722835063934326,3.1769826412200928,5.805418014526367,0.3266770839691162
307,jammer_beamformer,7.916241884231567e-10,4.002596235275268,53.25086212158203,0.0,3369.71455078125,0.016444042325019836,0.7171276211738586,15.131738357109949,16.810087793712796,25.8418025970459,4.656612873077393e-10,1.8769450187683105,2.678666830062866,7.1511921882629395,0.361043781042099
308,bs_beamformer,5.9045851230621337e-08,4.368591976165772,52.78270301818848,0.0,2605.6768310546877,-0.06718187034130096,0.7041646838188171,16.84049761378765,18.043646487755105,27.513628005981445,-6.309710443019867e-08,2.0925135612487793,2.533226490020752,7.533188343048096,0.3860554099082947
308,uav_trajectory,3.166496753692627e-09,2.4411102294921876,19.142549324035645,0.0,1249.027734375,-0.051677003502845764,0.7278615832328796,21.80154348496596,19.818897389511797,28.35222625732422,-5.587935447692871e-09,1.5744173526763916,3.1753599643707275,5.826551914215088,0.32792624831199646
308,jammer_beamformer,7.916241884231567e-09,6.105873155593872,53.23599548339844,0.0,3872.72265625,0.036705560982227325,0.7552483081817627,15.380675299387425,17.004844849068512,25.668067932128906,-1.1175870895385742e-08,2.22697377204895,3.0359458923339844,7.187577724456787,0.3631160259246826
309,bs_beamformer,2.9522925615310668e-08,4.60986704826355,52.76700553894043,0.0,568.7230041503906,-0.06826595962047577,0.7466927170753479,15.887929393067957,17.45746545742908,27.697107315063477,-3.259629011154175e-08,2.215388059616089,2.9662814140319824,7.558683395385742,0.3875727355480194
309,uav_trajectory,1.4528632164001465e-08,2.325006294250488,19.133430099487306,0.0,1932.911474609375,-0.038369473069906235,0.6904193162918091,20.648919500122467,19.485131681395863,28.787229537963867,-1.30385160446167e-08,1.5966416597366333,2.6845924854278564,5.85004997253418,0.32931947708129883
309,jammer_beamformer,6.556510925292969e-08,3.339556837081909,53.2283634185791,0.0,2719.7367919921876,-0.0678970143198967,0.7276865243911743,14.25704923766479,16.32800741259624,25.740476608276367,-5.820766091346741e-08,1.7772828340530396,2.9018514156341553,7.204708099365234,0.3640686869621277
310,bs_beamformer,6.472691893577576e-09,2.4731623411178587,52.73970947265625,0.0,535.1334594726562,-0.017346221953630447,0.6857613325119019,16.867975599221886,18.08993003299847,27.82550621032715,-6.51925802230835e-09,1.5201894044876099,2.38135027885437,7.5933003425598145,0.38947710394859314
310,uav_trajectory,6.6356733441352844e-09,5.259935092926026,19.12540225982666,0.0,1436.0186950683594,-0.05828935280442238,0.7128695845603943,21.7475686480999,19.89281077369859,28.78030014038086,-6.752088665962219e-09,2.336695909500122,2.2288498878479004,5.872508525848389,0.3306296467781067
310,jammer_beamformer,5.308538675308228e-09,4.2178233623504635,53.22218399047851,0.0,309.82017974853517,-0.050821974873542786,0.7358870506286621,15.178528931196778,16.924322966771932,26.433500289916992,-2.3283064365386963e-09,2.076066017150879,3.245490074157715,7.214509010314941,0.36462751030921936
311,bs_beamformer,-2.6961788535118102e-08,3.1328619956970214,52.706886291503906,0.0,732.2247985839844,-0.08732213079929352,0.6249186992645264,16.51568651679717,17.93128785478491,27.7847957611084,2.7008354663848877e-08,1.6290042400360107,3.399535894393921,7.642081260681152,0.39219313859939575
311,uav_trajectory,-2.9103830456733704e-09,2.3917758464813232,19.116740226745605,0.0,1355.7966064453126,0.0004067299887537956,0.659752607345581,21.523860138376556,19.908706556954776,28.6068172454834,4.190951585769653e-09,1.4474525451660156,2.616929769515991,5.89203405380249,0.3317852318286896
311,jammer_beamformer,5.4296106100082395e-08,3.254622554779053,53.21153945922852,0.0,874.9147521972657,-0.08311594277620316,0.6360326409339905,14.868590674327686,16.72520895743959,25.437036514282227,-5.774199962615967e-08,1.7459919452667236,3.2708139419555664,7.233504295349121,0.36568668484687805
312,bs_beamformer,-1.742737367749214e-08,2.9306695222854615,52.67686386108399,0.0,450.32281799316405,-0.004611052572727203,0.7319884896278381,17.03123600042239,18.2581691230714,27.97687339782715,1.0244548320770264e-08,1.6699583530426025,3.2211015224456787,7.68853759765625,0.39482274651527405
312,uav_trajectory,2.3283064365386963e-09,2.479936957359314,19.106479263305665,0.0,865.2950378417969,-0.03913218900561333,0.6622072458267212,21.037104587177435,19.764771698178855,28.997224807739258,-9.313225746154785e-10,1.660287618637085,3.5343756675720215,5.91416072845459,0.3331131339073181
312,jammer_beamformer,-5.029141902923584e-09,1.783271813392639,53.199212646484376,0.0,1410.9668823242187,-0.01729537732899189,0.7004842758178711,15.04428012046963,16.833349808869954,25.70587158203125,1.862645149230957e-09,1.3067303895950317,3.826598644256592,7.256817817687988,0.3669770061969757
313,bs_beamformer,5.8673322200775145e-09,5.636640167236328,52.64397087097168,0.0,1012.8938049316406,-0.028902582824230194,0.7558193206787109,17.41912171167508,18.601394798357365,27.896385192871094,-9.313225746154785e-09,2.4477784633636475,2.063812494277954,7.7421112060546875,0.39789000153541565
313,uav_trajectory,-1.759035512804985e-08,6.407540702819825,19.094068717956542,0.0,1379.0235229492187,0.04361562430858612,0.7732771635055542,22.431028762578965,20.252157163689798,29.059358596801758,1.6763806343078613e-08,2.2528469562530518,2.3998942375183105,5.944326400756836,0.3348945081233978
313,jammer_beamformer,2.9336661100387572e-09,2.931056022644043,53.18445243835449,0.0,471.36163635253905,-0.04855426400899887,0.7268078327178955,15.708838364049793,17.306869430355345,25.889408111572266,-4.6566128730773926e-09,1.7770248651504517,3.3240039348602295,7.277477741241455,0.36811670660972595
314,bs_beamformer,-3.958120942115784e-09,3.7097697257995605,52.61474113464355,0.0,553.6054931640625,-0.0497080534696579,0.6793063282966614,17.30231128013134,18.56672063816277,28.23830795288086,5.587935447692871e-09,2.0216124057769775,2.780564546585083,7.789066314697266,0.40062275528907776
314,uav_trajectory,-2.2351741790771484e-09,3.482750582695007,19.081904792785643,0.0,1142.7912292480469,-0.03009086288511753,0.6674327254295349,22.311979577938715,20.267695421671814,29.06640625,5.3551048040390015e-09,1.9391655921936035,3.3854830265045166,5.975816249847412,0.3367096483707428
314,jammer_beamformer,6.223563104867935e-08,4.896111059188843,53.162286376953126,0.0,2243.87275390625,-0.12079016864299774,0.6897655129432678,15.623204744996503,17.256584868062887,25.766551971435547,-6.426125764846802e-08,2.069636106491089,2.576035499572754,7.309466361999512,0.3699438273906708
315,bs_beamformer,-1.8277205526828766e-08,3.2939005136489867,52.585517501831056,0.0,2203.3000610351564,-0.03823906555771828,0.7329010367393494,15.856822194118052,17.694639125872616,29.08007049560547,1.909211277961731e-08,1.8848875761032104,2.843026876449585,7.8384175300598145,0.40346869826316833
315,uav_trajectory,6.752088665962219e-09,3.609527659416199,19.069297218322752,0.0,1552.7378173828124,-0.014328387565910816,0.73663330078125,19.803503312885763,19.548443839208264,29.10829734802246,-8.847564458847046e-09,1.9414252042770386,3.4182567596435547,6.006295204162598,0.3384780287742615
315,jammer_beamformer,1.2619420886039735e-08,3.404329299926758,53.14796180725098,0.0,2191.0823974609375,0.011190742254257202,0.6695540547370911,13.915797260103748,16.254728607565088,25.55338478088379,-1.955777406692505e-08,1.5784358978271484,2.5566458702087402,7.339136600494385,0.3716507852077484
316,bs_beamformer,-5.052424967288971e-09,5.068769025802612,52.56731185913086,0.0,3832.6670166015624,0.012932214885950089,0.6837449669837952,17.036625501060392,18.4450160874738,28.354671478271484,4.656612873077393e-10,2.027735710144043,2.7384984493255615,7.876334190368652,0.40565431118011475
316,uav_trajectory,1.7834827303886412e-08,5.86624846458435,19.05763683319092,0.0,1196.0974487304688,-0.07436098903417587,0.7297311425209045,21.290140839626392,20.133191235259794,29.64478302001953,-1.83936208486557e-08,2.4406533241271973,3.5038087368011475,6.035503387451172,0.3401923179626465
316,jammer_beamformer,2.8870999813079835e-09,3.714029574394226,53.138254165649414,0.0,2298.6100830078126,-0.014474069699645042,0.7359488010406494,14.705792954813688,16.697083171845637,26.072851181030273,0.0,1.8915472030639648,3.240396738052368,7.356682777404785,0.37264522910118103
317,bs_beamformer,8.800998330116271e-09,5.379644107818604,52.556253814697264,0.0,1652.9664916992188,-0.029414303600788116,0.7308480143547058,17.696418905973434,18.96537234175033,28.53824234008789,-1.0477378964424133e-08,2.381336212158203,3.4131381511688232,7.896451473236084,0.40680333971977234
317,uav_trajectory,2.0023435354232787e-09,4.646340227127075,19.046724128723145,0.0,2086.7939575195314,-0.03313114494085312,0.7738431692123413,22.57866651584208,20.617145268786118,29.479904174804688,-2.7939677238464355e-09,2.2346251010894775,2.5938189029693604,6.0634989738464355,0.3418324589729309
317,jammer_beamformer,-1.3154931366443634e-08,3.5836981773376464,53.13085784912109,0.0,3226.906298828125,-0.010540620423853397,0.7268525958061218,15.445820088286418,17.178666242472133,26.569828033447266,1.1175870895385742e-08,1.823424220085144,1.8892924785614014,7.369020938873291,0.3733646869659424
318,bs_beamformer,2.1886080503463746e-09,4.090563726425171,52.546434783935545,0.0,5145.515771484375,-0.022120384499430656,0.6777805089950562,17.660238339662552,18.939055774950948,28.138017654418945,-3.259629011154175e-09,2.0466487407684326,2.250638246536255,7.912844181060791,0.40774521231651306
318,uav_trajectory,5.122274160385132e-09,3.5405588865280153,19.037367248535155,0.0,1041.3919860839844,-0.021338891237974167,0.7263670563697815,22.611089667856692,20.69731741833758,29.791645050048828,-1.862645149230957e-09,1.9371187686920166,2.4717938899993896,6.086651802062988,0.3432081937789917
318,jammer_beamformer,3.012828528881073e-08,7.597008180618286,53.123887634277345,0.0,1817.7920288085938,0.08544328808784485,0.7711049914360046,15.473117624923587,17.257276459645986,25.950847625732422,-2.8870999813079834e-08,1.8092963695526123,2.969621419906616,7.378671169281006,0.37395089864730835
319,bs_beamformer,-1.7695128917694092e-08,7.087535715103149,52.535010147094724,0.0,477.20697631835935,0.025151576846837997,0.7084879279136658,18.01760221789777,19.15762028656795,28.588598251342773,1.3562384992837906e-08,2.481997013092041,3.070465326309204,7.925355911254883,0.40844428539276123
319,uav_trajectory,-6.239861249923706e-09,2.509672522544861,19.02537727355957,0.0,1216.1782836914062,0.020499348640441895,0.6981698274612427,23.110188688079518,20.924400514632218,30.207164764404297,1.1175870895385742e-08,1.3692865371704102,2.853224754333496,6.113710403442383,0.3448030650615692
319,jammer_beamformer,5.681067705154419e-09,3.6532915115356444,53.11139183044433,0.0,299.30413513183595,-0.0329124890267849,0.7143832445144653,15.839706576503813,17.425562898190027,26.071578979492188,-4.190951585769653e-09,1.9170100688934326,2.104107141494751,7.389578342437744,0.3746193051338196
320,bs_beamformer,-6.100162863731384e-09,10.170076751708985,52.50744361877442,0.0,506.1143737792969,0.040297918021678925,0.7817223072052002,16.950886322408916,18.536072482788256,29.965312957763672,1.862645149230957e-09,2.9655356407165527,2.939405918121338,7.959071159362793,0.4103444218635559
320,uav_trajectory,1.5832483768463134e-09,2.6008537292480467,19.014255905151366,0.0,1836.7960327148437,-0.01455465704202652,0.6964447498321533,21.714192612707613,20.55690321172755,29.774465560913086,3.725290298461914e-09,1.5674939155578613,3.14315128326416,6.143448829650879,0.34654664993286133
320,jammer_beamformer,1.258798874914646e-07,2.5787291049957277,53.08931045532226,0.0,2686.8169189453124,-0.0646420419216156,0.663784921169281,14.927689449487254,17.001833915871572,26.106477737426758,-1.2619420886039734e-07,1.584491491317749,2.3014132976531982,7.423074245452881,0.3765542209148407
321,bs_beamformer,-1.6530975699424744e-08,3.450378727912903,52.47331619262695,0.0,962.4677612304688,-0.050443291664123535,0.6415599584579468,17.97847802481428,19.280806429239412,29.51446533203125,1.4901161193847656e-08,1.9702283143997192,2.2241437435150146,8.013957977294922,0.41341766715049744
321,uav_trajectory,-1.3969838619232178e-09,2.5450016975402834,19.006661224365235,0.0,1513.6799926757812,-0.045704834163188934,0.6747909784317017,23.368217029333113,21.09432400055712,30.78923797607422,4.656612873077393e-10,1.5915966033935547,2.5845704078674316,6.165594577789307,0.3478628695011139
321,jammer_beamformer,5.4948031902313236e-09,2.6239121198654174,53.077002334594724,0.0,2677.6247314453126,-0.029663395136594772,0.6910129189491272,15.961083437606693,17.642562689888365,26.00107765197754,-3.725290298461914e-09,1.5944538116455078,2.0561928749084473,7.450471878051758,0.3781132698059082
322,bs_beamformer,1.671724021434784e-08,3.1506613969802855,52.44563293457031,0.0,1243.6303649902343,0.012480108067393303,0.6934426426887512,18.1998489749711,19.415547157070456,29.104013442993164,-2.1420419216156006e-08,1.6276357173919678,2.496544599533081,8.064623832702637,0.41621899604797363
322,uav_trajectory,-1.580920070409775e-08,4.411520862579346,18.99880714416504,0.0,911.2552978515625,0.016851477324962616,0.7763682007789612,23.44373830493291,21.167469360903677,29.84549331665039,1.30385160446167e-08,2.07206130027771,2.3914501667022705,6.183917999267578,0.34893280267715454
322,jammer_beamformer,6.05359673500061e-09,3.3079771995544434,53.06982955932617,0.0,790.9465759277343,-0.030800286680459976,0.6936948299407959,16.139920563194902,17.720012944026347,26.268674850463867,-4.6566128730773926e-09,1.8304481506347656,2.3248846530914307,7.463024616241455,0.3788377046585083
323,bs_beamformer,-6.3795596361160275e-09,1.6370314478874206,52.42249870300293,0.0,1522.7930297851562,-0.0444161556661129,0.6846610903739929,18.291854328854008,19.485531398469604,29.19426155090332,6.51925802230835e-09,1.32968270778656,3.0414979457855225,8.104405403137207,0.41840359568595886
323,uav_trajectory,-2.3283064365386963e-09,4.938890266418457,18.98802547454834,0.0,1754.9067138671876,-0.0011162078008055687,0.7841391563415527,23.482664647201698,21.278711821298092,30.65143394470215,1.862645149230957e-09,2.2493135929107666,1.9727026224136353,6.210133075714111,0.3504679501056671
323,jammer_beamformer,3.166496753692627e-09,3.9818180322647097,53.059139251708984,0.0,499.52989196777344,-0.003470970317721367,0.796707808971405,16.21777122381702,17.751538105887416,26.527158737182617,0.0,1.9320635795593262,2.1162703037261963,7.47596549987793,0.37960466742515564
324,bs_beamformer,-6.984919309616089e-10,3.96046895980835,52.40286979675293,0.0,2074.6625,-0.01650572009384632,0.7371201515197754,18.317875837977976,19.56270269496772,29.204524993896484,3.725290298461914e-09,2.009134531021118,2.2501611709594727,8.137401580810547,0.4202280640602112
324,uav_trajectory,7.450580596923829e-10,3.595444750785828,18.97800350189209,0.0,1144.760693359375,-0.03510584682226181,0.7232719659805298,23.7019965206484,21.408903058808804,30.37999153137207,-5.587935447692871e-09,1.9531288146972656,2.5703978538513184,6.236721038818359,0.35201746225357056
324,jammer_beamformer,4.1443854570388794e-08,2.941971755027771,53.04433059692383,0.0,2245.9306640625,-0.04408527910709381,0.6813352108001709,16.46533841219172,17.951792821268967,26.969423294067383,-4.190951585769653e-08,1.7964915037155151,3.226419448852539,7.499558448791504,0.3810223937034607
325,bs_beamformer,2.5937333703041078e-08,7.369483184814453,52.38889045715332,0.0,1718.2075805664062,0.09122715890407562,0.809687614440918,18.08914296612516,19.43810929806552,28.745630264282227,-2.7474015951156616e-08,1.9830900430679321,2.6549084186553955,8.16247844696045,0.42162561416625977
325,uav_trajectory,3.91155481338501e-09,2.216587448120117,18.96784839630127,0.0,2148.08408203125,-0.01622919552028179,0.611257791519165,23.711296659906704,21.47501130441621,30.398086547851562,-2.7939677238464355e-09,1.5224738121032715,2.8471179008483887,6.262322902679443,0.3535248041152954
325,jammer_beamformer,5.3131952881813047e-08,4.934616470336914,53.03318862915039,0.0,1194.0966918945312,-0.0775381475687027,0.6769146919250488,16.225946211613714,17.864555859907068,26.20229148864746,-5.2619725465774536e-08,2.1133506298065186,2.391331434249878,7.520822048187256,0.38227733969688416
326,bs_beamformer,-1.604203134775162e-08,7.658832645416259,52.377001953125,0.0,1316.35244140625,-0.012669643387198448,0.7185394763946533,18.00394733268395,19.38538688954453,28.73965072631836,9.778887033462524e-09,2.7987992763519287,2.002422571182251,8.182854652404785,0.4227917492389679
326,uav_trajectory,2.3236498236656188e-08,2.467901039123535,18.960017204284668,0.0,1442.8400756835938,-0.05067673325538635,0.665989100933075,23.499482404311497,21.411108263870865,30.79831886291504,-2.8870999813079834e-08,1.5927953720092773,2.5400729179382324,6.2837114334106445,0.35478299856185913
326,jammer_beamformer,5.80446794629097e-08,2.6950212001800535,53.01676712036133,0.0,201.15243530273438,-0.10382108390331268,0.6561682224273682,16.35461210567504,17.97041144955475,26.8422908782959,-5.029141902923584e-08,1.2719342708587646,2.7351157665252686,7.5369648933410645,0.3832152187824249
327,bs_beamformer,-3.539025783538818e-09,3.2261001586914064,52.36403465270996,0.0,2706.2699462890623,-0.04352615028619766,0.6965591907501221,17.494600317850708,19.08400430039414,29.632993698120117,1.862645149230957e-09,1.85741126537323,2.665408134460449,8.20340633392334,0.42397603392601013
327,uav_trajectory,2.260785549879074e-08,4.1780524253845215,18.95177001953125,0.0,2095.6039184570313,-0.07155051082372665,0.582734227180481,23.545099884668986,21.504933831092607,30.281137466430664,-2.8638169169425964e-08,1.9827247858047485,2.8269901275634766,6.304926872253418,0.3559962213039398
327,jammer_beamformer,3.1641684472560884e-08,4.476126956939697,52.986833572387695,0.0,854.8461791992188,-0.07069510221481323,0.713860273361206,16.097634678822242,17.813663974044683,26.401456832885742,-3.4226104617118835e-08,2.1181325912475586,2.407639980316162,7.574831008911133,0.38539159297943115
328,bs_beamformer,-5.005858838558197e-08,5.912830448150634,52.352932357788085,0.0,2260.0452880859375,0.06713972985744476,0.7394614219665527,18.029186866268514,19.401911568421475,28.840566635131836,5.168840289115906e-08,1.8201440572738647,3.448181390762329,8.222543716430664,0.4250961244106293
328,uav_trajectory,-9.73232090473175e-09,3.2796253681182863,18.94431037902832,0.0,1429.0039306640624,-0.05979742854833603,0.7190744280815125,23.544138397097587,21.51930453483005,31.15936279296875,1.1175870895385742e-08,1.8330793380737305,2.349508762359619,6.324156284332275,0.35710734128952026
328,jammer_beamformer,-3.9441511034965516e-08,5.118589305877686,52.965767288208006,0.0,3866.5072265625,-0.10562595725059509,0.6557472348213196,16.43571472514421,18.04185132256546,27.047060012817383,4.563480615615845e-08,2.1490540504455566,2.767932653427124,7.612211227416992,0.3875259757041931
329,bs_beamformer,2.3376196622848512e-08,3.7498045921325684,52.34437561035156,0.0,4770.6162109375,-0.055543817579746246,0.6741785407066345,18.080439266622065,19.51394270827207,28.92318344116211,-2.0489096641540527e-08,1.9451605081558228,2.3699276447296143,8.237458229064941,0.4259576201438904
329,uav_trajectory,3.231689333915711e-08,2.5895112991333007,18.936823844909668,0.0,1406.15927734375,-0.03860747441649437,0.6586957573890686,24.078589864174525,21.780731558518745,30.96023178100586,-2.9336661100387573e-08,1.6782697439193726,3.787285089492798,6.344035625457764,0.35826656222343445
329,jammer_beamformer,-2.3865140974521637e-08,2.9918458461761475,52.9545166015625,0.0,1429.4097900390625,-0.07086772471666336,0.6617676615715027,16.356741565737874,18.029026662746812,27.393115997314453,2.60770320892334e-08,1.7090845108032227,3.2949812412261963,7.633254051208496,0.3887042999267578
330,bs_beamformer,1.909211277961731e-08,2.387522315979004,52.337306594848634,0.0,627.7192138671875,-0.05855746567249298,0.6494277715682983,18.015571298986675,19.489209177551654,29.029327392578125,-1.30385160446167e-08,1.4784178733825684,2.4984688758850098,8.247756004333496,0.42656418681144714
330,uav_trajectory,1.862645149230957e-09,5.4848168849945065,18.929210472106934,0.0,1615.7597351074219,0.0007630214095115662,0.8146791458129883,24.195586493015288,21.774203203301877,30.488143920898438,6.984919309616089e-10,2.369788408279419,3.3442838191986084,6.365473747253418,0.35951685905456543
330,jammer_beamformer,-1.0617077350616455e-08,5.852642965316773,52.94664611816406,0.0,1262.506982421875,-0.0008208244107663631,0.7471283674240112,16.255321116928013,17.950268746278542,26.49047088623047,9.313225746154785e-09,2.3030755519866943,2.9567525386810303,7.648797512054443,0.3895581066608429
331,bs_beamformer,4.98257577419281e-09,1.4972980737686157,52.32311668395996,0.0,676.9410095214844,-0.04615260660648346,0.6315072774887085,18.079001453984528,19.560032330558816,29.643714904785156,-6.05359673500061e-09,1.2447404861450195,3.3587839603424072,8.265275001525879,0.42759057879447937
331,uav_trajectory,-3.25031578540802e-08,3.4241312742233276,18.919740676879883,0.0,945.036376953125,-0.10037718713283539,0.7031686305999756,24.201003945012886,21.883215897649265,31.013782501220703,2.7008354663848877e-08,1.6022062301635742,2.848738670349121,6.387768268585205,0.36080053448677063
331,jammer_beamformer,-5.122274160385132e-10,3.809947633743286,52.94354515075683,0.0,2040.228857421875,0.031277723610401154,0.6773383617401123,16.19733205640316,17.98873787079796,26.853675842285156,9.313225746154785e-10,1.660666584968567,2.541036367416382,7.659310340881348,0.3901609182357788
332,bs_beamformer,1.0896474123001098e-08,3.8890488147735596,52.30257225036621,0.0,2788.070263671875,-0.028835617005825043,0.7130736112594604,18.513264041930437,19.87606085598749,29.26340103149414,-8.381903171539307e-09,1.9787497520446777,2.4557576179504395,8.301344871520996,0.42967355251312256
332,uav_trajectory,9.639188647270202e-09,2.4558310985565184,18.908165550231935,0.0,1119.7655700683595,-0.010598716326057911,0.695611834526062,24.171785402079422,21.945320938680997,31.08673667907715,-7.450580596923828e-09,1.5432227849960327,2.567176342010498,6.417663097381592,0.36252662539482117
332,jammer_beamformer,-9.96515154838562e-09,4.938295650482178,52.93903999328613,0.0,1661.0616577148437,-0.08153412491083145,0.6113268733024597,16.465990869717672,18.166398353170283,26.821779251098633,5.587935447692871e-09,2.214736223220825,2.4783403873443604,7.667072296142578,0.39064034819602966
333,bs_beamformer,-1.5832483768463134e-09,5.087482929229736,52.28774185180664,0.0,1083.3463745117188,0.028390176594257355,0.7044129967689514,18.412553553029895,19.82652414567165,29.32823371887207,-5.122274160385132e-09,2.140150785446167,2.4959511756896973,8.329208374023438,0.43130776286125183
333,uav_trajectory,9.220093488693238e-09,4.016269683837891,18.897353744506837,0.0,3542.2656494140624,-0.04285296052694321,0.7323326468467712,24.076740739206475,21.95046628300004,31.67154884338379,-1.5366822481155396e-08,2.0673952102661133,2.2726686000823975,6.447408676147461,0.36428210139274597
333,jammer_beamformer,1.6065314412117004e-08,5.316740989685059,52.926483154296875,0.0,610.7312561035156,-0.03549733757972717,0.7778417468070984,16.542521093524993,18.2104057071268,26.77730941772461,-1.3969838619232178e-08,2.382608413696289,2.6154234409332275,7.6787333488464355,0.39134714007377625
334,bs_beamformer,1.2107193470001221e-09,2.0433228492736815,52.26910285949707,0.0,1589.7293823242187,-0.0026060594245791435,0.6515153050422668,18.708400809302926,20.023325316046073,29.97402572631836,-2.561137080192566e-09,1.3742032051086426,2.7732391357421875,8.356293678283691,0.4328967034816742
334,uav_trajectory,2.935994416475296e-08,5.6938074111938475,18.889733505249023,0.0,1538.5642333984374,-0.12270299345254898,0.6491624712944031,24.1857944338123,22.02087066316387,30.888399124145508,-2.9103830456733704e-08,2.1211793422698975,2.7552168369293213,6.469743728637695,0.365601509809494
334,jammer_beamformer,-6.3795596361160275e-09,4.961557531356812,52.903132629394534,0.0,1774.202392578125,-0.012772485613822937,0.8191976547241211,16.854873540095983,18.41349234455133,28.479700088500977,1.862645149230957e-09,2.249605178833008,2.4941227436065674,7.711528778076172,0.3931743800640106
335,bs_beamformer,-2.9336661100387572e-09,3.6702322244644163,52.248968505859374,0.0,680.601611328125,0.015187064185738564,0.6958789825439453,18.90519128458947,20.14583627582062,29.750343322753906,4.6566128730773926e-09,1.8414027690887451,2.8111112117767334,8.383326530456543,0.43450620770454407
335,uav_trajectory,-1.909211277961731e-08,3.0478235244750977,18.882715797424318,0.0,1762.0571044921876,-0.057116761803627014,0.658781111240387,24.41466509326299,22.223070890186005,31.43149185180664,1.6298145055770874e-08,1.7661751508712769,2.0159647464752197,6.487664222717285,0.3666572868824005
335,jammer_beamformer,1.6624107956886293e-08,5.020036458969116,52.88611030578613,0.0,520.1555160522461,-0.06027859449386597,0.6981936097145081,16.886003598175943,18.462978652841667,27.190692901611328,-1.6763806343078613e-08,2.2813143730163574,2.116623878479004,7.741533279418945,0.3948393166065216
336,bs_beamformer,1.4575198292732239e-08,5.374943351745605,52.22133560180664,0.0,1872.112841796875,-0.004681473597884178,0.6592363119125366,18.137362742420287,19.724091453225796,29.82892417907715,-1.280568540096283e-08,2.4003894329071045,2.291832685470581,8.426345825195312,0.4370315670967102
336,uav_trajectory,6.7055225372314455e-09,4.790189933776856,18.875279235839844,0.0,2004.5509399414063,0.033252060413360596,0.6904842257499695,24.314776352018118,22.238047209927323,31.599403381347656,-1.1175870895385742e-08,2.084892749786377,3.0040981769561768,6.506553649902344,0.3677617311477661
336,jammer_beamformer,3.818422555923462e-08,5.986133289337158,52.8677474975586,0.0,1362.5093505859375,0.05937035381793976,0.7584092020988464,16.440236731568817,18.26530097438455,26.95649528503418,-3.725290298461914e-08,1.8865352869033813,2.194842576980591,7.770989418029785,0.3964576721191406
337,bs_beamformer,-4.6566128730773926e-09,5.277579879760742,52.20054588317871,0.0,3534.9861328125,0.019195713102817535,0.7589547634124756,17.913915633991362,19.61598880215304,29.657703399658203,4.6566128730773926e-09,2.206796407699585,2.151308536529541,8.467653274536133,0.4394289255142212
337,uav_trajectory,6.197951734066009e-08,3.5503374576568603,18.867834854125977,0.0,1643.8977783203125,-0.05258818715810776,0.7220498323440552,24.216351808190346,22.208007652683996,31.624177932739258,-6.05359673500061e-08,1.890623688697815,2.994659185409546,6.526699542999268,0.36896535754203796
337,jammer_beamformer,-5.774199962615967e-09,5.595755386352539,52.854096221923825,0.0,2871.674609375,0.024593722075223923,0.7049498558044434,15.86106914364174,17.911714045103572,27.63776397705078,6.05359673500061e-09,2.115907907485962,2.0580191612243652,7.802012920379639,0.39817363023757935
338,bs_beamformer,-2.1420419216156004e-09,3.5342214345932006,52.18746719360352,0.0,2310.5449951171877,-0.0278233103454113,0.7073133587837219,19.139200832806527,20.412486746523193,29.49477767944336,1.862645149230957e-09,1.9430075883865356,2.604450225830078,8.492382049560547,0.44088324904441833
338,uav_trajectory,-9.12696123123169e-09,5.727621746063233,18.86042137145996,0.0,2965.6049560546876,0.013082554563879967,0.7532660961151123,24.790842553555965,22.430004303676498,31.375219345092773,5.9371814131736755e-09,2.4070301055908203,3.0557639598846436,6.546674728393555,0.3701724112033844
338,jammer_beamformer,-2.5099143385887145e-08,3.037049341201782,52.842224502563475,0.0,403.2127349853516,-0.09853597730398178,0.6007980108261108,16.846271531831473,18.516518534509572,28.23238754272461,2.3283064365386963e-08,1.5170190334320068,2.9500536918640137,7.8196024894714355,0.3991881310939789
339,bs_beamformer,-2.477318048477173e-08,5.120753574371338,52.17572441101074,0.0,770.786669921875,-0.05248440057039261,0.666415274143219,18.85214449120313,20.291718761704235,29.716297149658203,2.514570951461792e-08,2.28106427192688,2.2097973823547363,8.51084041595459,0.44195014238357544
339,uav_trajectory,-3.3993273973464965e-09,3.725448179244995,18.853204917907714,0.0,1671.4415771484375,-0.021655242890119553,0.6836802363395691,24.71957829238971,22.41059101231806,31.929838180541992,0.0,2.0196237564086914,3.4676759243011475,6.565891742706299,0.3713047206401825
339,jammer_beamformer,2.9266811907291413e-08,4.218061780929565,52.82130355834961,0.0,6557.720458984375,0.04636750742793083,0.6402996182441711,16.645532372429965,18.451763738020365,27.61624526977539,-2.7939677238464355e-08,1.5399225950241089,2.420105218887329,7.846676826477051,0.4007317125797272
340,bs_beamformer,1.7369166016578673e-08,5.637181138992309,52.1634937286377,0.0,974.1132568359375,0.03675864264369011,0.759392499923706,18.740176052905618,20.20434992430261,30.476518630981445,-1.7695128917694092e-08,2.1289474964141846,2.3526883125305176,8.53116512298584,0.4431624710559845
340,uav_trajectory,-9.657815098762512e-08,2.7600815057754517,18.845445442199708,0.0,2949.8775390625,-0.10833308100700378,0.5247392654418945,23.89786001086235,22.276881646707896,31.872404098510742,9.592622518539429e-08,1.235640287399292,1.9085050821304321,6.586915016174316,0.3725220859050751
340,jammer_beamformer,-2.3283064365386963e-09,4.951422548294067,52.809889221191405,0.0,1645.1021850585937,0.0027103107422590256,0.7519533038139343,16.496187433894256,18.377300904459254,27.215930938720703,1.862645149230957e-09,2.0730338096618652,1.9727576971054077,7.871117115020752,0.40209415555000305
341,bs_beamformer,5.122274160385132e-10,3.42607524394989,52.14604568481445,0.0,562.807373046875,-0.07645899802446365,0.7317702174186707,18.79240419542417,20.2966364306934,29.677785873413086,-3.958120942115784e-09,1.679391860961914,2.6068637371063232,8.553088188171387,0.4444718658924103
341,uav_trajectory,-5.075708031654358e-09,3.692412781715393,18.83853244781494,0.0,1766.6673828125,-0.012434929609298706,0.6701363921165466,24.131277666221063,22.404028631067547,31.904396057128906,6.51925802230835e-09,1.9788323640823364,2.4031431674957275,6.605158805847168,0.37355953454971313
341,jammer_beamformer,-5.252659320831299e-08,2.8732953786849977,52.80353317260742,0.0,1660.2518432617187,-0.046995047479867935,0.681640625,16.708242899872364,18.541688174385765,27.11602210998535,5.3085386753082275e-08,1.7312312126159668,2.5027592182159424,7.882205486297607,0.40271997451782227
342,bs_beamformer,2.7939677238464355e-09,2.2891438961029054,52.118292236328124,0.0,1908.8942016601563,0.027545861899852753,0.7140024304389954,18.428030034899713,20.088611834866235,30.528644561767578,-7.450580596923828e-09,1.3404191732406616,2.8719208240509033,8.589780807495117,0.4465956389904022
342,uav_trajectory,1.9883736968040468e-08,3.4305092334747314,18.830196952819826,0.0,1932.464990234375,-0.07959697395563126,0.7128880620002747,24.002551598757506,22.406096056054036,32.49856185913086,-1.955777406692505e-08,1.8363627195358276,3.215141534805298,6.624383926391602,0.37468135356903076
342,jammer_beamformer,7.683411240577698e-09,2.224033331871033,52.79403419494629,0.0,795.9388061523438,-0.030469581484794617,0.6615551114082336,16.242529062465763,18.298665576173654,27.374326705932617,-6.51925802230835e-09,1.501409888267517,2.924485921859741,7.8932600021362305,0.4033350944519043
343,bs_beamformer,-7.543712854385376e-09,2.747689151763916,52.09591636657715,0.0,1373.08359375,-0.040525421500205994,0.674089789390564,17.990922919154166,19.797961485902135,30.164112091064453,3.725290298461914e-09,1.733073115348816,2.1802356243133545,8.62602424621582,0.44868218898773193
343,uav_trajectory,-2.0174775272607805e-08,1.7288753747940064,18.821265029907227,0.0,2340.614501953125,-0.05627913028001785,0.6600075960159302,23.285893031547467,22.15508720766126,32.757896423339844,2.1420419216156006e-08,1.323818325996399,2.7531771659851074,6.645706653594971,0.37593430280685425
343,jammer_beamformer,-6.710179150104522e-08,2.2005355834960936,52.778747177124025,0.0,1251.4368286132812,-0.08236993104219437,0.6540359854698181,16.01406700014323,18.11240665984334,27.50046730041504,6.426125764846802e-08,1.373327374458313,2.460761308670044,7.914383888244629,0.4045185148715973
344,bs_beamformer,-1.2665987014770507e-08,3.234769082069397,52.074839401245114,0.0,2474.4564697265623,0.008921338245272636,0.6718995571136475,18.517178643383087,20.192927344885824,30.310874938964844,1.1641532182693481e-08,1.749573826789856,3.0540666580200195,8.658102035522461,0.45050108432769775
344,uav_trajectory,2.8870999813079835e-09,4.77717227935791,18.812590026855467,0.0,2792.952673339844,0.014058886095881462,0.8041715621948242,23.76951847246289,22.36571179770114,32.28226089477539,-4.190951585769653e-09,2.1651835441589355,2.613722085952759,6.667337894439697,0.37720826268196106
344,jammer_beamformer,4.0233135223388675e-08,6.158436679840088,52.764956665039065,0.0,2211.76201171875,0.03287435322999954,0.7230361104011536,16.42925008681044,18.392280756775314,27.608034133911133,-4.284083843231201e-08,2.213874340057373,2.426443576812744,7.938493251800537,0.4059014916419983
345,bs_beamformer,-1.3969838619232178e-08,4.26550931930542,52.059940338134766,0.0,4326.74111328125,-0.004875496961176395,0.6924664378166199,16.798502360541374,19.173073182839584,30.375919342041016,1.210719347000122e-08,2.088106155395508,3.3772006034851074,8.685483932495117,0.452039897441864
345,uav_trajectory,-1.4901161193847656e-08,5.02510142326355,18.804063034057616,0.0,2075.7173706054687,0.0010512955486774445,0.7551405429840088,21.788474083264667,21.722960162728267,33.42776870727539,9.546056389808655e-09,2.29817795753479,2.464587926864624,6.68831205368042,0.3784511089324951
345,jammer_beamformer,-1.8067657947540282e-08,5.158304452896118,52.75551910400391,0.0,2020.3151611328126,-0.06122318282723427,0.7242719531059265,15.024788578342646,17.544820057602507,27.65962028503418,1.4668330550193787e-08,2.372957229614258,2.8048527240753174,7.9565229415893555,0.40692266821861267
346,bs_beamformer,-1.3783574104309083e-08,7.14197154045105,52.04839096069336,0.0,1422.8847900390624,0.08204121887683868,0.7252934575080872,15.64816219485551,18.49211127797633,30.788509368896484,1.5832483768463135e-08,2.0715324878692627,3.835188150405884,8.703139305114746,0.4530622065067291
346,uav_trajectory,-1.3457611203193664e-08,4.520871305465699,18.795511627197264,0.0,1854.6675415039062,-0.009345955215394497,0.7304974794387817,20.508049051264923,21.18517469257476,32.42204284667969,2.0489096641540527e-08,2.146101951599121,3.6920599937438965,6.710414409637451,0.37977322936058044
346,jammer_beamformer,-1.8009450286626814e-08,2.86908164024353,52.74442977905274,0.0,1093.6174194335938,-0.02269447036087513,0.7169132232666016,14.040998423337937,16.9077937013581,27.283283233642578,1.6763806343078613e-08,1.678110957145691,2.7557179927825928,7.972448825836182,0.40778326988220215
347,bs_beamformer,1.0430812835693359e-08,3.7453063488006593,52.030656051635745,0.0,736.9397216796875,0.024840286001563072,0.7145575284957886,17.985576636649668,19.95593134775147,30.111400604248047,-1.1175870895385742e-08,1.8847047090530396,2.302934408187866,8.724602699279785,0.45436596870422363
347,uav_trajectory,8.521601557731629e-09,3.1727446794509886,18.78696231842041,0.0,2471.4395263671877,-0.03208967298269272,0.6326063275337219,22.702990575691064,22.06368534542564,32.32516098022461,-9.313225746154785e-10,1.8409258127212524,2.6697332859039307,6.733127117156982,0.3811483681201935
347,jammer_beamformer,4.1909515857696534e-10,5.631896448135376,52.73102073669433,0.0,4308.363232421875,-0.0045646983198821545,0.6751369833946228,15.96211118271947,18.158915445518584,27.74195098876953,4.656612873077393e-10,2.35372257232666,2.7049012184143066,7.994905471801758,0.4090309143066406
348,bs_beamformer,-4.6472996473312377e-08,4.664539241790772,52.0018726348877,0.0,675.42705078125,-0.06914152204990387,0.6691108345985413,18.552150924485176,20.291654396114758,30.517202377319336,5.21540641784668e-08,2.0975773334503174,2.2939913272857666,8.765239715576172,0.4567449986934662
348,uav_trajectory,8.05594027042389e-09,2.4982741594314577,18.77940731048584,0.0,1972.751806640625,0.032296668738126755,0.7556785941123962,23.58424567152063,22.52467643263492,33.1754035949707,-9.313225746154785e-09,1.3173292875289917,2.62477970123291,6.753547191619873,0.38240480422973633
348,jammer_beamformer,4.163011908531189e-08,3.61774160861969,52.72074813842774,0.0,1170.8396118164062,-0.05960335209965706,0.6663748621940613,16.155951150558888,18.316793255715798,28.407306671142578,-4.284083843231201e-08,1.9471479654312134,2.5869102478027344,8.011767387390137,0.409973680973053
349,bs_beamformer,-2.2584572434425354e-08,3.070189046859741,51.972511291503906,0.0,4826.602197265625,0.007432681042701006,0.6893582940101624,15.484208457529546,18.4577742514495,30.601699829101562,2.0954757928848267e-08,1.6689720153808594,2.7352216243743896,8.815765380859375,0.45964813232421875
349,uav_trajectory,-6.710179150104522e-08,3.5088796615600586,18.7706298828125,0.0,1349.678369140625,-0.08784385770559311,0.7029814124107361,20.39434950847427,21.328876429957766,32.91559982299805,6.612390279769897e-08,1.803939938545227,2.8601033687591553,6.774722099304199,0.38371989130973816
349,jammer_beamformer,1.0104849934577942e-08,4.976467752456665,52.70555458068848,0.0,1092.6121826171875,0.026347141712903976,0.7695430517196655,13.506048286118544,16.673808739567548,28.34157371520996,-7.450580596923828e-09,2.0951883792877197,2.3499557971954346,8.030253410339355,0.41105860471725464
350,bs_beamformer,-2.1420419216156004e-09,2.7928728818893434,51.95612716674805,0.0,2965.733447265625,-0.038876622915267944,0.7101240754127502,18.95053030538559,20.66372632417013,30.602062225341797,0.0,1.694433331489563,2.196370840072632,8.848462104797363,0.4615449905395508
350,uav_trajectory,2.3609027266502382e-08,3.0338528633117674,18.7612585067749,0.0,1618.381494140625,-0.07587669789791107,0.5945115685462952,24.702851362228394,23.018759339260576,32.802364349365234,-2.421438694000244e-08,1.635969877243042,3.043691396713257,6.798041343688965,0.3851771652698517
350,jammer_beamformer,-1.3411045074462891e-08,3.0252659797668455,52.68509750366211,0.0,507.5201477050781,-0.033445991575717926,0.6673356294631958,16.63978693184629,18.6642278665833,28.49211311340332,1.4435499906539917e-08,1.7988733053207397,2.768049478530884,8.056205749511719,0.41261371970176697
351,bs_beamformer,-8.800998330116271e-09,3.052732253074646,51.94549369812012,0.0,1366.46142578125,-0.029372381046414375,0.6838358640670776,19.260654851309955,20.865121694859482,30.99397087097168,7.450580596923828e-09,1.7704267501831055,2.7392122745513916,8.86575984954834,0.4625508189201355
351,uav_trajectory,-1.955777406692505e-08,3.720341610908508,18.751075744628906,0.0,3000.8974609375,-0.04237917438149452,0.7208119034767151,24.821057715773584,23.164104577950592,32.595428466796875,2.3283064365386963e-08,1.9846572875976562,2.798062562942505,6.825230121612549,0.386853963136673
351,jammer_beamformer,-6.891787052154541e-09,2.818254256248474,52.6598819732666,0.0,542.7757141113282,-0.05206754058599472,0.6841988563537598,16.911141513995826,18.87171571179174,28.134286880493164,3.259629011154175e-09,1.739374041557312,3.186523675918579,8.096870422363281,0.41499656438827515
352,bs_beamformer,7.357448339462281e-09,7.134244918823242,51.927059936523435,0.0,851.5948364257813,0.08094770461320877,0.8078217506408691,17.838138203553857,20.03162575572293,30.51470184326172,-1.1175870895385742e-08,2.158413887023926,3.0814368724823,8.884481430053711,0.4636020362377167
352,uav_trajectory,-2.9569491744041443e-08,2.728399729728699,18.74377784729004,0.0,3066.7550048828125,-0.0771203488111496,0.6312723755836487,22.973005866462987,22.45114880266867,32.81731033325195,3.3993273973464966e-08,1.6532483100891113,2.66778826713562,6.848301410675049,0.38827234506607056
352,jammer_beamformer,-2.3283064365386964e-11,2.537048649787903,52.62912292480469,0.0,605.8127685546875,-0.045432671904563904,0.7262532711029053,15.882287277821451,18.26184355153177,28.296119689941406,4.656612873077393e-10,1.630445122718811,2.9926466941833496,8.145027160644531,0.4177342653274536
353,bs_beamformer,-1.1548399925231934e-08,4.866087198257446,51.8963321685791,0.0,1470.839990234375,-0.02027566358447075,0.8011401295661926,19.7764149126634,21.243847172417915,31.0592098236084,8.381903171539307e-09,2.2145204544067383,2.529038906097412,8.925737380981445,0.46593746542930603
353,uav_trajectory,1.280568540096283e-08,2.14211745262146,18.7371395111084,0.0,1433.7791870117187,-0.0070882090367376804,0.6436331868171692,25.893723130494354,23.56802696850194,33.48480987548828,-1.3969838619232178e-08,1.375580906867981,2.2552356719970703,6.864494800567627,0.3892429769039154
353,jammer_beamformer,5.960464477539063e-09,2.9989453315734864,52.5970043182373,0.0,3036.9320556640623,-0.04237597435712814,0.6636753678321838,17.632306227073073,19.40266961988352,28.306798934936523,-8.847564458847046e-09,1.794751524925232,2.300727128982544,8.199307441711426,0.4207709729671478
354,bs_beamformer,2.4354085326194762e-08,3.880517339706421,51.87265205383301,0.0,1161.3858459472656,0.053489360958337784,0.7964033484458923,20.387501537486912,21.62760904629329,30.876449584960938,-2.7008354663848877e-08,1.6850457191467285,2.5085740089416504,8.96567440032959,0.46827831864356995
354,uav_trajectory,6.519258022308349e-10,2.3080650091171266,18.728274154663087,0.0,2309.1432861328126,-0.04195946082472801,0.6294927597045898,25.67205491197109,23.559241663416017,33.02640914916992,3.259629011154175e-09,1.5698527097702026,2.456681966781616,6.886985778808594,0.3905554413795471
354,jammer_beamformer,-6.891787052154541e-09,4.375407791137695,52.578678894042966,0.0,2856.6192138671877,0.009961564093828201,0.6574485898017883,18.079104079827665,19.71556629918688,28.710594177246094,7.683411240577698e-09,2.024218797683716,2.8105485439300537,8.237883567810059,0.42293184995651245
355,bs_beamformer,3.3527612686157227e-09,2.171948790550232,51.84891242980957,0.0,1640.1398193359375,-0.0028331009671092033,0.6526331901550293,20.14907921331003,21.54761221278699,31.582252502441406,-4.6566128730773926e-09,1.4735267162322998,3.463629961013794,9.000523567199707,0.4703799784183502
355,uav_trajectory,1.096632331609726e-08,3.9654304504394533,18.720516395568847,0.0,2677.1025146484376,-0.03791756182909012,0.6613060235977173,26.009222202320892,23.7173192129763,33.281471252441406,-7.450580596923828e-09,2.0488507747650146,2.849879026412964,6.909939765930176,0.3919094502925873
355,jammer_beamformer,2.3096799850463868e-08,3.318453335762024,52.56805191040039,0.0,3005.377294921875,-0.021192951127886772,0.6837578415870667,17.464409833021463,19.327662782206513,28.718700408935547,-2.7939677238464355e-08,1.843347191810608,2.7145252227783203,8.258016586303711,0.42405787110328674
356,bs_beamformer,3.0803494155406955e-08,2.6366536140441896,51.83007278442383,0.0,3469.1511962890627,-0.042052313685417175,0.7018881440162659,19.975963168092072,21.427882577306836,30.646150588989258,-2.7474015951156616e-08,1.6457339525222778,2.614323616027832,9.034117698669434,0.4723541736602783
356,uav_trajectory,-1.2433156371116638e-08,3.0723632097244264,18.713654136657716,0.0,1377.9844482421875,-0.06803169846534729,0.666200578212738,25.250263965378206,23.46414146018418,33.19797134399414,6.51925802230835e-09,1.7580260038375854,2.805150032043457,6.9283246994018555,0.39298152923583984
356,jammer_beamformer,4.0046870708465575e-09,3.4152260303497313,52.56161384582519,0.0,2626.2401611328123,-0.006324439309537411,0.7037023305892944,16.967347586654128,19.06546673817513,28.0317325592041,-4.6566128730773926e-09,1.8241969347000122,2.2992043495178223,8.270854949951172,0.4247753322124481
357,bs_beamformer,5.913898348808288e-09,4.029829120635986,51.81853103637695,0.0,5789.790380859375,0.030978664755821228,0.674675464630127,19.705293405145408,21.333635250615444,31.367040634155273,-9.313225746154785e-09,1.826049566268921,2.2168893814086914,9.056593894958496,0.47367990016937256
357,uav_trajectory,3.513414412736893e-08,1.3780837178230285,18.706732940673827,0.0,2931.6468994140623,-0.016340458765625954,0.6354377269744873,25.510027896245322,23.62471342413171,33.17265701293945,-3.725290298461914e-08,1.1610113382339478,3.0676217079162598,6.94859504699707,0.3941655457019806
357,jammer_beamformer,8.707866072654724e-09,3.0763795614242553,52.55652770996094,0.0,1913.8427856445312,-0.032334741204977036,0.6834508180618286,17.09843823672086,19.165353673185873,28.035633087158203,-1.0244548320770264e-08,1.7911359071731567,2.519660711288452,8.280338287353516,0.4253327250480652
358,bs_beamformer,-1.4808028936386109e-08,3.6145582675933836,51.810763931274415,0.0,1820.0140502929687,-0.04391070455312729,0.7201603651046753,20.12092281907797,21.646753951561017,31.38967514038086,1.862645149230957e-08,1.9244682788848877,2.3180856704711914,9.07007884979248,0.4744687080383301
358,uav_trajectory,7.729977369308472e-09,2.4685691356658936,18.699081230163575,0.0,1233.670263671875,-0.00434085913002491,0.6731733679771423,26.130371020625034,23.858387487240556,33.43715286254883,-9.313225746154785e-09,1.5722793340682983,3.0057806968688965,6.967463970184326,0.39526626467704773
358,jammer_beamformer,1.7927959561347962e-09,3.590798854827881,52.5507209777832,0.0,3261.881005859375,0.004283012822270393,0.6705172061920166,17.476719897476958,19.4039327187357,28.71176528930664,1.3969838619232178e-09,1.7667109966278076,3.052780866622925,8.29089069366455,0.42599040269851685
359,bs_beamformer,-3.259629011154175e-09,3.088010048866272,51.79876861572266,0.0,872.8134948730469,0.023578684777021408,0.6130562424659729,19.693144299045205,21.38888469320768,31.22931671142578,2.7939677238464355e-09,1.575894832611084,2.332531213760376,9.084406852722168,0.4752660095691681
359,uav_trajectory,-2.1047890186309816e-08,4.088503837585449,18.687037086486818,0.0,1387.9014770507813,0.0030502937734127045,0.6655685305595398,25.555344719827175,23.764692571427176,33.46125030517578,1.257285475730896e-08,2.009618043899536,3.497673988342285,6.995848655700684,0.39696672558784485
359,jammer_beamformer,5.587935447692871e-10,3.30819993019104,52.53821640014648,0.0,360.49082641601564,0.011959048919379711,0.6827006340026855,17.156581639677285,19.26270541232479,28.636220932006836,0.0,1.6900140047073364,3.297074317932129,8.302179336547852,0.42670074105262756
360,bs_beamformer,4.703179001808166e-09,2.3568492412567137,51.78048515319824,0.0,1507.7888549804688,0.01697201281785965,0.7219977378845215,19.88995632842928,21.520302622136228,31.159822463989258,-9.313225746154785e-09,1.3701742887496948,2.492361068725586,9.115330696105957,0.47706255316734314
360,uav_trajectory,-1.4202669262886047e-08,3.230825161933899,18.67480354309082,0.0,1719.62998046875,-0.03596736863255501,0.6469223499298096,26.246060553967954,24.1025159133482,34.234405517578125,1.3969838619232178e-08,1.8348922729492188,2.8442575931549072,7.03058385848999,0.3990427255630493
360,jammer_beamformer,6.51925802230835e-09,2.306071734428406,52.51076965332031,0.0,985.5829345703125,-0.014717796817421913,0.5780829191207886,17.658069367490707,19.59881255876856,29.57186508178711,-8.847564458847046e-09,1.4996806383132935,2.626126527786255,8.34833812713623,0.4294251799583435
361,bs_beamformer,-1.4528632164001465e-08,3.7801559448242186,51.765049362182616,0.0,3067.76201171875,-0.03132708743214607,0.6744292974472046,20.662827811054886,21.981636129057694,30.77383804321289,1.6996636986732483e-08,2.035846710205078,3.0888566970825195,9.146933555603027,0.4789513051509857
361,uav_trajectory,-1.9511207938194274e-08,3.7132169008255005,18.66605987548828,0.0,3067.9705322265627,-0.04443824291229248,0.6986082196235657,26.80411759654681,24.31953897810998,33.72698974609375,2.0954757928848267e-08,2.0310823917388916,2.9923465251922607,7.057765007019043,0.4006693959236145
361,jammer_beamformer,-2.654269337654114e-09,1.7550933241844178,52.48797950744629,0.0,2407.220654296875,-0.06877413392066956,0.6374887824058533,18.236251062510537,19.986259788104483,28.837793350219727,-1.862645149230957e-09,1.3420966863632202,2.867096185684204,8.396862030029297,0.432258278131485
362,bs_beamformer,2.2817403078079225e-09,3.644617295265198,51.75278549194336,0.0,3601.888623046875,-0.01620480976998806,0.675504207611084,20.816098642766477,22.09863139656115,31.535688400268555,8.149072527885437e-10,1.9228240251541138,2.5271644592285156,9.171046257019043,0.4803757667541504
362,uav_trajectory,-7.2177499532699585e-09,1.2689985752105712,18.658650970458986,0.0,2460.3934814453123,-0.044594090431928635,0.6105765104293823,26.98170647954941,24.42103592680233,34.60188674926758,1.30385160446167e-08,1.1927871704101562,2.904303789138794,7.078668594360352,0.4019126892089844
362,jammer_beamformer,1.6763806343078614e-09,3.9453701257705687,52.473958587646486,0.0,1624.34873046875,-0.005497962236404419,0.6951016783714294,18.56462644576654,20.22368426657374,28.6685791015625,7.683411240577698e-09,1.8748363256454468,1.917075753211975,8.426841735839844,0.4340171217918396
363,bs_beamformer,-4.838220775127411e-08,3.022739362716675,51.743038177490234,0.0,2004.6883666992187,-0.049662016332149506,0.6355677843093872,20.388050948254765,21.909246629642716,32.051841735839844,5.029141902923584e-08,1.7164136171340942,3.156811237335205,9.188194274902344,0.48135480284690857
363,uav_trajectory,-1.1548399925231934e-08,4.0747332096099855,18.65149803161621,0.0,2848.0974609375,-0.046946652233600616,0.6921234726905823,26.896568113883337,24.44269054200569,34.769996643066406,6.51925802230835e-09,2.046318769454956,3.4315359592437744,7.098607063293457,0.4030763506889343
363,jammer_beamformer,-6.7055225372314455e-09,4.057370996475219,52.46147346496582,0.0,559.0715240478515,0.01789567619562149,0.6931297183036804,18.235181447762997,20.06420345232543,28.57472801208496,1.4435499906539917e-08,1.8089919090270996,2.9513227939605713,8.446084976196289,0.43513962626457214
364,bs_beamformer,-1.932494342327118e-08,4.318200397491455,51.731198120117185,0.0,2636.8349853515624,0.049278855323791504,0.710486114025116,20.83092201684043,22.137375580442086,31.745933532714844,2.1886080503463745e-08,1.944149136543274,2.4678428173065186,9.20486068725586,0.48232725262641907
364,uav_trajectory,5.215406417846679e-09,3.7755187511444093,18.644827461242677,0.0,3454.8996337890626,0.0009141198825091124,0.7051528692245483,27.126536011695862,24.549322737112053,33.682247161865234,-3.725290298461914e-09,1.9364556074142456,3.0009026527404785,7.117316246032715,0.40416064858436584
364,jammer_beamformer,3.045424818992615e-08,4.10836091041565,52.44385604858398,0.0,1856.6898193359375,-0.044445741921663284,0.7021596431732178,18.53825495639816,20.25955009000031,29.62267303466797,-2.7474015951156616e-08,2.0574517250061035,2.5436928272247314,8.474166870117188,0.4367635250091553
365,bs_beamformer,1.8626451492309571e-10,2.7879814863204957,51.71928367614746,0.0,4440.609521484375,-0.02100123092532158,0.6880934834480286,20.828681296616793,22.207842509010693,32.288028717041016,-6.984919309616089e-09,1.690746545791626,2.8563499450683594,9.224130630493164,0.4834308624267578
365,uav_trajectory,6.332993507385254e-08,4.032422208786011,18.637946319580077,0.0,1567.0555419921875,-0.12030811607837677,0.6776604056358337,27.108874015609423,24.659050039496826,33.91456985473633,-5.960464477539063e-08,1.7452666759490967,2.980017900466919,7.134068012237549,0.40512052178382874
365,jammer_beamformer,1.2293457984924316e-08,5.707559633255005,52.42859001159668,0.0,1411.481640625,0.030867381021380424,0.7522827386856079,18.782171995326877,20.445272053007418,29.423019409179688,-1.5832483768463135e-08,2.1256096363067627,2.795240879058838,8.500693321228027,0.43828967213630676
366,bs_beamformer,9.778887033462524e-09,4.625740242004395,51.71069755554199,0.0,2892.70380859375,0.010846046730875969,0.7378007769584656,21.167975244037805,22.333493425115375,31.616043090820312,-1.4901161193847656e-08,2.0527663230895996,2.517336368560791,9.23937702178955,0.4843144416809082
366,uav_trajectory,1.78581103682518e-08,2.5285043001174925,18.628350067138673,0.0,1515.428076171875,-0.006366347894072533,0.702506959438324,27.25217511196931,24.70761220220974,34.174678802490234,-2.0023435354232788e-08,1.5889708995819092,2.676194190979004,7.154629707336426,0.4063391089439392
366,jammer_beamformer,1.816079020500183e-08,2.3771574974060057,52.41172103881836,0.0,832.0897521972656,-0.07304735481739044,0.6847326159477234,19.037516076907515,20.60256460260847,29.06529426574707,-1.7695128917694092e-08,1.4448375701904297,2.4864611625671387,8.525445938110352,0.4397008717060089
367,bs_beamformer,-2.7008354663848876e-09,2.840659809112549,51.70181579589844,0.0,1998.9279541015626,-0.008069397881627083,0.7308544516563416,20.870187033578752,22.258410657490064,32.75857162475586,1.3969838619232178e-09,1.717308759689331,2.6193697452545166,9.251962661743164,0.485056608915329
367,uav_trajectory,-2.1886080503463746e-09,2.784752893447876,18.617891311645508,0.0,1899.000244140625,-0.008484297432005405,0.7343921065330505,27.376967657645544,24.79659516128893,34.702598571777344,2.7939677238464355e-09,1.6346967220306396,2.9988789558410645,7.1808247566223145,0.40787291526794434
367,jammer_beamformer,2.200249582529068e-08,2.2168540954589844,52.39760398864746,0.0,1549.1873046875,-0.036783359944820404,0.6735612154006958,18.852125946238637,20.508294079861315,29.170351028442383,-2.7706846594810486e-08,1.5550447702407837,2.9255154132843018,8.549254417419434,0.44103193283081055
368,bs_beamformer,8.335337042808532e-09,6.530374383926391,51.68421897888184,0.0,610.0192260742188,-0.07821258902549744,0.6514204740524292,20.81357084531337,22.213564271635274,31.39244270324707,-3.4924596548080444e-09,2.4397239685058594,2.511197566986084,9.270585060119629,0.4861150085926056
368,uav_trajectory,1.287553459405899e-08,2.4157010078430177,18.609645652770997,0.0,2960.8099609375,-0.050944577902555466,0.6187180280685425,27.457541409591833,24.88118064972212,35.108001708984375,-1.30385160446167e-08,1.6051101684570312,3.016974449157715,7.205878257751465,0.4093310832977295
368,jammer_beamformer,-3.292225301265717e-08,7.682588815689087,52.38589706420898,0.0,4966.081005859375,0.05862829089164734,0.7081462144851685,18.78097812155634,20.462745292843458,28.9655704498291,3.585591912269592e-08,2.358593225479126,2.774440050125122,8.571255683898926,0.4422510862350464
369,bs_beamformer,-1.0244548320770264e-08,2.5701787948608397,51.65579109191894,0.0,2910.4263916015625,0.009743507020175457,0.667725145816803,20.210879406265914,21.88656155114406,31.892955780029297,1.862645149230957e-09,1.5539867877960205,2.2912707328796387,9.314772605895996,0.48868080973625183
369,uav_trajectory,1.0896474123001098e-08,2.6711534738540648,18.60168323516846,0.0,1199.2420715332032,-0.0030713193118572235,0.7590382695198059,26.694606776729227,24.7031196384199,34.34561538696289,-6.51925802230835e-09,1.658205509185791,2.8650002479553223,7.224836826324463,0.4104732275009155
369,jammer_beamformer,4.796311259269715e-09,5.052930212020874,52.378261184692384,0.0,3052.4403564453123,-0.012060902081429958,0.6912544369697571,18.017577691927553,20.076192571582794,29.22399139404297,-1.280568540096283e-09,2.3033273220062256,2.8914928436279297,8.587756156921387,0.44316208362579346
370,bs_beamformer,-6.170012056827545e-09,2.8880600214004515,51.63720817565918,0.0,3626.3185546875,-0.014546179212629795,0.7213651537895203,21.122231935821475,22.4969600386558,33.2082405090332,9.313225746154785e-10,1.6929103136062622,1.9434161186218262,9.35350227355957,0.4909786581993103
370,uav_trajectory,-2.139713615179062e-08,3.957216715812683,18.5889684677124,0.0,863.800927734375,-0.06893521547317505,0.7390561699867249,27.707964618980885,25.08828669098743,35.134185791015625,1.955777406692505e-08,2.0211684703826904,3.49828839302063,7.254075050354004,0.4122364819049835
370,jammer_beamformer,-2.9709190130233763e-08,2.4744906187057496,52.37022743225098,0.0,913.0372497558594,-0.0679638609290123,0.6420958042144775,18.753281005386263,20.516274172878926,29.447664260864258,3.073364496231079e-08,1.5923283100128174,3.4769787788391113,8.599261283874512,0.4438231885433197
371,bs_beamformer,-6.798654794692993e-09,4.950452280044556,51.620093536376956,0.0,792.1097473144531,-0.031194206327199936,0.7081121802330017,21.0895636343807,22.445983002568102,32.504085540771484,6.51925802230835e-09,2.339576005935669,2.85064435005188,9.37450885772705,0.49225276708602905
371,uav_trajectory,-4.223547875881195e-08,1.3724454760551452,18.574759674072265,0.0,3494.09951171875,-0.056583255529403687,0.6063574552536011,27.637160047133765,25.16088066337668,35.57855987548828,4.284083843231201e-08,1.1916205883026123,3.1786794662475586,7.295182704925537,0.41468721628189087
371,jammer_beamformer,2.2817403078079225e-09,5.912190675735474,52.35325698852539,0.0,370.8870391845703,-0.015648001804947853,0.6801978349685669,18.713567342186348,20.49232973707123,29.28009033203125,-3.958120942115784e-09,2.4967660903930664,2.946823835372925,8.619898796081543,0.44504186511039734
372,bs_beamformer,4.0046870708465575e-09,7.960405445098877,51.59052276611328,0.0,3716.9263916015625,-0.026927826926112175,0.6803200244903564,20.84028557593748,22.421027344362187,32.34150695800781,-1.862645149230957e-09,2.922621488571167,3.292510509490967,9.41676139831543,0.4947047233581543
372,uav_trajectory,3.396999090909958e-08,3.0832109451293945,18.565003967285158,0.0,4982.082275390625,-0.019330983981490135,0.7104827165603638,27.543075187772512,25.22361536626084,35.339088439941406,-3.585591912269592e-08,1.8071045875549316,2.068671703338623,7.327363014221191,0.41659730672836304
372,jammer_beamformer,4.563480615615845e-09,2.1108227729797364,52.33143692016601,0.0,3335.8153076171875,-0.07256969809532166,0.6305440664291382,18.500373506907373,20.462792668118876,29.48674774169922,-3.958120942115784e-09,1.3943617343902588,2.9747262001037598,8.665993690490723,0.44778570532798767
373,bs_beamformer,-2.8545036911964415e-08,3.7621351003646852,51.57057876586914,0.0,1789.2614501953126,-0.028265412896871567,0.7027498483657837,20.659818850856276,22.321942894349014,32.87358856201172,2.3283064365386963e-08,1.9487717151641846,2.5510683059692383,9.455304145812988,0.4969078004360199
373,uav_trajectory,-4.190951585769653e-09,3.76705265045166,18.55872631072998,0.0,3021.9779296875,-0.03070368804037571,0.6959139704704285,26.81750978499651,24.995219070486513,35.02222442626953,9.778887033462524e-09,2.000225067138672,2.5736613273620605,7.346644878387451,0.4177279770374298
373,jammer_beamformer,2.3562461137771607e-08,2.8646865606307985,52.31873664855957,0.0,2020.7882568359375,-0.06965072453022003,0.567274808883667,18.41734511608258,20.448582392815005,29.789241790771484,-2.561137080192566e-08,1.6800079345703125,2.5337157249450684,8.70141887664795,0.44988271594047546
374,bs_beamformer,1.3737007975578308e-08,2.964740586280823,51.55566635131836,0.0,3901.4665283203126,-0.024392416700720787,0.620546817779541,21.010956630446017,22.56873170689175,32.39479446411133,-1.4435499906539917e-08,1.7676331996917725,3.5105764865875244,9.48108959197998,0.49845102429389954
374,uav_trajectory,7.89295881986618e-09,4.05048828125,18.552471351623534,0.0,1554.50625,0.010640810243785381,0.6677201390266418,27.54543530156215,25.2443896660174,35.045372009277344,-6.51925802230835e-09,1.9520423412322998,2.4953267574310303,7.362216472625732,0.418643057346344
374,jammer_beamformer,-2.7241185307502745e-09,4.764651727676392,52.303643798828126,0.0,491.2952056884766,0.027447083964943886,0.6951417922973633,18.673629219010472,20.618814466105103,29.787792205810547,6.984919309616089e-09,2.075530767440796,2.5263054370880127,8.720956802368164,0.4510010778903961
375,bs_beamformer,4.5401975512504577e-10,3.754779577255249,51.545264053344724,0.0,3107.9151123046877,-0.019776908680796623,0.6703667640686035,20.88049678760767,22.50308178395424,32.358253479003906,6.51925802230835e-09,1.9345520734786987,2.322582721710205,9.499669075012207,0.4996062219142914
375,uav_trajectory,1.918524503707886e-08,5.004077816009522,18.544530296325682,0.0,2412.2236938476562,0.009454561397433281,0.6934807300567627,27.425463972012203,25.35073262324856,34.93709182739258,-2.2817403078079224e-08,2.140413522720337,2.30218768119812,7.382796764373779,0.4198780953884125
375,jammer_beamformer,-1.4225952327251435e-08,6.400632715225219,52.271952056884764,0.0,858.1358764648437,0.011384284123778343,0.6983984708786011,18.580932624358685,20.59352088366609,29.62197494506836,1.3504177331924438e-08,2.4691011905670166,2.4123785495758057,8.763980865478516,0.4534739851951599
376,bs_beamformer,-1.769512891769409e-09,4.26837158203125,51.53718948364258,0.0,4766.4923828125,-0.009780608117580414,0.6971766948699951,21.188831918299197,22.697622243964908,32.18912887573242,3.725290298461914e-09,2.0737502574920654,2.929823637008667,9.513978004455566,0.500459611415863
376,uav_trajectory,1.4714896678924561e-08,5.235666704177857,18.536494255065918,0.0,2214.111706542969,-0.06483705341815948,0.688589334487915,27.865174161771932,25.472769962291576,35.686492919921875,-1.4319084584712982e-08,2.3250346183776855,2.756970167160034,7.406051158905029,0.42125260829925537
376,jammer_beamformer,7.124617695808411e-09,4.996530675888062,52.24651985168457,0.0,4159.311083984375,0.010262098163366318,0.7116315960884094,18.943082794178277,20.84360657080393,29.40056037902832,-5.587935447692871e-09,2.1139092445373535,2.501147508621216,8.817591667175293,0.45659977197647095
377,bs_beamformer,5.993060767650604e-08,4.374470472335815,51.53075828552246,0.0,2484.8571533203126,-0.06896859407424927,0.6718318462371826,20.54845308737084,22.336501765632836,32.15102005004883,-5.8673322200775146e-08,2.014812707901001,2.062241554260254,9.524133682250977,0.5010727643966675
377,uav_trajectory,8.475035429000854e-09,5.186192178726197,18.528847885131835,0.0,3355.8274658203127,0.05055473744869232,0.6759637594223022,26.864487291256587,25.200912335717817,35.74257278442383,-8.381903171539307e-09,1.8689582347869873,3.408135175704956,7.4285125732421875,0.4225888252258301
377,jammer_beamformer,-1.6833655536174774e-08,2.2830496549606325,52.23187408447266,0.0,1582.7070434570312,-0.06628675013780594,0.614431619644165,18.131521391376854,20.426472326606625,29.819822311401367,1.955777406692505e-08,1.4332702159881592,2.5048766136169434,8.849894523620605,0.45851144194602966
378,bs_beamformer,-4.889443516731262e-10,3.1964399099349974,51.52121200561523,0.0,5860.532861328125,-0.05438388139009476,0.6824668049812317,20.996960778936742,22.579792990358296,32.04365921020508,-6.984919309616089e-10,1.8538483381271362,2.818812131881714,9.536670684814453,0.5018258094787598
378,uav_trajectory,-3.7252902984619143e-10,3.3287359714508056,18.522922897338866,0.0,2540.7229614257812,0.004178639966994524,0.6522820591926575,27.440543196558952,25.4244186795966,35.493133544921875,-1.3969838619232178e-09,1.755439281463623,2.559340000152588,7.447085380554199,0.4237057566642761
378,jammer_beamformer,1.7881393432617187e-08,5.576573753356934,52.2191822052002,0.0,2442.7971923828127,0.046314410865306854,0.7642712593078613,18.74903285865858,20.775221827617912,30.465145111083984,-2.1420419216156006e-08,2.0236730575561523,2.6505165100097656,8.872100830078125,0.45986396074295044
379,bs_beamformer,-4.563480615615845e-09,3.4160568714141846,51.50813789367676,0.0,1103.979931640625,0.014170637354254723,0.7283042073249817,21.32530078329891,22.818865016012545,32.60783767700195,-3.725290298461914e-09,1.8384071588516235,3.2934892177581787,9.550424575805664,0.5026547312736511
379,uav_trajectory,3.9907172322273256e-08,1.8249328851699829,18.517560386657713,0.0,3353.1724853515625,-0.04914607107639313,0.6304609179496765,27.915102618714172,25.65040745476206,35.19561767578125,-4.190951585769653e-08,1.352069616317749,2.720585823059082,7.463138103485107,0.42466849088668823
379,jammer_beamformer,2.523884177207947e-08,2.6960498094558716,52.20536003112793,0.0,808.4865234375,-0.023486729711294174,0.6242450475692749,19.032306080745535,20.978087907871405,29.978904724121094,-2.514570951461792e-08,1.6798595190048218,2.7939679622650146,8.891453742980957,0.4610472321510315
380,bs_beamformer,-1.7229467630386353e-08,3.194681406021118,51.48462677001953,0.0,1651.3881591796876,-0.009149445220828056,0.7042022943496704,21.595035624515265,23.01493706898311,32.909767150878906,1.6298145055770874e-08,1.8038965463638306,2.1002871990203857,9.58299732208252,0.5045357942581177
380,uav_trajectory,-3.119930624961853e-09,5.1390564918518065,18.512310600280763,0.0,2587.57822265625,-0.09516285359859467,0.6173834800720215,27.979871326287586,25.702492946099703,35.318275451660156,1.3969838619232178e-09,2.128556251525879,2.344689130783081,7.477906703948975,0.4255503714084625
380,jammer_beamformer,1.364387571811676e-08,2.1618418455123902,52.18828430175781,0.0,4269.07451171875,-0.03999458998441696,0.7406685948371887,19.253355311769994,21.194941672131666,29.999866485595703,-1.5832483768463135e-08,1.486191749572754,3.6336402893066406,8.919546127319336,0.4627043306827545
381,bs_beamformer,2.9336661100387572e-09,4.201586008071899,51.46514129638672,0.0,1331.6879272460938,0.05078751966357231,0.7680383920669556,21.216578740981408,22.82334825497613,32.28827667236328,3.958120942115784e-09,1.7229799032211304,2.8026108741760254,9.616133689880371,0.5064812898635864
381,uav_trajectory,-1.993030309677124e-08,4.513468503952026,18.507187843322754,0.0,5275.812158203125,-0.020005900412797928,0.668627917766571,27.35592517755429,25.55325837586937,36.010894775390625,1.7811544239521027e-08,2.1791303157806396,2.1156294345855713,7.492428302764893,0.4264090955257416
381,jammer_beamformer,-5.448237061500549e-09,5.096287393569947,52.17741584777832,0.0,3551.20869140625,0.020157350227236748,0.7907201647758484,18.728514831654728,20.91510517846135,30.063770294189453,9.313225746154785e-09,2.1117122173309326,2.8228600025177,8.941971778869629,0.46399998664855957
382,bs_beamformer,2.6542693376541138e-08,3.9903929948806764,51.443717575073244,0.0,3898.4172119140626,-0.022805185988545418,0.808252215385437,21.573798240989447,23.061740906314487,32.634490966796875,-3.14321368932724e-08,2.1008737087249756,2.646803140640259,9.649944305419922,0.5084928870201111
382,uav_trajectory,1.4901161193847657e-09,3.4203289270401003,18.502535820007324,0.0,2450.8086059570314,-0.004457445815205574,0.7089383602142334,27.926465719779333,25.762841427771804,35.59402084350586,7.450580596923828e-09,1.8283171653747559,3.123290777206421,7.5046234130859375,0.42714783549308777
382,jammer_beamformer,-2.167653292417526e-08,1.5544473290443421,52.16934509277344,0.0,2547.5700927734374,-0.020327085629105568,0.674338161945343,19.065838942216708,21.10340565954508,30.013517379760742,2.0023435354232788e-08,1.2609130144119263,2.9120523929595947,8.95612621307373,0.46481457352638245
383,bs_beamformer,5.587935447692871e-10,4.205055904388428,51.42267608642578,0.0,862.1793029785156,0.021509762853384018,0.7326293587684631,21.980849997706713,23.334297909043954,32.99391174316406,-2.7939677238464355e-09,1.999990701675415,2.2130987644195557,9.67950439453125,0.5102041959762573
383,uav_trajectory,3.259629011154175e-09,3.053941583633423,18.495573234558105,0.0,2443.002587890625,-0.0663171112537384,0.6760883927345276,27.989296909570694,25.832518051735246,36.40822219848633,-7.450580596923828e-09,1.7182549238204956,3.1583306789398193,7.520317077636719,0.4280856251716614
383,jammer_beamformer,-1.8440186977386475e-08,2.0606330156326296,52.15648422241211,0.0,463.63055419921875,-0.046824365854263306,0.6225888133049011,19.225411548677833,21.158936959894337,30.172664642333984,2.2351741790771484e-08,1.433150053024292,2.6808345317840576,8.969346046447754,0.46558061242103577
384,bs_beamformer,-5.122274160385132e-09,4.640149354934692,51.38889656066895,0.0,915.9630493164062,-0.015086077153682709,0.8192687034606934,22.1552505354397,23.46563749942234,33.655174255371094,3.725290298461914e-09,2.2118265628814697,2.4173266887664795,9.723023414611816,0.5127218961715698
384,uav_trajectory,-1.5832483768463135e-08,2.356658697128296,18.48787040710449,0.0,2935.6283447265623,-0.04757765680551529,0.7097374796867371,28.365743715703488,25.916174107952983,35.77680969238281,1.30385160446167e-08,1.52449369430542,2.574906349182129,7.542318344116211,0.4293856620788574
384,jammer_beamformer,2.1187588572502136e-08,2.854834532737732,52.130358123779295,0.0,1116.7020874023438,0.010421503335237503,0.7433596849441528,19.46704502072558,21.34598417186985,30.838321685791016,-1.6763806343078613e-08,1.5614964962005615,2.856687545776367,9.00352954864502,0.46757596731185913
385,bs_beamformer,-1.3504177331924438e-09,4.854597759246826,51.358774948120114,0.0,2298.3280029296875,0.01911826804280281,0.7545578479766846,20.902949323460458,22.793233212091096,32.319969177246094,3.725290298461914e-09,2.1217458248138428,2.972200393676758,9.775741577148438,0.515791654586792
385,uav_trajectory,4.656612873077393e-11,3.5070556640625,18.482015991210936,0.0,4113.647119140625,0.011348259635269642,0.7311884760856628,26.76631454455356,25.464221338099634,36.978172302246094,-1.862645149230957e-09,1.812697172164917,2.762087345123291,7.5606842041015625,0.4304813742637634
385,jammer_beamformer,-3.231689333915711e-08,2.0927220582962036,52.10668830871582,0.0,2701.9889404296873,-0.03355826064944267,0.6240121722221375,18.350782059889287,20.724138715123686,30.077640533447266,3.5390257835388184e-08,1.5172868967056274,2.552457571029663,9.046051025390625,0.47003570199012756
386,bs_beamformer,7.450580596923828e-09,1.6948432922363281,51.335510635375975,0.0,717.361328125,-0.012293675914406776,0.6427300572395325,22.145902918949723,23.5733350539012,33.020572662353516,-1.0710209608078003e-08,1.355204463005066,3.339829683303833,9.813813209533691,0.518008291721344
386,uav_trajectory,1.539010554552078e-08,2.5065847396850587,18.477194213867186,0.0,4871.93115234375,-0.01955433562397957,0.6142914295196533,28.524683551112812,26.03196355715607,36.50851821899414,-1.30385160446167e-08,1.5764309167861938,2.9309163093566895,7.575308799743652,0.43133872747421265
386,jammer_beamformer,-6.51925802230835e-09,3.7236759662628174,52.08948936462402,0.0,1165.9429077148438,-0.046740930527448654,0.6858481168746948,19.46885003757104,21.428675924899252,30.107019424438477,1.1175870895385742e-08,1.9885640144348145,3.1112821102142334,9.077062606811523,0.47180554270744324
387,bs_beamformer,1.1408701539039613e-09,4.894785213470459,51.304344940185544,0.0,1856.5907958984376,0.0053418781608343124,0.6447476148605347,22.064652691334487,23.574674508588185,33.366878509521484,0.0,2.2312848567962646,2.80277156829834,9.861655235290527,0.5208171606063843
387,uav_trajectory,7.2177499532699585e-09,4.180870771408081,18.471906661987305,0.0,1028.1561218261718,0.005285592749714851,0.7203378081321716,28.19055142987768,26.043178305404485,35.94420623779297,-5.587935447692871e-09,1.9786852598190308,2.414863109588623,7.587442398071289,0.4320293962955475
387,jammer_beamformer,1.955777406692505e-08,4.8330176830291744,52.07075843811035,0.0,3012.0433837890623,-0.08418777585029602,0.6830693483352661,19.187573543746023,21.231925277466036,30.91176986694336,-2.7939677238464355e-08,2.024071216583252,2.9523305892944336,9.107019424438477,0.4735095500946045
388,bs_beamformer,-1.0058283805847169e-08,2.4426485538482665,51.277923583984375,0.0,644.1147033691407,-0.04315070062875748,0.6448725461959839,21.28251269112341,23.150988514830743,34.11844253540039,1.0710209608078003e-08,1.5933908224105835,3.450005292892456,9.908413887023926,0.5235809087753296
388,uav_trajectory,9.548384696245194e-08,4.157117938995361,18.463027954101562,0.0,3744.6294921875,-0.07174202054738998,0.6414551734924316,27.05330452098449,25.71671683201895,36.30097579956055,-9.825453162193298e-08,2.0073206424713135,2.489265203475952,7.6073737144470215,0.43324312567710876
388,jammer_beamformer,-1.6670674085617064e-08,2.0587345361709595,52.058533096313475,0.0,6433.24931640625,-0.04491160809993744,0.6262551546096802,18.455617966070772,20.882122134798294,30.66230010986328,1.6763806343078613e-08,1.40958571434021,2.7096381187438965,9.13251781463623,0.47499579191207886
389,bs_beamformer,1.9301660358905794e-08,3.1841056108474732,51.2449764251709,0.0,729.0671569824219,0.007718315348029137,0.7307029962539673,22.33403386780247,23.786440248454223,33.15901184082031,-2.2817403078079224e-08,1.7520915269851685,2.49387526512146,9.955979347229004,0.5264255404472351
389,uav_trajectory,-3.6787241697311403e-09,1.4491370677948,18.45573482513428,0.0,2803.0921875,-0.039023686200380325,0.6739770770072937,28.390834630231062,26.222057541187,36.473575592041016,5.587935447692871e-09,1.2519394159317017,3.9878695011138916,7.628651142120361,0.4345785975456238
389,jammer_beamformer,-8.335337042808532e-09,3.003907346725464,52.05154724121094,0.0,2907.17841796875,-0.10044078528881073,0.6611891984939575,19.245045838356017,21.358324764898395,30.592573165893555,1.1175870895385742e-08,1.3964978456497192,3.1465461254119873,9.1451416015625,0.4757622182369232
390,bs_beamformer,-4.9569644033908845e-08,4.138922309875488,51.20446701049805,0.0,752.4644897460937,0.042512133717536926,0.720769464969635,22.636143283549696,24.094805899244395,33.13859558105469,4.7963112592697144e-08,1.7885005474090576,2.670948028564453,10.02253532409668,0.530339777469635
390,uav_trajectory,1.4924444258213042e-08,1.7999109387397767,18.44867534637451,0.0,2192.3546752929688,-0.038716960698366165,0.6817812323570251,28.80742694501082,26.318912897881376,36.606414794921875,-2.0023435354232788e-08,1.3813072443008423,2.1766481399536133,7.647432804107666,0.43572771549224854
390,jammer_beamformer,6.05359673500061e-09,1.8774062991142273,52.04114952087402,0.0,971.6659057617187,-0.02391085959970951,0.6295894980430603,19.633713894497603,21.646025378906028,30.359270095825195,-8.381903171539307e-09,1.4309179782867432,3.014517307281494,9.156546592712402,0.4764648675918579
391,bs_beamformer,4.307366907596588e-09,3.4374176979064943,51.168514251708984,0.0,1024.6964477539063,0.0012159813195466995,0.7354565262794495,22.581636258333923,24.105099384188453,32.982513427734375,-1.3969838619232178e-09,1.896397590637207,2.239042043685913,10.08889102935791,0.5342274904251099
391,uav_trajectory,9.289942681789398e-09,3.091835618019104,18.439481353759767,0.0,1241.0529052734375,0.029063334688544273,0.7190400958061218,28.135821497768163,26.16653206244703,37.96338653564453,-1.0710209608078003e-08,1.6334607601165771,3.1166248321533203,7.668301105499268,0.436951607465744
391,jammer_beamformer,-1.1641532182693481e-09,4.010147476196289,52.02066879272461,0.0,6296.715576171875,0.044270969927310944,0.7914581298828125,19.58099260415882,21.66059409916842,30.845417022705078,-9.313225746154785e-10,1.614213466644287,3.1376402378082275,9.18429946899414,0.47810712456703186
392,bs_beamformer,3.4365803003311156e-08,3.3574114799499513,51.134239196777344,0.0,914.4593322753906,-0.08384212851524353,0.634326159954071,21.15870684206486,23.277760904824557,33.58026123046875,-3.3527612686157227e-08,1.6918634176254272,2.306614398956299,10.146974563598633,0.5375952124595642
392,uav_trajectory,3.6368146538734433e-08,2.278284430503845,18.426521492004394,0.0,1589.0348022460937,-0.08710333704948425,0.5786510109901428,26.449727249284585,25.646063485948748,36.99032974243164,-2.9802322387695312e-08,1.293847918510437,2.6598918437957764,7.701925277709961,0.4389748275279999
392,jammer_beamformer,-8.940696716308593e-09,2.393454360961914,52.006658935546874,0.0,2495.3369995117187,-0.03980565816164017,0.6544091105461121,18.259691696343943,20.859624760048916,30.57842445373535,9.080395102500916e-09,1.5932939052581787,2.1439454555511475,9.213258743286133,0.4798124134540558
393,bs_beamformer,5.4948031902313236e-09,2.400473785400391,51.09773597717285,0.0,796.0617065429688,-0.04643048718571663,0.6533564925193787,21.53195283100009,23.568510171533728,33.623069763183594,-4.6566128730773926e-09,1.504260778427124,2.1746087074279785,10.205333709716797,0.540981113910675
393,uav_trajectory,-4.6566128730773926e-09,4.084629821777344,18.415440177917482,0.0,4638.972802734375,-0.05669993534684181,0.7377986311912537,27.51327521431446,26.061858220230025,37.09035873413086,1.862645149230957e-09,2.0753400325775146,2.8889870643615723,7.738214015960693,0.44118672609329224
393,jammer_beamformer,-4.095491021871567e-08,3.252311587333679,51.99509811401367,0.0,1489.2241821289062,-0.05494951456785202,0.6563441157341003,18.87891519613378,21.248430225499387,30.90537452697754,3.585591912269592e-08,1.7838103771209717,2.6681182384490967,9.230820655822754,0.4808529317378998
394,bs_beamformer,8.381903171539307e-10,4.985021448135376,51.0619083404541,0.0,1039.3318664550782,-0.005633901804685593,0.6804512143135071,23.300347552590072,24.770963242758725,34.03245544433594,0.0,2.2817652225494385,2.7815797328948975,10.264975547790527,0.5444961786270142
394,uav_trajectory,-1.0291114449501038e-08,3.4614830017089844,18.40891284942627,0.0,5239.515673828125,-0.00703013688325882,0.5959833264350891,29.584544816364843,26.909378663882205,36.98949432373047,2.7939677238464355e-09,1.8235409259796143,2.40510892868042,7.7616424560546875,0.4426167905330658
394,jammer_beamformer,-2.3981556296348573e-09,3.0676592350006104,51.98326148986816,0.0,1453.4362915039062,-0.10934742540121078,0.517938494682312,20.30057330157608,22.14254802171558,31.08129119873047,-3.725290298461914e-09,1.3693784475326538,3.9105706214904785,9.247961044311523,0.48185545206069946
395,bs_beamformer,-1.0244548320770264e-09,4.814327669143677,51.033752822875975,0.0,4096.4060546875,-0.06814052909612656,0.658976137638092,23.040021244823933,24.654638385518954,34.54775619506836,2.7939677238464355e-09,2.1424925327301025,3.433692455291748,10.318676948547363,0.5476645231246948
395,uav_trajectory,-8.381903171539307e-10,2.2419155120849608,18.403869247436525,0.0,4121.901123046875,-0.014283547177910805,0.6924339532852173,29.049187829136848,26.77963872246646,37.04369354248047,-5.587935447692871e-09,1.5783231258392334,2.1761367321014404,7.776371479034424,0.4434903860092163
395,jammer_beamformer,4.1909515857696534e-10,3.4074066400527956,51.967216110229494,0.0,859.0613647460938,0.016750628128647804,0.7940096855163574,20.063525267630816,21.972399852333865,31.006872177124023,2.7939677238464355e-09,1.685444951057434,2.7997660636901855,9.265789985656738,0.4829154908657074
396,bs_beamformer,-3.073364496231079e-09,5.7600044250488285,51.017731475830075,0.0,2485.7935791015625,-0.004325898364186287,0.7123836874961853,23.37048322568834,24.80103296865221,33.475337982177734,4.6566128730773926e-09,2.444185972213745,3.03969144821167,10.352904319763184,0.5496651530265808
396,uav_trajectory,4.866160452365875e-09,5.942171335220337,18.39843635559082,0.0,2780.93408203125,0.008117713034152985,0.7250023484230042,29.52597830269734,26.97318492140731,36.477657318115234,-7.2177499532699585e-09,2.4284415245056152,3.0156197547912598,7.7907490730285645,0.44432497024536133
396,jammer_beamformer,1.51805579662323e-08,4.468239212036133,51.93707389831543,0.0,404.6741516113281,-0.0987163782119751,0.5984880924224854,20.543380407642573,22.304458190400165,30.930416107177734,-1.0710209608078003e-08,1.8960707187652588,2.921607494354248,9.29804515838623,0.4847812056541443
397,bs_beamformer,2.491287887096405e-09,1.9130638480186462,51.00429267883301,0.0,1633.6745483398438,0.0030307061970233917,0.6423805356025696,23.3284093195349,24.849004429852975,33.49349594116211,-5.122274160385132e-09,1.3561936616897583,2.1748228073120117,10.373736381530762,0.5509042739868164
397,uav_trajectory,1.1175870895385742e-09,3.3401686191558837,18.3922700881958,0.0,3134.0269287109377,-0.07710836827754974,0.6848969459533691,29.44700425517559,26.979339264304546,37.268035888671875,-5.820766091346741e-10,1.7617990970611572,2.8075311183929443,7.806966781616211,0.44527667760849
397,jammer_beamformer,1.1548399925231934e-08,4.219968795776367,51.897871780395505,0.0,1216.6942626953125,0.0026506688445806503,0.7109649181365967,20.356783684080465,22.31032011946766,30.7246036529541,-1.210719347000122e-08,2.0258357524871826,2.485816240310669,9.355803489685059,0.4880887269973755
398,bs_beamformer,1.9953586161136628e-08,1.557152235507965,50.98916778564453,0.0,3871.2216552734376,-0.04408038407564163,0.6377863883972168,21.200980053655805,23.58237841148619,34.07405471801758,-1.6763806343078613e-08,1.2824863195419312,2.7722373008728027,10.39792251586914,0.552331805229187
398,uav_trajectory,-5.4948031902313236e-09,1.2347086668014526,18.385671615600586,0.0,5927.575927734375,-0.07406673580408096,0.5935215353965759,26.675170809599262,26.056445534963448,38.10276412963867,1.210719347000122e-08,1.0919002294540405,3.8706300258636475,7.824966907501221,0.4463442265987396
398,jammer_beamformer,3.525055944919586e-08,4.2127118587493895,51.862525177001956,0.0,366.37037048339846,-0.039075616747140884,0.6339598298072815,18.533548963375388,21.243898038852844,31.739412307739258,-3.655441105365753e-08,2.0802719593048096,2.1410281658172607,9.410536766052246,0.4912514388561249
399,bs_beamformer,9.406358003616333e-09,6.007075786590576,50.97565040588379,0.0,1829.3554809570312,0.011047309264540672,0.724571943283081,23.548689627684652,25.04088025443995,34.89974594116211,-1.0710209608078003e-08,2.488912343978882,2.1811604499816895,10.420401573181152,0.5536325573921204
399,uav_trajectory,9.313225746154785e-10,2.998319935798645,18.38040256500244,0.0,5175.22041015625,-0.015357506461441517,0.6383340358734131,29.55257136853536,27.090194471510287,38.31923294067383,-3.259629011154175e-09,1.7260923385620117,2.9875247478485107,7.840417861938477,0.4472586512565613
399,jammer_beamformer,1.4202669262886047e-08,2.3988250255584718,51.81529655456543,0.0,403.148974609375,0.0069665368646383286,0.6591892242431641,20.944020249411462,22.743670712338282,31.634084701538086,-2.1420419216156006e-08,1.4415029287338257,2.8576459884643555,9.472031593322754,0.49486714601516724
400,bs_beamformer,1.0221265256404876e-08,3.8935326099395753,50.95964012145996,0.0,2392.291162109375,-0.046098627150058746,0.634397029876709,23.274586820531635,24.896027486881756,34.318077087402344,-7.450580596923828e-09,2.0139222145080566,2.700176239013672,10.445304870605469,0.5550689101219177
400,uav_trajectory,3.045424818992615e-08,3.9041414976119997,18.375900650024413,0.0,3610.5324951171874,-0.11761336028575897,0.5906295776367188,29.461582054386536,27.04023374772373,38.401615142822266,-3.259629011154175e-08,1.491852879524231,3.94486927986145,7.8531084060668945,0.44801390171051025
400,jammer_beamformer,2.994202077388763e-08,4.318113708496094,51.76785888671875,0.0,7152.559619140625,0.00475813215598464,0.6834309697151184,20.759001846656204,22.736862726202286,31.983097076416016,-3.119930624961853e-08,2.033658742904663,2.4216604232788086,9.554616928100586,0.4997384548187256
401,bs_beamformer,-3.8184225559234616e-09,4.160432767868042,50.944874954223636,0.0,2427.947119140625,-0.015420320443809032,0.7173824906349182,23.4145810463652,25.03076499769715,34.286434173583984,3.725290298461914e-09,2.1082262992858887,2.600398302078247,10.472113609313965,0.5566496849060059
401,uav_trajectory,-8.614733815193176e-09,3.3974945545196533,18.371273040771484,0.0,4442.31396484375,-0.03604256361722946,0.7132564783096313,29.33711712861061,27.022388762285072,37.20928192138672,9.313225746154785e-09,1.883182168006897,2.0916454792022705,7.865804195404053,0.44877558946609497
401,jammer_beamformer,8.079223334789277e-09,5.174635410308838,51.743943786621095,0.0,1829.3308471679688,-0.0010246830061078072,0.6571345329284668,21.080876554124057,22.910824604959508,32.18470001220703,-7.450580596923828e-09,2.218424081802368,2.5637879371643066,9.610466003417969,0.5030115246772766
402,bs_beamformer,1.4249235391616822e-08,3.955385160446167,50.932487106323244,0.0,6093.7671875,-0.02343105524778366,0.7004028558731079,23.55352780587971,25.082612633012435,34.5610466003418,-1.816079020500183e-08,2.0254247188568115,2.8978912830352783,10.496737480163574,0.5580997467041016
402,uav_trajectory,-1.955777406692505e-09,5.279261255264283,18.3669713973999,0.0,4217.55,-0.01617605984210968,0.6851730346679688,29.372107685963314,27.0506740633159,37.75065231323242,8.847564458847046e-09,2.2975823879241943,2.5499162673950195,7.877748966217041,0.44951820373535156
402,jammer_beamformer,-4.936009645462036e-09,2.0572818517684937,51.73075561523437,0.0,2284.8722412109373,-0.015185514464974403,0.7017155885696411,21.445543252184986,23.2041109294966,32.089805603027344,-4.656612873077393e-10,1.4354243278503418,2.2713377475738525,9.636882781982422,0.5045384764671326
403,bs_beamformer,-5.587935447692871e-10,3.915754961967468,50.92207145690918,0.0,1571.2459228515625,-0.018448244780302048,0.705736517906189,21.913479787908493,24.2017979611579,34.29381561279297,2.7939677238464355e-09,2.0166988372802734,2.675189971923828,10.514131546020508,0.5591058135032654
403,uav_trajectory,-4.353933036327362e-09,4.982000732421875,18.362193489074706,0.0,1615.2150146484375,-0.03596675395965576,0.751650869846344,28.062820871897042,26.640203805520017,37.39691162109375,-1.862645149230957e-09,2.2798514366149902,2.3164594173431396,7.889039993286133,0.4502013325691223
403,jammer_beamformer,2.0023435354232787e-09,3.5074765205383303,51.718970108032224,0.0,3251.6118896484377,-0.020196732133626938,0.7102870941162109,19.61035018724948,22.186028849164643,32.406150817871094,2.7939677238464355e-09,1.9114911556243896,2.6336891651153564,9.656716346740723,0.5057049989700317
404,bs_beamformer,2.4214386940002442e-09,3.209403872489929,50.90343894958496,0.0,776.8459716796875,-0.005518995225429535,0.7109378576278687,22.433982801161708,24.487294219481743,34.74847412109375,-3.259629011154175e-09,1.7880492210388184,2.958453416824341,10.5362548828125,0.5604433417320251
404,uav_trajectory,-1.2014061212539673e-08,4.416251707077026,18.354960632324218,0.0,3579.174853515625,-0.030078422278165817,0.6758889555931091,28.87863968260586,26.968505799052263,37.8010139465332,8.381903171539307e-09,2.1806726455688477,3.1298773288726807,7.906196117401123,0.45121827721595764
404,jammer_beamformer,5.634501576423645e-09,2.6968834161758424,51.70827713012695,0.0,2848.5664306640624,-0.029902398586273193,0.6906033754348755,20.044368250243366,22.430285672888253,32.08522415161133,-8.847564458847046e-09,1.6692203283309937,2.776444435119629,9.674476623535156,0.5067306160926819
405,bs_beamformer,-1.3969838619232178e-08,4.035559415817261,50.87814598083496,0.0,2122.06728515625,0.0010406388901174068,0.7169573903083801,23.712949564799665,25.243682095931117,35.11738204956055,7.916241884231567e-09,1.99756920337677,3.1313741207122803,10.576536178588867,0.5628713965415955
405,uav_trajectory,-5.820766091346741e-09,2.8476666688919066,18.34749565124512,0.0,2880.91474609375,0.0005261707119643688,0.7089168429374695,29.8517211681207,27.35665643884208,38.43352127075195,3.259629011154175e-09,1.6668685674667358,2.453890800476074,7.926601409912109,0.45244643092155457
405,jammer_beamformer,-1.6437843441963194e-08,4.328757381439209,51.69896011352539,0.0,4479.729443359375,0.003520587459206581,0.7281203866004944,21.395746802888812,23.210943055405924,31.56650161743164,2.1420419216156006e-08,2.0159404277801514,2.2923169136047363,9.690653800964355,0.5076696872711182
406,bs_beamformer,-1.0430812835693359e-08,4.910714960098266,50.859459686279294,0.0,4620.89833984375,0.01954910159111023,0.7306747436523438,23.138289295803755,25.025906674228143,34.59235763549805,6.51925802230835e-09,2.2568984031677246,2.8935043811798096,10.613956451416016,0.5651426315307617
406,uav_trajectory,-5.448237061500549e-09,3.5704581260681154,18.340366172790528,0.0,3649.5439208984376,-0.11622179299592972,0.5589529275894165,29.415784165163835,27.285944459064023,37.953128814697266,7.450580596923828e-09,1.5500519275665283,2.352816104888916,7.947360515594482,0.45371970534324646
406,jammer_beamformer,-9.406358003616333e-09,3.321043300628662,51.6921142578125,0.0,6647.06005859375,-0.017608314752578735,0.6187677383422852,20.60347087004408,22.854925119701218,32.029296875,1.210719347000122e-08,1.8138806819915771,2.926105260848999,9.703156471252441,0.5083903074264526
407,bs_beamformer,-3.958120942115784e-09,3.0594172716140746,50.84360313415527,0.0,1305.1943969726562,-0.0028985105454921722,0.7503716349601746,23.81527476613689,25.413446211097995,34.43832778930664,9.313225746154785e-09,1.8219057321548462,2.4800610542297363,10.638526916503906,0.5666319131851196
407,uav_trajectory,-7.636845111846923e-09,2.9706504106521607,18.334264945983886,0.0,1916.915087890625,-0.06921771168708801,0.7097710371017456,29.814639303584894,27.457216331944263,37.97591018676758,8.381903171539307e-09,1.672479510307312,3.307875156402588,7.964723587036133,0.45478707551956177
407,jammer_beamformer,1.6950070858001708e-08,2.7018072605133057,51.68337059020996,0.0,579.1342346191407,-0.04111730679869652,0.6028855443000793,21.005882652593776,23.0476309874286,32.01729965209961,-1.3969838619232178e-08,1.67543363571167,2.1436126232147217,9.711813926696777,0.5088730454444885
408,bs_beamformer,-3.2782554626464846e-08,3.304319429397583,50.81897125244141,0.0,2408.72919921875,-0.10495129227638245,0.5951650738716125,22.496167374059556,24.674857031881718,34.289669036865234,3.3527612686157227e-08,1.2917371988296509,2.7340128421783447,10.673396110534668,0.568651556968689
408,uav_trajectory,-1.494772732257843e-08,3.049992895126343,18.327460479736327,0.0,2821.9634033203124,-0.042917996644973755,0.7121163010597229,27.690642085969447,26.653780166462283,38.4085807800293,1.862645149230957e-08,1.7929295301437378,3.304410934448242,7.982378959655762,0.45582208037376404
408,jammer_beamformer,2.7474015951156616e-08,4.1002068519592285,51.66236877441406,0.0,2806.9978515625,-0.03578508645296097,0.7011285424232483,19.800659403788856,22.344223532327206,32.25608825683594,-2.8870999813079834e-08,2.0710253715515137,2.4839863777160645,9.739773750305176,0.5104872584342957
409,bs_beamformer,1.6577541828155518e-08,3.747461175918579,50.79719161987305,0.0,815.1537536621094,-0.018817238509655,0.7237842082977295,23.724143417052925,25.447673588677958,34.53818130493164,-1.6763806343078613e-08,1.9643067121505737,2.90482759475708,10.708813667297363,0.5707223415374756
409,uav_trajectory,-5.667097866535187e-08,7.505178022384643,18.32055778503418,0.0,1699.983544921875,-0.08928032964468002,0.7548316121101379,30.031030875504015,27.576349506870816,38.202789306640625,5.494803190231323e-08,2.6728718280792236,3.056002616882324,8.000454902648926,0.4568755030632019
409,jammer_beamformer,7.916241884231567e-09,3.98693311214447,51.64700622558594,0.0,3579.35185546875,0.032194964587688446,0.7273926138877869,20.964061274275185,23.092296052250667,32.0817985534668,-8.149072527885437e-09,1.8579516410827637,2.364069700241089,9.770992279052734,0.5123250484466553
410,bs_beamformer,4.128087311983109e-08,4.268107795715332,50.7722412109375,0.0,1988.21279296875,-0.10508272796869278,0.6219685077667236,22.76963580690697,24.924974462127572,34.35011291503906,-3.818422555923462e-08,1.7177525758743286,2.8248887062072754,10.748473167419434,0.5731107592582703
410,uav_trajectory,-3.5855919122695924e-09,2.4404584169387817,18.312763023376466,0.0,4278.3794921875,-0.01799367181956768,0.6559196710586548,29.21141737898191,27.35273295549866,38.2476692199707,-7.450580596923828e-09,1.5900226831436157,2.663591146469116,8.0214204788208,0.458133339881897
410,jammer_beamformer,2.3143365979194642e-08,3.5527356624603272,51.6374870300293,0.0,3800.0992431640625,-0.031216392293572426,0.7164731025695801,20.081775104409083,22.574600367123043,32.1422233581543,-2.8870999813079834e-08,1.906510353088379,3.2695114612579346,9.790534973144531,0.5134735703468323
411,bs_beamformer,-1.2293457984924316e-08,4.152147960662842,50.74939727783203,0.0,1066.0822998046874,-0.03262040391564369,0.7571759223937988,23.894145164970308,25.606351680166618,34.867000579833984,1.0244548320770264e-08,2.0549986362457275,2.6553313732147217,10.787413597106934,0.5754404664039612
411,uav_trajectory,-8.102506399154662e-09,2.6562612771987917,18.30653610229492,0.0,3052.5991455078124,-0.03762764483690262,0.6977682709693909,30.045020009577275,27.71818827391287,39.26870346069336,7.450580596923828e-09,1.6990350484848022,2.7661490440368652,8.040597915649414,0.4593070447444916
411,jammer_beamformer,-3.022141754627228e-08,7.2920411109924315,51.628767776489255,0.0,1857.81728515625,0.07843869179487228,0.8120419979095459,20.801891999971122,23.01895995553458,32.242164611816406,3.14321368932724e-08,2.051619291305542,3.217357635498047,9.803857803344727,0.5142616629600525
412,bs_beamformer,-1.8347054719924926e-08,4.181920719146729,50.726552200317386,0.0,1078.6530395507812,-0.1019316017627716,0.6188552975654602,24.07311948560551,25.684459378502872,34.974815368652344,1.6298145055770874e-08,1.6039743423461914,2.7203292846679688,10.82451343536377,0.5776928067207336
412,uav_trajectory,5.587935447692871e-10,2.371541142463684,18.299345779418946,0.0,1831.6860961914062,-0.06367743015289307,0.7143697738647461,29.299366559058427,27.49065249338242,38.16132736206055,-3.725290298461914e-09,1.579919457435608,2.5693511962890625,8.05826187133789,0.46039435267448425
412,jammer_beamformer,-7.869675755500793e-09,6.014905118942261,51.61592750549316,0.0,3497.3065673828123,0.05752298980951309,0.7993395924568176,20.977582339370624,23.138830296096042,32.301490783691406,7.450580596923828e-09,2.090505361557007,2.9708480834960938,9.823040008544922,0.5153783559799194
413,bs_beamformer,-2.100132405757904e-08,8.18816089630127,50.704833602905275,0.0,3299.2132568359375,-0.0004868926480412483,0.7893021702766418,24.97450920379907,26.269093365572235,35.2685432434082,2.0954757928848267e-08,2.93479061126709,2.400381088256836,10.862717628479004,0.5800445675849915
413,uav_trajectory,1.0756775736808778e-08,3.977887487411499,18.289354705810545,0.0,2909.9794921875,-0.039374712854623795,0.6709917783737183,30.73883883182208,28.028110996634098,38.528568267822266,-7.450580596923828e-09,2.0749382972717285,3.175615072250366,8.08309268951416,0.461932510137558
413,jammer_beamformer,-2.8870999813079835e-09,6.360877895355225,51.60465049743652,0.0,4797.847900390625,0.03195299208164215,0.7295399308204651,21.46098973144032,23.407348753784632,32.82624435424805,7.450580596923828e-09,2.448763370513916,2.435912847518921,9.843925476074219,0.516585648059845
414,bs_beamformer,1.1525116860866547e-08,3.834751343727112,50.686635971069336,0.0,8264.5263671875,-0.03258887678384781,0.6339905858039856,24.58908108199388,26.140937345744966,35.54771423339844,-1.4901161193847656e-08,2.012178659439087,3.54239821434021,10.89779281616211,0.5821498036384583
414,uav_trajectory,-2.775341272354126e-08,3.4957724809646606,18.27970027923584,0.0,3556.571240234375,-0.05329834669828415,0.6898917555809021,30.631535187294087,28.017999862367045,39.06831741333008,2.8870999813079834e-08,1.8822824954986572,2.581233263015747,8.111023902893066,0.46360349655151367
414,jammer_beamformer,-5.871988832950592e-08,2.95094895362854,51.59708213806152,0.0,2767.3375244140625,-0.0991624966263771,0.6245383620262146,21.276159112829713,23.381949940285867,32.59140396118164,5.21540641784668e-08,1.4425442218780518,2.6637868881225586,9.85906982421875,0.5174800753593445
415,bs_beamformer,-1.2596137821674347e-08,1.3747121810913085,50.67412910461426,0.0,1470.5348510742188,-0.06947650015354156,0.5578472018241882,24.87259750960395,26.3275116517187,36.14675521850586,1.30385160446167e-08,0.9978876113891602,2.3707683086395264,10.919214248657227,0.5834012627601624
415,uav_trajectory,1.1746305972337723e-08,3.4924697637557984,18.272195053100585,0.0,4537.499682617187,-0.047942206263542175,0.7086849212646484,30.811661591112614,28.182746014043808,39.06289291381836,-9.313225746154785e-09,1.918175220489502,2.0622754096984863,8.133548736572266,0.4649100601673126
415,jammer_beamformer,-1.9441358745098113e-09,3.510110092163086,51.58885650634765,0.0,1705.1428100585938,0.010127158835530281,0.7473137378692627,21.4169064214807,23.4162318222876,33.24061584472656,2.7939677238464355e-09,1.8713488578796387,2.661393642425537,9.871308326721191,0.5182148218154907
416,bs_beamformer,-1.0523945093154908e-08,3.353380799293518,50.655509567260744,0.0,1248.5048706054688,0.019647672772407532,0.7447372078895569,24.45669726395607,26.14508051329887,35.82842254638672,1.30385160446167e-08,1.745927333831787,3.1986591815948486,10.942818641662598,0.5847576856613159
416,uav_trajectory,1.4062970876693725e-08,3.1041809797286986,18.265633583068848,0.0,1999.54814453125,-0.10358348488807678,0.519542932510376,30.286592859447,28.01590074655544,38.84361267089844,-1.4901161193847656e-08,1.5233161449432373,2.4145305156707764,8.150683403015137,0.4659135341644287
416,jammer_beamformer,7.729977369308472e-09,3.4950241088867187,51.57384414672852,0.0,1369.3868591308594,-0.007176786661148071,0.7093174457550049,21.099968172895256,23.23008418573346,32.767635345458984,-1.210719347000122e-08,1.8529914617538452,2.965540885925293,9.891829490661621,0.5194283127784729
417,bs_beamformer,-1.2130476534366608e-08,2.9269586324691774,50.63279037475586,0.0,4301.487036132812,-0.02319704368710518,0.6557251214981079,24.988079762078822,26.421059513011034,36.13238525390625,1.1175870895385742e-08,1.7656056880950928,3.0947790145874023,10.98000717163086,0.5869089365005493
417,uav_trajectory,-2.1513551473617555e-08,2.2621065616607665,18.256965827941894,0.0,1875.546875,-8.381903171539307e-09,0.6533685922622681,30.36616065253814,28.08899677916286,39.10266876220703,2.514570951461792e-08,1.4226888418197632,2.4964146614074707,8.171160697937012,0.4671475291252136
417,jammer_beamformer,3.059394657611847e-08,7.055230331420899,51.55372200012207,0.0,1434.45478515625,0.049133237451314926,0.7726202607154846,21.195869935933036,23.36128331415686,33.015995025634766,-3.4458935260772705e-08,2.3954169750213623,3.4200730323791504,9.91976547241211,0.521061897277832
418,bs_beamformer,1.057051122188568e-08,4.578555870056152,50.61646728515625,0.0,1962.6683349609375,-0.008002348244190216,0.6984352469444275,23.19912383662909,25.44138018805226,36.22330093383789,-1.210719347000122e-08,2.159450054168701,2.7444698810577393,11.011678695678711,0.5887343883514404
418,uav_trajectory,-1.9650906324386598e-08,2.474744749069214,18.24689826965332,0.0,4287.808349609375,-0.026135645806789398,0.7097689509391785,29.199403729875883,27.721717793518977,39.096595764160156,1.862645149230957e-08,1.6446791887283325,3.9920458793640137,8.198513984680176,0.46881669759750366
418,jammer_beamformer,9.313225746154785e-09,1.9917286872863769,51.53452644348145,0.0,3392.702099609375,-0.03573168069124222,0.6926065683364868,19.83021884181723,22.587768728856474,32.42019271850586,-1.1175870895385742e-08,1.4041870832443237,2.970659017562866,9.956233024597168,0.5232572555541992
419,bs_beamformer,1.7043203115463257e-08,4.360212135314941,50.599635696411134,0.0,1704.9617431640625,0.017590094357728958,0.7388508319854736,24.577930211015044,26.33443249720962,35.341312408447266,-1.909211277961731e-08,2.074591875076294,2.2083754539489746,11.036660194396973,0.5901657938957214
419,uav_trajectory,-4.6566128730773926e-09,7.52782678604126,18.238192749023437,0.0,2460.117724609375,0.08690619468688965,0.8405029773712158,30.857318674087523,28.316380768502587,38.78260040283203,-5.587935447692871e-09,2.2225236892700195,3.467733144760132,8.22391414642334,0.4703378975391388
419,jammer_beamformer,2.9802322387695314e-09,4.971127271652222,51.52164421081543,0.0,3298.5361572265624,0.012786724604666233,0.7129694819450378,21.351536875303836,23.52523033663864,32.8569450378418,-2.7939677238464355e-09,2.1198654174804688,2.763040065765381,9.982705116271973,0.5248910784721375
420,bs_beamformer,-1.823063939809799e-08,4.388549137115478,50.58117332458496,0.0,5650.788720703125,0.0487857386469841,0.754787266254425,24.78190668228455,26.435033171303225,35.75439453125,1.862645149230957e-08,1.9066472053527832,2.6216866970062256,11.069273948669434,0.5920656323432922
420,uav_trajectory,2.9802322387695314e-09,4.55129828453064,18.229533767700197,0.0,4491.81376953125,-0.02727643959224224,0.7075066566467285,30.755019586185615,28.404820504853003,40.06834411621094,0.0,2.1987950801849365,1.7429542541503906,8.249918937683105,0.4719080328941345
420,jammer_beamformer,1.2456439435482025e-08,4.693631601333618,51.50926322937012,0.0,1161.2173461914062,-0.0073660290800035,0.6965623497962952,21.644905779212714,23.707312102295283,33.070255279541016,-9.313225746154785e-09,2.2047922611236572,2.467341423034668,10.00033187866211,0.5259953737258911
421,bs_beamformer,1.2060627341270446e-08,3.7129582166671753,50.56784286499023,0.0,2453.347314453125,-0.03291606158018112,0.7208662033081055,24.787130435824395,26.487967495679122,35.46065139770508,-1.3504177331924438e-08,1.977871060371399,2.4053359031677246,11.095274925231934,0.5936126112937927
421,uav_trajectory,-5.960464477539063e-09,3.3804096937179566,18.222892379760744,0.0,4942.773486328125,0.0031235087662935257,0.7059121131896973,31.028791478077572,28.56911289246641,39.53327941894531,9.778887033462524e-09,1.87636399269104,2.9914097785949707,8.271014213562012,0.4732115566730499
421,jammer_beamformer,-5.6438148021698e-08,1.9659157514572143,51.49240074157715,0.0,4701.14140625,-0.07332752645015717,0.7066007256507874,21.66443642671406,23.752235476205634,32.97814178466797,5.727633833885193e-08,1.3449046611785889,2.997232437133789,10.026734352111816,0.5275934934616089
422,bs_beamformer,-1.6205012798309325e-08,3.9778438806533813,50.555166244506836,0.0,5088.2751953125,0.0009915605187416077,0.7106293439865112,23.2776441563908,25.612012027529474,35.936283111572266,1.862645149230957e-08,2.0643951892852783,3.2421939373016357,11.118027687072754,0.5949530601501465
422,uav_trajectory,1.4598481357097626e-08,2.910677671432495,18.21708564758301,0.0,3789.300048828125,-0.06577157974243164,0.5778636932373047,29.079025587707758,27.913196633311234,40.23389434814453,-9.778887033462524e-09,1.7472658157348633,2.8628768920898438,8.287572860717773,0.4742417633533478
422,jammer_beamformer,-2.2351741790771484e-09,5.29636516571045,51.47970199584961,0.0,2335.01669921875,-0.0027208738029003143,0.6823024749755859,20.297139510255306,22.91965443299292,33.297367095947266,5.587935447692871e-09,2.347628593444824,2.8632194995880127,10.0513334274292,0.5290508270263672
423,bs_beamformer,-5.448237061500549e-09,3.716300296783447,50.5433765411377,0.0,2083.8943603515627,-0.038024965673685074,0.6296361088752747,24.93890124729276,26.61789729717356,35.61381530761719,3.725290298461914e-09,1.9886785745620728,2.432420253753662,11.139047622680664,0.5961621999740601
423,uav_trajectory,-4.8428773880004884e-09,4.116168451309204,18.211258125305175,0.0,4729.296728515625,-0.06546743214130402,0.761561393737793,31.218268043001494,28.696004563695162,39.782814025878906,0.0,2.044260025024414,2.4126319885253906,8.303915023803711,0.47521868348121643
423,jammer_beamformer,2.0256265997886658e-08,1.2449780106544495,51.46856346130371,0.0,2777.3168701171876,-0.013629438355565071,0.6346286535263062,21.70461069265008,23.812976375007416,33.06861114501953,-1.7695128917694092e-08,1.0984503030776978,2.5352048873901367,10.07091236114502,0.5301807522773743
424,bs_beamformer,8.009374141693115e-09,4.357171440124512,50.5284122467041,0.0,3763.2615966796875,-0.003621975891292095,0.7723944187164307,25.563750432364643,26.967714073269956,35.827598571777344,-1.1175870895385742e-08,2.1238114833831787,2.3331546783447266,11.163483619689941,0.5976155400276184
424,uav_trajectory,9.406358003616333e-09,3.58509783744812,18.205725860595702,0.0,4334.23046875,0.036141686141490936,0.7331064343452454,31.540740385671455,28.809184273752624,40.03139114379883,-1.5832483768463135e-08,1.666494607925415,2.7777481079101562,8.319587707519531,0.47614172101020813
424,jammer_beamformer,3.920868039131165e-08,2.214909052848816,51.45658187866211,0.0,1658.5680053710937,-0.06278915703296661,0.6633416414260864,21.870066493995488,23.841994268076526,32.82109832763672,-3.91155481338501e-08,1.356593370437622,2.9395670890808105,10.090271949768066,0.5312897562980652
425,bs_beamformer,2.2817403078079225e-09,3.62174813747406,50.51054763793945,0.0,1195.3419067382813,-0.10367876291275024,0.6664631962776184,24.980384534314275,26.705723494073236,35.438941955566406,-3.259629011154175e-09,1.5298607349395752,2.5245108604431152,11.18875503540039,0.5991564393043518
425,uav_trajectory,2.3702159523963928e-08,1.9442998886108398,18.199552917480467,0.0,2307.059814453125,-0.06466531753540039,0.5644875764846802,31.08133219624559,28.686875427232156,40.20624923706055,-2.7008354663848877e-08,1.408090591430664,3.3095977306365967,8.335575103759766,0.47707244753837585
425,jammer_beamformer,2.0628795027732848e-08,5.021496200561524,51.440751266479495,0.0,1228.1745971679688,0.014719584956765175,0.663584291934967,21.421429993383587,23.66313029848585,32.802581787109375,-2.1420419216156006e-08,2.2213504314422607,2.38634991645813,10.112494468688965,0.5325989723205566
426,bs_beamformer,-7.636845111846923e-09,5.310889339447021,50.48322982788086,0.0,3870.6853271484374,0.0040222289972007275,0.7046737670898438,25.369687459681185,26.94516791347445,36.388614654541016,1.3504177331924438e-08,2.3477048873901367,2.684983730316162,11.224568367004395,0.6013069152832031
426,uav_trajectory,-7.450580596923828e-09,2.2565544128417967,18.191974449157716,0.0,3949.207666015625,-0.036523450165987015,0.633699893951416,31.521470033069452,28.87878365814927,40.07404327392578,9.778887033462524e-09,1.5697064399719238,2.115307331085205,8.35580062866211,0.4782640039920807
426,jammer_beamformer,-1.4994293451309205e-08,4.0889252662658695,51.423712158203124,0.0,4056.533056640625,-0.006004056427627802,0.7618683576583862,21.668681841854006,23.81495652536438,33.36333084106445,1.5366822481155396e-08,2.019569158554077,3.356954574584961,10.144002914428711,0.5344510078430176
427,bs_beamformer,9.033828973770141e-09,3.5549558639526366,50.46387367248535,0.0,7082.681982421875,-0.05276026204228401,0.6435202360153198,25.44211686553061,27.02419409646933,35.71751403808594,-1.0943040251731873e-08,1.8974575996398926,3.420228958129883,11.261094093322754,0.6034658551216125
427,uav_trajectory,1.0989606380462647e-08,3.922491431236267,18.18525924682617,0.0,4692.696484375,-0.07424553483724594,0.7145365476608276,31.742198564569154,29.00493645246111,39.995079040527344,-6.51925802230835e-09,1.9777915477752686,3.0054075717926025,8.375959396362305,0.47948816418647766
427,jammer_beamformer,1.41095370054245e-08,3.488915801048279,51.41237525939941,0.0,4916.33662109375,-0.00582778500393033,0.6894626021385193,21.880689826607703,24.01372253532001,33.09495544433594,-1.30385160446167e-08,1.8809467554092407,3.1738100051879883,10.169400215148926,0.5359504818916321
428,bs_beamformer,7.236376404762268e-08,5.222405433654785,50.45143814086914,0.0,2408.505712890625,-0.11386367678642273,0.6815823912620544,25.365660125792026,27.00172620833693,36.049530029296875,-7.59027898311615e-08,1.8269561529159546,2.5660228729248047,11.282252311706543,0.6047243475914001
428,uav_trajectory,-1.6670674085617064e-08,4.6453722476959225,18.17896213531494,0.0,2829.2876708984377,-0.026648474857211113,0.6482394337654114,31.69587307314078,29.03653815550669,39.774471282958984,2.421438694000244e-08,2.2223970890045166,3.521925449371338,8.392709732055664,0.4804944097995758
428,jammer_beamformer,-1.3690441846847534e-08,4.067571210861206,51.40424499511719,0.0,2774.32490234375,0.03776305168867111,0.7940326929092407,22.027094004046173,24.086783387852023,32.85615921020508,1.0244548320770264e-08,1.9055101871490479,3.0102298259735107,10.183856964111328,0.5368357300758362
429,bs_beamformer,4.614703357219696e-08,5.392356252670288,50.4390510559082,0.0,5658.1189453125,-0.09833110868930817,0.6516711115837097,23.412224426738916,25.854383774782757,36.270545959472656,-4.6566128730773926e-08,2.1850926876068115,2.8069944381713867,11.299555778503418,0.6057805418968201
429,uav_trajectory,-1.830048859119415e-08,6.343608140945435,18.171907234191895,0.0,4501.08984375,-0.05483347177505493,0.7003081440925598,29.658489292686184,28.391393572936003,39.90999221801758,1.816079020500183e-08,2.5800621509552,3.22869610786438,8.412238121032715,0.4816313087940216
429,jammer_beamformer,4.0978193283081055e-08,4.64384913444519,51.38784484863281,0.0,625.2946899414062,-0.06342773139476776,0.6876791715621948,20.16595114570856,23.07818528032068,33.15235137939453,-4.21423465013504e-08,2.1622061729431152,2.549562454223633,10.199786186218262,0.5377876162528992
430,bs_beamformer,-6.263144314289093e-09,2.743296813964844,50.42774200439453,0.0,1469.9029296875,-0.0498383566737175,0.6915621161460876,25.71821320781484,27.197057520568954,35.907833099365234,8.847564458847046e-09,1.664218544960022,3.2623469829559326,11.315125465393066,0.6067147254943848
430,uav_trajectory,-3.0151568353176115e-09,4.033595895767212,18.165966606140138,0.0,4414.123706054687,-0.0046133920550346375,0.7197688221931458,31.88908665859699,29.16731049529215,40.033111572265625,2.3283064365386963e-09,1.9390530586242676,2.395831346511841,8.43011474609375,0.48268941044807434
430,jammer_beamformer,-3.4924596548080444e-08,2.727729344367981,51.35696716308594,0.0,3451.4052490234376,-0.05703910067677498,0.5619766116142273,22.090618054009973,24.21293478109302,33.78194808959961,3.632158041000366e-08,1.6142750978469849,2.398064136505127,10.247344017028809,0.5406337976455688
431,bs_beamformer,6.994232535362243e-08,2.1079739570617675,50.410260391235354,0.0,3001.1938232421876,-0.03723188489675522,0.6126306653022766,22.20748816715367,25.056352215843592,36.535945892333984,-7.450580596923828e-08,1.4616292715072632,2.170473098754883,11.341477394104004,0.6082256436347961
431,uav_trajectory,6.28642737865448e-09,4.567157983779907,18.1606746673584,0.0,3577.303466796875,0.01948479562997818,0.7183271050453186,27.563560584982238,27.641189487156318,40.41558837890625,-1.4086253941059113e-08,1.9388481378555298,2.8771424293518066,8.445330619812012,0.48359283804893494
431,jammer_beamformer,1.5972182154655455e-08,6.362521171569824,51.33372764587402,0.0,1031.3258361816406,0.014947330579161644,0.7487908005714417,18.8217886410784,22.329802225634708,33.507835388183594,-1.862645149230957e-08,2.5048086643218994,2.501682996749878,10.291428565979004,0.5432502031326294
432,bs_beamformer,4.316680133342743e-08,3.0605873346328734,50.39484062194824,0.0,5288.771533203125,-0.017807897180318832,0.6964660882949829,25.051022277377545,26.8976331991475,36.137123107910156,-4.516914486885071e-08,1.8220303058624268,4.248704433441162,11.371721267700195,0.6099568009376526
432,uav_trajectory,-3.632158041000366e-09,5.429988765716553,18.15484485626221,0.0,3593.0112060546876,-0.031203586608171463,0.7954182028770447,31.71702970512708,29.189799362055012,39.74904251098633,3.725290298461914e-09,2.408186674118042,2.3270456790924072,8.460540771484375,0.48447394371032715
432,jammer_beamformer,-3.026798367500305e-09,4.604199647903442,51.308895874023435,0.0,1492.0161499023438,0.012876320630311966,0.7131739854812622,22.082520663440228,24.256845227467593,33.448768615722656,3.725290298461914e-09,2.163276433944702,2.1741719245910645,10.332719802856445,0.54570472240448
433,bs_beamformer,2.9802322387695314e-09,2.9701120138168333,50.38300552368164,0.0,5837.627294921875,-0.05511089414358139,0.6791521310806274,25.08120692428574,26.95573384249609,35.96690368652344,3.259629011154175e-09,1.7366689443588257,2.824846029281616,11.395477294921875,0.6113263964653015
433,uav_trajectory,1.4156103134155273e-08,4.897140264511108,18.148782348632814,0.0,4289.595263671875,-0.09222771972417831,0.645804226398468,31.63578874417146,29.313111438272912,40.45575714111328,-1.3620592653751373e-08,2.1805551052093506,1.9740583896636963,8.477938652038574,0.48550620675086975
433,jammer_beamformer,8.335337042808532e-09,2.571263837814331,51.28382797241211,0.0,470.7851104736328,-0.015915365889668465,0.6318988800048828,22.31903162057232,24.42681862525124,33.74980545043945,-7.916241884231567e-09,1.63857901096344,3.7582242488861084,10.375142097473145,0.5482386946678162
434,bs_beamformer,-2.0815059542655946e-08,9.795667934417725,50.36991233825684,0.0,1094.5923583984375,0.11398480832576752,0.7976391315460205,24.36476285726577,26.52393772390691,36.26323699951172,2.1886080503463745e-08,2.3617148399353027,3.0073843002319336,11.412172317504883,0.6123101115226746
434,uav_trajectory,-1.5529803931713105e-08,5.468103265762329,18.142480659484864,0.0,3630.356640625,-0.06510274112224579,0.6604881286621094,30.852431173642476,29.02775673819685,40.09877395629883,1.6938429325819016e-08,2.3603761196136475,1.9900809526443481,8.495957374572754,0.4865938723087311
434,jammer_beamformer,-2.2351741790771484e-08,4.389837551116943,51.25271224975586,0.0,1609.4733276367188,-0.02312340773642063,0.6594831943511963,21.430493561162614,24.05361984437662,33.78746032714844,1.979060471057892e-08,2.127389669418335,2.531017303466797,10.436169624328613,0.5518653988838196
435,bs_beamformer,-7.497146725654603e-09,2.9755968332290648,50.34413452148438,0.0,1760.5112060546876,-0.020346852019429207,0.6644749045372009,19.952986024715006,23.151030990026666,36.409183502197266,5.587935447692871e-09,1.7688102722167969,2.976161241531372,11.450568199157715,0.6146226525306702
435,uav_trajectory,-9.825453162193299e-09,3.9782439708709716,18.136051750183107,0.0,2305.4793212890627,-0.06851141154766083,0.7194952368736267,22.507954360942048,25.426617642844047,40.17105484008789,1.0244548320770264e-08,2.022148847579956,1.8000916242599487,8.512697219848633,0.48758769035339355
435,jammer_beamformer,7.706694304943085e-09,5.369023609161377,51.225761795043944,0.0,745.8395446777344,-0.07409635186195374,0.7066398859024048,15.564545513224788,20.268739202464502,34.08496856689453,-1.3969838619232178e-08,2.3049817085266113,2.0362966060638428,10.489715576171875,0.5550604462623596
436,bs_beamformer,-9.639188647270202e-09,3.320630407333374,50.31854667663574,0.0,2512.03935546875,-0.06590215116739273,0.6321848630905151,26.164538771644235,27.74342483828732,36.84727478027344,5.587935447692871e-09,1.8313697576522827,2.739149570465088,11.498668670654297,0.6175119280815125
436,uav_trajectory,-6.1932951211929325e-09,3.2247559070587157,18.127054977416993,0.0,2210.4332275390625,-0.02472066879272461,0.789783239364624,32.50957198278109,29.703655846427925,40.32143020629883,0.0,1.8265011310577393,2.641251564025879,8.534133911132812,0.4888559877872467
436,jammer_beamformer,-3.4691765904426576e-09,2.843161153793335,51.19301261901855,0.0,9557.648046875,-0.02894037403166294,0.6416336894035339,23.110638065239414,25.132308847838313,34.52724075317383,9.313225746154785e-10,1.7279208898544312,3.0250556468963623,10.543497085571289,0.5582953691482544
437,bs_beamformer,-1.0101357474923134e-07,3.1953325033187867,50.300635147094724,0.0,10267.50595703125,-0.11722436547279358,0.6015941500663757,24.673575068250297,26.935611312384978,36.656837463378906,9.96515154838562e-08,1.2542575597763062,2.167276620864868,11.536981582641602,0.6198203563690186
437,uav_trajectory,5.029141902923584e-09,5.58049955368042,18.117923545837403,0.0,5020.047021484375,0.018314480781555176,0.7872028946876526,31.353127447466054,29.314748684959124,40.36497116088867,-7.450580596923828e-09,2.2435779571533203,2.5467782020568848,8.56154727935791,0.49053245782852173
437,jammer_beamformer,7.660128176212311e-08,2.6502023696899415,51.171780014038085,0.0,981.4775024414063,-0.08099682629108429,0.6483880877494812,22.005868619982152,24.537883902785417,34.198665618896484,-6.752088665962219e-08,1.4974050521850586,2.212456703186035,10.582015991210938,0.5606312155723572
438,bs_beamformer,1.6670674085617064e-08,5.476631498336792,50.28771438598633,0.0,1900.8257568359375,-0.04857391491532326,0.6929716467857361,26.220412151515482,27.809390484386057,36.35013961791992,-1.6763806343078613e-08,2.418334484100342,2.4486069679260254,11.558013916015625,0.6211098432540894
438,uav_trajectory,2.6309862732887268e-08,3.9815478801727293,18.111223220825195,0.0,3409.9543701171874,-0.038659095764160156,0.7123954892158508,32.26393268052737,29.73920672456495,40.56438446044922,-2.1653249859809875e-08,2.044609546661377,2.857103109359741,8.58250904083252,0.49184882640838623
438,jammer_beamformer,-6.658956408500672e-09,1.535763669013977,51.14137649536133,0.0,718.717138671875,-0.01659148558974266,0.6821306347846985,23.312052715726196,25.360303668507402,34.198143005371094,1.4901161193847656e-08,1.266939401626587,3.3668429851531982,10.622145652770996,0.5630268454551697
439,bs_beamformer,-4.6566128730773926e-09,3.565464496612549,50.263525390625,0.0,983.829345703125,-0.024025313556194305,0.6862747073173523,25.827195454351603,27.63134608792307,36.36452865600586,5.122274160385132e-09,1.9786224365234375,2.9153735637664795,11.585062980651855,0.622748076915741
439,uav_trajectory,4.0140002965927125e-08,4.033307456970215,18.1048885345459,0.0,5221.40673828125,-0.08461205661296844,0.6496981978416443,31.79561016973853,29.607656497756555,41.28163528442383,-4.0978193283081055e-08,1.9264826774597168,3.395545244216919,8.600403785705566,0.4929865002632141
439,jammer_beamformer,2.6123598217964173e-08,2.0610806703567506,51.10572700500488,0.0,1847.9896606445313,0.01048808079212904,0.6928361058235168,23.155995915589855,25.341679396739288,34.75999069213867,-2.9802322387695312e-08,1.2673544883728027,3.090151786804199,10.687275886535645,0.5668321251869202
440,bs_beamformer,-1.508742570877075e-08,2.6822126388549803,50.22934494018555,0.0,1864.4313232421875,-0.03236144036054611,0.6435747742652893,24.99870801170729,27.198037631896405,36.71664047241211,1.257285475730896e-08,1.6744571924209595,3.7371482849121094,11.639780044555664,0.626018226146698
440,uav_trajectory,-2.50060111284256e-08,4.133240270614624,18.09932498931885,0.0,2949.4811767578126,-0.07471207529306412,0.7290925979614258,30.635808456202348,29.193951256338593,40.915523529052734,2.0954757928848267e-08,2.0260231494903564,1.881043791770935,8.615411758422852,0.4939259886741638
440,jammer_beamformer,-6.7055225372314455e-09,2.912182426452637,51.077025985717775,0.0,2522.6739013671877,-0.01730186864733696,0.7048308253288269,22.53725937820226,25.08709429472029,34.468814849853516,3.725290298461914e-09,1.758774757385254,2.192434072494507,10.74791145324707,0.5703620314598083
441,bs_beamformer,-1.5133991837501526e-08,4.589497375488281,50.200033569335936,0.0,1239.013671875,-0.09207364916801453,0.6073493361473083,25.870213980678468,27.740868544019573,36.90592956542969,1.5832483768463135e-08,1.9802932739257812,2.428342819213867,11.693860054016113,0.6293050050735474
441,uav_trajectory,1.1827796697616576e-08,3.829587936401367,18.092167854309082,0.0,2390.1397216796877,-0.006797047797590494,0.7135613560676575,32.16792494479815,29.78311749535514,40.706905364990234,-1.6763806343078613e-08,1.935283899307251,2.9645321369171143,8.632210731506348,0.49493956565856934
441,jammer_beamformer,5.005858838558197e-09,3.5607049226760865,51.05553855895996,0.0,1679.5324462890626,0.00500335730612278,0.7332628965377808,23.322426941797136,25.548787211873844,35.29792404174805,-7.916241884231567e-09,1.843961477279663,2.455245018005371,10.790617942810059,0.5728443264961243
442,bs_beamformer,1.5902332961559295e-08,5.061992931365967,50.17384567260742,0.0,2445.596484375,-0.020168546587228775,0.7418816685676575,26.5899698398076,28.20829788149644,37.216243743896484,-1.3504177331924438e-08,2.310789108276367,2.650266170501709,11.740485191345215,0.6321202516555786
442,uav_trajectory,1.6856938600540162e-08,2.9095965385437013,18.082864570617676,0.0,2043.2894653320313,-0.02364049106836319,0.7781268358230591,32.290835084100564,29.91863899547432,41.81981658935547,-1.5832483768463135e-08,1.724860429763794,2.8281166553497314,8.655506134033203,0.49640268087387085
442,jammer_beamformer,-8.754432201385498e-09,2.9559581756591795,51.03589973449707,0.0,2634.52216796875,0.0005411636084318161,0.7116808891296387,23.798319897256793,25.877026554019263,35.02085876464844,9.778887033462524e-09,1.762119174003601,3.1303038597106934,10.826485633850098,0.5749724507331848
443,bs_beamformer,4.5169144868850705e-09,2.779805827140808,50.14845657348633,0.0,1028.2760314941406,-0.04748696833848953,0.689471960067749,27.21200819528848,28.539230159251638,37.283905029296875,-3.725290298461914e-09,1.6709799766540527,2.3944294452667236,11.77967643737793,0.6344869136810303
443,uav_trajectory,9.872019290924072e-09,6.127623414993286,18.0726676940918,0.0,7863.436865234375,0.014056441374123096,0.7489311099052429,32.81075148328145,30.114327861189622,41.503997802734375,-1.280568540096283e-08,2.447784423828125,2.896209478378296,8.682584762573242,0.498105525970459
443,jammer_beamformer,-5.122274160385132e-10,2.241272497177124,51.021142196655276,0.0,10355.35224609375,-0.025096291676163673,0.7221096158027649,24.659386258788405,26.38864307285667,35.11496353149414,-1.862645149230957e-09,1.558276653289795,2.65803599357605,10.857379913330078,0.5768346786499023
444,bs_beamformer,-1.7695128917694092e-08,3.2137110233306885,50.116794204711915,0.0,6044.027294921875,-0.03626347333192825,0.6465412974357605,27.4301698461622,28.723697885696623,37.59939956665039,1.6298145055770874e-08,1.8723641633987427,3.5102922916412354,11.835806846618652,0.6377769708633423
444,uav_trajectory,1.057051122188568e-08,3.1808956146240233,18.066011428833008,0.0,5094.271728515625,-0.06377964466810226,0.6339868903160095,33.17525953916709,30.320955092306704,41.03842544555664,-1.3969838619232178e-08,1.7708085775375366,2.6012089252471924,8.70380973815918,0.49942493438720703
444,jammer_beamformer,-5.4948031902313236e-09,3.7211864709854128,51.009028625488284,0.0,684.3216918945312,-0.038919176906347275,0.6775388121604919,24.744459994545206,26.509503828465395,34.781593322753906,-9.313225746154785e-10,1.9795336723327637,2.820441961288452,10.87626838684082,0.5779566764831543
445,bs_beamformer,-6.7055225372314455e-09,2.411557126045227,50.093727111816406,0.0,1286.06552734375,-0.014259065501391888,0.5781784653663635,27.304049055047333,28.77985319660559,37.60893630981445,7.683411240577698e-09,1.6098231077194214,3.094083309173584,11.881205558776855,0.6404327154159546
445,uav_trajectory,7.003545761108399e-08,4.301508188247681,18.061403846740724,0.0,5079.5447265625,-0.1098804771900177,0.6087567210197449,33.23755583377679,30.363338026013974,41.24658966064453,-6.868503987789154e-08,1.6562328338623047,2.212740421295166,8.717802047729492,0.5002889037132263
445,jammer_beamformer,-2.9802322387695314e-09,3.7427719116210936,50.985958099365234,0.0,4540.8828125,0.0176193006336689,0.6733760833740234,24.705795687858014,26.48903504545413,35.164451599121094,3.958120942115784e-09,1.800269365310669,2.545748233795166,10.912740707397461,0.5800914168357849
446,bs_beamformer,-1.257285475730896e-08,4.145880174636841,50.06838760375977,0.0,8021.720751953125,-0.04587382450699806,0.6449272632598877,27.639446163669227,29.01166582646394,37.619789123535156,1.234002411365509e-08,2.101353645324707,1.9466114044189453,11.926688194274902,0.6431126594543457
446,uav_trajectory,4.7218054533004763e-08,2.049115467071533,18.05736675262451,0.0,4483.49453125,-0.05231405794620514,0.6041187047958374,32.75144787100951,30.184094258307056,41.576942443847656,-4.470348358154297e-08,1.4372210502624512,2.1944985389709473,8.728799819946289,0.5009551048278809
446,jammer_beamformer,-2.076849341392517e-08,2.5891056776046755,50.96712646484375,0.0,978.4263000488281,-0.05909189581871033,0.6411378979682922,24.450202295042576,26.360431280875595,35.01608657836914,2.0489096641540527e-08,1.6023155450820923,2.4491283893585205,10.95073127746582,0.5823067426681519
447,bs_beamformer,-4.600733518600464e-08,2.061621594429016,50.04808349609375,0.0,980.8496643066406,-0.07122107595205307,0.5599803924560547,26.86473141187057,28.629564464550246,38.0357666015625,4.842877388000488e-08,1.3309845924377441,3.511784791946411,11.962701797485352,0.645211935043335
447,uav_trajectory,-4.3306499719619754e-09,3.0198786735534666,18.053195571899415,0.0,5390.804345703125,-0.039780061691999435,0.684996485710144,32.32565221705039,30.038162639774626,42.193233489990234,5.587935447692871e-09,1.8153935670852661,3.298205614089966,8.740355491638184,0.5016453266143799
447,jammer_beamformer,-1.3504177331924438e-09,3.2649483680725098,50.94310035705566,0.0,2314.0832763671874,-0.08069256693124771,0.6335939168930054,23.621118697645144,25.973102907852972,35.880287170410156,-9.313225746154785e-10,1.7404049634933472,2.554063320159912,10.989977836608887,0.5845821499824524
448,bs_beamformer,1.5925616025924684e-08,1.7230608820915223,50.02023468017578,0.0,3688.8131591796873,-0.05604316666722298,0.5572107434272766,27.610140544533728,29.05861829109439,38.2505989074707,-1.3969838619232178e-08,1.2895315885543823,3.160325288772583,12.006414413452148,0.6477941870689392
448,uav_trajectory,-1.1455267667770386e-08,2.980584144592285,18.04795150756836,0.0,2501.11357421875,-0.0433698445558548,0.6729576587677002,33.31512326622009,30.472316148642605,41.4730339050293,9.313225746154785e-09,1.7844198942184448,2.637573719024658,8.752544403076172,0.5023844242095947
448,jammer_beamformer,4.703179001808166e-09,2.7220759868621824,50.92057800292969,0.0,641.1186279296875,-0.014487572945654392,0.6856333613395691,24.813974679727107,26.64780838366181,35.84235763549805,-3.725290298461914e-09,1.6502903699874878,2.796271800994873,11.028657913208008,0.5868512988090515
449,bs_beamformer,1.508742570877075e-08,4.787727308273316,49.99978675842285,0.0,1289.5283813476562,0.055607870221138,0.679250180721283,27.54364460205287,29.142464434331913,37.75433349609375,-1.4435499906539917e-08,1.7924221754074097,3.056478500366211,12.043532371520996,0.6499931216239929
449,uav_trajectory,3.9231963455677036e-09,4.044901895523071,18.040087699890137,0.0,4298.019189453125,-0.004639234393835068,0.6800447106361389,33.28012255315979,30.511025619045853,41.659095764160156,-4.6566128730773926e-09,1.9989168643951416,4.07380485534668,8.772187232971191,0.5035586953163147
449,jammer_beamformer,1.792795956134796e-08,4.3535284996032715,50.88927574157715,0.0,861.7213256835937,-0.0673808753490448,0.7052246332168579,24.58686513572931,26.62568620213794,35.325103759765625,-1.5832483768463135e-08,2.0107271671295166,2.8453805446624756,11.078630447387695,0.5898029208183289
450,bs_beamformer,4.924368113279342e-09,2.9338043212890623,49.977769470214845,0.0,2978.54580078125,-0.05482356622815132,0.669863224029541,27.261583401888608,28.929278600535874,37.959571838378906,-3.958120942115784e-09,1.7085697650909424,2.709731101989746,12.082756996154785,0.6523173451423645
450,uav_trajectory,-5.103647708892822e-08,3.4192240238189697,18.032123565673828,0.0,2353.4615966796873,-0.041022006422281265,0.7646431922912598,33.012516559700174,30.428739191860522,41.40346908569336,4.7497451305389404e-08,1.9363938570022583,2.387791872024536,8.792547225952148,0.5047829747200012
450,jammer_beamformer,1.4482066035270692e-08,3.893350434303284,50.86136169433594,0.0,6915.556884765625,0.002699807286262512,0.6587835550308228,24.479024227116255,26.541404881928344,35.805274963378906,-1.5832483768463135e-08,1.9836374521255493,2.6649117469787598,11.135512351989746,0.5932294130325317
451,bs_beamformer,-1.4202669262886047e-08,3.899490714073181,49.955575942993164,0.0,1208.36943359375,-0.03648720681667328,0.6820135116577148,27.793083541553468,29.308294272034125,38.8334846496582,1.6763806343078613e-08,2.0417635440826416,2.53865122795105,12.118953704833984,0.6544927358627319
451,uav_trajectory,1.6624107956886293e-08,4.543816947937012,18.022119140625,0.0,4313.808837890625,-0.14592622220516205,0.5684957504272461,33.53677818330129,30.716660696933054,41.597076416015625,-1.6298145055770874e-08,1.5020747184753418,2.2200777530670166,8.81869125366211,0.5063496232032776
451,jammer_beamformer,1.9744038581848144e-08,2.7905680656433107,50.847561264038085,0.0,10438.681640625,-0.031772904098033905,0.6324965357780457,24.70653776324913,26.744855523956474,35.91164779663086,-2.0489096641540527e-08,1.6978129148483276,3.0808780193328857,11.170173645019531,0.5953283309936523
452,bs_beamformer,-6.472691893577576e-09,4.230602836608886,49.926579284667966,0.0,5895.771875,-0.00807497650384903,0.6974765658378601,28.093248989969492,29.55069085010996,38.21884536743164,5.820766091346741e-09,2.11232328414917,2.256601572036743,12.167557716369629,0.6574005484580994
452,uav_trajectory,1.7415732145309448e-08,2.0076194286346434,18.014459991455077,0.0,3382.280859375,-0.05791093781590462,0.674439549446106,33.442957139799994,30.71046565415966,43.086856842041016,-1.5366822481155396e-08,1.4631133079528809,2.935429573059082,8.842113494873047,0.5077193975448608
452,jammer_beamformer,3.073364496231079e-09,2.955921673774719,50.84107437133789,0.0,4113.08857421875,-0.07454836368560791,0.667463481426239,24.736159696884453,26.839288023600528,35.78046417236328,-6.51925802230835e-09,1.5297024250030518,2.208160877227783,11.185586929321289,0.5962423086166382
453,bs_beamformer,-9.12696123123169e-09,3.57616069316864,49.90237655639648,0.0,1064.3512451171875,0.012005792930722237,0.7234790325164795,27.85355665713176,29.513137886728895,38.89606857299805,9.313225746154785e-09,1.823560357093811,2.229142427444458,12.209024429321289,0.6598515510559082
453,uav_trajectory,-1.1629890650510789e-08,3.1044246912002564,18.00709686279297,0.0,5061.708935546875,-0.010989513248205185,0.6676864624023438,33.841710462133086,30.970275020697876,42.349456787109375,1.4435499906539917e-08,1.7873363494873047,2.879615545272827,8.861727714538574,0.5088626742362976
453,jammer_beamformer,-8.05594027042389e-09,2.263328194618225,50.82955703735352,0.0,622.959765625,-0.05062035843729973,0.6729648113250732,24.628808877583594,26.75957479889306,35.913543701171875,1.1175870895385742e-08,1.5122162103652954,2.351348876953125,11.195122718811035,0.5967973470687866
454,bs_beamformer,3.958120942115784e-08,2.051727223396301,49.86722030639648,0.0,1185.093505859375,-0.02222331427037716,0.6472613215446472,22.93495858363062,26.587516300812133,38.0428466796875,-3.5390257835388184e-08,1.4899815320968628,2.6557066440582275,12.2625093460083,0.6630789041519165
454,uav_trajectory,-1.0058283805847169e-08,2.260204243659973,17.999949836730956,0.0,3586.36591796875,-0.041131991893053055,0.6721230149269104,27.801768206497034,28.61153158578301,41.79001235961914,1.5832483768463135e-08,1.5751361846923828,2.826997756958008,8.8808012008667,0.5100095272064209
454,jammer_beamformer,5.774199962615967e-09,4.705591249465942,50.802070999145506,0.0,6020.772265625,-0.11090705543756485,0.7357023358345032,20.083392740558832,24.080058537317782,35.64817428588867,-7.450580596923828e-09,1.8277900218963623,2.7253987789154053,11.233861923217773,0.5991575717926025
455,bs_beamformer,-2.260785549879074e-08,1.9233229160308838,49.83065567016602,0.0,4701.670458984375,-0.04152040183544159,0.601009726524353,27.513597126081585,29.439291263573885,38.5157356262207,2.2817403078079224e-08,1.372348666191101,2.697554111480713,12.33100700378418,0.6672465801239014
455,uav_trajectory,-4.656612873077393e-10,2.9090672731399536,17.99211769104004,0.0,5289.85234375,-0.013604742474853992,0.6692093014717102,33.11495889041821,30.774079618131452,41.990962982177734,1.6298145055770874e-09,1.73915696144104,2.250345468521118,8.902215957641602,0.5112987756729126
455,jammer_beamformer,-3.771856427192688e-08,3.734450602531433,50.785470199584964,0.0,3757.4924072265626,-0.04645296186208725,0.7214920520782471,24.337566871669143,26.650495475696232,35.979522705078125,3.818422555923462e-08,1.9819811582565308,3.802968978881836,11.269262313842773,0.6013302803039551
456,bs_beamformer,1.4388933777809142e-08,1.7776732802391053,49.807696151733396,0.0,2546.6826171875,-0.028293196111917496,0.6504241824150085,28.383774714339523,29.913806036371426,38.2625846862793,-1.0710209608078003e-08,1.3740196228027344,3.0061731338500977,12.378847122192383,0.670138418674469
456,uav_trajectory,-6.640329957008362e-08,3.6642810583114622,17.984758949279787,0.0,4504.7662353515625,-0.06034313887357712,0.6684910655021667,34.03669339934985,31.183174036815338,42.84996032714844,6.007030606269836e-08,1.9105198383331299,2.8143463134765625,8.923213958740234,0.512553334236145
456,jammer_beamformer,5.681067705154419e-09,4.1367888927459715,50.7750545501709,0.0,4049.68134765625,-0.012971245683729649,0.698796808719635,25.42356443553418,27.324769157707635,36.43931579589844,-8.381903171539307e-09,2.1336557865142822,2.713730573654175,11.289542198181152,0.6025576591491699
457,bs_beamformer,5.681067705154419e-09,5.91541690826416,49.78629150390625,0.0,1510.0452392578125,0.04769796505570412,0.7117859125137329,27.94595419995487,29.732920441371665,39.05976104736328,-6.51925802230835e-09,2.2438621520996094,2.5171570777893066,12.411399841308594,0.6721030473709106
457,uav_trajectory,-2.2281892597675324e-08,1.3724807858467103,17.97744369506836,0.0,5049.7822265625,-0.05974496901035309,0.618035614490509,33.9391692635417,31.08205324197171,42.76458740234375,2.8405338525772095e-08,1.22030770778656,2.360413074493408,8.943412780761719,0.5137749314308167
457,jammer_beamformer,-9.452924132347107e-09,4.377139616012573,50.766402053833005,0.0,10620.74208984375,-0.0553523525595665,0.7097640037536621,24.6635920992326,26.905009537338255,36.064353942871094,9.080395102500916e-09,2.07114577293396,2.1957333087921143,11.307023048400879,0.6035832762718201
458,bs_beamformer,1.4761462807655334e-08,1.7886207580566407,49.758964920043944,0.0,3437.2474853515623,-0.031023148447275162,0.5816853642463684,26.919281793981792,29.213214858891433,39.209999084472656,-1.4901161193847656e-08,1.3850376605987549,2.557718276977539,12.457928657531738,0.6748740673065186
458,uav_trajectory,2.0023435354232787e-09,4.793955898284912,17.97028751373291,0.0,2794.9569580078123,0.014739450998604298,0.712247371673584,32.07856461787224,30.508317944170294,42.290199279785156,-2.0954757928848267e-09,2.174377918243408,2.4679276943206787,8.961999893188477,0.5148916840553284
458,jammer_beamformer,-2.523884177207947e-08,4.761051273345947,50.760826110839844,0.0,5240.975146484375,-0.05672246217727661,0.7040372490882874,23.67057229037024,26.369041975177904,36.087791442871094,2.468004822731018e-08,2.1631100177764893,2.4426815509796143,11.319571495056152,0.6043283343315125
459,bs_beamformer,-1.2619420886039735e-08,1.7664116621017456,49.73919906616211,0.0,8555.003173828125,-0.05249503254890442,0.6656671762466431,27.711506808757782,29.673368203132714,38.60166549682617,1.5832483768463135e-08,1.3787022829055786,2.6018805503845215,12.499860763549805,0.6773573756217957
459,uav_trajectory,8.661299943923951e-09,2.251387119293213,17.961423110961913,0.0,4604.31357421875,-0.0033986102789640427,0.6445654630661011,33.10670018609365,30.916995041199776,42.253028869628906,-5.587935447692871e-09,1.4560214281082153,3.3651223182678223,8.984832763671875,0.5162883400917053
459,jammer_beamformer,1.2945383787155152e-08,4.14392352104187,50.754594802856445,0.0,1753.0130249023437,0.007057500071823597,0.7694266438484192,24.636130873821674,26.88720484621254,36.396358489990234,-8.847564458847046e-09,2.019839286804199,2.731114149093628,11.327783584594727,0.6048421859741211
460,bs_beamformer,4.307366907596588e-08,1.194015419483185,49.72575645446777,0.0,2437.946533203125,-0.04661816358566284,0.5847594141960144,28.4766392551139,30.151312097352204,38.4220085144043,-4.7497451305389404e-08,1.0751802921295166,3.1834259033203125,12.525113105773926,0.6788442730903625
460,uav_trajectory,5.122274160385132e-10,3.5139110326766967,17.954092025756836,0.0,4448.287109375,-0.02458835206925869,0.6450595855712891,34.33043660058578,31.45273578470385,42.59263229370117,9.313225746154785e-10,1.909229040145874,3.1709952354431152,9.007694244384766,0.5177068710327148
460,jammer_beamformer,-1.3504177331924438e-08,2.421619343757629,50.74428825378418,0.0,4552.039404296875,-0.018799660727381706,0.6084546446800232,25.277592397719623,27.2704370896195,35.98047637939453,1.6763806343078613e-08,1.5745874643325806,2.774777412414551,11.344079971313477,0.605826735496521
461,bs_beamformer,1.7136335372924803e-08,5.940163516998291,49.71195602416992,0.0,3495.95205078125,0.03662056475877762,0.7171628475189209,27.75665827661753,29.771128664440333,38.53819274902344,-1.955777406692505e-08,2.156466484069824,2.7567007541656494,12.5496187210083,0.6803155541419983
461,uav_trajectory,-2.551823854446411e-08,7.041261291503906,17.947541427612304,0.0,2479.12626953125,-0.052793651819229126,0.749304473400116,33.73563543700178,31.235667647341696,42.67842102050781,2.9802322387695312e-08,2.696085214614868,2.719806671142578,9.026039123535156,0.5188169479370117
461,jammer_beamformer,5.820766091346741e-10,2.5941727638244627,50.73610305786133,0.0,6939.950146484375,-0.07660868763923645,0.6241204738616943,24.363833333868534,26.75587929659389,36.556427001953125,-2.7939677238464355e-09,1.4593448638916016,2.5649187564849854,11.360926628112793,0.6068304777145386
462,bs_beamformer,-7.916241884231567e-10,9.4629225730896,49.697848892211915,0.0,2887.445068359375,0.1076572984457016,0.73130202293396,28.233530256759376,30.07329805754181,39.46434783935547,-2.7939677238464355e-09,2.2191872596740723,2.339887857437134,12.573040008544922,0.6817290782928467
462,uav_trajectory,5.587935447692871e-09,7.490969896316528,17.9386962890625,0.0,4311.979833984375,0.06402680277824402,0.7816210985183716,34.00175348953406,31.403341759763872,42.9318962097168,9.313225746154785e-10,2.2676329612731934,2.514909029006958,9.048529624938965,0.5201457142829895
462,jammer_beamformer,1.1175870895385742e-09,3.6793320894241335,50.72728958129883,0.0,1432.2837158203124,-0.0009286273270845413,0.6862082481384277,24.73954117595032,26.99624229882762,36.348052978515625,1.1641532182693481e-09,1.9606304168701172,3.295356035232544,11.372406959533691,0.6075024604797363
463,bs_beamformer,-1.9045546650886535e-08,4.607270431518555,49.68077201843262,0.0,4401.791455078125,0.03845001757144928,0.7065288424491882,28.197545933712274,30.155544884275788,39.42737579345703,1.955777406692505e-08,1.9824800491333008,3.192493438720703,12.602062225341797,0.6835131645202637
463,uav_trajectory,-7.916241884231567e-09,2.468210530281067,17.929973220825197,0.0,4300.309716796875,-0.008570662699639797,0.7454220652580261,34.371719784379,31.575882649281546,43.10965347290039,1.3504177331924438e-08,1.5773361921310425,2.9615983963012695,9.074141502380371,0.521676242351532
463,jammer_beamformer,1.1641532182693481e-09,1.9767311573028565,50.70888824462891,0.0,813.6053894042968,-0.05259495601058006,0.649480402469635,24.645480583753436,26.985086929281714,36.41959762573242,9.313225746154785e-10,1.3685122728347778,3.544999599456787,11.397001266479492,0.6090111136436462
464,bs_beamformer,-1.4668330550193787e-08,4.404149913787842,49.6638744354248,0.0,1279.5490844726562,0.04986116662621498,0.6869004964828491,28.293025222232565,30.15762933530492,39.09701156616211,1.30385160446167e-08,1.7492704391479492,3.415543794631958,12.627734184265137,0.6851143836975098
464,uav_trajectory,3.7509016692638396e-08,5.899902296066284,17.922536849975586,0.0,5791.16328125,0.058547742664813995,0.7483073472976685,34.40076739176114,31.532479242026493,43.57862091064453,-3.632158041000366e-08,2.0488688945770264,3.1643195152282715,9.096819877624512,0.5230363607406616
464,jammer_beamformer,-4.633329808712005e-09,3.4347876071929933,50.686655807495114,0.0,4057.682958984375,-0.07274092733860016,0.6573342680931091,25.18678922441043,27.321471639094337,36.44982147216797,7.916241884231567e-09,1.801629900932312,2.380430221557617,11.437607765197754,0.6115379929542542
465,bs_beamformer,-2.654269337654114e-09,2.457312798500061,49.636482620239256,0.0,2287.123486328125,0.0015786555595695972,0.7847384214401245,27.60994387038052,29.831507802068415,38.894046783447266,3.725290298461914e-09,1.570518970489502,2.38238787651062,12.666102409362793,0.6874849796295166
465,uav_trajectory,-3.5157427191734313e-09,2.928302788734436,17.916011619567872,0.0,4395.1319580078125,0.010958395898342133,0.727834165096283,33.438499268740415,31.343006831367283,43.59527587890625,3.725290298461914e-09,1.6418453454971313,3.0160715579986572,9.11581802368164,0.5241692662239075
465,jammer_beamformer,2.6030465960502624e-08,1.5267596125602723,50.67273788452148,0.0,8946.34912109375,-0.03605346381664276,0.5991030931472778,24.12840578638483,26.747945196389498,36.60750198364258,-2.7939677238464355e-08,1.2594507932662964,3.631309747695923,11.469145774841309,0.6134949922561646
466,bs_beamformer,-2.3352913558483123e-08,3.8893850088119506,49.60938949584961,0.0,4501.43134765625,0.028922531753778458,0.7391005754470825,27.797959883440285,30.014123138984505,39.28049850463867,2.3748725652694702e-08,1.9221465587615967,3.2515971660614014,12.712950706481934,0.6903273463249207
466,uav_trajectory,9.406358003616333e-09,2.9219035148620605,17.909951210021973,0.0,3908.1948974609377,-0.047369081526994705,0.6601287126541138,33.716443152278664,31.459126630079524,43.277400970458984,-9.313225746154785e-09,1.7075496912002563,2.564554214477539,9.13353157043457,0.5252513885498047
466,jammer_beamformer,1.611188054084778e-08,5.751842451095581,50.66423034667969,0.0,4056.13681640625,0.0022254493087530136,0.7177792191505432,24.51586272989586,26.983394438690976,36.56338119506836,-1.257285475730896e-08,2.4090945720672607,3.2614972591400146,11.486576080322266,0.6145769953727722
467,bs_beamformer,8.428469300270081e-09,3.54485023021698,49.58582954406738,0.0,1377.622509765625,-0.06609833985567093,0.6694566607475281,28.237781514294447,30.252967286134194,39.06406784057617,-1.4202669262886047e-08,1.8250032663345337,2.591578722000122,12.749841690063477,0.6925624012947083
467,uav_trajectory,-1.6530975699424744e-08,4.235770797729492,17.904636764526366,0.0,3330.1830078125,-0.049563005566596985,0.6695947051048279,33.62366035674016,31.47376525566793,43.552738189697266,1.0943040251731873e-08,2.114100933074951,2.6274890899658203,9.148500442504883,0.5262089967727661
467,jammer_beamformer,-5.4249539971351624e-08,3.5498116493225096,50.65630187988281,0.0,5410.287109375,-0.04535263031721115,0.6779146194458008,24.646181805361064,27.1398490753565,37.10205841064453,5.774199962615967e-08,1.955711841583252,2.403318166732788,11.500151634216309,0.6153926849365234
468,bs_beamformer,1.5832483768463134e-09,8.764257335662842,49.55445899963379,0.0,2400.618115234375,0.03108666092157364,0.7970818877220154,28.07198269689828,30.14398045693386,39.403228759765625,1.3969838619232178e-09,2.8986265659332275,1.9693347215652466,12.799833297729492,0.6955533027648926
468,uav_trajectory,-7.962808012962342e-09,5.21325421333313,17.898447608947755,0.0,5034.346875,-0.02067616768181324,0.6586259603500366,32.80446293286482,31.175773259724746,43.1097412109375,1.0244548320770264e-08,2.2896385192871094,2.452810049057007,9.165008544921875,0.5272367596626282
468,jammer_beamformer,8.35862010717392e-09,3.852946925163269,50.64450607299805,0.0,1176.1444458007813,0.009560026228427887,0.7069289684295654,24.550665256284177,27.079520241475908,36.678977966308594,-9.546056389808655e-09,1.9715371131896973,2.7156434059143066,11.514093399047852,0.6162005066871643
469,bs_beamformer,-1.5366822481155395e-09,4.345238876342774,49.53044548034668,0.0,3534.8480224609375,-0.025515927001833916,0.676801323890686,26.74070557550341,29.502820360242765,39.761192321777344,2.7939677238464355e-09,2.134070873260498,2.252702236175537,12.848052978515625,0.6984733939170837
469,uav_trajectory,-8.847564458847045e-10,5.852029275894165,17.892440032958984,0.0,5739.687109375,0.0261697955429554,0.6839689612388611,32.31296486490965,31.05854810744417,43.54609298706055,-3.026798367500305e-09,2.2330710887908936,2.293182849884033,9.18248176574707,0.5282984375953674
469,jammer_beamformer,6.007030606269837e-09,3.230274128913879,50.62421875,0.0,2985.193994140625,-0.07187208533287048,0.6098931431770325,23.571380250634625,26.467360230101374,36.98432922363281,-4.190951585769653e-09,1.7197911739349365,2.5151753425598145,11.54723834991455,0.6181369423866272
470,bs_beamformer,-3.259629011154175e-09,4.057068824768066,49.511026000976564,0.0,1862.7329956054687,-0.054867859929800034,0.7004903554916382,27.661517132513225,30.11024360253018,39.96030807495117,3.259629011154175e-09,2.039243221282959,2.0988481044769287,12.881562232971191,0.7005305886268616
470,uav_trajectory,-8.12578946352005e-09,4.200870227813721,17.886106872558592,0.0,3766.348681640625,-0.011439317837357521,0.7015255093574524,32.38478599674503,31.131841152669256,43.57292175292969,8.847564458847046e-09,2.0913140773773193,2.809321165084839,9.1994047164917,0.5293129682540894
470,jammer_beamformer,1.494772732257843e-08,2.127776861190796,50.60823707580566,0.0,5742.29765625,-0.05071859806776047,0.5747613310813904,24.11971037613321,26.84311056760002,37.013954162597656,-1.3504177331924438e-08,1.4712680578231812,2.6986966133117676,11.58045768737793,0.6200947761535645
471,bs_beamformer,-2.9173679649829864e-08,4.422132301330566,49.489749908447266,0.0,4867.50029296875,-0.06358778476715088,0.5964253544807434,21.884809488605708,26.240032037952826,39.64705276489258,2.3283064365386963e-08,2.0518908500671387,2.68251633644104,12.918899536132812,0.7028151750564575
471,uav_trajectory,-9.89530235528946e-09,1.70537611246109,17.87907123565674,0.0,6065.626220703125,-0.047768447548151016,0.627465009689331,26.12146596542994,28.537885633380753,43.39636993408203,9.313225746154785e-09,1.309414029121399,2.15016508102417,9.2175931930542,0.530427098274231
471,jammer_beamformer,2.5797635316848754e-08,4.131678771972656,50.596435928344725,0.0,1822.5463012695313,-0.03502604737877846,0.7165738940238953,18.71543770897668,23.426019015375168,36.696128845214844,-3.259629011154175e-08,2.0866503715515137,3.122424602508545,11.6014404296875,0.6213239431381226
472,bs_beamformer,2.0908191800117492e-08,3.471766805648804,49.475389862060545,0.0,6269.005126953125,-0.04529767110943794,0.6713250875473022,28.76711818393972,30.77525183100072,39.642967224121094,-1.83936208486557e-08,1.8816105127334595,2.520634412765503,12.95068359375,0.70477694272995
472,uav_trajectory,1.210719347000122e-08,4.900673532485962,17.872408294677733,0.0,4628.107446289063,-0.03699982911348343,0.6809473633766174,33.86423909787337,31.716995075314646,43.819610595703125,-1.1175870895385742e-08,2.2844417095184326,3.1276040077209473,9.234964370727539,0.5314982533454895
472,jammer_beamformer,-2.253800630569458e-08,5.615444993972778,50.57973365783691,0.0,2417.408349609375,-0.043318092823028564,0.7467352747917175,25.089619109816848,27.4850786660385,37.14325714111328,2.1886080503463745e-08,2.421732187271118,3.0881781578063965,11.625459671020508,0.6227598190307617
473,bs_beamformer,-1.3085082173347474e-08,4.782260179519653,49.46602897644043,0.0,5816.938818359375,0.013398222625255585,0.7078244686126709,29.306682726442816,31.08505210281494,39.980255126953125,2.7939677238464355e-09,2.098253011703491,2.4365367889404297,12.970220565795898,0.7059938907623291
473,uav_trajectory,-5.378387868404389e-09,2.9104013681411742,17.866107177734374,0.0,4925.2818359375,-0.09095077216625214,0.5784322023391724,34.60913565365473,32.08866915837196,44.38441467285156,1.862645149230957e-09,1.5531654357910156,2.3858861923217773,9.252062797546387,0.5325653553009033
473,jammer_beamformer,1.0523945093154908e-08,2.2623170375823975,50.562781143188474,0.0,7767.94150390625,0.01994098350405693,0.6780192255973816,25.737152724577115,27.832920388306604,37.53834533691406,-7.450580596923828e-09,1.2595192193984985,2.6183953285217285,11.65500259399414,0.6245123147964478
474,bs_beamformer,3.7834979593753815e-09,4.949008989334106,49.458353424072264,0.0,7402.719775390625,0.03419719263911247,0.6687825322151184,28.544044003754856,30.707130339123562,39.89347839355469,-1.862645149230957e-09,2.156740665435791,3.5620176792144775,12.98513412475586,0.7069097757339478
474,uav_trajectory,-2.959277480840683e-08,1.9883781909942626,17.861256217956544,0.0,4446.197900390625,-0.06595741957426071,0.6398414373397827,34.12574823435148,31.898884841840356,44.05180358886719,2.7939677238464355e-08,1.3762449026107788,2.425408124923706,9.266538619995117,0.5334718227386475
474,jammer_beamformer,-1.6693957149982453e-08,3.127366042137146,50.5507251739502,0.0,1277.95966796875,0.011685686185956001,0.7013409733772278,25.145102972801773,27.536887999351393,37.24745559692383,1.30385160446167e-08,1.6691176891326904,2.247385263442993,11.676128387451172,0.6257680058479309
475,bs_beamformer,-1.862645149230957e-09,5.103099155426025,49.448818588256835,0.0,3362.4824951171877,-0.01779484748840332,0.7155998349189758,29.218979845799506,31.095078970132352,40.29709243774414,-1.862645149230957e-09,2.344761610031128,2.261721611022949,12.999442100524902,0.7077836990356445
475,uav_trajectory,1.4156103134155273e-08,3.147902584075928,17.85619125366211,0.0,5527.176708984375,-0.03951159119606018,0.7032932043075562,34.98814276216427,32.197506346760434,43.409507751464844,-1.816079020500183e-08,1.8264209032058716,3.042497158050537,9.280327796936035,0.5343115329742432
475,jammer_beamformer,-9.080395102500916e-09,1.8206260919570922,50.5319881439209,0.0,1439.7136352539062,-0.002061891369521618,0.7055281400680542,25.665270969301464,27.91010155795267,37.02486801147461,1.0244548320770264e-08,1.3089722394943237,3.4501755237579346,11.702320098876953,0.627348780632019
476,bs_beamformer,1.3364478945732116e-08,4.374397134780883,49.43327293395996,0.0,2933.10576171875,0.013297311030328274,0.7396036386489868,28.479096479319036,30.713605679372296,40.27301025390625,-1.210719347000122e-08,2.092358350753784,2.6180102825164795,13.022589683532715,0.709175705909729
476,uav_trajectory,1.8207356333732606e-08,4.262843942642212,17.851175117492676,0.0,4769.2318359375,-0.01877225935459137,0.6831715703010559,34.59266040107608,32.204617509998144,44.61703109741211,-1.7695128917694092e-08,2.111354351043701,2.5718586444854736,9.294360160827637,0.5351566672325134
476,jammer_beamformer,-2.92900949716568e-08,5.657769203186035,50.503065490722655,0.0,2247.12119140625,0.04743564873933792,0.7854268550872803,25.2989489562884,27.74536245317555,37.93771743774414,3.073364496231079e-08,2.107776403427124,2.3798937797546387,11.748401641845703,0.6300996541976929
477,bs_beamformer,1.4435499906539917e-09,4.184128046035767,49.41207733154297,0.0,1596.5187622070312,0.012784465216100216,0.7876249551773071,29.31644460733235,31.24089067719856,40.088294982910156,1.862645149230957e-09,2.0359280109405518,3.1512908935546875,13.052812576293945,0.7109987735748291
477,uav_trajectory,-1.1967495083808899e-08,4.207286214828491,17.845806884765626,0.0,6803.2638671875,-0.0620480515062809,0.5996818542480469,34.98536033054193,32.261732349522966,43.962554931640625,6.51925802230835e-09,2.0125718116760254,4.173670768737793,9.309076309204102,0.5360538959503174
477,jammer_beamformer,-4.0465965867042544e-08,5.355032300949096,50.47886238098145,0.0,8942.24912109375,-0.07508298754692078,0.6962779760360718,26.138801298074423,28.301622904479157,37.253692626953125,3.841705620288849e-08,2.265308141708374,2.2976136207580566,11.798117637634277,0.6330446600914001
478,bs_beamformer,3.818422555923462e-08,4.438931512832641,49.37978515625,0.0,1805.9597045898438,0.06234341859817505,0.758169949054718,29.324745157830417,31.270466229848477,40.311946868896484,-4.0978193283081055e-08,1.7794036865234375,3.159733533859253,13.102180480957031,0.7140538692474365
478,uav_trajectory,1.1594966053962707e-08,4.826645135879517,17.840459060668945,0.0,3167.8474853515627,0.010984975844621658,0.7618911862373352,35.5756165522337,32.539190841374285,44.13868713378906,-1.4202669262886047e-08,2.157137155532837,1.8726582527160645,9.322397232055664,0.5368686318397522
478,jammer_beamformer,2.114102244377136e-08,4.779238748550415,50.466250610351565,0.0,6947.511083984375,-0.07089479267597198,0.6481110453605652,26.406712902445346,28.467830881191123,37.92899703979492,-1.6763806343078613e-08,2.1574583053588867,2.2693405151367188,11.828028678894043,0.6347992420196533
479,bs_beamformer,2.6868656277656556e-08,3.5755145072937013,49.348341369628905,0.0,9320.8796875,-0.04746314883232117,0.7275186777114868,29.520529622122645,31.44895468994999,40.86057662963867,-2.1420419216156006e-08,1.9037162065505981,3.1815264225006104,13.163841247558594,0.7178680896759033
479,uav_trajectory,1.1175870895385742e-08,3.1832565546035765,17.83276538848877,0.0,3377.598193359375,0.015886478126049042,0.6677752733230591,35.51527303482096,32.521273973250416,44.14838409423828,-1.0710209608078003e-08,1.6094015836715698,3.142404794692993,9.341151237487793,0.537977397441864
479,jammer_beamformer,-2.0628795027732848e-08,3.1757717370986938,50.45638847351074,0.0,1377.4707641601562,0.00637652724981308,0.6877099871635437,26.592200989432634,28.551283382990245,38.02167510986328,1.5832483768463135e-08,1.679794430732727,2.1870369911193848,11.843029975891113,0.6356664896011353
480,bs_beamformer,6.612390279769897e-09,6.114742946624756,49.328196334838864,0.0,2095.6490478515625,0.08769562840461731,0.7846079468727112,29.197602984788826,31.29669225872784,40.67380142211914,-5.820766091346741e-09,1.8150688409805298,3.0054869651794434,13.205452919006348,0.720452070236206
480,uav_trajectory,1.2107193470001221e-09,3.6220478296279905,17.825234603881835,0.0,6407.00732421875,0.0010497430339455605,0.7472756505012512,35.095039944609006,32.432306773919485,44.3379020690918,-1.862645149230957e-09,1.8337037563323975,2.5017592906951904,9.363653182983398,0.5393039584159851
480,jammer_beamformer,1.2852251529693604e-08,2.750702214241028,50.4347541809082,0.0,945.2936828613281,-0.04506297782063484,0.6215517520904541,25.753635232459754,28.11317401491162,37.91440200805664,-1.1175870895385742e-08,1.7190769910812378,3.5060019493103027,11.865876197814941,0.6370788812637329
481,bs_beamformer,4.3795444071292876e-08,3.012283539772034,49.30345687866211,0.0,1755.13740234375,-0.034860119223594666,0.7101908326148987,27.835644607838244,30.600597597515385,40.787071228027344,-3.888271749019623e-08,1.7396694421768188,2.03179669380188,13.244257926940918,0.7228989601135254
481,uav_trajectory,2.162996679544449e-08,3.1187527179718018,17.819157218933107,0.0,7946.851318359375,-0.022933483123779297,0.6476485729217529,33.58281183051069,31.991275442293944,44.3973274230957,-2.1886080503463745e-08,1.8512614965438843,2.3455562591552734,9.383282661437988,0.5404682755470276
481,jammer_beamformer,1.280568540096283e-09,5.168153524398804,50.39737129211426,0.0,1327.75732421875,-0.005792528390884399,0.6962394118309021,24.79337244022265,27.574214254185705,37.449153900146484,-3.026798367500305e-09,2.321489095687866,3.0415706634521484,11.916797637939453,0.6401543021202087
482,bs_beamformer,1.7974525690078736e-08,3.989953064918518,49.27618942260742,0.0,4188.064111328125,0.02395627833902836,0.712394118309021,29.473931818939747,31.544639155483154,40.81756591796875,-1.6763806343078613e-08,1.9274086952209473,2.6310572624206543,13.294816017150879,0.7260178923606873
482,uav_trajectory,-1.6158446669578554e-08,2.7304081678390504,17.813456344604493,0.0,8555.282861328125,0.010120049118995667,0.693361222743988,34.51615821866194,32.335308042730695,45.02617263793945,2.0489096641540527e-08,1.5585994720458984,2.9626569747924805,9.399942398071289,0.5414488315582275
482,jammer_beamformer,7.962808012962342e-09,2.7824198722839357,50.36582489013672,0.0,4549.2841796875,-0.04519830271601677,0.6496466398239136,26.371363115403803,28.573278647303642,38.41731262207031,-1.30385160446167e-08,1.7340916395187378,2.5508081912994385,11.974639892578125,0.643619954586029
483,bs_beamformer,-7.636845111846923e-09,3.5897971868515013,49.257364654541014,0.0,11430.004296875,-0.057081907987594604,0.6545400023460388,29.37909357025102,31.56055150508063,40.54204559326172,7.450580596923828e-09,1.8536239862442017,2.9582269191741943,13.336663246154785,0.728560209274292
483,uav_trajectory,-1.4621764421463012e-08,1.774478018283844,17.80828742980957,0.0,6523.969775390625,-0.03483802452683449,0.6045145392417908,35.147877445777254,32.62848684431141,44.59196472167969,1.4901161193847656e-08,1.3699816465377808,3.204860210418701,9.415966033935547,0.5424015522003174
483,jammer_beamformer,-1.3993121683597565e-08,1.8662210822105407,50.34513778686524,0.0,1838.6125244140626,-0.01643538475036621,0.6379780769348145,26.260640343856068,28.64540566418848,37.70126724243164,1.955777406692505e-08,1.4354857206344604,3.1047284603118896,12.012584686279297,0.6458898186683655
484,bs_beamformer,-7.334165275096893e-09,4.146046590805054,49.24742660522461,0.0,10177.35517578125,-0.10227149724960327,0.5554922819137573,24.969999148838223,28.94168281045821,41.21790313720703,4.6566128730773926e-09,1.6911007165908813,3.424520969390869,13.360515594482422,0.7300214767456055
484,uav_trajectory,6.929039955139161e-08,5.253319311141968,17.803117179870604,0.0,5292.251245117188,0.06214902549982071,0.7285499572753906,29.276038454433284,30.37323544854269,44.56290817260742,-6.938353180885315e-08,1.8164615631103516,2.513814687728882,9.430076599121094,0.543283224105835
484,jammer_beamformer,4.284083843231201e-09,5.670362281799316,50.3217960357666,0.0,1089.0568969726562,-0.06801757961511612,0.696355402469635,22.620367636475713,26.421769223780885,37.962406158447266,-6.984919309616089e-09,2.320981502532959,2.9270944595336914,12.047442436218262,0.6479486227035522
485,bs_beamformer,-1.7601996660232543e-08,4.897544097900391,49.24117774963379,0.0,6620.22275390625,-0.06460916996002197,0.5970527529716492,29.76404242133908,31.802441289272327,41.391117095947266,1.8044374883174896e-08,2.2188007831573486,2.466470956802368,13.372418403625488,0.7307720184326172
485,uav_trajectory,-1.1594966053962707e-08,5.023590469360352,17.797120094299316,0.0,5716.580615234375,-0.07696950435638428,0.7086181044578552,35.360760969281195,32.78354182552936,44.271060943603516,1.1874362826347351e-08,2.23603892326355,3.0513341426849365,9.446542739868164,0.5443158149719238
485,jammer_beamformer,2.8870999813079835e-09,4.260650491714477,50.293745803833005,0.0,3425.0123779296873,0.02931937202811241,0.714493989944458,25.99142837251816,28.5563752931469,37.72325897216797,-4.190951585769653e-09,1.9433441162109375,2.258943557739258,12.094143867492676,0.6506984829902649
486,bs_beamformer,-2.4633482098579406e-08,3.269007992744446,49.23126029968262,0.0,1986.1880615234375,-0.06500120460987091,0.6559721231460571,28.76173110609129,31.226954335993135,40.597450256347656,2.0489096641540527e-08,1.773667573928833,2.075540781021118,13.384025573730469,0.7314850091934204
486,uav_trajectory,-1.3411045074462891e-08,4.949772214889526,17.790632820129396,0.0,3593.8536376953125,-0.0621553510427475,0.7196047306060791,33.341686507582665,32.09500807146298,44.48347091674805,1.210719347000122e-08,2.2767927646636963,2.6901519298553467,9.463541984558105,0.5453600883483887
486,jammer_beamformer,-2.9383227229118348e-08,2.681805443763733,50.273138427734374,0.0,6707.237255859375,-0.08706659078598022,0.6126863360404968,25.256086618270725,28.110630002770048,38.223175048828125,2.514570951461792e-08,1.436048984527588,2.972958564758301,12.138270378112793,0.6533087491989136
487,bs_beamformer,7.59027898311615e-09,2.188122606277466,49.21379280090332,0.0,5636.072998046875,0.003476159181445837,0.6409812569618225,20.12229266799241,24.31078470388909,41.100704193115234,-7.450580596923828e-09,1.525244116783142,3.4102487564086914,13.411624908447266,0.7331565022468567
487,uav_trajectory,-2.468004822731018e-09,2.8200430393218996,17.78153591156006,0.0,4249.072534179688,0.01074841246008873,0.7483124732971191,18.838881039865313,24.94601538146923,44.56258773803711,-3.725290298461914e-09,1.7325507402420044,2.479107141494751,9.485649108886719,0.5467010140419006
487,jammer_beamformer,7.543712854385376e-09,4.602041530609131,50.260436630249025,0.0,4455.964306640625,0.029055386781692505,0.6791172027587891,13.29258212612942,19.968840325284475,37.90413284301758,-1.0244548320770264e-08,1.9871811866760254,2.8468375205993652,12.165781021118164,0.6549246907234192
488,bs_beamformer,1.0663643479347228e-08,2.2613035917282103,49.19900321960449,0.0,5155.046630859375,-0.004088832065463066,0.6139019727706909,28.22166500879079,31.029448219729755,41.597023010253906,-6.51925802230835e-09,1.5339808464050293,2.561560869216919,13.441092491149902,0.7349638342857361
488,uav_trajectory,-2.2351741790771484e-09,5.571014308929444,17.772114753723145,0.0,5325.664306640625,-0.05925273150205612,0.719258189201355,34.456472734252614,32.54908078544322,44.62085723876953,-2.3283064365386963e-10,2.44504451751709,1.8051382303237915,9.51351261138916,0.548413872718811
488,jammer_beamformer,-5.4948031902313236e-09,3.665040874481201,50.25187873840332,0.0,5735.237109375,0.0035628369078040123,0.6760644912719727,24.830672742841767,27.99991721984127,38.8604621887207,6.05359673500061e-09,1.8866796493530273,2.53620982170105,12.18401050567627,0.6560195088386536
489,bs_beamformer,1.2316741049289703e-08,3.7048227548599244,49.18769836425781,0.0,4722.551318359375,-0.017613453790545464,0.7005888223648071,29.008313570290802,31.500288514285334,40.9365119934082,-1.3504177331924438e-08,1.9185125827789307,3.1165833473205566,13.46342658996582,0.7363161444664001
489,uav_trajectory,-3.038439899682999e-09,3.5899494171142576,17.76398448944092,0.0,4080.26435546875,-0.02389266900718212,0.6805091500282288,34.868802828421195,32.77207505759915,45.35433578491211,7.450580596923828e-09,1.904705286026001,3.2599642276763916,9.53955364227295,0.5500293970108032
489,jammer_beamformer,-1.6298145055770874e-09,4.053319072723388,50.243153762817386,0.0,2575.3688232421873,-5.182158201932907e-05,0.7105622291564941,25.459553303329272,28.37404983773241,38.54823303222656,-3.725290298461914e-09,2.009941816329956,2.809838056564331,12.198498725891113,0.6569275259971619
490,bs_beamformer,4.563480615615845e-09,1.758389961719513,49.178606796264646,0.0,7454.369140625,-0.02884127013385296,0.7431155443191528,28.966714883625507,31.499839893685444,40.960838317871094,-8.381903171539307e-09,1.377834677696228,2.4934487342834473,13.479557991027832,0.7373233437538147
490,uav_trajectory,1.7089769244194032e-08,4.0374692440032955,17.756001663208007,0.0,3000.2327880859375,-0.05917138606309891,0.6688430309295654,34.513308501402534,32.749799301204334,44.85136413574219,-1.1175870895385742e-08,2.0558676719665527,2.913900852203369,9.561659812927246,0.5514213442802429
490,jammer_beamformer,-3.254972398281098e-08,2.6192288398742676,50.22805480957031,0.0,625.1274810791016,-0.08136000484228134,0.6431715488433838,25.399747068239375,28.342390255758993,38.188289642333984,3.3527612686157227e-08,1.444684624671936,3.626953601837158,12.218490600585938,0.6581398248672485
491,bs_beamformer,1.1129304766654968e-08,4.644434547424316,49.167405700683595,0.0,2212.6682373046874,-0.021062389016151428,0.6500944495201111,28.521364267083815,31.26411393676233,41.33646011352539,-1.0128132998943329e-08,2.2245092391967773,2.6329445838928223,13.4940824508667,0.7382360100746155
491,uav_trajectory,-2.0023435354232788e-08,4.342293167114258,17.74797668457031,0.0,6747.66787109375,-0.032661084085702896,0.6643586754798889,34.54136417471369,32.7273000569393,45.28364181518555,1.501757651567459e-08,2.1244895458221436,2.5314550399780273,9.58555793762207,0.552976131439209
491,jammer_beamformer,4.8428773880004884e-09,1.9661537289619446,50.200796127319336,0.0,5079.55537109375,-0.015287000685930252,0.6682695746421814,25.102175989350304,28.23229631386985,38.68046951293945,-3.725290298461914e-09,1.3988596200942993,2.8656251430511475,12.26440715789795,0.6609036922454834
492,bs_beamformer,1.3271346688270569e-08,2.4364086627960204,49.150143432617185,0.0,4026.9943115234373,-0.027405111119151115,0.6766185760498047,25.479508747477084,29.420559396869557,41.150123596191406,-1.5832483768463135e-08,1.605676293373108,2.612053155899048,13.521056175231934,0.7398905754089355
492,uav_trajectory,1.979060471057892e-09,5.101621341705322,17.741582107543945,0.0,4264.256396484375,0.055024147033691406,0.701434850692749,30.490548427164555,31.235986337355104,45.35392761230469,-4.656612873077393e-10,1.947335124015808,2.372267723083496,9.604747772216797,0.5542211532592773
492,jammer_beamformer,4.237517714500427e-09,3.279932641983032,50.1830020904541,0.0,4229.0311279296875,-0.031088456511497498,0.7075178623199463,22.22810889465548,26.555735203853096,38.47538375854492,-9.313225746154785e-10,1.8324286937713623,2.5993001461029053,12.307838439941406,0.6635178327560425
493,bs_beamformer,-1.6263220459222792e-08,3.2145688056945803,49.13375015258789,0.0,2659.927001953125,-0.039680346846580505,0.6267394423484802,30.457805971454828,32.41374904662288,41.767189025878906,1.5832483768463135e-08,1.8020435571670532,2.291940450668335,13.550760269165039,0.741725742816925
493,uav_trajectory,1.8579885363578796e-08,3.788505291938782,17.734192848205566,0.0,5453.409326171875,0.005390281789004803,0.700675904750824,35.866395641456045,33.27476746493539,45.73599624633789,-1.862645149230957e-08,1.845778465270996,2.6012861728668213,9.625085830688477,0.5554937124252319
493,jammer_beamformer,3.7648715078830716e-08,2.29479079246521,50.165877151489255,0.0,897.2795227050781,-0.061590272933244705,0.681437611579895,26.522247048599645,29.079683926103467,38.795162200927734,-3.5390257835388184e-08,1.485036015510559,2.739058256149292,12.331645965576172,0.6649447083473206
494,bs_beamformer,4.866160452365875e-09,1.8350188374519347,49.1170768737793,0.0,7989.73369140625,0.010871394537389278,0.7149776816368103,28.002789282403885,31.01596085003132,41.362979888916016,-1.0710209608078003e-08,1.4269858598709106,3.761746883392334,13.58016586303711,0.7435614466667175
494,uav_trajectory,-1.3317912817001343e-08,4.809071207046509,17.72739143371582,0.0,5425.212548828125,-0.021772833541035652,0.665724515914917,33.75748745876551,32.615792426367236,45.84817886352539,9.778887033462524e-09,2.2771804332733154,2.512831211090088,9.645794868469238,0.5567808151245117
494,jammer_beamformer,-1.0943040251731873e-08,3.608528184890747,50.13820114135742,0.0,8418.5638671875,-0.019067246466875076,0.7268951535224915,24.407673772845417,27.927985311253455,39.434242248535156,6.51925802230835e-09,1.9061309099197388,2.9422152042388916,12.375892639160156,0.6676328182220459
495,bs_beamformer,1.5040859580039977e-08,5.278773164749145,49.10396957397461,0.0,5617.8423828125,0.02037081867456436,0.7524988055229187,29.80455674767494,32.12709832860906,41.91592788696289,-1.5133991837501526e-08,2.292846441268921,3.002628803253174,13.60566520690918,0.745148777961731
495,uav_trajectory,-1.3317912817001343e-08,4.438731050491333,17.720668029785156,0.0,5604.223876953125,-0.04516782611608505,0.6932376027107239,35.05270475474,33.16942147647715,45.36213684082031,1.3969838619232178e-08,2.1650333404541016,3.6270253658294678,9.6657075881958,0.5580072999000549
495,jammer_beamformer,1.0663643479347228e-08,2.119192051887512,50.12112731933594,0.0,2512.34921875,0.005881611257791519,0.6546903848648071,26.0984578085877,28.92774097493258,39.36433792114258,-1.0244548320770264e-08,1.449573040008545,2.6976497173309326,12.411881446838379,0.6698359251022339
496,bs_beamformer,-1.3550743460655213e-08,3.307192349433899,49.09227066040039,0.0,6448.9916015625,0.022647427394986153,0.726608157157898,27.759250576671214,30.85236202224066,41.5227165222168,1.4901161193847656e-08,1.6556007862091064,2.748929738998413,13.627084732055664,0.7464544177055359
496,uav_trajectory,-4.1443854570388796e-09,7.131450986862182,17.71491870880127,0.0,11041.497802734375,0.040565043687820435,0.7346131801605225,33.52060189783573,32.55314148871771,45.929134368896484,3.725290298461914e-09,2.5978081226348877,2.557486057281494,9.684222221374512,0.5591448545455933
496,jammer_beamformer,1.080334186553955e-08,6.12986912727356,50.10492362976074,0.0,5468.292822265625,0.04282199591398239,0.7613705992698669,24.311523319862783,27.860082818210493,38.3409309387207,-5.587935447692871e-09,2.2918872833251953,2.3022499084472656,12.439722061157227,0.6715445518493652
497,bs_beamformer,-1.9045546650886535e-08,4.816111326217651,49.08302879333496,0.0,9264.221875,0.011696584522724152,0.7561874985694885,29.924358519062398,32.21033314887179,41.88335037231445,1.862645149230957e-08,2.1352202892303467,2.5391862392425537,13.64523983001709,0.7475718855857849
497,uav_trajectory,-4.423782229423523e-10,2.4470067739486696,17.7091703414917,0.0,4450.6087890625,-0.002398241311311722,0.7036115527153015,35.71423577241103,33.44965875306411,45.53261947631836,2.7939677238464355e-09,1.6196346282958984,2.820868968963623,9.698983192443848,0.5600568652153015
497,jammer_beamformer,1.4435499906539917e-08,6.892948770523072,50.09314804077148,0.0,5562.742333984375,0.00039339344948530197,0.6833648681640625,26.508419305406512,29.21109001570306,38.76683044433594,-1.5366822481155396e-08,2.604841709136963,3.3787922859191895,12.465683937072754,0.6731401681900024
498,bs_beamformer,3.7252902984619143e-10,2.8604509830474854,49.069410705566405,0.0,1419.4501220703125,-0.01549901720136404,0.6914047002792358,29.965608369596303,32.274414811825444,41.9093132019043,7.916241884231567e-09,1.7404810190200806,3.074143171310425,13.658802032470703,0.7484036684036255
498,uav_trajectory,-6.845220923423767e-09,2.8619465589523316,17.70040817260742,0.0,6575.405029296875,-0.02230856567621231,0.7217351198196411,35.52058169068893,33.45003104628579,46.72635269165039,6.984919309616089e-09,1.7245733737945557,3.3221707344055176,9.720998764038086,0.5614163875579834
498,jammer_beamformer,-5.157198756933212e-09,2.56034574508667,50.08532524108887,0.0,5848.756640625,-0.005485298112034798,0.6626197695732117,26.624847090648487,29.37870825998873,38.689395904541016,5.587935447692871e-09,1.5742512941360474,2.400651216506958,12.482229232788086,0.6741454005241394
499,bs_beamformer,-4.1676685214042664e-08,2.1930623769760134,49.04068946838379,0.0,4830.000439453125,-0.0715647041797638,0.6671915650367737,24.902157369837166,29.261327207218823,41.40496826171875,4.377216100692749e-08,1.2690051794052124,4.1403679847717285,13.699904441833496,0.7508876919746399
499,uav_trajectory,1.2200325727462768e-08,3.0402958393096924,17.693681144714354,0.0,10415.58173828125,-0.0553123764693737,0.6686772704124451,30.258226622064907,31.4045098416762,46.045066833496094,-1.3969838619232178e-08,1.7869760990142822,2.1129982471466064,9.74426555633545,0.5628550052642822
499,jammer_beamformer,-1.1629890650510789e-08,5.160811901092529,50.07301559448242,0.0,551.9061767578125,-0.03253089636564255,0.6691483855247498,22.18443693364039,26.655377095661425,39.327362060546875,6.984919309616089e-09,2.312241792678833,2.506357192993164,12.494227409362793,0.6748505234718323
500,bs_beamformer,-1.2014061212539673e-08,2.97586567401886,49.01948852539063,0.0,3332.59091796875,-0.0377088226377964,0.6725794076919556,30.705186545945704,32.74241734958593,41.94176483154297,1.257285475730896e-08,1.7437119483947754,2.7803990840911865,13.742207527160645,0.7534765005111694
500,uav_trajectory,-8.544884622097016e-09,2.629100036621094,17.689173889160156,0.0,7639.562548828125,-0.07500790059566498,0.7246828675270081,36.64004127526283,33.86281073320705,45.87141418457031,8.381903171539307e-09,1.6000257730484009,2.619135856628418,9.758578300476074,0.5637620091438293
500,jammer_beamformer,1.634471118450165e-08,5.447702836990357,50.04498710632324,0.0,3848.8591064453126,0.005444798618555069,0.7103502750396729,27.099013665299864,29.63136155926045,39.709774017333984,-1.3504177331924438e-08,2.3458802700042725,2.7094478607177734,12.541108131408691,0.6776809096336365
