episode,avg_crb,avg_pd,avg_reward,uav_1/actor_grad_norm,uav_1/actor_loss,uav_1/critic_grad_norm,uav_1/critic_loss,uav_1/reward_mean,uav_1/reward_std,uav_2/actor_grad_norm,uav_2/actor_loss,uav_2/critic_grad_norm,uav_2/critic_loss,uav_2/reward_mean,uav_2/reward_std
1,3.50780696850883,0.576875,0.45725853003122435,,,,,,,,,,,,
2,0.1516271435132221,0.9690625,0.539887611338524,0.0,0.0,4.816656589508057,0.7840089201927185,0.5030816793441772,0.48757994174957275,0.0,0.0,6.277010917663574,1.0792187452316284,0.5047335624694824,0.4478296637535095
3,22.059785894770123,0.6228125,0.00639736277176539,0.5930043458938599,0.15786664187908173,3.021601915359497,0.7662709951400757,0.3300269842147827,0.5696349740028381,0.48271480202674866,0.5862374901771545,4.341023921966553,0.8478133678436279,0.3639518618583679,0.4829269051551819
4,0.05247038059130166,0.6609375,0.7360111157022737,0.0,0.0,3.8393924236297607,0.8530575633049011,0.49281084537506104,0.5383714437484741,0.0,0.0,4.071700096130371,0.9525265693664551,0.3429308235645294,0.5665976405143738
5,15.756904769089598,0.9662499999999999,-0.2762997511176492,0.7299830913543701,0.21162298321723938,2.6932787895202637,0.8754287362098694,0.2755650281906128,0.6481896638870239,0.2550441026687622,0.46859320998191833,3.2835397720336914,0.8795512914657593,0.23298272490501404,0.6469557881355286
6,0.06834765506157506,0.9096875000000001,0.8707669231366101,0.0,0.0,3.331117868423462,0.8569173216819763,0.41086050868034363,0.5943100452423096,0.0,0.0,3.599363327026367,0.8881732821464539,0.47861814498901367,0.5645197629928589
7,0.9057378076233611,0.891875,0.24288914262760608,0.4569357633590698,0.18328778445720673,2.287821054458618,0.7681217193603516,0.30621784925460815,0.6098322868347168,0.24633532762527466,0.44890838861465454,2.918119192123413,0.9741170406341553,0.4252992272377014,0.6457089781761169
8,0.3362351705716971,0.8365625,0.5818691602802964,0.0,0.0,2.320213556289673,0.6958950161933899,0.3961375653743744,0.5603302717208862,0.0,0.0,2.7455103397369385,0.6404207944869995,0.4506400227546692,0.5156775116920471
9,0.041678103743122155,0.8143750000000001,0.8198027488431574,0.5680725574493408,0.09461873024702072,2.837573289871216,0.6282718181610107,0.5277974605560303,0.47981759905815125,0.2153565138578415,0.2973622977733612,2.372292995452881,0.7385525107383728,0.443862646818161,0.5251851081848145
10,0.19709271175822424,0.5512499999999999,0.08351170022850204,0.0,0.0,2.349217653274536,0.5807218551635742,0.507550835609436,0.5116417407989502,0.0,0.0,3.088841438293457,0.5556226968765259,0.5586395263671875,0.40925759077072144
11,0.10203957302505592,0.8453125,0.5376155440406499,0.5994267463684082,0.04909595474600792,2.604091167449951,0.5076069831848145,0.5488510131835938,0.5025283098220825,0.20366719365119934,0.21278151869773865,2.070537805557251,0.6384676694869995,0.43934744596481323,0.5440049171447754
12,5.499472476526566,0.623125,-0.15627542455290716,0.0,0.0,2.266594409942627,0.570253849029541,0.43063339591026306,0.5025236010551453,0.0,0.0,1.850996732711792,0.5341202020645142,0.3494705557823181,0.5389723777770996
13,0.07649398152422927,0.7115625,0.6869140817185404,0.45413023233413696,0.13776251673698425,3.065913200378418,0.7086498737335205,0.2553313970565796,0.5812478065490723,0.25117772817611694,0.21653668582439423,1.8462568521499634,0.6193822622299194,0.3614543676376343,0.5756261348724365
14,2.443700064895615,0.971875,0.6890288836053923,0.0,0.0,1.7743101119995117,0.4733785390853882,0.4849303364753723,0.489033043384552,0.0,0.0,1.7255682945251465,0.5529104471206665,0.4436376392841339,0.5091639757156372
15,0.43171907057264247,0.9253125000000001,0.42728791105509956,0.5141366124153137,-0.016498714685440063,1.9155194759368896,0.5145969390869141,0.5178431272506714,0.49363940954208374,0.2970835268497467,0.18311068415641785,1.4318150281906128,0.6314898133277893,0.36630624532699585,0.5531636476516724
16,0.03381404974095091,0.859375,0.8866591843406401,0.0,0.0,1.4199994802474976,0.5802096128463745,0.43052470684051514,0.5345410108566284,0.0,0.0,2.198634624481201,0.5305378437042236,0.5595452189445496,0.4679906964302063
17,0.05923453588008457,0.953125,0.9484726869286446,0.5060579180717468,-0.06499610841274261,1.646958351135254,0.679308295249939,0.4839591979980469,0.519375205039978,0.29535457491874695,0.18211612105369568,2.124317169189453,0.6181982159614563,0.4783931374549866,0.5143464803695679
18,5.925325891454699,0.4378125,0.36471585667684725,0.0,0.0,1.3490633964538574,0.5100149512290955,0.45942971110343933,0.5529999732971191,0.0,0.0,1.558701753616333,0.733518123626709,0.4364461302757263,0.574079692363739
19,5.1881585836071915,0.9003125000000001,0.6849301160717736,0.5175716876983643,-0.04115913435816765,1.632152795791626,0.5246525406837463,0.5434385538101196,0.44164732098579407,0.2787783443927765,0.13795754313468933,2.1422204971313477,0.8385980129241943,0.5261147022247314,0.584092915058136
20,0.05847219157449794,0.8840625,0.7410349730337673,0.0,0.0,1.8184744119644165,0.6799284815788269,0.46601274609565735,0.5206663012504578,0.0,0.0,1.5562124252319336,0.5782468318939209,0.450558602809906,0.47590628266334534
21,7.357265635029108,0.7175,0.4598278589016048,0.4692886769771576,-0.13172045350074768,1.626025915145874,0.5252602696418762,0.5929303765296936,0.4798123240470886,0.2099916785955429,0.04175316542387009,1.43407142162323,0.6380797624588013,0.3664882183074951,0.569593071937561
22,0.21921350837559367,0.691875,0.22832321530513341,0.0,0.0,1.7783983945846558,0.6072839498519897,0.5170348286628723,0.5101345181465149,0.0,0.0,1.295411467552185,0.5011610984802246,0.4089428186416626,0.49863964319229126
23,3.801173971189597,0.9209374999999997,-0.06672288231118477,0.4243694841861725,-0.10949238389730453,0.9955969452857971,0.4608920216560364,0.483625590801239,0.4908794164657593,0.19844506680965424,-0.004193333443254232,1.9788110256195068,0.5896350145339966,0.4947659969329834,0.5723068714141846
24,0.1293628385962207,0.8915625,0.8549669571943317,0.0,0.0,2.0364325046539307,0.6654763221740723,0.3637368083000183,0.5423995852470398,0.0,0.0,1.8487437963485718,0.8056125640869141,0.4806155562400818,0.5999321937561035
25,0.6964533765007346,0.698125,0.5802063932038014,0.3827821910381317,-0.11238615959882736,1.465658187866211,0.5281805992126465,0.4514855742454529,0.5124335885047913,0.23907558619976044,0.033372458070516586,1.3061985969543457,0.6109671592712402,0.48480653762817383,0.5255956053733826
26,0.06164093456271423,0.9046875,0.7455966274535235,0.0,0.0,1.447818636894226,0.5361988544464111,0.41039806604385376,0.5230445861816406,0.0,0.0,2.424537420272827,0.6365824341773987,0.5581677556037903,0.46869969367980957
27,0.312308222241621,0.6040625000000001,0.4212195403098348,0.3524153232574463,-0.22934824228286743,0.948336660861969,0.42726704478263855,0.5033706426620483,0.5011138319969177,0.16610963642597198,-0.04249170422554016,1.6569281816482544,0.5809908509254456,0.43891459703445435,0.5226914882659912
28,0.05759001686330174,0.920625,0.7723525959032778,0.0,0.0,1.2363355159759521,0.5708971619606018,0.3964105248451233,0.5688896179199219,0.0,0.0,1.1799503564834595,0.4378332793712616,0.4471115469932556,0.4789905250072479
29,0.8266358343407161,0.7725,0.31377264052012627,0.32407885789871216,-0.22882279753684998,1.0791707038879395,0.4982447326183319,0.5002220273017883,0.46402886509895325,0.25185590982437134,-0.0738781988620758,1.9461829662322998,0.5813645720481873,0.5298255085945129,0.4991302490234375
30,6.1198290912101685,0.9431249999999999,-0.24806931021105028,0.0,0.0,1.1994507312774658,0.42112135887145996,0.4357789158821106,0.44087308645248413,0.0,0.0,1.4298782348632812,0.8130329847335815,0.39581677317619324,0.598691999912262
31,0.8081609644083564,0.9490625000000001,0.5649058031566133,0.26318302750587463,-0.1283632218837738,1.1505392789840698,0.5734435319900513,0.469846248626709,0.48940110206604004,0.29509836435317993,-0.1286773383617401,1.684680700302124,0.5696539878845215,0.452265202999115,0.4984048902988434
32,0.08896636497072516,0.8915625,0.5666910006317611,0.0,0.0,1.059322476387024,0.524585485458374,0.39407336711883545,0.5075333714485168,0.0,0.0,1.7789623737335205,0.5991423726081848,0.547227144241333,0.5153751373291016
33,0.02480647128072282,0.9309375,1.02797304458742,0.32039788365364075,-0.1722794473171234,1.043135404586792,0.5550154447555542,0.4558382034301758,0.547172486782074,0.2826686501502991,-0.09254981577396393,1.7716155052185059,0.551518976688385,0.38218578696250916,0.5196868181228638
34,0.051118000005019,0.8990625,0.8062973324957735,0.0,0.0,1.830394983291626,0.5856178998947144,0.6039682626724243,0.46357327699661255,0.0,0.0,1.2219223976135254,0.6678348183631897,0.45400577783584595,0.5592138767242432
35,0.05223449816128374,0.9584374999999999,0.6884777334843635,0.3565722405910492,-0.14783620834350586,1.4346872568130493,0.5860961079597473,0.5507886409759521,0.5575809478759766,0.21266964077949524,-0.13256999850273132,1.6672805547714233,0.750758707523346,0.41597482562065125,0.593525230884552
36,0.11010029445181671,0.9349999999999999,0.5909646323504831,0.0,0.0,0.8797609210014343,0.6132259368896484,0.4629729688167572,0.5403342247009277,0.0,0.0,0.6921247243881226,0.3152567148208618,0.562762439250946,0.4045358896255493
37,0.029687617625238277,0.656875,0.5250594705105927,0.3233277499675751,-0.11669330298900604,1.034347414970398,0.5471720695495605,0.42147505283355713,0.5237404704093933,0.28521808981895447,-0.08693286031484604,1.1812241077423096,0.4936280846595764,0.5209478735923767,0.48240524530410767
38,0.3940154891767743,0.9759374999999999,0.3797904513890156,0.0,0.0,1.6169153451919556,0.5280729532241821,0.6045826077461243,0.4885276257991791,0.0,0.0,1.7439141273498535,0.5290807485580444,0.5469257831573486,0.512580156326294
39,3.396569073698714,0.793125,-0.2380349282010208,0.3024677634239197,-0.16993123292922974,0.8099779486656189,0.39555323123931885,0.45809462666511536,0.48094260692596436,0.2583262026309967,-0.07181470841169357,0.8493310809135437,0.4867270588874817,0.43877875804901123,0.4861195981502533
40,7.4328092620888695,0.6475,-0.1308995850085156,0.0,0.0,1.174833059310913,0.6130561828613281,0.4158129096031189,0.5125716924667358,0.0,0.0,1.0210223197937012,0.6880925893783569,0.4563151001930237,0.5928019881248474
41,0.7904313934694001,0.7996875,0.3006619531876718,0.32061755657196045,-0.18218722939491272,0.7989100217819214,0.5181093215942383,0.4920714497566223,0.5205002427101135,0.26078927516937256,-0.03168260678648949,1.0930743217468262,0.5067437887191772,0.5629398226737976,0.4780728220939636
42,0.017655223245693748,0.68,0.745502253433177,0.0,0.0,1.1150274276733398,0.5736842155456543,0.5202732086181641,0.5458800792694092,0.0,0.0,0.955359935760498,0.5658861994743347,0.4961426854133606,0.48343291878700256
43,0.042489491783505376,0.75125,0.7138221147374513,0.3581525981426239,-0.16768817603588104,1.207567572593689,0.410844624042511,0.5324151515960693,0.48011913895606995,0.2863057255744934,-0.05099239572882652,0.7050995230674744,0.3813987374305725,0.5069306492805481,0.455278217792511
44,62.290056222398526,0.8556249999999999,0.5137305516147952,0.0,0.0,0.8981256484985352,0.435665100812912,0.5160369277000427,0.47999703884124756,0.0,0.0,1.2139822244644165,0.40376245975494385,0.5504292249679565,0.45192471146583557
45,0.15629774089222032,0.9215625000000001,0.7511128459567469,0.35422569513320923,-0.15733318030834198,0.7828724384307861,0.34252092242240906,0.5134609341621399,0.4499399662017822,0.3517276644706726,-0.09146594256162643,0.9688029289245605,0.6615365743637085,0.4677494168281555,0.5694596767425537
46,0.06367004881769042,0.9959374999999999,0.9084013151275061,0.0,0.0,0.8371121883392334,0.5464012026786804,0.5571824908256531,0.4842156171798706,0.0,0.0,1.0497677326202393,0.5820720791816711,0.4706626534461975,0.5525537133216858
47,0.03638953117227469,0.45,0.4290605115436155,0.2599828839302063,-0.18928998708724976,0.9191413521766663,0.5230641961097717,0.48170173168182373,0.5039586424827576,0.30071938037872314,-0.10415249317884445,1.2006312608718872,0.5424132347106934,0.5540021657943726,0.5207909345626831
48,10.770572929302457,0.7278125,-0.3192559243930325,0.0,0.0,1.0525072813034058,0.4230808615684509,0.45790690183639526,0.48819461464881897,0.0,0.0,1.171122670173645,0.552472710609436,0.5520065426826477,0.44742757081985474
49,0.09358489989785768,0.8431249999999999,0.413424172272404,0.35270407795906067,-0.17219282686710358,0.7777580618858337,0.4927018880844116,0.5375805497169495,0.4953780174255371,0.3523772954940796,-0.05181209370493889,0.872100293636322,0.44795092940330505,0.4352381229400635,0.46547508239746094
50,0.050167590993860145,0.8871874999999999,0.5856311239862648,0.0,0.0,1.4401054382324219,0.44330430030822754,0.5461027026176453,0.4571937620639801,0.0,0.0,0.6862617135047913,0.4890093207359314,0.5057488679885864,0.4893980920314789
51,0.07669479515960693,0.7403125,0.4389068983753819,0.2401605099439621,-0.1578846275806427,1.038089632987976,0.6224929094314575,0.3996872901916504,0.5621122717857361,0.3895193934440613,-0.10319306701421738,1.491526484489441,0.5348107218742371,0.40576526522636414,0.5064910650253296
52,1.0496571773271584,0.8965624999999999,-0.3546020828899219,0.0,0.0,0.9150377511978149,0.547923743724823,0.5034264922142029,0.4628564417362213,0.0,0.0,0.8873530626296997,0.2968071699142456,0.3831588625907898,0.3666127324104309
53,20.55775272711901,0.8537500000000001,0.3161723913979606,0.23477867245674133,-0.16169053316116333,1.0979477167129517,0.47226470708847046,0.5719428658485413,0.4519864320755005,0.301579087972641,-0.11616096645593643,1.010891318321228,0.4755096435546875,0.4568426311016083,0.47220125794410706
54,0.04932733349325488,0.6528124999999999,0.5563149742575122,0.0,0.0,1.8777903318405151,0.5293935537338257,0.36290156841278076,0.4765681028366089,0.0,0.0,1.4849872589111328,0.7572676539421082,0.4146714508533478,0.6311789751052856
55,0.0560071976156278,0.8993749999999998,0.48722358777527325,0.25940558314323425,-0.11937126517295837,1.0891667604446411,0.5473358631134033,0.45027732849121094,0.5575640201568604,0.40224581956863403,-0.13185128569602966,1.3687543869018555,0.5088664293289185,0.5521785020828247,0.499152809381485
56,0.2888108442219983,0.7775,0.2501170351618943,0.0,0.0,1.1022616624832153,0.39208343625068665,0.4552772343158722,0.433120995759964,0.0,0.0,0.991916835308075,0.37054091691970825,0.5409548282623291,0.4419572949409485
57,0.5262139012723953,0.7084375,0.06337080227010011,0.3206895589828491,-0.22173798084259033,0.9355372786521912,0.3293918967247009,0.4847128987312317,0.4131857752799988,0.3722468912601471,-0.0706491768360138,1.10888671875,0.5060770511627197,0.4821004271507263,0.5013109445571899
58,0.08868179005680879,0.7671875,0.4472721286689856,0.0,0.0,1.3430215120315552,0.6090261936187744,0.37405461072921753,0.5434867143630981,0.0,0.0,1.2672841548919678,0.5763497948646545,0.3735959529876709,0.5896744132041931
59,0.08009164529606974,0.8034375,0.4093593950502358,0.24279704689979553,-0.0842588022351265,1.121231198310852,0.40229660272598267,0.4652353823184967,0.5092869997024536,0.3497220277786255,-0.08997072279453278,0.7433426380157471,0.5353819131851196,0.48625120520591736,0.5414994955062866
60,20.550804813788236,0.6368750000000001,-0.2953775569047662,0.0,0.0,1.4203598499298096,0.4169449806213379,0.4040739834308624,0.4598483145236969,0.0,0.0,1.0059764385223389,0.3534972667694092,0.5003469586372375,0.4695624113082886
61,0.03585545907876995,0.45875000000000005,0.43674391124274237,0.23437507450580597,-0.09337972849607468,0.868410050868988,0.39713990688323975,0.4262404143810272,0.4397476017475128,0.22665686905384064,-0.10493022203445435,1.3404191732406616,0.397414892911911,0.5735849142074585,0.4295363426208496
62,14.629217238414892,0.9106249999999999,-0.2379855473520771,0.0,0.0,0.9904242157936096,0.4763740003108978,0.3679024577140808,0.5384095311164856,0.0,0.0,0.9838812947273254,0.4786229431629181,0.3646552562713623,0.504905104637146
63,1.444901876491625,0.945625,0.1741641324344125,0.23929449915885925,-0.1260097622871399,0.7512392401695251,0.5605056285858154,0.3516824245452881,0.5574989914894104,0.24315468966960907,-0.09448118507862091,1.000643253326416,0.5443748235702515,0.4663570523262024,0.5556363463401794
64,0.04897223299963213,0.350625,0.23946490670130408,0.0,0.0,0.7381814122200012,0.36808115243911743,0.48070186376571655,0.47229811549186707,0.0,0.0,0.9107024073600769,0.4224010705947876,0.3449918031692505,0.49863189458847046
65,0.1900133440873815,0.5668749999999999,0.2835043468987958,0.19694656133651733,-0.043454915285110474,1.1400566101074219,0.3945963680744171,0.2868981957435608,0.5530029535293579,0.19281411170959473,-0.059985846281051636,1.1548218727111816,0.6219640374183655,0.5214859843254089,0.53661048412323
66,0.9561237842468431,0.6815625,0.17733953269377553,0.0,0.0,1.1828540563583374,0.48187950253486633,0.2833068370819092,0.5336675643920898,0.0,0.0,0.9665918946266174,0.44368410110473633,0.4260111451148987,0.5335608720779419
67,0.032465507839957455,0.6868749999999999,0.5891060158846546,0.24623112380504608,-0.09999704360961914,0.9096196293830872,0.5508729815483093,0.44018903374671936,0.5276740193367004,0.28812453150749207,-0.08381418883800507,0.8467841744422913,0.4204846918582916,0.4996456503868103,0.46512269973754883
68,0.11860637474443385,0.929375,0.5476966522375207,0.0,0.0,0.6587023735046387,0.38906383514404297,0.42306846380233765,0.477621465921402,0.0,0.0,0.6384382843971252,0.5288337469100952,0.40592724084854126,0.536133885383606
69,0.6663267174255149,0.8768750000000001,0.14090735318334047,0.19180041551589966,-0.15809981524944305,0.7979722619056702,0.42836397886276245,0.4797744154930115,0.47113898396492004,0.23640099167823792,-0.017500806599855423,1.123185396194458,0.3963233232498169,0.36078399419784546,0.4326136112213135
70,0.04590368056615873,0.57625,0.45988294997480106,0.0,0.0,0.6333271265029907,0.43576914072036743,0.40126579999923706,0.5132526755332947,0.0,0.0,0.9813209176063538,0.4933818578720093,0.45618414878845215,0.53013676404953
71,0.5684068364720866,0.909375,0.48609117569321364,0.20256881415843964,-0.07932619005441666,0.9910599589347839,0.43334102630615234,0.3666316866874695,0.5056572556495667,0.32268697023391724,-0.06865894049406052,0.9551249742507935,0.4412420988082886,0.38672977685928345,0.5424785614013672
72,0.1400703326912916,0.8946875000000001,0.3061996326220008,0.0,0.0,0.971282958984375,0.45807039737701416,0.445476233959198,0.5497509837150574,0.0,0.0,1.089840054512024,0.5446844100952148,0.38063937425613403,0.5517117977142334
73,0.8031283132879607,0.6109375,0.22719825640809993,0.22525495290756226,-0.04837820678949356,0.9681164622306824,0.3014618456363678,0.3846115469932556,0.4252220392227173,0.33523958921432495,-0.002223045565187931,1.2494863271713257,0.5127164721488953,0.37322962284088135,0.5172739624977112
74,20.82426097432405,0.8909375,-0.21645629758149926,0.0,0.0,0.9343138337135315,0.5278754234313965,0.46294501423835754,0.485336571931839,0.0,0.0,0.8995819687843323,0.45005255937576294,0.4158886671066284,0.47858601808547974
75,0.1656355678737072,0.658125,0.2311453004281355,0.23492668569087982,-0.14810970425605774,1.1020030975341797,0.49690648913383484,0.45399996638298035,0.5596451759338379,0.38925695419311523,-0.10342712700366974,0.8833954334259033,0.39220163226127625,0.3926891088485718,0.50033038854599
76,0.06935250619686797,0.8415625,0.5340108288963048,0.0,0.0,1.023205041885376,0.5525723099708557,0.5026873350143433,0.5620584487915039,0.0,0.0,0.9474966526031494,0.44479265809059143,0.3975396156311035,0.5167964696884155
77,0.21603993613188424,0.66625,0.5301170352251032,0.18123294413089752,-0.1847040355205536,1.4912819862365723,0.28947263956069946,0.5493209958076477,0.41769930720329285,0.3547677993774414,-0.05637229233980179,0.6708551645278931,0.33453965187072754,0.3747688829898834,0.48198559880256653
78,0.31345698680184125,0.7696875,0.25163927546794584,0.0,0.0,0.837435781955719,0.39227044582366943,0.4053739905357361,0.4892861247062683,0.0,0.0,0.6513652801513672,0.3377058506011963,0.3561212420463562,0.45321962237358093
79,0.19580007322902065,0.6303124999999999,0.5489820337574602,0.19731003046035767,-0.1037612184882164,0.6774448752403259,0.40182971954345703,0.3667828142642975,0.49565812945365906,0.21551668643951416,-0.03638569265604019,0.6374635696411133,0.37774768471717834,0.4048139452934265,0.4692639112472534
80,800.9229643401721,0.79,0.33497022299888685,0.0,0.0,1.1414486169815063,0.409294992685318,0.3416484594345093,0.4919658601284027,0.0,0.0,0.6008829474449158,0.3364794850349426,0.42479151487350464,0.4463529884815216
81,0.09578335041527922,0.559375,0.22997048592876923,0.245162233710289,-0.03580119460821152,0.7272629737854004,0.3912472128868103,0.41179004311561584,0.46204882860183716,0.23276890814304352,-0.041810985654592514,1.443730354309082,0.5878390073776245,0.3227808177471161,0.5329733490943909
82,0.1242457065679512,0.86,0.48603354711779245,0.0,0.0,1.316821575164795,0.3512532711029053,0.4547926187515259,0.5016409754753113,0.0,0.0,1.0988532304763794,0.25654998421669006,0.5182241201400757,0.3631850779056549
83,0.16403198118856227,0.7790625,0.5073501271254324,0.22491300106048584,-0.07821273058652878,1.4793137311935425,0.471792608499527,0.29423946142196655,0.5363432765007019,0.22055286169052124,-0.10437452048063278,1.7084702253341675,0.389226496219635,0.5268579125404358,0.42760539054870605
84,7.547867814182294,0.7821874999999999,0.07864286526639738,0.0,0.0,0.8989167809486389,0.47049984335899353,0.4722954332828522,0.5016579627990723,0.0,0.0,0.8841589689254761,0.4094262719154358,0.3907601237297058,0.46772924065589905
85,0.3029204204185251,0.8053125000000001,0.15776200156467587,0.2819373607635498,-0.1136225014925003,1.3844377994537354,0.5273141860961914,0.34336739778518677,0.5367940664291382,0.2246219515800476,-0.04146759957075119,1.3971917629241943,0.3651975393295288,0.4718039035797119,0.5095208883285522
86,0.030380327051336108,0.71875,0.7325762289913248,0.0,0.0,0.7718676328659058,0.4354383945465088,0.3745776414871216,0.46126243472099304,0.0,0.0,1.1634994745254517,0.41661688685417175,0.4680853486061096,0.48542308807373047
87,12.358711303759089,0.7559374999999999,0.13755383587624884,0.18776029348373413,-0.14340828359127045,0.7953992486000061,0.45004498958587646,0.4394175112247467,0.5479048490524292,0.21445614099502563,-0.0069762468338012695,0.8961869478225708,0.5077225565910339,0.34657466411590576,0.5536518096923828
88,0.8964370939702608,0.6146874999999999,-0.020206838687495694,0.0,0.0,0.9001866579055786,0.5602270364761353,0.33899062871932983,0.5536158084869385,0.0,0.0,0.6992083191871643,0.35763639211654663,0.42047354578971863,0.5288698673248291
89,0.052672262027923744,0.6340625,0.5190135142368151,0.212903693318367,-0.10882667452096939,0.8644949793815613,0.5237547159194946,0.39037996530532837,0.5205582976341248,0.20851656794548035,-0.07502728700637817,0.8517369031906128,0.5259476900100708,0.41337743401527405,0.5088338851928711
90,0.05573046211394832,0.3090625,0.19551087092797223,0.0,0.0,0.7457659840583801,0.31516456604003906,0.4032048285007477,0.45188668370246887,0.0,0.0,0.8573470711708069,0.3771611452102661,0.2748221158981323,0.4764164984226227
91,4.4659358675105505,0.7840624999999999,0.15356900208017565,0.2260601967573166,-0.10648054629564285,1.37979257106781,0.612282395362854,0.31078770756721497,0.5943177938461304,0.2363480031490326,-0.11724735051393509,1.0265828371047974,0.44609326124191284,0.4573778510093689,0.5606076717376709
92,0.8517933540046968,0.7843749999999999,-0.1489050662512716,0.0,0.0,0.6686195135116577,0.2896314263343811,0.40290728211402893,0.4060867428779602,0.0,0.0,0.5975204706192017,0.3076046109199524,0.42908066511154175,0.4997975826263428
93,4.013972424254322,0.7434375,0.22245385522940503,0.217026948928833,-0.02322622761130333,0.803866446018219,0.4103207588195801,0.3148672878742218,0.4690774977207184,0.2203892320394516,-0.10470297932624817,0.8500511050224304,0.4584723114967346,0.36258596181869507,0.5473196506500244
94,95.93079316001408,0.8696874999999998,0.16330798670703306,0.0,0.0,0.7971343398094177,0.33341848850250244,0.4650859832763672,0.43846023082733154,0.0,0.0,0.9368384480476379,0.44029244780540466,0.3443526029586792,0.5153830647468567
95,16.36133166257229,0.6993750000000001,0.2389818607407669,0.30383750796318054,-0.11676794290542603,0.6636143326759338,0.32510435581207275,0.422435462474823,0.4660322964191437,0.15381349623203278,0.03646940737962723,0.8567519783973694,0.59865802526474,0.43459227681159973,0.5474419593811035
96,0.8217720400507599,0.7153125000000001,0.26494284382375394,0.0,0.0,0.7810083627700806,0.3874969482421875,0.4058123528957367,0.4872487485408783,0.0,0.0,0.8258417844772339,0.4174720048904419,0.31300240755081177,0.5022411346435547
97,0.522306981056747,0.6525000000000001,0.018759086813299526,0.2977136969566345,-0.15579432249069214,0.7396146059036255,0.3909398317337036,0.37177932262420654,0.5044447183609009,0.16550162434577942,-0.05599081143736839,0.851368248462677,0.39841991662979126,0.2832868695259094,0.5105003714561462
98,0.07156736803212471,0.724375,0.6549139774023048,0.0,0.0,1.0524190664291382,0.5234471559524536,0.4752240478992462,0.48029884696006775,0.0,0.0,0.7642886638641357,0.35016798973083496,0.455730140209198,0.37535250186920166
99,1.946444444904476,0.7196875,0.5383433766175042,0.2311631739139557,-0.1169934943318367,0.8263402581214905,0.37692248821258545,0.31437236070632935,0.514193058013916,0.2253788709640503,-0.06406562775373459,0.6934735178947449,0.4337542653083801,0.3426501154899597,0.535309374332428
100,762.1640145264099,0.7671875,-0.09222711056058434,0.0,0.0,0.933159589767456,0.5221933126449585,0.33798202872276306,0.6024104952812195,0.0,0.0,0.5592984557151794,0.28434890508651733,0.399818480014801,0.404573917388916
101,10.338889382043394,0.768125,-0.22741729961831075,0.23873092234134674,-0.14474397897720337,1.0754938125610352,0.2723143696784973,0.4143718183040619,0.4528461992740631,0.1904156357049942,-0.07652213424444199,0.5625817179679871,0.3266559839248657,0.3707410395145416,0.4549652934074402
102,0.13585731860043246,0.6159375,0.434081139699347,0.0,0.0,0.660485029220581,0.5059929490089417,0.46451354026794434,0.5421139597892761,0.0,0.0,0.8688486814498901,0.36277663707733154,0.4566258192062378,0.46686023473739624
103,0.3730786613972837,0.7771874999999999,0.3394667433755595,0.21625402569770813,-0.14467190206050873,0.6369225382804871,0.5016293525695801,0.4223174750804901,0.4519476592540741,0.20947502553462982,-0.018010595813393593,0.5639379620552063,0.3090614676475525,0.34599921107292175,0.45402491092681885
104,0.11415274508748186,0.525625,0.2276886269415245,0.0,0.0,1.7068299055099487,0.4417836666107178,0.18259550631046295,0.5384766459465027,0.0,0.0,0.6542306542396545,0.3596777319908142,0.3934197723865509,0.4706674814224243
105,0.23146804612700747,0.8371875,0.43890951577748616,0.33405601978302,0.0011472292244434357,0.6049211621284485,0.31251639127731323,0.387154221534729,0.44931861758232117,0.14084984362125397,-0.1418662965297699,0.8814103603363037,0.38751259446144104,0.4344547390937805,0.4891330599784851
106,0.11215233350259042,0.67625,0.416878536362978,0.0,0.0,0.7587974071502686,0.5272866487503052,0.35092806816101074,0.5298759937286377,0.0,0.0,0.6573271751403809,0.3823910057544708,0.4488696753978729,0.47576475143432617
107,0.27522026638805963,0.6984375,0.27313762102182026,0.31288766860961914,-0.10731206089258194,0.9189963936805725,0.40461093187332153,0.28690433502197266,0.4263678789138794,0.1566687375307083,-0.04771936684846878,0.925338625907898,0.3901907205581665,0.3798066973686218,0.43809694051742554
108,2.656583456151883,0.680625,0.12710987414115113,0.0,0.0,1.0436586141586304,0.46405309438705444,0.26621919870376587,0.5176212191581726,0.0,0.0,0.6913041472434998,0.33294907212257385,0.4187639355659485,0.4750741124153137
109,0.690675775289349,0.6440625000000001,-0.035191602751856815,0.3347722589969635,-0.1065327376127243,1.0350229740142822,0.389875590801239,0.2529132068157196,0.45423102378845215,0.14033007621765137,-0.15025532245635986,0.6794860363006592,0.3414420783519745,0.42864978313446045,0.4919273555278778
110,0.23318848164850792,0.8099999999999999,0.5033186688961356,0.0,0.0,0.8413134813308716,0.5561169385910034,0.24611753225326538,0.5166761875152588,0.0,0.0,0.5815449953079224,0.4204655885696411,0.33941513299942017,0.5390936732292175
111,4.257228331578469,0.8709375000000001,0.0770210738280621,0.29061025381088257,-0.04220268130302429,0.8816760182380676,0.3884856104850769,0.3023722171783447,0.4695274829864502,0.25726118683815,-0.08181484788656235,0.7212109565734863,0.36686503887176514,0.31910014152526855,0.4866999387741089
112,0.4234827066336594,0.8165625000000001,0.07750200280780892,0.0,0.0,1.0266259908676147,0.3451797068119049,0.4351438283920288,0.40157780051231384,0.0,0.0,1.1762943267822266,0.2861586809158325,0.3408191502094269,0.38242414593696594
113,0.05323120159215057,0.6515625,0.48982041698911016,0.24868902564048767,-0.13387155532836914,0.8511195182800293,0.3584721088409424,0.3245275020599365,0.5207691788673401,0.20006699860095978,-0.09713997691869736,1.3022308349609375,0.535597562789917,0.29491308331489563,0.5572472810745239
114,0.5579616362115806,0.8231249999999999,0.34452910788095614,0.0,0.0,1.016887903213501,0.2850698232650757,0.40934115648269653,0.44868701696395874,0.0,0.0,0.7607190012931824,0.4952530264854431,0.41064515709877014,0.5199401378631592
115,0.20278899005689813,0.8315625000000001,0.5109021360335098,0.24541202187538147,-0.14002680778503418,0.7227281332015991,0.40924933552742004,0.34651267528533936,0.5277470946311951,0.19926588237285614,-0.0825049951672554,0.6927645206451416,0.3680011034011841,0.3907170295715332,0.5463737845420837
116,0.13594560946420858,0.6865625,0.5301597124740307,0.0,0.0,0.6156326532363892,0.4195493161678314,0.3239637017250061,0.5379433035850525,0.0,0.0,1.063419222831726,0.7386742830276489,0.35336995124816895,0.5800166130065918
117,0.06306099291485093,0.8456250000000001,0.6183722091016353,0.29429876804351807,-0.10206907242536545,1.7269200086593628,0.41809844970703125,0.4609447419643402,0.45159587264060974,0.2050955444574356,-0.13444972038269043,0.7011652588844299,0.2839236855506897,0.4510992169380188,0.3858642578125
118,0.76998281995141,0.7546875,0.329781827812703,0.0,0.0,0.6048951148986816,0.3378140926361084,0.3900964856147766,0.47253891825675964,0.0,0.0,0.7972999811172485,0.450491726398468,0.3033480644226074,0.5266479849815369
119,0.12034077646055855,0.6328125,0.5013883670290544,0.16862447559833527,-0.1429751068353653,1.704264760017395,0.5178858041763306,0.49756988883018494,0.5494874715805054,0.21970374882221222,-0.10494882613420486,0.7988614439964294,0.4037843942642212,0.32532140612602234,0.5199726819992065
120,0.04039239761148483,0.8521875,0.7182686037969457,0.0,0.0,0.796759843826294,0.3436585068702698,0.37231776118278503,0.5006324052810669,0.0,0.0,0.6702778339385986,0.26884129643440247,0.4637623429298401,0.37250563502311707
121,10.439300714953633,0.7224999999999999,0.24204608139147332,0.18336139619350433,-0.16331756114959717,1.4582734107971191,0.27911177277565,0.45703208446502686,0.46312475204467773,0.15988066792488098,-0.0735575258731842,0.8840726613998413,0.632341742515564,0.3910662531852722,0.5477014183998108
122,6.670176807614513,0.8278125,0.17450241013725445,0.0,0.0,0.7208527326583862,0.3916930556297302,0.3327524662017822,0.5450080037117004,0.0,0.0,1.4750851392745972,0.3412536382675171,0.42663681507110596,0.44756072759628296
123,0.08208194778379126,0.829375,0.650358244215667,0.18988138437271118,-0.08075368404388428,0.6773478984832764,0.31004807353019714,0.2966238260269165,0.4854695498943329,0.22809214890003204,-0.0734698697924614,1.0731143951416016,0.47732335329055786,0.43595170974731445,0.5696317553520203
124,0.11029806999059259,0.744375,0.3418622184300816,0.0,0.0,0.7278357744216919,0.2888610363006592,0.3497501611709595,0.4607536196708679,0.0,0.0,0.660585343837738,0.32324594259262085,0.35230061411857605,0.5194652676582336
125,1.9125071153704822,0.7853125,0.18738804792913957,0.14341193437576294,-0.16682398319244385,1.7074997425079346,0.4992419481277466,0.30384117364883423,0.5353479981422424,0.14055746793746948,-0.12213324755430222,0.5504022836685181,0.3086957037448883,0.37336042523384094,0.423340767621994
126,0.46342308324300135,0.8203125,0.4711435602732495,0.0,0.0,0.5698645710945129,0.23748961091041565,0.36047929525375366,0.372384637594223,0.0,0.0,0.6410213112831116,0.30433720350265503,0.3571056127548218,0.48913195729255676
127,0.15408948956514754,0.69625,0.3222743748583721,0.15635967254638672,-0.21112671494483948,0.7783379554748535,0.40180647373199463,0.4500163197517395,0.5182963013648987,0.16162511706352234,-0.12271696329116821,0.7597483396530151,0.46275264024734497,0.4210087060928345,0.5281143188476562
128,1.0588942967933368,0.9215625,0.42922056129659303,0.0,0.0,0.8200415372848511,0.4463196098804474,0.38425785303115845,0.47965773940086365,0.0,0.0,0.5463868975639343,0.4062187969684601,0.3314443826675415,0.4763929545879364
129,1.1672976236738601,0.8453125,0.34994156187382597,0.2311016172170639,-0.195644348859787,1.6546087265014648,0.5665864944458008,0.2702774405479431,0.5674154162406921,0.1684488207101822,-0.14400754868984222,0.8933320045471191,0.4242153763771057,0.3142540752887726,0.5683786869049072
130,3.0821373016842135,0.8584375,-0.06407905844724401,0.0,0.0,0.7976709604263306,0.2652009427547455,0.25805652141571045,0.39323127269744873,0.0,0.0,0.6800653338432312,0.3673650622367859,0.3445606231689453,0.47954100370407104
131,4.074825892288763,0.664375,0.12305932356254515,0.2356971800327301,-0.09800467640161514,0.6601647138595581,0.3854824900627136,0.3024383783340454,0.46205124258995056,0.18498189747333527,-0.10292857885360718,0.8508670330047607,0.43016988039016724,0.3471378982067108,0.5279052257537842
132,0.6139035929836234,0.6275000000000001,0.2315657535002175,0.0,0.0,1.0326557159423828,0.4228056073188782,0.4326441287994385,0.4550141990184784,0.0,0.0,0.7376483678817749,0.3570873737335205,0.33179771900177,0.45246759057044983
133,0.6148966754093503,0.7393750000000001,0.7068055791248608,0.17887750267982483,-0.1711360663175583,0.5922359228134155,0.31450510025024414,0.3991793692111969,0.525412917137146,0.16670109331607819,-0.13898561894893646,0.971091628074646,0.5420541763305664,0.3606453239917755,0.6024185419082642
134,1.0103387511256168,0.7859375,0.35357594099461714,0.0,0.0,0.7871613502502441,0.31663793325424194,0.31414905190467834,0.4421817362308502,0.0,0.0,0.6652153134346008,0.48301994800567627,0.33558282256126404,0.5264300107955933
135,6.9433611470758665,0.8503125,0.28530647760751726,0.2252250462770462,-0.07270708680152893,0.6936227679252625,0.42928433418273926,0.31025397777557373,0.4981539845466614,0.1516592651605606,-0.016715269535779953,1.2502806186676025,0.8947672843933105,0.230783611536026,0.6061511039733887
136,0.14354701276220827,0.8015625,0.7005973115437846,0.0,0.0,1.011090636253357,0.4919075071811676,0.43027999997138977,0.5404937267303467,0.0,0.0,0.9546685218811035,0.360362708568573,0.3577263653278351,0.4278849959373474
137,0.3651210657786556,0.835,0.15361168081669646,0.17820382118225098,-0.17988836765289307,0.9677649140357971,0.4719078540802002,0.29701465368270874,0.502505362033844,0.10526494681835175,-0.05830950662493706,1.0879156589508057,0.2858138382434845,0.4363414943218231,0.3950750231742859
138,0.061818921815932994,0.60875,0.5398165728821115,0.0,0.0,0.9287474751472473,0.5559613704681396,0.305210143327713,0.5904718637466431,0.0,0.0,0.6947199702262878,0.3803941011428833,0.373871386051178,0.474003404378891
139,0.02716046231119922,0.6984375,0.7951985223455489,0.24262471497058868,-0.23629751801490784,0.9502392411231995,0.30914050340652466,0.4714345633983612,0.44552183151245117,0.11201487481594086,-0.10630254447460175,0.7866091132164001,0.4154816269874573,0.4063693881034851,0.5059491991996765
140,0.06614785325436576,0.556875,0.4932291416166189,0.0,0.0,0.715678334236145,0.38636839389801025,0.32775038480758667,0.48805519938468933,0.0,0.0,0.7849487066268921,0.4206200838088989,0.3320828080177307,0.5515947341918945
141,0.16517724513760806,0.66875,0.2706895130709248,0.16561193764209747,-0.20988620817661285,0.6710599660873413,0.32482126355171204,0.3598376512527466,0.441468745470047,0.12153464555740356,-0.06345591694116592,1.129732608795166,0.5149063467979431,0.26979711651802063,0.48692023754119873
142,0.6703148394967611,0.7940625000000001,0.11635322847273097,0.0,0.0,0.9472233057022095,0.5588477253913879,0.2511308491230011,0.5896914601325989,0.0,0.0,0.7037160396575928,0.44994211196899414,0.2735501825809479,0.5027682781219482
143,68.25382787354468,0.7115625,0.0846089432714601,0.22015532851219177,-0.145920991897583,1.2002887725830078,0.619182288646698,0.19204385578632355,0.5735025405883789,0.1066109836101532,-0.06643740087747574,0.6766015887260437,0.32803964614868164,0.35501497983932495,0.4512028396129608
144,1.0724753278823334,0.859375,0.5629871860637925,0.0,0.0,0.6707026362419128,0.4240615963935852,0.33870813250541687,0.46704739332199097,0.0,0.0,1.3678354024887085,0.2948867678642273,0.45904749631881714,0.3999839425086975
145,0.24307393408216643,0.30656249999999996,0.12204588026833893,0.14606380462646484,-0.17774614691734314,0.6823490858078003,0.42783671617507935,0.36446520686149597,0.5152794122695923,0.14126065373420715,-0.035451825708150864,0.6400551199913025,0.3693820536136627,0.32389920949935913,0.5102593302726746
146,0.3611567962393861,0.6009374999999999,0.3629488194681557,0.0,0.0,1.3338408470153809,0.3890443444252014,0.3586292862892151,0.546290934085846,0.0,0.0,1.0208152532577515,0.41093289852142334,0.41306138038635254,0.4399452209472656
147,0.3934074295270274,0.6924999999999999,0.18926196723318256,0.16615267097949982,-0.11671625077724457,0.6618390083312988,0.33418965339660645,0.34840887784957886,0.42705655097961426,0.17074452340602875,-0.1335429698228836,0.6854149699211121,0.3770972788333893,0.41534578800201416,0.43587449193000793
148,0.04597922929192914,0.6799999999999999,0.6138986855171586,0.0,0.0,0.7270075082778931,0.3976597189903259,0.4119209945201874,0.46132150292396545,0.0,0.0,0.6900434494018555,0.45916593074798584,0.2843194007873535,0.5251919031143188
149,0.09249634322201312,0.5921875,0.35832591060064817,0.20608273148536682,-0.13166727125644684,0.7505828142166138,0.30540844798088074,0.36435139179229736,0.37050825357437134,0.10835239291191101,-0.14725832641124725,0.6871784329414368,0.3221933841705322,0.38146641850471497,0.4418905973434448
150,0.11676785010410332,0.7628125000000001,0.3918498769801949,0.0,0.0,0.4559516906738281,0.2809457778930664,0.3539685606956482,0.39732298254966736,0.0,0.0,0.9298496246337891,0.3229457437992096,0.3196713328361511,0.4412025511264801
151,10.149587434235007,0.78625,0.3830849271484623,0.21752117574214935,-0.14455512166023254,0.7121393084526062,0.4338890612125397,0.333609938621521,0.5436559319496155,0.09259585291147232,-0.1874258816242218,0.7613164186477661,0.3261919617652893,0.2996992766857147,0.530144214630127
152,0.21042157760320687,0.6353125000000001,0.31705036780850004,0.0,0.0,1.0804935693740845,0.34562402963638306,0.39073294401168823,0.5278069972991943,0.0,0.0,0.8117694854736328,0.42218297719955444,0.36699628829956055,0.5227793455123901
153,0.21365679758690082,0.680625,0.33571889752427425,0.18555565178394318,-0.18512269854545593,0.6761529445648193,0.3762768507003784,0.3189276456832886,0.5126950740814209,0.15568916499614716,-0.1803116798400879,0.9408153891563416,0.4780632257461548,0.34612971544265747,0.5319322943687439
154,0.4369631329064522,0.6625,0.3640349611398932,0.0,0.0,0.9801087975502014,0.5418065786361694,0.3361341059207916,0.5987558364868164,0.0,0.0,1.3302605152130127,0.6209263205528259,0.4330124258995056,0.5895344614982605
155,0.36628362429119693,0.7784375000000001,0.19821323180976888,0.20257775485515594,-0.19698095321655273,1.1002060174942017,0.5057327151298523,0.295031875371933,0.5480412244796753,0.10404601693153381,-0.1814984679222107,0.5149913430213928,0.3819009065628052,0.38524824380874634,0.4602561891078949
156,0.0687897183263584,0.7675000000000001,0.4604982710015495,0.0,0.0,0.6474601030349731,0.4201359450817108,0.3616146445274353,0.40733635425567627,0.0,0.0,0.5335545539855957,0.3671743869781494,0.4015888273715973,0.4531082808971405
157,0.054530270150447535,0.665625,0.5026258625423026,0.23350182175636292,-0.1684306263923645,0.6513055562973022,0.4698178768157959,0.3498639464378357,0.5231332778930664,0.137940913438797,-0.11132792383432388,0.6117699146270752,0.495249480009079,0.35563358664512634,0.5329322218894958
158,1.5141311306334007,0.6696875,0.6429271374236909,0.0,0.0,1.0065886974334717,0.5125839710235596,0.2524383068084717,0.5873883962631226,0.0,0.0,0.5129461884498596,0.31420204043388367,0.3821873068809509,0.4847501218318939
159,0.6292052805928465,0.7415625,0.31878267167261576,0.22556361556053162,-0.2049005925655365,0.9991786479949951,0.6188575625419617,0.3169748783111572,0.60271817445755,0.1064252257347107,-0.014405705966055393,0.8706194162368774,0.5954009294509888,0.3318362832069397,0.5325443744659424
160,0.480934637211644,0.6790625,0.3137046565056635,0.0,0.0,0.5813648700714111,0.2913275361061096,0.35458773374557495,0.419719934463501,0.0,0.0,0.8797580599784851,0.472034752368927,0.3031187951564789,0.49484825134277344
161,0.178703131866567,0.663125,0.4085624330534321,0.23222583532333374,-0.20465116202831268,0.701159656047821,0.38048893213272095,0.2937171459197998,0.4950622618198395,0.0851251482963562,-0.10903706401586533,0.6129694581031799,0.4422721266746521,0.3673834800720215,0.5161431431770325
162,0.656444489214017,0.43656249999999996,0.08130970709049824,0.0,0.0,1.6642159223556519,0.3949611186981201,0.5127254128456116,0.44572657346725464,0.0,0.0,0.8005618453025818,0.38552671670913696,0.3202362656593323,0.4113553762435913
163,1.5950686319164902,0.594375,0.009826702368785656,0.21475905179977417,-0.20313459634780884,1.0857391357421875,0.44865721464157104,0.45135998725891113,0.5463173389434814,0.10157935321331024,-0.11172313988208771,0.7593249678611755,0.3499346971511841,0.4182910621166229,0.48331552743911743
164,0.14256375633861476,0.6121875,0.48368074867166744,0.0,0.0,0.965752124786377,0.43815964460372925,0.41889771819114685,0.5115889310836792,0.0,0.0,0.5755176544189453,0.2934788465499878,0.3942146599292755,0.452108770608902
165,2.8266619896386778,0.8162499999999999,0.38708905158258256,0.1565537005662918,-0.21578606963157654,0.6974232792854309,0.3774455785751343,0.40638822317123413,0.5022247433662415,0.12128068506717682,-0.0980735719203949,1.0060417652130127,0.33022433519363403,0.32858848571777344,0.4454776644706726
166,0.1378115280005888,0.7459375,0.5940937779332437,0.0,0.0,0.8317407965660095,0.2877112627029419,0.40032798051834106,0.47415825724601746,0.0,0.0,0.9574204683303833,0.44737422466278076,0.3462845981121063,0.5361406803131104
167,0.179123209931861,0.6859375,0.5232356845991488,0.16268840432167053,-0.19410906732082367,0.7935547232627869,0.40001004934310913,0.3086317181587219,0.5279005765914917,0.15947139263153076,-0.1464247703552246,0.7517544031143188,0.3097904920578003,0.42178529500961304,0.4518442749977112
168,1.8589125241914481,0.8015625,0.08556617902259038,0.0,0.0,0.6100845336914062,0.3616148829460144,0.3814614415168762,0.42526087164878845,0.0,0.0,0.665789008140564,0.4151647090911865,0.3620110750198364,0.521976113319397
169,0.055851499579582756,0.5796875,0.5764006911010254,0.2655259668827057,-0.26455748081207275,0.54783695936203,0.3517208695411682,0.3993496894836426,0.4446680545806885,0.1037016287446022,-0.06188764050602913,1.1038378477096558,0.31293153762817383,0.38412362337112427,0.4595121443271637
170,0.16276764125136461,0.8856249999999999,0.5520085725976148,0.0,0.0,0.7169816493988037,0.4679543972015381,0.38718128204345703,0.5141340494155884,0.0,0.0,0.8895916938781738,0.27526894211769104,0.44628286361694336,0.37087371945381165
171,0.49636262675085135,0.80375,0.24862609655913676,0.12743674218654633,-0.24163900315761566,0.6014411449432373,0.2673209011554718,0.40594029426574707,0.44117259979248047,0.10898642241954803,-0.2504841387271881,0.8439931869506836,0.4479609429836273,0.34686338901519775,0.523335337638855
172,0.5263948691516495,0.73375,0.1957639849196769,0.0,0.0,0.5872107148170471,0.2874552607536316,0.30422094464302063,0.4834481179714203,0.0,0.0,1.416021704673767,0.4702554941177368,0.3494628071784973,0.5535751581192017
173,1.5953658155118444,0.6315625,0.02001420342973184,0.15671831369400024,-0.20483800768852234,0.7777587175369263,0.3959648013114929,0.37663137912750244,0.5212949514389038,0.15121212601661682,-0.12647047638893127,0.8657106757164001,0.4475761950016022,0.3913668394088745,0.4962673485279083
174,4.6539403870816205,0.6953125,0.35312885149005185,0.0,0.0,0.8545824885368347,0.3952119052410126,0.3565361499786377,0.49665114283561707,0.0,0.0,1.2223725318908691,0.4125281572341919,0.323777437210083,0.5092256665229797
175,0.14179317197546623,0.804375,0.3267354302216573,0.16068586707115173,-0.2448585331439972,0.6291434168815613,0.3805367946624756,0.4668727517127991,0.5025902986526489,0.13882553577423096,-0.12070680409669876,0.8214192986488342,0.2901444435119629,0.29084157943725586,0.4165518581867218
176,2.954794012117857,0.7746875,0.28572972698628235,0.0,0.0,0.6858404874801636,0.31152716279029846,0.37353286147117615,0.38372501730918884,0.0,0.0,0.8901879191398621,0.4047888219356537,0.4261299967765808,0.41960251331329346
177,1.749348318578224,0.8453125,0.3052014392093181,0.22371415793895721,-0.26192036271095276,0.8113083243370056,0.5278611183166504,0.4063258171081543,0.49315041303634644,0.10380197316408157,-0.150010347366333,0.7548185586929321,0.34777194261550903,0.3181935250759125,0.4209260046482086
178,0.15967291521320565,0.5184375,0.4061100010897599,0.0,0.0,1.147965669631958,0.3300928473472595,0.33657288551330566,0.42580997943878174,0.0,0.0,0.9457637667655945,0.4429805278778076,0.4020557999610901,0.4770766794681549
179,0.0681940093965506,0.4171875,0.47801720036485557,0.15178264677524567,-0.22520558536052704,0.9578615427017212,0.45085304975509644,0.2939387261867523,0.5745270252227783,0.12250678241252899,-0.1463710069656372,1.3176637887954712,0.5537043809890747,0.21821457147598267,0.5125207901000977
180,11.428660257641706,0.611875,0.28346058397608836,0.0,0.0,0.548869252204895,0.26842278242111206,0.39630329608917236,0.4993431568145752,0.0,0.0,1.1173852682113647,0.3846198320388794,0.44827306270599365,0.4833117127418518
181,54.65019725384038,0.525625,-0.42368156904057475,0.24148108065128326,-0.28070858120918274,0.8807727694511414,0.3721989393234253,0.3554505407810211,0.4672962725162506,0.1530851274728775,-0.13278011977672577,1.525470495223999,0.3808603882789612,0.41782352328300476,0.4444599449634552
182,0.25472022074833356,0.7725,0.3727670396540007,0.0,0.0,0.8746172189712524,0.47007012367248535,0.2311093509197235,0.5977128744125366,0.0,0.0,0.9452493786811829,0.38279515504837036,0.3484165072441101,0.5101673007011414
183,11.3559396180889,0.7075,0.42924055940759126,0.20383970439434052,-0.17880015075206757,0.9942206740379333,0.4099576473236084,0.28759756684303284,0.5084495544433594,0.09520448744297028,-0.082483671605587,0.7127172946929932,0.3583029508590698,0.3482967019081116,0.4289613366127014
184,12.939718696631065,0.7103125,0.16400340336080904,0.0,0.0,0.6985121369361877,0.48257505893707275,0.35691604018211365,0.5072602033615112,0.0,0.0,0.925122082233429,0.4376945495605469,0.35863083600997925,0.4599383473396301
185,0.29779660864841084,0.8821875,0.3727065096840271,0.18140479922294617,-0.21840515732765198,0.669132649898529,0.37154632806777954,0.3638555407524109,0.4537728428840637,0.13510876893997192,-0.07502670586109161,0.8510046005249023,0.5865500569343567,0.30388903617858887,0.615094780921936
186,2.9763421716885663,0.7212500000000001,0.16601729061175202,0.0,0.0,1.6282000541687012,0.44089189171791077,0.47961801290512085,0.45553237199783325,0.0,0.0,0.6682586073875427,0.34793418645858765,0.37320810556411743,0.47589418292045593
187,0.11718388051340836,0.7256250000000001,0.5274020579861037,0.19504813849925995,-0.25751107931137085,1.087937593460083,0.49545374512672424,0.28164348006248474,0.5285615921020508,0.10868851095438004,-0.25101542472839355,1.5650465488433838,0.5753679275512695,0.28547361493110657,0.5328600406646729
188,0.5919203134277955,0.698125,0.49896790496404486,0.0,0.0,0.869395911693573,0.6153099536895752,0.3880326747894287,0.5649806261062622,0.0,0.0,0.6384574174880981,0.3852711319923401,0.3553468585014343,0.5264475345611572
189,0.7281372936700728,0.7215625000000001,0.06781574932983092,0.21805565059185028,-0.2459043711423874,0.6018875241279602,0.29646962881088257,0.3146442472934723,0.47417595982551575,0.10727576911449432,-0.09257063269615173,0.8936643004417419,0.4151066243648529,0.390572726726532,0.47527211904525757
190,0.6344134653355951,0.8825,0.5396708313368939,0.0,0.0,0.6417317986488342,0.43801477551460266,0.3884718716144562,0.5108789205551147,0.0,0.0,0.5272448658943176,0.2764207124710083,0.3414526581764221,0.3436747193336487
191,1.2433169181153945,0.778125,0.6933364227604306,0.2681456208229065,-0.24469906091690063,1.161128282546997,0.3722885251045227,0.260331392288208,0.4582732319831848,0.09939127415418625,-0.09537619352340698,0.6123265027999878,0.5639287233352661,0.3434085249900818,0.5272718071937561
192,0.08739972111300415,0.625,0.4073293644794672,0.0,0.0,0.8452968001365662,0.48414215445518494,0.39887988567352295,0.5340915322303772,0.0,0.0,1.1304848194122314,0.4345334470272064,0.4569838345050812,0.4967295229434967
193,0.034685120017163215,0.746875,0.7030964024541898,0.18100300431251526,-0.17738604545593262,0.9937191009521484,0.3437580466270447,0.338966429233551,0.4708233177661896,0.11187437176704407,-0.18745136260986328,1.1085081100463867,0.39183318614959717,0.4359018802642822,0.4929693639278412
194,16.402360223956226,0.8487500000000001,0.26764641012779067,0.0,0.0,0.880415678024292,0.5273102521896362,0.22663089632987976,0.5678710341453552,0.0,0.0,0.79181307554245,0.36271223425865173,0.3377463221549988,0.45519357919692993
195,0.17515535321802803,0.7625,0.6001345079126876,0.1566895991563797,-0.1943180114030838,0.7301563024520874,0.3729967474937439,0.3837953209877014,0.46252739429473877,0.14051063358783722,-0.24229289591312408,0.9487573504447937,0.32176223397254944,0.43182486295700073,0.40947097539901733
196,155.14143826529894,0.9065625,0.14834207361264665,0.0,0.0,0.7432994246482849,0.3899485468864441,0.21506530046463013,0.5087243914604187,0.0,0.0,1.0196408033370972,0.5949714183807373,0.3563986122608185,0.5393877625465393
197,1.495897239440756,0.8434375,0.36530266600405137,0.23677095770835876,-0.2581609785556793,0.8466538786888123,0.3753136694431305,0.3752433657646179,0.3810764253139496,0.08988010138273239,-0.1898578405380249,0.7849403619766235,0.4284631311893463,0.4385056495666504,0.48414331674575806
198,0.12203543351889298,0.709375,0.5192187032527361,0.0,0.0,1.0042314529418945,0.3968844413757324,0.39635157585144043,0.4868953227996826,0.0,0.0,0.6523136496543884,0.4380072355270386,0.3380158543586731,0.4834645390510559
199,3.3953084214482785,0.7353125,-0.011241869409346716,0.18551601469516754,-0.2518709897994995,1.760873556137085,0.6279822587966919,0.44909214973449707,0.5617064833641052,0.15089325606822968,-0.1658240258693695,0.9241620302200317,0.5442580580711365,0.314565509557724,0.574254035949707
200,46.351612622769515,0.8315625000000001,0.5211626932486022,0.0,0.0,0.6578637361526489,0.44713354110717773,0.2859615683555603,0.4964016079902649,0.0,0.0,0.6053171753883362,0.34373408555984497,0.4042319655418396,0.48008084297180176
201,0.15583846401949147,0.683125,0.4221973836007512,0.20386527478694916,-0.2866179347038269,0.7024943232536316,0.4804454445838928,0.4152872562408447,0.5235499739646912,0.12685813009738922,-0.20710057020187378,1.210873007774353,0.45564767718315125,0.4005032479763031,0.5217458605766296
202,0.050295678646017826,0.7184375000000001,0.6044078477895243,0.0,0.0,0.9386091232299805,0.4387655556201935,0.4076216220855713,0.5137042999267578,0.0,0.0,1.3490724563598633,0.5987703800201416,0.2876323163509369,0.5581368803977966
203,0.6694869674321122,0.73,0.24815155332274913,0.18449543416500092,-0.237489715218544,0.6904460191726685,0.5156978368759155,0.3078896999359131,0.5402522087097168,0.11752068996429443,-0.14363352954387665,0.9063977003097534,0.4372066855430603,0.2930104434490204,0.5764120221138
204,3.1302892910212328,0.753125,0.22961972479449316,0.0,0.0,0.7096803784370422,0.4838157892227173,0.3610602021217346,0.537314236164093,0.0,0.0,0.7722962498664856,0.35562849044799805,0.3197544813156128,0.4287601709365845
205,0.582799076810548,0.828125,0.7534108345920765,0.18763597309589386,-0.17537593841552734,0.7845322489738464,0.6356302499771118,0.36449843645095825,0.5429530143737793,0.09753115475177765,-0.15674705803394318,1.0236055850982666,0.4192463755607605,0.27690809965133667,0.4983724057674408
206,2.228228177479536,0.65,0.31827121643936296,0.0,0.0,1.17600417137146,0.37851572036743164,0.19094252586364746,0.5323956608772278,0.0,0.0,0.6308025121688843,0.4679323434829712,0.37519606947898865,0.48855581879615784
207,93.98662945922878,0.8675,-0.20811135579808168,0.16961365938186646,-0.28448590636253357,0.641090452671051,0.4499770998954773,0.38126349449157715,0.5128481388092041,0.11239663511514664,-0.16413629055023193,0.5026575326919556,0.3503143787384033,0.3709745407104492,0.47250470519065857
208,1.220632440600956,0.6509375000000001,0.34443539063357,0.0,0.0,0.7647561430931091,0.33909380435943604,0.420218288898468,0.4963313341140747,0.0,0.0,0.7566612958908081,0.4035649597644806,0.336219847202301,0.47570401430130005
209,1.7869254266819787,0.7871875,0.6932612619224384,0.2199275642633438,-0.2759421765804291,1.1771228313446045,0.48126786947250366,0.28587156534194946,0.5171331763267517,0.1488388627767563,-0.192474365234375,0.9782053828239441,0.5244086980819702,0.40747976303100586,0.5758533477783203
210,0.28456972992874807,0.6993750000000001,0.32061701801294695,0.0,0.0,0.7108410000801086,0.5126617550849915,0.34823691844940186,0.48320791125297546,0.0,0.0,1.1678104400634766,0.49493271112442017,0.296588659286499,0.4665023386478424
211,1.2216654485508402,0.83625,0.2211855862184499,0.16466569900512695,-0.24042019248008728,0.7429040670394897,0.44180941581726074,0.3802769184112549,0.4708888530731201,0.10756919533014297,-0.15406674146652222,1.1829224824905396,0.4595879912376404,0.408568799495697,0.5464139580726624
212,0.48301062289190017,0.40031250000000007,0.027942209849247363,0.0,0.0,0.7659793496131897,0.5396924018859863,0.2789582312107086,0.519113302230835,0.0,0.0,0.9426203966140747,0.5524522066116333,0.2940720021724701,0.5349262952804565
213,0.08349429077701655,0.6556249999999999,0.7544489005295629,0.18092463910579681,-0.2883262038230896,0.7485058903694153,0.31214386224746704,0.3692794144153595,0.4933246672153473,0.10365910828113556,-0.16058477759361267,0.9053077101707458,0.4317799210548401,0.38906148076057434,0.49645572900772095
214,1.0387341010571753,0.6753125,-0.06847045569776847,0.0,0.0,1.073160171508789,0.5499206781387329,0.3782352805137634,0.542621374130249,0.0,0.0,0.8417423963546753,0.3136162757873535,0.37564536929130554,0.4607776403427124
215,9.506714934372273,0.7790625,0.5714064347986426,0.21646210551261902,-0.27265650033950806,0.563500165939331,0.39398252964019775,0.3082156181335449,0.4848528504371643,0.08614224195480347,-0.1216641366481781,0.8823479413986206,0.30901670455932617,0.33691269159317017,0.3883129954338074
216,12.439092175163172,0.721875,-0.3904231586146927,0.0,0.0,0.7100484371185303,0.5466692447662354,0.4633484482765198,0.5655987858772278,0.0,0.0,0.9057480096817017,0.5474061965942383,0.27035897970199585,0.4717097580432892
217,0.13209329509358209,0.5740624999999999,0.37760460035276344,0.17538073658943176,-0.2555924654006958,1.0421158075332642,0.39249324798583984,0.39420631527900696,0.485124409198761,0.11544309556484222,-0.17862960696220398,1.3690035343170166,0.32094037532806396,0.43688029050827026,0.40403062105178833
218,0.4796667050203,0.80625,0.7490322291244743,0.0,0.0,1.0721113681793213,0.6837596297264099,0.24615028500556946,0.5666384100914001,0.0,0.0,1.0111550092697144,0.43961748480796814,0.3888462781906128,0.49250099062919617
219,4.480895621600176,0.8134375,0.3362935138479705,0.24765878915786743,-0.25036805868148804,0.7227649688720703,0.3097899556159973,0.3304809331893921,0.4769717752933502,0.09499792754650116,-0.18750092387199402,1.0956227779388428,0.5741487741470337,0.3016178607940674,0.5402448773384094
220,6.07341596800907,0.716875,0.18411051140488727,0.0,0.0,0.9657443165779114,0.4297938644886017,0.37000179290771484,0.5683261752128601,0.0,0.0,1.9457262754440308,0.467231810092926,0.46843981742858887,0.5089053511619568
221,0.05802453337682891,0.5946875,0.6363223644221099,0.22908271849155426,-0.3071901202201843,0.9365741610527039,0.33817970752716064,0.4544193148612976,0.4538697302341461,0.10912294685840607,-0.14741328358650208,0.7605575919151306,0.49613842368125916,0.35631853342056274,0.48356544971466064
222,54.88001923814691,0.653125,-0.6867331289666337,0.0,0.0,0.7758137583732605,0.3716648817062378,0.4170340597629547,0.47620484232902527,0.0,0.0,0.9350655674934387,0.6582000255584717,0.333232045173645,0.586132287979126
223,0.2002197471643737,0.6431250000000001,0.35334208973154774,0.2165319323539734,-0.22937236726284027,0.8542243838310242,0.33731043338775635,0.387098491191864,0.4240764379501343,0.09681648761034012,-0.20312374830245972,1.1811306476593018,0.7833318710327148,0.3584890067577362,0.6112877726554871
224,0.9043272313213189,0.798125,0.4696750031586972,0.0,0.0,0.5265178680419922,0.33418893814086914,0.39763331413269043,0.41708868741989136,0.0,0.0,0.8148229718208313,0.7130131125450134,0.356339693069458,0.5887318253517151
225,1.232958823523767,0.8846875000000001,0.5366099516430771,0.2510600686073303,-0.2917381227016449,1.141526222229004,0.4801359176635742,0.31442317366600037,0.4877408444881439,0.10154617577791214,-0.19502943754196167,1.1088472604751587,0.590630054473877,0.379344642162323,0.6086852550506592
226,1.7768509637324705,0.7318749999999999,0.3142404469742557,0.0,0.0,0.6447420716285706,0.48414891958236694,0.2836318910121918,0.5336947441101074,0.0,0.0,0.8234131932258606,0.3138253092765808,0.3577534258365631,0.42921149730682373
227,8.642974880118114,0.64,-0.39401197967769486,0.19595268368721008,-0.26475319266319275,0.9568929076194763,0.5064777135848999,0.3075668215751648,0.5779281854629517,0.1188197135925293,-0.15445742011070251,0.7787706255912781,0.41152822971343994,0.3375908434391022,0.4974534809589386
228,33.19508530229038,0.7653125,0.23642620707734166,0.0,0.0,0.9782997369766235,0.3594277501106262,0.44787442684173584,0.5097246766090393,0.0,0.0,0.69709312915802,0.45321327447891235,0.36688435077667236,0.5201536417007446
229,13.989554641903146,0.8568749999999999,0.09187645280204255,0.14592793583869934,-0.294590562582016,0.9336482882499695,0.440784215927124,0.46099233627319336,0.47881394624710083,0.11318102478981018,-0.14182227849960327,1.1698172092437744,0.8198335766792297,0.2659015357494354,0.621522843837738
230,0.0944798614450092,0.7384375000000001,0.4694178731409992,0.0,0.0,0.8075692653656006,0.5059922933578491,0.32474350929260254,0.5862200856208801,0.0,0.0,0.7860978245735168,0.454094797372818,0.3476291298866272,0.4679015576839447
231,0.06270445510842737,0.6515625,0.487416970022847,0.17092932760715485,-0.31979885697364807,0.6328643560409546,0.4141772985458374,0.3714887201786041,0.4556477665901184,0.07243286818265915,-0.17691177129745483,0.8984205722808838,0.5609011650085449,0.3617924749851227,0.5063806772232056
232,684.3458446063426,0.7515625,0.2346522309457913,0.0,0.0,0.6893323063850403,0.4077390432357788,0.3167164921760559,0.5035496950149536,0.0,0.0,1.0869333744049072,0.379003643989563,0.4683733582496643,0.5377759337425232
233,160.10463752106116,0.7371875,0.2779046100076664,0.28191423416137695,-0.31378185749053955,1.0549254417419434,0.454217791557312,0.33651888370513916,0.45338836312294006,0.09199830889701843,-0.24819085001945496,0.9585447311401367,0.643774151802063,0.341670423746109,0.5575696229934692
234,0.06172939176231096,0.2884375,0.30284261503035126,0.0,0.0,1.2726047039031982,0.5491721630096436,0.24721840023994446,0.5645352005958557,0.0,0.0,1.8360848426818848,0.4276946187019348,0.2833274304866791,0.5153682231903076
235,0.7184463730918961,0.7534375000000001,0.5262710916252671,0.19595535099506378,-0.30610015988349915,0.7183507680892944,0.41675227880477905,0.3830413818359375,0.4803871810436249,0.11757093667984009,-0.25689148902893066,0.6238011717796326,0.482224702835083,0.397489070892334,0.5088338255882263
236,0.6377844547634076,0.4965625,0.11771742290412146,0.0,0.0,1.7760567665100098,0.3542727828025818,0.5077552199363708,0.4811319410800934,0.0,0.0,1.832329511642456,0.41057446599006653,0.496024489402771,0.3958257734775543
237,0.5436468065180597,0.6746874999999999,0.069317173854653,0.14858895540237427,-0.2729529142379761,1.1405516862869263,0.5022956728935242,0.27723878622055054,0.5474444627761841,0.06651019304990768,-0.1713896095752716,1.006502389907837,0.702999472618103,0.35306644439697266,0.5518388152122498
238,5.299923816401654,0.711875,0.13802690339617255,0.0,0.0,0.6317611336708069,0.5186268091201782,0.3345947265625,0.5207892060279846,0.0,0.0,1.3131362199783325,0.8118225336074829,0.2763870358467102,0.5892366170883179
239,40.44178902053558,0.68125,0.3319249593983843,0.21230359375476837,-0.32262134552001953,0.6133606433868408,0.45954203605651855,0.3546239137649536,0.4958452880382538,0.06835095584392548,-0.13270676136016846,0.8886632323265076,0.3710176944732666,0.3550923466682434,0.49089598655700684
240,0.04262932537925601,0.565625,0.5353386751425282,0.0,0.0,1.8156317472457886,0.3205897808074951,0.47113800048828125,0.49214044213294983,0.0,0.0,0.6667481064796448,0.6013385057449341,0.24655963480472565,0.5535149574279785
241,3.0004115341058792,0.5518750000000001,-0.37216475949560784,0.14679886400699615,-0.33053046464920044,0.9369216561317444,0.4316641390323639,0.3550686836242676,0.4447779953479767,0.08794744312763214,-0.11818954348564148,0.9280399680137634,0.4506140351295471,0.29921597242355347,0.4991530179977417
242,0.7285226441580827,0.718125,0.47563420726122996,0.0,0.0,0.7794392108917236,0.714163064956665,0.2775441110134125,0.624575674533844,0.0,0.0,1.3530737161636353,0.3384503722190857,0.4619753062725067,0.4258486032485962
243,24.364042471894923,0.7021875,0.3158015119364607,0.1912679821252823,-0.3065887987613678,0.7464197278022766,0.5887418985366821,0.3237689733505249,0.5422468781471252,0.06722263991832733,-0.16038784384727478,0.733230471611023,0.46702247858047485,0.29317957162857056,0.5267075300216675
244,472.8594396555145,0.6603125000000001,0.1052558140055015,0.0,0.0,0.7039245367050171,0.42425861954689026,0.2743995487689972,0.5369963645935059,0.0,0.0,0.6867362260818481,0.3784889876842499,0.35601985454559326,0.5151219964027405
245,0.11872876325685762,0.53125,0.36795775413270415,0.1609647423028946,-0.29955869913101196,0.8999029397964478,0.3216492533683777,0.41299355030059814,0.4791140854358673,0.06689711660146713,-0.14498837292194366,0.854896068572998,0.43597567081451416,0.3620983362197876,0.48561739921569824
246,0.0985779903156854,0.593125,0.4049696373537789,0.0,0.0,1.4333043098449707,0.6230229139328003,0.22825917601585388,0.6323813796043396,0.0,0.0,0.985772967338562,0.43570423126220703,0.46677160263061523,0.46991318464279175
247,0.7522844260798751,0.640625,0.40771303940007775,0.2073599249124527,-0.357464075088501,0.7724992632865906,0.48655563592910767,0.3393099904060364,0.49861857295036316,0.07976405322551727,-0.21822687983512878,1.5205440521240234,0.6267267465591431,0.31158676743507385,0.5571932196617126
248,0.02936725840523228,0.6703125,0.8020584812705842,0.0,0.0,0.7776188850402832,0.6357438564300537,0.3475530743598938,0.6070053577423096,0.0,0.0,1.1313886642456055,0.4006006121635437,0.45045122504234314,0.5063118934631348
249,0.10127204427498251,0.850625,0.6026569325636876,0.1411283314228058,-0.27338477969169617,0.5811159610748291,0.4216769337654114,0.33777090907096863,0.5176154971122742,0.0851750522851944,-0.23677608370780945,0.8921805620193481,0.48934799432754517,0.32201600074768066,0.45686957240104675
250,247.92346932302658,0.715625,-0.3720600961437913,0.0,0.0,2.237337589263916,0.7648429870605469,0.175248920917511,0.6251441836357117,0.0,0.0,0.7517151832580566,0.45653966069221497,0.34922969341278076,0.4950435757637024
251,25.165083092326547,0.706875,0.010112959546042976,0.1449333280324936,-0.2651071846485138,0.689343273639679,0.3631250262260437,0.35037368535995483,0.483249694108963,0.10993622988462448,-0.19349679350852966,1.5683093070983887,0.8549365997314453,0.2385425567626953,0.6668322682380676
252,0.06386127740680761,0.7693749999999999,0.45436633534586424,0.0,0.0,1.0654486417770386,0.7745883464813232,0.2866764962673187,0.7076512575149536,0.0,0.0,0.6157476305961609,0.4182214140892029,0.4738462269306183,0.4727533459663391
253,1.264589318382037,0.8306250000000001,0.5285458357087061,0.1332373321056366,-0.3010258972644806,0.6534086465835571,0.4660027027130127,0.3756314516067505,0.5329141020774841,0.05143754184246063,-0.2588980495929718,0.7985926270484924,0.5589483976364136,0.36131706833839417,0.5229048132896423
254,0.05994702591659099,0.72625,0.6619292951458152,0.0,0.0,0.5375497937202454,0.38042160868644714,0.34195205569267273,0.47481653094291687,0.0,0.0,0.9900925159454346,0.599026083946228,0.3451361060142517,0.5534086227416992
255,717.291873689446,0.7640625,0.32029037441811475,0.12169031798839569,-0.2671036124229431,0.8139819502830505,0.43749719858169556,0.39135709404945374,0.45012521743774414,0.06809172034263611,-0.18181902170181274,1.0656777620315552,0.481444388628006,0.36900007724761963,0.5091620087623596
256,0.13027421422343366,0.7753125000000001,0.35156395054397277,0.0,0.0,0.6941322684288025,0.3905840516090393,0.38286614418029785,0.4624219834804535,0.0,0.0,0.7607136964797974,0.5220115780830383,0.2929868698120117,0.5359140038490295
257,14.04625356390126,0.6056250000000001,0.3759339034664534,0.21071599423885345,-0.3226545453071594,0.997132420539856,0.40880924463272095,0.4017428457736969,0.43656137585639954,0.0652715191245079,-0.19743770360946655,1.2203896045684814,0.5373046398162842,0.3851475417613983,0.5505913496017456
258,9.133553592509355,0.8484375,0.543678812184522,0.0,0.0,0.7858846783638,0.5923574566841125,0.3579828441143036,0.5192937850952148,0.0,0.0,1.031838059425354,0.4406317472457886,0.40054914355278015,0.4661971628665924
259,0.04282757999683222,0.708125,0.7751306755176762,0.14586180448532104,-0.24051207304000854,0.7150318622589111,0.4993329346179962,0.3079265356063843,0.46672770380973816,0.06722337752580643,-0.21485480666160583,0.8038511872291565,0.5369591116905212,0.3854551911354065,0.5032486319541931
260,60.85295138312849,0.6040625,0.1102246245631084,0.0,0.0,0.6942134499549866,0.5707318782806396,0.3041307032108307,0.5601714849472046,0.0,0.0,0.9839950799942017,0.4855499267578125,0.34983646869659424,0.5020474791526794
261,17.26043332655241,0.7534375,-0.29077560184875423,0.12336400151252747,-0.23791450262069702,1.4512088298797607,0.32624387741088867,0.4526929557323456,0.4201406240463257,0.07398620992898941,-0.2106194645166397,0.6622676253318787,0.4514642357826233,0.3732169270515442,0.5177236199378967
262,4.680888894439419,0.7603125000000001,-0.07680814209383954,0.0,0.0,0.964210033416748,0.42680245637893677,0.38683968782424927,0.499851256608963,0.0,0.0,0.931575357913971,0.6335018873214722,0.37584441900253296,0.47659462690353394
263,1.0140990676282944,0.7584375000000001,0.5141924906589903,0.14613042771816254,-0.3000580966472626,0.7917467355728149,0.570046067237854,0.3247625529766083,0.5602320432662964,0.08146487176418304,-0.28720682859420776,0.6839646697044373,0.346137672662735,0.38635551929473877,0.43840646743774414
264,0.36832108518266987,0.6606249999999999,0.5054039548121786,0.0,0.0,0.7970813512802124,0.5302695035934448,0.3790528178215027,0.5238842964172363,0.0,0.0,1.7275079488754272,0.6593993902206421,0.2823951840400696,0.546566367149353
265,4.594657423553174,0.7762500000000001,0.7108570045516622,0.1261054277420044,-0.2523287832736969,0.767001211643219,0.773483157157898,0.35290640592575073,0.6351107954978943,0.06880407780408859,-0.2493608295917511,0.7159398198127747,0.3599185645580292,0.4669032692909241,0.4611370265483856
266,0.042185613227914996,0.7006249999999999,0.6149963391915707,0.0,0.0,0.6289591193199158,0.37438884377479553,0.28046518564224243,0.48512330651283264,0.0,0.0,0.6195348501205444,0.616787850856781,0.38672107458114624,0.5599225759506226
267,0.11522660121666402,0.664375,0.592543181319338,0.10517936199903488,-0.31844139099121094,0.7145503759384155,0.5147261619567871,0.4094600975513458,0.5375449657440186,0.06572850793600082,-0.2102694809436798,0.9452893733978271,0.3857564330101013,0.39083021879196167,0.470588743686676
268,0.12748757795353655,0.6443749999999999,0.5280160822436223,0.0,0.0,0.8669612407684326,0.5675970911979675,0.3190329074859619,0.5646059513092041,0.0,0.0,1.066744089126587,0.35943400859832764,0.48267078399658203,0.47042983770370483
269,0.023483701084760045,0.6215625,0.766438001883907,0.18163250386714935,-0.2915385961532593,0.8306716680526733,0.4583764672279358,0.37851405143737793,0.5476617813110352,0.054230473935604095,-0.1740189492702484,1.0121128559112549,0.6306034326553345,0.2977747917175293,0.586711049079895
270,0.11863610855387977,0.7021875,0.4389517456982241,0.0,0.0,0.7915095090866089,0.4673463702201843,0.3345675468444824,0.4780369997024536,0.0,0.0,0.5783681869506836,0.47367632389068604,0.4201754033565521,0.4931409955024719
271,0.06371987697507506,0.8175000000000001,0.5638237491025693,0.14914566278457642,-0.2541521191596985,1.2184301614761353,0.6407470107078552,0.23533520102500916,0.6222536563873291,0.07520364224910736,-0.34447452425956726,1.0897376537322998,0.5285065174102783,0.3400171101093292,0.5021027326583862
272,0.5335503536549282,0.7181249999999999,0.18602530923492216,0.0,0.0,0.8527381420135498,0.7249609231948853,0.3968063294887543,0.5680347681045532,0.0,0.0,1.1181678771972656,0.3044998049736023,0.30483320355415344,0.44238829612731934
273,2.9009847899094408,0.8540625000000001,0.32497768241732283,0.09737423062324524,-0.34508559107780457,1.2631194591522217,0.48856544494628906,0.46305912733078003,0.5021325945854187,0.07906722277402878,-0.26621782779693604,0.7484554648399353,0.47495269775390625,0.3883426785469055,0.5212823152542114
274,880.2457774502711,0.8546875,0.08122596969015003,0.0,0.0,0.7394671440124512,0.4673599600791931,0.38220298290252686,0.5636523962020874,0.0,0.0,2.020390510559082,0.425764262676239,0.4994211196899414,0.4246136248111725
275,0.3240582812644847,0.7731250000000001,0.7520168136026576,0.1195056289434433,-0.27903205156326294,0.8477451801300049,0.5450006723403931,0.3169339895248413,0.5020484924316406,0.06893324106931686,-0.2849387526512146,0.9334530830383301,0.4048033356666565,0.3221462368965149,0.42285361886024475
276,1079.8145923900524,0.7940625000000001,-0.7658052949946358,0.0,0.0,0.7387246489524841,0.44648563861846924,0.35240235924720764,0.4804585576057434,0.0,0.0,1.5986778736114502,0.5536308884620667,0.22570745646953583,0.5130080580711365
277,0.05293422687710653,0.660625,0.559453207194845,0.16370488703250885,-0.3166539669036865,0.8989748954772949,0.40351030230522156,0.37853896617889404,0.5537129044532776,0.06572981178760529,-0.23017583787441254,1.3307394981384277,0.4659227728843689,0.430868923664093,0.45325663685798645
278,0.06669364062022046,0.70625,0.6405084805161193,0.0,0.0,0.7767822742462158,0.3927374482154846,0.39390265941619873,0.43992528319358826,0.0,0.0,0.9898777604103088,0.562256395816803,0.3268837034702301,0.5499197244644165
279,10.352501987579167,0.7806249999999999,0.03457885153190861,0.1531519740819931,-0.3345729112625122,0.642524778842926,0.30201926827430725,0.3937342166900635,0.5005418658256531,0.0610351525247097,-0.2548535466194153,0.7979687452316284,0.5328713655471802,0.35220715403556824,0.5222874879837036
280,0.6639961249438991,0.569375,0.22371183111551912,0.0,0.0,1.085009217262268,0.25822913646698,0.42720019817352295,0.4397958815097809,0.0,0.0,0.7776560187339783,0.389019250869751,0.41473090648651123,0.43347930908203125
281,457.70258688406267,0.7381249999999999,0.05363284838708967,0.14678286015987396,-0.31947755813598633,1.3054883480072021,0.5161799192428589,0.28484907746315,0.5273087024688721,0.05963878706097603,-0.20636996626853943,1.0157243013381958,0.797368049621582,0.29802560806274414,0.6496441960334778
282,0.05106149381075305,0.7575000000000001,0.7252784406361796,0.0,0.0,0.8351414799690247,0.5145359635353088,0.38527756929397583,0.5380504131317139,0.0,0.0,1.1518176794052124,0.5429301261901855,0.3773001730442047,0.5575942397117615
283,0.5021241547761355,0.6265625,0.16111658083867833,0.15998506546020508,-0.3622273802757263,0.8003231287002563,0.5012081265449524,0.32881903648376465,0.4808293879032135,0.051437750458717346,-0.3044995069503784,1.1306771039962769,0.5742090940475464,0.4320371747016907,0.5422000288963318
284,969.917608453821,0.8943750000000001,-0.31816553557209987,0.0,0.0,1.2465460300445557,0.5218159556388855,0.2138124704360962,0.568489670753479,0.0,0.0,0.7253402471542358,0.4290207028388977,0.4247633218765259,0.4847027659416199
285,0.7000156322402558,0.7775000000000001,0.48226229001441495,0.16245761513710022,-0.2801591753959656,0.9256591200828552,0.43120282888412476,0.34798765182495117,0.5384735465049744,0.057379476726055145,-0.2657323479652405,1.3073251247406006,0.8034631013870239,0.2944383919239044,0.6133276224136353
286,14.683694122806788,0.6590625,0.20876262235722676,0.0,0.0,0.8109943270683289,0.5270978212356567,0.3970382511615753,0.5514377355575562,0.0,0.0,1.4018608331680298,0.6947745084762573,0.316528856754303,0.6055015921592712
287,0.07338428186377144,0.6824999999999999,0.5898336187013725,0.14269956946372986,-0.33141782879829407,1.163525938987732,0.338346928358078,0.42456603050231934,0.3795084059238434,0.07046432793140411,-0.23626422882080078,1.3316268920898438,0.609457790851593,0.26314276456832886,0.5691331624984741
288,0.25018800212134307,0.7259375,0.3887680412783322,0.0,0.0,1.175324559211731,0.5903451442718506,0.2709413170814514,0.529025137424469,0.0,0.0,0.8509948253631592,0.2825576364994049,0.435932457447052,0.3879367709159851
289,0.6323371198002256,0.559375,0.31906195237422025,0.14488914608955383,-0.4072917103767395,1.808800220489502,0.3355877995491028,0.513724684715271,0.48542842268943787,0.07020427286624908,-0.1816525161266327,1.1383622884750366,0.2904912829399109,0.392700731754303,0.39987829327583313
290,0.06252748247659645,0.6884375,0.6757356530518692,0.0,0.0,0.7296390533447266,0.6172757148742676,0.31389880180358887,0.5954869389533997,0.0,0.0,1.7588788270950317,0.7089266777038574,0.2642558515071869,0.6119803786277771
291,0.17046094833234196,0.6990624999999999,0.3274921683940496,0.15702997148036957,-0.3689812421798706,1.2145991325378418,0.5819474458694458,0.305757611989975,0.6108098030090332,0.07849665731191635,-0.2804425358772278,1.378442645072937,0.3503704071044922,0.4480416476726532,0.41605350375175476
292,5.440470402037116,0.883125,0.6674312281467457,0.0,0.0,0.7069491147994995,0.47672563791275024,0.48218461871147156,0.4739529490470886,0.0,0.0,1.2004742622375488,0.5772767066955566,0.3515394926071167,0.5897158980369568
293,6.122595223436728,0.8615625,-0.5087770734897284,0.10580596327781677,-0.2991742491722107,0.5608419179916382,0.4852701425552368,0.3302668333053589,0.46293291449546814,0.06253208220005035,-0.2671188414096832,0.6707163453102112,0.3592830300331116,0.3295919895172119,0.46020418405532837
294,0.06305293739667824,0.821875,0.7468521969137423,0.0,0.0,0.6764609813690186,0.46025049686431885,0.42663198709487915,0.5240423083305359,0.0,0.0,1.511155128479004,0.6010216474533081,0.39559465646743774,0.5511197447776794
295,0.11816726253042335,0.6128125,0.5105026297611731,0.1283026784658432,-0.32075586915016174,0.9016535878181458,0.6149687767028809,0.3493366241455078,0.5549613237380981,0.05865497142076492,-0.2923131585121155,0.7918697595596313,0.6678436398506165,0.32095029950141907,0.5881572961807251
296,0.06731133044205888,0.7603125000000001,0.731485283269724,0.0,0.0,0.8091373443603516,0.5006431937217712,0.320059597492218,0.5152227878570557,0.0,0.0,0.6423937082290649,0.3499107360839844,0.4042823016643524,0.46107086539268494
297,0.062452359909900265,0.5118750000000001,0.3937848250881312,0.12938764691352844,-0.329256534576416,0.6206533908843994,0.5170088410377502,0.3469845652580261,0.5592638850212097,0.0685601681470871,-0.27423039078712463,0.7612434029579163,0.5732975006103516,0.4247477948665619,0.5524521470069885
298,0.06933607116822639,0.6271875,0.4363659297514781,0.0,0.0,0.8992307782173157,0.40142107009887695,0.41134703159332275,0.45742106437683105,0.0,0.0,1.3160096406936646,0.6507151126861572,0.3012808859348297,0.5650957226753235
299,1.9068796394448253,0.7834375,0.38467485516629113,0.1730256825685501,-0.32929709553718567,0.9205645322799683,0.5988122224807739,0.3033170700073242,0.5352873206138611,0.06678187847137451,-0.3092626631259918,0.8758946657180786,0.600213885307312,0.37026822566986084,0.5478490591049194
300,0.05371127449323272,0.52875,0.5208540779670592,0.0,0.0,1.2555960416793823,0.6836426854133606,0.2265874147415161,0.6359212398529053,0.0,0.0,1.1290429830551147,0.32558220624923706,0.3914586901664734,0.43083667755126953
301,0.04251435442773411,0.7721875,0.6136838107295126,0.1687355637550354,-0.39868590235710144,0.9070289731025696,0.4187013804912567,0.34779536724090576,0.45121172070503235,0.0642734095454216,-0.4342379570007324,0.9077960848808289,0.4256424307823181,0.35349640250205994,0.480132520198822
302,61.451776664675776,0.74375,0.5255151074618325,0.0,0.0,0.7365792393684387,0.6271955966949463,0.39734166860580444,0.6154642105102539,0.0,0.0,0.7818503379821777,0.4226257801055908,0.3663553297519684,0.4711410403251648
303,0.8432776855446809,0.69875,-0.06131188744890814,0.14618708193302155,-0.2792350649833679,0.7029346227645874,0.40717098116874695,0.330183207988739,0.5343722105026245,0.05389644205570221,-0.27226322889328003,0.9602174758911133,0.5981447100639343,0.3754805624485016,0.5402437448501587
304,9126.094291627061,0.8546875,-0.41904582544498103,0.0,0.0,1.0606389045715332,0.32936131954193115,0.43787896633148193,0.5137583017349243,0.0,0.0,0.5791414976119995,0.39853787422180176,0.36493563652038574,0.47857511043548584
305,0.1311519964340052,0.8671875,0.5697988146192501,0.15882404148578644,-0.34720391035079956,0.9962193965911865,0.6660683155059814,0.4255249798297882,0.5896589756011963,0.047059908509254456,-0.22941052913665771,1.049588918685913,0.5829689502716064,0.40037500858306885,0.5243881940841675
306,0.14699595592575615,0.6699999999999999,0.5699510671408013,0.0,0.0,0.6465252041816711,0.4429559111595154,0.29358378052711487,0.4929477870464325,0.0,0.0,0.7086731195449829,0.5821397304534912,0.2925282120704651,0.5689809322357178
307,0.9504925464121255,0.671875,0.6090883421595349,0.1738981455564499,-0.27930358052253723,0.5729852914810181,0.48850899934768677,0.3633459210395813,0.5127093195915222,0.0655924454331398,-0.31461507081985474,1.392195701599121,0.48340025544166565,0.4140283465385437,0.4696165919303894
308,0.8558915447099545,0.7565625,0.2646293857962876,0.0,0.0,1.0738624334335327,0.351956844329834,0.45047444105148315,0.5344538688659668,0.0,0.0,1.6130273342132568,0.4283777177333832,0.4609101116657257,0.4515017569065094
309,0.03643029639443329,0.78625,0.6897864374647816,0.12273909896612167,-0.31317058205604553,1.056276559829712,0.365164577960968,0.3757861852645874,0.45910629630088806,0.0574345737695694,-0.3706602156162262,1.8099840879440308,0.6232874393463135,0.27296701073646545,0.5401173830032349
310,1.0667316766227994,0.61375,0.33727536136110947,0.0,0.0,0.7935627698898315,0.4077482223510742,0.36257559061050415,0.509981632232666,0.0,0.0,2.34425950050354,0.5320282578468323,0.21383461356163025,0.5068227052688599
311,0.8759022448850177,0.8256250000000002,0.61278705190804,0.18204234540462494,-0.34526485204696655,0.8702982068061829,0.668917179107666,0.377602219581604,0.572264552116394,0.06850456446409225,-0.21621958911418915,1.215118169784546,0.6219726800918579,0.2995142340660095,0.6084054112434387
312,0.030126212994529146,0.641875,0.6771016073978707,0.0,0.0,1.171191930770874,0.5264933705329895,0.23035922646522522,0.5795753598213196,0.0,0.0,0.9714987874031067,0.5471752285957336,0.2902929484844208,0.537725031375885
313,3.67918614757844,0.75,0.4262806785004637,0.1683417707681656,-0.281175434589386,0.756522536277771,0.458078533411026,0.37529367208480835,0.5316835641860962,0.06882317364215851,-0.26434242725372314,0.7386302351951599,0.587448000907898,0.38836562633514404,0.5748637914657593
314,0.23630811855887068,0.6946875,0.21743390054249162,0.0,0.0,0.6306450366973877,0.42299705743789673,0.4167695641517639,0.48447802662849426,0.0,0.0,0.8113279342651367,0.5906039476394653,0.29197919368743896,0.5849522948265076
315,2.8031667256841457,0.67875,0.15728409126643378,0.10754696279764175,-0.3558400273323059,0.752191424369812,0.4942457675933838,0.3322015702724457,0.5587602257728577,0.04650914669036865,-0.2791232466697693,1.569949984550476,0.6487805247306824,0.24753525853157043,0.5724796652793884
316,0.06626198730805766,0.6265625,0.5410337614521622,0.0,0.0,0.8338181972503662,0.3897467255592346,0.4632039964199066,0.47921988368034363,0.0,0.0,1.3011194467544556,0.34536683559417725,0.38305118680000305,0.4170111417770386
317,756.248326824535,0.7846875000000001,0.1988679639468572,0.17463169991970062,-0.3821335434913635,0.8269453048706055,0.6514689922332764,0.308336466550827,0.548321545124054,0.0451410710811615,-0.13785196840763092,0.8821285367012024,0.6125639081001282,0.30837875604629517,0.5064168572425842
318,0.35856357454377064,0.5346874999999999,0.12603479290917668,0.0,0.0,1.7191441059112549,0.667849600315094,0.26035967469215393,0.5941053032875061,0.0,0.0,1.5498408079147339,0.43724524974823,0.32780805230140686,0.41286277770996094
319,0.052881633512581704,0.5571875000000001,0.522253820859461,0.18169894814491272,-0.35272979736328125,1.2625253200531006,0.6608095169067383,0.33435940742492676,0.5914924144744873,0.062493156641721725,-0.29662376642227173,1.0773967504501343,0.37638312578201294,0.4590928554534912,0.45167338848114014
320,0.054698975986879526,0.7387499999999999,0.6522473669658229,0.0,0.0,1.4663050174713135,0.38640496134757996,0.45731401443481445,0.4329667091369629,0.0,0.0,1.2616336345672607,0.5548107028007507,0.4054855406284332,0.4860372543334961
321,0.3317265590224383,0.49093749999999997,0.4319820236717556,0.15304970741271973,-0.2850468158721924,0.7514111995697021,0.5288324356079102,0.359035849571228,0.5159509778022766,0.055252689868211746,-0.27107858657836914,0.897882878780365,0.3667449653148651,0.41759800910949707,0.47253841161727905
322,0.4045513553577932,0.775625,0.23900419356138186,0.0,0.0,0.7242295145988464,0.5337206721305847,0.403306782245636,0.5789260864257812,0.0,0.0,2.0635433197021484,0.3943898677825928,0.43934282660484314,0.43792101740837097
323,219.75824502050028,0.8612500000000001,0.40609352759965356,0.13639628887176514,-0.3750223219394684,1.2051399946212769,0.5723558664321899,0.339499294757843,0.5641314387321472,0.06818120181560516,-0.38591882586479187,0.5470784306526184,0.39354515075683594,0.3985133767127991,0.4553998112678528
324,0.07115370308994938,0.6025,0.5817527850858852,0.0,0.0,0.5620617270469666,0.5171165466308594,0.3639291822910309,0.4939151108264923,0.0,0.0,1.053098201751709,0.5185097455978394,0.3703130781650543,0.4615359306335449
325,0.2640871057889087,0.6840624999999999,0.5130316278928939,0.1694621592760086,-0.3167659640312195,0.8174476027488708,0.5679887533187866,0.3091718554496765,0.6403912901878357,0.10303765535354614,-0.3154562711715698,1.1194097995758057,0.6046240329742432,0.3242488503456116,0.5181121826171875
326,0.052320586736493244,0.6603125000000001,0.6521760133129313,0.0,0.0,0.6984628438949585,0.47896313667297363,0.3166561722755432,0.48353177309036255,0.0,0.0,0.9389827251434326,0.5188010334968567,0.3731175661087036,0.5416865348815918
327,0.07678572326162351,0.628125,0.4544764387526463,0.2367369681596756,-0.37810972332954407,0.8041607737541199,0.4362187683582306,0.44386184215545654,0.4834112226963043,0.07462850213050842,-0.2868802845478058,0.6486760973930359,0.520196795463562,0.3488169312477112,0.5210272073745728
328,3.147516986786507,0.640625,0.3107976104035689,0.0,0.0,0.8225975036621094,0.32693952322006226,0.39548206329345703,0.48240339756011963,0.0,0.0,0.7647188305854797,0.4519321918487549,0.39151638746261597,0.5076367855072021
329,167.9438937826463,0.9181249999999999,0.33785740050425833,0.1834290623664856,-0.29209524393081665,0.7318669557571411,0.4133974611759186,0.3287728428840637,0.5184669494628906,0.07200109958648682,-0.4020869731903076,1.2867927551269531,0.7346124053001404,0.3371869623661041,0.6200671792030334
330,0.09168100871949245,0.8168749999999999,0.7168524544712335,0.0,0.0,1.2641808986663818,0.598133385181427,0.36337006092071533,0.4685215651988983,0.0,0.0,2.967740774154663,0.7812206745147705,0.24252156913280487,0.5726317167282104
331,54.65514112944292,0.8871874999999999,0.08986148154908506,0.13261277973651886,-0.3529648184776306,0.8866602182388306,0.3920145034790039,0.38925430178642273,0.471321702003479,0.06270180642604828,-0.36742305755615234,0.6209681034088135,0.31543993949890137,0.37714529037475586,0.46408072113990784
332,2.285833796630887,0.6993750000000001,0.116181884468438,0.0,0.0,1.11223566532135,0.5829584002494812,0.30606067180633545,0.4855705201625824,0.0,0.0,1.155653953552246,0.5315561890602112,0.33034104108810425,0.5386311411857605
333,0.6086893084271341,0.7890625,0.38232164709853017,0.17538486421108246,-0.2613929510116577,0.84965580701828,0.6699994802474976,0.29439812898635864,0.593400239944458,0.0572223924100399,-0.2938551902770996,0.8491993546485901,0.43442079424858093,0.36247822642326355,0.539876401424408
334,0.1045322479418801,0.584375,0.5515414999556368,0.0,0.0,0.7765592336654663,0.5798385143280029,0.3185199797153473,0.5661588907241821,0.0,0.0,0.7496505975723267,0.4029732942581177,0.37986284494400024,0.43480831384658813
335,0.12535264333251447,0.8534375000000001,0.4604280707010374,0.22177132964134216,-0.29262393712997437,0.8130787014961243,0.40125566720962524,0.31185367703437805,0.5138834118843079,0.0736607238650322,-0.3457416892051697,1.274212121963501,0.44703447818756104,0.45006823539733887,0.4221138656139374
336,0.044405720382593016,0.7759375000000001,0.6879437074545701,0.0,0.0,0.8988210558891296,0.43861764669418335,0.3666587173938751,0.5370227694511414,0.0,0.0,1.4765936136245728,0.43000364303588867,0.470431923866272,0.45616409182548523
337,17.103690201650615,0.7459374999999999,0.32575990684965755,0.10811679810285568,-0.34067583084106445,0.8246039152145386,0.5896376371383667,0.34613925218582153,0.5925451517105103,0.11720571666955948,-0.37660732865333557,1.1811621189117432,0.42345309257507324,0.45079728960990906,0.4668760597705841
338,0.0987935365318405,0.811875,0.5219760916178859,0.0,0.0,0.6358938217163086,0.5041933059692383,0.35395491123199463,0.5231198668479919,0.0,0.0,0.8228106498718262,0.47538942098617554,0.3350510001182556,0.4754228889942169
339,0.15400947972054307,0.7596875000000001,0.4902887374927597,0.18678691983222961,-0.3423585295677185,1.5520893335342407,0.3029099702835083,0.44422855973243713,0.40342336893081665,0.0605902299284935,-0.22086192667484283,0.9429378509521484,0.6646465063095093,0.26075899600982666,0.5733045935630798
340,1.1019891096698864,0.7325,0.2938918456351818,0.0,0.0,0.969796895980835,0.6245311498641968,0.4261678457260132,0.5199804902076721,0.0,0.0,0.6512764692306519,0.525170087814331,0.4263046085834503,0.5193150043487549
341,0.4028989029142275,0.7759375000000001,0.18768260936431205,0.23609328269958496,-0.2916504740715027,0.7209668159484863,0.4438810348510742,0.360375314950943,0.4971708059310913,0.10626508295536041,-0.38578230142593384,1.0202949047088623,0.5868223309516907,0.32944047451019287,0.5786504149436951
342,6.225719746891359,0.5546875,-0.4464645121180336,0.0,0.0,0.8161417245864868,0.6698305010795593,0.3335922956466675,0.575455367565155,0.0,0.0,1.3386025428771973,0.6338047385215759,0.28881120681762695,0.5671088695526123
343,0.13201372994187915,0.6915625,0.4533250017505882,0.13758046925067902,-0.3809221684932709,1.0521843433380127,0.36794352531433105,0.3699844181537628,0.4789123237133026,0.0747971311211586,-0.2994348704814911,1.4608945846557617,0.5166223049163818,0.482584148645401,0.5288796424865723
344,0.5301861839330303,0.8003125000000001,0.3174212867034626,0.0,0.0,0.92686527967453,0.5219180583953857,0.4120691418647766,0.5375178456306458,0.0,0.0,0.8836153745651245,0.7282596826553345,0.2751108705997467,0.5763004422187805
345,1.200657041131007,0.66625,0.18784365505342712,0.10241243988275528,-0.40689387917518616,0.6992037296295166,0.45930784940719604,0.4051520824432373,0.4593815505504608,0.06738201528787613,-0.3115110397338867,0.6769578456878662,0.46317052841186523,0.3707476854324341,0.5011127591133118
346,83.6083714089489,0.7837500000000001,-0.4637366133546722,0.0,0.0,0.7382569909095764,0.4626643657684326,0.41068023443222046,0.5237568616867065,0.0,0.0,0.8506924510002136,0.5562577247619629,0.31447112560272217,0.5148141980171204
347,211.91050113518241,0.6912499999999999,-0.307220561047988,0.16259092092514038,-0.4164084792137146,1.2525134086608887,0.40228524804115295,0.4821017384529114,0.4903249442577362,0.11243275552988052,-0.2931169867515564,1.0421974658966064,0.5562366247177124,0.404567688703537,0.509385883808136
348,0.035550683128175754,0.6634375,0.625283324264531,0.0,0.0,1.1339222192764282,0.5761672854423523,0.28427618741989136,0.592642605304718,0.0,0.0,0.920917809009552,0.3852355182170868,0.30717605352401733,0.47926023602485657
349,0.19084076197306396,0.5096875,0.11520605978122811,0.15239283442497253,-0.41002485156059265,0.8204062581062317,0.42172786593437195,0.38301756978034973,0.4508495330810547,0.08828498423099518,-0.32072997093200684,0.6416300535202026,0.4462277889251709,0.32527685165405273,0.48888325691223145
350,0.16419615363554455,0.8262500000000002,0.3092916748040375,0.0,0.0,0.6157168745994568,0.4342007040977478,0.41898685693740845,0.4938734769821167,0.0,0.0,1.2247568368911743,0.7236252427101135,0.33523744344711304,0.6298283934593201
351,21.710052057835917,0.730625,0.17520942134553488,0.12810830771923065,-0.41742461919784546,0.6354254484176636,0.366005539894104,0.3827081322669983,0.454281747341156,0.054735567420721054,-0.3568745255470276,1.3443284034729004,0.40127378702163696,0.44978246092796326,0.47779378294944763
352,0.08342443304792027,0.6987499999999999,0.6460708768565311,0.0,0.0,1.0018869638442993,0.5813445448875427,0.3744303584098816,0.5432482361793518,0.0,0.0,0.9099857807159424,0.6130661964416504,0.3099314272403717,0.551179826259613
353,0.23331071248742008,0.591875,0.1347980178389393,0.1447795182466507,-0.4127926826477051,0.8945047855377197,0.4076841473579407,0.3703697919845581,0.5162663459777832,0.06488621234893799,-0.4026145935058594,0.9105562567710876,0.5350157618522644,0.3787992298603058,0.5106978416442871
354,1.4683800052858875,0.7056250000000001,0.27731672880721703,0.0,0.0,0.8677151203155518,0.5897485017776489,0.335202693939209,0.5711938738822937,0.0,0.0,1.711052417755127,0.5061181783676147,0.24272289872169495,0.5071487426757812
355,0.06810127026314007,0.7175,0.62899264745164,0.2063339352607727,-0.3664807379245758,0.6200398802757263,0.2773258090019226,0.3456055521965027,0.4299892485141754,0.08044291287660599,-0.27243712544441223,1.2872346639633179,0.6309113502502441,0.35926496982574463,0.585951030254364
356,0.1447173365959995,0.7309374999999999,0.5295802561029822,0.0,0.0,1.6853429079055786,0.5959633588790894,0.2883845269680023,0.6154361367225647,0.0,0.0,1.491528868675232,0.6021645069122314,0.34589165449142456,0.5496987104415894
357,0.056355582630868706,0.5549999999999999,0.38273987100907575,0.1197177842259407,-0.49287229776382446,0.6954825520515442,0.5584210157394409,0.38976815342903137,0.6104382276535034,0.059123359620571136,-0.26272183656692505,1.2265899181365967,0.45021623373031616,0.38230636715888977,0.5127834677696228
358,70.56361714530621,0.5587500000000001,0.413165768169673,0.0,0.0,0.9089264869689941,0.5728983879089355,0.441017746925354,0.5686200857162476,0.0,0.0,0.5838255882263184,0.5717667937278748,0.3178819417953491,0.5403818488121033
359,0.23442554736532378,0.7640625,0.3621393713098886,0.1264977902173996,-0.4585615396499634,1.3192036151885986,0.3923814296722412,0.34221500158309937,0.538650393486023,0.06260962039232254,-0.28806963562965393,1.308154821395874,0.46586596965789795,0.2641577124595642,0.48398131132125854
360,13.33323224839533,0.7753125000000001,0.30871392960401545,0.0,0.0,0.8270304799079895,0.3634091317653656,0.4361753761768341,0.4967835247516632,0.0,0.0,1.077522873878479,0.33250153064727783,0.3961119055747986,0.5250459313392639
361,0.04151747678668901,0.5821875000000001,0.5752883932821875,0.14144088327884674,-0.433402955532074,0.8041461110115051,0.5894078016281128,0.3131694197654724,0.5455216765403748,0.06631403416395187,-0.3261086344718933,1.169889211654663,0.5080909132957458,0.4324802756309509,0.4988158345222473
362,41.13169955512387,0.8728124999999999,0.22637523809417134,0.0,0.0,1.016579270362854,0.45611417293548584,0.39038634300231934,0.4402649402618408,0.0,0.0,1.5876970291137695,0.4320574402809143,0.44821369647979736,0.4390600323677063
363,5.5603234022756585,0.7546875,0.416970608848119,0.13814225792884827,-0.4891675114631653,1.2545385360717773,0.2612359821796417,0.49275684356689453,0.44251182675361633,0.050843704491853714,-0.3243454098701477,0.9326001405715942,0.49598994851112366,0.28448471426963806,0.4944535195827484
364,3.8144050429947662,0.6790625,0.26368237850682114,0.0,0.0,2.127525568008423,0.5297250747680664,0.16252480447292328,0.5038913488388062,0.0,0.0,1.0130689144134521,0.5386129021644592,0.36107927560806274,0.5313200950622559
365,0.1487674586106417,0.7915625,0.5178693184895655,0.11192392557859421,-0.43310660123825073,0.9218972325325012,0.4148011803627014,0.31367236375808716,0.5138671398162842,0.052548062056303024,-0.40884068608283997,1.1686323881149292,0.5371032953262329,0.458687961101532,0.5142127275466919
366,0.08723191596587467,0.6162500000000001,0.5292559562855681,0.0,0.0,0.897386372089386,0.3778339624404907,0.3196749687194824,0.4259283244609833,0.0,0.0,0.9541789889335632,0.7595404386520386,0.29865962266921997,0.5056288242340088
367,20.861956277650698,0.57875,0.18572275031954644,0.16544757783412933,-0.4044932723045349,0.8945857286453247,0.6542179584503174,0.3027799129486084,0.5648735165596008,0.05991746485233307,-0.3869825601577759,0.7300072908401489,0.513776421546936,0.3968614935874939,0.5957275032997131
368,0.6764245169966678,0.8721875000000001,0.3845213121423007,0.0,0.0,1.023048996925354,0.526721715927124,0.4286690950393677,0.5338006019592285,0.0,0.0,0.7722141146659851,0.45010560750961304,0.3964756727218628,0.4550585448741913
369,64.17495790982306,0.6553125,0.322723168495424,0.11006998270750046,-0.3400595784187317,0.6476572155952454,0.4262447953224182,0.3102319538593292,0.5067364573478699,0.10413937270641327,-0.2701326906681061,1.0892291069030762,0.5578986406326294,0.28576821088790894,0.5813866853713989
370,2.49843672736703,0.860625,0.10098220570620156,0.0,0.0,1.1429359912872314,0.34975019097328186,0.3522317707538605,0.43674471974372864,0.0,0.0,0.6520731449127197,0.5360496044158936,0.4355142116546631,0.4907199442386627
371,0.05252944127092925,0.7684374999999999,0.6375422287538178,0.18236775696277618,-0.33948814868927,0.8523464798927307,0.641202449798584,0.376625120639801,0.5814977884292603,0.09205392748117447,-0.375357985496521,1.2350542545318604,0.5391260981559753,0.33819580078125,0.54128497838974
372,0.10604361992917428,0.4103125,0.3263321305119383,0.0,0.0,0.9672908186912537,0.48579293489456177,0.34833937883377075,0.5062659382820129,0.0,0.0,0.9274962544441223,0.5095028281211853,0.4609389901161194,0.46510767936706543
373,3922.3318259107364,0.8453125,0.27788588013381904,0.1594160795211792,-0.2705376148223877,0.908143162727356,0.6588228344917297,0.2535173296928406,0.5692275166511536,0.05951780825853348,-0.3419231176376343,2.3021512031555176,0.9591907262802124,0.18572571873664856,0.6573771834373474
374,0.08105598320972744,0.34187500000000004,0.18642611995272296,0.0,0.0,1.7831093072891235,0.45045483112335205,0.45818743109703064,0.43145155906677246,0.0,0.0,1.0148591995239258,0.7365560531616211,0.2695349454879761,0.5633565187454224
375,0.11514769025208949,0.6303124999999999,0.43974395829746876,0.12063687294721603,-0.39262640476226807,0.9230061173439026,0.49596771597862244,0.26611554622650146,0.4826998710632324,0.13431696593761444,-0.34400099515914917,0.9834887385368347,0.5528969764709473,0.42698389291763306,0.5541953444480896
376,0.0573471963042498,0.7659375,0.6741677023613365,0.0,0.0,0.9139009118080139,0.3618242144584656,0.4098125696182251,0.4487251043319702,0.0,0.0,1.5760351419448853,0.40879756212234497,0.264841228723526,0.49676603078842163
377,0.12610437934003377,0.63125,0.3941539444438579,0.16232827305793762,-0.33568423986434937,1.0075762271881104,0.4857599437236786,0.2562851011753082,0.5286786556243896,0.07005477696657181,-0.3855615258216858,0.6657206416130066,0.3333464562892914,0.39615297317504883,0.41692399978637695
378,0.23246518298707636,0.6793750000000001,0.29569326500286813,0.0,0.0,0.7400469183921814,0.5953999757766724,0.3155330419540405,0.5468422770500183,0.0,0.0,0.8089672923088074,0.40243014693260193,0.4088774025440216,0.41548952460289
379,0.09473772850607257,0.5506249999999999,0.5110353966049119,0.1257612407207489,-0.4002992510795593,0.7512136101722717,0.49089622497558594,0.35745376348495483,0.4452240765094757,0.07753472775220871,-0.3543899655342102,1.269735336303711,0.7239797115325928,0.2759990096092224,0.6072850227355957
380,0.19326664909190833,0.7359375,0.3899499354753793,0.0,0.0,0.9017971158027649,0.553441047668457,0.3541925251483917,0.5954869389533997,0.0,0.0,0.5967841148376465,0.43140169978141785,0.3934735953807831,0.4310161769390106
381,2.7668023928038106,0.7834375,0.28696449893410036,0.1305846869945526,-0.32143843173980713,0.6776131987571716,0.5136512517929077,0.3089815080165863,0.5076520442962646,0.10630618035793304,-0.2994101047515869,0.8129411935806274,0.6330502033233643,0.28964677453041077,0.561504602432251
382,0.8327896318200384,0.7890625,0.4001783399625981,0.0,0.0,0.8043254017829895,0.5021051168441772,0.3706025779247284,0.5637245774269104,0.0,0.0,1.4852852821350098,0.4282950162887573,0.4043528437614441,0.45846027135849
383,0.8773127410674626,0.8115625000000002,0.36247100812220057,0.10655815899372101,-0.3764115571975708,0.7118170857429504,0.4629059135913849,0.334179550409317,0.48271793127059937,0.05856778472661972,-0.2650390565395355,0.5149611234664917,0.32093554735183716,0.3026663064956665,0.41510090231895447
384,1.4305103186889014,0.636875,0.18571520831685462,0.0,0.0,1.2636017799377441,0.4268614649772644,0.4794037342071533,0.44083794951438904,0.0,0.0,1.3745982646942139,0.4388318657875061,0.3454325795173645,0.5187383890151978
385,0.35156185292250786,0.7921875,0.3162459390201196,0.14382755756378174,-0.42411094903945923,0.6508926749229431,0.44541293382644653,0.3596515357494354,0.47713708877563477,0.07289359718561172,-0.25194036960601807,0.7774304747581482,0.565051257610321,0.3279474377632141,0.5443205237388611
386,0.171081962445919,0.6168750000000001,0.17905065137142548,0.0,0.0,1.2781752347946167,0.6723812222480774,0.2549913227558136,0.6285423040390015,0.0,0.0,0.8831861615180969,0.5495414733886719,0.370871901512146,0.5159964561462402
387,15.2707144548185,0.6596875,0.477535230648445,0.15639281272888184,-0.4127373695373535,0.7966293692588806,0.7718378305435181,0.3538193106651306,0.6236310601234436,0.07727905362844467,-0.28818121552467346,1.0163886547088623,0.4994935691356659,0.35197120904922485,0.5080941319465637
388,1808.474270830334,0.6768750000000001,0.26659242848662645,0.0,0.0,1.0448286533355713,0.6244983673095703,0.23374143242835999,0.5851237177848816,0.0,0.0,0.8115526437759399,0.41664785146713257,0.3628087341785431,0.5151503682136536
389,0.28931118583717313,0.6753125000000001,0.46642415831678347,0.09211841225624084,-0.39538711309432983,0.623187780380249,0.4727116525173187,0.34830719232559204,0.5465682148933411,0.07960040122270584,-0.35677802562713623,1.4496424198150635,0.2993456721305847,0.42769086360931396,0.4221903383731842
390,0.6777613879099537,0.6512499999999999,0.41897841527554147,0.0,0.0,1.2208771705627441,0.48136404156684875,0.34813591837882996,0.47677236795425415,0.0,0.0,1.8484400510787964,0.49888840317726135,0.25306105613708496,0.527655303478241
391,0.36233703969667663,0.5853125,0.23346026723573848,0.13029468059539795,-0.3895801305770874,0.604510486125946,0.42531752586364746,0.30617955327033997,0.48389115929603577,0.07647249102592468,-0.24974694848060608,0.8899832367897034,0.5483832955360413,0.28074783086776733,0.5676122903823853
392,53.63185221263708,0.778125,-0.2047721430339446,0.0,0.0,0.6581215262413025,0.5368548631668091,0.40472474694252014,0.5687447786331177,0.0,0.0,1.723726749420166,0.5475544929504395,0.21414421498775482,0.5390245914459229
393,15.996563711554874,0.7596874999999998,0.23742906058209182,0.12407514452934265,-0.45087194442749023,0.8611888885498047,0.37178242206573486,0.3944634795188904,0.41878148913383484,0.05894098058342934,-0.2987882196903229,1.2752567529678345,0.5729520320892334,0.29534032940864563,0.5220373868942261
394,214.86525810837566,0.5653124999999999,0.37421498754737276,0.0,0.0,1.0534107685089111,0.3604181110858917,0.37265563011169434,0.4356085956096649,0.0,0.0,0.6425238847732544,0.4431867003440857,0.41275855898857117,0.5131032466888428
395,19.02923173997305,0.7259375,0.23679107419155382,0.13580214977264404,-0.36379683017730713,0.7909490466117859,0.5552264451980591,0.3051251769065857,0.46996253728866577,0.05906509608030319,-0.3043466806411743,1.0447998046875,0.3697549104690552,0.378212571144104,0.46123865246772766
396,0.24657146713682257,0.7025,0.27815511736761006,0.0,0.0,0.5140599012374878,0.2955048084259033,0.2943093180656433,0.40441855788230896,0.0,0.0,1.7625045776367188,0.4739128053188324,0.42060554027557373,0.5305378437042236
397,11.915372800612769,0.781875,0.3395686822273828,0.11743699759244919,-0.4376230537891388,0.9456660151481628,0.39140766859054565,0.3549646735191345,0.44996610283851624,0.09209973365068436,-0.2371053695678711,0.7669571042060852,0.45411813259124756,0.2957102358341217,0.4732477366924286
398,0.604763696348286,0.651875,0.15771668434175776,0.0,0.0,1.0537599325180054,0.6588311195373535,0.3596607446670532,0.6339884400367737,0.0,0.0,0.8945446610450745,0.5072650909423828,0.30137163400650024,0.5190567374229431
399,5608.735222019525,0.8081250000000001,-0.10841918929154548,0.11304865032434464,-0.41390466690063477,1.4674314260482788,0.623953104019165,0.21512700617313385,0.5741115212440491,0.051511283963918686,-0.23406235873699188,1.5260491371154785,0.4538833498954773,0.36693668365478516,0.5244240164756775
400,2.5526452494059564,0.8609375,0.26718213374275057,0.0,0.0,0.8893452882766724,0.5682564973831177,0.33527901768684387,0.5681979060173035,0.0,0.0,0.8253129124641418,0.578845739364624,0.3319800794124603,0.5081034898757935
401,0.05209416995596118,0.561875,0.6091502043696769,0.10722149908542633,-0.4461919069290161,0.8956688046455383,0.49073097109794617,0.3847501873970032,0.49396443367004395,0.06495645642280579,-0.38092485070228577,0.6597625613212585,0.40862399339675903,0.3790995478630066,0.4768047332763672
402,0.10136518696835384,0.3440625,0.2102347694697663,0.0,0.0,0.862007737159729,0.6077955365180969,0.3344660997390747,0.4898149073123932,0.0,0.0,1.0165983438491821,0.6905406713485718,0.3477061092853546,0.5975829362869263
403,0.9742537282433466,0.7837500000000001,0.32881787681791663,0.14517046511173248,-0.3849092125892639,0.9564360976219177,0.5181625485420227,0.3012942671775818,0.5093939304351807,0.061100199818611145,-0.4426646828651428,0.6965045928955078,0.47271883487701416,0.3355937898159027,0.46374887228012085
404,0.04088760597049547,0.59375,0.5951176533887639,0.0,0.0,0.839442253112793,0.6927827000617981,0.29899081587791443,0.6283089518547058,0.0,0.0,0.8419834971427917,0.5282179713249207,0.27400362491607666,0.5082998871803284
405,0.3466329978203867,0.70125,0.37352715183420787,0.12461341917514801,-0.394048273563385,0.9869409799575806,0.5233539342880249,0.34630805253982544,0.5363903045654297,0.06491618603467941,-0.2729361355304718,0.9994326829910278,0.46185022592544556,0.3041049838066101,0.5440356731414795
406,0.19742574344339137,0.7990625,0.7321606818693391,0.0,0.0,0.6487306952476501,0.56001216173172,0.2326924353837967,0.5402130484580994,0.0,0.0,0.9826846122741699,0.4437105059623718,0.44403231143951416,0.4750337302684784
407,41.51962146988389,0.6490625,0.06151475903993654,0.10161931812763214,-0.30797356367111206,0.7795661091804504,0.43465012311935425,0.2734593152999878,0.5173795223236084,0.033117685467004776,-0.3712608218193054,0.9055789113044739,0.5718269348144531,0.4546355903148651,0.4929800033569336
408,0.10273566638690783,0.8125,0.4697938945223082,0.0,0.0,0.9208047389984131,0.5871925950050354,0.32652682065963745,0.6013895273208618,0.0,0.0,0.7737981081008911,0.4368935823440552,0.35206741094589233,0.4875825047492981
409,0.6364273092798571,0.6390625,0.18317290587361326,0.13103003799915314,-0.32238292694091797,0.7029997706413269,0.5408149361610413,0.25818949937820435,0.48798662424087524,0.08985047042369843,-0.3196691870689392,0.7230240702629089,0.34784987568855286,0.3528881072998047,0.4222277104854584
410,0.0531082437669659,0.7165625,0.6803885770482297,0.0,0.0,1.0012762546539307,0.6117194294929504,0.30406853556632996,0.525050938129425,0.0,0.0,1.0600297451019287,0.5632174015045166,0.2714700996875763,0.5067048668861389
411,1.2579223381217788,0.7865624999999999,0.07089695171161421,0.10334417223930359,-0.31901946663856506,1.452738642692566,0.6508561372756958,0.34766581654548645,0.5130979418754578,0.04607358202338219,-0.32563287019729614,1.0375781059265137,0.40843915939331055,0.3913815915584564,0.44647493958473206
412,0.13024798945315155,0.7456250000000001,0.2756123263492167,0.0,0.0,1.0352863073349,0.47532421350479126,0.30640000104904175,0.4601738750934601,0.0,0.0,1.468823790550232,0.43180596828460693,0.4932556450366974,0.46581628918647766
413,49.25964358453672,0.8271875,0.2026688854130731,0.1166919469833374,-0.36651670932769775,1.4214202165603638,0.5482449531555176,0.38936612010002136,0.5464826822280884,0.060774482786655426,-0.3394516408443451,1.1978858709335327,0.8098569512367249,0.37841713428497314,0.5868157744407654
414,0.27667374741635004,0.7684375,0.6760660667084911,0.0,0.0,1.2589119672775269,0.45281410217285156,0.388885498046875,0.484660267829895,0.0,0.0,1.1159034967422485,0.42694997787475586,0.2867527902126312,0.49303287267684937
415,0.5832872834503142,0.6368750000000001,0.553491874971278,0.09791567921638489,-0.47289136052131653,0.8836588263511658,0.5413913726806641,0.3869306743144989,0.46749043464660645,0.04283434897661209,-0.4006045162677765,0.6709699630737305,0.36965280771255493,0.3817457854747772,0.4072329103946686
416,1298.4377098793962,0.7590625,-0.41395231449213143,0.0,0.0,0.7111303806304932,0.4337705373764038,0.3245292007923126,0.562726616859436,0.0,0.0,0.6445298194885254,0.42078718543052673,0.37664154171943665,0.48886287212371826
417,0.5021313303260876,0.4409375,0.1499091940786083,0.08596660941839218,-0.3752440810203552,1.6274210214614868,0.5426595211029053,0.46204257011413574,0.4590927064418793,0.05710286274552345,-0.4559970200061798,1.0104081630706787,0.4528942108154297,0.34850865602493286,0.44724783301353455
418,0.22034264434152656,0.7178125,0.4095344864741575,0.0,0.0,0.7028801441192627,0.47305840253829956,0.36142176389694214,0.4784264862537384,0.0,0.0,0.7369483709335327,0.5354126691818237,0.34622156620025635,0.47778645157814026
419,11.942469417127331,0.6096874999999999,-0.3749675020872831,0.09329048544168472,-0.3822963237762451,0.9051714539527893,0.4457018971443176,0.3833359181880951,0.495197057723999,0.06307002902030945,-0.4560750722885132,0.5727090239524841,0.3986159861087799,0.36338692903518677,0.49654683470726013
420,0.10411155662949101,0.68,0.46732995311739184,0.0,0.0,0.8780673742294312,0.5359002351760864,0.3765455186367035,0.49639415740966797,0.0,0.0,1.0653529167175293,0.4272230267524719,0.3554862141609192,0.5217068791389465
421,1412.4878800435533,0.6287499999999999,-0.03574352095289199,0.12832416594028473,-0.4906465411186218,0.8263659477233887,0.6285345554351807,0.3525802791118622,0.5976829528808594,0.06438963860273361,-0.3579130470752716,0.8005925416946411,0.5380207300186157,0.3689776659011841,0.5369468331336975
422,6.134554968965035,0.7184375,0.05088020427413322,0.0,0.0,1.2219393253326416,0.5372942686080933,0.355366051197052,0.5271638035774231,0.0,0.0,1.3373011350631714,0.4721744954586029,0.2663528323173523,0.518398642539978
423,1.1498274762244522,0.7684374999999999,0.2027969947220118,0.09553267806768417,-0.5400115251541138,0.6462434530258179,0.3242951035499573,0.44635090231895447,0.4158453345298767,0.07847439497709274,-0.44569680094718933,1.0065298080444336,0.4273042380809784,0.4526722729206085,0.41525503993034363
424,0.05703502847716285,0.7284375000000001,0.579321190105681,0.0,0.0,0.865405261516571,0.5814123153686523,0.4204820394515991,0.5509622097015381,0.0,0.0,1.5242247581481934,0.5875023007392883,0.259279727935791,0.6023589372634888
425,1.6265182984692355,0.67125,0.20250279614359892,0.1050884872674942,-0.5014574527740479,1.2990649938583374,0.4508090019226074,0.31603431701660156,0.483903169631958,0.07258336246013641,-0.3662567734718323,2.0896716117858887,0.9418721199035645,0.2682338058948517,0.7589501738548279
426,0.36637449407704903,0.4859375,0.11720769236290592,0.0,0.0,1.1646329164505005,0.7648026347160339,0.3643415570259094,0.6291540265083313,0.0,0.0,1.2677208185195923,0.4629116654396057,0.3715492784976959,0.4909689128398895
427,0.14241325939834898,0.6153124999999999,0.4963486983770469,0.15431423485279083,-0.4483082890510559,0.7648195028305054,0.3733718693256378,0.43715524673461914,0.36483076214790344,0.09968123584985733,-0.3638065457344055,0.7855909466743469,0.5138595700263977,0.33179381489753723,0.4909231960773468
428,0.7623342497781112,0.8634374999999999,0.356061171952861,0.0,0.0,1.4021741151809692,0.7039228081703186,0.2804245352745056,0.6112765073776245,0.0,0.0,1.327226996421814,0.29999271035194397,0.47911974787712097,0.3769081234931946
429,0.657522771708415,0.60875,0.3454906335730349,0.11779607832431793,-0.47860080003738403,1.1757217645645142,0.4980533719062805,0.3076493740081787,0.4379488229751587,0.0461781807243824,-0.3774411082267761,0.9673045873641968,0.6487256288528442,0.362485408782959,0.5454025864601135
430,7249.843725192848,0.5915625,-0.3951574002770874,0.0,0.0,0.9812901020050049,0.4582207202911377,0.27100619673728943,0.550107479095459,0.0,0.0,1.052474856376648,0.5167820453643799,0.41470956802368164,0.4680411219596863
431,0.20956360805264462,0.658125,0.3425836833150448,0.12757092714309692,-0.5341338515281677,1.5023852586746216,0.5132242441177368,0.3297668695449829,0.5596379041671753,0.060225144028663635,-0.4415810704231262,0.9194764494895935,0.42716196179389954,0.3987976908683777,0.5137642025947571
432,12.576367354052977,0.59,-0.008316993691609709,0.0,0.0,0.8038114309310913,0.3850559890270233,0.38597679138183594,0.41513076424598694,0.0,0.0,2.4094796180725098,0.5836540460586548,0.30409571528434753,0.5138027667999268
433,4.522673099667258,0.8934374999999999,0.5116909212040404,0.14776262640953064,-0.49057522416114807,0.7501034736633301,0.5117767453193665,0.3440767526626587,0.5158066153526306,0.0652560293674469,-0.2959124445915222,1.3710168600082397,1.4004004001617432,0.22319427132606506,0.8171265125274658
434,4.101313130703191,0.7371874999999999,-0.20675579349353015,0.0,0.0,0.8650042414665222,0.3083523213863373,0.4130905866622925,0.38594526052474976,0.0,0.0,1.7197434902191162,0.3884895443916321,0.4106442928314209,0.4441238045692444
435,39.817224050924764,0.748125,0.22941682298501492,0.11924785375595093,-0.37225377559661865,1.0623323917388916,0.5650014877319336,0.3466378450393677,0.49433964490890503,0.06779279559850693,-0.28249046206474304,0.8296678066253662,0.575878381729126,0.3072877526283264,0.4853054881095886
436,0.10269956412369492,0.7815624999999999,0.4667575294318621,0.0,0.0,0.940303385257721,0.8718298077583313,0.34838610887527466,0.6541487574577332,0.0,0.0,2.106966733932495,0.3955300748348236,0.4513362646102905,0.3876793682575226
437,0.5130672174915326,0.8568749999999999,0.26401828381238934,0.09638088196516037,-0.43421563506126404,2.1285512447357178,0.7558586001396179,0.4131819009780884,0.6157842874526978,0.05159798637032509,-0.3878592848777771,0.9643670916557312,0.4940953254699707,0.3662305176258087,0.4650546610355377
438,6.826972324155447,0.5778125,-0.3552240233884579,0.0,0.0,0.8463403582572937,0.5209159851074219,0.3263033330440521,0.5414354205131531,0.0,0.0,1.3752005100250244,0.4894067049026489,0.42938995361328125,0.500792920589447
439,0.0486639271963578,0.5928125,0.5777900033237152,0.12140073627233505,-0.534268856048584,2.445425033569336,0.5651125907897949,0.5451138019561768,0.48659107089042664,0.050764262676239014,-0.41181880235671997,0.8506403565406799,0.580247163772583,0.30556896328926086,0.6063912510871887
440,3.4446187109879247,0.6378125,-0.3975926728652948,0.0,0.0,0.755487322807312,0.5645131468772888,0.30826592445373535,0.6183667182922363,0.0,0.0,1.1699110269546509,0.5914016962051392,0.30358296632766724,0.6042539477348328
441,0.0485599130084942,0.7224999999999999,0.6561778614037926,0.16357974708080292,-0.411226749420166,0.8322217464447021,0.4405375123023987,0.2965453267097473,0.4477308392524719,0.04949578270316124,-0.4566814601421356,0.4827340245246887,0.36603641510009766,0.38653403520584106,0.4432023763656616
442,0.9317776733276638,0.5721875000000001,0.23748259058138582,0.0,0.0,0.9391791820526123,0.6341572999954224,0.3175092935562134,0.5572206974029541,0.0,0.0,0.7266075015068054,0.42932093143463135,0.40875715017318726,0.4337957799434662
443,0.04051658878770657,0.7096874999999999,0.6499523596466564,0.17146730422973633,-0.40759262442588806,0.6674257516860962,0.5018801689147949,0.30003851652145386,0.47956565022468567,0.05498335137963295,-0.31975317001342773,1.2368378639221191,0.9130564332008362,0.2654884159564972,0.6661741733551025
444,1.7854647435918563,0.516875,-0.016064037185963043,0.0,0.0,1.2444243431091309,0.5558485984802246,0.29381659626960754,0.5505557656288147,0.0,0.0,0.8933117389678955,0.5410380363464355,0.36559438705444336,0.5539859533309937
445,0.1812094455610668,0.8090624999999999,0.4500073522309783,0.15115666389465332,-0.4963093400001526,1.2696776390075684,0.7178494930267334,0.3080872893333435,0.60383141040802,0.05017463117837906,-0.3874955177307129,1.3848384618759155,0.5533086657524109,0.4052746891975403,0.49532434344291687
446,0.0513065773229389,0.6703125,0.6621826453383931,0.0,0.0,1.3872017860412598,0.47283172607421875,0.21671372652053833,0.48581206798553467,0.0,0.0,1.2359689474105835,0.5382280349731445,0.43800485134124756,0.511437714099884
447,23.660554704473526,0.735625,0.14077683249156697,0.15973423421382904,-0.47031375765800476,1.107198715209961,0.43380850553512573,0.45290201902389526,0.47273939847946167,0.06423897296190262,-0.4185609221458435,1.012576937675476,0.5700334906578064,0.3344392776489258,0.5154150128364563
448,0.12139536149303538,0.5818749999999999,0.5237628348324034,0.0,0.0,0.9317960739135742,0.6143237352371216,0.28466349840164185,0.6073578000068665,0.0,0.0,0.9802539944648743,0.584122896194458,0.3613724708557129,0.4783514738082886
449,0.4175668837177164,0.595,0.39341938171725377,0.11800257861614227,-0.4578199088573456,1.332803726196289,0.567294716835022,0.27812182903289795,0.5494489669799805,0.06627548485994339,-0.34322816133499146,1.816251277923584,0.4876474440097809,0.22786539793014526,0.4974154531955719
450,140.97288160135363,0.6078125,0.1395226823638805,0.0,0.0,0.8262931108474731,0.5853897929191589,0.33062541484832764,0.5191349983215332,0.0,0.0,0.7019048929214478,0.5529271960258484,0.4064977765083313,0.5519739985466003
451,226.6309589072962,0.7675,0.20316887872410955,0.09366364777088165,-0.45083901286125183,0.8365928530693054,0.5070271492004395,0.38109472393989563,0.42745375633239746,0.04001682624220848,-0.4510803818702698,1.3688042163848877,0.6317166090011597,0.32090431451797485,0.5703542232513428
452,0.05610232644587958,0.71,0.5450743133423233,0.0,0.0,1.074939250946045,0.5145567059516907,0.3292989730834961,0.44715026021003723,0.0,0.0,0.7726494669914246,0.45142748951911926,0.31240952014923096,0.49815720319747925
453,0.17934022906363614,0.6453125,0.24148551974446947,0.12370031327009201,-0.40061038732528687,0.7301080226898193,0.3763224482536316,0.35915955901145935,0.4459618628025055,0.0667002871632576,-0.4170837998390198,1.2667503356933594,0.43123430013656616,0.42323389649391174,0.5153434872627258
454,390.92311148868976,0.7918749999999999,-0.04668500267529514,0.0,0.0,0.6449992060661316,0.44547903537750244,0.2427719682455063,0.5345714688301086,0.0,0.0,0.8644646406173706,0.4064576029777527,0.3618161082267761,0.48871272802352905
455,0.3980859536368718,0.5515625,0.19200411670818723,0.19992345571517944,-0.47694727778434753,0.6664585471153259,0.42270955443382263,0.3364819884300232,0.5048118829727173,0.08846531808376312,-0.4455837607383728,1.8906320333480835,0.6381760835647583,0.472668319940567,0.5534201860427856
456,0.25029680889530537,0.7840624999999999,0.5073027698246838,0.0,0.0,0.7497466802597046,0.6371185779571533,0.29223769903182983,0.5407370328903198,0.0,0.0,1.193490743637085,0.39249587059020996,0.4007924795150757,0.5444608330726624
457,2.8947324811672286,0.675,0.33070563642717454,0.08601681888103485,-0.526710569858551,1.1550348997116089,0.5688015222549438,0.33355945348739624,0.5447783470153809,0.04444929584860802,-0.5162222385406494,1.4154503345489502,0.5031695365905762,0.3050013780593872,0.5097848773002625
458,0.3943072310538199,0.690625,0.4981580086011734,0.0,0.0,0.9750290513038635,0.5486382246017456,0.3051847219467163,0.5418370366096497,0.0,0.0,0.963788628578186,0.5232826471328735,0.37556490302085876,0.561809778213501
459,0.46090494286315326,0.6240625,0.12404032629199462,0.1300528347492218,-0.3535860776901245,0.8569746017456055,0.5299153327941895,0.3263636827468872,0.48225441575050354,0.06317270547151566,-0.42592278122901917,0.693761944770813,0.37873607873916626,0.39950430393218994,0.4665675461292267
460,0.2938629935690654,0.8109375,0.5776529444841515,0.0,0.0,0.9521715641021729,0.597396194934845,0.3862214684486389,0.5442807674407959,0.0,0.0,2.262066602706909,0.5124940872192383,0.23908397555351257,0.5094926357269287
461,0.0859642916027396,0.48375,0.2779066490476425,0.15181365609169006,-0.4639412760734558,0.7835031151771545,0.6677917242050171,0.3151274025440216,0.5734850168228149,0.057132795453071594,-0.3966730237007141,0.8021090626716614,0.535645604133606,0.3608502745628357,0.5134570598602295
462,15.241482463481466,0.6628125,0.20639490187639006,0.0,0.0,1.2914543151855469,0.6855740547180176,0.27606144547462463,0.6280242204666138,0.0,0.0,1.5024610757827759,0.8276706337928772,0.271488755941391,0.6659531593322754
463,0.06185634811065734,0.7621875000000001,0.5671711258139344,0.1084791049361229,-0.38029205799102783,0.9650723934173584,0.561130166053772,0.3090171813964844,0.5168316960334778,0.11027049273252487,-0.3590867221355438,0.8727754950523376,0.5123190879821777,0.31514620780944824,0.48987525701522827
464,5.992960852396429,0.8628125000000001,0.2861896359469217,0.0,0.0,0.7578163146972656,0.6553733348846436,0.2949894368648529,0.6170539855957031,0.0,0.0,1.0655733346939087,0.39588463306427,0.3000354766845703,0.54243004322052
465,0.07532744036782976,0.733125,0.44488035797229203,0.1449899822473526,-0.4742283821105957,0.9053225517272949,0.7329714894294739,0.3243076503276825,0.5907227396965027,0.11046787351369858,-0.425890177488327,0.7466868162155151,0.5105656385421753,0.3639832139015198,0.4642941951751709
466,0.15913903871990054,0.6221875,0.3050985497100515,0.0,0.0,0.7674577236175537,0.4929986894130707,0.33135247230529785,0.47448697686195374,0.0,0.0,1.0334300994873047,0.7999435663223267,0.36959120631217957,0.6693833470344543
467,0.7703831545452052,0.9315625000000001,0.47646746963418096,0.146239772439003,-0.3695104420185089,1.432520866394043,0.782997727394104,0.34667688608169556,0.5898324847221375,0.07131829112768173,-0.3273076117038727,1.4283545017242432,0.600066065788269,0.3554002046585083,0.5365330576896667
468,4.244284138500966,0.7925000000000001,0.3637602212680388,0.0,0.0,1.399593472480774,0.4273371696472168,0.35791459679603577,0.39715442061424255,0.0,0.0,0.6818529367446899,0.45633989572525024,0.3455592691898346,0.4546052813529968
469,1.8650352487412634,0.7034374999999999,0.26527274219759256,0.12365733087062836,-0.5057733058929443,0.8572137951850891,0.6072442531585693,0.39623427391052246,0.5442428588867188,0.05959213897585869,-0.37665531039237976,1.032769799232483,0.6999718546867371,0.2899298667907715,0.5806552767753601
470,0.1934934791187048,0.7640625,0.29838481484707957,0.0,0.0,0.6628825068473816,0.4602307677268982,0.3336748778820038,0.5465188026428223,0.0,0.0,2.1099905967712402,0.4874649941921234,0.4306548237800598,0.5084950923919678
471,1.664811870163818,0.48062499999999997,0.37945390528397505,0.13449837267398834,-0.4320105314254761,0.5958577394485474,0.35957005620002747,0.3561403155326843,0.37898868322372437,0.07298771291971207,-0.3622626066207886,1.303788661956787,0.582430362701416,0.2461203932762146,0.5230330228805542
472,0.38684401820419956,0.79125,0.62680685234148,0.0,0.0,0.8949270844459534,0.750067412853241,0.34047698974609375,0.6420466899871826,0.0,0.0,1.0153453350067139,0.656562089920044,0.30305054783821106,0.49038389325141907
473,0.6731416134861241,0.67125,0.15065017709199768,0.13253606855869293,-0.5095025300979614,1.6191933155059814,0.7017422914505005,0.3220885694026947,0.6198708415031433,0.14560867846012115,-0.45101118087768555,1.168850302696228,0.6361385583877563,0.3855915069580078,0.5554054975509644
474,0.38136822798795106,0.593125,0.20459165797335413,0.0,0.0,1.0699855089187622,0.5359772443771362,0.3680378496646881,0.5666149854660034,0.0,0.0,0.9185448884963989,0.6384543180465698,0.3525046408176422,0.5356329679489136
475,11.222253539690229,0.5715625,0.27728033156428605,0.08840441703796387,-0.4860260486602783,0.9005734920501709,0.28134259581565857,0.3277324438095093,0.3652479350566864,0.06330794095993042,-0.3921169638633728,0.7424989342689514,0.511799156665802,0.36845773458480835,0.4805276095867157
476,1.9402580703527348,0.8975,0.3852483146493476,0.0,0.0,1.0365232229232788,0.5100528001785278,0.3367726802825928,0.49109750986099243,0.0,0.0,1.5375308990478516,0.5720345973968506,0.4144365191459656,0.5293341279029846
477,0.2703287421392602,0.739375,0.2750172716870856,0.12349025160074234,-0.584858775138855,1.2537630796432495,0.5670157670974731,0.2962799072265625,0.5647059082984924,0.10115813463926315,-0.3984946608543396,0.8966898918151855,0.4577774405479431,0.3671894669532776,0.5465932488441467
478,0.2415850932004613,0.6859375000000001,0.5105652513946135,0.0,0.0,0.9612079858779907,0.39135971665382385,0.3193565607070923,0.39868277311325073,0.0,0.0,0.7380380630493164,0.41720306873321533,0.3742172122001648,0.48360705375671387
479,26.78835598338219,0.68125,-0.08980896295042605,0.1238408014178276,-0.655738353729248,1.2439196109771729,0.6287086009979248,0.3672826588153839,0.547217845916748,0.0728735700249672,-0.4745981693267822,1.6317481994628906,0.3769592046737671,0.4869942367076874,0.38267043232917786
480,0.07731347782066467,0.31062500000000004,0.3073873767722691,0.0,0.0,0.8168990015983582,0.706571102142334,0.314090758562088,0.5933752059936523,0.0,0.0,1.0824923515319824,0.3695620894432068,0.3278610408306122,0.5170543193817139
481,0.3833056713846402,0.5962500000000001,0.37026885669442583,0.1180025115609169,-0.537551760673523,0.7572420239448547,0.38807931542396545,0.4146079123020172,0.46019482612609863,0.07993272691965103,-0.40862828493118286,0.6405718922615051,0.37074175477027893,0.35878920555114746,0.48269325494766235
482,79.35757782308562,0.9228125,0.45563171929779733,0.0,0.0,0.9192895293235779,0.49306613206863403,0.38363009691238403,0.47087496519088745,0.0,0.0,0.9193246364593506,0.33702152967453003,0.3411020040512085,0.4288557469844818
483,0.09236624008347678,0.7431249999999999,0.6301644772592018,0.09011948108673096,-0.48814183473587036,0.5959352850914001,0.4749516248703003,0.3788425326347351,0.5131917595863342,0.06644269078969955,-0.3961326777935028,2.0634562969207764,0.7170020341873169,0.26568692922592163,0.5969473719596863
484,0.7369590702656238,0.7321875,0.28244963654927513,0.0,0.0,0.9516295194625854,0.6765124201774597,0.29549819231033325,0.5393037796020508,0.0,0.0,1.0561730861663818,0.6824065446853638,0.38060542941093445,0.5913619995117188
485,0.3378821149160651,0.639375,0.29973619409624214,0.11444796621799469,-0.5224173069000244,1.2587231397628784,0.45604050159454346,0.35663121938705444,0.5668525099754333,0.05898982658982277,-0.4061533510684967,0.8495626449584961,0.6140093803405762,0.3816046714782715,0.5420156121253967
486,73.568397977155,0.5171875,-0.7701059149971303,0.0,0.0,0.9982908964157104,0.5469988584518433,0.25042903423309326,0.5019108653068542,0.0,0.0,1.511279582977295,0.7249592542648315,0.29000604152679443,0.6185080409049988
487,0.1285377577362506,0.741875,0.44646653423854554,0.1506866067647934,-0.5236424803733826,0.9842654466629028,0.536615788936615,0.2968349754810333,0.4705897271633148,0.05893776938319206,-0.3583265542984009,0.9953407645225525,0.5702716112136841,0.24909383058547974,0.5732024908065796
488,0.2401870949988178,0.608125,0.29187755632922585,0.0,0.0,0.6987287998199463,0.5921546816825867,0.29973235726356506,0.5268217325210571,0.0,0.0,0.8443564176559448,0.5583224296569824,0.36946964263916016,0.4586338996887207
489,0.0633747513460299,0.5484375,0.4600990463262439,0.09565103054046631,-0.5421431064605713,1.0427894592285156,0.7125376462936401,0.3469389081001282,0.5462934374809265,0.13206696510314941,-0.42639729380607605,0.7565525770187378,0.4611267149448395,0.3314266800880432,0.5414597988128662
490,0.08614731209691298,0.8556249999999999,0.7135095818659627,0.0,0.0,1.3301959037780762,0.7502672672271729,0.24378950893878937,0.574550986289978,0.0,0.0,0.9657006859779358,0.4342244863510132,0.4714643955230713,0.5023631453514099
491,1.8338005585003407,0.5331250000000001,0.2314806177341903,0.07092133164405823,-0.4741256535053253,1.1852855682373047,0.4086911678314209,0.3480600118637085,0.4418819546699524,0.06715665757656097,-0.3352906107902527,0.7280155420303345,0.49985644221305847,0.3213654160499573,0.4922037124633789
492,624.9762740887112,0.709375,-0.2305467263794531,0.0,0.0,1.9406089782714844,0.46800288558006287,0.3937031924724579,0.42801594734191895,0.0,0.0,0.7739988565444946,0.748810887336731,0.3697468042373657,0.5030609965324402
493,0.2614021561491441,0.6246875000000001,0.3315843654849462,0.10833064466714859,-0.4676176607608795,2.373000144958496,0.36923766136169434,0.464438259601593,0.396048367023468,0.057368140667676926,-0.41457176208496094,0.7497987747192383,0.520653486251831,0.30533453822135925,0.4659336805343628
494,0.10081160724134124,0.62625,0.31828658577445024,0.0,0.0,0.6627600193023682,0.3905150890350342,0.3559105396270752,0.4440649151802063,0.0,0.0,1.6104058027267456,0.3725811839103699,0.41373032331466675,0.42808645963668823
495,0.10215486683231607,0.8490624999999999,0.6111312625293321,0.11067981272935867,-0.40178102254867554,0.76861572265625,0.4505148231983185,0.3305240869522095,0.49036964774131775,0.1352306604385376,-0.3378678560256958,1.2784998416900635,0.6437469720840454,0.24468198418617249,0.5413923263549805
496,0.06036858635027279,0.63375,0.6050386976989166,0.0,0.0,2.602736234664917,0.5625652074813843,0.47301143407821655,0.4707714319229126,0.0,0.0,0.9007076025009155,0.4931025207042694,0.36475637555122375,0.5084956288337708
497,0.33780865090476264,0.6209375,0.18312785428227185,0.12843425571918488,-0.46482813358306885,0.6617125868797302,0.4304772615432739,0.3126506209373474,0.47251802682876587,0.08324392884969711,-0.3675284683704376,0.9208889603614807,0.4944228231906891,0.31686341762542725,0.4370843768119812
498,0.03892211234513903,0.6581250000000001,0.6203866415086207,0.0,0.0,0.9910280108451843,0.34514665603637695,0.3140779137611389,0.4744320511817932,0.0,0.0,0.9302777051925659,0.5603184700012207,0.42720282077789307,0.46043992042541504
499,1.8913964774566765,0.689375,-0.4863135103799909,0.15868869423866272,-0.43581607937812805,1.1106891632080078,0.43065863847732544,0.41124215722084045,0.4220864176750183,0.07265623658895493,-0.443271279335022,0.7910789847373962,0.5091069936752319,0.3039259612560272,0.5266766548156738
500,0.061831313953383905,0.6356249999999999,0.38752209847224284,0.0,0.0,0.7792423963546753,0.44012653827667236,0.4368489980697632,0.5032143592834473,0.0,0.0,1.3115196228027344,0.6192519664764404,0.35947179794311523,0.5276840925216675
501,0.05732209425735633,0.7128125000000001,0.7501949410675927,0.09454116225242615,-0.5218753218650818,2.447075366973877,0.7653083801269531,0.22926883399486542,0.5742051601409912,0.05508177727460861,-0.3422665297985077,1.3123074769973755,0.6744740009307861,0.20278362929821014,0.5884881615638733
502,0.06742176896112687,0.7228125,0.6135107124901571,0.0,0.0,1.0701229572296143,0.5601849555969238,0.31820234656333923,0.516810417175293,0.0,0.0,1.4970117807388306,0.8792904615402222,0.2239927053451538,0.5938257575035095
503,0.08052942443974562,0.34562499999999996,0.19508060773879418,0.12961454689502716,-0.5020872950553894,0.6683986186981201,0.38510075211524963,0.39281538128852844,0.47388461232185364,0.07257990539073944,-0.4532410800457001,1.2347424030303955,0.42811620235443115,0.4204357862472534,0.4521317183971405
504,1.7356489007648523,0.6309374999999999,0.252094064808302,0.0,0.0,1.7468690872192383,0.5130779147148132,0.3604969382286072,0.5114538669586182,0.0,0.0,0.8740292191505432,0.5223744511604309,0.3282082974910736,0.46802783012390137
505,1.3386891266143846,0.8275,0.1397834683721337,0.1824951320886612,-0.5366126298904419,1.1711903810501099,0.7324889898300171,0.32980021834373474,0.5968120098114014,0.07711408287286758,-0.48565801978111267,0.940565824508667,0.6040611267089844,0.2925785481929779,0.5453726649284363
506,2.8603470379233866,0.628125,0.27428001730303175,0.0,0.0,1.7477436065673828,0.4149336516857147,0.2802999019622803,0.4486967623233795,0.0,0.0,0.7040449380874634,0.630203366279602,0.3695053160190582,0.5515804290771484
507,0.6704096152448589,0.923125,0.48810677236240335,0.10022757202386856,-0.45488935708999634,2.8042984008789062,1.0036706924438477,0.13816633820533752,0.7307766079902649,0.10140597075223923,-0.4673370122909546,0.9439873695373535,0.7844702005386353,0.3233400583267212,0.6580170392990112
508,32.74739974457212,0.48,-0.6747154865358501,0.0,0.0,1.1162890195846558,0.4292113780975342,0.2594519853591919,0.47503793239593506,0.0,0.0,0.8579010963439941,0.39652565121650696,0.28873780369758606,0.46049150824546814
509,32.28811637453479,0.609375,0.23793142116386928,0.11945688724517822,-0.49232786893844604,1.2107610702514648,0.9194761514663696,0.32721078395843506,0.6866514682769775,0.06915177404880524,-0.39097559452056885,0.9163922667503357,0.4247989058494568,0.2815236449241638,0.533528208732605
510,500.24112319714425,0.71,-0.3222354347285371,0.0,0.0,1.1017831563949585,0.4300556778907776,0.4245704412460327,0.4743371307849884,0.0,0.0,1.760561466217041,0.5203818082809448,0.40622785687446594,0.4427848756313324
511,1.5255448515071914,0.7618750000000001,0.47577992604472985,0.16402994096279144,-0.5343165397644043,1.133215308189392,0.42680609226226807,0.42747536301612854,0.4477676749229431,0.0813382938504219,-0.4037536382675171,1.9114991426467896,0.4179256558418274,0.42529284954071045,0.4394562542438507
512,0.123300792646643,0.5075,0.31214653167218415,0.0,0.0,1.051345944404602,0.3164748549461365,0.418766587972641,0.35491320490837097,0.0,0.0,1.7379440069198608,0.34446555376052856,0.36833858489990234,0.40617668628692627
513,0.2735368111670292,0.6287499999999999,0.30078988925444405,0.17220108211040497,-0.5074173212051392,0.9318106174468994,0.6166974902153015,0.24748647212982178,0.546332836151123,0.0680600255727768,-0.2616540193557739,0.6974337100982666,0.528917133808136,0.27284878492355347,0.5184641480445862
514,2745441.6338454317,0.8840625,-0.359422935482335,0.0,0.0,0.7521151900291443,0.4729681611061096,0.3334343433380127,0.4932727813720703,0.0,0.0,0.6639693975448608,0.4239015281200409,0.3168051838874817,0.4743582010269165
515,0.028536715273984013,0.711875,0.8964083657062709,0.09738480299711227,-0.48468393087387085,1.1362111568450928,0.4619814157485962,0.37541431188583374,0.4268094003200531,0.07679752260446548,-0.37218427658081055,1.0002429485321045,0.5227782130241394,0.2821909785270691,0.5334062576293945
516,370.75574274654787,0.8571875,-0.4914473061892107,0.0,0.0,1.1427870988845825,0.49809694290161133,0.45437803864479065,0.48685741424560547,0.0,0.0,1.6166536808013916,0.5699445009231567,0.2578280568122864,0.5347583889961243
517,0.48815717490696553,0.53125,0.20001354297853496,0.1448608636856079,-0.4355454444885254,0.8606367111206055,0.5490778088569641,0.27765369415283203,0.5439257621765137,0.08284509927034378,-0.44536542892456055,0.7753652930259705,0.6059209108352661,0.36279356479644775,0.5382050275802612
518,0.09144058069579322,0.729375,0.5862535078826939,0.0,0.0,1.1371476650238037,0.48774614930152893,0.28613752126693726,0.5621592402458191,0.0,0.0,0.8087397813796997,0.5185425281524658,0.35529178380966187,0.5119087100028992
519,0.07254210274030273,0.6981249999999999,0.5101311594319352,0.15472504496574402,-0.5101191997528076,0.815537691116333,0.3535063862800598,0.3979804515838623,0.43727564811706543,0.060604196041822433,-0.46379756927490234,0.8630905151367188,0.5937944650650024,0.35264161229133606,0.48946619033813477
520,0.41848476635178056,0.5734375,0.03795891274398873,0.0,0.0,0.7849429845809937,0.6807667016983032,0.25440457463264465,0.5800853371620178,0.0,0.0,1.0056885480880737,0.6112401485443115,0.32624009251594543,0.5561680793762207
521,0.9713360356289436,0.54375,-0.2214859301233294,0.17709721624851227,-0.44261401891708374,0.9652541875839233,0.355512797832489,0.3504534363746643,0.47502318024635315,0.05656904727220535,-0.43099507689476013,0.7934824824333191,0.49369174242019653,0.39031171798706055,0.47057661414146423
522,0.08106630810394258,0.7140625,0.7047164815395993,0.0,0.0,0.7580762505531311,0.55138099193573,0.3613295555114746,0.4887464642524719,0.0,0.0,0.8676109313964844,0.596775472164154,0.3578319847583771,0.49945664405822754
523,0.10910482133794738,0.8346875,0.6982482286423579,0.09455930441617966,-0.5320290327072144,0.8853234052658081,0.7505724430084229,0.3716401755809784,0.5409499406814575,0.20902225375175476,-0.4428425431251526,0.7915960550308228,0.5063272714614868,0.3400983214378357,0.4853745400905609
524,0.19096622552131248,0.48968749999999994,0.15632013028266972,0.0,0.0,1.0395466089248657,0.7114571332931519,0.39124608039855957,0.601507306098938,0.0,0.0,1.071088433265686,0.5907261967658997,0.3417135775089264,0.5758614540100098
525,0.17083184671065837,0.61625,0.2936005915191521,0.10077570378780365,-0.5672056078910828,1.093634843826294,0.4512275457382202,0.3422224223613739,0.5015665888786316,0.09647918492555618,-0.4136499762535095,1.0462021827697754,0.5277069807052612,0.29413923621177673,0.5242877006530762
526,0.11174049473120609,0.7928124999999999,0.45658621831909674,0.0,0.0,1.111505389213562,0.3896220326423645,0.38656437397003174,0.44969168305397034,0.0,0.0,0.8386157751083374,0.36357155442237854,0.35127320885658264,0.48455920815467834
527,0.06615178345506276,0.7009375,0.5641550331885923,0.13809531927108765,-0.5351584553718567,0.8559544682502747,0.5642446279525757,0.2980201840400696,0.540510892868042,0.06765076518058777,-0.49169671535491943,1.2822909355163574,0.6259127855300903,0.380096971988678,0.5494012236595154
528,0.28363973891495176,0.5940625,0.25335473248936224,0.0,0.0,1.2423425912857056,0.72107994556427,0.3042169213294983,0.5833885669708252,0.0,0.0,1.2316046953201294,0.5091731548309326,0.3077843189239502,0.5286471843719482
529,0.10220907517107633,0.7875,0.45727205486794986,0.1158362627029419,-0.48969340324401855,0.9908871054649353,0.42136746644973755,0.4298986792564392,0.40789446234703064,0.08148118108510971,-0.3948119878768921,1.5796337127685547,0.6131500005722046,0.26998627185821533,0.5333221554756165
530,0.18281930539284927,0.3871875,-0.0033847319429205604,0.0,0.0,0.8917341828346252,0.45199739933013916,0.4208020567893982,0.4522775411605835,0.0,0.0,1.145236849784851,0.4287413954734802,0.3343883454799652,0.44103503227233887
531,0.06934368850228116,0.6178125,0.46627172967923,0.18119773268699646,-0.5142655372619629,1.6272927522659302,0.7093155384063721,0.2381511777639389,0.5953235030174255,0.07185902446508408,-0.366931676864624,1.027166485786438,0.6658878326416016,0.3164967894554138,0.5635524392127991
532,2.1232088263875086,0.6915625000000001,-0.03378288766880585,0.0,0.0,1.3570500612258911,0.6439893245697021,0.3458443582057953,0.6132289171218872,0.0,0.0,1.3531101942062378,0.556132972240448,0.3794112503528595,0.5403373837471008
533,1.2334229964670609,0.6012500000000001,0.266039367332564,0.12467178702354431,-0.514305591583252,1.1131054162979126,0.726287841796875,0.2859351336956024,0.5642207860946655,0.08187734335660934,-0.4375903308391571,1.0025124549865723,0.625092625617981,0.32364585995674133,0.6139751672744751
534,13.755991482915864,0.8134375,0.13630981000653136,0.0,0.0,0.8705906271934509,0.5683749914169312,0.36941152811050415,0.544097363948822,0.0,0.0,1.8065260648727417,0.6840187907218933,0.41184717416763306,0.6550844311714172
535,0.14448419453963401,0.6512499999999999,0.5659031645933041,0.17495249211788177,-0.5369739532470703,1.193280577659607,0.8266454935073853,0.3155021369457245,0.5526117086410522,0.08080435544252396,-0.547961950302124,1.1807914972305298,0.5880650281906128,0.46837562322616577,0.4813600480556488
536,2.259099394762667,0.7765625,0.18756842622670283,0.0,0.0,0.9722364544868469,0.4790998697280884,0.37603068351745605,0.5038749575614929,0.0,0.0,0.6672465801239014,0.3387223482131958,0.3636544942855835,0.38554126024246216
537,0.22134416060517728,0.5696875,0.31174697035289867,0.12283258140087128,-0.45985180139541626,0.7798632383346558,0.3804447054862976,0.30296289920806885,0.5351648926734924,0.0802251398563385,-0.5097370743751526,1.6931020021438599,0.7269134521484375,0.28489723801612854,0.5979408621788025
538,0.7778908455742648,0.6153125,0.08477164983413303,0.0,0.0,0.9132193326950073,0.4105665683746338,0.2979511618614197,0.4811476469039917,0.0,0.0,1.4904953241348267,0.47875046730041504,0.4019215703010559,0.4845380485057831
539,0.36088956752986867,0.6471875,0.705387831890498,0.12973523139953613,-0.5468695163726807,1.3620476722717285,1.4649391174316406,0.20085257291793823,0.8311026096343994,0.07384934276342392,-0.44153472781181335,2.0807204246520996,1.0294514894485474,0.2595331072807312,0.5476119518280029
540,0.10823115432662755,0.65,0.6319326440261733,0.0,0.0,1.0280394554138184,0.6298812031745911,0.37910833954811096,0.46312180161476135,0.0,0.0,1.9664509296417236,1.7151954174041748,0.2481268048286438,0.8187482357025146
541,1.208271180327296,0.73,-0.124196203041094,0.23055784404277802,-0.5068552494049072,0.8624259829521179,0.6552205681800842,0.3074548840522766,0.6117570996284485,0.07058187574148178,-0.40522539615631104,0.7629709243774414,0.5345679521560669,0.3353363275527954,0.4871983826160431
542,0.04125823715398745,0.6056250000000001,0.5768709799195351,0.0,0.0,2.2607991695404053,1.0843127965927124,0.20253399014472961,0.6332623958587646,0.0,0.0,1.081296443939209,0.4516582489013672,0.29929858446121216,0.5237165689468384
543,0.7317555573329291,0.6950000000000001,0.31920926819301554,0.1187376156449318,-0.5420292615890503,1.181117296218872,0.5475199818611145,0.25644585490226746,0.525048553943634,0.10614532232284546,-0.5215942859649658,0.8394463062286377,0.5108277797698975,0.4217418134212494,0.4740951955318451
544,0.07173075534281136,0.5875,0.32967930004946183,0.0,0.0,2.5283870697021484,0.531589150428772,0.48520371317863464,0.38530686497688293,0.0,0.0,1.0284004211425781,0.4378461241722107,0.33067625761032104,0.535044252872467
545,1.0001862113934439,0.40812500000000007,0.2581196225517489,0.11797628551721573,-0.501308023929596,1.2626872062683105,0.5781905651092529,0.37187880277633667,0.5311355590820312,0.08958522230386734,-0.5647843480110168,1.319929838180542,0.5722906589508057,0.455544114112854,0.5351218581199646
546,0.5813980532234849,0.6396875,0.17971943480693103,0.0,0.0,1.348333477973938,0.7871016263961792,0.3771189749240875,0.60426265001297,0.0,0.0,1.4017995595932007,0.6438906192779541,0.25974565744400024,0.5695483684539795
547,1.3567450021662615,0.7621874999999999,0.45011883040939715,0.12844862043857574,-0.3892477750778198,1.2879871129989624,0.5809756517410278,0.15707433223724365,0.49487367272377014,0.09046633541584015,-0.4304654598236084,1.3178662061691284,0.5459731221199036,0.2736850678920746,0.48371943831443787
548,0.5032152920132489,0.57625,0.3569382241504278,0.0,0.0,0.5985609292984009,0.3708529770374298,0.26431629061698914,0.4672650694847107,0.0,0.0,0.8035129308700562,0.4910169839859009,0.32319387793540955,0.4353562891483307
549,0.07424792392166066,0.7006249999999999,0.5497677323880996,0.20450158417224884,-0.5618968605995178,1.2028944492340088,0.3715718984603882,0.38365137577056885,0.4252893328666687,0.11729693412780762,-0.42269396781921387,0.6700124740600586,0.411033570766449,0.3406028151512146,0.48924821615219116
550,0.036897124102815,0.6215625,0.736556519913594,0.0,0.0,0.8800687789916992,0.5879133343696594,0.24470321834087372,0.5980092883110046,0.0,0.0,1.014499306678772,0.5209450721740723,0.30469024181365967,0.5393956303596497
551,0.16643787988246955,0.6615624999999999,0.25391851583990777,0.10193036496639252,-0.4477340877056122,1.558115005493164,0.8345367312431335,0.21468546986579895,0.6850202679634094,0.09503353387117386,-0.4474611282348633,1.0444982051849365,0.6188868284225464,0.38320350646972656,0.47199907898902893
552,0.0614357586900778,0.8071874999999998,0.7914092169585054,0.0,0.0,1.1393123865127563,0.3919553756713867,0.2819763720035553,0.4446191191673279,0.0,0.0,0.7911088466644287,0.37424027919769287,0.30679625272750854,0.4561219811439514
553,1.586103899281683,0.6303125,0.07645428056610415,0.08615855872631073,-0.3997155427932739,1.9433540105819702,1.1772568225860596,0.11842598021030426,0.7281441688537598,0.09436877816915512,-0.4886787235736847,0.779316246509552,0.48209643363952637,0.402129590511322,0.40752339363098145
554,1.7688214035245404,0.745,0.34401137598395015,0.0,0.0,0.764440655708313,0.5899593234062195,0.2613038122653961,0.5808080434799194,0.0,0.0,1.018392562866211,0.35742300748825073,0.4234737157821655,0.43400266766548157
555,12.424539131265922,0.651875,0.6011255618988336,0.18451210856437683,-0.5055298805236816,0.714458703994751,0.5444933176040649,0.32602453231811523,0.5186939835548401,0.08718594908714294,-0.3827561140060425,1.0235731601715088,0.6438207626342773,0.3041926324367523,0.5383996367454529
556,0.615988582320168,0.7796875,0.4024143712977798,0.0,0.0,1.2256197929382324,1.0364387035369873,0.1635153740644455,0.68341463804245,0.0,0.0,1.2135058641433716,0.47278523445129395,0.4133869409561157,0.4142037630081177
557,0.056876823002047563,0.716875,0.6682650903765058,0.1571936458349228,-0.5098782777786255,2.490720510482788,0.6361513733863831,0.42355242371559143,0.5886801481246948,0.07359255850315094,-0.4044572114944458,1.291748285293579,0.6378123760223389,0.2818746268749237,0.5085192322731018
558,0.05473987118339988,0.588125,0.4932806982720782,0.0,0.0,1.0319346189498901,0.47256678342819214,0.2852722406387329,0.45422425866127014,0.0,0.0,1.116949200630188,0.7247486114501953,0.3168809413909912,0.5816720128059387
559,2.4105072454155754,0.7899999999999999,-0.15746907322234796,0.0983973890542984,-0.38382425904273987,0.8403022289276123,0.7616828083992004,0.2224445343017578,0.6446197032928467,0.09418723732233047,-0.537382960319519,1.0936412811279297,0.424045592546463,0.4673024117946625,0.4617588520050049
560,0.8948646899401176,0.80375,0.22295822254344425,0.0,0.0,1.647926926612854,0.38782960176467896,0.43136298656463623,0.47016239166259766,0.0,0.0,1.0734479427337646,0.5770262479782104,0.35169073939323425,0.5421600937843323
561,0.042366548667465156,0.5353125000000001,0.581089134825149,0.11242658644914627,-0.465702086687088,2.2235183715820312,0.6576216220855713,0.4153493046760559,0.5477149486541748,0.0842183455824852,-0.509013831615448,1.561615228652954,0.7382179498672485,0.283495157957077,0.5441779494285583
562,3229.5195637496604,0.789375,0.30195389582124316,0.0,0.0,0.8934046626091003,0.4708941578865051,0.35783851146698,0.5449144840240479,0.0,0.0,0.5865406394004822,0.48245444893836975,0.39344942569732666,0.470978707075119
563,0.11777400040821369,0.659375,0.3376075638024108,0.18685901165008545,-0.4980597496032715,1.1499708890914917,0.7309039235115051,0.20416474342346191,0.6302622556686401,0.09020183235406876,-0.5334455370903015,1.0540356636047363,0.6839022636413574,0.3861066699028015,0.51395583152771
564,48.50870357344678,0.865,-0.1429806502191199,0.0,0.0,1.3300421237945557,0.43971899151802063,0.4438597559928894,0.4052184820175171,0.0,0.0,0.8629027009010315,0.600138783454895,0.42687657475471497,0.5690867900848389
565,0.2308748382492703,0.556875,0.18303220996046363,0.12737175822257996,-0.5366898775100708,0.9023380875587463,0.7188929319381714,0.3114991784095764,0.558271586894989,0.07101145386695862,-0.5328476428985596,0.7863320708274841,0.291652649641037,0.40540623664855957,0.45104163885116577
566,0.09714404169767372,0.7821875,0.6414993915224059,0.0,0.0,0.9866271615028381,0.4739922285079956,0.40964698791503906,0.4462706446647644,0.0,0.0,1.3878748416900635,0.7489163875579834,0.40299755334854126,0.5912785530090332
567,2.3195282144253264,0.8975,0.06369753995573986,0.13780198991298676,-0.6303040981292725,1.196811556816101,0.5898872017860413,0.4063565731048584,0.4409793019294739,0.10956916958093643,-0.4963821768760681,0.6540017127990723,0.42369288206100464,0.3935355544090271,0.42585039138793945
568,0.2287823612408356,0.5759375,0.24061288471337078,0.0,0.0,0.8587842583656311,0.5545817613601685,0.3404323160648346,0.5278055667877197,0.0,0.0,1.183899164199829,0.5267881751060486,0.36820176243782043,0.4994647204875946
569,0.044022343211053486,0.7271875,0.7446492241311583,0.11544683575630188,-0.5521224737167358,2.6711878776550293,0.8208128213882446,0.179275780916214,0.6008217334747314,0.11671564728021622,-0.44653159379959106,1.6243027448654175,0.5272678732872009,0.2708163261413574,0.43716806173324585
570,0.4453099455091709,0.651875,0.38130250176283165,0.0,0.0,0.696793258190155,0.5570389628410339,0.3291032612323761,0.5599555969238281,0.0,0.0,1.1623773574829102,0.4173414707183838,0.38352304697036743,0.4870137572288513
571,0.2246546919695374,0.586875,0.37113139801317874,0.1264081448316574,-0.5482187867164612,0.8465281128883362,0.5859023332595825,0.3524525463581085,0.5024345517158508,0.07960869371891022,-0.4958566427230835,0.578160285949707,0.41816413402557373,0.39447176456451416,0.4183530807495117
572,5.75632664522338,0.6903124999999999,-0.08689764251435236,0.0,0.0,0.8750678300857544,0.6524516344070435,0.38715413212776184,0.5686277151107788,0.0,0.0,1.3759245872497559,0.5667058229446411,0.37581509351730347,0.4103102385997772
573,0.42014444745405816,0.571875,0.2546445229833,0.11478560417890549,-0.5101051330566406,0.8073734641075134,0.6587654948234558,0.3660767078399658,0.504991888999939,0.1388007253408432,-0.5312566161155701,0.8204296827316284,0.5135357975959778,0.3523191511631012,0.4552009403705597
574,0.0415170036004136,0.670625,0.5700806861481942,0.0,0.0,0.7553613781929016,0.47585099935531616,0.33466124534606934,0.4235585629940033,0.0,0.0,1.0628302097320557,0.7821334600448608,0.3428571820259094,0.5967022776603699
575,1.0523550127372485,0.5621875,0.3069081661965462,0.10461045056581497,-0.45671409368515015,0.8367458581924438,0.6002001762390137,0.26705387234687805,0.5386976599693298,0.11231736093759537,-0.4460274577140808,0.9943144917488098,0.641668438911438,0.33288484811782837,0.5584360361099243
576,0.023855481292930494,0.7240625,0.8111969319482757,0.0,0.0,0.9138005375862122,0.8014174103736877,0.35786813497543335,0.49967890977859497,0.0,0.0,0.8927915692329407,0.703270673751831,0.36881446838378906,0.4984341561794281
577,0.07411756173941494,0.7503125,0.5989170335111,0.1037658154964447,-0.5343899726867676,1.0246834754943848,0.3532736301422119,0.39604076743125916,0.44666117429733276,0.06595451384782791,-0.49945494532585144,1.1090788841247559,0.5077832937240601,0.26178523898124695,0.5137636661529541
578,0.20476095997138444,0.6128125000000001,0.19942378890952414,0.0,0.0,0.8187248706817627,0.4093247950077057,0.305642306804657,0.43902337551116943,0.0,0.0,1.749023675918579,0.9677776098251343,0.19538123905658722,0.6650480628013611
579,2.6066187430262326,0.8043750000000001,-0.12015176339089222,0.11875997483730316,-0.5511332750320435,0.7939487099647522,0.6318602561950684,0.26711684465408325,0.5901297926902771,0.06248869001865387,-0.486407071352005,1.116153359413147,0.5382993221282959,0.39243441820144653,0.5044628977775574
580,3.2941075005789004,0.686875,0.2805190156604952,0.0,0.0,1.357533574104309,0.5182845592498779,0.3694179952144623,0.5078697204589844,0.0,0.0,1.806639552116394,0.6002916097640991,0.3937951326370239,0.4939160943031311
581,0.40790265339328774,0.5540625,0.14091466563063154,0.15925030410289764,-0.47316819429397583,0.8917797207832336,0.7480848431587219,0.22302590310573578,0.5676285624504089,0.09950040280818939,-0.4884982109069824,1.2038456201553345,0.4039108157157898,0.3791029453277588,0.48508524894714355
582,0.9274852796343097,0.71875,0.5009151609993532,0.0,0.0,1.0767357349395752,0.7761768102645874,0.35105544328689575,0.5368095636367798,0.0,0.0,1.219641089439392,0.6739446520805359,0.27523073554039,0.6129146814346313
583,0.05912350680214305,0.5862499999999999,0.4581151528523552,0.10684297978878021,-0.5501542687416077,0.7728744745254517,0.5360708236694336,0.37156766653060913,0.5199074149131775,0.07351092994213104,-0.47029414772987366,0.8307593464851379,0.40374255180358887,0.3620607256889343,0.4087377190589905
584,7.77801034377909,0.6875,0.24970634163997438,0.0,0.0,1.0238502025604248,0.7958218455314636,0.33845055103302,0.5881455540657043,0.0,0.0,1.0862560272216797,0.6113613247871399,0.3083251714706421,0.5011483430862427
585,0.13073945463625955,0.6109375,0.44984082425430794,0.14368750154972076,-0.5203959941864014,0.6633036136627197,0.4585685133934021,0.29949578642845154,0.4668281078338623,0.07893286645412445,-0.36976704001426697,1.373913288116455,0.5136390924453735,0.33240583539009094,0.5291345119476318
586,1095.5723186968037,0.8981250000000001,-0.806267553316863,0.0,0.0,0.5787147879600525,0.3712455928325653,0.380687952041626,0.3997499644756317,0.0,0.0,0.7301335334777832,0.47649791836738586,0.3506734371185303,0.5636528730392456
587,26.986973520580477,0.730625,0.6933372371410396,0.1024121344089508,-0.40149492025375366,0.8174518942832947,0.5768579840660095,0.23963519930839539,0.5181424617767334,0.08605954796075821,-0.5907067656517029,0.8818768858909607,0.45458993315696716,0.3443295359611511,0.49435243010520935
588,0.246957247015383,0.6459374999999999,0.5959604561172508,0.0,0.0,0.6861867904663086,0.4997945725917816,0.2759421467781067,0.597322940826416,0.0,0.0,1.2386354207992554,0.7367698550224304,0.3326822817325592,0.6215626001358032
589,332.80811535121836,0.70875,0.48670541281463964,0.1431252360343933,-0.5907992720603943,1.0783530473709106,0.3263765871524811,0.4165978729724884,0.487102746963501,0.08076289296150208,-0.4352482557296753,0.7359764575958252,0.4162484109401703,0.33355647325515747,0.4948771595954895
590,0.6320249545000485,0.5546875,0.1088480698758331,0.0,0.0,2.2811882495880127,0.4789091646671295,0.5106754302978516,0.43614473938941956,0.0,0.0,1.3068047761917114,0.5127770304679871,0.3547271490097046,0.48732027411460876
591,0.18903540903759525,0.6128125000000001,0.4692935034226336,0.11566781997680664,-0.6258991360664368,0.9416203498840332,0.584114134311676,0.3663000464439392,0.5176733136177063,0.13072769343852997,-0.4523646831512451,1.0322130918502808,0.7324749231338501,0.24800874292850494,0.6398337483406067
592,0.6517795599909901,0.7884375,0.6526269736811627,0.0,0.0,0.6930339932441711,0.40383613109588623,0.27087584137916565,0.5226280093193054,0.0,0.0,1.2137995958328247,0.8950341939926147,0.4121609032154083,0.5846498012542725
593,7.2051259417895945,0.5278125,0.053261815046306706,0.08026514947414398,-0.5700306296348572,1.1785348653793335,0.6959691047668457,0.3095555305480957,0.604891836643219,0.10812051594257355,-0.41567736864089966,1.0096904039382935,0.7109717130661011,0.2960876524448395,0.567729115486145
594,0.11288566381223768,0.6575,0.3318313601137041,0.0,0.0,1.1108274459838867,0.523737907409668,0.28799840807914734,0.5655850768089294,0.0,0.0,0.8297205567359924,0.43134698271751404,0.37638193368911743,0.3944355249404907
595,0.2043997369716266,0.6953125,0.6651124628411191,0.10190027952194214,-0.49211710691452026,1.352564811706543,0.597022533416748,0.26859891414642334,0.5161469578742981,0.06045897305011749,-0.6191256046295166,1.7919001579284668,0.6562296152114868,0.5128363370895386,0.4648767411708832
596,1.1969751816609122,0.6475,0.12367217516803017,0.0,0.0,2.3408117294311523,0.7530809640884399,0.18162377178668976,0.579962968826294,0.0,0.0,1.4595136642456055,0.5766345858573914,0.3194817304611206,0.4755331575870514
597,0.848709477768887,0.6315624999999999,0.5108796473534348,0.09799351543188095,-0.5933017730712891,2.1291756629943848,0.6267803907394409,0.2835029661655426,0.47728434205055237,0.06326878815889359,-0.5051540732383728,1.3710927963256836,0.5243997573852539,0.23753447830677032,0.5918065309524536
598,0.09652209550172483,0.7834375,0.5873537696505949,0.0,0.0,1.2616125345230103,0.45124781131744385,0.3388611078262329,0.4463031589984894,0.0,0.0,0.8150420188903809,0.4918307960033417,0.3737850487232208,0.4489437937736511
599,0.10336379426857922,0.6471875,0.33458222323950426,0.1025901660323143,-0.6592482328414917,1.3782730102539062,0.5545011758804321,0.42378512024879456,0.5479554533958435,0.09893588721752167,-0.5369620323181152,1.0499308109283447,0.47763121128082275,0.3719080686569214,0.4411594569683075
600,0.7955382865696653,0.7653125,0.2102242267705685,0.0,0.0,0.7898762822151184,0.5979483723640442,0.3205417990684509,0.47390973567962646,0.0,0.0,1.9454635381698608,0.6589829921722412,0.24210470914840698,0.6142610311508179
601,0.5274497743557625,0.64375,0.26145147969021604,0.08538592606782913,-0.5756374597549438,1.1451663970947266,0.6320631504058838,0.3835393190383911,0.5089073181152344,0.10897018760442734,-0.47950321435928345,0.9997156262397766,0.4836108684539795,0.3687985837459564,0.4458376169204712
602,46.077016310379506,0.6543749999999999,0.4464305765477682,0.0,0.0,1.208759069442749,0.3972195088863373,0.41551482677459717,0.40976062417030334,0.0,0.0,1.0130553245544434,0.6562020778656006,0.36958158016204834,0.5259826183319092
603,0.09164756547083949,0.6146874999999999,0.31788230338339074,0.13679279386997223,-0.5140821933746338,0.8733075857162476,0.4682410955429077,0.34762561321258545,0.5362743735313416,0.10678546875715256,-0.5573750734329224,1.2468668222427368,0.46043944358825684,0.43002063035964966,0.47920987010002136
604,20887.321463049866,0.8074999999999999,0.06924314764001724,0.0,0.0,1.084387183189392,0.4605535864830017,0.34224581718444824,0.47573593258857727,0.0,0.0,1.1582354307174683,0.6401628255844116,0.39301738142967224,0.5497339963912964
605,0.06351995172346911,0.5443749999999999,0.5798577276628976,0.1037377193570137,-0.5497126579284668,1.2922791242599487,0.7552378177642822,0.3410620093345642,0.5043764114379883,0.07542498409748077,-0.5135911703109741,1.1163058280944824,0.5388981699943542,0.35895484685897827,0.5191518068313599
606,0.33430048615960967,0.7790625,0.15753515741071006,0.0,0.0,0.7801535129547119,0.5857378244400024,0.2551080286502838,0.5742804408073425,0.0,0.0,1.2338465452194214,0.4599606692790985,0.3679751753807068,0.5501279830932617
607,0.03998029488181942,0.5650000000000001,0.48525525477200526,0.1081044003367424,-0.47422483563423157,1.1432952880859375,0.6343116760253906,0.35826364159584045,0.5293163061141968,0.04894741624593735,-0.4239937365055084,1.0499205589294434,0.5902445912361145,0.3631908893585205,0.5388896465301514
608,22.16294497705388,0.7234375,0.1390774791598509,0.0,0.0,2.07023549079895,1.039517879486084,0.21760642528533936,0.7107925415039062,0.0,0.0,1.8841447830200195,0.7061517834663391,0.2681196630001068,0.5730032920837402
609,0.06484498741681285,0.610625,0.5437716125726136,0.12558136880397797,-0.5183216333389282,0.7638312578201294,0.4682057201862335,0.33670082688331604,0.5011428594589233,0.11286529898643494,-0.4538250267505646,1.0168253183364868,0.8866203427314758,0.2896032929420471,0.5789772868156433
610,0.33177922400157456,0.7021875,0.5772346837108928,0.0,0.0,0.8584169149398804,0.7005336284637451,0.26898878812789917,0.6041561961174011,0.0,0.0,1.2801214456558228,0.6316594481468201,0.38409295678138733,0.6110811233520508
611,0.038375664595883874,0.666875,0.6353840816091252,0.1179528534412384,-0.4889870285987854,1.5015981197357178,0.5591100454330444,0.40131905674934387,0.4076468348503113,0.07112084329128265,-0.4678833484649658,1.9668762683868408,0.6386325359344482,0.2292059063911438,0.5228495001792908
612,3.498670380931988,0.55625,0.3328987086890518,0.0,0.0,0.8302193284034729,0.685921311378479,0.27846747636795044,0.580522894859314,0.0,0.0,1.8091373443603516,0.6165014505386353,0.27897825837135315,0.5805010795593262
613,142.05338967166162,0.7393750000000001,-0.008832200522525622,0.1375768631696701,-0.4855806529521942,0.7172436714172363,0.505327045917511,0.2342412769794464,0.4757167398929596,0.15668150782585144,-0.5278821587562561,1.5942901372909546,0.6767983436584473,0.2953394055366516,0.5509122610092163
614,4.076020061061125,0.5365625,-0.19069432755552013,0.0,0.0,0.8984231948852539,0.5286742448806763,0.3392940163612366,0.49635863304138184,0.0,0.0,1.364187240600586,0.7971474528312683,0.2674613893032074,0.626474916934967
615,1.0870622334222535,0.5878125000000001,0.36152825376904946,0.25457820296287537,-0.5199118852615356,1.4381064176559448,0.5171730518341064,0.3524835705757141,0.5093746185302734,0.059900231659412384,-0.43137243390083313,1.3469374179840088,1.094257116317749,0.2256956398487091,0.6849057674407959
616,9.294714236846506,0.7790625,-0.2939893379370293,0.0,0.0,1.512782096862793,0.6270151734352112,0.18779967725276947,0.5718274116516113,0.0,0.0,1.3057957887649536,0.7521381378173828,0.3346138298511505,0.6398731470108032
617,0.1291601164436716,0.646875,0.520945038321541,0.11601119488477707,-0.5748637318611145,1.0463701486587524,0.6095514297485352,0.3925080895423889,0.5253670811653137,0.07631290704011917,-0.4675791263580322,1.145694613456726,0.6313703060150146,0.3405407667160034,0.4716988801956177
618,1.3810215473794618,0.6387499999999999,0.15375261252076555,0.0,0.0,1.1109466552734375,0.6738660335540771,0.25826549530029297,0.5631588101387024,0.0,0.0,1.804019808769226,0.6430671811103821,0.463487446308136,0.5778359174728394
619,1.0539503432848802,0.6940625,0.2511680022787689,0.13305874168872833,-0.5944497585296631,0.844378650188446,0.44427764415740967,0.2844460606575012,0.42361778020858765,0.07197225838899612,-0.4565719664096832,1.3161680698394775,0.5552499294281006,0.258784681558609,0.5481324195861816
620,0.06268835271771367,0.6290625000000001,0.5099837558931734,0.0,0.0,1.3867586851119995,0.7004553079605103,0.43102842569351196,0.5160004496574402,0.0,0.0,1.2799681425094604,0.6925656795501709,0.3193989098072052,0.5840304493904114
621,0.07516927405690141,0.865625,0.7118719431671077,0.14610451459884644,-0.6296451091766357,1.2543267011642456,0.5457268953323364,0.46355581283569336,0.4321080148220062,0.13233473896980286,-0.3784254789352417,1.551169991493225,0.8197839856147766,0.33111312985420227,0.5425625443458557
622,0.02465193201272877,0.7259375,0.7931129217130746,0.0,0.0,0.6435940861701965,0.3669688403606415,0.32858070731163025,0.47133535146713257,0.0,0.0,1.1556936502456665,0.48130059242248535,0.2636878490447998,0.5212187170982361
623,0.05400404085303965,0.63,0.5977941706004397,0.09199655801057816,-0.6882984638214111,0.7887009978294373,0.51031893491745,0.35780268907546997,0.4615185558795929,0.09272576123476028,-0.31907594203948975,0.9475358724594116,0.8662534952163696,0.22656109929084778,0.5878256559371948
624,0.26870736441113446,0.65,0.3477894634813997,0.0,0.0,0.9160928726196289,0.5081971287727356,0.3018169105052948,0.4709417223930359,0.0,0.0,1.1129965782165527,0.9069290161132812,0.29943275451660156,0.6225534081459045
625,0.08370972379086446,0.56125,0.43683211740485195,0.11944644153118134,-0.5839142799377441,1.3258930444717407,0.5946094989776611,0.30335310101509094,0.5706191658973694,0.07142849266529083,-0.3421160578727722,1.7665094137191772,0.7826717495918274,0.2928708791732788,0.6717596650123596
626,0.49081859533895844,0.5759375,0.15751527026051057,0.0,0.0,1.1414079666137695,0.7327171564102173,0.35495346784591675,0.6260541677474976,0.0,0.0,0.9668610095977783,0.7933272123336792,0.31388968229293823,0.545290470123291
627,0.04006156476089221,0.7734374999999999,0.6107513291749607,0.10743845254182816,-0.5053014755249023,0.9206191897392273,0.5920929908752441,0.2518361508846283,0.4760868549346924,0.0631943792104721,-0.42710354924201965,0.9320440292358398,0.6114667057991028,0.29377010464668274,0.5030136704444885
628,0.06958784606879154,0.5996874999999999,0.47583473337645915,0.0,0.0,0.8988737463951111,0.4665009081363678,0.3574537932872772,0.4770662784576416,0.0,0.0,0.9085983037948608,0.5413166284561157,0.3145184814929962,0.49888092279434204
629,0.12172457593822619,0.6137499999999999,0.5393316819945191,0.12475082278251648,-0.5420519113540649,1.1907302141189575,0.5922411680221558,0.2741399109363556,0.4554123282432556,0.06514409184455872,-0.3895086646080017,1.2268556356430054,1.2089595794677734,0.31772083044052124,0.6600879430770874
630,0.3420340760138262,0.6799999999999999,0.4567385269674092,0.0,0.0,1.7113709449768066,0.45661622285842896,0.42856013774871826,0.41590532660484314,0.0,0.0,1.128143072128296,0.5166466236114502,0.3659854829311371,0.5088697671890259
631,2.233311319410254,0.61125,-0.07091431263231933,0.13291595876216888,-0.5602282881736755,0.9122850894927979,0.6921133399009705,0.3548973500728607,0.590710461139679,0.06502363830804825,-0.46532684564590454,0.9003795981407166,0.5592561960220337,0.27136287093162537,0.47094234824180603
632,0.10768605064899126,0.665625,0.5287089042996771,0.0,0.0,0.8256760239601135,0.4905756413936615,0.3288162052631378,0.48626887798309326,0.0,0.0,0.8862521052360535,0.4095646142959595,0.3845409154891968,0.5185485482215881
633,0.12682859245899275,0.7484375000000001,0.48158702447095136,0.09725400805473328,-0.6667084693908691,1.3019485473632812,0.3647894561290741,0.40632298588752747,0.47654837369918823,0.0733281746506691,-0.4735710620880127,0.7536455392837524,0.5102717876434326,0.29644617438316345,0.5575405955314636
634,0.04324016194556529,0.6425,0.593714682539843,0.0,0.0,1.443469762802124,0.9503352642059326,0.30309686064720154,0.7290428876876831,0.0,0.0,1.5151530504226685,0.5681872367858887,0.426815390586853,0.5304722785949707
635,0.08486070324957326,0.5321875,0.34136946488969905,0.11656242609024048,-0.6760134696960449,0.9035952091217041,0.6212920546531677,0.3698679208755493,0.5203056335449219,0.08685076236724854,-0.40682095289230347,1.3432426452636719,0.9140443801879883,0.25796931982040405,0.6195354461669922
636,0.9268383771437694,0.69375,0.26270463243022124,0.0,0.0,1.178563117980957,0.6019973754882812,0.26848655939102173,0.5919574499130249,0.0,0.0,1.5409148931503296,0.4303525686264038,0.488174170255661,0.3962162435054779
637,0.21782403742198175,0.6725000000000001,0.39522728606065655,0.1787143498659134,-0.6008893251419067,1.0191594362258911,0.6778146028518677,0.3094039261341095,0.594363272190094,0.09471885859966278,-0.5437747240066528,0.9317274689674377,0.6891510486602783,0.35741594433784485,0.5532004833221436
638,23.024426913453727,0.7684374999999999,-0.13492653838704033,0.0,0.0,0.8216370344161987,0.4062727093696594,0.4318978786468506,0.4396629333496094,0.0,0.0,0.8583936095237732,0.3850492835044861,0.2664981484413147,0.4747568964958191
639,3.9421650687477934,0.599375,0.1469251296772532,0.16908885538578033,-0.5430073738098145,0.8622176647186279,0.5072525143623352,0.36211782693862915,0.4468498229980469,0.0669698640704155,-0.5134484767913818,1.0331788063049316,0.5620338916778564,0.3199593722820282,0.529573917388916
640,188.79873468864906,0.67375,0.02421766906327344,0.0,0.0,1.2688673734664917,0.47688379883766174,0.2441176474094391,0.4094006419181824,0.0,0.0,1.3400628566741943,0.5423016548156738,0.3176462650299072,0.5298604965209961
641,0.17051945879124056,0.5946875,0.4377302779832168,0.14698956906795502,-0.5753260850906372,0.9089767336845398,0.6172637939453125,0.31421512365341187,0.5138465166091919,0.06187775358557701,-0.4050590991973877,1.4364842176437378,0.6655834317207336,0.3314462900161743,0.4672306776046753
642,0.20888072691352955,0.67875,0.4726854352695504,0.0,0.0,1.097075343132019,0.4843813478946686,0.19584918022155762,0.5927474498748779,0.0,0.0,0.9331939816474915,0.37303584814071655,0.3513675034046173,0.4847491979598999
643,6.472522222505409,0.7474999999999999,0.40175347530055083,0.14772425591945648,-0.571253776550293,1.2282062768936157,1.0083065032958984,0.26952534914016724,0.7647509574890137,0.06326839327812195,-0.6179784536361694,0.9763900637626648,0.4465963840484619,0.4347448945045471,0.5235385298728943
644,0.10113837408867601,0.7228125000000001,0.4909133325594416,0.0,0.0,1.074281096458435,0.7413659691810608,0.3150400221347809,0.5255172848701477,0.0,0.0,1.279435634613037,0.8191800713539124,0.2896260619163513,0.6527587175369263
645,0.07271242820176874,0.7559374999999999,0.6857970767145379,0.1254976987838745,-0.4776022732257843,1.6766735315322876,1.0110266208648682,0.25391003489494324,0.6189178824424744,0.07534683495759964,-0.5826126337051392,1.4079251289367676,0.6449942588806152,0.4532088339328766,0.49600064754486084
646,0.08038977296501351,0.79125,0.5262753878417483,0.0,0.0,0.895493745803833,0.6250748634338379,0.37054628133773804,0.5478260517120361,0.0,0.0,1.64285147190094,0.5020298957824707,0.40988415479660034,0.4046030640602112
647,0.05113983812608649,0.5740624999999999,0.5994535861149931,0.11027698218822479,-0.5966650247573853,2.3204495906829834,0.47554731369018555,0.48912274837493896,0.42477014660835266,0.08735671639442444,-0.5451893210411072,1.1261600255966187,0.7537996172904968,0.32697397470474243,0.5685423016548157
648,0.09556321541090693,0.6515625,0.5502724683978605,0.0,0.0,0.927295982837677,0.4920806586742401,0.3464340567588806,0.5000320076942444,0.0,0.0,1.0208202600479126,0.7107646465301514,0.284327894449234,0.5744007229804993
649,0.06543760050318717,0.69625,0.7517945220033452,0.20406532287597656,-0.628032922744751,3.103445291519165,0.9782665967941284,0.1585417538881302,0.6392761468887329,0.07306203991174698,-0.5953809022903442,1.0865092277526855,0.6027919054031372,0.4290871024131775,0.5195553302764893
650,0.20605266434727812,0.6171875,0.3787433344358832,0.0,0.0,0.918685793876648,0.6500871777534485,0.39362505078315735,0.5644316077232361,0.0,0.0,1.579869031906128,0.7187408208847046,0.3298504054546356,0.5603915452957153
651,63.38677573068509,0.9434375000000002,0.2363551104027588,0.15735527873039246,-0.7024336457252502,1.1640336513519287,0.5056992769241333,0.46779435873031616,0.42937397956848145,0.09192612022161484,-0.5520390272140503,1.1539522409439087,0.6543985605239868,0.4288678765296936,0.5473212003707886
652,0.07564871920358356,0.7303125,0.4813161015435249,0.0,0.0,1.2886261940002441,0.40333908796310425,0.3666408658027649,0.4449702203273773,0.0,0.0,1.1200693845748901,0.5574407577514648,0.37307971715927124,0.4640948176383972
653,0.6347353446646528,0.614375,0.5133689968880079,0.20156404376029968,-0.6475081443786621,1.012184500694275,0.7526676654815674,0.3710411787033081,0.6057151556015015,0.07531211525201797,-0.5737339854240417,1.6100742816925049,0.6391775608062744,0.49678748846054077,0.5075082778930664
654,0.10749262410335506,0.7065624999999999,0.5110920205141882,0.0,0.0,0.9395011067390442,0.6611534357070923,0.24174082279205322,0.6221665740013123,0.0,0.0,1.5996664762496948,0.7875487804412842,0.22719144821166992,0.6655420064926147
655,0.5339449465522943,0.5634375,0.19562048252348901,0.17171785235404968,-0.663077175617218,0.8966522216796875,0.6172842979431152,0.34209978580474854,0.5131043195724487,0.059299468994140625,-0.5052825212478638,0.8095605969429016,0.4414195120334625,0.37385913729667664,0.5142874121665955
656,0.1970036760621945,0.5862499999999999,0.24570235768793655,0.0,0.0,1.2290483713150024,1.1227543354034424,0.24570365250110626,0.6910890936851501,0.0,0.0,0.9598147869110107,0.5846865773200989,0.32075685262680054,0.4397995173931122
657,0.5837939851303611,0.914375,0.43491205896049134,0.17522728443145752,-0.5691572427749634,1.8309507369995117,0.535333514213562,0.441217839717865,0.45466935634613037,0.11895187199115753,-0.5470312833786011,1.3648968935012817,0.5991299152374268,0.2605987787246704,0.5201771259307861
658,0.19382066351852076,0.766875,0.6798629048836842,0.0,0.0,1.0876315832138062,0.5915124416351318,0.3920714855194092,0.48367568850517273,0.0,0.0,1.588171124458313,0.7436966896057129,0.34038251638412476,0.614871084690094
659,0.5667716995480311,0.8690625000000001,0.47295669474689267,0.23743340373039246,-0.5790022015571594,1.2663469314575195,0.4444558620452881,0.3632165789604187,0.44509145617485046,0.07844650745391846,-0.3927863538265228,0.9731000065803528,0.4776589870452881,0.31477394700050354,0.4597485065460205
660,0.5483591885248168,0.6959375,0.8042163548067821,0.0,0.0,1.2093431949615479,0.683064341545105,0.32823446393013,0.5246771574020386,0.0,0.0,0.999808132648468,0.47846680879592896,0.37159568071365356,0.48876407742500305
661,3.1152424060094246,0.6381249999999999,-0.5389758632274052,0.09653042256832123,-0.6716821193695068,1.7142921686172485,0.5135143995285034,0.4256184697151184,0.47578129172325134,0.06009501591324806,-0.45709601044654846,1.1833771467208862,0.6655421257019043,0.34589070081710815,0.5085365176200867
662,0.19696680180933965,0.6325000000000001,0.11199155098325249,0.0,0.0,1.7587257623672485,0.5520334243774414,0.47848501801490784,0.5005548000335693,0.0,0.0,1.2401020526885986,0.7332569360733032,0.3001776337623596,0.5523733496665955
663,19.377970918476652,0.9521875000000002,-0.02407271631394,0.1260199099779129,-0.7069131731987,1.755082130432129,0.5246127843856812,0.30036211013793945,0.5119120478630066,0.08993291109800339,-0.5731271505355835,0.874603807926178,0.3976324796676636,0.3164445459842682,0.4836055636405945
664,0.18599920553601978,0.5784374999999999,0.3675687413440107,0.0,0.0,1.314692735671997,0.37580180168151855,0.33628880977630615,0.400947242975235,0.0,0.0,0.9575493931770325,0.6268508434295654,0.24710151553153992,0.592107355594635
665,0.13994418987471455,0.7381249999999999,0.5126271752585769,0.1301228553056717,-0.6081171035766602,1.3773705959320068,0.7063364386558533,0.3065680265426636,0.4829588830471039,0.08764701336622238,-0.5788534879684448,1.2401341199874878,0.45934799313545227,0.4569626748561859,0.45322856307029724
666,0.5612160413948567,0.83125,0.6837217277312255,0.0,0.0,0.9307413101196289,0.4586867094039917,0.301983505487442,0.4633820950984955,0.0,0.0,0.8938524723052979,0.7942662239074707,0.321137011051178,0.5697466135025024
667,0.1367012710366174,0.54125,0.36908090395220083,0.10438951104879379,-0.5857265591621399,0.7897581458091736,0.5321517586708069,0.35953089594841003,0.5052276253700256,0.08567722141742706,-0.44808459281921387,1.3325153589248657,0.7842810153961182,0.2577548325061798,0.5316317081451416
668,0.30450721755580074,0.80625,0.3833502001564088,0.0,0.0,1.0618830919265747,0.5694409608840942,0.3574153780937195,0.5775763392448425,0.0,0.0,0.9102289080619812,0.780487596988678,0.4117513597011566,0.616432249546051
669,0.04599728889769108,0.6259375,0.5484508789521112,0.12428907305002213,-0.6954020857810974,0.9210637211799622,0.8464892506599426,0.3533303737640381,0.654900312423706,0.09246016293764114,-0.44406047463417053,0.801839292049408,0.6052414178848267,0.2637556791305542,0.5650879144668579
670,0.024849355128570044,0.7587499999999999,0.968988029434367,0.0,0.0,0.7693626284599304,0.43825042247772217,0.3313169479370117,0.4501454532146454,0.0,0.0,1.2767066955566406,0.5593111515045166,0.3990856111049652,0.5082651972770691
671,0.24188548151860711,0.7184375,0.3641795714333863,0.08176987618207932,-0.5896393060684204,0.8873909711837769,0.5711492896080017,0.3292652368545532,0.45137086510658264,0.09483908116817474,-0.5477198362350464,1.0337837934494019,0.6800949573516846,0.2912925183773041,0.5889078974723816
672,0.037826895243229776,0.59375,0.548546832764433,0.0,0.0,0.952068567276001,0.7190052270889282,0.331398606300354,0.5961127281188965,0.0,0.0,1.5629080533981323,0.5010857582092285,0.4356985092163086,0.5174237489700317
673,0.04621169509596575,0.7915625000000001,0.8796364989405612,0.13150526583194733,-0.6267434358596802,1.504185676574707,0.406650185585022,0.37472814321517944,0.4687550663948059,0.16109389066696167,-0.5114187598228455,1.1520283222198486,0.6432259678840637,0.3454170227050781,0.5276654362678528
674,0.05289005563857489,0.6846875,0.604173354943484,0.0,0.0,0.855732798576355,0.4993465840816498,0.3752361238002777,0.4863263666629791,0.0,0.0,0.6631597280502319,0.5057240724563599,0.40674638748168945,0.47319358587265015
675,0.2134543274757772,0.683125,0.46186521721260104,0.1425689309835434,-0.7124468088150024,0.7117308974266052,0.48851388692855835,0.3897075057029724,0.4716949164867401,0.09415090084075928,-0.436259388923645,1.2069369554519653,0.3980003595352173,0.367572546005249,0.3907126784324646
676,0.0807591776853877,0.79625,0.8255633959037934,0.0,0.0,1.0425939559936523,0.5685229897499084,0.3502348065376282,0.42738258838653564,0.0,0.0,0.981360912322998,0.7273643016815186,0.36476796865463257,0.5150719881057739
677,0.0657482219361911,0.5862499999999999,0.40795846496582966,0.12535406649112701,-0.6703354120254517,0.8495305180549622,0.5317301750183105,0.3192146122455597,0.5507248044013977,0.07393646240234375,-0.5909581184387207,2.0765717029571533,1.5835866928100586,0.2682877480983734,0.8008105158805847
678,1.6494043131497058,0.8021875000000002,0.3806630273641072,0.0,0.0,1.581421136856079,0.775172233581543,0.3427160084247589,0.6288836002349854,0.0,0.0,0.755898118019104,0.4451064467430115,0.3221335709095001,0.4895557761192322
679,0.21596968235291336,0.5868749999999999,0.3633510929701835,0.13700821995735168,-0.5898904204368591,1.0117762088775635,0.5734261870384216,0.29704976081848145,0.5551894903182983,0.07060767710208893,-0.6230937838554382,1.657639980316162,0.378081738948822,0.3056618571281433,0.4285494387149811
680,0.06423303246121641,0.565625,0.5852449479497718,0.0,0.0,0.7792330384254456,0.43124210834503174,0.42863255739212036,0.5073906779289246,0.0,0.0,1.8821468353271484,0.6361290812492371,0.42990991473197937,0.4466138780117035
681,0.49471213424993116,0.66375,0.39210733814931203,0.15456052124500275,-0.5656554698944092,0.9907499551773071,0.5045986771583557,0.3615020513534546,0.5159221291542053,0.07216830551624298,-0.5130356550216675,2.1224987506866455,0.6272965669631958,0.44859015941619873,0.5117645263671875
682,0.06396926330436883,0.46843749999999995,0.36623660863515767,0.0,0.0,1.0027830600738525,0.44886600971221924,0.3307183086872101,0.4726121723651886,0.0,0.0,1.3748284578323364,0.856018602848053,0.3062867522239685,0.5308517813682556
683,0.10338880076653414,0.5271874999999999,0.6453935071291578,0.10352697968482971,-0.7419096231460571,1.3369896411895752,0.371773362159729,0.448955237865448,0.442947655916214,0.06721673160791397,-0.6134002804756165,1.3896620273590088,0.5705735683441162,0.43286627531051636,0.510765016078949
684,9.018211793887563,0.57875,-0.35862131407465153,0.0,0.0,1.1783756017684937,0.6200953125953674,0.3776288628578186,0.544254720211029,0.0,0.0,0.9352390170097351,0.5549646615982056,0.3161918520927429,0.5571169853210449
685,0.032879682737196825,0.6734375,0.8217284323801032,0.1023753434419632,-0.49712908267974854,0.927412748336792,0.6595940589904785,0.277387797832489,0.589892566204071,0.08635670691728592,-0.6004799008369446,2.2579598426818848,0.4872918725013733,0.4701893627643585,0.458182156085968
686,0.15443934175126667,0.7253125,0.6117106401188572,0.0,0.0,1.4517858028411865,0.5867513418197632,0.37851256132125854,0.49640220403671265,0.0,0.0,1.0037751197814941,0.856478214263916,0.3021956980228424,0.6281581521034241
687,0.3081724582029537,0.6840625000000001,0.5555912640163048,0.09777166694402695,-0.6712419390678406,1.554142713546753,0.7445924282073975,0.3610972762107849,0.627740204334259,0.0654357448220253,-0.5606696605682373,2.826843738555908,0.8689869046211243,0.271239310503006,0.5499813556671143
688,0.20513172630692886,0.7321875,0.6071447752939075,0.0,0.0,1.7086210250854492,0.499381422996521,0.2613471448421478,0.42371898889541626,0.0,0.0,0.9261574745178223,0.4605218768119812,0.4187260866165161,0.45035091042518616
689,0.1514520529000743,0.5853125,0.7027685404066084,0.14940215647220612,-0.532498836517334,1.3301669359207153,0.5377703905105591,0.3795710802078247,0.48957473039627075,0.08598069101572037,-0.5266218781471252,0.8778466582298279,0.4620217978954315,0.3364017605781555,0.41501131653785706
690,0.04726934657349105,0.5684375,0.5406054490830121,0.0,0.0,2.1793415546417236,0.5228431224822998,0.4416290819644928,0.5162783861160278,0.0,0.0,1.1460661888122559,0.37468221783638,0.41343194246292114,0.37440040707588196
691,0.04473338039917525,0.70625,0.5174904969943424,0.0980028510093689,-0.6626642942428589,0.9493817687034607,0.48437589406967163,0.4254654347896576,0.42116019129753113,0.12867750227451324,-0.5691542625427246,2.0275583267211914,0.7183794975280762,0.28439581394195557,0.5476564764976501
692,0.04576038448267559,0.5625,0.5234205109289792,0.0,0.0,1.381577730178833,0.4911782741546631,0.38348621129989624,0.49070048332214355,0.0,0.0,0.825858473777771,0.381523460149765,0.44591033458709717,0.44877418875694275
693,0.16163088667077088,0.7828125,0.684032592919029,0.12699371576309204,-0.5298764705657959,0.8286142349243164,0.5739645957946777,0.31401997804641724,0.43512076139450073,0.07279389351606369,-0.5532861948013306,1.1071267127990723,0.38922417163848877,0.4299043118953705,0.46133312582969666
694,0.17681090087955656,0.5453125,0.1077817478446729,0.0,0.0,0.969904899597168,0.49367862939834595,0.379491925239563,0.5023754835128784,0.0,0.0,1.8544169664382935,0.6511827707290649,0.2504262924194336,0.49063780903816223
695,0.03772533206626293,0.5196875000000001,0.6095130124686461,0.13051995635032654,-0.753842294216156,3.2505240440368652,1.023228645324707,0.2014082372188568,0.6778380870819092,0.04715113714337349,-0.5591096878051758,0.9956525564193726,0.6626912355422974,0.38391977548599243,0.540482223033905
696,0.11329403933855817,0.6703125,0.49417379809211653,0.0,0.0,2.119978666305542,0.9824880361557007,0.2912103533744812,0.591414213180542,0.0,0.0,1.1612545251846313,0.516219437122345,0.3063265085220337,0.5075356364250183
697,16.01438511211731,0.6015625,0.39453048238837113,0.11543049663305283,-0.7642924189567566,1.01860511302948,0.5502291917800903,0.3983610272407532,0.5781888365745544,0.06834696233272552,-0.49095427989959717,0.812458872795105,0.7419565916061401,0.2971390187740326,0.5751287937164307
698,0.1448482391594262,0.7465625,0.4211303841762842,0.0,0.0,1.1237249374389648,0.525092601776123,0.39180606603622437,0.5226088762283325,0.0,0.0,1.4446948766708374,0.6629247665405273,0.391556054353714,0.5245383977890015
699,0.02561230011668412,0.4953125,0.7321460368139456,0.14816983044147491,-0.6471341848373413,0.8568207025527954,0.5326184034347534,0.3603806793689728,0.46290719509124756,0.056191541254520416,-0.5144611597061157,1.287763237953186,0.8777948617935181,0.28892356157302856,0.629206120967865
700,15.93703568421987,0.66875,0.09714120589161593,0.0,0.0,0.9200938940048218,0.5716516971588135,0.3642628788948059,0.5224003195762634,0.0,0.0,2.3648548126220703,0.7585783004760742,0.2753869891166687,0.5515786409378052
701,11389.805021319142,0.6321874999999999,0.3508336890878855,0.10469715297222137,-0.6875690221786499,1.4668998718261719,0.41288837790489197,0.49012964963912964,0.4200398623943329,0.04813700541853905,-0.5538718700408936,1.3854433298110962,0.7717657089233398,0.3441406488418579,0.5179874300956726
702,1.2718669023028242,0.6696875,0.26139900160274643,0.0,0.0,1.1949832439422607,0.5932915210723877,0.40756696462631226,0.5183290839195251,0.0,0.0,2.037142753601074,0.5967894792556763,0.4243684709072113,0.5160511136054993
703,1.1485773772227301,0.8475000000000001,0.6427289927672355,0.1027987152338028,-0.6886362433433533,0.9216241240501404,0.7012283205986023,0.39023828506469727,0.5201998353004456,0.09829578548669815,-0.4390026926994324,1.6586885452270508,0.7627308368682861,0.19169963896274567,0.5419653058052063
704,0.14416650050851962,0.8246874999999999,0.4436035350259548,0.0,0.0,1.7984353303909302,0.5521293878555298,0.24328404664993286,0.48288437724113464,0.0,0.0,0.864408552646637,0.5188595056533813,0.3366081714630127,0.494687557220459
705,0.04765108095871453,0.5690624999999999,0.6642085296656239,0.07115684449672699,-0.560478687286377,1.5520180463790894,0.6530066132545471,0.3398174047470093,0.5511632561683655,0.08768125623464584,-0.4436085820198059,1.0793914794921875,0.6005696654319763,0.31932592391967773,0.463456392288208
706,0.12174189130063293,0.5893750000000001,0.4467043466333764,0.0,0.0,1.1024059057235718,0.6412338018417358,0.32126501202583313,0.5368105173110962,0.0,0.0,1.5862170457839966,0.7940356731414795,0.2416125237941742,0.5688343644142151
707,208.72808980237792,0.536875,0.02090138846942231,0.1963309794664383,-0.678411602973938,1.1057713031768799,0.565945565700531,0.39470037817955017,0.5006501078605652,0.08746461570262909,-0.502615213394165,1.2218408584594727,0.5206992626190186,0.3584257662296295,0.49073389172554016
708,0.03928244552946287,0.76375,0.8330399748291532,0.0,0.0,0.9427396059036255,0.6881920099258423,0.261206716299057,0.5248792171478271,0.0,0.0,1.399903655052185,0.4775705933570862,0.3486463129520416,0.48262080550193787
709,0.03687138431340657,0.818125,0.917050233089537,0.19715143740177155,-0.8432994484901428,2.4812095165252686,0.486572265625,0.567413330078125,0.4269179701805115,0.07607793062925339,-0.45762142539024353,1.0671908855438232,0.6740193963050842,0.2982199192047119,0.5855473279953003
710,75.27327421852792,0.8234375,0.41792092836229616,0.0,0.0,0.7486596703529358,0.46600252389907837,0.4322378635406494,0.44776439666748047,0.0,0.0,1.1759568452835083,0.6245921850204468,0.34764838218688965,0.5640615224838257
711,0.10175027730846864,0.6362500000000001,0.5164297110011958,0.10051906853914261,-0.7033764123916626,0.7738255262374878,0.4273757338523865,0.3946748971939087,0.3796984851360321,0.06240805983543396,-0.5166987180709839,0.8762166500091553,0.7328571081161499,0.26219817996025085,0.4947745203971863
712,0.6603198598571385,0.6715625000000001,0.3886910349155073,0.0,0.0,0.9566854238510132,0.468195378780365,0.45350944995880127,0.4143277108669281,0.0,0.0,1.7821440696716309,0.4724377989768982,0.3603021800518036,0.4793298840522766
713,1.5725248329343002,0.740625,0.5238930857139109,0.10492894798517227,-0.6645931601524353,1.3679945468902588,0.6953965425491333,0.2923579812049866,0.6516111493110657,0.12513883411884308,-0.4976379871368408,1.64622962474823,0.6126245260238647,0.3941342234611511,0.46527376770973206
714,0.15212641628252208,0.5925,0.43620606861610883,0.0,0.0,2.1154470443725586,0.594336986541748,0.2595445513725281,0.4631180167198181,0.0,0.0,1.1990853548049927,0.5967056155204773,0.27218902111053467,0.5921759009361267
715,27.333961514749877,0.5465625000000001,-0.26235039449285535,0.12343639880418777,-0.6038485169410706,1.9796656370162964,1.0071845054626465,0.2643487751483917,0.6035309433937073,0.052516382187604904,-0.5486146211624146,0.7470864653587341,0.6750575304031372,0.31193965673446655,0.525705099105835
716,0.282253903865363,0.720625,0.20077674899785758,0.0,0.0,0.8259534239768982,0.5979634523391724,0.37101054191589355,0.49867865443229675,0.0,0.0,1.7546871900558472,0.4955841302871704,0.3967101573944092,0.46907421946525574
717,4.077843290702766,0.9559374999999999,0.398557484749452,0.213857963681221,-0.6726964116096497,1.0014187097549438,0.6394026875495911,0.3115398585796356,0.45971837639808655,0.09033990651369095,-0.5306681990623474,1.7274914979934692,0.6422786712646484,0.4070131778717041,0.4806082248687744
718,0.1731519252095342,0.5334375,0.16903963583542225,0.0,0.0,1.3518321514129639,0.7416194081306458,0.41028159856796265,0.4900413751602173,0.0,0.0,1.112220287322998,0.6087156534194946,0.41476574540138245,0.5655961036682129
719,0.1330807360301747,0.665625,0.4154859388366554,0.1769828498363495,-0.6138861179351807,0.8949913382530212,0.5862516164779663,0.28031107783317566,0.5321959257125854,0.04661433398723602,-0.5948728322982788,1.1452956199645996,0.6342463493347168,0.37192103266716003,0.5031348466873169
720,2.321694203781261,0.7721875,0.13768715536742754,0.0,0.0,1.4148608446121216,0.554313063621521,0.24899765849113464,0.5558159351348877,0.0,0.0,0.8474822044372559,0.36621028184890747,0.408852756023407,0.39142563939094543
721,0.18307561173554623,0.6190625000000001,0.25632846726839376,0.0967007726430893,-0.6297020316123962,1.5856873989105225,1.0579570531845093,0.23731042444705963,0.6576324105262756,0.05141535401344299,-0.6612364649772644,1.4898384809494019,1.122155785560608,0.43209972977638245,0.6731368899345398
722,0.10881729030084877,0.5534375,0.4753660808947032,0.0,0.0,0.8651800751686096,0.45660853385925293,0.3087776005268097,0.4439207911491394,0.0,0.0,0.7870875000953674,0.6244176626205444,0.4322042167186737,0.45367950201034546
723,1.2834133852658849,0.7346875,0.19232111060263174,0.09102640300989151,-0.7757833003997803,0.9089211225509644,0.4451267123222351,0.36662429571151733,0.4692888557910919,0.148304745554924,-0.5879164934158325,0.9899636507034302,0.5534958839416504,0.35660871863365173,0.5210943222045898
724,0.06557093064327682,0.6359375,0.4970914093214474,0.0,0.0,1.5797215700149536,0.6273992657661438,0.38360103964805603,0.48553702235221863,0.0,0.0,2.331007719039917,1.0219546556472778,0.32017284631729126,0.5814885497093201
725,1.6659284948125812,0.721875,0.37305483598736194,0.13181088864803314,-0.5709000825881958,1.2396550178527832,0.8254991769790649,0.2909313142299652,0.7023034691810608,0.08039138466119766,-0.710037112236023,1.3448359966278076,0.6107392311096191,0.35410958528518677,0.5387815833091736
726,0.025786454528949315,0.725625,0.9757163659957231,0.0,0.0,0.8861722350120544,0.5816479921340942,0.2712262272834778,0.5990319848060608,0.0,0.0,1.0608097314834595,0.27357059717178345,0.4301671087741852,0.35732898116111755
727,0.27426504158881493,0.608125,0.6448828779960385,0.0796520933508873,-0.7802145481109619,1.2500752210617065,0.8516413569450378,0.3206903338432312,0.5487986207008362,0.08599309623241425,-0.6782761216163635,2.3794209957122803,0.825512707233429,0.32353508472442627,0.5482789278030396
728,0.1858855568382955,0.8712499999999999,0.3757733264575427,0.0,0.0,1.7301360368728638,0.6454988718032837,0.3415820002555847,0.555718183517456,0.0,0.0,1.4026989936828613,0.6241304278373718,0.32739123702049255,0.47511014342308044
729,0.4209109263277644,0.5959375,0.28660827463214067,0.1616162359714508,-0.6771349906921387,0.7479342222213745,0.5339998006820679,0.3164230287075043,0.4623572528362274,0.10606905817985535,-0.5589938163757324,2.041313409805298,0.6768218278884888,0.257703572511673,0.5156555771827698
730,7.494619840988828,0.84375,0.5673309078567277,0.0,0.0,1.7731680870056152,0.4687645733356476,0.3298904299736023,0.43630391359329224,0.0,0.0,1.3464027643203735,0.5623827576637268,0.3192782998085022,0.5279273390769958
731,1.5319558790762338,0.5115624999999999,0.17955434558250788,0.21238145232200623,-0.6029796600341797,1.096334457397461,0.7148599624633789,0.2843324840068817,0.5635945796966553,0.07708132266998291,-0.6499572396278381,1.1108694076538086,1.0435171127319336,0.4027770161628723,0.6445562839508057
732,0.2147244446649267,0.6543750000000002,0.37790969425669585,0.0,0.0,1.2951287031173706,0.963915228843689,0.35740941762924194,0.533326268196106,0.0,0.0,1.640216588973999,0.5039948225021362,0.29777172207832336,0.46844229102134705
733,755.1360118933098,0.6871875,0.5711933022084393,0.15033690631389618,-0.7482942342758179,0.9079674482345581,0.7325092554092407,0.32999512553215027,0.6015949845314026,0.05420944467186928,-0.6183016896247864,0.8562707901000977,0.6881938576698303,0.35337990522384644,0.5665730834007263
734,0.03713409055563675,0.5028124999999999,0.47584251289365537,0.0,0.0,1.4000377655029297,0.5499587059020996,0.37612542510032654,0.4887802302837372,0.0,0.0,0.962015688419342,0.49461454153060913,0.3562735319137573,0.4619031548500061
735,0.08617628226260798,0.7215625000000001,0.6797612214714877,0.14110229909420013,-0.5992060303688049,1.2630407810211182,0.6014508008956909,0.25074702501296997,0.5298185348510742,0.15328581631183624,-0.5525912046432495,1.9526114463806152,0.7827808856964111,0.36039286851882935,0.5513631105422974
736,3.7465006783918993,0.5462499999999999,0.1850516342714971,0.0,0.0,2.10036039352417,0.7536877393722534,0.46099215745925903,0.5056328773498535,0.0,0.0,1.6116795539855957,0.78519606590271,0.3768426775932312,0.5075525641441345
737,0.1029958343972098,0.5846875,0.6032234017137466,0.08748053014278412,-0.693020224571228,1.0394186973571777,0.4995878040790558,0.4128977656364441,0.47654157876968384,0.09011827409267426,-0.5674276351928711,2.0013623237609863,0.5465468168258667,0.4325176179409027,0.48081284761428833
738,0.7489947191393881,0.9896874999999999,-0.12117985623281657,0.0,0.0,0.8901815414428711,0.44163140654563904,0.3772237002849579,0.4295753836631775,0.0,0.0,1.2229074239730835,1.1065635681152344,0.3856185972690582,0.5876985788345337
739,0.16182697960220613,0.7640625,0.33146046158393394,0.09007154405117035,-0.6526092290878296,0.7239553928375244,0.5844680070877075,0.34022170305252075,0.4235902726650238,0.10967523604631424,-0.4930403232574463,1.0596290826797485,0.7912538051605225,0.30558454990386963,0.5812115669250488
740,1.587655428167866,0.599375,0.35365000542429037,0.0,0.0,0.9578402638435364,0.42779749631881714,0.4110371172428131,0.39438822865486145,0.0,0.0,1.9252989292144775,0.8865540623664856,0.22101134061813354,0.6041843295097351
741,307.549556164565,0.8271875,-0.036900579005590975,0.14976899325847626,-0.7775852680206299,1.3258943557739258,0.5774235725402832,0.4267091751098633,0.48962047696113586,0.084926076233387,-0.4405415654182434,2.06935715675354,0.5767415761947632,0.36462801694869995,0.4829574227333069
742,5.484887428077775,0.603125,-0.006530941805907142,0.0,0.0,0.941602349281311,0.49113428592681885,0.4315670132637024,0.5692362189292908,0.0,0.0,1.2527670860290527,0.4869651794433594,0.332670658826828,0.48192450404167175
743,0.04170756110488448,0.751875,0.636644275282302,0.13182349503040314,-0.7306162118911743,0.7790571451187134,0.5612995624542236,0.3494141697883606,0.5152245759963989,0.07507205009460449,-0.5362963080406189,1.098201870918274,0.6462962627410889,0.3367038071155548,0.4751628041267395
744,0.11383967861174579,0.7128125000000001,0.751223365719987,0.0,0.0,1.1283462047576904,0.5682377815246582,0.35374557971954346,0.48314720392227173,0.0,0.0,1.7093515396118164,0.48486757278442383,0.449682354927063,0.4231594502925873
745,0.15234882297433233,0.6384375,0.4071610508499566,0.12789203226566315,-0.8029723167419434,1.3699469566345215,1.0222280025482178,0.38189083337783813,0.6426024436950684,0.08388350158929825,-0.4847794771194458,1.9124796390533447,0.7190117835998535,0.23023374378681183,0.5747709274291992
746,0.08781228244853173,0.6125,0.41047574652618585,0.0,0.0,1.1080700159072876,0.6667286157608032,0.38045814633369446,0.49451595544815063,0.0,0.0,0.9773664474487305,0.5067731142044067,0.3708294928073883,0.4910620450973511
747,0.02879034039500312,0.7096875,0.8414152390001337,0.10623947530984879,-0.7270956039428711,1.1033596992492676,0.49866968393325806,0.3185923099517822,0.5465947389602661,0.06898047029972076,-0.5284900665283203,0.9553918838500977,0.660610556602478,0.3508297801017761,0.482137531042099
748,0.04144625293036601,0.5840625,0.5369146976796575,0.0,0.0,0.852287769317627,0.7056938409805298,0.4431551396846771,0.4721035659313202,0.0,0.0,1.1529370546340942,0.5525953769683838,0.41750040650367737,0.4639144837856293
749,0.2772965751404132,0.8168750000000001,0.25745073614223984,0.11443863809108734,-0.780295729637146,1.18258798122406,0.5332067012786865,0.4137052893638611,0.5045913457870483,0.1013982966542244,-0.6467692852020264,1.2553611993789673,1.124773621559143,0.3363529145717621,0.7385499477386475
750,0.19758854765335437,0.5221875,0.42812600086727287,0.0,0.0,1.9030671119689941,1.119816780090332,0.3343583047389984,0.6837292313575745,0.0,0.0,0.73670893907547,0.48634642362594604,0.3867787718772888,0.45262840390205383
751,232.24997466519397,0.553125,-0.3079679562771519,0.08847952634096146,-0.8031946420669556,1.775348424911499,0.778760552406311,0.27866554260253906,0.5291085839271545,0.07531911134719849,-0.7033852338790894,1.0757991075515747,0.5270134210586548,0.3447008728981018,0.5303356647491455
752,3.976399429837423,0.9118749999999999,0.3189231183263803,0.0,0.0,1.8608084917068481,0.897110104560852,0.321918249130249,0.5238111019134521,0.0,0.0,1.4817836284637451,0.5410888195037842,0.2927883267402649,0.5267156958580017
753,0.20562165386515358,0.8109375,0.5950656665124272,0.11592774093151093,-0.8082053661346436,1.09774911403656,0.6291481256484985,0.2846453785896301,0.5847318768501282,0.08593736588954926,-0.7407375574111938,1.9871422052383423,0.4996813237667084,0.3352593779563904,0.4892500042915344
754,0.07307587685266992,0.6475000000000001,0.4676214505838173,0.0,0.0,1.2976499795913696,0.7160528302192688,0.40813305974006653,0.5301299691200256,0.0,0.0,1.719949722290039,0.9206516742706299,0.2392377257347107,0.7052626013755798
755,0.05701518986719902,0.6359375,0.578004967716466,0.09858043491840363,-0.6536082029342651,2.563521146774292,0.7180945873260498,0.1732000857591629,0.5686347484588623,0.1066289097070694,-0.5116800665855408,0.971192479133606,0.5143667459487915,0.3028726577758789,0.48317909240722656
756,0.15455215832517535,0.58375,0.44125567813457706,0.0,0.0,1.318963646888733,0.617557942867279,0.23466479778289795,0.5123830437660217,0.0,0.0,0.6979014873504639,0.29170912504196167,0.3472594618797302,0.4437697231769562
757,0.0651205695465809,0.6268750000000001,0.6953641078008532,0.12993870675563812,-0.6982277035713196,0.8874703049659729,0.8686739206314087,0.2733331024646759,0.608240008354187,0.10924854129552841,-0.48373955488204956,1.2862142324447632,0.9156400561332703,0.23298361897468567,0.6252637505531311
758,0.6666263229564475,0.650625,0.6938200434982167,0.0,0.0,1.6383867263793945,0.6061302423477173,0.4514542520046234,0.5072770118713379,0.0,0.0,2.774966239929199,0.5251495242118835,0.43749403953552246,0.43273869156837463
759,0.4129774350451692,0.5359375,0.6621838216470863,0.10423097014427185,-0.7350221872329712,1.2388932704925537,0.6872611045837402,0.38434067368507385,0.5556125044822693,0.06582605093717575,-0.4726049304008484,1.042996883392334,0.7805795669555664,0.25111904740333557,0.5929486751556396
760,0.6807421372759974,0.6146874999999999,-0.08521503736538,0.0,0.0,1.388764500617981,0.47720369696617126,0.20286208391189575,0.47683313488960266,0.0,0.0,1.045674204826355,0.6509380340576172,0.3355315923690796,0.5004222393035889
761,0.7696589959415416,0.661875,0.2906094558961255,0.12749367952346802,-0.5979383587837219,1.0893069505691528,0.5191783905029297,0.3599729835987091,0.42970189452171326,0.1335417926311493,-0.6074965596199036,1.0917161703109741,0.49840840697288513,0.37629127502441406,0.3840501606464386
762,0.16846673760103648,0.7246874999999999,0.5714088021233673,0.0,0.0,1.7422047853469849,0.731628954410553,0.36713284254074097,0.5165340900421143,0.0,0.0,1.8724530935287476,0.6272009015083313,0.41428500413894653,0.4529925286769867
763,0.31376223476034476,0.5818749999999999,0.334307570644779,0.1464744210243225,-0.6378567218780518,0.9314272999763489,0.7821385860443115,0.2252725064754486,0.6065448522567749,0.08766983449459076,-0.5859181880950928,2.1084887981414795,0.5569279193878174,0.3899618685245514,0.52760249376297
764,73.93691408153732,0.865625,0.2553343505849735,0.0,0.0,1.0562868118286133,0.6864650249481201,0.2932741045951843,0.5518636703491211,0.0,0.0,1.049216389656067,0.42997419834136963,0.43898648023605347,0.4132883548736572
765,1.209014721767296,0.7921875,0.05341011635693813,0.11957735568284988,-0.6289399862289429,2.016608476638794,0.7615081071853638,0.3927772045135498,0.5613959431648254,0.08925148844718933,-0.540225625038147,1.7253310680389404,0.6556817293167114,0.2556513249874115,0.5260055661201477
766,0.12459051879691052,0.6228125,0.4066382629062453,0.0,0.0,1.1748429536819458,0.6376047134399414,0.29310399293899536,0.6074748635292053,0.0,0.0,2.335066080093384,1.0479378700256348,0.3236495852470398,0.5752094388008118
767,2.569595223836908,0.5962500000000001,0.661989970875459,0.10861758887767792,-0.6715538501739502,2.087472915649414,0.5625501871109009,0.4174099862575531,0.4617552161216736,0.10747472941875458,-0.6181405782699585,1.8120194673538208,0.6363781690597534,0.42783409357070923,0.4738466441631317
768,0.868211652479365,0.5796875,0.03055686210805057,0.0,0.0,0.9021012187004089,0.5434507131576538,0.3412077724933624,0.47987934947013855,0.0,0.0,1.5140825510025024,0.385006308555603,0.443748414516449,0.4036935567855835
769,0.03155079692869324,0.6271875,0.6487800855251858,0.1393837332725525,-0.7501482367515564,1.3935785293579102,0.6731277704238892,0.38970494270324707,0.5722833275794983,0.10217703133821487,-0.6516294479370117,2.497283697128296,0.46403825283050537,0.2610013782978058,0.4373793303966522
770,0.08713683944049802,0.709375,0.7258022164614142,0.0,0.0,0.9073444604873657,0.5848374962806702,0.27440062165260315,0.49725353717803955,0.0,0.0,1.2197775840759277,0.7808574438095093,0.4180229604244232,0.5642883777618408
771,4.174712966930079,0.6981249999999999,0.1126423112445089,0.1013626828789711,-0.6704534292221069,1.8508509397506714,0.45120978355407715,0.40488678216934204,0.43926018476486206,0.07055466622114182,-0.5816864371299744,2.399082660675049,0.6240854263305664,0.21253007650375366,0.4948490858078003
772,0.0965286147513422,0.71625,0.573170349481894,0.0,0.0,1.7007849216461182,0.6347697377204895,0.2590204179286957,0.5121718645095825,0.0,0.0,1.8608931303024292,0.8942748308181763,0.23922978341579437,0.5544291734695435
773,0.5736723702968762,0.7206250000000001,0.42471722857389577,0.193431556224823,-0.7859446406364441,0.8291210532188416,0.547083854675293,0.33173656463623047,0.5397317409515381,0.08970917016267776,-0.7264906167984009,2.0907392501831055,0.8728006482124329,0.2652921974658966,0.6305515170097351
774,0.01908288124687098,0.4971875,0.7359156632597731,0.0,0.0,1.1579540967941284,0.6535249948501587,0.3755223751068115,0.5659863352775574,0.0,0.0,2.45833158493042,0.7787833213806152,0.2342066615819931,0.5043848156929016
775,0.20699764796299913,0.7665625,0.4731889414834825,0.07946619391441345,-0.8382539749145508,1.041221261024475,0.6078007221221924,0.4111374616622925,0.4650719463825226,0.22566638886928558,-0.6234521269798279,0.8317118287086487,0.616231381893158,0.28740832209587097,0.5435644388198853
776,0.12404789405988567,0.738125,0.4665806717242216,0.0,0.0,0.9407274127006531,0.6088749766349792,0.3737484812736511,0.5596858859062195,0.0,0.0,1.0702558755874634,0.3280182480812073,0.38019174337387085,0.3775942921638489
777,0.5538124597594505,0.5800000000000001,0.31908590570984413,0.11838465183973312,-0.843332827091217,1.8284021615982056,0.658916175365448,0.33343786001205444,0.46470513939857483,0.08841069787740707,-0.6671090126037598,2.3982770442962646,0.6210595965385437,0.4958149194717407,0.5489187240600586
778,0.6145859614633283,0.803125,0.3198462873735354,0.0,0.0,1.6500564813613892,0.45670560002326965,0.3320571780204773,0.4606238901615143,0.0,0.0,1.7804863452911377,1.0525918006896973,0.21895891427993774,0.6332085132598877
779,0.07439295881323851,0.6115625,0.5433264651133545,0.11442756652832031,-0.7089195847511292,0.9984758496284485,0.6418464183807373,0.3129878342151642,0.5474749207496643,0.1412961632013321,-0.602743923664093,1.9923608303070068,0.5873665809631348,0.3558169901371002,0.4382535517215729
780,0.05732433880411179,0.8171875,0.9108014254872782,0.0,0.0,1.387486457824707,0.4553396701812744,0.27257782220840454,0.45566800236701965,0.0,0.0,1.9693118333816528,0.4646245241165161,0.39527708292007446,0.46448251605033875
781,0.024781585486900966,0.6684375,0.8285668378546875,0.12443111836910248,-0.7970888018608093,0.8855599164962769,0.48885202407836914,0.41078072786331177,0.4665835201740265,0.12413663417100906,-0.6251952648162842,1.0037375688552856,0.399100124835968,0.35896721482276917,0.43826398253440857
782,0.02510465293753896,0.678125,0.8585499381257226,0.0,0.0,1.1422550678253174,0.6727890968322754,0.36675888299942017,0.6042941808700562,0.0,0.0,2.272409439086914,0.6007059812545776,0.45260608196258545,0.5200961828231812
783,0.11443737216051635,0.5834374999999999,0.494512176323742,0.19732926785945892,-0.6504215002059937,1.1923513412475586,0.5748213529586792,0.3342054486274719,0.49076664447784424,0.11664848774671555,-0.5712389349937439,1.1904524564743042,0.7718393206596375,0.26811516284942627,0.6422160863876343
784,0.34716157568073325,0.6893750000000001,0.5631881019299728,0.0,0.0,0.7052645087242126,0.38680940866470337,0.37699592113494873,0.4664788246154785,0.0,0.0,1.0116591453552246,0.45944103598594666,0.2987905442714691,0.43350112438201904
785,17.11110215766587,0.6875,0.39860702129238706,0.13768106698989868,-0.6752862334251404,0.9768208861351013,0.7071546316146851,0.264688104391098,0.5527477264404297,0.17634251713752747,-0.6254812479019165,1.8312604427337646,0.47733360528945923,0.41514158248901367,0.4302210807800293
786,1.1671145193302996,0.7225000000000001,0.5496867269020029,0.0,0.0,1.3634471893310547,0.7770878076553345,0.32622647285461426,0.6239050030708313,0.0,0.0,1.4515024423599243,0.9619336724281311,0.25020313262939453,0.6703656911849976
787,0.07383553221600911,0.5331250000000001,0.37206620287610687,0.11955839395523071,-0.7749775648117065,1.0318784713745117,0.5481364727020264,0.41250789165496826,0.46906325221061707,0.11051348596811295,-0.7136118412017822,0.8801224231719971,0.5626948475837708,0.3694342374801636,0.47325658798217773
788,0.33761570271944835,0.7396874999999999,0.28977660310037895,0.0,0.0,1.1450165510177612,0.7364615201950073,0.27436673641204834,0.5638203620910645,0.0,0.0,0.8142794370651245,0.5339756011962891,0.39636850357055664,0.46715208888053894
789,0.09805954004064184,0.8534375000000001,0.7289278983661365,0.13199156522750854,-0.6945892572402954,1.317573070526123,0.538273811340332,0.3864276111125946,0.5249823927879333,0.15822014212608337,-0.6580407619476318,0.8122241497039795,0.5865552425384521,0.3733780086040497,0.48699951171875
790,0.6297088600093583,0.6384375,0.29267871757179165,0.0,0.0,0.8756901621818542,0.5591692328453064,0.23928193747997284,0.5168180465698242,0.0,0.0,1.1402820348739624,0.6722496747970581,0.35442572832107544,0.4948681890964508
791,1.2661497143444636,0.6490625,0.05120384425485053,0.10940007120370865,-0.7702388763427734,2.244985818862915,0.5233273506164551,0.48461100459098816,0.37154024839401245,0.07458548247814178,-0.7114520072937012,1.1196402311325073,0.8920888304710388,0.37367838621139526,0.5562998056411743
792,1.2487811771549064,0.7625,0.15423654286506483,0.0,0.0,1.9109693765640259,0.5450792908668518,0.4280884265899658,0.4562056064605713,0.0,0.0,2.164262533187866,0.5891255140304565,0.30420729517936707,0.4785456955432892
793,0.3477506976169953,0.7096875,0.352024045770926,0.11243384331464767,-0.6694160103797913,1.6929367780685425,0.8052889108657837,0.28261178731918335,0.5835472345352173,0.10088107734918594,-0.6891441345214844,1.2713732719421387,0.595822811126709,0.3512669503688812,0.4975447654724121
794,0.05160204669614229,0.61,0.5117545014996226,0.0,0.0,0.9728906154632568,0.6172004342079163,0.38537314534187317,0.5284358859062195,0.0,0.0,1.0156090259552002,0.4737192988395691,0.3501637876033783,0.48730605840682983
795,2.5172908573112713,0.6625,0.5643333548050513,0.10683543235063553,-0.7799452543258667,1.9619579315185547,0.7900359630584717,0.288097083568573,0.614371657371521,0.10064832121133804,-0.6846199035644531,0.8324006795883179,0.5201683044433594,0.38169988989830017,0.4837537705898285
796,0.10792972067672016,0.8903125,0.7167354781590518,0.0,0.0,1.9056645631790161,0.5881294012069702,0.4154404401779175,0.428073912858963,0.0,0.0,1.0645805597305298,0.6798308491706848,0.2969864010810852,0.5538211464881897
797,0.07865192937276307,0.7021875,0.7279885456638484,0.12388592958450317,-0.8239502310752869,2.2009124755859375,1.0001822710037231,0.2817559242248535,0.6259848475456238,0.09350743144750595,-0.6624740362167358,1.9657397270202637,0.3441484570503235,0.4318076968193054,0.3955323398113251
798,30.099487826161997,0.6621874999999999,0.1779105670111856,0.0,0.0,2.3060107231140137,0.7356314659118652,0.34186381101608276,0.455665647983551,0.0,0.0,1.7364245653152466,0.7737678289413452,0.241956889629364,0.5726953744888306
799,0.0911256333916191,0.62625,0.5409888320378452,0.10907487571239471,-0.7806605100631714,1.5685230493545532,0.4308335483074188,0.4704163074493408,0.44571447372436523,0.11526964604854584,-0.6105823516845703,1.0723965167999268,0.6306610107421875,0.34274640679359436,0.5022778511047363
800,3.650161827512432,0.8112499999999999,0.22589330240548233,0.0,0.0,1.2155508995056152,0.5624899864196777,0.3720167279243469,0.4413873255252838,0.0,0.0,0.9737890958786011,0.6151517033576965,0.38239526748657227,0.5020525455474854
801,0.3236662698872223,0.6900000000000001,0.2724274966509831,0.11515678465366364,-0.6244930028915405,1.5509268045425415,0.6806047558784485,0.22711336612701416,0.6789104342460632,0.049888283014297485,-0.47000181674957275,2.0123894214630127,1.0433146953582764,0.14031611382961273,0.5870964527130127
802,0.05226394138553144,0.69625,0.5756546756050498,0.0,0.0,2.5425491333007812,0.5845688581466675,0.46689826250076294,0.4988647699356079,0.0,0.0,1.29538094997406,0.6014838218688965,0.4031676650047302,0.3979473412036896
803,0.10828790666717518,0.6221875,0.39600178179962164,0.14619210362434387,-0.8538442850112915,1.0935193300247192,0.6002069711685181,0.3958885073661804,0.5532411932945251,0.06831403076648712,-0.6517547369003296,0.7264677286148071,0.46780645847320557,0.37948113679885864,0.43352818489074707
804,0.05564863513463918,0.7515625,0.6179086006715714,0.0,0.0,1.0938501358032227,0.5387939214706421,0.4353477358818054,0.5122587084770203,0.0,0.0,1.575296401977539,0.46120601892471313,0.3596941828727722,0.4364502429962158
805,0.600099652231173,0.624375,0.3988109992349032,0.11838998645544052,-0.8748587369918823,1.0373934507369995,0.5202414393424988,0.3915850520133972,0.526698648929596,0.12718380987644196,-0.6516273021697998,1.6388089656829834,0.5717119574546814,0.4390037953853607,0.4911127984523773
806,0.18784462131156063,0.5709375,0.35460680312955434,0.0,0.0,0.9668508172035217,0.5329139828681946,0.3381885290145874,0.5189677476882935,0.0,0.0,1.0137609243392944,0.7563363909721375,0.39316898584365845,0.526007354259491
807,74.60678306489332,0.68125,0.3354922072386904,0.11317307502031326,-0.742146909236908,1.1286606788635254,0.45449012517929077,0.39494240283966064,0.4674849510192871,0.05596267804503441,-0.6304211616516113,1.2776817083358765,0.6859572529792786,0.3080204129219055,0.567582368850708
808,0.18308431914083836,0.5378125,0.14144427758115885,0.0,0.0,2.5603244304656982,0.8984168171882629,0.24873855710029602,0.6268474459648132,0.0,0.0,0.7943317890167236,0.5720959901809692,0.3714667856693268,0.49675700068473816
809,0.1953190205752328,0.7278125,0.5107994223057117,0.1350252777338028,-0.7193102240562439,0.7831814885139465,0.43633437156677246,0.339936226606369,0.46275946497917175,0.07550572603940964,-0.6601269841194153,0.8653386831283569,0.5328553318977356,0.34004420042037964,0.48245513439178467
810,0.08489212512532913,0.6849999999999999,0.4376650778988312,0.0,0.0,1.7338615655899048,0.6052331924438477,0.29816922545433044,0.5187433362007141,0.0,0.0,1.094535231590271,0.8046735525131226,0.3483656644821167,0.5481265187263489
811,25555.72438179222,0.6003125,0.3815873836518987,0.1876300722360611,-0.7755298614501953,0.9571471810340881,0.6434632539749146,0.40719062089920044,0.4532776474952698,0.08441309630870819,-0.5890824198722839,1.0776562690734863,0.5701934695243835,0.32908710837364197,0.42729297280311584
812,4.261646099614343,0.9053125000000002,-0.07397515452017364,0.0,0.0,1.0213717222213745,0.5928743481636047,0.33567529916763306,0.5604779720306396,0.0,0.0,1.3895783424377441,0.6494536995887756,0.4621473550796509,0.4922073185443878
813,0.17851297896125923,0.6050000000000001,0.554875572713744,0.17278622090816498,-0.6934465169906616,1.6717233657836914,0.52825927734375,0.354262113571167,0.4735792875289917,0.17625130712985992,-0.7261627912521362,0.8894667029380798,0.5656992197036743,0.37573352456092834,0.5132838487625122
814,0.5669938027217916,0.6259374999999999,0.6632121538686448,0.0,0.0,1.1001689434051514,0.49130767583847046,0.3720260560512543,0.44224491715431213,0.0,0.0,0.9198383688926697,0.5857347249984741,0.38745081424713135,0.4376057982444763
815,0.651958384183495,0.8359375,0.6129727233700623,0.1378508359193802,-0.7805011868476868,0.8451862335205078,0.5780189037322998,0.3488808870315552,0.4659024775028229,0.08497774600982666,-0.6680719256401062,1.1599081754684448,0.7971079349517822,0.3300272226333618,0.5882248878479004
816,164.22376113275212,0.39875,-0.1636432380372818,0.0,0.0,0.6934648156166077,0.4368942677974701,0.31180083751678467,0.4851399064064026,0.0,0.0,1.0980825424194336,0.691146969795227,0.3677038550376892,0.5445837378501892
817,0.9178440404692116,0.43656249999999996,0.22687979031041436,0.11554984748363495,-0.7457321882247925,1.7324225902557373,0.9215768575668335,0.20463737845420837,0.665300190448761,0.06063508614897728,-0.665381669998169,1.304142951965332,0.6589553356170654,0.3994751572608948,0.5161638855934143
818,0.6208855328817519,0.5909375000000001,0.3099264987372213,0.0,0.0,1.5037119388580322,0.6904391646385193,0.2682096064090729,0.5854003429412842,0.0,0.0,1.2560840845108032,0.46972334384918213,0.3978966176509857,0.4848383665084839
819,1.0945875264793183,0.5625,0.0025945798303327995,0.14613144099712372,-0.6383987069129944,0.916282594203949,0.41596126556396484,0.3024584650993347,0.47818872332572937,0.0600203238427639,-0.6578161716461182,0.8936256170272827,0.6079919338226318,0.34048715233802795,0.5040897727012634
820,0.0876099156252437,0.6084375,0.5120412655302722,0.0,0.0,1.0813087224960327,0.7805196046829224,0.38590189814567566,0.594910204410553,0.0,0.0,0.672912061214447,0.3754851818084717,0.4196915626525879,0.46599701046943665
821,0.2609255362025309,0.7815624999999999,0.43423904798359486,0.07116986066102982,-0.78615403175354,0.8524903059005737,0.5913974046707153,0.26506343483924866,0.5157304406166077,0.07420915365219116,-0.7190626263618469,1.2742846012115479,0.7032467126846313,0.3868106007575989,0.5147848725318909
822,0.12123080884953907,0.6346875,0.4364732570148492,0.0,0.0,2.375457525253296,0.6929703950881958,0.345020592212677,0.5928813815116882,0.0,0.0,0.9783129096031189,0.5100170373916626,0.37022554874420166,0.4724593460559845
823,0.3013693313269867,0.7571874999999999,0.6438286815557615,0.12910252809524536,-0.7976720333099365,0.7428140640258789,0.5277947187423706,0.3327326774597168,0.5408446788787842,0.06717263907194138,-0.6409018039703369,1.2428706884384155,0.8972206115722656,0.29512619972229004,0.49573156237602234
824,1.1449975551707239,0.60375,0.3794845072792806,0.0,0.0,0.8540436029434204,0.5149980783462524,0.3599954843521118,0.5024352669715881,0.0,0.0,1.0934290885925293,0.7265290021896362,0.36132675409317017,0.49896737933158875
825,0.06482258756861756,0.6521874999999999,0.4495309852511095,0.15013279020786285,-0.789553165435791,1.0759673118591309,0.783577561378479,0.41322898864746094,0.551533043384552,0.06597920507192612,-0.6836631298065186,1.596896767616272,0.8601162433624268,0.27962350845336914,0.5688014030456543
826,1.643807676199425,0.78875,0.23692616204038827,0.0,0.0,1.82314932346344,0.750980019569397,0.3587797284126282,0.5773518681526184,0.0,0.0,2.274242877960205,0.6098636388778687,0.26506203413009644,0.4592370390892029
827,0.028025703376474982,0.5203125,0.8018238346453673,0.1640932857990265,-0.6409928798675537,2.5270767211914062,0.5826067328453064,0.43047183752059937,0.4351702332496643,0.0575312040746212,-0.5686960220336914,1.7302273511886597,1.1103031635284424,0.2681993842124939,0.6856183409690857
828,160.40837693684296,0.730625,0.2167129367112523,0.0,0.0,1.3420737981796265,0.6956354975700378,0.4161015450954437,0.45186248421669006,0.0,0.0,1.2459076642990112,0.6249277591705322,0.3211246728897095,0.5534127354621887
829,0.06268688908284473,0.55,0.58123797812446,0.12499012053012848,-0.7041870951652527,1.7880802154541016,0.5447754263877869,0.36964115500450134,0.4278399646282196,0.07709125429391861,-0.6750121116638184,1.088332176208496,0.864581823348999,0.33008918166160583,0.5433134436607361
830,0.04327843738244511,0.5953125,0.6182981855022224,0.0,0.0,1.3152905702590942,0.6890336275100708,0.25702932476997375,0.5635083317756653,0.0,0.0,2.4931232929229736,0.6293213367462158,0.43946897983551025,0.5091042518615723
831,69.99740630065202,0.5662499999999999,0.22188841994659106,0.12282533943653107,-0.6858091950416565,1.3233648538589478,0.5218982100486755,0.2909763753414154,0.5043772459030151,0.14190137386322021,-0.6352768540382385,1.2125080823898315,0.693992018699646,0.28641489148139954,0.540320634841919
832,21.54084448837818,0.586875,-0.10356743586736088,0.0,0.0,2.001908779144287,0.7615966200828552,0.3141622841358185,0.5024887919425964,0.0,0.0,0.831341564655304,0.3193034529685974,0.33023637533187866,0.41798028349876404
833,0.07314286472591909,0.5362499999999999,0.5232047125402739,0.17251010239124298,-0.7249117493629456,1.0884238481521606,0.5028905868530273,0.3532136082649231,0.38107335567474365,0.12199185788631439,-0.6786082983016968,2.0089783668518066,0.6889544129371643,0.283868670463562,0.5578886866569519
834,0.13421665951613876,0.7612500000000001,0.5581413908927516,0.0,0.0,1.1448149681091309,0.5750230550765991,0.3701561689376831,0.48629626631736755,0.0,0.0,1.05619215965271,0.46976029872894287,0.36405542492866516,0.5117021203041077
835,102.26721973800524,0.52125,0.30967745659845536,0.16049356758594513,-0.752129077911377,1.0033162832260132,0.6802150011062622,0.34128445386886597,0.5457053780555725,0.15371298789978027,-0.6318156123161316,1.261282205581665,0.6698262691497803,0.34181517362594604,0.580321192741394
836,0.03685716096426672,0.7265625,0.7565115061655036,0.0,0.0,1.0001680850982666,0.509511411190033,0.43579337000846863,0.48741286993026733,0.0,0.0,1.4381072521209717,0.5449234247207642,0.37186628580093384,0.4135374426841736
837,0.043212404853694666,0.6653125,0.6585980307913676,0.1660986989736557,-0.7993881702423096,0.8257032036781311,0.5351572036743164,0.39633163809776306,0.49604400992393494,0.06285713613033295,-0.5750974416732788,2.24817156791687,0.5685385465621948,0.3834722638130188,0.44816190004348755
838,0.167468875406944,0.7649999999999999,0.5139445573227895,0.0,0.0,1.4743854999542236,0.6423828601837158,0.43249255418777466,0.4638678729534149,0.0,0.0,1.8042900562286377,1.586167335510254,0.2881857752799988,0.7452873587608337
839,0.21253953571862444,0.5518749999999999,0.42280562868345867,0.135590597987175,-0.8065495491027832,1.1182008981704712,0.5697357654571533,0.3402264714241028,0.5071096420288086,0.03766733780503273,-0.7299189567565918,2.9267494678497314,0.5701357126235962,0.5032725930213928,0.4475647211074829
840,0.023455718999505278,0.7675000000000001,0.9437581048317284,0.0,0.0,0.9834267497062683,0.5743051767349243,0.3170096278190613,0.5140570402145386,0.0,0.0,1.3511996269226074,0.5359480977058411,0.4175608158111572,0.4340226352214813
841,15.142881210892664,0.621875,-0.32580169805974163,0.15506765246391296,-0.8429441452026367,1.3981270790100098,0.9306290149688721,0.3065924644470215,0.5904083251953125,0.12047850340604782,-0.6983977556228638,1.478532314300537,0.5658270120620728,0.39415982365608215,0.4520072042942047
842,0.09274357886978317,0.525,0.4996313523846553,0.0,0.0,0.7648582458496094,0.4624744951725006,0.325134813785553,0.5037285685539246,0.0,0.0,0.6623184680938721,0.3791908621788025,0.42589306831359863,0.34956541657447815
843,1.5651884685118511,0.72,0.4284518946823592,0.09922608733177185,-0.7967900037765503,1.056148886680603,0.8793432712554932,0.3572204113006592,0.5562422871589661,0.16640383005142212,-0.8213430643081665,1.921713948249817,0.6995279788970947,0.3762860596179962,0.48392993211746216
844,0.15065577565715266,0.615625,0.4044223044994718,0.0,0.0,0.7143359184265137,0.39213085174560547,0.3413048982620239,0.4565175175666809,0.0,0.0,1.1747777462005615,0.5084416270256042,0.42513710260391235,0.4360477030277252
845,0.43082448415411045,0.6190625,0.15940145525691454,0.11336173862218857,-0.9012035131454468,1.0734169483184814,0.46028581261634827,0.3161390423774719,0.4949539303779602,0.0853021889925003,-0.8325727581977844,1.225898265838623,0.7177103757858276,0.3886851370334625,0.5875039100646973
846,0.18121833362357478,0.6368750000000001,0.47879391369594665,0.0,0.0,1.2822957038879395,0.4977986812591553,0.4278590679168701,0.4517553448677063,0.0,0.0,1.6763657331466675,0.6146367192268372,0.4026818871498108,0.49865013360977173
847,0.049280781323721295,0.6012500000000001,0.5312689580245197,0.1576256901025772,-0.7764374017715454,0.9094196557998657,0.3845158815383911,0.31390833854675293,0.40562546253204346,0.07241382449865341,-0.7235901951789856,2.3034110069274902,0.8372306823730469,0.27229079604148865,0.604147732257843
848,0.19811973794959095,0.778125,0.48653855731298756,0.0,0.0,1.2590302228927612,0.6479609608650208,0.24102003872394562,0.5282616019248962,0.0,0.0,1.8268159627914429,0.8211880922317505,0.3264021575450897,0.504846453666687
849,1.4552811405878916,0.786875,0.32764332145037167,0.15789905190467834,-0.7675842046737671,0.952368438243866,0.46565699577331543,0.3120728135108948,0.43742305040359497,0.04633398354053497,-0.6970089077949524,1.456712245941162,0.5691514015197754,0.3597915768623352,0.5132401585578918
850,0.28875187112803735,0.6431250000000001,0.5552726800511695,0.0,0.0,1.0240468978881836,0.5367347598075867,0.32414644956588745,0.4580300748348236,0.0,0.0,1.205732822418213,0.877041220664978,0.39472496509552,0.5684419870376587
851,0.10382714576377317,0.5893750000000001,0.41342143278991017,0.10917774587869644,-0.7898181676864624,1.3055046796798706,0.784946084022522,0.3950161039829254,0.5461701154708862,0.14928609132766724,-0.6529721617698669,0.9425244927406311,0.6741436719894409,0.38595807552337646,0.5088881254196167
852,0.04481561540473992,0.603125,0.541545786810228,0.0,0.0,1.4918807744979858,0.7311050891876221,0.4493277072906494,0.6123113036155701,0.0,0.0,0.8640922904014587,0.43882888555526733,0.40405088663101196,0.4219540059566498
853,0.2153802969367668,0.7353125,0.6358652340645191,0.10096725076436996,-0.7840349674224854,1.2503619194030762,0.36919283866882324,0.36496978998184204,0.4239700734615326,0.11327985674142838,-0.7521608471870422,0.9373429417610168,0.6560536623001099,0.442935049533844,0.5057191848754883
854,0.3480121746746086,0.6190625,0.582432750242733,0.0,0.0,1.1658092737197876,0.6894513368606567,0.3077299892902374,0.5239499807357788,0.0,0.0,1.936668872833252,0.4839414656162262,0.48796823620796204,0.39352840185165405
855,0.14890915853254488,0.6625,0.4897635049481825,0.10425084829330444,-0.8102114200592041,1.1368497610092163,0.49326637387275696,0.3370925188064575,0.49327436089515686,0.06173468753695488,-0.6064865589141846,1.38474702835083,1.1997475624084473,0.3167409896850586,0.5869415998458862
856,0.1634863283752856,0.70875,0.43177088119998597,0.0,0.0,1.548689365386963,0.4574059844017029,0.4212367832660675,0.46453145146369934,0.0,0.0,2.145409107208252,1.116403341293335,0.30631861090660095,0.6522395014762878
857,0.17486420585838425,0.69625,0.7730544109366301,0.14372895658016205,-0.8243893980979919,1.8843269348144531,0.44141530990600586,0.4202200770378113,0.4171828329563141,0.0423680804669857,-0.5405264496803284,1.1959742307662964,0.7836164236068726,0.2635704278945923,0.6238059997558594
858,0.13118071983850557,0.63625,0.5973734570414703,0.0,0.0,0.9157824516296387,0.6102514266967773,0.33156219124794006,0.5239711999893188,0.0,0.0,1.1471842527389526,0.7235784530639648,0.31092968583106995,0.5460293889045715
859,2.7719873461097246,0.6925000000000001,0.3042633043002152,0.1892886459827423,-0.9186679720878601,0.8488508462905884,0.35522615909576416,0.4098241329193115,0.456521600484848,0.09810209274291992,-0.5656918287277222,0.7321187257766724,0.5863882303237915,0.29070141911506653,0.49482816457748413
860,0.10032744236230481,0.6459374999999999,0.5553336451927541,0.0,0.0,0.9394817352294922,0.5327827334403992,0.3833230435848236,0.5209811329841614,0.0,0.0,1.511813998222351,0.5423300266265869,0.4716041684150696,0.4059706926345825
861,0.0859978588824161,0.694375,0.5647657044585446,0.15000255405902863,-0.915898323059082,1.723777413368225,0.6174116134643555,0.37889137864112854,0.5913013815879822,0.04288049414753914,-0.6722289323806763,0.9127381443977356,0.7025830149650574,0.24578191339969635,0.5311142802238464
862,0.17608806683002468,0.51,0.5296398985015716,0.0,0.0,1.9067968130111694,0.5117533206939697,0.3014242947101593,0.5024330615997314,0.0,0.0,2.371157169342041,0.35107421875,0.4813534617424011,0.39308837056159973
863,2.024915491345821,0.6740625,0.11991135001532574,0.11013747751712799,-0.8388732671737671,2.948023557662964,0.7711591124534607,0.25858429074287415,0.5391047596931458,0.059613052755594254,-0.6000531911849976,0.9525524377822876,0.6451181769371033,0.33187389373779297,0.51088947057724
864,0.2802021981631274,0.541875,0.5871361572254052,0.0,0.0,1.3581042289733887,0.4574969410896301,0.30624884366989136,0.47288191318511963,0.0,0.0,1.0395240783691406,0.7140650153160095,0.29171717166900635,0.555919885635376
865,135.25699061902728,0.9262499999999999,0.3855189054373548,0.13349302113056183,-0.80098557472229,0.9344667196273804,0.4345693290233612,0.37225341796875,0.40907466411590576,0.05312824994325638,-0.66813063621521,1.5725905895233154,0.5294926166534424,0.3731987476348877,0.532052218914032
866,0.02410845744336912,0.5575,0.7013888976268179,0.0,0.0,1.5109931230545044,0.8188055753707886,0.35412147641181946,0.5920318365097046,0.0,0.0,2.322369337081909,0.6034309267997742,0.4272867441177368,0.48646870255470276
867,2.5238779023823072,0.8990625,0.3800019977947944,0.09908200800418854,-0.9588110446929932,1.0094529390335083,0.5545163750648499,0.4766245484352112,0.4659251272678375,0.0467868335545063,-0.6284286379814148,2.0181028842926025,0.43339478969573975,0.40875715017318726,0.4256303608417511
868,0.05447150971229379,0.6540625,0.7837767783573419,0.0,0.0,1.0886660814285278,0.5400176048278809,0.3215816020965576,0.44861409068107605,0.0,0.0,1.727587103843689,0.6534144282341003,0.30750852823257446,0.44064345955848694
869,0.05351816905377146,0.6434375,0.7152014061183491,0.16816715896129608,-0.8368397951126099,1.0283899307250977,0.4492189884185791,0.3749600648880005,0.4135666489601135,0.2354796826839447,-0.7554180026054382,1.2976336479187012,0.46426165103912354,0.415401816368103,0.472441703081131
870,2.214741912026122,0.6640625,-0.2546387121854255,0.0,0.0,1.575089693069458,0.5255577564239502,0.39246973395347595,0.5365860462188721,0.0,0.0,0.9770033955574036,0.7068771719932556,0.3699500262737274,0.5698994994163513
871,0.0851138160180129,0.8140625,0.7114135433324178,0.10913065820932388,-0.808696985244751,0.997399628162384,0.5544710159301758,0.3198249936103821,0.5147760510444641,0.06976945698261261,-0.8669821619987488,1.3031516075134277,0.5925323367118835,0.4401502013206482,0.5326323509216309
872,0.04778021254943514,0.565625,0.6630129897489461,0.0,0.0,1.0315505266189575,0.5938386917114258,0.2662874162197113,0.4588750898838043,0.0,0.0,0.8498405814170837,0.5756275653839111,0.3876822590827942,0.4775506854057312
873,2.674331495786503,0.5918749999999999,0.05606843830178978,0.1100555956363678,-0.9079490900039673,1.8680428266525269,0.43355828523635864,0.42570197582244873,0.48829126358032227,0.10384125262498856,-0.6828916072845459,1.6404801607131958,0.8595588207244873,0.30295348167419434,0.568104088306427
874,0.10724316616105078,0.600625,0.44957041203366616,0.0,0.0,1.7631876468658447,0.7341516017913818,0.3907746970653534,0.5399577617645264,0.0,0.0,1.407497763633728,0.5527631044387817,0.2653462290763855,0.51187664270401
875,0.04173686978916423,0.6534375,0.5626163852169477,0.1366356760263443,-0.8357115983963013,1.568919062614441,0.531294584274292,0.4515012502670288,0.44660401344299316,0.04715297371149063,-0.7741050720214844,1.1827150583267212,0.5173507928848267,0.42403775453567505,0.5705264806747437
876,0.8247310608654773,0.5178125,0.44037364259134326,0.0,0.0,1.8225651979446411,0.5547598600387573,0.372393935918808,0.5399162173271179,0.0,0.0,0.9331209063529968,0.6918372511863708,0.3956478238105774,0.4992607533931732
877,0.3861203293397497,0.64,0.5075989159121237,0.12302970141172409,-0.8993091583251953,1.0757843255996704,0.7088971734046936,0.36023467779159546,0.5857161283493042,0.04408510774374008,-0.7178082466125488,1.2709815502166748,0.7019742727279663,0.305267870426178,0.5454619526863098
878,0.07617490038120045,0.75875,0.4762637877081163,0.0,0.0,0.8339015245437622,0.41673439741134644,0.3522527813911438,0.4908319413661957,0.0,0.0,1.6636772155761719,0.38768085837364197,0.33332377672195435,0.41364532709121704
879,0.1158767142565202,0.6575,0.7449097681057019,0.1282278597354889,-0.7818979024887085,2.4337103366851807,0.9089900255203247,0.1998605728149414,0.5749391913414001,0.08727682381868362,-0.6733411550521851,1.0185233354568481,0.513282299041748,0.34516188502311707,0.5648016929626465
880,0.8393243959115461,0.7074999999999999,0.3543246060144778,0.0,0.0,0.8845133185386658,0.4257591962814331,0.369892418384552,0.38423028588294983,0.0,0.0,1.7397046089172363,0.4067060351371765,0.418544739484787,0.3786798417568207
881,0.0740933858861513,0.4518750000000001,0.4434133305085613,0.09612814337015152,-0.8826760053634644,2.4631128311157227,0.9928150177001953,0.27471572160720825,0.6628393530845642,0.059912245720624924,-0.6574940085411072,1.1476317644119263,0.5529884099960327,0.35542958974838257,0.5040281414985657
882,0.4559924819537712,0.5121875,0.24282820041745393,0.0,0.0,1.25269615650177,0.6264115571975708,0.3395981192588806,0.5391301512718201,0.0,0.0,1.0562278032302856,0.7620833516120911,0.3726505637168884,0.6490350961685181
883,1.1823971626819803,0.8574999999999999,0.39147179187565995,0.0956268310546875,-0.8845208883285522,1.6444172859191895,0.6252353191375732,0.28662967681884766,0.5806645750999451,0.1114208847284317,-0.7659429907798767,1.8894433975219727,0.7821328639984131,0.4577001631259918,0.5548882484436035
884,0.03094724671884247,0.7143750000000001,0.7698838623388327,0.0,0.0,1.2108683586120605,0.742811918258667,0.3553459644317627,0.4817415177822113,0.0,0.0,1.365167260169983,0.8401582837104797,0.3465271592140198,0.6819188594818115
885,0.20047455219443555,0.7246874999999999,0.8423226182949559,0.20525166392326355,-0.8106206655502319,1.6644335985183716,0.7780106067657471,0.30013883113861084,0.537473738193512,0.15941853821277618,-0.7765407562255859,3.2976338863372803,0.9778895378112793,0.2747531235218048,0.5436747670173645
886,0.7487736832516425,0.6840624999999999,0.20154892063029156,0.0,0.0,1.3455921411514282,0.7066764831542969,0.32562723755836487,0.5624793767929077,0.0,0.0,1.1216691732406616,0.44805604219436646,0.3971485495567322,0.4849030673503876
887,0.19899795654182117,0.506875,-0.010057176226031693,0.13658234477043152,-0.8433608412742615,0.8655943274497986,0.5310762524604797,0.2712496519088745,0.5223504900932312,0.04605141654610634,-0.7213588953018188,1.1785308122634888,0.6327253580093384,0.34801119565963745,0.4767000079154968
888,2.564861245910669,0.8475000000000001,0.5030949047213695,0.0,0.0,1.5392470359802246,0.5334861278533936,0.4317146837711334,0.4931437075138092,0.0,0.0,0.8633680939674377,0.5612728595733643,0.3525651693344116,0.4581906199455261
889,1643.827293263475,0.42281250000000004,-0.5487469264580913,0.09409051388502121,-0.7093572616577148,1.2523244619369507,0.5996907353401184,0.34202122688293457,0.46483948826789856,0.06172892823815346,-0.6578510403633118,1.1776869297027588,0.5015844106674194,0.4291132092475891,0.48901069164276123
890,2.4250637223063514,0.7184375,0.08757424153353414,0.0,0.0,1.3359098434448242,0.7345439195632935,0.2009284943342209,0.6199292540550232,0.0,0.0,0.9888326525688171,0.7504774332046509,0.3580555319786072,0.5155063271522522
891,0.03882630126661695,0.7193750000000001,0.6957812969722069,0.12942036986351013,-0.7595787048339844,1.9158014059066772,0.5589604377746582,0.39884769916534424,0.46463897824287415,0.06608976423740387,-0.5977305769920349,1.5756330490112305,0.5511006116867065,0.3807322382926941,0.4586973488330841
892,0.8212601240328687,0.9771875000000001,0.07836076289995289,0.0,0.0,2.24537992477417,0.48888999223709106,0.46856340765953064,0.39780768752098083,0.0,0.0,0.9719131588935852,0.6677417755126953,0.3456645905971527,0.4972294270992279
893,0.5807781704550267,0.7906249999999999,0.45426657049388314,0.08431684225797653,-0.8397696018218994,1.7510974407196045,0.5776611566543579,0.4322783648967743,0.46768346428871155,0.1399460881948471,-0.6119027137756348,1.118337869644165,0.72198486328125,0.28449857234954834,0.5241236686706543
894,0.4751096363326317,0.83625,0.5293991291198687,0.0,0.0,1.8518680334091187,0.7375156879425049,0.3706786334514618,0.5524818897247314,0.0,0.0,1.1156429052352905,0.8103152513504028,0.34369736909866333,0.49350520968437195
895,0.12369331857361103,0.6553125,0.8557715995853759,0.10994631797075272,-0.8838812112808228,0.9547727704048157,0.7685508728027344,0.38695228099823,0.5399091839790344,0.032063644379377365,-0.722602128982544,1.1166216135025024,0.5944722294807434,0.3634550869464874,0.5041739344596863
896,20.464150196515572,0.7159375,0.5724038755147427,0.0,0.0,2.4723849296569824,0.5602086186408997,0.4868507981300354,0.44932931661605835,0.0,0.0,1.1107097864151,0.6262338161468506,0.37256526947021484,0.5326827168464661
897,0.03730926842476802,0.608125,0.6908205769293008,0.09526435285806656,-0.8736478686332703,1.3060518503189087,0.6916784644126892,0.4074678421020508,0.5090111494064331,0.0758565366268158,-0.6788621544837952,1.5375925302505493,0.5386394262313843,0.41143321990966797,0.443781316280365
898,0.0843355730057571,0.610625,0.4439132562961491,0.0,0.0,1.085785984992981,0.6417320966720581,0.3822571933269501,0.4933454990386963,0.0,0.0,1.0134309530258179,0.5841495990753174,0.3987971246242523,0.5228858590126038
899,1.3726686252963436,0.7546875,0.721262568065278,0.11699556559324265,-0.9701366424560547,1.1921757459640503,0.6483280658721924,0.44675761461257935,0.42137449979782104,0.05933564156293869,-0.7048288583755493,0.9818788766860962,0.9146866798400879,0.3411417603492737,0.611652135848999
900,34.5788959020729,0.723125,0.028951321263938574,0.0,0.0,0.9244358539581299,0.22094452381134033,0.4565178453922272,0.39731740951538086,0.0,0.0,1.0126272439956665,0.5265495181083679,0.40108412504196167,0.45190855860710144
901,0.1797079217772,0.7203125,0.4687127853145562,0.10137952864170074,-0.9377973079681396,1.369800329208374,0.823865532875061,0.38642778992652893,0.580661416053772,0.06346237659454346,-0.7720280885696411,1.6727725267410278,0.6763805150985718,0.4455956816673279,0.5239256620407104
902,0.5287142865180858,0.7834375,0.1723347105391308,0.0,0.0,1.1272557973861694,0.7557892799377441,0.37379664182662964,0.48747238516807556,0.0,0.0,1.2069591283798218,0.6830350160598755,0.4593006372451782,0.5118270516395569
903,0.10344331719814666,0.6803125,0.41402078973032364,0.10751155018806458,-0.9678826332092285,1.2564198970794678,0.5428929328918457,0.4010941982269287,0.43723374605178833,0.06559103727340698,-0.7016560435295105,1.0896120071411133,0.5562452077865601,0.3353293538093567,0.47880613803863525
904,0.036187055743018184,0.728125,0.6671377737042532,0.0,0.0,1.7611253261566162,0.5482937097549438,0.3851016163825989,0.49818214774131775,0.0,0.0,2.0992305278778076,0.6349400281906128,0.34291356801986694,0.5493731498718262
905,0.8094477722862937,0.8528125000000001,0.05127493643929082,0.1944316029548645,-1.0173091888427734,3.4654791355133057,0.9046644568443298,0.3448963761329651,0.5752660036087036,0.09859093278646469,-0.7829561829566956,1.5064884424209595,1.005083441734314,0.27330082654953003,0.6421308517456055
906,1.9800492087577104,0.4487500000000001,0.36348942973872084,0.0,0.0,0.7959591150283813,0.5181928873062134,0.39991798996925354,0.5643029808998108,0.0,0.0,1.568183422088623,0.49646395444869995,0.379309743642807,0.501298189163208
907,0.07707164811159202,0.8934374999999999,0.891413451159296,0.19899216294288635,-0.984512448310852,0.9376228451728821,0.45543280243873596,0.4488796889781952,0.4171007573604584,0.0871034786105156,-0.75288987159729,1.6932028532028198,0.6444803476333618,0.3926030397415161,0.513550341129303
908,0.06149560586087881,0.5915625,0.7420201348808323,0.0,0.0,1.1725919246673584,0.5760678052902222,0.39448583126068115,0.5245415568351746,0.0,0.0,0.8277015089988708,0.4891946315765381,0.432966411113739,0.521558403968811
909,0.5211860737966454,0.8184375000000002,0.22789103969848573,0.15695194900035858,-0.9724103212356567,1.854070782661438,0.7023093700408936,0.28000205755233765,0.6415256261825562,0.05910499393939972,-0.7175780534744263,1.7543903589248657,0.9713746905326843,0.2915574908256531,0.6021749973297119
910,0.18928606968020958,0.6846874999999999,0.2918587163480299,0.0,0.0,0.801376223564148,0.3926093578338623,0.4727780818939209,0.46153590083122253,0.0,0.0,1.2889878749847412,0.6443072557449341,0.33343514800071716,0.4637392461299896
911,11.902361075555062,0.46656250000000005,0.1977369140702424,0.1563509851694107,-0.9533902406692505,0.9010649919509888,0.4675140976905823,0.41150158643722534,0.38078147172927856,0.04670387879014015,-0.7190127372741699,0.927224338054657,0.6215629577636719,0.3447513282299042,0.46044671535491943
912,0.058203104099699775,0.5371875,0.5781219229385022,0.0,0.0,1.6047031879425049,0.6747890710830688,0.349366694688797,0.4627739489078522,0.0,0.0,1.8024479150772095,0.945819616317749,0.42241406440734863,0.5478376746177673
913,0.2702256355264916,0.6525000000000001,0.4536267852757822,0.10352744907140732,-0.8349301815032959,0.9218325614929199,0.6232097744941711,0.33233925700187683,0.4990602731704712,0.060759566724300385,-0.6150481104850769,1.2507210969924927,0.6070562601089478,0.32262036204338074,0.44008496403694153
914,0.3389455404956144,0.6224999999999999,0.2669737728231435,0.0,0.0,0.8469423055648804,0.562330961227417,0.3573305010795593,0.5239707231521606,0.0,0.0,0.8083432912826538,0.6621099710464478,0.38058698177337646,0.5576074719429016
915,0.68379839711816,0.7387499999999999,0.35766605226715337,0.1460234522819519,-0.9649907946586609,2.330359697341919,0.6176984906196594,0.5071060657501221,0.49016568064689636,0.06508073210716248,-0.6737487316131592,0.9651814699172974,0.6543586850166321,0.35451027750968933,0.46539220213890076
916,1.8257961640154803,0.6599999999999999,-0.16457718107309954,0.0,0.0,0.9116285443305969,0.5331352949142456,0.4024416208267212,0.48278194665908813,0.0,0.0,0.8365954756736755,0.5756416320800781,0.29072076082229614,0.49667292833328247
917,0.0680999154093139,0.40656250000000005,0.2509134743485676,0.14637064933776855,-0.9755536913871765,0.6741570234298706,0.41035693883895874,0.4667167067527771,0.3959910571575165,0.031818192452192307,-0.6301935315132141,1.726055383682251,0.5871225595474243,0.38988712430000305,0.46656617522239685
918,0.05475388262245715,0.5900000000000001,0.3944068311315741,0.0,0.0,1.104410171508789,0.5936365127563477,0.4214542508125305,0.4448899030685425,0.0,0.0,2.299010992050171,1.0255162715911865,0.16080431640148163,0.6904327273368835
919,0.05135438830567011,0.7490625,0.7525127334517949,0.08384329080581665,-1.0033398866653442,1.4094661474227905,0.5125993490219116,0.33125266432762146,0.42572861909866333,0.042641520500183105,-0.7227387428283691,1.5210074186325073,0.7961311936378479,0.35397547483444214,0.48219746351242065
920,3.559170096877003,0.703125,0.05517877976088277,0.0,0.0,0.8026947975158691,0.4632313847541809,0.3122926950454712,0.4836919605731964,0.0,0.0,2.1395809650421143,0.7395123243331909,0.4527239501476288,0.5034408569335938
921,0.019548719611622488,0.7175,0.9133288853771336,0.1074695959687233,-0.8523069024085999,0.8711995482444763,0.6023815274238586,0.3062838613986969,0.5601457953453064,0.039696499705314636,-0.6505540609359741,0.9424351453781128,0.6196451187133789,0.26284992694854736,0.5720289945602417
922,0.19193527977017832,0.69375,0.3838573128205917,0.0,0.0,0.8070299625396729,0.5206835269927979,0.3635636866092682,0.5095632076263428,0.0,0.0,1.7364015579223633,0.8105000257492065,0.40113961696624756,0.628044843673706
923,2492.0327525389507,0.9537500000000001,0.20636951365346573,0.1141335740685463,-0.9375573992729187,0.7974947094917297,0.5169235467910767,0.42520493268966675,0.4436039924621582,0.05930536612868309,-0.729113757610321,1.265040397644043,0.6083730459213257,0.40946027636528015,0.4725712239742279
924,10.353607048242964,0.6334375,-0.36426553955085456,0.0,0.0,1.7094975709915161,0.4522310495376587,0.39269253611564636,0.44759777188301086,0.0,0.0,0.8547996878623962,0.4262658953666687,0.3490052819252014,0.4539223313331604
925,0.2222029440759017,0.7778124999999999,0.4253812841190884,0.10596190392971039,-0.8778612613677979,1.404883861541748,0.4939102530479431,0.41110289096832275,0.46391934156417847,0.059174541383981705,-0.7167431116104126,0.7907556891441345,0.6022002696990967,0.409185528755188,0.4431697130203247
926,0.14900352863398508,0.7825000000000001,0.6891296116910895,0.0,0.0,1.7865465879440308,0.3721964955329895,0.5202822089195251,0.44912320375442505,0.0,0.0,1.074782371520996,0.7554417848587036,0.3653290271759033,0.6260049343109131
927,0.7229990062052454,0.7815625,0.5215911431451564,0.0871768668293953,-1.0053290128707886,0.9694121479988098,0.6911879777908325,0.4178846776485443,0.5255464315414429,0.04752707481384277,-0.689253032207489,1.6233731508255005,0.7201801538467407,0.27063390612602234,0.5073542594909668
928,0.04090165946002992,0.6490625,0.7178454854886251,0.0,0.0,1.0564254522323608,0.7076835632324219,0.4091590642929077,0.5770145058631897,0.0,0.0,1.2094072103500366,0.6703559756278992,0.3112243413925171,0.4968979060649872
929,0.06993337670362886,0.79,0.9709649160533125,0.10356318205595016,-0.9754550457000732,2.377748966217041,0.7630008459091187,0.2978687882423401,0.5204657912254333,0.05106059089303017,-0.5791620016098022,1.8908534049987793,0.8764098882675171,0.31033632159233093,0.6789923906326294
930,0.04191410784585511,0.7521875,0.6587659746452195,0.0,0.0,1.927631139755249,0.6648862361907959,0.37048929929733276,0.4555777907371521,0.0,0.0,1.149623990058899,0.7440386414527893,0.26822778582572937,0.5886069536209106
931,0.02788210566528269,0.5640625,0.6685000036342931,0.1744323968887329,-1.029716968536377,1.0284003019332886,0.6805788278579712,0.4393812417984009,0.5084767937660217,0.08035314828157425,-0.7953140139579773,1.1200672388076782,0.6890296936035156,0.3868944048881531,0.5114445686340332
932,6.031957660091293,0.8396875000000001,0.3635786597868654,0.0,0.0,1.3536704778671265,0.40985405445098877,0.35420382022857666,0.45402783155441284,0.0,0.0,1.7025214433670044,0.5244159698486328,0.4388706684112549,0.4952384829521179
933,0.035735649945354046,0.8434375000000001,0.8657873054156194,0.0986928790807724,-0.9923122525215149,0.7603768110275269,0.27340731024742126,0.44116753339767456,0.33624377846717834,0.047750718891620636,-0.8029171228408813,1.260211706161499,0.5752596259117126,0.45043861865997314,0.45420771837234497
934,0.04021261290660667,0.5893750000000001,0.6043451310310242,0.0,0.0,1.2452199459075928,0.5986200571060181,0.32611551880836487,0.47776222229003906,0.0,0.0,1.7034984827041626,0.9080333709716797,0.40218105912208557,0.5481881499290466
935,0.039791715649809774,0.6875000000000001,0.7422403998594728,0.1092115193605423,-0.9604966640472412,1.4684951305389404,0.662226676940918,0.3693905472755432,0.512519121170044,0.060882817953825,-0.8548933267593384,0.8498679399490356,0.6578983664512634,0.4564083218574524,0.5291992425918579
936,0.03165164001462723,0.5475,0.619109701806002,0.0,0.0,0.6998011469841003,0.47579172253608704,0.27550259232521057,0.5077268481254578,0.0,0.0,1.3774852752685547,0.6405400037765503,0.4314063787460327,0.4865014851093292
937,0.6770010809408739,0.5959375,0.25496609913935686,0.09404169023036957,-0.9708303213119507,1.0253028869628906,0.6520390510559082,0.3863612115383148,0.5465661883354187,0.0695716142654419,-0.7877237200737,1.0212461948394775,0.5241372585296631,0.393417090177536,0.4634675085544586
938,13.707955977107261,0.5515625,-0.2993321400440487,0.0,0.0,1.4077229499816895,0.6316242218017578,0.31836581230163574,0.5045957565307617,0.0,0.0,2.098323345184326,1.1376004219055176,0.3822212815284729,0.5607743859291077
939,0.029522707432168317,0.661875,0.7887431984448312,0.10478061437606812,-1.0085786581039429,1.393723964691162,0.8879586458206177,0.43352097272872925,0.5643398761749268,0.1348446011543274,-0.8120383024215698,1.199628472328186,0.6002397537231445,0.44779065251350403,0.5387638807296753
940,1.6445559206710179,0.668125,0.32126868561716815,0.0,0.0,1.153281331062317,0.7954699993133545,0.3448028564453125,0.5869683623313904,0.0,0.0,2.0082669258117676,0.8189632892608643,0.27492961287498474,0.5353913903236389
941,0.113162156206019,0.624375,0.1888052846615434,0.16709725558757782,-0.8291852474212646,1.138008952140808,0.6607726812362671,0.2661859095096588,0.527944028377533,0.1241530254483223,-0.8471599817276001,0.9232999086380005,0.7309162020683289,0.3974483907222748,0.5359687209129333
942,0.825868830639729,0.81125,0.4309620538474125,0.0,0.0,1.243320107460022,0.5063760280609131,0.33436957001686096,0.5619351267814636,0.0,0.0,1.5005862712860107,0.7310329675674438,0.30296415090560913,0.5093647241592407
943,9.110673511593514,0.6078125,0.13829283278065901,0.20290960371494293,-0.9606434106826782,2.0918805599212646,0.7106800079345703,0.3922159969806671,0.49467459321022034,0.12340828031301498,-0.8040804862976074,1.0294922590255737,0.7425593137741089,0.4028015434741974,0.5828816890716553
944,0.9347264861609007,0.6678124999999999,0.33207155065524735,0.0,0.0,1.0630080699920654,0.673662006855011,0.29059767723083496,0.564241886138916,0.0,0.0,1.8158445358276367,0.5439977645874023,0.3554602861404419,0.39195409417152405
945,2.7796138771846417,0.775,0.6597934838006351,0.22625170648097992,-1.038266658782959,1.1251473426818848,0.7482327222824097,0.39861175417900085,0.5775968432426453,0.0566093735396862,-0.7492899894714355,1.3482753038406372,0.7175909280776978,0.33567845821380615,0.5155615210533142
946,0.12916949685071122,0.5146875000000001,0.25075616295948855,0.0,0.0,1.0138403177261353,0.6663811802864075,0.36085909605026245,0.523125946521759,0.0,0.0,0.7979147434234619,0.5064250230789185,0.362736314535141,0.5125014781951904
947,0.20637677669647223,0.6421875,0.2711865770999911,0.07666841149330139,-0.9353259801864624,1.338376760482788,0.8408554196357727,0.33498457074165344,0.588138222694397,0.07900843024253845,-0.7069265246391296,2.1058826446533203,0.5748118162155151,0.42048731446266174,0.4602445065975189
948,0.8440017243779707,0.5796875,-0.12590586707489484,0.0,0.0,1.2768216133117676,0.739035427570343,0.27931469678878784,0.5801201462745667,0.0,0.0,0.9884887337684631,0.8729133009910583,0.3406369686126709,0.5735907554626465
949,0.03891014361590829,0.524375,0.5736431431115012,0.15171799063682556,-0.9718928337097168,1.6312018632888794,0.6182900667190552,0.3161725103855133,0.549216628074646,0.0828719437122345,-0.7432676553726196,1.0830243825912476,0.825446367263794,0.34240978956222534,0.592144250869751
950,0.11668442361658875,0.8959374999999999,0.41469413938576694,0.0,0.0,1.394986629486084,0.5050703883171082,0.39149296283721924,0.4744011163711548,0.0,0.0,1.5966333150863647,0.7237827777862549,0.37301361560821533,0.6236038208007812
951,0.4610448045151278,0.625625,0.05476548708700855,0.146981343626976,-0.8913259506225586,1.374952793121338,0.8287573456764221,0.2878847122192383,0.5738900899887085,0.053417157381772995,-0.8066393136978149,1.3402435779571533,0.8361310958862305,0.3203904926776886,0.6169584393501282
952,0.04577251660802122,0.7971875,0.7683510133481035,0.0,0.0,1.3456026315689087,0.5448806285858154,0.43366605043411255,0.4962926208972931,0.0,0.0,1.1867042779922485,0.7452647686004639,0.34042397141456604,0.5202720165252686
953,0.02708818459014607,0.558125,0.7281299484224864,0.20055276155471802,-0.792048990726471,1.6317005157470703,0.6590421199798584,0.3030514717102051,0.6041293740272522,0.046334248036146164,-0.7088080048561096,1.1370810270309448,0.8100768327713013,0.3087432384490967,0.6597163081169128
954,0.45357656346662667,0.61,0.028207215446506943,0.0,0.0,1.3011316061019897,0.724951446056366,0.3872506022453308,0.5848367810249329,0.0,0.0,0.9457657933235168,0.515343427658081,0.42357179522514343,0.4613877534866333
955,0.3477892641916247,0.7809375000000001,0.18168605953582345,0.10104919224977493,-0.9811140298843384,1.1051876544952393,0.6878139972686768,0.42793071269989014,0.4688723683357239,0.07556930929422379,-0.7067044973373413,1.6714043617248535,0.6902732849121094,0.3653806447982788,0.5045005083084106
956,0.07993624819045471,0.8515625,0.8938425994999563,0.0,0.0,1.4071308374404907,0.7413344383239746,0.2869320511817932,0.5668113231658936,0.0,0.0,1.3958775997161865,0.49605655670166016,0.29384294152259827,0.458927720785141
957,0.17612137923635093,0.5465625000000001,0.4445113965302479,0.08148889988660812,-0.9654889702796936,0.853073239326477,0.7438054084777832,0.33928588032722473,0.5757591724395752,0.08673960715532303,-0.718554675579071,1.5142048597335815,0.7544877529144287,0.25281423330307007,0.5585512518882751
958,0.07372052474010847,0.8821875,0.6152991514125465,0.0,0.0,1.7970638275146484,0.6365531086921692,0.35090696811676025,0.501018226146698,0.0,0.0,1.151193618774414,0.5032013058662415,0.3243815004825592,0.48001620173454285
959,0.07301472465161277,0.7375,0.6967519307381662,0.13702794909477234,-0.9393892288208008,1.3207370042800903,0.8389342427253723,0.41285067796707153,0.5417904257774353,0.09294325113296509,-0.6865761280059814,1.313405990600586,0.8206143975257874,0.27841025590896606,0.5469776391983032
960,0.37948516057623616,0.5109375,0.23222231125176734,0.0,0.0,1.126767635345459,0.5122608542442322,0.3969079852104187,0.5051215887069702,0.0,0.0,1.3337563276290894,0.8524800539016724,0.26025792956352234,0.6357428431510925
961,0.041123088169531564,0.6503125,0.7575469120538778,0.11184192448854446,-0.9583958983421326,1.5042811632156372,0.6473476886749268,0.31941699981689453,0.5263551473617554,0.025824127718806267,-0.6508074402809143,2.0626583099365234,0.7154355645179749,0.3742392957210541,0.48777249455451965
962,0.4712327362847776,0.809375,0.2817256766302404,0.0,0.0,0.9227527976036072,0.6913961172103882,0.4291555881500244,0.528317928314209,0.0,0.0,2.8079988956451416,0.48743730783462524,0.4463067650794983,0.41626566648483276
963,0.03625837219686061,0.6925000000000001,0.6808778497624682,0.11076200008392334,-1.0492477416992188,0.914397656917572,0.5680500268936157,0.40969860553741455,0.44822514057159424,0.07482179254293442,-0.6641263365745544,1.3912919759750366,0.6896482706069946,0.3628793954849243,0.5603814125061035
964,0.05064502638128708,0.6068749999999999,0.5593702145556462,0.0,0.0,1.262298583984375,0.5512569546699524,0.3654767870903015,0.4806714355945587,0.0,0.0,1.2427798509597778,0.6299185752868652,0.29192039370536804,0.5186629295349121
965,1.467508817175463,0.5471874999999999,0.05024958560953674,0.1131763830780983,-0.9332987070083618,1.433919906616211,0.618938684463501,0.37203481793403625,0.5865283608436584,0.05673712491989136,-0.8425034880638123,1.3340777158737183,0.73478764295578,0.3450281322002411,0.5535402297973633
966,0.23672813082990724,0.8484375,0.2173282989354382,0.0,0.0,1.2696484327316284,0.6640942096710205,0.3708130419254303,0.5377280116081238,0.0,0.0,1.43379545211792,0.8578648567199707,0.37601903080940247,0.6435011625289917
967,32.303318418780414,0.7059375,0.3678419420848562,0.11037890613079071,-1.0333387851715088,2.0041489601135254,0.6508986353874207,0.4916016161441803,0.5403414368629456,0.0764608383178711,-0.7017257213592529,1.3997769355773926,0.8035391569137573,0.2841399013996124,0.6339054107666016
968,1.4429060792357844,0.7090625000000002,0.08190907302290755,0.0,0.0,0.9702981114387512,0.6478531360626221,0.3834715485572815,0.5294381976127625,0.0,0.0,0.8628630638122559,0.6640844941139221,0.37937963008880615,0.4931755065917969
969,0.9832578322999346,0.5834374999999999,-0.08258685686315449,0.09613603353500366,-1.0222457647323608,1.0868195295333862,0.8367618918418884,0.3609912693500519,0.5457547307014465,0.056812506169080734,-0.793035626411438,0.8740635514259338,0.37104886770248413,0.3876354992389679,0.47148817777633667
970,0.8049324499278232,0.7921874999999999,0.048681007041003935,0.0,0.0,1.137115478515625,0.5808132886886597,0.3168201744556427,0.5278463363647461,0.0,0.0,1.1822190284729004,0.39640992879867554,0.3928332030773163,0.47203943133354187
971,0.9493156839557153,0.7159375000000001,0.5080398986466339,0.14391949772834778,-1.0083997249603271,1.0346750020980835,0.5359100103378296,0.39231252670288086,0.45764589309692383,0.052608948200941086,-0.748091459274292,1.1354113817214966,0.3389415144920349,0.41384363174438477,0.3825174868106842
972,0.07163230029329858,0.641875,0.8142993012422387,0.0,0.0,0.6461542844772339,0.38305896520614624,0.32755810022354126,0.4536297619342804,0.0,0.0,2.3968844413757324,0.6732349395751953,0.3194276988506317,0.5182267427444458
973,0.24253581225836368,0.686875,0.45530401056854036,0.09005951136350632,-0.9347634315490723,0.6644960641860962,0.4525429904460907,0.3488549590110779,0.4488495886325836,0.06301811337471008,-0.7661424875259399,1.0873496532440186,0.6525101661682129,0.4132111072540283,0.4068910479545593
974,17.234253122713234,0.6803125,0.14776793091563087,0.0,0.0,0.9652633666992188,0.6446021795272827,0.34089159965515137,0.551453173160553,0.0,0.0,1.4908925294876099,0.5232580900192261,0.33885061740875244,0.4996810853481293
975,0.19432558729520075,0.8215625,0.4787114395526742,0.09386817365884781,-0.9104854464530945,1.0799288749694824,0.4007745385169983,0.3167846202850342,0.44106000661849976,0.051606036722660065,-0.7904625535011292,1.20412015914917,0.7584283351898193,0.33578628301620483,0.546637773513794
976,0.08964957634926436,0.6571874999999999,0.29535619708267963,0.0,0.0,1.026912808418274,0.5089553594589233,0.43170294165611267,0.4665820896625519,0.0,0.0,1.278224229812622,0.5264361500740051,0.35472509264945984,0.4205048382282257
977,0.26465038501972543,0.68125,0.3883746024424094,0.11756982654333115,-0.9740279912948608,1.072361946105957,0.8116977214813232,0.34406766295433044,0.5525393486022949,0.11750150471925735,-0.7874878644943237,1.0791069269180298,0.4352918267250061,0.40853071212768555,0.43866679072380066
978,0.3922884047771351,0.645,0.34826518180516397,0.0,0.0,1.1995906829833984,0.7596180438995361,0.35679101943969727,0.6048296689987183,0.0,0.0,1.344657063484192,0.9842104911804199,0.3258620798587799,0.5617846846580505
979,0.3266455732064418,0.7503124999999999,0.2854855700739863,0.0744980201125145,-1.0526021718978882,0.9253774881362915,0.604962944984436,0.4129481017589569,0.4794608950614929,0.05642557144165039,-0.7768074870109558,1.157490849494934,0.7090900540351868,0.341998428106308,0.4824522137641907
980,15.131213782418438,0.765625,0.4702704605920275,0.0,0.0,1.181235432624817,0.6167272329330444,0.2665378153324127,0.5520768165588379,0.0,0.0,1.350006103515625,0.5515577793121338,0.43482422828674316,0.4923703670501709
981,0.12492581864713989,0.7631249999999999,0.39377942450801856,0.19258496165275574,-0.8749828338623047,1.1041600704193115,0.6118961572647095,0.3359212577342987,0.5356491208076477,0.053227756172418594,-0.7670387029647827,1.4494736194610596,0.6782940030097961,0.33169350028038025,0.5367441177368164
982,28.35946879905412,0.68625,0.19832063240718328,0.0,0.0,0.9003022313117981,0.5844351053237915,0.35364100337028503,0.5235467553138733,0.0,0.0,2.4827280044555664,0.6501702070236206,0.5300873517990112,0.4537280201911926
983,0.0286703695112151,0.6775,0.7953404187968196,0.10802817344665527,-1.0505234003067017,0.8510198593139648,0.550311803817749,0.4040413796901703,0.5003772377967834,0.08000155538320541,-0.752173900604248,1.26475989818573,0.6595888137817383,0.35329556465148926,0.4736737310886383
984,0.6870007937067893,0.61625,0.5953394512745055,0.0,0.0,0.9406743049621582,0.616601824760437,0.31919845938682556,0.5475305318832397,0.0,0.0,2.277571678161621,0.6888868808746338,0.3311992883682251,0.47143644094467163
985,0.18538444023296735,0.7518750000000001,0.6583812092221903,0.1112474650144577,-0.9795690774917603,0.8965194225311279,0.4391025900840759,0.38573914766311646,0.4127691090106964,0.06472788751125336,-0.7642118334770203,1.628273367881775,0.8119426965713501,0.3667534291744232,0.6192470788955688
986,0.03768772806341327,0.623125,0.6313061295402322,0.0,0.0,1.7222172021865845,0.7041125297546387,0.24083326756954193,0.572258710861206,0.0,0.0,1.180276870727539,0.6828562617301941,0.38293805718421936,0.5250778198242188
987,32.073215240562256,0.6284375,-0.031470895446397494,0.07550778985023499,-0.8817925453186035,1.143823266029358,0.8478878140449524,0.3221482038497925,0.673989474773407,0.06292270123958588,-0.6942366361618042,1.8345887660980225,0.8764500021934509,0.27757948637008667,0.570716381072998
988,0.32998018389872974,0.7228125000000001,0.5001397620175456,0.0,0.0,1.1056612730026245,0.8325637578964233,0.3024834990501404,0.608950138092041,0.0,0.0,2.2952892780303955,0.6575844287872314,0.43828269839286804,0.47145965695381165
989,0.07094410399584346,0.881875,0.8034372993045442,0.12378126382827759,-0.8672997951507568,0.9658567905426025,0.6480453014373779,0.33522823452949524,0.5482642650604248,0.04554085433483124,-0.9267916679382324,1.917643666267395,1.187563180923462,0.38461893796920776,0.6301264762878418
990,0.06080561885084883,0.610625,0.6509413504667092,0.0,0.0,1.0903663635253906,0.6648715734481812,0.37311673164367676,0.5015009045600891,0.0,0.0,2.1771678924560547,0.3897054195404053,0.4149048328399658,0.44469553232192993
991,0.07578392876327159,0.8399999999999999,0.8610956003747576,0.12930287420749664,-1.0426305532455444,1.157639980316162,0.7496500015258789,0.35465580224990845,0.5727081894874573,0.05644683912396431,-0.8814806938171387,1.9359771013259888,0.7133514881134033,0.48605310916900635,0.46130257844924927
992,0.2978090326453106,0.5846875,0.4454360300911898,0.0,0.0,1.5955681800842285,0.5270625352859497,0.45998236536979675,0.4044414162635803,0.0,0.0,2.0458757877349854,0.6489309072494507,0.4406513273715973,0.5270374417304993
993,0.3294096390329574,0.7224999999999999,0.46744175608125477,0.0929403230547905,-0.9411070346832275,2.926994562149048,0.9973464012145996,0.20424789190292358,0.5844101905822754,0.03724757954478264,-0.8538833260536194,1.1460717916488647,0.5316104888916016,0.3938864469528198,0.4967813193798065
994,0.9053211153556673,0.62625,0.3910592107087575,0.0,0.0,1.4570389986038208,0.8564250469207764,0.4342042803764343,0.5634243488311768,0.0,0.0,0.9073038697242737,0.6794992089271545,0.3594600260257721,0.4304839074611664
995,1.1935736992502257,0.6709375,0.34542042084571356,0.10033969581127167,-1.0439280271530151,1.0487756729125977,0.6044714450836182,0.4171748757362366,0.5246144533157349,0.037498850375413895,-0.864923357963562,1.5956653356552124,0.46996140480041504,0.48671820759773254,0.4334143400192261
996,0.05490885134870351,0.65,0.5828443776464342,0.0,0.0,1.131325602531433,0.5917671322822571,0.4111110270023346,0.43150225281715393,0.0,0.0,1.603742241859436,0.4393956959247589,0.4840691089630127,0.3951580822467804
997,1.7338309381579478,0.680625,0.4518827397504717,0.09707379341125488,-1.0217924118041992,1.5632686614990234,0.7643839120864868,0.3216211795806885,0.5554995536804199,0.05229635164141655,-0.8867967128753662,1.6323667764663696,0.9907448887825012,0.3476686477661133,0.5580351948738098
998,0.9021013537524674,0.6884375,0.20620357348240628,0.0,0.0,2.285980701446533,0.7411729693412781,0.4970523715019226,0.48313048481941223,0.0,0.0,2.7149808406829834,0.763575553894043,0.26398321986198425,0.5443671345710754
999,1.8584996374462412,0.7150000000000001,0.912426116171002,0.09430885314941406,-1.0591033697128296,1.401415228843689,0.43170827627182007,0.47917354106903076,0.43659576773643494,0.06374409049749374,-0.8436638712882996,1.0644056797027588,0.5877845287322998,0.36955389380455017,0.4627428948879242
1000,0.5372901382098407,0.775,0.5205209088847385,0.0,0.0,1.1561390161514282,0.46296197175979614,0.3690725266933441,0.5061875581741333,0.0,0.0,1.8609199523925781,0.6524603366851807,0.32541513442993164,0.5144878029823303
