episode,avg_crb,avg_pd,avg_reward,uav_1/actor_grad_norm,uav_1/actor_loss,uav_1/critic_grad_norm,uav_1/critic_loss,uav_1/reward_mean,uav_1/reward_std,uav_2/actor_grad_norm,uav_2/actor_loss,uav_2/critic_grad_norm,uav_2/critic_loss,uav_2/reward_mean,uav_2/reward_std
1,0.07145889394115282,0.645625,0.2595614441751339,,,,,,,,,,,,
2,12.70114972722008,0.9075,0.14082118210955255,0.033783018589019775,-0.06025909632444382,0.6251410245895386,0.4696859121322632,0.1500810980796814,0.6749871969223022,0.041205428540706635,-0.016636375337839127,0.620355486869812,0.4523712396621704,0.13947266340255737,0.6576052904129028
3,68.66099687375922,0.681875,-0.057074451863793174,0.026703547686338425,-0.05212021619081497,0.5470830202102661,0.36064863204956055,0.17437061667442322,0.590069055557251,0.027074754238128662,-0.030331946909427643,0.5264177322387695,0.45138174295425415,0.14077910780906677,0.6683789491653442
4,0.23977307281995844,0.6659375,0.3329749388257591,0.02355576865375042,-0.0745619684457779,0.5367145538330078,0.333621621131897,0.19545955955982208,0.5675976276397705,0.012905758805572987,-0.04352327808737755,0.2749205529689789,0.4454663395881653,0.07868511229753494,0.6753019094467163
5,0.04722237651819727,0.9190624999999999,0.9247745679983673,0.016323210671544075,-0.08671729266643524,0.6809149980545044,0.38529521226882935,0.2811768651008606,0.5931389927864075,0.015139186754822731,-0.05423698201775551,1.0941747426986694,0.4261503219604492,0.3554002642631531,0.6014794111251831
6,0.06781387783838318,0.869375,0.6619913598421385,0.022474272176623344,-0.10174988210201263,1.3375258445739746,0.41426193714141846,0.4971778392791748,0.5271296501159668,0.012479339726269245,-0.08850246667861938,1.0838192701339722,0.4354953169822693,0.4027218222618103,0.6017430424690247
7,3.9098015310325507,0.95,0.45992882514246636,0.02342817932367325,-0.11592584103345871,0.846987247467041,0.4606020152568817,0.33982357382774353,0.6680478453636169,0.00776880094781518,-0.10878513008356094,0.9880824089050293,0.40002554655075073,0.39938002824783325,0.5838425159454346
8,5.282180144893294,0.8890625,0.7440825991749952,0.02801605500280857,-0.1492079645395279,0.485026478767395,0.43165549635887146,0.23365184664726257,0.67637699842453,0.00871931854635477,-0.13386636972427368,1.0160069465637207,0.36953112483024597,0.425906777381897,0.5618813633918762
9,0.6713867844145056,0.8415625,0.28363532478697795,0.02957545779645443,-0.1795659065246582,0.7980115413665771,0.3778272867202759,0.4074711501598358,0.5869354605674744,0.008564547635614872,-0.17629946768283844,0.8055022358894348,0.3308008015155792,0.4072105586528778,0.5480520129203796
10,0.19086473545401686,0.6993750000000001,0.1328981091976802,0.03478066995739937,-0.20562368631362915,0.9217533469200134,0.28890740871429443,0.43957340717315674,0.5204505324363708,0.008864224888384342,-0.19309620559215546,0.42323827743530273,0.3158237338066101,0.324958473443985,0.5636864304542542
11,0.10866011907108634,0.7071875,0.3211493002529905,0.03263276442885399,-0.23817870020866394,0.5725926756858826,0.28780877590179443,0.38138139247894287,0.5305464267730713,0.015894366428256035,-0.21906326711177826,0.6762708425521851,0.2955617308616638,0.4075591564178467,0.5368287563323975
12,0.20177197728169385,0.351875,0.32566734179292484,0.03190905228257179,-0.25794804096221924,0.5921016931533813,0.21862190961837769,0.4067631959915161,0.46641790866851807,0.01050533913075924,-0.25926172733306885,0.4741698205471039,0.33544233441352844,0.3812999427318573,0.5962165594100952
13,0.10441105934196489,0.64875,0.4354382979960548,0.044251177459955215,-0.31483837962150574,0.4558442533016205,0.21619583666324615,0.4050791263580322,0.4827907681465149,0.01714426837861538,-0.2775755524635315,0.2559010684490204,0.3346465826034546,0.34773391485214233,0.5848804116249084
14,26.87676831656352,0.7709374999999999,0.05709603041107405,0.04383997246623039,-0.3338763117790222,0.3759090304374695,0.16985122859477997,0.3928316533565521,0.45173048973083496,0.02356313169002533,-0.295719176530838,0.13658852875232697,0.19631975889205933,0.3153511881828308,0.4770326018333435
15,0.24792852990924605,0.70625,0.12907673675665454,0.05416290462017059,-0.36133795976638794,0.23419421911239624,0.20106616616249084,0.2908262610435486,0.46707549691200256,0.025552459061145782,-0.3182685971260071,0.19805295765399933,0.16562910377979279,0.37255990505218506,0.4298734962940216
16,0.4635790648920679,0.6071875,0.19101198199889632,0.06428292393684387,-0.3853800296783447,0.16599160432815552,0.22696681320667267,0.34128475189208984,0.5167393684387207,0.023555517196655273,-0.3604241907596588,0.17784444987773895,0.2633110284805298,0.3500726819038391,0.5380499958992004
17,0.45105773558262136,0.8556250000000001,0.27670073627527775,0.0646776631474495,-0.38737553358078003,0.2442154437303543,0.20261386036872864,0.3420366048812866,0.5135582089424133,0.021930571645498276,-0.361578106880188,0.34743091464042664,0.33771494030952454,0.259868860244751,0.6035664081573486
18,0.08041887739352829,0.3596875,0.27021969332572493,0.0581466369330883,-0.37819916009902954,0.14974170923233032,0.1483341008424759,0.36548754572868347,0.4225921630859375,0.02601253241300583,-0.3885257840156555,0.1516203135251999,0.20549973845481873,0.36304599046707153,0.46834081411361694
19,2.987086506161461,0.8671875,0.2416352183127899,0.06355848163366318,-0.40280818939208984,0.6974292397499084,0.25160151720046997,0.2118680626153946,0.5060463547706604,0.02328520268201828,-0.3843618333339691,0.16561730206012726,0.20580321550369263,0.39155155420303345,0.48650604486465454
20,0.14581069986188747,0.68875,0.4517978557011242,0.05431556701660156,-0.4141574800014496,0.4051213264465332,0.24337616562843323,0.2991485893726349,0.5254659652709961,0.03804580122232437,-0.3787725269794464,0.15380649268627167,0.20847272872924805,0.3481099605560303,0.4851570129394531
21,0.3867122622173846,0.9068750000000001,0.5098226713909052,0.055887363851070404,-0.3873080909252167,0.3405897617340088,0.22634457051753998,0.29230692982673645,0.5337290167808533,0.03519662842154503,-0.3776834309101105,0.37804022431373596,0.32156598567962646,0.2749979794025421,0.609882652759552
22,2.06880727112134,0.75875,0.24836766367304994,0.054069437086582184,-0.3953816890716553,0.41021841764450073,0.23529952764511108,0.28971606492996216,0.518337070941925,0.029555782675743103,-0.426160991191864,0.19266946613788605,0.19652259349822998,0.4500630795955658,0.4873385429382324
23,0.8862087781462199,0.8003125000000001,0.5733869822614548,0.0466601736843586,-0.40288010239601135,0.16123005747795105,0.1334065943956375,0.37766510248184204,0.3887893855571747,0.050029680132865906,-0.3857175409793854,0.30330532789230347,0.207012340426445,0.3035193383693695,0.4897821843624115
24,0.08185813265262509,0.825,0.5740202682661348,0.04618329927325249,-0.4044169485569,0.16716620326042175,0.14533470571041107,0.3986140191555023,0.43283143639564514,0.04487484320998192,-0.41499143838882446,0.11897861212491989,0.17908428609371185,0.3825374245643616,0.4513493776321411
25,3003.863332957885,0.8090624999999999,0.2242947796093226,0.03926831856369972,-0.3866882920265198,0.1668790578842163,0.17597559094429016,0.3549056053161621,0.5038043260574341,0.0421089269220829,-0.3753419518470764,0.7319799661636353,0.31748390197753906,0.1830301284790039,0.5606239438056946
26,12.574308439497397,0.7690625,0.4260507114658891,0.04559192806482315,-0.3530064821243286,0.14972038567066193,0.23197531700134277,0.34058070182800293,0.5237880945205688,0.045593053102493286,-0.40673828125,0.34128421545028687,0.39022329449653625,0.3079257607460022,0.6659207344055176
27,0.0327269372473194,0.625,0.5997016579404895,0.03857351467013359,-0.381008118391037,0.09827164560556412,0.14783890545368195,0.37102067470550537,0.42361631989479065,0.038463473320007324,-0.38865208625793457,0.4935746490955353,0.15594235062599182,0.23534688353538513,0.4156162738800049
28,0.5796974023650119,0.5903125,0.403232364226897,0.03373870626091957,-0.3842874765396118,0.19811616837978363,0.19444753229618073,0.3354661166667938,0.46054166555404663,0.03854481875896454,-0.3647029399871826,0.3326168954372406,0.1578589677810669,0.28208160400390625,0.43484628200531006
29,0.07242180823044289,0.7340625000000001,0.38308638969527764,0.03282526880502701,-0.3677002489566803,0.45927929878234863,0.2358807772397995,0.49125054478645325,0.4637680649757385,0.039437707513570786,-0.38369396328926086,0.19651788473129272,0.19013871252536774,0.40899959206581116,0.47115692496299744
30,1.2364528656684404,0.73875,0.32855451590737494,0.033347953110933304,-0.3563845753669739,0.18853344023227692,0.25916266441345215,0.37914496660232544,0.5475410223007202,0.027208475396037102,-0.4011405110359192,0.2188049852848053,0.1854739785194397,0.34537801146507263,0.45880433917045593
31,0.20004376140572075,0.49625,0.0727904306788835,0.029004951938986778,-0.362777441740036,0.39447423815727234,0.1565784066915512,0.44400471448898315,0.414862722158432,0.019273750483989716,-0.3875958323478699,0.3435133695602417,0.20443378388881683,0.44553041458129883,0.4883875846862793
32,13.146014794037859,0.8378125000000001,0.23035477240169994,0.033838242292404175,-0.35671132802963257,0.16675017774105072,0.23610705137252808,0.32799309492111206,0.5315653085708618,0.033086538314819336,-0.3679713010787964,0.35671475529670715,0.18082258105278015,0.427243173122406,0.45871779322624207
33,0.08507382639736458,0.6125,0.3302753829990541,0.032607387751340866,-0.32331764698028564,0.2858559787273407,0.1817675232887268,0.2240557074546814,0.5021985769271851,0.03345419466495514,-0.3672841489315033,0.2863997220993042,0.2757347822189331,0.2622869312763214,0.5650216937065125
34,0.03995953386964276,0.9465625,0.739716233588479,0.03544245660305023,-0.36462390422821045,0.16511836647987366,0.2565377652645111,0.35724517703056335,0.5501071810722351,0.032887544482946396,-0.3482145071029663,0.12964338064193726,0.1752941608428955,0.3113076090812683,0.46299490332603455
35,0.22951079768313593,0.7949999999999999,0.48979172979044705,0.041056953370571136,-0.3620362877845764,0.34001588821411133,0.21990755200386047,0.40320926904678345,0.546191930770874,0.03408529981970787,-0.3396811783313751,0.18043841421604156,0.22173260152339935,0.3211536407470703,0.5243346095085144
36,31.302180307029225,0.790625,0.34731399256058004,0.03881320357322693,-0.3908659517765045,0.17134608328342438,0.3559457063674927,0.37096890807151794,0.643822193145752,0.03240448981523514,-0.3501374125480652,0.49166780710220337,0.22081056237220764,0.4213026762008667,0.5043784379959106
37,0.3617379698481054,0.5971875000000001,0.1581193610553438,0.03972184285521507,-0.3378766179084778,0.17161954939365387,0.16529788076877594,0.33892709016799927,0.47464996576309204,0.03834608942270279,-0.3385477364063263,0.3513520359992981,0.17171914875507355,0.386476069688797,0.4239264726638794
38,1059.0619204949123,0.40875000000000006,-0.4948039415569731,0.04273919761180878,-0.3647131621837616,0.25017234683036804,0.20395833253860474,0.2774631977081299,0.5064610838890076,0.031821321696043015,-0.37367159128189087,0.22686363756656647,0.2357548177242279,0.3552563190460205,0.5419450998306274
39,0.06730471040884742,0.7553125,0.5771615466086916,0.05506560951471329,-0.3919290006160736,0.3237055242061615,0.16507598757743835,0.42442452907562256,0.4765440821647644,0.042012881487607956,-0.3780434727668762,0.44123008847236633,0.17622485756874084,0.4407351315021515,0.4432249367237091
40,0.15532067686585455,0.7078125,0.36809549954811477,0.05577576905488968,-0.3058381676673889,0.2755768597126007,0.17077548801898956,0.3274771571159363,0.4835180938243866,0.04087837040424347,-0.33643394708633423,0.3707871735095978,0.25482580065727234,0.33571717143058777,0.5578959584236145
41,0.5571598983361974,0.61875,0.0663208096587338,0.060167692601680756,-0.424381822347641,0.2841607630252838,0.23270046710968018,0.35149723291397095,0.5606161952018738,0.031531237065792084,-0.43491172790527344,0.20930959284305573,0.23039868474006653,0.4114087224006653,0.4912068545818329
42,78.32823410770352,0.764375,0.06899588692284517,0.06300388276576996,-0.3526087701320648,0.3677850067615509,0.28409239649772644,0.23177550733089447,0.5853505730628967,0.03682935610413551,-0.40498822927474976,0.20478858053684235,0.18707400560379028,0.3011658489704132,0.4722609519958496
43,0.681974191477529,0.8665625,0.6660013630870741,0.07592537254095078,-0.3528612554073334,0.17259064316749573,0.22596056759357452,0.3204798102378845,0.49520009756088257,0.03437039256095886,-0.4461482763290405,0.3920241892337799,0.24467521905899048,0.28596222400665283,0.5407722592353821
44,0.814574671609906,0.61375,0.1759569354887594,0.0845889076590538,-0.36900508403778076,0.12923847138881683,0.14602497220039368,0.33897823095321655,0.44867178797721863,0.03901510313153267,-0.39904794096946716,0.3581260144710541,0.42576339840888977,0.27619221806526184,0.6533451080322266
45,261240.7240960699,0.6578125,-0.3976422727383292,0.10055916011333466,-0.352032333612442,0.3925928771495819,0.1836412400007248,0.41040077805519104,0.4752410352230072,0.050162989646196365,-0.42978137731552124,0.19131653010845184,0.162432461977005,0.3915771543979645,0.46302542090415955
46,1001.9518558056179,0.6625,-0.2116348403710377,0.09251463413238525,-0.3225587010383606,0.21006377041339874,0.2844473123550415,0.2996535897254944,0.5889236330986023,0.0587625689804554,-0.41449692845344543,0.21630315482616425,0.1870826780796051,0.37173622846603394,0.4815259277820587
47,0.25991217295733293,0.34375,0.14930391001747692,0.10009252279996872,-0.40993592143058777,0.21338631212711334,0.2495395541191101,0.32099345326423645,0.5569860339164734,0.07022576779127121,-0.37638548016548157,0.45468220114707947,0.35548657178878784,0.18411175906658173,0.6388148069381714
48,86.0947794663122,0.7328125,0.11709622211185777,0.10115796327590942,-0.3903278708457947,0.2347351610660553,0.18575088679790497,0.3949258625507355,0.4485585689544678,0.0732436329126358,-0.39396411180496216,0.3665619194507599,0.21232420206069946,0.240345761179924,0.522640585899353
49,9.34823006861831,0.544375,-0.6310860814580528,0.12133056670427322,-0.38523930311203003,0.3181491494178772,0.12426267564296722,0.38066887855529785,0.4624193608760834,0.06441601365804672,-0.39157500863075256,0.2147691547870636,0.15783973038196564,0.3499297797679901,0.43395620584487915
50,0.16609845432155093,0.8590625,0.4073684695239551,0.11163265258073807,-0.43451783061027527,0.40521880984306335,0.15010026097297668,0.4340205192565918,0.4373822510242462,0.0719950944185257,-0.38355451822280884,0.23403342068195343,0.43025916814804077,0.2914973795413971,0.6978471279144287
51,0.11093894255029542,0.8206249999999999,0.5041140803245462,0.14386670291423798,-0.3929293155670166,0.24902014434337616,0.15991784632205963,0.24441727995872498,0.4953557848930359,0.08411607891321182,-0.3857431411743164,0.19436216354370117,0.2355489432811737,0.3144167959690094,0.540840208530426
52,6.653438588979401,0.7699999999999999,-0.24399639056209582,0.14299941062927246,-0.47617554664611816,0.27248525619506836,0.1692565530538559,0.33798229694366455,0.4540129005908966,0.06067677214741707,-0.3982798457145691,0.5660895705223083,0.43861672282218933,0.21001023054122925,0.6763786673545837
53,11.675097207038286,0.7896875,-0.06310827894492985,0.11366473138332367,-0.43158969283103943,0.4747163951396942,0.20492643117904663,0.24770885705947876,0.4961218237876892,0.0843927413225174,-0.3365275263786316,0.16986334323883057,0.2556184232234955,0.24537323415279388,0.567459225654602
54,0.08456738072673106,0.45843749999999994,0.41858448739505255,0.1006513237953186,-0.3723880350589752,0.5733630657196045,0.27194225788116455,0.1455049067735672,0.6053767204284668,0.062219228595495224,-0.34722769260406494,0.26213380694389343,0.3537425994873047,0.25284790992736816,0.6514163613319397
55,0.12548651543271425,0.7115625,0.4211356086301913,0.10300593823194504,-0.3646391034126282,0.16926580667495728,0.1931375414133072,0.26940950751304626,0.5256892442703247,0.045611798763275146,-0.35752078890800476,0.41032785177230835,0.3319171667098999,0.1837713122367859,0.6269928216934204
56,6.536755793021936,0.686875,0.2744001033259626,0.11885513365268707,-0.3846884071826935,0.1634882241487503,0.22929233312606812,0.312755823135376,0.5429685711860657,0.03937733173370361,-0.3360746502876282,0.2341504991054535,0.305356502532959,0.3024759888648987,0.5917015075683594
57,0.14603236916355286,0.7740625000000001,0.5372961808682082,0.106841541826725,-0.4368573725223541,0.26706740260124207,0.20689478516578674,0.3162153363227844,0.49972212314605713,0.03830595314502716,-0.2940639853477478,0.17628712952136993,0.21188898384571075,0.2452067881822586,0.4797467589378357
58,0.09308510433868286,0.40125,0.27220654757356477,0.1036115437746048,-0.36430588364601135,0.2648700475692749,0.20372506976127625,0.22147689759731293,0.5663333535194397,0.021779408678412437,-0.31488141417503357,0.3501686155796051,0.1867114007472992,0.32959607243537903,0.4754787087440491
59,0.5226053012790202,0.418125,0.048905102246728296,0.08632203191518784,-0.37716978788375854,0.16767118871212006,0.22271431982517242,0.29049909114837646,0.5565460324287415,0.018132617697119713,-0.27411141991615295,0.525239884853363,0.26944583654403687,0.2873203754425049,0.6006884574890137
60,0.26179392495751197,0.78,0.42207535099841886,0.06758034974336624,-0.4196111559867859,0.49712225794792175,0.13575510680675507,0.43234699964523315,0.43494415283203125,0.010789253748953342,-0.28823933005332947,0.3021135628223419,0.19312584400177002,0.26823893189430237,0.49371588230133057
61,84.83880544648471,0.8025,0.26677343265915504,0.06841310113668442,-0.39527809619903564,0.2526901960372925,0.14888186752796173,0.25856393575668335,0.38902390003204346,0.00319971377030015,-0.28464028239250183,0.2124275118112564,0.3433477282524109,0.2113587111234665,0.6536612510681152
62,33.21366025347559,0.8184374999999999,0.4602945196492243,0.05889922007918358,-0.37338483333587646,0.18983261287212372,0.21906688809394836,0.26724526286125183,0.5408727526664734,0.004582270979881287,-0.28907403349876404,0.2016594260931015,0.22122851014137268,0.19420766830444336,0.532816469669342
63,0.1951668470942416,0.7856249999999999,0.30109416986533233,0.050170641392469406,-0.33447688817977905,0.20305649936199188,0.20278137922286987,0.2579822838306427,0.49894243478775024,0.010886991396546364,-0.3357764184474945,0.35588234663009644,0.40953516960144043,0.20380480587482452,0.6790336966514587
64,50.771583974196744,0.793125,0.46642222073110384,0.039972998201847076,-0.3356321454048157,0.3678692579269409,0.14489860832691193,0.2929873764514923,0.5137296915054321,0.014577601104974747,-0.3086119294166565,0.4042957127094269,0.19256845116615295,0.32704752683639526,0.4679318368434906
65,2.7205651771403483,0.6484375,0.14271604428857793,0.03835825249552727,-0.32721301913261414,0.37836092710494995,0.1749662309885025,0.2956823408603668,0.4707331359386444,0.007969686761498451,-0.3514808118343353,0.23626302182674408,0.18533620238304138,0.31313657760620117,0.4795229136943817
66,27.49145371919953,0.646875,0.41245827731197365,0.025608591735363007,-0.3387584388256073,0.3455817997455597,0.2078789323568344,0.2802202105522156,0.5408940315246582,0.016531480476260185,-0.3756101727485657,0.3119802474975586,0.2261333167552948,0.34267643094062805,0.4879623353481293
67,1.2474827329667093,0.8,0.4875739318814384,0.025371914729475975,-0.42340099811553955,0.3772136867046356,0.20954251289367676,0.3789295256137848,0.5311158895492554,0.01336598489433527,-0.3132530748844147,0.3757331073284149,0.20163793861865997,0.338283896446228,0.47781136631965637
68,0.2818138641054991,0.5690625,0.4130379498718235,0.023126188665628433,-0.4405457079410553,0.14649607241153717,0.20397843420505524,0.31195762753486633,0.47484150528907776,0.012774912640452385,-0.387485146522522,0.598149836063385,0.14998266100883484,0.43475061655044556,0.3811720609664917
69,0.12314474695436088,0.87375,0.5466816830230169,0.018613601103425026,-0.4021761417388916,0.14164204895496368,0.23104676604270935,0.2829582095146179,0.5329775810241699,0.008472591638565063,-0.3978275954723358,0.4122319221496582,0.20597249269485474,0.38837331533432007,0.4464626908302307
70,0.05807645782263795,0.609375,0.5761083203194414,0.017592653632164,-0.4406524896621704,0.15209552645683289,0.1264268457889557,0.32614031434059143,0.40701034665107727,0.007017661817371845,-0.42765748500823975,0.4328635632991791,0.16916035115718842,0.4117191433906555,0.42343637347221375
71,0.761434876159859,0.6815625000000001,-0.0068647640379364315,0.014831378124654293,-0.3933441936969757,0.2144135981798172,0.25845617055892944,0.2952120304107666,0.5339440703392029,0.007164803799241781,-0.43420928716659546,0.29411497712135315,0.19311556220054626,0.2879524827003479,0.45488449931144714
72,0.16876732855838988,0.8278125000000001,0.42973014216840644,0.010142444632947445,-0.4237198233604431,0.24041412770748138,0.20345470309257507,0.2542039752006531,0.45870906114578247,0.006433074828237295,-0.43295741081237793,0.5202512741088867,0.20410753786563873,0.24479886889457703,0.4586912989616394
73,0.28420133988808205,0.39249999999999996,0.2539435728712934,0.008036840707063675,-0.43893587589263916,0.2503037452697754,0.15899956226348877,0.2613039016723633,0.46368739008903503,0.0026028756983578205,-0.45770263671875,0.3122168779373169,0.14933498203754425,0.30002135038375854,0.41891440749168396
74,0.05226363294804028,0.58875,0.5458231306034306,0.008869195356965065,-0.49206650257110596,0.24347828328609467,0.18048252165317535,0.3980904817581177,0.5054357647895813,0.005748255643993616,-0.4075931906700134,0.5458405017852783,0.28437790274620056,0.21112480759620667,0.548409104347229
75,6.246726558561747,0.4034375,0.1404846282986715,0.00647361995652318,-0.4391413629055023,0.46094462275505066,0.22323396801948547,0.21340729296207428,0.5256434679031372,0.0033010407350957394,-0.43793606758117676,0.25466102361679077,0.19332937896251678,0.3719991147518158,0.5288838148117065
76,0.17708150451088284,0.7359375,0.41129866536625154,0.007131275720894337,-0.46791455149650574,0.7164773941040039,0.34094640612602234,0.21004018187522888,0.5764949917793274,0.003996541257947683,-0.39679375290870667,0.35176071524620056,0.3137052655220032,0.2989044189453125,0.660187840461731
77,0.4927271404628155,0.8140625,0.4325245998385784,0.00436887564137578,-0.40892213582992554,0.2610986828804016,0.22095108032226562,0.251914381980896,0.4849335551261902,0.0032137820962816477,-0.42550915479660034,0.2489946037530899,0.1649286150932312,0.3615492582321167,0.4166320860385895
78,0.05893052028444956,0.47718750000000004,0.4343574835650659,0.004724212922155857,-0.4670346975326538,0.4906960129737854,0.2795752286911011,0.24873626232147217,0.5456780195236206,0.0033574483823031187,-0.47177445888519287,0.3981812596321106,0.17140018939971924,0.3002307415008545,0.487185537815094
79,1.3999533500370958,0.7465624999999999,0.2791228789192317,0.004027354530990124,-0.43914365768432617,0.1421533077955246,0.1785663515329361,0.3292200565338135,0.46570441126823425,0.008116846904158592,-0.45298704504966736,0.3274034857749939,0.1600557267665863,0.29083147644996643,0.46137067675590515
80,0.13115496922662984,0.47906250000000006,0.33981902713670664,0.004726267419755459,-0.40731608867645264,0.19392818212509155,0.22127756476402283,0.28464728593826294,0.5413126349449158,0.011359809897840023,-0.41278910636901855,0.22873276472091675,0.23580363392829895,0.29064685106277466,0.5396608114242554
81,1.1063939023105673,0.7253125,0.4942517006076509,0.0033435390796512365,-0.3950762450695038,0.45359861850738525,0.16497819125652313,0.36163896322250366,0.4104126989841461,0.0041530863381922245,-0.4704868197441101,0.25760069489479065,0.26359620690345764,0.4161031246185303,0.5528642535209656
82,0.12186134731173166,0.56875,0.29702340523403536,0.0017321637133136392,-0.3636331558227539,0.3468300998210907,0.16165417432785034,0.3129652142524719,0.4786030352115631,0.01816517487168312,-0.4526798129081726,0.31441640853881836,0.18444418907165527,0.31551581621170044,0.41838473081588745
83,4.26643691954295,0.7946875,0.20064110304974533,0.0017015610355883837,-0.374538779258728,0.18597228825092316,0.16247983276844025,0.2423984259366989,0.43529048562049866,0.012853375636041164,-0.36213624477386475,0.18099284172058105,0.1670232117176056,0.28058773279190063,0.4778793454170227
84,0.34351902963835446,0.7175,0.4898164529081634,0.0029748075176030397,-0.379647433757782,0.16974280774593353,0.24346956610679626,0.24732710421085358,0.5159282684326172,0.014847264625132084,-0.3817402422428131,0.3650447130203247,0.372909814119339,0.2139972746372223,0.6809229850769043
85,0.19894674306502474,0.659375,0.4259437246502088,0.0036734140012413263,-0.38093069195747375,0.27687036991119385,0.1623227745294571,0.3025137186050415,0.44022172689437866,0.01566324010491371,-0.40497320890426636,0.2858312129974365,0.18920406699180603,0.24435698986053467,0.47898128628730774
86,0.04022573458312436,0.43562499999999993,0.43163850770964823,0.0020554170478135347,-0.33703136444091797,0.8730311989784241,0.2702312469482422,0.3940560817718506,0.46480581164360046,0.016476301476359367,-0.3880176544189453,0.22341062128543854,0.2575816810131073,0.30113595724105835,0.49252745509147644
87,0.49910495956957696,0.669375,0.4036697956686706,0.0030927243642508984,-0.3978615403175354,0.574125349521637,0.22229428589344025,0.3774872422218323,0.479309618473053,0.017598001286387444,-0.3962900936603546,0.1514381766319275,0.18505674600601196,0.30191758275032043,0.47979551553726196
88,2.009035900896066,0.778125,0.23962518171725683,0.00276353070512414,-0.40433984994888306,0.23818999528884888,0.176723450422287,0.2627280354499817,0.5145311951637268,0.01743422821164131,-0.40373775362968445,0.340636283159256,0.24504439532756805,0.3154884874820709,0.5472673177719116
89,0.21364010309934392,0.6849999999999999,0.3288282180859408,0.0023316112346947193,-0.45754730701446533,0.415431410074234,0.23452156782150269,0.3706003427505493,0.5231196880340576,0.015245139598846436,-0.3674596846103668,0.5513939261436462,0.16638842225074768,0.34389567375183105,0.45232629776000977
90,64.16245268848805,0.7168749999999999,0.14372070312488963,0.0024206899106502533,-0.42272084951400757,0.12994396686553955,0.21969786286354065,0.27636414766311646,0.5202826857566833,0.0131073622033,-0.3985978364944458,0.6825188398361206,0.1822853684425354,0.3805369734764099,0.5143902897834778
91,0.19763066041089386,0.5684375,0.5470098830944925,0.0033505430910736322,-0.5054450035095215,0.3545786738395691,0.25068116188049316,0.4109535217285156,0.5289469957351685,0.017852071672677994,-0.3709465265274048,0.2478359192609787,0.14993342757225037,0.2782701551914215,0.4645894467830658
92,0.10053447587121873,0.7603125000000001,0.5899803028215282,0.002564685884863138,-0.5717183351516724,0.40885013341903687,0.11342693865299225,0.47138890624046326,0.333712100982666,0.0123106949031353,-0.48016995191574097,0.4191282093524933,0.1714905947446823,0.39107102155685425,0.5159980058670044
93,0.617700446899887,0.565625,0.33827406364659257,0.003414241597056389,-0.5170021057128906,0.1330564171075821,0.11550794541835785,0.3464132249355316,0.420175701379776,0.016018889844417572,-0.47021520137786865,0.26579365134239197,0.20230746269226074,0.2904643416404724,0.4702310264110565
94,0.7024935905409623,0.714375,0.17847751343876908,0.0019920323975384235,-0.5504499673843384,0.33986619114875793,0.14475950598716736,0.30155616998672485,0.45225289463996887,0.01762389950454235,-0.43581971526145935,0.27834370732307434,0.20308569073677063,0.3167617619037628,0.47921615839004517
95,0.30647393475678797,0.589375,0.28241638889455223,0.0026531533803790808,-0.6096986532211304,0.2378682941198349,0.13211002945899963,0.37591952085494995,0.4483490586280823,0.012388336472213268,-0.48979103565216064,0.19442380964756012,0.1871175616979599,0.3466361165046692,0.4979787766933441
96,0.08660660310372045,0.57875,0.4337581587948739,0.002624955726787448,-0.6084999442100525,0.16978143155574799,0.1541413813829422,0.4050684869289398,0.3815784454345703,0.012790448032319546,-0.4678442180156708,0.3974049389362335,0.17387984693050385,0.25057679414749146,0.46697795391082764
97,0.06789593870889866,0.6225,0.4353508041656499,0.0029361355118453503,-0.6007765531539917,0.6662070751190186,0.3262556791305542,0.2658860981464386,0.6634775400161743,0.013784707523882389,-0.5401208996772766,0.26426053047180176,0.13536541163921356,0.37716934084892273,0.40773311257362366
98,0.11758027920532607,0.7831249999999998,0.5240336949704825,0.0020589057821780443,-0.5898610353469849,0.8259555697441101,0.3451579511165619,0.24335414171218872,0.581268310546875,0.010323671624064445,-0.5555686354637146,0.24078571796417236,0.23155388236045837,0.4016225337982178,0.5528786182403564
99,0.5561426176102824,0.3778125,0.18775671693716575,0.0019840216264128685,-0.5455619096755981,0.8567401170730591,0.3547676205635071,0.1996842622756958,0.5936661958694458,0.009221144951879978,-0.4778662323951721,0.22079908847808838,0.11245664954185486,0.3099745512008667,0.344380646944046
100,3.10854106391847,0.623125,0.26033959638698995,0.001964876428246498,-0.5020175576210022,0.09864597767591476,0.11437487602233887,0.3397209346294403,0.4286816716194153,0.006173211615532637,-0.5183256268501282,0.18901212513446808,0.1585865616798401,0.39482203125953674,0.4343509376049042
101,0.3300193690587615,0.6599999999999999,0.26489826541532524,0.0018338982481509447,-0.44740158319473267,0.3823867440223694,0.1345941722393036,0.20472285151481628,0.4685463309288025,0.005770530551671982,-0.5231833457946777,0.3540396988391876,0.2446698546409607,0.31899821758270264,0.6070138216018677
102,1.3258293972556108,0.4259375,0.16726341353442783,0.0017358089098706841,-0.5168479084968567,0.2683396339416504,0.1711682379245758,0.3236234188079834,0.541413426399231,0.006454642862081528,-0.4904603660106659,0.16682569682598114,0.2255547195672989,0.35074692964553833,0.5192398428916931
103,3.7978406913858196,0.7303125,0.2746071380590816,0.00210495269857347,-0.4526693820953369,0.2411264032125473,0.27625980973243713,0.253987193107605,0.5621097087860107,0.0096793994307518,-0.47996392846107483,0.23185622692108154,0.20865534245967865,0.3082730174064636,0.5258468389511108
104,0.053186149304983235,0.4265625,0.432882196882835,0.001999005675315857,-0.4370571970939636,0.3292238116264343,0.17176569998264313,0.3422017991542816,0.45618438720703125,0.005375793669372797,-0.4260523319244385,0.3303023874759674,0.22576932609081268,0.23524554073810577,0.5295382738113403
105,3.4460717438226283,0.6799999999999999,0.30549451353646256,0.0016040974296629429,-0.44148799777030945,0.45826786756515503,0.397915244102478,0.15845715999603271,0.6738926768302917,0.0025662400294095278,-0.4594067931175232,0.30672693252563477,0.37856972217559814,0.2940570116043091,0.6569669842720032
106,2.224983959519764,0.456875,0.17704802616475016,0.0018261767691001296,-0.37098798155784607,0.25984257459640503,0.24296671152114868,0.2583298087120056,0.48884379863739014,0.00497598759829998,-0.4827759265899658,0.22617937624454498,0.18783792853355408,0.3601691722869873,0.499977707862854
107,145.01222950090326,0.7984375,0.5608035871690784,0.0015115989372134209,-0.4030363857746124,0.3275777995586395,0.1891433596611023,0.3054688572883606,0.4495741128921509,0.004202237818390131,-0.43270909786224365,0.2043735682964325,0.21667985618114471,0.2775450348854065,0.5535403490066528
108,1.0462740644206672,0.7403125,0.34069725696372,0.0013173716142773628,-0.3939352035522461,0.8331629037857056,0.2030334770679474,0.41366448998451233,0.40100789070129395,0.00424822187051177,-0.44342532753944397,0.35015299916267395,0.2854156792163849,0.21816110610961914,0.6072695851325989
109,0.03019328009795092,0.5706249999999999,0.65288648628702,0.0009043438476510346,-0.3758853077888489,0.6454463601112366,0.16615521907806396,0.3512498736381531,0.3959023058414459,0.004670055583119392,-0.4225996732711792,0.23798184096813202,0.2819916009902954,0.26322469115257263,0.5769103169441223
110,0.5605829699355132,0.4890625,0.12222367927995341,0.0012046952033415437,-0.43272703886032104,0.6492270231246948,0.23557442426681519,0.3688370883464813,0.5008973479270935,0.0037526842206716537,-0.4568236172199249,0.3477429151535034,0.17770174145698547,0.3506266176700592,0.5073550343513489
111,1.601803157376724,0.8578125,0.15177126514095698,0.0011733017163351178,-0.4588721692562103,0.49942725896835327,0.13711759448051453,0.37658578157424927,0.3446756899356842,0.004254278261214495,-0.431142121553421,0.2692433297634125,0.24965326488018036,0.29594069719314575,0.552901029586792
112,2.570697623287182,0.8178124999999999,0.4101038691971917,0.0011158323613926768,-0.45486751198768616,0.16820833086967468,0.23015634715557098,0.24744687974452972,0.5096209049224854,0.005519679747521877,-0.5069141983985901,0.8922120928764343,0.22471031546592712,0.4840315580368042,0.440026193857193
113,0.04042961660381429,0.5246875,0.5608575650968435,0.0013090198626741767,-0.470432847738266,0.2615155577659607,0.16273336112499237,0.30467894673347473,0.42178812623023987,0.0038452178705483675,-0.5150644183158875,0.5088474154472351,0.21362118422985077,0.41474437713623047,0.4357694983482361
114,40.515817179215716,0.6284375000000001,0.13915482879495594,0.0007239028345793486,-0.5446265935897827,0.16044017672538757,0.1863805502653122,0.32403844594955444,0.4837307929992676,0.005484619177877903,-0.5043023824691772,0.2765280306339264,0.16499395668506622,0.356842964887619,0.45145389437675476
115,0.14731055208410124,0.73,0.4116764958427927,0.0008911556797102094,-0.5322745442390442,0.17748427391052246,0.19230131804943085,0.3328378200531006,0.4550243020057678,0.0036580481100827456,-0.5553228855133057,0.41449305415153503,0.133748859167099,0.30396851897239685,0.3848259150981903
116,19.625767999280598,0.45062499999999994,0.2923513309239586,0.000994273112155497,-0.5413653254508972,0.1919756829738617,0.13872280716896057,0.33891725540161133,0.4031916558742523,0.005334403365850449,-0.5348085165023804,0.5193605422973633,0.3026147484779358,0.24760547280311584,0.6288632750511169
117,0.05638109238592044,0.484375,0.4207071145007202,0.001298101618885994,-0.6114226579666138,0.16449078917503357,0.1859549731016159,0.3704216480255127,0.4595830738544464,0.0034700389951467514,-0.5100072026252747,0.615779459476471,0.2939700782299042,0.22736206650733948,0.6131454110145569
118,1.981338378276515,0.76125,0.5766226000065469,0.0010372423566877842,-0.6506921052932739,0.1564687341451645,0.13911129534244537,0.4203035831451416,0.4236418902873993,0.004437924362719059,-0.5198473930358887,0.3331281542778015,0.1778208315372467,0.29200440645217896,0.4496995508670807
119,3.6960291484162413,0.44125000000000003,0.08819859289702389,0.0006436569965444505,-0.536662220954895,0.1841336041688919,0.1400563269853592,0.35309290885925293,0.4084976315498352,0.0047723702155053616,-0.5311517715454102,0.31826427578926086,0.16805073618888855,0.40702319145202637,0.4564579725265503
120,0.36367576966529297,0.70375,0.31493439728144745,0.0012784452410414815,-0.6194014549255371,0.3837725818157196,0.20847247540950775,0.3346499800682068,0.4804745614528656,0.003926610108464956,-0.4866458475589752,0.20043419301509857,0.14183172583580017,0.27057018876075745,0.4423006772994995
121,0.090647083026281,0.8637499999999999,0.8092766302093061,0.0010065434034913778,-0.6121714115142822,0.2409713715314865,0.19080497324466705,0.3634744882583618,0.44678449630737305,0.003642892464995384,-0.48773616552352905,0.24229376018047333,0.1754908263683319,0.33224523067474365,0.5045132637023926
122,1.5975661429606067,0.7896875,0.29185390316510346,0.0008912057965062559,-0.6642937660217285,0.6176618933677673,0.18549326062202454,0.33318400382995605,0.42808443307876587,0.0047129555605351925,-0.4900752604007721,0.33665165305137634,0.10377126932144165,0.3556097149848938,0.38585108518600464
123,2.871736995396438,0.65,0.23110376336173113,0.0008316208841279149,-0.5974820852279663,0.13814465701580048,0.1569838970899582,0.40626299381256104,0.44592538475990295,0.002830128651112318,-0.5592139959335327,0.26233720779418945,0.20245593786239624,0.3780464828014374,0.5032290816307068
124,0.9555130677798189,0.6368750000000001,0.17526635502209614,0.0008598074200563133,-0.6291429996490479,0.6884751915931702,0.3037445545196533,0.28245776891708374,0.5440735220909119,0.003147248877212405,-0.48599353432655334,0.23114798963069916,0.284384548664093,0.3078961968421936,0.5270671844482422
125,0.5188337527978037,0.766875,0.41487236269419336,0.000566786271519959,-0.5343215465545654,0.45370355248451233,0.3057835102081299,0.225980743765831,0.6230008006095886,0.003230378497391939,-0.6153969764709473,0.5389528274536133,0.10006282478570938,0.5042144060134888,0.3148258924484253
126,0.14394883843533227,0.6559375,0.41122425282785857,0.0005692209815606475,-0.5601750016212463,0.22802194952964783,0.22377917170524597,0.31430402398109436,0.5308347940444946,0.0025154631584882736,-0.550190806388855,0.23340710997581482,0.17311619222164154,0.31502050161361694,0.4297192096710205
127,0.12061896660264149,0.584375,0.3304539039618868,0.0005178828141652048,-0.5110023617744446,0.11802325397729874,0.19342398643493652,0.290791392326355,0.48696228861808777,0.0024484379682689905,-0.5532134771347046,0.47974786162376404,0.1815495789051056,0.2744590938091278,0.4759555459022522
128,3.0137948758025375,0.559375,0.2724378033110241,0.0006583696813322604,-0.5439722537994385,0.15327169001102448,0.16289058327674866,0.3242747485637665,0.45421302318573,0.002716311253607273,-0.5276409387588501,0.6175064444541931,0.24076054990291595,0.26167765259742737,0.4772515892982483
129,0.13373036806657748,0.7640625000000001,0.5959143191045786,0.0004697949916590005,-0.48129498958587646,0.27487802505493164,0.25093403458595276,0.3165683150291443,0.49421125650405884,0.0027612147387117147,-0.5507202744483948,0.2669367790222168,0.1848185956478119,0.3676251769065857,0.37933388352394104
130,0.09562853007059031,0.7825,0.6111777839698125,0.0004742925229948014,-0.476893812417984,0.7118757367134094,0.40023764967918396,0.3720511794090271,0.6702361702919006,0.003207396250218153,-0.5207726359367371,0.19625011086463928,0.10708904266357422,0.31836897134780884,0.3352601230144501
131,77.09418464182727,0.8103125,0.5729954098701522,0.0007272704388014972,-0.5452583432197571,0.5589500069618225,0.21988621354103088,0.4229775369167328,0.5000925064086914,0.002784386742860079,-0.482333779335022,0.26393601298332214,0.19901299476623535,0.24916960299015045,0.5208420157432556
132,1.1062362087198703,0.45812500000000006,0.3930135233308189,0.0006044085021130741,-0.5285190343856812,0.6402022838592529,0.35886117815971375,0.39827409386634827,0.6068273782730103,0.0031590017024427652,-0.4870951175689697,0.2757558524608612,0.28113359212875366,0.2785533368587494,0.547116756439209
133,8.437908938000785,0.403125,0.0728993227184863,0.0005749952397309244,-0.5100616216659546,0.3669774532318115,0.21135689318180084,0.3371332287788391,0.4735216498374939,0.00341070001013577,-0.45975279808044434,0.24182693660259247,0.1482236683368683,0.3032412827014923,0.43960922956466675
134,2.6542904438011687,0.7528124999999999,0.40379773674161895,0.0008017017971724272,-0.5946022272109985,0.2451830357313156,0.20743589103221893,0.30094578862190247,0.4442873001098633,0.0032848473638296127,-0.5116163492202759,0.33467191457748413,0.17225177586078644,0.37983500957489014,0.4299055337905884
135,1.9711481571499536,0.5696875,0.17713710000160726,0.00031128557748161256,-0.5915208458900452,0.2144690901041031,0.17344732582569122,0.38787031173706055,0.43158674240112305,0.004129127599298954,-0.4889616072177887,0.2635990083217621,0.2032584697008133,0.32262328267097473,0.47521328926086426
136,0.635755852188279,0.6125,0.240509122576727,0.0007334600086323917,-0.5760815739631653,0.1962810754776001,0.1834733486175537,0.3157077133655548,0.4421262741088867,0.0033349208533763885,-0.4713137447834015,0.5609313249588013,0.114895299077034,0.3590545356273651,0.3922901153564453
137,0.05577127357120926,0.6334375,0.6886215293356562,0.0005916350637562573,-0.5251959562301636,0.21528305113315582,0.2331036627292633,0.2996895909309387,0.538169264793396,0.004995689727365971,-0.552055835723877,0.3508729338645935,0.15643398463726044,0.3977823555469513,0.42427682876586914
138,0.651045218475839,0.72375,0.5667787450461356,0.0004621165571734309,-0.5672867894172668,0.19275417923927307,0.16145429015159607,0.33511340618133545,0.48594921827316284,0.003292623907327652,-0.5722869634628296,0.1481718271970749,0.11665601283311844,0.3708392381668091,0.36436280608177185
139,0.10340266182525779,0.495,0.4403230591088733,0.0006193496519699693,-0.6315863728523254,0.25967878103256226,0.1555360108613968,0.4358358085155487,0.3921128511428833,0.0029863365925848484,-0.5781087875366211,0.7181832194328308,0.250282347202301,0.25708436965942383,0.47445279359817505
140,0.08770591443122337,0.3421875,0.272457889847525,0.000808964017778635,-0.5821603536605835,0.14651727676391602,0.1560402810573578,0.3407762348651886,0.41385340690612793,0.0029654481913894415,-0.5283159613609314,0.4786824584007263,0.15915325284004211,0.2490190863609314,0.3896664083003998
141,0.06529589263603784,0.5831250000000001,0.42420769746184134,0.0005812776507809758,-0.6232370734214783,0.24873962998390198,0.3535262942314148,0.3767979145050049,0.6193621158599854,0.003154944395646453,-0.5585025548934937,0.26115500926971436,0.13413909077644348,0.32629984617233276,0.437056303024292
142,0.5156403684618175,0.826875,0.43973846989205273,0.0005570878274738789,-0.640521228313446,0.1889955997467041,0.15853771567344666,0.3587804436683655,0.4313378930091858,0.004676941782236099,-0.5277247428894043,0.4707561135292053,0.1789439171552658,0.40312597155570984,0.4948946535587311
143,0.11755851492197708,0.655625,0.5971059900187061,0.0006077324505895376,-0.6732863187789917,0.299434095621109,0.229346364736557,0.3347562551498413,0.5410208106040955,0.002555403159931302,-0.533891499042511,0.600089430809021,0.3318231403827667,0.25734397768974304,0.547029435634613
144,0.26783316934608664,0.744375,0.29300181313494067,0.0009666193509474397,-0.6584153175354004,0.45562970638275146,0.17459559440612793,0.3114539086818695,0.4863608777523041,0.0016475329175591469,-0.5491592884063721,0.48342829942703247,0.2520706355571747,0.42928460240364075,0.5121095180511475
145,0.13684081649158825,0.2921875,0.13128675770726533,0.0003915121778845787,-0.6067074537277222,0.5190446376800537,0.24887895584106445,0.2768471837043762,0.534456729888916,0.006171106826514006,-0.5108033418655396,0.4595198929309845,0.2111324965953827,0.3665802776813507,0.4379253685474396
146,0.16350163513957539,0.4253125000000001,0.2018972517232014,0.0011571587529033422,-0.5978569984436035,0.16678404808044434,0.12108641862869263,0.367209792137146,0.36530059576034546,0.00923189613968134,-0.47716766595840454,0.30840471386909485,0.2889817953109741,0.3073287606239319,0.579542875289917
147,0.16223594738277441,0.5990624999999999,0.53470775603752,0.0005051770131103694,-0.5713439583778381,0.1473262459039688,0.19634714722633362,0.3171418309211731,0.5168305039405823,0.007899787276983261,-0.5024503469467163,0.17533202469348907,0.21670489013195038,0.27390050888061523,0.47385361790657043
148,0.05819286678530844,0.49874999999999997,0.43816580355524587,0.0005169823416508734,-0.6196030378341675,0.2398800402879715,0.25639021396636963,0.3357745409011841,0.5413966178894043,0.007887618616223335,-0.5193982720375061,0.31161725521087646,0.1505868285894394,0.34021949768066406,0.45465967059135437
149,0.08242303617009947,0.44343750000000004,0.5600732648515075,0.0006135059520602226,-0.5989969372749329,0.3290867805480957,0.2849765717983246,0.3243526518344879,0.5194911360740662,0.0027516931295394897,-0.5063223838806152,0.47222909331321716,0.1839398741722107,0.3318912982940674,0.4581409692764282
150,0.05390169864696385,0.8346875,0.6678595882927942,0.00035416308674030006,-0.6560900807380676,0.17616645991802216,0.15961092710494995,0.3975670039653778,0.4533708393573761,0.01545674353837967,-0.5373629331588745,0.33072060346603394,0.1688866913318634,0.27497708797454834,0.4747740626335144
151,0.333488255229355,0.5846875,0.1475547323966568,0.0003520574828144163,-0.6180524826049805,0.41460472345352173,0.3038249611854553,0.28568241000175476,0.5326209664344788,0.02680269069969654,-0.52895587682724,0.30050843954086304,0.23002305626869202,0.29215365648269653,0.5322767496109009
152,0.03896922945553827,0.70125,0.6416426258243939,0.00035938722430728376,-0.5601601600646973,0.21364033222198486,0.23383879661560059,0.3035683035850525,0.4650160074234009,0.02138786017894745,-0.5960347652435303,0.6195803880691528,0.19390887022018433,0.2817792594432831,0.4776251018047333
153,2.0261034006697645,0.6900000000000001,0.33795700367551185,0.00043317762902006507,-0.6107164621353149,0.3419943153858185,0.23267602920532227,0.38133084774017334,0.5036962032318115,0.004021114204078913,-0.5243223905563354,0.2928268015384674,0.14598029851913452,0.28326505422592163,0.4352323114871979
154,0.7393230292253963,0.6509375000000001,0.45641132568290105,0.00034629515721462667,-0.5560481548309326,0.5475892424583435,0.20762228965759277,0.3976442217826843,0.495513379573822,0.018786728382110596,-0.5088062286376953,0.43873873353004456,0.1872536689043045,0.36260563135147095,0.4706774950027466
155,0.3439977408440119,0.6378125000000001,0.4108365197810917,0.00040151530993171036,-0.514480710029602,0.2325015813112259,0.24903374910354614,0.25200337171554565,0.5444321632385254,0.028398068621754646,-0.5380633473396301,0.351707398891449,0.18418200314044952,0.37495410442352295,0.4900858402252197
156,0.10532606427734162,0.664375,0.3090858881929952,0.0004035864840261638,-0.5922316908836365,0.20756973326206207,0.15687195956707,0.31475284695625305,0.3943006992340088,0.03974667191505432,-0.4685540795326233,0.2045988142490387,0.2447172850370407,0.2547031342983246,0.49026620388031006
157,0.05436136299942636,0.6325000000000001,0.5454033158471842,0.0002685781801119447,-0.6058365106582642,0.6110841035842896,0.1942695677280426,0.4161037802696228,0.48132413625717163,0.009107413701713085,-0.5216037034988403,0.34539616107940674,0.16351012885570526,0.24853548407554626,0.4264853000640869
158,0.15176625925669193,0.40343750000000006,0.19626578667612457,0.00031592289451509714,-0.5133506059646606,0.18561255931854248,0.13706058263778687,0.21222038567066193,0.4156739413738251,0.013346513733267784,-0.47936761379241943,0.3294823467731476,0.23099690675735474,0.3076435327529907,0.45774519443511963
159,0.8473900346134752,0.630625,0.2825166442786394,0.00021435570670291781,-0.5587531328201294,0.24125580489635468,0.27332359552383423,0.25253862142562866,0.5789047479629517,0.009957854636013508,-0.5571563839912415,0.2288806140422821,0.14088471233844757,0.35252660512924194,0.375846803188324
160,0.04527350935527057,0.7103125,0.6744730573437756,0.0002426748105790466,-0.5779091119766235,0.3113890588283539,0.15398579835891724,0.35500410199165344,0.4311230480670929,0.03211139142513275,-0.5215624570846558,0.17967180907726288,0.25233107805252075,0.30041080713272095,0.5421740412712097
161,86.57062866456008,0.6215624999999999,0.1902003518654298,0.00034240211243741214,-0.5944517850875854,0.2680130898952484,0.1933189183473587,0.37314075231552124,0.41430211067199707,0.06752850860357285,-0.5452662706375122,0.3745713233947754,0.15431831777095795,0.33906495571136475,0.4514494836330414
162,0.11383341378050363,0.3396875,0.1868736692619304,0.00039935350650921464,-0.6362067461013794,0.174476757645607,0.16401278972625732,0.3541879653930664,0.5092909932136536,0.042839910835027695,-0.5774072408676147,0.29952573776245117,0.10820425301790237,0.39356231689453125,0.33419495820999146
163,16.346333759621626,0.6003125,0.3451560242575689,0.0005545672029256821,-0.6263338923454285,0.2076469510793686,0.29609420895576477,0.36016780138015747,0.5493871569633484,0.08626855164766312,-0.519580602645874,0.263803094625473,0.14883951842784882,0.3253780007362366,0.4307989180088043
164,0.13375599795572782,0.60875,0.602260916132078,0.00045777333434671164,-0.6154218316078186,0.13258294761180878,0.1524932086467743,0.30365830659866333,0.4243178069591522,0.0602249912917614,-0.5791500210762024,0.4259748160839081,0.19078467786312103,0.3775791823863983,0.5005155801773071
165,0.03888941879483996,0.6690625,0.5515353496840748,0.0003590201959013939,-0.6233919858932495,0.22096867859363556,0.17459970712661743,0.31235432624816895,0.45742592215538025,0.053497057408094406,-0.6323624849319458,0.2611781358718872,0.21122431755065918,0.34995561838150024,0.4789128303527832
166,1.0449944012572632,0.599375,0.2521196594817472,0.00027217951719649136,-0.640809953212738,0.6069210767745972,0.2713654339313507,0.23519380390644073,0.5419825315475464,0.04211180657148361,-0.6702567338943481,0.3809606730937958,0.20202399790287018,0.4549015760421753,0.451339989900589
167,0.0386080110998882,0.6215625,0.5891848267119748,0.00039713113801553845,-0.5782511234283447,0.2430170476436615,0.198019340634346,0.3125726282596588,0.46748852729797363,0.0662427470088005,-0.6521201133728027,0.40542593598365784,0.19812984764575958,0.31984707713127136,0.5261734127998352
168,0.28673210308396146,0.6112500000000001,0.4646389427403692,0.0001552540488773957,-0.558158278465271,0.18186582624912262,0.1543876826763153,0.3192846477031708,0.4719480574131012,0.00855486374348402,-0.6526249051094055,1.0507224798202515,0.25624993443489075,0.2543606758117676,0.482902854681015
169,0.15067256803707657,0.5996874999999999,0.48351301529078683,0.00024661797215230763,-0.5746725797653198,0.535987138748169,0.1783837080001831,0.3713880181312561,0.5245271921157837,0.005862758029252291,-0.6046576499938965,0.604511559009552,0.13990268111228943,0.3104172945022583,0.3832668960094452
170,0.26388619720749035,0.8225000000000001,0.3337043818336731,0.00018433155491948128,-0.6673256158828735,0.6831416487693787,0.15726259350776672,0.48123446106910706,0.39814844727516174,0.005787806119769812,-0.6521598696708679,0.2882769703865051,0.15247802436351776,0.38958725333213806,0.4004442095756531
171,0.17505683315270154,0.61625,0.3948808764328578,0.00020240433514118195,-0.6199254989624023,0.45351850986480713,0.24413493275642395,0.2599758803844452,0.5258589386940002,0.0071654291823506355,-0.5526199340820312,0.6513673067092896,0.25149327516555786,0.23623350262641907,0.5334696769714355
172,0.40956310824583675,0.6915625000000001,0.42882952204651303,0.0001660996931605041,-0.662178099155426,0.19821590185165405,0.13180115818977356,0.3828354775905609,0.4010455906391144,0.023989595472812653,-0.5612687468528748,0.4540180265903473,0.23726537823677063,0.2937268614768982,0.5245966911315918
173,47.19847904048004,0.5240625,0.41347741675400806,0.00023705426428932697,-0.6387231945991516,0.29923680424690247,0.2768732011318207,0.3690503239631653,0.5822725892066956,0.025922736153006554,-0.5287413597106934,0.46577197313308716,0.24594686925411224,0.33738961815834045,0.5404595136642456
174,0.052422213792501116,0.6778125,0.47997227450987073,0.00023719937598798424,-0.6390601396560669,0.3056398630142212,0.32581862807273865,0.2600696086883545,0.6316848993301392,0.026105662807822227,-0.5131695866584778,0.7781481146812439,0.15469469130039215,0.41694989800453186,0.4203554391860962
175,0.17276262529933697,0.7478125,0.5294509742149811,0.0001425925293006003,-0.6550031304359436,0.6214471459388733,0.2547479569911957,0.263308048248291,0.4720582365989685,0.011556255631148815,-0.5248322486877441,0.5128353834152222,0.21638576686382294,0.36502623558044434,0.46941423416137695
176,0.047340540117019735,0.56875,0.5118563092822196,0.00027205978403799236,-0.619335412979126,0.3566858470439911,0.20055419206619263,0.3756519854068756,0.48702335357666016,0.019788231700658798,-0.47628384828567505,0.6312178373336792,0.24907845258712769,0.3231104612350464,0.5305625200271606
177,0.09010860564237369,0.7640625000000001,0.46904831575900785,0.00017500636749900877,-0.6572563648223877,0.25498026609420776,0.2132338583469391,0.31288331747055054,0.48536163568496704,0.024531492963433266,-0.5124199390411377,0.33904024958610535,0.35235166549682617,0.25068819522857666,0.578261137008667
178,0.04455793877391381,0.43687499999999996,0.4153311900670761,0.00024098479480016977,-0.6291031837463379,0.3557649850845337,0.20452573895454407,0.28772303462028503,0.5403693914413452,0.015142259187996387,-0.5773018002510071,0.6466224193572998,0.13289058208465576,0.416506290435791,0.3695080876350403
179,0.06981910665275565,0.43624999999999997,0.5204815583199857,0.00024094924447126687,-0.6441660523414612,0.5298337340354919,0.407387375831604,0.30183014273643494,0.560076117515564,0.01660013012588024,-0.6185562610626221,0.5209446549415588,0.3465674817562103,0.30745378136634827,0.688102662563324
180,0.33860276887509916,0.41937499999999994,0.30884860733823716,0.00013619296078104526,-0.641765832901001,0.7451242208480835,0.29241639375686646,0.24575476348400116,0.5158461928367615,0.00733571033924818,-0.6365668773651123,0.6397841572761536,0.16902655363082886,0.4659857153892517,0.44392693042755127
181,0.1078514434167372,0.46781249999999996,0.17439953138935466,9.1783884272445e-05,-0.5542244911193848,0.3634542226791382,0.210955411195755,0.2943909168243408,0.5582929849624634,0.003769336035475135,-0.6953952312469482,0.4713868796825409,0.24215219914913177,0.4422476291656494,0.49554821848869324
182,0.5617291080164681,0.7737499999999999,0.333505789751233,0.00016218036762438715,-0.5674302577972412,0.29477667808532715,0.24188819527626038,0.3283534348011017,0.4938231110572815,0.019462255761027336,-0.6147116422653198,0.6677983999252319,0.2833530604839325,0.2275891751050949,0.5096834897994995
183,2.4485311770841998,0.7365625,0.2800520150362871,0.00015593091666232795,-0.4945372939109802,0.3639616370201111,0.1981927752494812,0.26800113916397095,0.5004841685295105,0.012029016390442848,-0.721433162689209,0.28867343068122864,0.23834460973739624,0.4222305417060852,0.49008768796920776
184,0.4153301069513211,0.775625,0.45381978441789617,0.00018998721498064697,-0.5712958574295044,0.720680296421051,0.20050564408302307,0.4066281318664551,0.38349518179893494,0.005599567666649818,-0.7178571820259094,0.32203978300094604,0.19045695662498474,0.3815467655658722,0.5123735666275024
185,1.5412647731469282,0.80375,0.36840248559442285,0.00015693852037657052,-0.5798448920249939,0.5658636093139648,0.24319756031036377,0.3604387044906616,0.4704722464084625,0.008826108649373055,-0.6807520389556885,0.29399409890174866,0.1679234504699707,0.37541818618774414,0.49476343393325806
186,10.990648951236992,0.5275000000000001,0.36674735194547836,0.00019437927403487265,-0.6193113327026367,0.3494008779525757,0.1702049821615219,0.34873294830322266,0.4481252431869507,0.0033706591930240393,-0.7541300058364868,0.6829841732978821,0.1452309787273407,0.4013814628124237,0.3415589928627014
187,0.05139718387966752,0.6003125,0.49712868993028253,0.00017386613762937486,-0.6882335543632507,0.2534847855567932,0.2614092230796814,0.3496401011943817,0.557763934135437,0.003179978346452117,-0.6537250280380249,0.6703884601593018,0.2575984299182892,0.3193821609020233,0.48562484979629517
188,0.3309264532007747,0.7840625,0.5406528880715636,0.0001213119103340432,-0.6772758960723877,0.24583855271339417,0.2361077070236206,0.3452584445476532,0.5512959957122803,0.019065208733081818,-0.6197687983512878,0.3872164189815521,0.2203255593776703,0.35090768337249756,0.43035194277763367
189,1.4383569774407021,0.44718749999999996,0.14416408501415506,0.0002527428441680968,-0.6890851855278015,0.2586173117160797,0.19788743555545807,0.3683147430419922,0.4664316773414612,0.01941157877445221,-0.6441046595573425,0.34881433844566345,0.21484483778476715,0.35096442699432373,0.4521237909793854
190,0.18800582187263243,0.6118750000000001,0.5252404825944342,0.0001971679157577455,-0.6624889373779297,0.17367538809776306,0.2613570988178253,0.3138754069805145,0.5735322833061218,0.01184189971536398,-0.5980879664421082,0.6363537311553955,0.22492417693138123,0.40853351354599,0.5649965405464172
191,0.05066454054097578,0.5065625,0.45457870697481395,0.0002534276864025742,-0.6501412987709045,0.1840781718492508,0.23162055015563965,0.3148272931575775,0.5133150219917297,0.005225024651736021,-0.5791553258895874,0.34871289134025574,0.23203527927398682,0.3634938895702362,0.49784818291664124
192,0.13461174886980545,0.534375,0.3710312664511289,0.00014554524386767298,-0.6743512749671936,0.7300458550453186,0.22799235582351685,0.25219687819480896,0.4560115337371826,0.014661877416074276,-0.589802622795105,0.32057613134384155,0.22415569424629211,0.35350292921066284,0.45241567492485046
193,0.42695085462781623,0.804375,0.20149034843934377,0.00023846098338253796,-0.7101281881332397,0.5816624164581299,0.23496392369270325,0.36404871940612793,0.3633280396461487,0.019444340839982033,-0.5432554483413696,0.16826239228248596,0.15539902448654175,0.27138957381248474,0.41761690378189087
194,0.06526474281824349,0.7709374999999999,0.468254377471167,0.00027231191052123904,-0.7410608530044556,0.852266252040863,0.17252299189567566,0.5425171852111816,0.38710862398147583,0.01589963212609291,-0.6404888033866882,0.26330339908599854,0.22709086537361145,0.35808199644088745,0.5141143202781677
195,0.10328956543378606,0.7359375,0.5958038882199619,0.00010843885684153065,-0.7538630962371826,0.5428571105003357,0.18465185165405273,0.3518024682998657,0.4001855254173279,0.011365041136741638,-0.5911497473716736,0.7976248264312744,0.13119225203990936,0.4296509623527527,0.3896291255950928
196,0.13830640553013013,0.78125,0.6899640650677287,0.0002058052778011188,-0.7640072107315063,0.40483933687210083,0.2023826390504837,0.459238737821579,0.5453992486000061,0.0254521481692791,-0.6427838206291199,0.46241357922554016,0.2846972942352295,0.39249706268310547,0.5692174434661865
197,0.7181626797427496,0.4912500000000001,0.28714637470875065,0.00016035870066843927,-0.7469408512115479,0.22431503236293793,0.17882376909255981,0.4369059205055237,0.44372984766960144,0.013444963842630386,-0.6372184753417969,0.20893612504005432,0.18907535076141357,0.3606908917427063,0.46359574794769287
198,0.6094973110719922,0.5725,0.22597496178800988,0.0001601161202415824,-0.6447809338569641,1.0105280876159668,0.3392180800437927,0.14896917343139648,0.539534866809845,0.0070782192051410675,-0.6323195695877075,0.36842313408851624,0.2590549886226654,0.31290820240974426,0.5445059537887573
199,10.837616824376202,0.7746875,0.21211127978469393,0.00024849982582964003,-0.6117879152297974,0.19965329766273499,0.19798213243484497,0.30530261993408203,0.4611538052558899,0.02336651273071766,-0.6294922232627869,0.2634950876235962,0.17420688271522522,0.34718626737594604,0.4266220033168793
200,0.5056814248302605,0.7990625,0.4467839709398874,0.0002696336596272886,-0.666121244430542,0.37375229597091675,0.19132307171821594,0.39317944645881653,0.5043841600418091,0.026015108451247215,-0.6404001116752625,0.5310616493225098,0.25895971059799194,0.27770835161209106,0.5180858969688416
201,2.5103189082368416,0.5865625,0.3261326928753331,0.00017505319556221366,-0.6253976821899414,0.1135142520070076,0.13394294679164886,0.2954104542732239,0.3694469630718231,0.013096568174660206,-0.6167451739311218,0.34053725004196167,0.1655769944190979,0.29769206047058105,0.45312628149986267
202,0.054745181722624346,0.4296875,0.4003178424408641,0.00015538398292846978,-0.6191102266311646,0.27781498432159424,0.2452441304922104,0.2944425344467163,0.4770432412624359,0.01223929412662983,-0.6249476671218872,0.31446573138237,0.1639370173215866,0.2876577079296112,0.4733346998691559
203,0.08014579901942114,0.6696875,0.4310455013083308,0.00012716263881884515,-0.6802686452865601,0.20592598617076874,0.1564839482307434,0.3509724736213684,0.3514100909233093,0.006408039014786482,-0.6975141763687134,0.7175295948982239,0.20546063780784607,0.30292779207229614,0.44478392601013184
204,4.945166982748617,0.7887500000000001,0.28433142497533365,0.00017174691311083734,-0.6841667294502258,0.7798384428024292,0.19108495116233826,0.46638742089271545,0.45311594009399414,0.012662763707339764,-0.6185658574104309,0.13518500328063965,0.164264976978302,0.34987539052963257,0.42841681838035583
205,0.25044307077778205,0.40499999999999997,0.16311129510641748,0.00012759491801261902,-0.6992109417915344,0.21164105832576752,0.22202491760253906,0.37789589166641235,0.4546735882759094,0.03207278996706009,-0.595363974571228,0.4089929461479187,0.1300206184387207,0.3959289491176605,0.3502093553543091
206,0.0463306390413082,0.39249999999999996,0.4151933140158814,0.00021497902343980968,-0.681746780872345,0.7919160723686218,0.243778258562088,0.4636758863925934,0.477702796459198,0.05679180100560188,-0.6381058096885681,0.2764284312725067,0.16105253994464874,0.3412856459617615,0.4533323645591736
207,0.583350500801515,0.6440625,0.15206744384335447,0.00015579196042381227,-0.7714128494262695,0.6559461951255798,0.1733803153038025,0.4439542889595032,0.4655388295650482,0.01802598498761654,-0.598148763179779,0.3735947608947754,0.2463349550962448,0.35087910294532776,0.47697052359580994
208,2.7108259429090316,0.7809375,0.3413753210423412,0.00014246974023990333,-0.7017736434936523,0.24189996719360352,0.2616300582885742,0.3214598298072815,0.5192016959190369,0.027229666709899902,-0.6262162327766418,0.14340835809707642,0.15429174900054932,0.33756956458091736,0.41455766558647156
209,0.39384482951621963,0.6553125,0.41378469144447977,0.00018348688900005072,-0.8487014770507812,0.36047932505607605,0.14622355997562408,0.4663277268409729,0.43215304613113403,0.012159082107245922,-0.5970703959465027,0.567561686038971,0.2374841421842575,0.39681577682495117,0.45140722393989563
210,0.6574536160100191,0.7,0.540466203970301,0.00024943167227320373,-0.772396445274353,0.41126400232315063,0.13191336393356323,0.43708109855651855,0.37466394901275635,0.030477192252874374,-0.6586858034133911,0.36219680309295654,0.18264205753803253,0.3717486262321472,0.4296531081199646
211,0.9112548858539133,0.6599999999999999,0.07779444246799364,0.00011460511450422928,-0.9129993319511414,0.4217553436756134,0.13558541238307953,0.5454232692718506,0.35912731289863586,0.04133544862270355,-0.6181061267852783,0.3004269599914551,0.24469877779483795,0.2757568657398224,0.49964573979377747
212,0.13339970274562232,0.40718750000000004,0.1931972623577669,0.000278429186437279,-0.9054737091064453,0.49567142128944397,0.17474661767482758,0.41336798667907715,0.395686537027359,0.07324040681123734,-0.6225430369377136,0.30902326107025146,0.2261345088481903,0.3448401987552643,0.48966044187545776
213,0.16187698523815391,0.7959375,0.39324046658779427,0.00013613994815386832,-0.85400390625,0.7581807971000671,0.18954740464687347,0.34033405780792236,0.42662087082862854,0.04554041102528572,-0.7005538940429688,0.29657241702079773,0.3840336501598358,0.4113982915878296,0.627716600894928
214,0.10373308002562846,0.6293749999999999,0.29628998642946386,0.0002638303558342159,-0.8279079794883728,0.8648412823677063,0.312205970287323,0.33629077672958374,0.5014457702636719,0.08576857298612595,-0.6619701385498047,0.20435108244419098,0.1498488187789917,0.3610171377658844,0.40264031291007996
215,1.745111712210385,0.553125,0.2508724289868738,0.0002506004530005157,-0.8864115476608276,0.7370071411132812,0.2920876741409302,0.4342881143093109,0.4622628390789032,0.05225188657641411,-0.6633075475692749,0.46986690163612366,0.13186100125312805,0.41933345794677734,0.4157746136188507
216,9.639180076564294,0.8481249999999999,0.3762547532405137,0.0002159594150725752,-0.7867164611816406,0.26286932826042175,0.1938631534576416,0.38440874218940735,0.43679943680763245,0.026159530505537987,-0.6465737819671631,0.246786966919899,0.17173388600349426,0.3633785843849182,0.43050524592399597
217,0.19394806533069725,0.43125,0.23192876985458524,0.00030610302928835154,-0.7915534973144531,0.6708779335021973,0.2947086989879608,0.33052369952201843,0.525509774684906,0.06993264704942703,-0.7036721110343933,0.5251756310462952,0.24493616819381714,0.2976298928260803,0.48242422938346863
218,0.6448671699196611,0.464375,0.10596167980138163,0.00012866051110904664,-0.7567590475082397,1.1890449523925781,0.24783693253993988,0.23285940289497375,0.4056130051612854,0.04054752364754677,-0.6759389042854309,0.2048754245042801,0.16356219351291656,0.3850747346878052,0.37275052070617676
219,1.045615364568226,0.5803125,0.32946370952392473,0.00011134314263472334,-0.6566093564033508,0.21318243443965912,0.1517709195613861,0.3425748944282532,0.3639276325702667,0.03447509557008743,-0.7471216917037964,0.21104097366333008,0.20909461379051208,0.42298173904418945,0.48663780093193054
220,0.5734911579053898,0.37124999999999997,-0.21919890933429068,0.0002944984007626772,-0.6907681226730347,0.39844810962677,0.27481839060783386,0.3945389986038208,0.488209992647171,0.037324272096157074,-0.6542858481407166,0.6657233238220215,0.1949528455734253,0.29082608222961426,0.4591299891471863
221,0.15223088637053653,0.4065625,0.2838059093505594,0.00011757038737414405,-0.6424342393875122,0.4871198236942291,0.20707014203071594,0.3722735643386841,0.41299062967300415,0.03017544560134411,-0.6584488153457642,0.3934724032878876,0.19856655597686768,0.31613004207611084,0.5094406604766846
222,0.8853298787614738,0.39625,-0.2864550317165809,0.00019923356012441218,-0.650376558303833,0.1962285339832306,0.24947518110275269,0.28617462515830994,0.45789796113967896,0.02445041388273239,-0.6034984588623047,0.32388436794281006,0.2577819228172302,0.28207552433013916,0.5019893646240234
223,0.11816783431363657,0.38,0.4017741861290724,0.00014321616617962718,-0.6173773407936096,0.4384991526603699,0.20149856805801392,0.33997049927711487,0.43263623118400574,0.0062747313641011715,-0.6483272314071655,0.4507969319820404,0.22104638814926147,0.40374690294265747,0.4917489290237427
224,0.12389889277857806,0.729375,0.4317449213503005,0.0002763803640846163,-0.627723217010498,0.5109060406684875,0.15104958415031433,0.3674822151660919,0.35029861330986023,0.003491693176329136,-0.6681795120239258,0.15286368131637573,0.1540401428937912,0.362061083316803,0.41488003730773926
225,0.3430160280453675,0.45531249999999995,0.261104986950546,0.00010345556074753404,-0.5886068344116211,0.42755305767059326,0.2798987627029419,0.2629138231277466,0.578419029712677,0.01588832587003708,-0.621913731098175,0.650878369808197,0.32609957456588745,0.3867948651313782,0.5329900979995728
226,0.6645484956953426,0.7878125,0.512381602193635,0.00010067891707876697,-0.6736330389976501,0.7431781888008118,0.196163147687912,0.4227723777294159,0.4321451783180237,0.004807867109775543,-0.6289499998092651,0.37823447585105896,0.22225503623485565,0.37511298060417175,0.44060757756233215
227,0.2998299793238869,0.5121875,0.3003225277440147,0.0001064845419023186,-0.7064913511276245,0.57473224401474,0.12491773068904877,0.3927251100540161,0.33879536390304565,0.006807079538702965,-0.6871107816696167,0.4766122102737427,0.19605429470539093,0.30561843514442444,0.4065620005130768
228,0.10207469256013653,0.8025,0.3973819310921985,0.00017566548194736242,-0.7052302956581116,0.756969153881073,0.21623611450195312,0.4072516858577728,0.4496346712112427,0.002979305339977145,-0.6117734909057617,0.27371907234191895,0.21409103274345398,0.2947995066642761,0.4663388729095459
229,9.742818428501137,0.6465624999999999,0.3386580679375668,0.00027918859268538654,-0.8169736862182617,0.6034480929374695,0.18923404812812805,0.46693792939186096,0.42910411953926086,0.006975596304982901,-0.649903416633606,0.3718707859516144,0.17008765041828156,0.39996373653411865,0.4103626608848572
230,0.2542268919974123,0.7740625000000001,0.5122094872339116,0.00012932508252561092,-0.7468476295471191,0.2393144965171814,0.1956433206796646,0.349729061126709,0.40719345211982727,0.005698907654732466,-0.6250430941581726,0.3257456421852112,0.2726362645626068,0.3096725642681122,0.567779541015625
231,0.21258912608793773,0.45062499999999994,0.2846747534614367,0.00010358285362599418,-0.723415732383728,0.5323999524116516,0.2695010006427765,0.2414063811302185,0.47400742769241333,0.0018412782810628414,-0.6268385052680969,0.6326912641525269,0.17608967423439026,0.41233503818511963,0.42638498544692993
232,0.18518672014289977,0.5859375,0.23847220559714763,0.00014886120334267616,-0.7882025241851807,0.41961580514907837,0.20458003878593445,0.31738901138305664,0.37079551815986633,0.002920786151662469,-0.6425941586494446,0.33307522535324097,0.09692461788654327,0.34738683700561523,0.37612807750701904
233,0.050505766013957884,0.77,0.6742240829850434,0.00025157941854558885,-0.8640990853309631,0.5457411408424377,0.34833085536956787,0.3670288920402527,0.5916925072669983,0.0028531181160360575,-0.7118622064590454,0.1927817165851593,0.1723305732011795,0.377054899930954,0.4325064420700073
234,0.09286140112079873,0.2390625,0.1641361876248318,0.00010821096657309681,-0.7607580423355103,0.9230966567993164,0.35645127296447754,0.23114387691020966,0.5838262438774109,0.0018218551995232701,-0.6752873659133911,0.32523325085639954,0.3397974371910095,0.2744408845901489,0.6413517594337463
235,14.056249796567338,0.6909375,0.1143718177776853,0.00012097353464923799,-0.7891405820846558,0.15424038469791412,0.1532576084136963,0.3828556537628174,0.38819465041160583,0.001877551549114287,-0.7218435406684875,0.8293601274490356,0.21310663223266602,0.2913477420806885,0.44606390595436096
236,0.09672759561842208,0.43062500000000004,0.286112270625673,0.00019720908312592655,-0.7828820943832397,0.4661574065685272,0.3010575771331787,0.28200557827949524,0.5750961303710938,0.002569244708865881,-0.6840196847915649,0.26784375309944153,0.2006494700908661,0.34772029519081116,0.46967461705207825
237,0.11062600637741507,0.8246874999999999,0.34452139843680035,0.00020946786389686167,-0.7092908620834351,0.3251953721046448,0.19277089834213257,0.36760908365249634,0.45408761501312256,0.0018099996959790587,-0.6707079410552979,0.8365538120269775,0.4079037308692932,0.2561909556388855,0.612470805644989
238,0.13328203546551015,0.51875,0.31405194549733534,0.00011360169446561486,-0.7850033044815063,0.18920397758483887,0.22893282771110535,0.3808332085609436,0.45170629024505615,0.0011098593240603805,-0.6421589851379395,0.2805473506450653,0.2408500462770462,0.3168408274650574,0.4852325916290283
239,6.957957124193254,0.5428124999999999,0.21354539556281865,8.302131027448922e-05,-0.7309932112693787,0.2556959390640259,0.2567444145679474,0.346666157245636,0.46421605348587036,0.0005433093756437302,-0.6848692297935486,0.3615930676460266,0.21721847355365753,0.38632553815841675,0.47612231969833374
240,15.881333229872535,0.6653125,0.22912363604965957,0.0001663350558374077,-0.8183820247650146,0.20445549488067627,0.14974716305732727,0.41186970472335815,0.40486249327659607,0.0020100725814700127,-0.6453529000282288,0.41019144654273987,0.3297780752182007,0.2667173445224762,0.5696007609367371
241,0.38515093978741,0.6753125,0.20806447396476777,0.000215736057725735,-0.7249870896339417,0.2206229269504547,0.20557159185409546,0.30623337626457214,0.449442595243454,0.0005177927087061107,-0.6102777123451233,0.5468480587005615,0.21752367913722992,0.38620877265930176,0.45420312881469727
242,0.2041826033317519,0.4643750000000001,0.14445352269875775,0.00015302392421290278,-0.6571323871612549,0.27262499928474426,0.2963242530822754,0.308994323015213,0.5381051898002625,0.0008700762991793454,-0.6842501759529114,0.32360151410102844,0.2243787795305252,0.3655437231063843,0.47463080286979675
243,0.666672278153326,0.7159375,0.09728057985945755,0.0001220412741531618,-0.6786118149757385,0.3133905231952667,0.2664552330970764,0.3359200954437256,0.4948892891407013,0.0015382278943434358,-0.609805703163147,0.26771342754364014,0.23505961894989014,0.3015858232975006,0.49781516194343567
244,0.5988001397837348,0.40625,0.26905863198240515,7.174439815571532e-05,-0.7414939403533936,0.3054438531398773,0.2560330033302307,0.29159000515937805,0.5269149541854858,0.0010866258526220918,-0.6977380514144897,0.3417019844055176,0.2703319787979126,0.3132936358451843,0.5409995913505554
245,0.14421309884863281,0.37406249999999996,0.06638469901194213,0.00016614707419648767,-0.7370944619178772,0.5289876461029053,0.19272911548614502,0.40642306208610535,0.4208497703075409,0.0004994663177058101,-0.6986741423606873,0.45686203241348267,0.13968488574028015,0.4040505588054657,0.38161760568618774
246,0.26351114016719634,0.4925,0.3971027271393547,7.329275831580162e-05,-0.7255318760871887,0.2530081868171692,0.299071729183197,0.2848944067955017,0.5076923370361328,0.0021861570421606302,-0.7300806641578674,0.5852907299995422,0.16982242465019226,0.44456425309181213,0.3778422176837921
247,0.13359468401672375,0.5784374999999999,0.36513347558852527,0.00022692095080856234,-0.6241247057914734,0.22716879844665527,0.2873370051383972,0.263974130153656,0.5198543071746826,0.0018825483275577426,-0.7293009161949158,0.5581360459327698,0.22762039303779602,0.311482310295105,0.4700358808040619
248,0.30283539387200015,0.7515625,0.33895173284422714,6.957381265237927e-05,-0.7247469425201416,0.5215057134628296,0.19180864095687866,0.41207242012023926,0.3992486596107483,0.003127013798803091,-0.6557887196540833,0.5558667778968811,0.3402378559112549,0.2833988070487976,0.5071118474006653
249,0.07149455399983869,0.7568750000000001,0.46456322253159643,6.558757013408467e-05,-0.7984822988510132,0.27756035327911377,0.15844398736953735,0.4006217122077942,0.398990660905838,0.004353388678282499,-0.7227233648300171,0.38387131690979004,0.1878361850976944,0.44902026653289795,0.3940235376358032
250,0.07380236486017162,0.370625,0.3462687534456178,5.063156640972011e-05,-0.7674410343170166,0.5349007248878479,0.2500140070915222,0.39007940888404846,0.5222946405410767,0.0034541578497737646,-0.703332245349884,0.5952090620994568,0.3005101680755615,0.3121543526649475,0.5259652137756348
251,12.255390614352102,0.724375,-0.16128433668814435,8.377510675927624e-05,-0.8312236666679382,0.2194279283285141,0.2641371786594391,0.404762864112854,0.5331636071205139,0.004861778579652309,-0.6340622901916504,0.5371254086494446,0.23757703602313995,0.28233814239501953,0.5023287534713745
252,0.13051169700052123,0.790625,0.5112354571862029,8.884236012818292e-05,-0.8133338689804077,0.4049977958202362,0.2521892189979553,0.31333106756210327,0.48918062448501587,0.0014758574543520808,-0.5897042751312256,0.30635201930999756,0.19955745339393616,0.3247809410095215,0.40825480222702026
253,13.968302349727917,0.765,0.4019085470572537,8.177422569133341e-05,-0.7892978191375732,0.16427618265151978,0.1658734679222107,0.38342949748039246,0.3922813832759857,0.0033013885840773582,-0.6253717541694641,0.6750769019126892,0.14264769852161407,0.38175055384635925,0.3561933934688568
254,0.06139528831160734,0.38656250000000003,0.2709497569485575,7.765940972603858e-05,-0.7737882137298584,0.23803140223026276,0.16620883345603943,0.3524559736251831,0.4861999452114105,0.001808901666663587,-0.6403894424438477,0.5489046573638916,0.26552045345306396,0.39195311069488525,0.5029723048210144
255,0.0488880234317083,0.7671874999999999,0.5693760982452055,7.232385542010888e-05,-0.8230428695678711,0.4869789481163025,0.2599155604839325,0.31673574447631836,0.48040157556533813,0.003996842075139284,-0.6405836343765259,0.384257972240448,0.1474255472421646,0.3350523114204407,0.3893079459667206
256,0.06850756893224988,0.8271875,0.43625290983397813,6.558384484378621e-05,-0.8186044692993164,1.301088571548462,0.4145957827568054,0.18941372632980347,0.612745463848114,0.0021883626468479633,-0.657623827457428,0.2147226631641388,0.1704607605934143,0.34066537022590637,0.44357559084892273
257,14510.690691483012,0.7028125000000001,-0.04676817049466786,0.00016061092901509255,-0.7433310747146606,0.23435533046722412,0.15235461294651031,0.33382704854011536,0.35364216566085815,0.0018656911561265588,-0.6652246713638306,0.30503004789352417,0.2597087621688843,0.32383304834365845,0.497172087430954
258,0.49050173025056437,0.5803125,0.15268061204312586,0.00016816728748381138,-0.8446225523948669,0.22399550676345825,0.19876693189144135,0.41155534982681274,0.45001211762428284,0.006185241974890232,-0.6821019053459167,0.3492796719074249,0.25573986768722534,0.3145033121109009,0.5327328443527222
259,102.4709517686957,0.34875,0.07235795913889471,6.337553350022063e-05,-0.7081617712974548,0.3155877888202667,0.26750481128692627,0.24677774310112,0.5337094068527222,0.0021316620986908674,-0.6454154253005981,0.491239994764328,0.10512040555477142,0.39455336332321167,0.3408235013484955
260,0.1123242022896779,0.5784374999999999,0.5284077322719692,4.766929123434238e-05,-0.7012478113174438,0.28318458795547485,0.16919448971748352,0.2639516294002533,0.39193081855773926,0.0039642732590436935,-0.7570589184761047,0.24509195983409882,0.19204427301883698,0.4033814072608948,0.44374409317970276
261,0.18617947913589647,0.6075,0.24934676815921133,3.4275079087819904e-05,-0.7080504298210144,0.30621984601020813,0.2439357340335846,0.317897230386734,0.5451420545578003,0.005403527524322271,-0.664211094379425,0.2886403203010559,0.16156190633773804,0.31560516357421875,0.4015260338783264
262,5.104415192050908,0.680625,0.21070290457232677,7.623343117302284e-05,-0.6889362931251526,0.5991623401641846,0.19082561135292053,0.3487148880958557,0.4957508146762848,0.0024007889442145824,-0.617664098739624,0.2822760045528412,0.2709973156452179,0.27565041184425354,0.5480267405509949
263,30.84810362877314,0.8415625,0.40163882553015673,0.00019465801597107202,-0.7067115306854248,0.22067078948020935,0.20107239484786987,0.2976839244365692,0.4617941379547119,0.003174350829795003,-0.785059928894043,0.6899192929267883,0.2696760296821594,0.31829142570495605,0.537737250328064
264,0.14702104175537323,0.7246874999999999,0.4687504528049072,2.730333108047489e-05,-0.6639699935913086,0.5918943881988525,0.1648925244808197,0.348530113697052,0.3378872573375702,0.004999174270778894,-0.644818902015686,0.39033517241477966,0.12868323922157288,0.2981288433074951,0.30017343163490295
265,0.07743472647618498,0.44718750000000007,0.28763352675395853,5.95716483076103e-05,-0.6622411608695984,0.6286683082580566,0.4398561418056488,0.14798206090927124,0.6281377673149109,0.003534451127052307,-0.7518562078475952,0.538114607334137,0.17190119624137878,0.46198606491088867,0.37104737758636475
266,16.79717116431683,0.5325,0.2062947101322687,7.051994907669723e-05,-0.7764239311218262,0.7951289415359497,0.18908379971981049,0.4536481499671936,0.42584338784217834,0.00402482133358717,-0.7174950838088989,0.34914839267730713,0.20782017707824707,0.32404690980911255,0.4661405086517334
267,0.5339773015027436,0.3609375,0.16241427755888305,4.4136730139143765e-05,-0.6510971784591675,0.43640080094337463,0.4230082035064697,0.2771648168563843,0.6958841681480408,0.003912909887731075,-0.6882317066192627,0.4047592282295227,0.33941394090652466,0.3040054142475128,0.5902006030082703
268,136.7951042304789,0.8168749999999999,0.2039420129670646,7.36359361326322e-05,-0.7268107533454895,0.6145014762878418,0.22191832959651947,0.38911640644073486,0.4452604353427887,0.0032504189293831587,-0.6607280373573303,0.33114391565322876,0.17814023792743683,0.35915446281433105,0.465812623500824
269,0.7851999284337519,0.6893750000000001,0.47085182237154033,7.759295840514824e-05,-0.7633335590362549,0.2256733477115631,0.2502618134021759,0.2853952646255493,0.4956614673137665,0.0040578218176960945,-0.7144137620925903,0.24449002742767334,0.12939681112766266,0.386527955532074,0.41823241114616394
270,0.06047704219335266,0.5484375,0.5121329839848041,4.351001189206727e-05,-0.7960197925567627,0.21803051233291626,0.19963067770004272,0.3306332230567932,0.42522984743118286,0.002204424235969782,-0.6177196502685547,0.20753557980060577,0.20186011493206024,0.24376381933689117,0.4809384047985077
271,0.28181199972481374,0.7,0.23589970737321692,0.0001320826995652169,-0.8072409629821777,0.5145675539970398,0.4904005527496338,0.28698548674583435,0.701871395111084,0.005919021088629961,-0.6781334280967712,0.25892114639282227,0.23488478362560272,0.29879990220069885,0.5068316459655762
272,0.07273360749569362,0.6521874999999999,0.38698818063324536,0.00011281285696895793,-0.8371176719665527,0.22952674329280853,0.21318882703781128,0.3638670742511749,0.4662948548793793,0.007947439327836037,-0.6855288743972778,0.2540908753871918,0.14587895572185516,0.35567307472229004,0.39095500111579895
273,0.09687607512897448,0.4362500000000001,0.3451892467148322,5.441891335067339e-05,-0.7788668870925903,0.2982461154460907,0.1408035010099411,0.3737572431564331,0.3344990611076355,0.0027121668681502342,-0.636792004108429,0.34128063917160034,0.19429853558540344,0.29312020540237427,0.5014170408248901
274,0.18970876806505027,0.5440625,0.30619598133312365,5.850220986758359e-05,-0.8441939353942871,0.23547381162643433,0.29051217436790466,0.37466973066329956,0.5839019417762756,0.0011018350487574935,-0.6506857872009277,0.26689016819000244,0.16558025777339935,0.27485573291778564,0.4547159969806671
275,0.0389564159579501,0.45406250000000004,0.5313920683334066,7.42682532290928e-05,-0.8179371356964111,0.23093952238559723,0.19513638317584991,0.36950087547302246,0.4659821391105652,0.001830028835684061,-0.7334068417549133,0.4766904413700104,0.3156927227973938,0.37896186113357544,0.556725800037384
276,0.1266998693200797,0.718125,0.3823120767909459,8.954151417128742e-05,-0.8331325054168701,0.2602018117904663,0.14936035871505737,0.358923077583313,0.36668339371681213,0.0015946744242683053,-0.6942931413650513,0.5063456296920776,0.15954801440238953,0.3672751784324646,0.39375823736190796
277,0.07320790930604101,0.546875,0.2849463798832202,7.917496259324253e-05,-0.8167811036109924,0.3547409176826477,0.32595953345298767,0.32625970244407654,0.5569868683815002,0.001835174043662846,-0.7848418951034546,0.4266538619995117,0.31754517555236816,0.33698832988739014,0.515018880367279
278,0.08629011765975032,0.713125,0.4059673211532723,7.172185723902658e-05,-0.826346755027771,0.9237966537475586,0.23600132763385773,0.23180969059467316,0.4993070065975189,0.00293630245141685,-0.7332088947296143,0.25139814615249634,0.2100525200366974,0.33882829546928406,0.4940119981765747
279,0.2521058183455275,0.43937500000000007,0.17060077926590375,7.830232789274305e-05,-0.772265613079071,0.3419222831726074,0.3451894223690033,0.28427866101264954,0.5749034881591797,0.001718377461656928,-0.717195987701416,0.5756809115409851,0.17723533511161804,0.30481255054473877,0.37232455611228943
280,0.4900155501319346,0.27749999999999997,0.013518076454854405,3.9862214180175215e-05,-0.7753250002861023,0.31595394015312195,0.2287387251853943,0.32668787240982056,0.5285985469818115,0.0011142492294311523,-0.6651151180267334,0.5284514427185059,0.22440111637115479,0.33420655131340027,0.47900259494781494
281,0.7370494208277995,0.7625,0.3927407318715504,6.91676395945251e-05,-0.8002576231956482,0.22154343128204346,0.1663655936717987,0.36224231123924255,0.36667168140411377,0.0010395736899226904,-0.5849480032920837,0.8766736388206482,0.3790630102157593,0.0907212346792221,0.6251362562179565
282,6.3062763925788,0.6571874999999999,-0.09190453788526605,0.0002448681916575879,-0.7724180221557617,0.32019391655921936,0.20751361548900604,0.3403715491294861,0.44228607416152954,0.005102136172354221,-0.6482052803039551,0.4916183352470398,0.21015715599060059,0.3618749976158142,0.44476503133773804
283,8.764891991995626,0.568125,0.386465364920496,8.910627366276458e-05,-0.8056877851486206,0.27440789341926575,0.19375398755073547,0.3739930987358093,0.4415915012359619,0.0009163717040792108,-0.7939324378967285,0.37457725405693054,0.2835046947002411,0.3462986350059509,0.5361229181289673
284,2.4341348559466427,0.7684374999999999,0.15443248919985167,4.4251260987948626e-05,-0.8286669254302979,0.4834327697753906,0.47993382811546326,0.28670674562454224,0.6304100155830383,0.004139658063650131,-0.6788542866706848,0.7087832689285278,0.18142272531986237,0.4020032584667206,0.4544299840927124
285,0.7149568886949729,0.75,0.3490139059076963,5.899903771933168e-05,-0.7717385292053223,0.5590280294418335,0.16054052114486694,0.4008447825908661,0.36339259147644043,0.003351536812260747,-0.7873056530952454,0.7025920748710632,0.17887462675571442,0.43850651383399963,0.45155951380729675
286,18.224055630893666,0.6950000000000001,0.4167797008501056,8.364194945897907e-05,-0.8357163071632385,0.4187234938144684,0.23709779977798462,0.41556763648986816,0.39414703845977783,0.00111857196316123,-0.7015961408615112,0.34647148847579956,0.18039804697036743,0.3197515904903412,0.42077699303627014
287,0.14596141297537196,0.619375,0.21974752741637146,3.7967787648085505e-05,-0.8686292171478271,0.2746703326702118,0.261673241853714,0.38232773542404175,0.4650087356567383,0.00191367173101753,-0.7660282850265503,0.337388277053833,0.17959170043468475,0.33497464656829834,0.4487297534942627
288,0.2960045141135404,0.5193749999999999,0.24995016894468353,0.00011230276140850037,-0.8085809350013733,0.23027552664279938,0.23261895775794983,0.36239802837371826,0.4428282678127289,0.005313750822097063,-0.6837249994277954,0.6958046555519104,0.3380811810493469,0.232777938246727,0.5009286999702454
289,0.25181433087318605,0.4403125,0.10679072385051155,7.289119821507484e-05,-0.8282225728034973,0.3575873374938965,0.2514440715312958,0.28934723138809204,0.4884592890739441,0.003108815522864461,-0.7084403038024902,0.4917950928211212,0.2097042202949524,0.2456008493900299,0.4498034715652466
290,0.06231441336300399,0.66625,0.4476111662010158,4.249750782037154e-05,-0.7820168733596802,0.2561472952365875,0.13218672573566437,0.362456738948822,0.34163135290145874,0.003386168275028467,-0.7235548496246338,0.4569251835346222,0.4754093289375305,0.2781026065349579,0.6746156811714172
291,0.06864922575174814,0.6575,0.3751295996746136,8.4217383118812e-05,-0.7969990372657776,0.5583774447441101,0.21133415400981903,0.3693341612815857,0.538731038570404,0.0019384687766432762,-0.7063921689987183,0.846763014793396,0.34894096851348877,0.23379236459732056,0.5169883966445923
292,0.07341595538687903,0.8340624999999999,0.557890924247259,0.0001571111788507551,-0.8585665225982666,0.28353893756866455,0.2170402556657791,0.3439953625202179,0.4434276819229126,0.0016757657285779715,-0.6013267040252686,0.46304193139076233,0.3472074270248413,0.2598373293876648,0.5784509181976318
293,0.16598121282769038,0.746875,0.4273693556283746,3.54367439285852e-05,-0.8905036449432373,0.24257823824882507,0.196929931640625,0.4087637662887573,0.4492429792881012,0.004833420272916555,-0.6308115720748901,0.5135397911071777,0.26485878229141235,0.3139766752719879,0.5263130068778992
294,4.902814288471253,0.7828125,0.3776403475190465,7.064657256705686e-05,-0.8722633123397827,0.38048526644706726,0.3136023283004761,0.31356263160705566,0.5656734108924866,0.0064948913641273975,-0.6262383460998535,0.5437261462211609,0.2497900277376175,0.3009462356567383,0.4897119402885437
295,0.05104869375729091,0.489375,0.37371351732400054,6.055164340068586e-05,-0.893918514251709,0.15775421261787415,0.13468995690345764,0.36349979043006897,0.43418094515800476,0.004234222695231438,-0.6471738219261169,0.43277597427368164,0.3197171688079834,0.26449111104011536,0.5607950091362
296,0.29725231067724106,0.5756249999999999,0.006955938289515925,6.942913023522124e-05,-0.861869752407074,0.9795942902565002,0.32678481936454773,0.26029714941978455,0.5135312676429749,0.0016512216534465551,-0.7155080437660217,0.7355208396911621,0.1867358386516571,0.38249701261520386,0.43243202567100525
297,0.0743837375119305,0.316875,0.2256096011127759,8.905901631806046e-05,-0.8105508685112,0.8713148832321167,0.26684272289276123,0.24072805047035217,0.4234713017940521,0.005626136902719736,-0.775927722454071,0.2697412371635437,0.23442088067531586,0.3381492495536804,0.47726261615753174
298,0.07402742047004518,0.5128125,0.28263921603041203,0.00013176190259400755,-0.8329582214355469,0.26744261384010315,0.17224490642547607,0.33468902111053467,0.43816468119621277,0.006238752510398626,-0.6549165844917297,0.25402992963790894,0.19876199960708618,0.2552357316017151,0.3810167908668518
299,1.2389192546108307,0.72,0.1866195459624302,6.89517255523242e-05,-0.7810994386672974,0.3009069859981537,0.18229880928993225,0.36667510867118835,0.4314091205596924,0.001449753064662218,-0.7456930875778198,0.2989519536495209,0.22757521271705627,0.3270098865032196,0.4681556820869446
300,0.17548519765493534,0.6278124999999999,0.4717489062177912,3.731144897756167e-05,-0.7266263961791992,0.2726709544658661,0.24135425686836243,0.3064729869365692,0.4162898361682892,0.003701802808791399,-0.722882866859436,0.6023440361022949,0.29944586753845215,0.3417736887931824,0.625812292098999
301,1.560763731179818,0.6459374999999999,0.29690324528331136,3.484113040030934e-05,-0.7751778364181519,0.18490345776081085,0.14924082159996033,0.27603015303611755,0.3747411370277405,0.010504570789635181,-0.7111532688140869,0.29218587279319763,0.21121306717395782,0.2900429964065552,0.41883882880210876
302,0.2107337865538228,0.7293749999999999,0.33492926194150907,9.224418317899108e-05,-0.7467095851898193,0.3249032199382782,0.24442386627197266,0.31549739837646484,0.4539065659046173,0.006454347632825375,-0.6813398599624634,0.22427469491958618,0.16344882547855377,0.2869865298271179,0.3970259726047516
303,6.513614840909961,0.5940624999999999,0.17701383523113418,3.536453368724324e-05,-0.7061059474945068,0.35110390186309814,0.2983430027961731,0.26326778531074524,0.5762679576873779,0.004800804425030947,-0.7835062742233276,0.4748046398162842,0.20808181166648865,0.319194495677948,0.494161993265152
304,0.08356228584549252,0.5012500000000001,0.3764323706288342,6.278749788179994e-05,-0.7008672952651978,0.21752192080020905,0.23929345607757568,0.2529049813747406,0.460331529378891,0.0034619546495378017,-0.8215093612670898,0.6306993961334229,0.3445894122123718,0.30470848083496094,0.5768653154373169
305,0.4619120715942744,0.83375,0.3013861452057741,5.6068973208311945e-05,-0.771933376789093,0.6656724810600281,0.19099214673042297,0.3444445729255676,0.4699964225292206,0.004164920654147863,-0.6699453592300415,0.7120258808135986,0.20257386565208435,0.19067469239234924,0.5212348699569702
306,0.04804917527098024,0.51875,0.5392196075083663,0.0002335747703909874,-0.8061333894729614,0.7397026419639587,0.507474422454834,0.3774715065956116,0.631585955619812,0.0035325477365404367,-0.7300244569778442,0.3050823211669922,0.3427722454071045,0.3348057270050049,0.5829128623008728
307,0.08796756660032048,0.40406250000000005,0.45315986109112244,2.7963100365013815e-05,-0.8174338936805725,1.0443800687789917,0.22786827385425568,0.45663440227508545,0.4355957508087158,0.002488618018105626,-0.7095040082931519,0.3586440980434418,0.16292308270931244,0.2999822497367859,0.4175510108470917
308,0.9147838454582645,0.47375,-0.4955753831482689,5.6912253057817e-05,-0.8029128909111023,0.3716842830181122,0.20632188022136688,0.3562715947628021,0.43549421429634094,0.0011921604163944721,-0.6769686937332153,0.935859739780426,0.17479191720485687,0.40379059314727783,0.4240471124649048
309,269.885441125414,0.7021875,0.3164631598942192,3.7714104109909385e-05,-0.8367972373962402,0.29037100076675415,0.2650148868560791,0.3081898093223572,0.5168827772140503,0.0021559325978159904,-0.6649391055107117,0.7194826006889343,0.1729639768600464,0.3515855669975281,0.4333103597164154
310,0.04574967129011522,0.31500000000000006,0.3977456153500354,5.495231380336918e-05,-0.7958706617355347,0.44555485248565674,0.2380945086479187,0.2634845972061157,0.4401164948940277,0.0022741658613085747,-0.6526889801025391,0.4325992166996002,0.29342466592788696,0.3314410448074341,0.4738074541091919
311,2.2558136609470716,0.6828125,0.4416883578540217,6.30620343144983e-05,-0.8476576805114746,0.41834649443626404,0.25868386030197144,0.3020838797092438,0.4492998719215393,0.0052017527632415295,-0.697039008140564,0.649750292301178,0.3075617551803589,0.3549545109272003,0.5312215089797974
312,0.06877130258529349,0.44656250000000003,0.4007240057821046,4.329877265263349e-05,-0.8633469343185425,0.3331616520881653,0.2179008424282074,0.31099554896354675,0.4798682630062103,0.004225425887852907,-0.7951947450637817,0.27241000533103943,0.2211993932723999,0.3420983552932739,0.369015097618103
313,7.715969948149011,0.49250000000000005,0.20214686046737235,8.259645255748183e-05,-0.8930578231811523,0.29287219047546387,0.2800970673561096,0.3331053555011749,0.5218077898025513,0.0033143016044050455,-0.8590211868286133,0.3403095602989197,0.2262505292892456,0.36860525608062744,0.48227202892303467
314,0.061697673583292034,0.44281249999999994,0.2819396906255801,3.931893297703937e-05,-0.9838113784790039,0.2931959927082062,0.21340183913707733,0.39225924015045166,0.43814870715141296,0.003784357337281108,-0.7783356308937073,0.3945947289466858,0.20258237421512604,0.35620996356010437,0.3901515603065491
315,0.04264710572824262,0.50125,0.6212898629010521,3.264358019805513e-05,-0.8299295902252197,0.606734573841095,0.33892470598220825,0.2508193850517273,0.5245932936668396,0.0042613232508301735,-0.8414226770401001,1.1138805150985718,0.26603323221206665,0.2542305588722229,0.4911167025566101
316,0.09758902531991791,0.5021875,0.353579205864478,7.419677422149107e-05,-0.8410236239433289,0.371700644493103,0.25392353534698486,0.3720153570175171,0.4669383466243744,0.005851753056049347,-0.8302632570266724,0.35558387637138367,0.18454697728157043,0.39423513412475586,0.49194851517677307
317,0.17039534742425788,0.7140625,0.31220344550809154,1.5997127775335684e-05,-0.7909557819366455,0.2181369960308075,0.15723037719726562,0.29725030064582825,0.4202357828617096,0.0022455777507275343,-0.7948061227798462,0.37561270594596863,0.24748654663562775,0.40848445892333984,0.4482371509075165
318,0.08425700910525771,0.819375,0.5109151533060176,2.2081831048126332e-05,-0.774991512298584,0.5522558689117432,0.4120029807090759,0.2292046993970871,0.6085415482521057,0.005960253067314625,-0.6844669580459595,0.2910679578781128,0.25119367241859436,0.2939516603946686,0.4640331268310547
319,0.22710859890845306,0.3171875,0.21639656289128525,2.958226286864374e-05,-0.8426529169082642,0.20133396983146667,0.22422198951244354,0.34337806701660156,0.43415576219558716,0.0027701135259121656,-0.7326604723930359,0.20083336532115936,0.20510385930538177,0.3394829332828522,0.44452914595603943
320,0.11460194955724448,0.465625,0.3203180289876837,3.5291861422592774e-05,-0.7530325055122375,0.22553908824920654,0.3350938558578491,0.30978333950042725,0.4738216698169708,0.0029840562492609024,-0.6685163974761963,0.5403988361358643,0.2875048816204071,0.2310626059770584,0.4980957806110382
321,619.6280217190795,0.5640625,0.2367657176493343,4.988296132069081e-05,-0.8251972198486328,0.8792913556098938,0.15991410613059998,0.4342263340950012,0.33243122696876526,0.002276353072375059,-0.699471652507782,0.48286184668540955,0.20577016472816467,0.33913901448249817,0.4908011257648468
322,0.06123549041184515,0.8296875,0.4899701751742331,2.7132164177601226e-05,-0.7681071758270264,0.3319161534309387,0.16505029797554016,0.2716089189052582,0.39977389574050903,0.008218038827180862,-0.7194478511810303,0.7737798094749451,0.2315792441368103,0.4194551110267639,0.38382992148399353
323,0.585142762207996,0.596875,0.05364537494875669,0.00012828479520976543,-0.7803567051887512,0.2706868052482605,0.3849181532859802,0.28074511885643005,0.5203381776809692,0.0028013100381940603,-0.6891928911209106,0.6243331432342529,0.2489520013332367,0.23729121685028076,0.465437114238739
324,0.04973497443774537,0.28375000000000006,0.4369469309297248,6.961995677556843e-05,-0.7943716049194336,0.7838932275772095,0.44213730096817017,0.2046254277229309,0.5444361567497253,0.002963982755318284,-0.7297540307044983,0.5744741559028625,0.17783553898334503,0.37988051772117615,0.40556228160858154
325,422.2207056328599,0.4953125,0.24585039088936397,8.19456618046388e-05,-0.7905335426330566,0.24170872569084167,0.21970021724700928,0.3387664556503296,0.45459476113319397,0.003104026895016432,-0.7302650213241577,0.39092370867729187,0.18448790907859802,0.3454712927341461,0.3899957537651062
326,2.973856937222638,0.6118750000000001,0.31495632671201407,2.459614916006103e-05,-0.8075312376022339,0.2930397093296051,0.15696579217910767,0.3040426969528198,0.47438645362854004,0.0027067430783063173,-0.8409453630447388,0.4583994150161743,0.23620495200157166,0.367161363363266,0.5171031951904297
327,6.288104362720699,0.7378125,-0.100151882286723,0.0001498582714702934,-0.8340409398078918,0.22492294013500214,0.25084540247917175,0.35226693749427795,0.4629600942134857,0.004612055607140064,-0.8250837326049805,0.2790226340293884,0.2279219776391983,0.3702051639556885,0.4581650197505951
328,0.06240549024651726,0.29874999999999996,0.20912907832729227,4.274776074453257e-05,-0.7675970792770386,0.3804318606853485,0.30849242210388184,0.2698655426502228,0.5878359079360962,0.0035032304003834724,-0.821050226688385,1.1036922931671143,0.18433944880962372,0.502102792263031,0.4049186408519745
329,0.08198726837247419,0.7765625,0.595453391334208,3.140116677968763e-05,-0.8448103070259094,0.45984986424446106,0.26513373851776123,0.26235854625701904,0.4734509289264679,0.004249172285199165,-0.8061850070953369,0.45436856150627136,0.1819080114364624,0.35181015729904175,0.4729621708393097
330,2.034654207278512,0.5359375,0.2815131232859879,2.232412043667864e-05,-0.812618613243103,0.7607629895210266,0.21256005764007568,0.38412919640541077,0.4534127414226532,0.005075633060187101,-0.8358058929443359,0.534717321395874,0.2220137119293213,0.30584007501602173,0.5107536911964417
331,0.07659100711265796,0.6440625,0.39710777416751364,2.1513469619094394e-05,-0.9041464924812317,0.3711356222629547,0.305208683013916,0.3715800344944,0.5117120146751404,0.0034018864389508963,-0.944145917892456,0.3563374876976013,0.20328333973884583,0.4379194676876068,0.4134654700756073
332,44.87490850431691,0.5440625,0.04379923693015933,2.4328965082531795e-05,-0.7811194062232971,0.43401703238487244,0.34815841913223267,0.2369588315486908,0.5497331023216248,0.00516680721193552,-0.8953443169593811,0.3361791670322418,0.23725202679634094,0.40495961904525757,0.43734607100486755
333,0.3461348620204634,0.7893749999999999,0.6116071505159899,2.692068119358737e-05,-0.8287985920906067,0.2649102807044983,0.18615570664405823,0.2648693323135376,0.45553791522979736,0.0025554720778018236,-0.9159911274909973,1.423231601715088,0.3931736648082733,0.28266340494155884,0.5347176790237427
334,2.1315258807532724,0.8653124999999999,0.14842850895742535,3.277681753388606e-05,-0.8716546297073364,0.23473967611789703,0.24116624891757965,0.3018568158149719,0.502285897731781,0.001322516705840826,-0.8901926279067993,0.963488757610321,0.22802509367465973,0.31654828786849976,0.5368363261222839
335,0.451216772688025,0.6581250000000001,0.24765308698133506,2.0045390556333587e-05,-0.7910810708999634,0.41087400913238525,0.34427785873413086,0.32493332028388977,0.5278405547142029,0.0016877534799277782,-0.8579702377319336,1.0866031646728516,0.32307153940200806,0.28250306844711304,0.506076991558075
336,0.31275723701206115,0.6371874999999999,0.3088259685148517,5.016465365770273e-05,-0.7950377464294434,0.7489327788352966,0.2930440306663513,0.1989402174949646,0.4501211941242218,0.001915280125103891,-0.7617585062980652,0.1986941546201706,0.16585251688957214,0.35656028985977173,0.40807780623435974
337,0.10497587479436885,0.6737500000000001,0.36394975406157404,1.9884060748154297e-05,-0.83567214012146,0.4384445548057556,0.24777567386627197,0.3762736916542053,0.4400671422481537,0.0007972103194333613,-0.7738390564918518,0.7148734927177429,0.20622898638248444,0.4097171723842621,0.4126681983470917
338,29.572244068074774,0.7796875,0.26643487220768736,4.6203320380300283e-05,-0.9083343148231506,0.3610738217830658,0.30156558752059937,0.3031497299671173,0.5309064388275146,0.0013884584186598659,-0.8218231201171875,0.3625811040401459,0.32047057151794434,0.35892486572265625,0.521060585975647
339,0.09872776150381771,0.7296875,0.34467094058312114,7.236754754558206e-05,-0.8801369071006775,0.5118876099586487,0.3537471890449524,0.3828062415122986,0.5033919215202332,0.0011447977740317583,-0.7788354754447937,0.3620871901512146,0.21263861656188965,0.3541617691516876,0.4788834750652313
340,0.11252029683441336,0.49031250000000004,0.45429295308410883,4.636915400624275e-05,-0.8787380456924438,0.4024772346019745,0.2736457884311676,0.3271537125110626,0.5211177468299866,0.0012516154674813151,-0.6601179838180542,0.6299106478691101,0.1720242202281952,0.3227301239967346,0.3161185383796692
341,0.06467155545060639,0.748125,0.5720874806316034,2.8526890673674643e-05,-0.8765133619308472,0.32926708459854126,0.3362346589565277,0.3055339455604553,0.5705764293670654,0.0005919222021475434,-0.6800928115844727,0.5978666543960571,0.2258869856595993,0.30715811252593994,0.44033175706863403
342,0.1607306509181851,0.6821875000000001,0.40810623846528316,1.1110927516710944e-05,-0.951808750629425,0.23613764345645905,0.17487408220767975,0.3790718913078308,0.39777272939682007,0.001124376431107521,-0.6726241707801819,0.26042434573173523,0.3013511598110199,0.24680620431900024,0.5067812204360962
343,0.25268752649233883,0.6950000000000001,0.41228355792341154,2.5697187084006146e-05,-0.8850773572921753,0.23990662395954132,0.2150370478630066,0.3189081847667694,0.45730218291282654,0.0008746303501538932,-0.6875856518745422,0.3575820326805115,0.29199421405792236,0.2357005923986435,0.5899295210838318
344,0.045142860668322356,0.8174999999999999,0.7238285676161754,6.242500967346132e-05,-0.9081522226333618,0.2938840389251709,0.2462574988603592,0.33620309829711914,0.4064146876335144,0.0007072327425703406,-0.7317341566085815,0.3830236792564392,0.3016332685947418,0.22358660399913788,0.5772565007209778
345,0.04688321023736924,0.5443749999999999,0.4664024717067874,7.783681940054521e-05,-0.8951532244682312,0.27738431096076965,0.3059980869293213,0.3585304021835327,0.5174434781074524,0.0013236766681075096,-0.7283554077148438,1.0283046960830688,0.1910584419965744,0.40032944083213806,0.390317440032959
346,20.69906605613162,0.8459375000000001,0.5519698829063666,6.494718400062993e-05,-0.8623431324958801,0.3591795265674591,0.33576086163520813,0.2900996506214142,0.5981170535087585,0.00046204388490878046,-0.7219299077987671,0.2241114228963852,0.14857837557792664,0.2731713354587555,0.3540990352630615
347,2.1076820661060713,0.346875,0.29444620757275086,6.690929149044678e-05,-0.8176296949386597,0.35882338881492615,0.4693076014518738,0.26655280590057373,0.5788823366165161,0.001320147654041648,-0.75112384557724,0.3142242431640625,0.29586291313171387,0.27398860454559326,0.5238975286483765
348,0.06289558394800818,0.43531250000000005,0.4178463117037653,3.6011690099257976e-05,-0.7815271019935608,0.3312946557998657,0.19643254578113556,0.2838989496231079,0.3803273141384125,0.0006166495732031763,-0.825630247592926,0.4854486584663391,0.15343742072582245,0.3811725080013275,0.3781917095184326
349,0.28781352324937337,0.5715625000000001,0.319561771521248,2.6087787773576565e-05,-0.9754410982131958,0.4124026298522949,0.3179647624492645,0.42117035388946533,0.5431860685348511,0.0009312386391684413,-0.8644901514053345,0.30796441435813904,0.18286821246147156,0.35496601462364197,0.4386211335659027
350,0.050363170279343186,0.8184374999999999,0.5530280587031862,9.257483907276765e-05,-0.8895219564437866,1.1106247901916504,0.5212264657020569,0.19287919998168945,0.6035170555114746,0.0011163365561515093,-0.8776042461395264,0.3522392213344574,0.22755445539951324,0.3505474328994751,0.4662966728210449
351,6.979589517237192,0.529375,0.2921356230993425,7.027510582702234e-05,-0.8832924365997314,0.8454285860061646,0.16689829528331757,0.4008365571498871,0.4622263014316559,0.0013362300815060735,-0.7904500365257263,0.44302088022232056,0.2175675332546234,0.3171202540397644,0.49270814657211304
352,9.129715932621586,0.6346875000000001,-0.057620915199170855,0.0001125488051911816,-0.7823554873466492,0.688293993473053,0.37339141964912415,0.16201288998126984,0.6053459644317627,0.0007354207918979228,-0.912874698638916,0.7807462215423584,0.2297731637954712,0.29944631457328796,0.46447068452835083
353,0.12422111100339435,0.6503125000000001,0.3361951201330692,3.413482045289129e-05,-0.8604989051818848,1.167912483215332,0.23183050751686096,0.4177442789077759,0.48733869194984436,0.0008855306659825146,-0.9177765250205994,0.698693037033081,0.22986885905265808,0.31124886870384216,0.5137506127357483
354,0.10836351245326843,0.43218750000000006,0.2575804791065246,5.928037717239931e-05,-0.926910400390625,0.6583263278007507,0.2356349527835846,0.39954715967178345,0.4028252065181732,0.000750382780097425,-0.8375463485717773,0.39231452345848083,0.3337528705596924,0.3482592701911926,0.5610746145248413
355,0.055588552886362906,0.5809374999999999,0.4966100685299678,3.010323052876629e-05,-0.9198669195175171,0.7817199230194092,0.11186078190803528,0.407348096370697,0.3713235855102539,0.0009218202903866768,-0.8245294690132141,0.3240501284599304,0.1683264821767807,0.34421592950820923,0.37644651532173157
356,0.7140274018632006,0.525,0.2861427923266068,4.4431319111026824e-05,-0.9437499046325684,0.541722297668457,0.18085303902626038,0.3826298415660858,0.40502697229385376,0.0006402816507034004,-0.7856571674346924,0.2581699788570404,0.23945735394954681,0.3205106556415558,0.4566728174686432
357,1.4936348161623096,0.6571875,0.45119208107382996,5.210603558225557e-05,-1.0325535535812378,1.2584325075149536,0.31908971071243286,0.27330920100212097,0.504579484462738,0.0008489987230859697,-0.7895411252975464,0.3664669096469879,0.2855556011199951,0.31090518832206726,0.5864090919494629
358,0.24476678206717342,0.7865624999999999,0.486023209486952,4.530215301201679e-05,-0.9356471300125122,0.3083116412162781,0.23544634878635406,0.32509103417396545,0.47344285249710083,0.0004903345834463835,-0.7112182378768921,0.6405375599861145,0.32722008228302,0.1824682205915451,0.4954177439212799
359,0.03648870966697717,0.79625,0.6212112346500958,2.0865072656306438e-05,-0.9952934980392456,0.2857203185558319,0.20978619158267975,0.40658941864967346,0.429921418428421,0.00021916651166975498,-0.686836302280426,0.5656391978263855,0.3278282582759857,0.23003143072128296,0.49870267510414124
360,0.19923466141674998,0.40125,0.21575798500092108,2.02943519980181e-05,-0.908503532409668,1.0772840976715088,0.3088819980621338,0.2130574882030487,0.504787266254425,0.0011744532966986299,-0.760522723197937,0.3623173236846924,0.240875706076622,0.31330737471580505,0.4656367897987366
361,0.15800600096913103,0.771875,0.4204296969023538,4.983964754501358e-05,-0.9126521944999695,0.7590816617012024,0.39235687255859375,0.27369606494903564,0.6011471748352051,0.0004048549453727901,-0.7258725762367249,0.7246078848838806,0.22371241450309753,0.35643622279167175,0.4197750985622406
362,0.15210736122371887,0.8099999999999999,0.28681896683814995,5.4555246606469154e-05,-0.9749248027801514,0.8800799250602722,0.2301798015832901,0.4679364562034607,0.4713239073753357,0.0003606374666560441,-0.6911755800247192,0.5077023506164551,0.2256019115447998,0.26118820905685425,0.46203598380088806
363,0.0547141077764292,0.5978125000000001,0.4057361009983077,2.9949751478852704e-05,-1.0259013175964355,0.26666128635406494,0.18885311484336853,0.40017324686050415,0.4652007520198822,0.0005445335991680622,-0.7554747462272644,1.0938999652862549,0.14636275172233582,0.38946399092674255,0.3232525885105133
364,0.26977002017798285,0.79625,0.589779719972212,8.602166053606197e-05,-0.8648957014083862,0.5398538112640381,0.369737833738327,0.2695949375629425,0.5084040760993958,0.0003942941257264465,-0.8252378702163696,0.2707609534263611,0.3047046959400177,0.2891213297843933,0.5194416046142578
365,0.16926572362941542,0.8025,0.4290463816795433,6.786822632420808e-05,-0.8642175197601318,0.3688705563545227,0.37217676639556885,0.27770209312438965,0.5967058539390564,0.0006175526650622487,-0.7785773277282715,0.46476060152053833,0.22420784831047058,0.31866204738616943,0.5182123184204102
366,0.057757795826721955,0.62375,0.42984147303211806,2.445672362227924e-05,-0.869991660118103,0.23534440994262695,0.1505385935306549,0.2777461111545563,0.38199788331985474,0.0007433500722981989,-0.8394092917442322,0.393004447221756,0.18649114668369293,0.3535492718219757,0.4419170916080475
367,0.08415695903157885,0.4603125,0.36118116678967355,3.0475068342639133e-05,-0.9180430769920349,0.8683967590332031,0.25332146883010864,0.41187942028045654,0.4940800368785858,0.0005455861100926995,-0.8034172058105469,0.5738858580589294,0.38679438829421997,0.2745295464992523,0.5240561366081238
368,0.1030062582152198,0.7415625,0.4232262418652077,6.0237423895159736e-05,-0.8526620864868164,0.4440529942512512,0.15660934150218964,0.3460681438446045,0.42892953753471375,0.0007442699279636145,-0.9339510202407837,0.35774996876716614,0.2625604271888733,0.38013756275177,0.5383474230766296
369,0.40677929532177987,0.6203125,0.19348103563889246,3.471236414043233e-05,-0.9163089990615845,0.1982869654893875,0.2203998565673828,0.33423933386802673,0.3754597008228302,0.0016587598947808146,-0.9557468891143799,0.462893009185791,0.25543397665023804,0.3496493399143219,0.5288121700286865
370,5.083047737804139,0.7978124999999999,0.4152435415515402,2.9081253160256892e-05,-1.0130739212036133,0.28001296520233154,0.23250830173492432,0.3878512680530548,0.4768086075782776,0.0008168397471308708,-0.865144670009613,0.7430734038352966,0.37518829107284546,0.29782456159591675,0.5356462597846985
371,0.32591581904784156,0.6715625,0.0923131704872562,2.9701137464144267e-05,-0.9476762413978577,0.41141119599342346,0.16241854429244995,0.2993111312389374,0.40467163920402527,0.0009219234343618155,-0.9488154649734497,0.8657755851745605,0.3280905485153198,0.2876591980457306,0.5733420848846436
372,0.20330570833861206,0.4921875,0.20521688046908454,2.0042942196596414e-05,-0.8579956889152527,0.3394513428211212,0.32124534249305725,0.2887346148490906,0.445718914270401,0.0007855943404138088,-0.9335008263587952,0.6449633240699768,0.3003380596637726,0.44912877678871155,0.5699427723884583
373,0.3650782163023867,0.6246875000000001,0.2656900174179489,5.76771235500928e-05,-1.004202127456665,0.3746737837791443,0.34244537353515625,0.39448660612106323,0.44574522972106934,0.00045527442125603557,-0.9047936201095581,1.185462236404419,0.6234599947929382,0.2657390236854553,0.7201893329620361
374,0.08174375906661697,0.32437499999999997,0.1027987263819357,6.96903225616552e-05,-0.9040782451629639,0.3212031126022339,0.40136122703552246,0.2946709394454956,0.5586833357810974,0.0009469493525102735,-0.8844687938690186,0.33612915873527527,0.33236923813819885,0.38654619455337524,0.5096452236175537
375,0.4890990643427692,0.4887499999999999,0.46175081122220796,2.3693215553066693e-05,-0.8816859722137451,0.8456910848617554,0.25292763113975525,0.37007713317871094,0.4929110109806061,0.000271283759502694,-0.8350551128387451,0.6874388456344604,0.18602485954761505,0.4186559021472931,0.4424033463001251
376,0.06422302979130834,0.48968749999999994,0.2853583982788201,4.6357243263628334e-05,-0.9408799409866333,0.37144386768341064,0.3219800293445587,0.35862022638320923,0.5026916265487671,0.0005576839903369546,-0.8995906114578247,0.264247328042984,0.19594457745552063,0.3592158555984497,0.49391552805900574
377,32.481319645837566,0.7328125,0.11311714529983583,6.964893691474572e-05,-0.9774430990219116,0.36232295632362366,0.27696889638900757,0.3422944247722626,0.4767969846725464,0.00031057765590958297,-0.8406549692153931,0.6127999424934387,0.20348505675792694,0.320938378572464,0.45915666222572327
378,0.038411067117567796,0.43000000000000005,0.5071442091651679,2.0318202587077394e-05,-0.9573810696601868,0.25503867864608765,0.19420817494392395,0.38066577911376953,0.4334990680217743,7.51674160710536e-05,-0.7898651957511902,0.5621082186698914,0.19961565732955933,0.38097983598709106,0.39368653297424316
379,0.09057540975633213,0.7125,0.4130048153293949,5.511230119736865e-05,-0.9663240909576416,0.4814544916152954,0.15851472318172455,0.2762703597545624,0.38782501220703125,0.0005823951214551926,-0.7909536957740784,0.38233596086502075,0.36942052841186523,0.3021858334541321,0.5743417143821716
380,284.10903978929633,0.705,0.23829332748394333,1.6279651390505023e-05,-0.9089175462722778,0.35299015045166016,0.26854416728019714,0.29259687662124634,0.5166143774986267,0.0001785991044016555,-0.7806731462478638,0.6053019762039185,0.18106888234615326,0.33312976360321045,0.4313621520996094
381,0.13129292545437438,0.8018749999999999,0.4700192142643038,3.737497900146991e-05,-0.9759414196014404,0.4844640791416168,0.3987318277359009,0.30148589611053467,0.6747869849205017,0.0004299571446608752,-0.7695893049240112,0.3351851999759674,0.255066454410553,0.31119465827941895,0.4198029637336731
382,0.24619585422427423,0.6287499999999999,0.2764276558594537,3.311645923531614e-05,-0.9796847701072693,0.545372724533081,0.14043757319450378,0.3907589912414551,0.39185217022895813,0.0003473248507361859,-0.8477807641029358,0.5220852494239807,0.441061794757843,0.3042019009590149,0.6781406998634338
383,0.5187981379028552,0.7209375,0.3788025498328786,2.15084965020651e-05,-1.0355223417282104,0.4526959955692291,0.20547540485858917,0.34847497940063477,0.41370368003845215,0.0002293602447025478,-1.0019066333770752,0.39359888434410095,0.2130650281906128,0.42334219813346863,0.5032897591590881
384,2.8404741067250057,0.39187500000000003,-0.046577778427428974,3.743814886547625e-05,-0.9448927044868469,0.8643237948417664,0.28606298565864563,0.2473592460155487,0.5542840361595154,0.00032843294320628047,-0.8224116563796997,0.36804479360580444,0.19512158632278442,0.32129335403442383,0.38197949528694153
385,0.5453968571071556,0.5228125,0.26230123911738973,4.4151853217044845e-05,-0.9635503888130188,0.5274577736854553,0.34487220644950867,0.37285134196281433,0.5423763990402222,0.0002303988439962268,-0.9181513786315918,0.3860345184803009,0.38797834515571594,0.34717580676078796,0.6454383730888367
386,1.3240782042396781,0.743125,0.32337461394707623,7.481405918952078e-05,-0.9612107276916504,0.5099168419837952,0.11986580491065979,0.3891547620296478,0.3218787610530853,0.0003548520617187023,-0.9670878052711487,0.3536350727081299,0.22105592489242554,0.4007434844970703,0.43981650471687317
387,1.9694302571060351,0.436875,0.228470729113002,2.5347999326186255e-05,-1.0051801204681396,0.3105168044567108,0.23684009909629822,0.36682796478271484,0.44842416048049927,0.0005977324326522648,-0.9367018938064575,0.4348979592323303,0.20457860827445984,0.35867786407470703,0.40775159001350403
388,0.031921886171139294,0.7071875000000001,0.7996134201610857,2.7900165150640532e-05,-0.9822876453399658,0.3228611648082733,0.3312467932701111,0.3306198716163635,0.5429668426513672,0.0003178483166266233,-0.9488676190376282,0.3517565429210663,0.22081169486045837,0.4090297818183899,0.3971473276615143
389,0.2519631109380022,0.70625,0.4171888967920375,3.883046520058997e-05,-1.0021109580993652,0.38003009557724,0.26906922459602356,0.33489757776260376,0.5093063712120056,0.0002627032226882875,-0.9490795731544495,0.4538499116897583,0.2139664590358734,0.34026795625686646,0.45848631858825684
390,0.5363862826543452,0.6984375,0.2851982160788007,3.336583176860586e-05,-1.0143482685089111,0.582909345626831,0.15586048364639282,0.4019123613834381,0.4813942313194275,0.0008612241945229471,-0.9273873567581177,0.6307035088539124,0.3166733980178833,0.3181459605693817,0.5363265872001648
391,23.411127251643272,0.7403125,-0.08362384888674297,3.55330812453758e-05,-1.048641324043274,0.62980055809021,0.22698041796684265,0.33189117908477783,0.37977713346481323,0.00034189544385299087,-0.8989657163619995,0.24908165633678436,0.16713018715381622,0.3399546146392822,0.4732367694377899
392,0.20569062326404666,0.48500000000000004,0.25066467039847495,8.10129422461614e-05,-1.0251625776290894,0.48210570216178894,0.28467804193496704,0.3405439257621765,0.47165152430534363,0.000229731755098328,-0.8244020342826843,0.2643240988254547,0.18119071424007416,0.3141506314277649,0.36664703488349915
393,178.52609643885336,0.47093749999999995,0.1296070394732753,3.686518539325334e-05,-1.0569336414337158,1.0488561391830444,0.37512990832328796,0.2439238429069519,0.5512751340866089,0.0002618088910821825,-0.9102587699890137,0.7417179942131042,0.2697123885154724,0.277820885181427,0.486966609954834
394,86.73819496592988,0.534375,0.24813520670755884,1.851886736403685e-05,-0.9055808782577515,0.2941169738769531,0.20611628890037537,0.3072870671749115,0.39719194173812866,0.0002600042789708823,-0.8526071906089783,0.2857424020767212,0.2162989377975464,0.33518409729003906,0.41638514399528503
395,4.642558426618396,0.82,0.3321010105503074,5.819880243507214e-05,-0.9442718625068665,0.27372971177101135,0.2683274745941162,0.32802140712738037,0.5088056325912476,0.0002689457905944437,-0.8061567544937134,0.2875417172908783,0.2308119535446167,0.28416454792022705,0.5037421584129333
396,0.052793889066373036,0.50125,0.3464011667605564,4.613025885191746e-05,-1.0148084163665771,0.5154504179954529,0.3029930293560028,0.3456701338291168,0.5000797510147095,0.00024428198230452836,-0.7120624780654907,0.4703846871852875,0.23375952243804932,0.2756042182445526,0.5126464366912842
397,4.375712413675201,0.6290625000000001,0.3455412324757969,4.211754276184365e-05,-0.9799575805664062,0.9688760638237,0.18465018272399902,0.4284489154815674,0.4024694263935089,0.0002780180948320776,-0.7436609268188477,0.3195270597934723,0.2229941338300705,0.24977990984916687,0.4028315246105194
398,0.04837338063866977,0.37093750000000003,0.29050749263143244,2.256362495245412e-05,-0.8855977058410645,0.5819846987724304,0.19129104912281036,0.3541465997695923,0.38939255475997925,0.00019190236344002187,-0.760967493057251,0.6823544502258301,0.23334597051143646,0.3244360685348511,0.3942994475364685
399,0.07527492651581263,0.8340624999999999,0.712183647825723,7.91144702816382e-05,-1.0232844352722168,0.5209465622901917,0.20269159972667694,0.3695034384727478,0.4956466853618622,0.00037218592478893697,-0.7700166702270508,0.9510393738746643,0.26340779662132263,0.3459234833717346,0.5496143102645874
400,0.04331742773960147,0.7275,0.5242359333025647,8.772221917752177e-05,-0.9861880540847778,0.7050604820251465,0.16950345039367676,0.3813175857067108,0.4231414496898651,0.00048375289770774543,-0.875853419303894,0.38093921542167664,0.24893824756145477,0.3710118532180786,0.39387261867523193
401,0.064033659358688,0.42843749999999997,0.31900053844116705,3.938816735171713e-05,-1.095771074295044,0.7805491089820862,0.2817433476448059,0.3149741291999817,0.51236891746521,0.0005829515284858644,-0.8978403210639954,0.505598247051239,0.3678959310054779,0.34930115938186646,0.518459141254425
402,0.07536310102669569,0.268125,0.08466518301732205,7.51921470509842e-05,-0.9657825827598572,0.5761624574661255,0.14303793013095856,0.3750705122947693,0.3305186331272125,0.000223559865844436,-0.8833096027374268,0.27994412183761597,0.2212667465209961,0.32755160331726074,0.4007183313369751
403,0.34741734587334167,0.8074999999999999,0.3638978491485747,3.817305696429685e-05,-0.9979292750358582,0.764007031917572,0.520209014415741,0.2511831223964691,0.6653739213943481,0.0001266226317966357,-0.8730348944664001,0.30992379784584045,0.22342094779014587,0.3045107126235962,0.3867935836315155
404,0.11318994628052921,0.77375,0.5287217523407206,3.122185808024369e-05,-1.0564703941345215,0.7191977500915527,0.32884904742240906,0.30685365200042725,0.4756225347518921,0.00012145104119554162,-0.8909173011779785,0.700673520565033,0.2165130078792572,0.299299418926239,0.37407219409942627
405,11.488227551688974,0.48656249999999995,-0.12769724130866184,6.677165947621688e-05,-1.0168668031692505,0.42234185338020325,0.23858998715877533,0.3374190628528595,0.47351476550102234,0.00023386601242236793,-0.9252265095710754,0.7333097457885742,0.22597765922546387,0.3010299503803253,0.4125613570213318
406,0.10750366765023567,0.6690625,0.4590721019987722,4.5274900912772864e-05,-1.02988600730896,0.4912088215351105,0.21469230949878693,0.3835047483444214,0.4257782995700836,0.0007777165155857801,-0.9005458354949951,0.34654733538627625,0.3207452893257141,0.34685617685317993,0.5068954229354858
407,16.003867830293085,0.588125,0.4624422547245432,2.5347464543301612e-05,-1.1047956943511963,1.377039909362793,0.7490683197975159,0.31602251529693604,0.5887494683265686,0.00029346690280362964,-0.8811285495758057,0.343788206577301,0.23532645404338837,0.2946475148200989,0.4375251829624176
408,0.10830828323399574,0.7415625,0.361224924258282,3.21247753163334e-05,-0.9664170742034912,0.3956774175167084,0.25385838747024536,0.37074142694473267,0.4942411184310913,0.00021683801605831832,-0.8106184005737305,0.7931399345397949,0.23159673810005188,0.3560839593410492,0.48213639855384827
409,0.2991945111820371,0.6115625,0.30236337430941934,3.4652111935429275e-05,-0.9525443911552429,0.47845157980918884,0.3043953478336334,0.2545011043548584,0.5304312109947205,0.00012857624096795917,-0.8847163915634155,0.5682607889175415,0.3751052916049957,0.26931092143058777,0.5345070958137512
410,0.0912982606151518,0.5996875,0.3468348313484393,1.55545785673894e-05,-1.0455695390701294,0.41189485788345337,0.18838168680667877,0.37105682492256165,0.45872002840042114,0.00023494048218708485,-0.9266756772994995,0.6437458992004395,0.20937414467334747,0.4212384521961212,0.36007392406463623
411,0.08045084304780396,0.47624999999999995,0.38538164040018547,1.7087437299778685e-05,-0.9654203057289124,0.590575635433197,0.32125964760780334,0.2943180799484253,0.47765064239501953,0.00014191700029186904,-0.9189469814300537,0.4128580689430237,0.3102562725543976,0.38541504740715027,0.487341046333313
412,0.08723412287758976,0.73375,0.5770583820781161,5.3812884289072827e-05,-0.9909605979919434,1.1539983749389648,0.20349475741386414,0.43217557668685913,0.4312686324119568,0.0002686943917069584,-0.92130047082901,0.32275134325027466,0.24473358690738678,0.3387610614299774,0.4678807556629181
413,0.571976176406217,0.66625,0.0733519067376401,2.463798227836378e-05,-0.9912022352218628,0.459317147731781,0.38973772525787354,0.3427048325538635,0.610209584236145,0.0002998599084094167,-0.9703305959701538,0.45894482731819153,0.45662546157836914,0.3346664309501648,0.593904972076416
414,0.24892986761524033,0.745625,0.5204164909855076,1.0538337846810464e-05,-0.914293646812439,0.36487650871276855,0.29462262988090515,0.26031428575515747,0.5588672161102295,0.00040098410681821406,-0.9277445077896118,0.34295475482940674,0.23508889973163605,0.33404842019081116,0.4953101575374603
415,0.926060595276966,0.76375,0.28370561570833636,9.840678103500977e-06,-0.9286718368530273,0.37226757407188416,0.3156772553920746,0.28962382674217224,0.4504595100879669,0.00019247320597060025,-0.8432081341743469,0.4511406421661377,0.29766198992729187,0.2503257393836975,0.47981756925582886
416,0.8741918630914343,0.5793750000000001,0.22233122000204442,4.0713402995606884e-05,-0.9425151348114014,1.0774401426315308,0.20117270946502686,0.3965206742286682,0.39446142315864563,0.00028628972359001637,-0.9086282253265381,0.53721684217453,0.26224827766418457,0.38657328486442566,0.4342360496520996
417,0.053971940030699786,0.4721875,0.49361442718566695,1.603775490366388e-05,-1.0234041213989258,0.8099538683891296,0.21201257407665253,0.4379113018512726,0.4112207293510437,0.00021712423767894506,-0.9212685823440552,0.8098764419555664,0.4126313626766205,0.26684659719467163,0.5683954358100891
418,3.3894863841367133,0.4765625,0.18272558094196886,2.7119323931401595e-05,-1.0461504459381104,0.879686176776886,0.21267223358154297,0.24938395619392395,0.4002399444580078,0.0001745771151036024,-0.8865340948104858,0.39554616808891296,0.24075956642627716,0.29906100034713745,0.45155850052833557
419,0.057335044691843626,0.359375,0.37751056974305086,3.060782910324633e-05,-1.0043718814849854,0.2839421033859253,0.208439439535141,0.2941179573535919,0.42946571111679077,0.00010011716949520633,-0.8975428938865662,0.24288742244243622,0.1793203204870224,0.34928274154663086,0.3910946249961853
420,4.861245256945791,0.6681250000000001,-0.17355366937982158,3.2130057661561295e-05,-1.0715559720993042,0.3633304834365845,0.22009797394275665,0.32088810205459595,0.48838505148887634,0.0002998200652655214,-0.8103419542312622,0.5734961032867432,0.2858746647834778,0.19671741127967834,0.49940139055252075
421,17.35511076597167,0.7203125,0.22603408932623123,2.8269354515941814e-05,-1.0212287902832031,0.48795342445373535,0.2870801091194153,0.3014169931411743,0.49612289667129517,0.00022191079915501177,-0.8492421507835388,0.3307691812515259,0.23615124821662903,0.3311792016029358,0.4702562689781189
422,106.71943020885658,0.6381249999999999,0.23539642662319685,6.556859443662688e-05,-1.0836255550384521,0.47413191199302673,0.2598557472229004,0.32095953822135925,0.5342229008674622,0.000209177058422938,-0.8673529028892517,0.467668354511261,0.2214769721031189,0.3324602246284485,0.48463743925094604
423,0.08033369322400108,0.8465625000000001,0.5745318267462309,1.9307792172185145e-05,-1.0675811767578125,0.6916382312774658,0.3717402219772339,0.41118741035461426,0.5811446905136108,0.0003435240068938583,-0.8286632299423218,0.4322633743286133,0.23015978932380676,0.2863835394382477,0.5272616147994995
424,0.05616335999142177,0.670625,0.5448523023229507,2.5473193090874702e-05,-1.025156855583191,0.4416549503803253,0.37307578325271606,0.3100973963737488,0.5483164191246033,0.00018988286319654435,-0.8516240119934082,0.5527893304824829,0.21228370070457458,0.32503142952919006,0.4983171820640564
425,18.609103317564117,0.4453125,0.11067701844767655,2.2589234504266642e-05,-1.0346685647964478,1.1729836463928223,0.36709707975387573,0.28458911180496216,0.47210195660591125,0.00029947111033834517,-0.775378942489624,0.7860835790634155,0.29276567697525024,0.3133452236652374,0.5512852668762207
426,0.3211731071459247,0.3834375,0.13990010506771022,1.3476884305418935e-05,-0.9918230772018433,0.39710360765457153,0.35049664974212646,0.3252738118171692,0.5290000438690186,0.00017488581943325698,-0.8823400735855103,0.5085665583610535,0.35101979970932007,0.25837284326553345,0.5485101938247681
427,0.10732740267963095,0.46656249999999994,0.4506638792481993,8.410752343479544e-06,-0.9370856285095215,0.30301573872566223,0.2539438009262085,0.2955629825592041,0.5118225812911987,0.00011828749848064035,-0.9241104125976562,0.2937467694282532,0.22103002667427063,0.33392271399497986,0.4521702527999878
428,1.5906884223389408,0.7675000000000001,0.16788062145357915,1.2315103958826512e-05,-0.8534572124481201,0.42854195833206177,0.2872856855392456,0.19057250022888184,0.4889138340950012,0.000302744418149814,-0.8668978214263916,0.8847940564155579,0.22189562022686005,0.17252138257026672,0.4681502878665924
429,9.245275403996807,0.45718749999999997,0.020170602323029065,1.5312496543629095e-05,-0.9076560735702515,0.746624767780304,0.23658381402492523,0.3590109646320343,0.43056151270866394,0.00037318788236007094,-0.9752342700958252,0.21853671967983246,0.18839633464813232,0.3494688868522644,0.41404011845588684
430,0.1082186100903219,0.6059374999999999,0.3579565351720396,3.066459612455219e-05,-1.0244786739349365,0.8574280142784119,0.2432979941368103,0.42248690128326416,0.4525124430656433,0.00021670172282028943,-0.881269097328186,1.0808840990066528,0.2821517288684845,0.37984979152679443,0.5297272205352783
431,0.2597807340342292,0.45843749999999994,0.05683098689672521,4.416054071043618e-05,-1.0324095487594604,1.2794536352157593,0.2295357882976532,0.46228840947151184,0.4092938005924225,0.00028388993814587593,-0.9944607019424438,0.5106234550476074,0.29027923941612244,0.4022544026374817,0.5269879698753357
432,2.4150052440375807,0.8649999999999999,0.36410316252332076,9.105033313971944e-06,-1.0424517393112183,0.5236318111419678,0.3771170377731323,0.2902486324310303,0.6387681365013123,0.0001489033456891775,-0.9584930539131165,0.703205406665802,0.16513632237911224,0.4214358925819397,0.3480173647403717
433,0.7853071252483859,0.7768750000000001,0.45108766933104255,2.0788009351235814e-05,-1.0128705501556396,0.35250186920166016,0.29398834705352783,0.3120003044605255,0.5154327750205994,0.00019379712466616184,-0.9350128173828125,1.0993151664733887,0.3014479875564575,0.24354103207588196,0.5016178488731384
434,0.12920981504877466,0.4290625,0.32975011386291275,2.8568238121806644e-05,-1.0617570877075195,0.31551191210746765,0.23045726120471954,0.38098976016044617,0.45873185992240906,0.00034622708335518837,-0.9676921367645264,0.6864751577377319,0.19420695304870605,0.3113968074321747,0.4212343990802765
435,0.15911385266920308,0.7634375,0.3852926725264229,1.4164085769152734e-05,-1.0982601642608643,1.1303807497024536,0.3719383478164673,0.25380656123161316,0.4973510205745697,0.00015068569337017834,-0.9482257962226868,0.4892192780971527,0.309915155172348,0.3928111791610718,0.4549042582511902
436,0.48558404566409924,0.7106250000000001,0.25799990693770813,1.7440395822632127e-05,-1.07979416847229,0.9844858050346375,0.2445121705532074,0.26130807399749756,0.5342239141464233,0.00021991618268657476,-0.9180231094360352,0.6876358985900879,0.26264241337776184,0.3086664080619812,0.5129255056381226
437,0.1274452515971584,0.880625,0.4660933617923771,9.349932042823639e-06,-0.9649431705474854,0.6990763545036316,0.1534034162759781,0.3921079635620117,0.39573934674263,0.00019105826504528522,-0.8269315361976624,0.356866717338562,0.25064584612846375,0.28593558073043823,0.431182324886322
438,0.4912672771096226,0.31906249999999997,0.3299201238126006,1.714311474643182e-05,-1.0481317043304443,0.4465518891811371,0.21727663278579712,0.333209753036499,0.5296730995178223,0.00019220251124352217,-0.8476451635360718,0.31534886360168457,0.21166367828845978,0.2576885223388672,0.44503238797187805
439,0.582633946542515,0.553125,0.3453415005689905,2.530376696086023e-05,-1.0728192329406738,0.27173274755477905,0.3458312749862671,0.36134904623031616,0.5100903511047363,0.0009054818656295538,-0.7968785762786865,0.622188150882721,0.30757495760917664,0.21836580336093903,0.5395640730857849
440,0.28930209967680415,0.7578125,0.3340187528513037,1.8594924767967314e-05,-1.083215594291687,0.31247785687446594,0.3369334638118744,0.40390270948410034,0.46727612614631653,0.00027181129553355277,-0.8449193239212036,0.839797854423523,0.30507218837738037,0.3496171832084656,0.5147024393081665
441,0.9267810607220062,0.6303124999999999,0.1881451448067181,1.836896080931183e-05,-1.0195086002349854,0.38940128684043884,0.2714465260505676,0.3588078022003174,0.49147114157676697,0.0006408326444216073,-0.8862720727920532,0.39635148644447327,0.38032257556915283,0.2881512939929962,0.6226868629455566
442,0.456803370068983,0.4640625,0.1727895240804136,9.27311248233309e-06,-1.0098285675048828,0.6119540929794312,0.3151666224002838,0.27008116245269775,0.5035352110862732,0.000552968995179981,-0.8582776784896851,1.000304102897644,0.4791657626628876,0.32623815536499023,0.6454183459281921
443,9.046878068789646,0.615,0.2537208558358691,2.42093901761109e-05,-1.0799071788787842,0.301723450422287,0.23432329297065735,0.3770389258861542,0.3971582353115082,0.00044704979518428445,-0.9261699914932251,0.4626692831516266,0.24033892154693604,0.2975935935974121,0.46383872628211975
444,0.10612385329538751,0.436875,0.3777332483116016,1.5973169865901582e-05,-1.0545133352279663,0.9425997138023376,0.2591938376426697,0.46737247705459595,0.468207448720932,0.00045993804815225303,-0.809198260307312,0.5240231156349182,0.3328031897544861,0.2354709357023239,0.5358618497848511
445,8.871638138754832,0.8165624999999999,0.57205581692346,6.602891971851932e-06,-0.9556206464767456,0.3346685469150543,0.20770825445652008,0.27545541524887085,0.4633418321609497,0.0004892470897175372,-0.8008409738540649,0.571192741394043,0.2546409070491791,0.2586209177970886,0.5247225761413574
446,40.18970696439794,0.7440625,0.10349456992234929,1.3245162335806526e-05,-1.0537317991256714,0.7018924355506897,0.2782115042209625,0.382836252450943,0.5510050654411316,0.00022582459496334195,-0.9049414992332458,0.5175758004188538,0.3775895833969116,0.26320770382881165,0.5338391065597534
447,37.85667947208945,0.4390625,-0.048351063551965806,1.2122878615627997e-05,-0.9842638969421387,0.392191618680954,0.25402045249938965,0.2747949957847595,0.5333524346351624,0.0003512829716783017,-0.8578536510467529,0.9311007857322693,0.2613258361816406,0.3496250510215759,0.4313330054283142
448,0.04289036075826415,0.3828125,0.5043612998904753,1.3243934517959133e-05,-1.0173401832580566,0.5972831845283508,0.2799065113067627,0.2899155616760254,0.49867066740989685,0.00038599775871261954,-0.8808689117431641,0.7568682432174683,0.4246214032173157,0.21626897156238556,0.5576270222663879
449,0.24322059541904428,0.6259375,0.16178948220817344,5.028430314268917e-05,-1.0080838203430176,0.5100956559181213,0.2800052762031555,0.28371042013168335,0.5158396363258362,0.00021918366837780923,-0.9502502083778381,0.31701260805130005,0.27355656027793884,0.346855491399765,0.42252200841903687
450,0.06699479769062323,0.44875,0.3835733963534286,2.706586201384198e-05,-1.061387062072754,0.8347895741462708,0.30237728357315063,0.4561934471130371,0.4355962574481964,0.00044520595110952854,-0.9782983064651489,0.614149272441864,0.24968722462654114,0.41994231939315796,0.48927706480026245
451,0.0955761694895095,0.4675000000000001,0.3960567254439201,1.111966685130028e-05,-1.0183634757995605,0.4202788174152374,0.28801679611206055,0.3463698923587799,0.47914358973503113,0.0008867078577168286,-1.0725319385528564,0.5237395167350769,0.31241756677627563,0.37956732511520386,0.5172609686851501
452,0.07256384381131441,0.6431250000000001,0.33587964406185794,1.1649943189695477e-05,-1.0867342948913574,0.6710216999053955,0.17825251817703247,0.29580608010292053,0.45340150594711304,0.00023687341308686882,-0.9650867581367493,0.7329607605934143,0.2629569470882416,0.3124801516532898,0.418859601020813
453,1.02912971084086,0.6078125,0.18373494608697888,1.979107764782384e-05,-1.0339584350585938,0.961775541305542,0.29242902994155884,0.22114412486553192,0.42272624373435974,0.00102132314350456,-0.9334192276000977,0.902157187461853,0.392008513212204,0.24024413526058197,0.578284502029419
454,0.8620549659360239,0.7693749999999999,0.13021825402594156,7.576981715828879e-06,-1.0686275959014893,0.2587476372718811,0.19570034742355347,0.37247103452682495,0.4025472104549408,0.0005786253022961318,-0.945116400718689,0.7046719789505005,0.4712751507759094,0.31948938965797424,0.5198948979377747
455,0.04917242504358367,0.4715625000000001,0.46189433456515055,1.5836378224776126e-05,-1.0172078609466553,0.510279655456543,0.3631843328475952,0.3729257881641388,0.5203796029090881,0.0006026905030012131,-0.8435275554656982,0.3472038209438324,0.20854684710502625,0.30658090114593506,0.4381299912929535
456,7.201949449740278,0.7200000000000001,0.5508255981860591,1.3663118807016872e-05,-1.0078365802764893,0.8719708323478699,0.2237851917743683,0.39567041397094727,0.4631136357784271,0.0002605683112051338,-0.8890699148178101,0.45149049162864685,0.4048956334590912,0.2768189013004303,0.5103370547294617
457,0.12703397536769775,0.41500000000000004,0.13077153326259777,9.450419383938424e-06,-1.0344657897949219,0.27951085567474365,0.21300563216209412,0.36651670932769775,0.4079589247703552,0.0012460172874853015,-0.8888986110687256,1.1788816452026367,0.20749711990356445,0.4139717221260071,0.4160279333591461
458,0.35847113307940914,0.5209375,0.3713304887056986,9.269565452996176e-06,-1.0573532581329346,0.5422365665435791,0.4802016615867615,0.3066577613353729,0.7260216474533081,0.000520940579008311,-0.8791078329086304,1.1112207174301147,0.331886351108551,0.407436728477478,0.4482451379299164
459,0.10493425444733126,0.5118750000000001,0.39284332821732093,1.1715155778802e-05,-1.1110968589782715,0.2723737061023712,0.18693697452545166,0.37119972705841064,0.40980231761932373,0.00021932655363343656,-0.9151593446731567,0.4629901051521301,0.21793462336063385,0.3271329998970032,0.4732644855976105
460,0.03303055727514006,0.7003125,0.7932909109790633,1.3480589586833958e-05,-1.085517168045044,0.3723926842212677,0.2803855538368225,0.35284334421157837,0.4195956885814667,0.0004445440717972815,-0.8743928074836731,0.8301771879196167,0.32420143485069275,0.30950286984443665,0.5239953398704529
461,0.40612049136932304,0.5659375000000001,0.38199056803573367,2.191923158534337e-05,-1.0846219062805176,0.9679838418960571,0.30820804834365845,0.2517591118812561,0.446948379278183,0.0003125650400761515,-0.9528735280036926,0.48959940671920776,0.23386943340301514,0.3583945333957672,0.3934338688850403
462,0.40560403966622366,0.5215625,0.1678384404814093,5.635263732983731e-06,-1.0574976205825806,1.0277119874954224,0.24993403255939484,0.27240028977394104,0.45113515853881836,0.00042730229324661195,-0.9754053354263306,0.5590329170227051,0.270461767911911,0.29941684007644653,0.4538753628730774
463,0.12861717908243359,0.61875,0.4379078039142195,6.3539387156197336e-06,-1.044586420059204,0.5427121520042419,0.3224096894264221,0.37674838304519653,0.4569992125034332,0.00018522389291319996,-1.1289629936218262,0.4284636676311493,0.29535362124443054,0.376010537147522,0.49463504552841187
464,0.0565614864975049,0.8346875,0.6216614086642842,2.827999196597375e-05,-1.0032145977020264,0.5442679524421692,0.3979358971118927,0.33115968108177185,0.5126448273658752,8.168283966369927e-05,-0.9744069576263428,0.7559747099876404,0.4224579632282257,0.28151699900627136,0.6734675168991089
465,0.08762863751586276,0.66,0.4283801844760176,1.1872534741996787e-05,-0.9587657451629639,0.313361257314682,0.24784481525421143,0.31765004992485046,0.4269767999649048,0.0003438126004766673,-1.0836039781570435,0.28306329250335693,0.15006506443023682,0.4331699311733246,0.3258184492588043
466,6.31159290769998,0.73,0.20577726474747973,1.3291365576151293e-05,-1.0201950073242188,0.44599515199661255,0.4343128204345703,0.34778207540512085,0.4910139739513397,0.0001617744710529223,-0.9682343602180481,0.3137572407722473,0.18538044393062592,0.3296682834625244,0.37863844633102417
467,0.12187161032984577,0.7771874999999999,0.3211724799731157,1.475987573940074e-05,-1.0582585334777832,0.40506547689437866,0.2600674033164978,0.3849536180496216,0.43257224559783936,0.0001407660893164575,-1.0877772569656372,0.49472054839134216,0.18893703818321228,0.374098002910614,0.4490410089492798
468,1.0581508856732493,0.8099999999999999,0.22498877195354083,1.0287917575624306e-05,-1.015702247619629,0.34988394379615784,0.2922741174697876,0.3455865979194641,0.4751526415348053,0.0002473274653311819,-1.0990720987319946,1.3026692867279053,0.39796170592308044,0.298656165599823,0.545733630657196
469,0.155739099040985,0.4206250000000001,0.3551451228879693,8.596494808443822e-06,-1.1459585428237915,0.7084766626358032,0.2971992492675781,0.4207903742790222,0.5097830295562744,0.00016670023615006357,-0.9758098721504211,0.6329454779624939,0.2348649799823761,0.39857956767082214,0.4632275700569153
470,0.2381555163487307,0.6,0.24957751147882012,1.8238344637211412e-05,-1.102552890777588,1.2086414098739624,0.2814539670944214,0.4446645975112915,0.5203125476837158,0.0003219206409994513,-0.9935722947120667,0.7240073084831238,0.2658773362636566,0.41953855752944946,0.447685182094574
471,0.25598611885436584,0.47937499999999994,0.2150544689689157,8.764012818573974e-06,-1.0862828493118286,0.37112587690353394,0.27411192655563354,0.3828224539756775,0.4305839240550995,0.00016627971490379423,-0.9908410906791687,0.32212916016578674,0.2357950359582901,0.3287580609321594,0.47215867042541504
472,0.11789603843622283,0.5650000000000001,0.3842894419451377,7.61199908083654e-06,-1.1001275777816772,0.7758381366729736,0.3949988782405853,0.2937673330307007,0.5816939473152161,0.000276587757980451,-1.1270344257354736,1.180359125137329,0.33824312686920166,0.33543938398361206,0.47036391496658325
473,0.3388307907143841,0.4153124999999999,0.15333008980209642,9.897930794977583e-06,-1.1980311870574951,0.4763862192630768,0.18045979738235474,0.42617326974868774,0.4410581588745117,0.00015467464982066303,-0.9770500659942627,0.3343416154384613,0.37360480427742004,0.36007171869277954,0.543864905834198
474,0.060502464856508634,0.4959375,0.5323412876290474,2.8028229280607775e-05,-1.084124207496643,0.30820733308792114,0.21188855171203613,0.34223636984825134,0.3961068391799927,0.00010291652142768726,-1.0248466730117798,0.628588855266571,0.15357384085655212,0.4404555857181549,0.3721236288547516
475,0.12437917758034964,0.5240625,0.3807577635814293,5.641546977130929e-06,-1.1507830619812012,0.9507820010185242,0.2739441394805908,0.3050916790962219,0.4447963535785675,0.00022329195053316653,-0.9496872425079346,0.4638192653656006,0.2512456178665161,0.3393184542655945,0.509461522102356
476,0.061619597581888154,0.7621874999999999,0.5314383253310329,1.18327843665611e-05,-1.1105552911758423,0.40315917134284973,0.2030341625213623,0.34712114930152893,0.4065239131450653,0.00011324433580739424,-0.9160346984863281,0.5182610154151917,0.3118070363998413,0.33593735098838806,0.49433407187461853
477,0.11116626357350731,0.5646875,0.34692875494123937,1.5903844541753642e-05,-1.1002357006072998,1.1073378324508667,0.26996198296546936,0.27709436416625977,0.5145897269248962,0.0001764587068464607,-0.9449199438095093,0.20363369584083557,0.19580592215061188,0.3407787084579468,0.3935903012752533
478,0.10035151677823098,0.5103125,0.5491552948943392,6.657105132035213e-06,-1.0466238260269165,0.5434297919273376,0.3680359721183777,0.3049924969673157,0.5378044247627258,0.0005079075344838202,-1.0282952785491943,0.8887438774108887,0.28067663311958313,0.39765238761901855,0.4329324960708618
479,0.2661013219506,0.7418750000000001,0.3393608293180875,6.022181423759321e-06,-0.9807213544845581,0.4411516487598419,0.4636279046535492,0.2611428201198578,0.6125948429107666,0.00033587522921152413,-0.8804919719696045,0.5930944681167603,0.3717721998691559,0.2613966464996338,0.4759467542171478
480,0.041123502593951713,0.32875,0.4422505952436195,1.449985120416386e-05,-1.0019745826721191,0.5583449602127075,0.2790638208389282,0.3294619917869568,0.3785998821258545,0.0005761886714026332,-0.8335952758789062,1.2334305047988892,0.551464855670929,0.13209334015846252,0.7194655537605286
481,0.27515709186970244,0.7159375,0.2926465923619275,6.275834493862931e-06,-0.9668878316879272,0.5318659543991089,0.39720144867897034,0.3367021083831787,0.5554331541061401,0.0004966697306372225,-0.9898777008056641,0.4728204905986786,0.28378826379776,0.3491837978363037,0.5611335635185242
482,0.7107716735925488,0.7421875,0.1727048135297969,1.1875308700837195e-05,-0.9486062526702881,0.7261744737625122,0.2782418727874756,0.29469144344329834,0.47407689690589905,0.00022070965496823192,-1.0774072408676147,0.5674094557762146,0.42877209186553955,0.40611255168914795,0.4632844626903534
483,0.2297169625601408,0.5396875,0.5420413782432085,5.6334943110414315e-06,-0.976679265499115,0.4641784131526947,0.2820782959461212,0.28627464175224304,0.5153388381004333,0.00023455377959180623,-1.0192358493804932,0.7244782447814941,0.2317769080400467,0.25442031025886536,0.41527804732322693
484,0.11191972981265748,0.6953125,0.4884100305107889,1.7995264443015913e-06,-0.9633463025093079,0.7513396143913269,0.2216949164867401,0.3152157664299011,0.4231894016265869,0.0008320940542034805,-0.9430795907974243,0.5052108764648438,0.3507824242115021,0.34227341413497925,0.5096378326416016
485,0.22669025729460107,0.545625,0.21097145039249582,1.1708310921676457e-05,-0.9630031585693359,0.9922400116920471,0.2045900672674179,0.3280434012413025,0.40672677755355835,0.0002535365638323128,-1.0197714567184448,0.3655332624912262,0.301560640335083,0.3377131223678589,0.48062679171562195
486,0.20988409785542372,0.45,-0.06515268358128548,1.5102457837201655e-05,-1.082033395767212,1.253248929977417,0.30496057868003845,0.40377554297447205,0.5662088394165039,0.00024030424538068473,-1.0012400150299072,0.29830843210220337,0.21659301221370697,0.3590499758720398,0.3542810082435608
487,0.11043483418134421,0.7250000000000001,0.4261792921120858,2.3576156308990903e-05,-1.1078591346740723,0.43069109320640564,0.4394025504589081,0.3233848512172699,0.5454552173614502,0.0005305482191033661,-0.9143098592758179,0.5663857460021973,0.36279159784317017,0.28940895199775696,0.5683175921440125
488,0.2882898655905338,0.36468750000000005,-0.06930911114329676,1.4018975889484864e-05,-1.1914087533950806,0.6487802267074585,0.35575103759765625,0.31265026330947876,0.5000222325325012,0.00019023337517865002,-1.021765112876892,0.6757296323776245,0.34039533138275146,0.34938883781433105,0.5277471542358398
489,0.7930072660316344,0.7659374999999999,0.3108844063529642,1.3910264897276647e-05,-1.1914070844650269,0.9451311230659485,0.5136203169822693,0.3283495306968689,0.5663439035415649,0.00026098484522663057,-0.9540619254112244,0.6733601093292236,0.15614169836044312,0.3655846118927002,0.3203941583633423
490,0.08001622453169609,0.7778125,0.41294239029963337,4.746431386593031e-06,-1.199457049369812,0.7674775719642639,0.31755611300468445,0.4492054879665375,0.41086357831954956,0.00014001017552800477,-1.0626386404037476,0.5638925433158875,0.19878748059272766,0.4287983477115631,0.38618960976600647
491,2.275425836318505,0.53875,0.14288465181122412,2.418449912511278e-05,-1.1181738376617432,1.8921786546707153,0.5052157044410706,0.16581355035305023,0.5297213792800903,0.00025022742920555174,-0.9759141802787781,0.7951191663742065,0.49268561601638794,0.2452177256345749,0.6039338707923889
492,0.09155236570428076,0.6528124999999999,0.24358492280745708,4.044728029839462e-06,-1.0683730840682983,0.29382291436195374,0.22230422496795654,0.32121512293815613,0.4436403214931488,7.402588380500674e-05,-0.9683522582054138,0.26203635334968567,0.17814625799655914,0.30978652834892273,0.42575395107269287
493,0.08747472052879501,0.4415625,0.3913953029696874,1.4944529539206997e-05,-1.2261648178100586,0.7493495941162109,0.2711035907268524,0.3480736315250397,0.5041950941085815,0.00036816258216276765,-0.9967889785766602,0.7752252221107483,0.2996547818183899,0.3816590905189514,0.5278539061546326
494,17.304137936350656,0.7178125000000001,0.3175305199662261,1.256417999684345e-05,-1.125045895576477,0.7345080375671387,0.37463268637657166,0.2933692932128906,0.4902963638305664,0.0001084306713892147,-0.8815820217132568,0.5373395085334778,0.5547171831130981,0.23718681931495667,0.5974721312522888
495,0.04612456786974563,0.7675,0.536510834205196,9.624734957469627e-06,-1.0962538719177246,0.45194217562675476,0.2378256767988205,0.31364160776138306,0.39395299553871155,0.00019161778618581593,-1.003683090209961,0.35056838393211365,0.2199266254901886,0.3500064015388489,0.4344876706600189
496,0.41977356033047714,0.43687499999999996,0.21699539497272644,5.512156349141151e-06,-1.0517137050628662,0.9386343955993652,0.1857578456401825,0.4360653758049011,0.32469987869262695,0.00030588603112846613,-1.0500426292419434,0.3015596866607666,0.1691514402627945,0.37849411368370056,0.3568498492240906
497,0.09762095104706674,0.38656250000000003,0.249718996001203,7.93776871432783e-06,-0.9793065786361694,0.5258811712265015,0.21773689985275269,0.3001560568809509,0.40877795219421387,0.00012098635488655418,-1.076157569885254,0.5091231465339661,0.3170187175273895,0.3150738477706909,0.5522333383560181
498,0.19833523477138357,0.496875,0.012935903662831169,5.018765477871057e-06,-1.082631230354309,0.5057249069213867,0.2728123366832733,0.367340624332428,0.44798392057418823,0.0002694709983188659,-1.0486958026885986,0.2329937070608139,0.14078602194786072,0.33701011538505554,0.33516573905944824
499,0.13323607888276617,0.7915625000000001,0.3606663572713236,3.7765248634968884e-06,-1.0324907302856445,0.8961230516433716,0.2245807647705078,0.4044901132583618,0.36157745122909546,0.00019332201918587089,-0.980035126209259,0.621665358543396,0.2922123968601227,0.2759619653224945,0.4676720201969147
500,0.08288720655130884,0.6184375,0.4007871731854241,1.9699358745128848e-05,-1.0623153448104858,0.5363890528678894,0.4229341149330139,0.2714455723762512,0.5262876749038696,0.00010709159687394276,-0.9384544491767883,0.5043901801109314,0.21695055067539215,0.3297601044178009,0.40644964575767517
501,0.1949895926554742,0.5259375,0.12792355224443747,4.4173311835038476e-06,-1.0666368007659912,0.4918951988220215,0.28848549723625183,0.3207206130027771,0.5096657872200012,0.0001168494563899003,-1.0263135433197021,0.475337952375412,0.21554118394851685,0.3646112084388733,0.47654974460601807
502,0.23788567698047566,0.6553125,0.2784986251655087,5.5098139455367345e-06,-1.1554267406463623,0.30385592579841614,0.2216266244649887,0.3343113660812378,0.40875929594039917,0.00014451202878262848,-0.9319178462028503,0.9803343415260315,0.15748116374015808,0.38692131638526917,0.35626158118247986
503,0.062422882021539935,0.3921875,0.21561992375796796,6.991278041823534e-06,-1.1156361103057861,0.3242568075656891,0.27516230940818787,0.28292179107666016,0.5282907485961914,0.00012709911970887333,-1.0065269470214844,0.5706772208213806,0.27674320340156555,0.3691815137863159,0.5187453031539917
504,6.153916183713864,0.8243750000000001,0.0371933519687624,2.7461062472866615e-06,-1.1358435153961182,0.4091109335422516,0.2578986883163452,0.323395699262619,0.39102354645729065,0.000309703522361815,-1.0282692909240723,0.46665406227111816,0.2479342371225357,0.3130493462085724,0.48032689094543457
505,23.556039737173265,0.4934374999999999,0.2086136345518342,3.896072030329378e-06,-1.1309144496917725,0.3235447108745575,0.2349967211484909,0.3556504547595978,0.4014344811439514,0.00016404743655584753,-0.9744240045547485,0.9381207823753357,0.43719518184661865,0.22789950668811798,0.5787124633789062
506,0.5511889688244461,0.4609375,0.013766715617863957,4.542539045360172e-06,-1.0831990242004395,0.4614585340023041,0.33926019072532654,0.3075910806655884,0.5740081071853638,0.00020116250379942358,-1.0744613409042358,0.5104910135269165,0.2829713225364685,0.3514658212661743,0.47736912965774536
507,59.225943182335506,0.688125,0.22313707375541297,6.0418183238653e-06,-1.1598058938980103,0.4959152638912201,0.17648276686668396,0.35361605882644653,0.3716941177845001,0.00019944745872635394,-0.9876177310943604,0.6115254163742065,0.4470177888870239,0.30470001697540283,0.6664007306098938
508,0.5255587808558129,0.385625,0.2512707171032453,3.892470886057708e-06,-1.1082754135131836,0.4635414481163025,0.34117037057876587,0.36119914054870605,0.5123921632766724,0.0003695954801514745,-0.9761667847633362,0.6674379110336304,0.2703496515750885,0.2991391122341156,0.3854977786540985
509,79.73959841628132,0.785625,-0.5206093992844799,9.533900083624758e-06,-1.2297325134277344,1.187292456626892,0.6485537886619568,0.29495376348495483,0.6556219458580017,0.0005252404953353107,-1.046762466430664,0.360566645860672,0.27639761567115784,0.3420203924179077,0.506945788860321
510,0.5472020406035909,0.8168749999999999,0.5688290338290993,9.966235666070133e-05,-1.0346107482910156,0.325385719537735,0.32646191120147705,0.28057631850242615,0.5074591636657715,8.113843068713322e-05,-0.9615503549575806,1.1829009056091309,0.7451120615005493,0.20043642818927765,0.8474984169006348
511,2.5714332348023197,0.72875,0.2248258617573906,7.698410627199337e-06,-1.0923044681549072,0.49761971831321716,0.3649250268936157,0.2796502709388733,0.5684033632278442,0.00029810951673425734,-0.9091290831565857,0.39773574471473694,0.2261689007282257,0.28855398297309875,0.49064385890960693
512,0.1259554700754083,0.478125,0.32697680600513773,6.137473974376917e-06,-1.0911415815353394,0.3459966480731964,0.19728125631809235,0.328632116317749,0.3667648732662201,0.0002930721384473145,-0.9936895966529846,0.5323736667633057,0.20826455950737,0.37096649408340454,0.3625802993774414
513,0.04839488710525056,0.7931250000000001,0.7727172541193992,6.335606030916097e-06,-1.1040846109390259,0.6085962057113647,0.25084388256073,0.3660539388656616,0.503097653388977,0.00013498502084985375,-0.9265560507774353,0.9157792329788208,0.24092254042625427,0.3329826891422272,0.4019727110862732
514,0.07829024690426856,0.7575,0.6185421503600764,2.7585219868342392e-06,-1.0880978107452393,0.47577017545700073,0.26180869340896606,0.25522172451019287,0.4415866434574127,0.00033904521842487156,-0.9347645044326782,0.9872446656227112,0.28062036633491516,0.3460162580013275,0.40584826469421387
515,0.5277670830889036,0.8018750000000001,0.4737255308629343,1.2453706403903197e-05,-1.146981120109558,0.5114822387695312,0.31821951270103455,0.3471739888191223,0.49232420325279236,0.00010236915841232985,-0.9924347996711731,0.3179265856742859,0.21943554282188416,0.3127570152282715,0.41716817021369934
516,3.4040361511056174,0.8306250000000001,0.23560034259596296,8.26446648716228e-06,-0.9507774710655212,0.5269638895988464,0.35776787996292114,0.2644811272621155,0.5393100380897522,0.00021494987595360726,-1.0699270963668823,0.39793282747268677,0.351087361574173,0.3289678990840912,0.5769740343093872
517,1.660789319104072,0.45999999999999996,0.2159390279895804,4.851445737585891e-06,-1.0851926803588867,0.6836977005004883,0.39348742365837097,0.3174974322319031,0.43436187505722046,7.943953096400946e-05,-1.0400203466415405,0.5079951286315918,0.37233883142471313,0.3020448088645935,0.5748649835586548
518,0.07486779506075,0.5275000000000001,0.3750060489513052,8.739806617086288e-06,-1.0324172973632812,0.5100592374801636,0.2540050745010376,0.30430835485458374,0.4836644232273102,0.0002460045798216015,-1.016857385635376,0.3309006690979004,0.23014162480831146,0.3860883116722107,0.4216984808444977
519,0.10373103833734246,0.6434374999999999,0.3657815444248437,5.16989393872791e-06,-1.141200304031372,0.40693387389183044,0.19705449044704437,0.30551207065582275,0.4958491325378418,0.00012261846859473735,-0.9608014225959778,0.6902317404747009,0.30287566781044006,0.33072227239608765,0.471280574798584
520,0.5051652198302781,0.5159375,0.12767886441523874,3.007044142577797e-06,-0.978594183921814,0.47894349694252014,0.27159830927848816,0.17961226403713226,0.5547257661819458,0.0003824460436590016,-1.1281788349151611,0.30998316407203674,0.27797001600265503,0.39977842569351196,0.4553065299987793
521,0.3639960675635203,0.7403124999999999,0.49268002176084646,9.757343832461629e-06,-1.101222038269043,0.4248628318309784,0.31831949949264526,0.26104068756103516,0.5750945806503296,0.00013130040315445513,-1.1450356245040894,0.5880026817321777,0.18726874887943268,0.38001370429992676,0.37115412950515747
522,0.05637708923876322,0.4809375,0.43738012550581795,3.915522938768845e-06,-1.1849398612976074,0.48569345474243164,0.30218252539634705,0.35045239329338074,0.47241079807281494,0.00014612633094657212,-0.9880349636077881,0.4912697970867157,0.16293291747570038,0.3403893709182739,0.3876166343688965
523,1.6447390091232497,0.850625,0.21293476352597232,5.462489298224682e-06,-1.1944258213043213,0.32076093554496765,0.24725580215454102,0.3335987329483032,0.4788258671760559,0.0002256899024359882,-1.120367169380188,0.6805901527404785,0.2544279396533966,0.29952841997146606,0.5100392699241638
524,0.3010691147996667,0.44437499999999996,0.05257460747791397,6.472054337791633e-06,-1.067999005317688,1.1169785261154175,0.6244182586669922,0.20001190900802612,0.7309689521789551,0.0003083443734794855,-1.1198596954345703,0.6263259649276733,0.39377361536026,0.32479625940322876,0.5634878873825073
525,1.201271380203677,0.6509375000000001,0.0384237556740286,7.02171803368401e-07,-1.0932753086090088,0.48035740852355957,0.33482420444488525,0.32385048270225525,0.5637359619140625,0.00013008849055040628,-1.1792938709259033,0.7829489707946777,0.3438259959220886,0.3465009927749634,0.5769416093826294
526,0.059081187276504785,0.8359375,0.4830936943229768,6.565018338733353e-06,-1.0650618076324463,0.5145796537399292,0.2226700484752655,0.3272879123687744,0.40062108635902405,0.00017787043179851025,-1.003010630607605,0.8453543782234192,0.5183382034301758,0.23234379291534424,0.7558072209358215
527,0.036537989613116995,0.6756249999999999,0.7327246466568161,1.0308440323569812e-06,-1.1368017196655273,0.2819787263870239,0.14884285628795624,0.3494234085083008,0.35445380210876465,0.00023810243874322623,-0.9717684984207153,0.578372597694397,0.27731558680534363,0.2761591076850891,0.49385422468185425
528,0.42888888132008096,0.44562500000000005,0.4580317584884632,8.496647751599085e-06,-1.0856059789657593,0.5832451581954956,0.5288115739822388,0.24621480703353882,0.5855057835578918,0.0003408216580282897,-0.9086560010910034,0.4785439372062683,0.25173020362854004,0.3351040184497833,0.4499278664588928
529,4.770205237402282,0.6265625,0.1971066229094573,4.035295205540024e-06,-1.0938504934310913,0.48284289240837097,0.22229862213134766,0.3540252447128296,0.4877470135688782,0.0009107867954298854,-1.007873773574829,0.49423643946647644,0.3649568259716034,0.2663503885269165,0.5561532378196716
530,0.12555694597652006,0.40843749999999995,-0.015639773365767926,8.135662938002497e-06,-1.14274001121521,0.3443334102630615,0.37469738721847534,0.32135826349258423,0.5075806379318237,0.00037483705091290176,-0.9146679043769836,0.5752373933792114,0.29980528354644775,0.2476668357849121,0.49455803632736206
531,0.051527079953522584,0.39625000000000005,0.4216354175919742,1.7746306184562854e-06,-1.2199097871780396,0.9637606143951416,0.51748126745224,0.2595444917678833,0.682269811630249,0.0009153471910394728,-0.9050509929656982,1.7480050325393677,0.19153299927711487,0.3619539737701416,0.4791162610054016
532,0.04001161448729077,0.4259375,0.44336093631838197,2.7902176498173503e-06,-1.0957733392715454,1.0741863250732422,0.45843827724456787,0.2915537357330322,0.4603554606437683,0.00017639655561652035,-0.9107953906059265,1.6836631298065186,0.460460364818573,0.2849355936050415,0.7230401635169983
533,0.06084187082410412,0.6959375,0.6905476677779401,2.933724999820697e-06,-1.0129761695861816,0.7895756959915161,0.359347939491272,0.21495287120342255,0.5104251503944397,0.00016053771832957864,-0.9553745985031128,1.2909380197525024,0.2892863154411316,0.34943732619285583,0.49710389971733093
534,0.21791488448413202,0.695625,0.28921875888897813,8.551456630812027e-06,-1.0777777433395386,0.6041910648345947,0.2291395366191864,0.3428950607776642,0.4727487862110138,0.00024125644995365292,-1.2432842254638672,1.119703769683838,0.25684529542922974,0.44994431734085083,0.47781646251678467
535,105.02000679894142,0.7837500000000001,0.30484863148881713,5.8868026826530695e-06,-0.9798625111579895,0.6564241647720337,0.37165188789367676,0.28955602645874023,0.5015687346458435,0.0004970200825482607,-1.2335941791534424,0.6021236181259155,0.3836022615432739,0.3789699673652649,0.48054277896881104
536,30.091296346320625,0.6203125,-0.022267849332836424,2.6008776785602095e-06,-1.0909351110458374,1.0143253803253174,0.2641107439994812,0.39007246494293213,0.5118748545646667,0.000668946304358542,-1.0366218090057373,0.41734445095062256,0.24458974599838257,0.3082631528377533,0.45130759477615356
537,3.186112064183449,0.73125,0.3375823220695252,2.650659553182777e-06,-1.0047225952148438,1.3666237592697144,0.26147401332855225,0.3918907046318054,0.39320847392082214,0.00018967344658449292,-1.1792305707931519,1.4182331562042236,0.3812599182128906,0.2940575182437897,0.5008565187454224
538,0.0731730881708486,0.36187500000000006,0.384878373800835,4.625742349162465e-06,-1.1690940856933594,0.4504360854625702,0.36356350779533386,0.29632624983787537,0.5496343970298767,0.0007247160538099706,-1.0954397916793823,1.0094815492630005,0.18740633130073547,0.3005666136741638,0.3598642349243164
539,0.1313854333695707,0.809375,0.572322887623872,2.629670461828937e-06,-1.1745965480804443,0.6032035946846008,0.2953634262084961,0.35770314931869507,0.4782010316848755,0.0004784716584254056,-1.1448286771774292,0.5606018900871277,0.2834019064903259,0.3837727904319763,0.49830400943756104
540,0.07575017947358761,0.49812499999999993,0.5534177861702767,1.8407392872177297e-06,-1.2428357601165771,1.3508001565933228,0.19607800245285034,0.5009062886238098,0.39849016070365906,0.00029319903114810586,-1.1692066192626953,0.9294502139091492,0.2639291286468506,0.36644476652145386,0.4282260835170746
541,0.15739630941703847,0.593125,0.2503883426847923,2.6583406906866003e-06,-1.2187188863754272,0.565087616443634,0.3306152820587158,0.34190699458122253,0.5189708471298218,0.00026481400709599257,-1.097057580947876,0.4934384226799011,0.16046862304210663,0.3320430815219879,0.40349504351615906
542,0.3296295690750224,0.6153124999999999,0.41315711417025935,2.0335962744866265e-06,-1.4851315021514893,0.6601989269256592,0.22384484112262726,0.4679086208343506,0.5291637778282166,0.0011101036798208952,-1.086524486541748,1.1733636856079102,0.2285839319229126,0.2841755151748657,0.46589353680610657
543,0.260138979647059,0.659375,0.39543640947031405,3.305281552457018e-06,-1.1862354278564453,0.469458669424057,0.1633090078830719,0.3489743769168854,0.3896803855895996,0.0001518401550129056,-1.1201708316802979,0.5929571390151978,0.2903082072734833,0.3661521077156067,0.5075958371162415
544,0.07055728381747821,0.7290625000000001,0.47163602642737457,4.617238118953537e-06,-1.3267772197723389,0.8598349690437317,0.2667705714702606,0.38366425037384033,0.45535990595817566,0.0003986771043855697,-0.9552024602890015,0.5507361888885498,0.23772625625133514,0.31041836738586426,0.4155474007129669
545,0.4075414749390318,0.42375000000000007,0.3133649041443244,1.5503292161156423e-06,-1.3483176231384277,1.875515341758728,0.35393503308296204,0.33190256357192993,0.3893147110939026,0.00029923542751930654,-0.9501573443412781,1.7872090339660645,0.31277328729629517,0.4174741506576538,0.5262942910194397
546,0.06606622973196023,0.40125,0.28028751174318745,4.325110239733476e-06,-1.2172634601593018,0.9127739071846008,0.30911386013031006,0.33769282698631287,0.4577442705631256,0.0005805016844533384,-1.0429935455322266,1.0319023132324219,0.2148405909538269,0.40074533224105835,0.39371156692504883
547,47.86551848903132,0.7146874999999999,0.322510551227448,3.200024730176665e-05,-1.2344894409179688,0.48197466135025024,0.1973980963230133,0.4615429639816284,0.4195055067539215,0.000574793026316911,-1.003007411956787,0.6707731485366821,0.24850693345069885,0.22755469381809235,0.447674036026001
548,0.23304265396510812,0.7440625000000001,0.4501250358716339,5.86746466524346e-07,-1.0659701824188232,0.2558457851409912,0.17826713621616364,0.3003426790237427,0.4072331488132477,0.00027874528313986957,-0.9916092753410339,0.6700413823127747,0.3659598231315613,0.20681852102279663,0.6154652237892151
549,2.9967559003089237,0.6068749999999999,0.06752259333172764,1.374687371935579e-06,-1.1507670879364014,0.34809672832489014,0.22669386863708496,0.35932180285453796,0.5157185196876526,0.0006895185797475278,-1.0523161888122559,0.4810812771320343,0.18917180597782135,0.2858731746673584,0.4338170289993286
550,610.3644241663659,0.7681250000000001,-0.08499002539375529,4.431695288076298e-06,-1.1678776741027832,0.8742138147354126,0.24372144043445587,0.38765236735343933,0.5257194638252258,0.00039705075323581696,-1.0397093296051025,0.4293227195739746,0.23664134740829468,0.2948024570941925,0.4660664498806
551,0.15435756929456532,0.74875,0.400792743700244,4.1713769860507455e-06,-1.067795991897583,0.5402368307113647,0.3442367613315582,0.24745239317417145,0.5379871726036072,0.00021009522606618702,-0.9792580604553223,0.7019374966621399,0.22863617539405823,0.33089107275009155,0.3984094262123108
552,0.1688709631287308,0.70875,0.27958763459798297,3.705398512465763e-06,-1.1065747737884521,0.7444490790367126,0.4195977449417114,0.23162411153316498,0.5611396431922913,0.0007459777989424765,-1.012634038925171,0.6044736504554749,0.3949066400527954,0.31756752729415894,0.60682612657547
553,0.11178327537695217,0.5640625,0.30359630366028634,5.483182690113608e-07,-1.0341591835021973,1.3394856452941895,0.46993404626846313,0.3421671986579895,0.6249497532844543,0.0005541042191907763,-0.8898616433143616,0.5280853509902954,0.34697139263153076,0.2596561908721924,0.5301336646080017
554,44.546128273832764,0.8149999999999998,-0.020130983137705116,4.105303560208995e-06,-0.9795547723770142,0.5488398671150208,0.33734315633773804,0.2264081835746765,0.4760466516017914,0.00023949219030328095,-1.14723801612854,0.8204824924468994,0.20664145052433014,0.4388998746871948,0.4343940317630768
555,0.051221930403076744,0.41968750000000005,0.4265385432482419,2.374828909523785e-06,-1.0285588502883911,0.7520929574966431,0.33158934116363525,0.35612067580223083,0.483845591545105,0.0001643787691136822,-0.9794552326202393,0.6101670861244202,0.3850562870502472,0.2274695336818695,0.5460414290428162
556,11.505718331500843,0.6465625,0.2668905083120328,1.7577398239154718e-06,-1.1772652864456177,0.5674706101417542,0.2986590564250946,0.3408792018890381,0.49402129650115967,0.00038290012162178755,-1.1728081703186035,0.5271178483963013,0.42643633484840393,0.3643496334552765,0.5644010305404663
557,0.03017350761954814,0.8065625000000001,0.8477020220588767,1.0419395039207302e-05,-1.062896966934204,0.7347649335861206,0.38582849502563477,0.2117321491241455,0.5558876991271973,0.00024390550970565528,-1.11928129196167,0.5091784596443176,0.3260228931903839,0.36257871985435486,0.5426450371742249
558,0.6761006498432199,0.4334375,0.21667884111834282,7.676262043787574e-07,-1.0333976745605469,0.44487249851226807,0.31920668482780457,0.27530938386917114,0.4371909201145172,0.0003518274752423167,-1.1786725521087646,0.4176562428474426,0.30127865076065063,0.37826719880104065,0.4922710657119751
559,0.08661287119460563,0.5465625000000001,0.3323905421416079,1.7138331713795196e-06,-1.1910873651504517,0.4942883551120758,0.31910884380340576,0.34691551327705383,0.4826394319534302,7.586223364342004e-05,-1.1053545475006104,0.46945372223854065,0.3102411925792694,0.2930670380592346,0.4961640536785126
560,15.46672354353905,0.6575000000000001,0.23201993293456646,3.7816496387677034e-06,-1.1575528383255005,1.049390196800232,0.19817590713500977,0.41547971963882446,0.4020770192146301,0.00015044481551740319,-1.0625839233398438,0.9442949295043945,0.15446457266807556,0.35329800844192505,0.41128820180892944
561,1.7673600100076474,0.6943750000000001,-0.037469552635393345,1.625490767764859e-06,-1.2664053440093994,0.5312829613685608,0.20172901451587677,0.4024844169616699,0.42745620012283325,0.0001280399301322177,-1.0658891201019287,0.628352701663971,0.34507596492767334,0.2811519503593445,0.5383582711219788
562,0.17744093110615078,0.6503125000000001,0.3203066811075482,3.7006034290243406e-06,-1.1379737854003906,0.36007967591285706,0.2499116212129593,0.28661003708839417,0.42813435196876526,0.00018625178199727088,-1.00812828540802,0.5069414973258972,0.28785204887390137,0.2586996555328369,0.5778443813323975
563,0.13063982072086505,0.46687500000000004,0.35493271294189055,3.3494497984065674e-06,-1.2468968629837036,0.8894274830818176,0.28219178318977356,0.29682183265686035,0.4991682469844818,0.00014523319259751588,-1.071924090385437,0.6623069047927856,0.3507981300354004,0.32949912548065186,0.5865457653999329
564,0.10570088534644102,0.79875,0.4468765906966219,1.3594598158306326e-06,-1.3435733318328857,0.2691819965839386,0.16044840216636658,0.4141787886619568,0.4428849518299103,0.00040314579382538795,-1.102914571762085,0.4392647445201874,0.22166836261749268,0.3203352391719818,0.4243914783000946
565,0.27960906339595565,0.7962499999999999,0.685650022891007,1.3887582781535457e-06,-1.2684276103973389,0.34642496705055237,0.163883775472641,0.3804600238800049,0.3538445830345154,0.00017101166304200888,-1.1380349397659302,0.7875990271568298,0.4370175898075104,0.26001739501953125,0.5642935037612915
566,0.30818255289854923,0.80375,0.14086837856047602,1.6065939689724473e-06,-1.2218276262283325,0.512877345085144,0.3155433237552643,0.3466242849826813,0.4922255277633667,0.0008515419322066009,-0.962230920791626,0.9058269262313843,0.31939542293548584,0.18863417208194733,0.5678579211235046
567,0.0836369059355001,0.6884375,0.35581155203705755,2.448485020067892e-06,-1.1708601713180542,0.6242091059684753,0.43960630893707275,0.29711320996284485,0.6393346786499023,0.00024239694175776094,-1.1403387784957886,0.7921565175056458,0.2389085292816162,0.424044668674469,0.4611281156539917
568,0.0634424456192053,0.5912499999999999,0.4737225423162534,1.1103051065219915e-06,-1.2765356302261353,0.8462266325950623,0.35468339920043945,0.3317355215549469,0.5242207646369934,0.00023521180264651775,-1.1174805164337158,0.42346933484077454,0.18456126749515533,0.3906629979610443,0.4348129332065582
569,0.06117413256095559,0.5559375,0.5564213003637192,1.8334629885430331e-06,-1.0827131271362305,0.8508955836296082,0.3111284375190735,0.2601359784603119,0.4245111048221588,0.00012245430843904614,-0.9540657997131348,0.5862031579017639,0.36774322390556335,0.24512463808059692,0.5916321873664856
570,43.49351419384667,0.68125,0.16270083840162938,4.004212314612232e-06,-1.2919212579727173,0.7992091178894043,0.34032881259918213,0.312938392162323,0.5025660395622253,0.00013595912605524063,-1.1704788208007812,1.332297682762146,0.23439854383468628,0.47358885407447815,0.43366432189941406
571,0.45733873725117624,0.7115625,0.25695783732139044,2.1012247088947333e-06,-1.135257363319397,1.300879955291748,0.24250420928001404,0.4175630211830139,0.4880717396736145,0.0004132204921916127,-0.9757027626037598,0.4541260898113251,0.16428422927856445,0.28500160574913025,0.3921366035938263
572,0.09966694015328086,0.64625,0.3977657561948807,1.6398848856624682e-06,-1.0925440788269043,0.6969882249832153,0.5332715511322021,0.3357256352901459,0.5149975419044495,0.00023402164515573531,-1.1259613037109375,1.6747037172317505,0.3739766478538513,0.18573716282844543,0.4481947720050812
573,3.2534978318704075,0.7646875,0.2605943634403719,3.3221530770788377e-07,-1.0177804231643677,0.838935136795044,0.41080135107040405,0.14688417315483093,0.6107699275016785,0.0003644984681159258,-1.1836793422698975,0.8778733611106873,0.2167470008134842,0.44107362627983093,0.46406275033950806
574,0.09739125891349845,0.8006250000000001,0.520443408415278,6.6514617174107116e-06,-1.0150278806686401,1.4474833011627197,0.34188729524612427,0.3887801766395569,0.4340876638889313,0.00018821049889083952,-1.1545436382293701,1.0402990579605103,0.3299552798271179,0.3057042956352234,0.45832985639572144
575,0.06694865753657087,0.438125,0.3646733770863018,4.003376034233952e-06,-1.1621559858322144,0.7497515082359314,0.22993414103984833,0.32511699199676514,0.5080796480178833,0.00018109523807652295,-1.176849365234375,0.26986759901046753,0.1316578984260559,0.3814406096935272,0.42038166522979736
576,0.08602953110182993,0.5896875,0.5675291208949307,1.449043793400051e-06,-1.1222795248031616,1.3782975673675537,0.2780054211616516,0.37256497144699097,0.5041438341140747,0.0003614157030824572,-1.0761373043060303,1.2873495817184448,0.3707672953605652,0.2353898584842682,0.4818253219127655
577,0.03341380601744311,0.72625,0.713273508306487,2.0943948584317695e-06,-1.1648707389831543,0.8674851059913635,0.25005042552948,0.3330959975719452,0.4401269257068634,0.00015130682731978595,-1.1517938375473022,0.7219189405441284,0.17456981539726257,0.39787065982818604,0.4101688861846924
578,0.6118582895172353,0.561875,0.3172440316342891,1.9655897176562576e-06,-1.2406381368637085,0.358521044254303,0.22708763182163239,0.366411030292511,0.3783462345600128,0.0004486512625589967,-1.027493953704834,0.5740662813186646,0.28338366746902466,0.3663797676563263,0.4145790934562683
579,0.4906448511153353,0.8225,0.5494550848886706,2.0727732135128463e-06,-1.181403398513794,1.498902440071106,0.43743255734443665,0.24456308782100677,0.514150857925415,0.0017887373687699437,-1.132814884185791,0.7828336954116821,0.2578076422214508,0.38454699516296387,0.5167528986930847
580,11.523093895975663,0.6421875,0.2192158589255218,2.3442437395715388e-06,-1.2611110210418701,0.6659753322601318,0.4009709060192108,0.31941378116607666,0.5543310046195984,0.0002431502944091335,-1.1691087484359741,0.48362699151039124,0.23361556231975555,0.368618905544281,0.46307632327079773
581,0.1022782697697299,0.5815625,0.18288999016277038,2.3728412088530604e-06,-1.2632243633270264,0.8199378252029419,0.2693040370941162,0.27182504534721375,0.534397304058075,0.00045096868416294456,-1.1407190561294556,0.4022181034088135,0.26313316822052,0.3674873113632202,0.4193728268146515
582,1.99264721077028,0.7318749999999999,0.38796612851720375,1.963335762411589e-06,-1.3051278591156006,0.6299635171890259,0.2392512410879135,0.35119858384132385,0.4430859386920929,0.0007309274515137076,-1.1523594856262207,0.7584694623947144,0.24945776164531708,0.29223209619522095,0.4603545665740967
583,0.7916096868005222,0.5275000000000001,0.16984070368220228,4.474801244214177e-06,-1.2611382007598877,1.056975245475769,0.3224271237850189,0.3289184272289276,0.4622611403465271,0.0001854207512224093,-1.0343844890594482,0.6692434549331665,0.4019889831542969,0.26002195477485657,0.5410290360450745
584,1.5980320959379197,0.4565625,0.3305275130603064,1.5187123381110723e-06,-1.2285022735595703,0.4613261818885803,0.3036175072193146,0.3681989908218384,0.44049787521362305,0.0006254567997530103,-1.1073439121246338,0.8368116021156311,0.6037317514419556,0.2898664176464081,0.6935075521469116
585,6.071772237399264,0.569375,-0.10412792717694286,2.001245775318239e-06,-1.2011499404907227,0.925270140171051,0.395188570022583,0.3362373113632202,0.5641640424728394,0.0009986150544136763,-1.0886350870132446,0.5431872010231018,0.2606629431247711,0.36082616448402405,0.46354037523269653
586,3.3873677475852437,0.79125,0.33548708493880564,2.1665506210410967e-05,-1.1740387678146362,1.035280704498291,0.24496722221374512,0.35845690965652466,0.4420628845691681,0.0003751172043848783,-1.116673231124878,0.5372000336647034,0.23836791515350342,0.38941287994384766,0.3773761987686157
587,9.412033525145052,0.7003125,-0.04537136254955106,4.4512827912512876e-07,-1.1220886707305908,0.496076762676239,0.3064873516559601,0.25086072087287903,0.4599785804748535,0.0005835153860971332,-1.105550765991211,0.4430961608886719,0.2237262725830078,0.3564101457595825,0.4242461621761322
588,0.13496064824240334,0.41500000000000004,0.229183876535873,1.8563324601927889e-06,-1.2028100490570068,0.8012266159057617,0.3582170009613037,0.3538006842136383,0.4784126877784729,0.002127096289768815,-1.0278645753860474,0.3448064923286438,0.3045787811279297,0.30246037244796753,0.5233500599861145
589,0.04835146094335876,0.3675,0.4039899832774004,2.5501269647065783e-06,-1.2112083435058594,0.43082475662231445,0.2683539092540741,0.3051586151123047,0.38693109154701233,0.00094864412676543,-1.0454652309417725,1.0163428783416748,0.4190181493759155,0.2303045690059662,0.4963624179363251
590,0.0756599529478618,0.5109375,0.28716799673468396,1.456621612305753e-05,-1.2379951477050781,0.8280956149101257,0.22689738869667053,0.34745678305625916,0.3966285288333893,0.0008305445080623031,-1.0965887308120728,1.0229750871658325,0.3183004856109619,0.21265481412410736,0.5690070390701294
591,0.04930249594392398,0.5375,0.5497884115256192,4.632758191291941e-06,-1.2721484899520874,0.41957035660743713,0.28154247999191284,0.3056056499481201,0.46987277269363403,0.0008281896589323878,-1.096978783607483,0.7014858722686768,0.28412672877311707,0.3592442572116852,0.5700543522834778
592,0.3372390665670878,0.565625,0.12370671994461871,1.950909791048616e-06,-1.3052488565444946,0.7916614413261414,0.3529316782951355,0.30288752913475037,0.5327781438827515,0.0009475856786593795,-1.2491801977157593,1.301169753074646,0.22824694216251373,0.44768983125686646,0.4989050030708313
593,0.10269077231457016,0.38375000000000004,0.08455496068987653,6.87183785430534e-07,-1.3030025959014893,0.6064090132713318,0.40465623140335083,0.3984215259552002,0.46563661098480225,0.0015719973016530275,-1.0362889766693115,0.8049352765083313,0.23030149936676025,0.31414157152175903,0.5583369731903076
594,0.09160737240751184,0.559375,0.4143854398134089,4.807204277312849e-06,-1.3434911966323853,0.6085264682769775,0.3340751826763153,0.36182892322540283,0.5167586207389832,0.0009267035056836903,-1.054030179977417,1.282254695892334,0.2655528783798218,0.332810640335083,0.5125582218170166
595,0.19438490193664296,0.740625,0.3256003162786147,1.950037585629616e-06,-1.3431648015975952,0.7539401054382324,0.3998437225818634,0.4224165678024292,0.6096051335334778,0.000720352167263627,-1.0178577899932861,0.7841722965240479,0.41397637128829956,0.21348880231380463,0.5864657759666443
596,35.58996353825666,0.7037500000000001,-0.3382311506201005,2.8418071451596916e-06,-1.2329062223434448,0.4037899971008301,0.26123231649398804,0.3800002336502075,0.39136090874671936,0.00044771170360036194,-1.1744691133499146,0.6969953179359436,0.32731717824935913,0.3281669020652771,0.4576684832572937
597,0.34210267145296674,0.44312499999999994,0.5022280139955512,6.921137810422806e-06,-1.2070226669311523,0.7639862895011902,0.45758360624313354,0.2811875641345978,0.496621698141098,0.0003707425494212657,-1.2176735401153564,0.7673770785331726,0.2571711838245392,0.29117271304130554,0.45195621252059937
598,3.582698671035633,0.41531250000000003,-0.10354416306001343,4.295494818506995e-06,-1.3492121696472168,0.40190842747688293,0.4155697822570801,0.4077613949775696,0.5466108322143555,0.0005652045947499573,-1.1143466234207153,0.7589120864868164,0.34136444330215454,0.2612900733947754,0.5760942101478577
599,0.32611957824425003,0.4734375,-0.044588146243290036,1.5040562857393525e-06,-1.2173418998718262,0.8856357932090759,0.3934033513069153,0.23294128477573395,0.5581670999526978,0.0016992106102406979,-1.0607531070709229,0.5197798609733582,0.25362586975097656,0.31183916330337524,0.48209527134895325
600,0.18457253061920023,0.509375,0.2513975739426805,4.218637059238972e-06,-1.3075501918792725,0.48224252462387085,0.28174474835395813,0.4012974500656128,0.40408581495285034,0.0012021936709061265,-1.082567811012268,0.9497447609901428,0.38520386815071106,0.2467210590839386,0.545186460018158
601,0.3195524371832559,0.6565624999999999,-0.021322174178614255,2.558355163273518e-06,-1.1895560026168823,0.6834789514541626,0.34189724922180176,0.3625083267688751,0.5219564437866211,0.0001509910071035847,-1.1228394508361816,0.6795338988304138,0.3713236153125763,0.3766697347164154,0.4237993657588959
602,6.53571396033616,0.785625,0.23713230030536767,3.210524255337077e-06,-1.2501517534255981,0.37408700585365295,0.3172183632850647,0.3071632385253906,0.5268710255622864,0.001697918283753097,-1.1727321147918701,0.6546659469604492,0.3355708420276642,0.34934288263320923,0.5813857913017273
603,0.3654159579014733,0.5846875,0.07292102864571211,1.6559166624574573e-06,-1.1873455047607422,0.8004088401794434,0.4645913243293762,0.26270782947540283,0.6530095338821411,0.0013272319920361042,-1.2207270860671997,0.8081257343292236,0.2668305039405823,0.40610936284065247,0.4934918284416199
604,33.21370769866182,0.7434375,0.1473749714169434,2.2683950646751327e-06,-1.2434635162353516,0.5120226144790649,0.30724257230758667,0.308200865983963,0.5414049029350281,0.0022993325255811214,-1.0684833526611328,0.4616948366165161,0.22221457958221436,0.3275814354419708,0.4712221920490265
605,0.3504664354995886,0.49968749999999995,0.19023842536852426,1.5527324421782396e-06,-1.242209792137146,0.8098472952842712,0.30775919556617737,0.3870578408241272,0.5130333304405212,0.0015384363941848278,-1.1753231287002563,0.4767085313796997,0.20896224677562714,0.28172171115875244,0.4883374869823456
606,109.7358230476641,0.8065625000000001,0.3130679280408325,1.6100515267680748e-06,-1.1929724216461182,0.33176130056381226,0.20282718539237976,0.30437523126602173,0.3699520230293274,0.002001097658649087,-1.170891523361206,1.0964314937591553,0.16397196054458618,0.4157733917236328,0.33516189455986023
607,0.11082285989836067,0.5553125,0.4561471063522209,1.4743293377250666e-06,-1.2550756931304932,0.5109575390815735,0.3317324221134186,0.3027435839176178,0.5251134037971497,0.0009439663263037801,-1.194450855255127,0.9410797357559204,0.3399214744567871,0.29031243920326233,0.5827645659446716
608,0.6985807293640722,0.563125,0.3222682694431308,1.7428484397896682e-06,-1.1824885606765747,0.7470578551292419,0.26646316051483154,0.28096550703048706,0.42810001969337463,0.001895718858577311,-1.201719045639038,0.8542965054512024,0.2333754450082779,0.44065767526626587,0.4186975955963135
609,0.08681441473707541,0.46906250000000005,0.31833557054389916,1.8573902025309508e-06,-1.1973731517791748,1.3196063041687012,0.30445441603660583,0.4257271885871887,0.5050005316734314,0.002291726879775524,-1.1879189014434814,1.3140209913253784,0.31564319133758545,0.29915428161621094,0.41934165358543396
610,0.06810591540313533,0.7675000000000001,0.6299668307863027,2.1621669930027565e-06,-1.3214776515960693,0.5716575980186462,0.44197940826416016,0.2863737642765045,0.6084715723991394,0.0026214204262942076,-1.0829229354858398,0.48941218852996826,0.4077353775501251,0.2469351589679718,0.5625499486923218
611,0.03351200078588678,0.5409375,0.5557353302412329,2.0184768345643533e-06,-1.2412141561508179,0.719851016998291,0.37287014722824097,0.3963955044746399,0.550263524055481,0.0032111199107021093,-1.1450881958007812,1.012048602104187,0.2583062946796417,0.3412485122680664,0.398741751909256
612,5.3918148716805225,0.6809375,0.29800511216543896,3.070808133998071e-06,-1.2721600532531738,1.1997135877609253,0.5144210457801819,0.24613480269908905,0.5767411589622498,0.003555120201781392,-1.2310597896575928,0.28859496116638184,0.17029963433742523,0.35523051023483276,0.37885114550590515
613,0.08158666571724317,0.5559375,0.5138588173800072,1.0694653838072554e-06,-1.2599852085113525,0.639169454574585,0.1521068811416626,0.3700806498527527,0.35336485505104065,0.0015344239072874188,-1.100940465927124,0.43709126114845276,0.3425568640232086,0.3224775195121765,0.5881559252738953
614,0.09859087307282868,0.5240625,0.6044934044436532,2.4880362161638914e-06,-1.1335747241973877,0.4801528751850128,0.27360203862190247,0.30843254923820496,0.47496917843818665,0.0028489858377724886,-1.0470973253250122,0.5540405511856079,0.41351500153541565,0.2844711244106293,0.5751233696937561
615,0.40677311211454503,0.73,0.5177924786130068,1.0565379398030927e-06,-1.3063032627105713,0.6477968096733093,0.22329463064670563,0.42235398292541504,0.41289183497428894,0.0027285595424473286,-1.0443611145019531,1.0032821893692017,0.23757383227348328,0.3227301239967346,0.41228753328323364
616,0.566708042073998,0.6896875,0.18489604831940593,4.949019967170898e-06,-1.221562147140503,0.47454142570495605,0.23492908477783203,0.342519611120224,0.4943254590034485,0.003894464112818241,-1.2387464046478271,0.580531656742096,0.38267648220062256,0.3252176344394684,0.6214423775672913
617,0.13419758677684684,0.719375,0.5363633313384062,2.5399435799045023e-06,-1.2786771059036255,0.6175634264945984,0.45172253251075745,0.3531092703342438,0.6048313975334167,0.0037241890095174313,-1.1942822933197021,0.7496713399887085,0.2901938557624817,0.35376304388046265,0.3652503192424774
618,64035.60564536291,0.6315625,0.23122204540584868,2.095555373671232e-06,-1.5183342695236206,0.6239562034606934,0.363294780254364,0.4432634115219116,0.5789438486099243,0.0017818186897784472,-1.1930440664291382,0.5348228812217712,0.2824649512767792,0.3709518015384674,0.48422491550445557
619,0.6649955788420694,0.6928124999999999,0.22084959567446835,1.7124679061453207e-06,-1.3657305240631104,0.8227313756942749,0.2213135063648224,0.33014822006225586,0.46363088488578796,0.002365518594160676,-1.1435390710830688,0.9978139996528625,0.12838183343410492,0.37849605083465576,0.37478089332580566
620,0.08776148100388759,0.40968749999999987,0.2614840143775866,4.428187821758911e-06,-1.3689212799072266,1.105434536933899,0.25480157136917114,0.3309255838394165,0.3971724510192871,0.002525306772440672,-1.1850605010986328,0.35768982768058777,0.22882670164108276,0.32283300161361694,0.42990925908088684
621,0.07224210106721718,0.7359375,0.401428053490185,2.216443135694135e-06,-1.2873750925064087,1.0200237035751343,0.310655415058136,0.2855238914489746,0.47568410634994507,0.0018937737913802266,-1.1425819396972656,0.534207820892334,0.2979743182659149,0.2723411023616791,0.49800798296928406
622,0.1090045312166221,0.44625000000000004,0.3537564137927389,2.1478931557794567e-06,-1.128440499305725,0.5497187376022339,0.23355647921562195,0.3525967001914978,0.46063506603240967,0.0030221394263207912,-1.195366382598877,0.42006179690361023,0.20664197206497192,0.3352941870689392,0.3885350823402405
623,6.02618247077476,0.7428125,0.22691003413098185,1.4269056691773585e-06,-1.2337465286254883,0.6806589365005493,0.31003907322883606,0.2891557216644287,0.41279226541519165,0.0026148578617721796,-1.0329108238220215,1.1200097799301147,0.6078412532806396,0.19153103232383728,0.6163358688354492
624,0.05346084211692206,0.8171875,0.5557204198278208,3.100893536611693e-06,-1.198142170906067,0.6093166470527649,0.3388080894947052,0.2930569052696228,0.4596972167491913,0.0031143513042479753,-1.2844256162643433,0.4828963875770569,0.23896899819374084,0.4369621276855469,0.4250415861606598
625,17.903744688917875,0.615,0.29225233840780795,2.8110257517255377e-06,-1.2086966037750244,0.4951125681400299,0.26838696002960205,0.3033086955547333,0.4769340753555298,0.0009675367036834359,-1.1470822095870972,1.0573526620864868,0.33856213092803955,0.26027217507362366,0.5767921805381775
626,0.06687444837014674,0.585,0.4098876075493168,4.8641486500855535e-06,-1.2082180976867676,0.625988245010376,0.2052498459815979,0.36010605096817017,0.4175296127796173,0.0032681752927601337,-1.216510534286499,0.7447418570518494,0.35667043924331665,0.32554173469543457,0.4454095661640167
627,13.527637313617873,0.73,-0.2779761157336564,9.345930607196351e-07,-1.2533977031707764,0.505419135093689,0.3148866891860962,0.33912259340286255,0.4975089728832245,0.008131112903356552,-1.1829044818878174,0.7869486212730408,0.20783211290836334,0.42457497119903564,0.37470462918281555
628,0.05373918481682671,0.525,0.5120015271646637,3.2360801469621947e-06,-1.2357637882232666,0.5027123093605042,0.3085560202598572,0.3179643154144287,0.48709359765052795,0.006008452735841274,-1.1450464725494385,0.9701756238937378,0.3573419153690338,0.29363369941711426,0.5449508428573608
629,0.21928791517531726,0.7971874999999999,0.590208844217974,6.165860213513952e-07,-1.2297782897949219,0.7650477290153503,0.35787639021873474,0.3234664797782898,0.5902400612831116,0.00400558952242136,-1.1557483673095703,0.5079905986785889,0.2355174869298935,0.3701969087123871,0.40529686212539673
630,1.461932674065784,0.6021875,0.2201028769089654,1.9054623123793135e-07,-1.2526204586029053,0.9350709915161133,0.2558839023113251,0.42986512184143066,0.4224034249782562,0.0011468541342765093,-1.1831676959991455,1.0347672700881958,0.19183309376239777,0.43821245431900024,0.39619243144989014
631,13168.390570136786,0.6946875,-0.14402996552359662,5.671080316460575e-07,-1.229705810546875,0.6791304349899292,0.2447332739830017,0.2541232705116272,0.37609556317329407,0.007574381306767464,-1.1207540035247803,0.7023751735687256,0.3134200870990753,0.2585248053073883,0.5291305184364319
632,28.54668584583638,0.6371875,0.0948747172771112,1.0192475201620255e-06,-1.2235479354858398,0.3621384799480438,0.330710768699646,0.28974974155426025,0.5743083953857422,0.0037438299041241407,-1.2020694017410278,1.5443588495254517,0.5377461910247803,0.20533487200737,0.5860421061515808
633,0.5922895025725932,0.619375,0.3312508909434183,1.709709977149032e-06,-1.368950605392456,0.4447489380836487,0.21541094779968262,0.36386680603027344,0.41189560294151306,0.015313071198761463,-1.1130213737487793,0.972288966178894,0.24682745337486267,0.328895628452301,0.4998742640018463
634,0.07836708791851424,0.8693750000000001,0.6097431961826754,7.487344646506244e-07,-1.2725884914398193,0.4506992995738983,0.26022815704345703,0.37898972630500793,0.4095751941204071,0.010390453971922398,-1.025389313697815,1.636488676071167,0.22739648818969727,0.3541548550128937,0.377784788608551
635,2.3592736345504965,0.5587500000000001,0.2775741545437319,1.0098794518853538e-05,-1.2163703441619873,0.6545584797859192,0.2759931683540344,0.3549598455429077,0.5233539938926697,0.012301870621740818,-1.1873921155929565,0.9135782122612,0.26983848214149475,0.3901485502719879,0.44436395168304443
636,1.4321177005288486,0.60875,0.27158524045363597,3.1611511985829566e-07,-1.2825580835342407,1.1340709924697876,0.27804577350616455,0.2562956213951111,0.4947374165058136,0.009411378763616085,-1.2531020641326904,0.4356066882610321,0.43143975734710693,0.28960752487182617,0.6468867659568787
637,1146.1856921094613,0.5059375,-0.08798644594448705,2.858364041458117e-06,-1.287207841873169,0.36182036995887756,0.3265231251716614,0.32500821352005005,0.48301124572753906,0.007288756314665079,-1.2652924060821533,0.4750514328479767,0.2839953601360321,0.4089261293411255,0.4969789385795593
638,0.4255447865621965,0.5650000000000001,0.18731729697845795,3.37239976033743e-06,-1.3676929473876953,0.566802442073822,0.20392633974552155,0.3364275097846985,0.46790024638175964,0.010069487616419792,-1.3195855617523193,0.6155537366867065,0.5585973858833313,0.3236069679260254,0.5930314660072327
639,0.4076507625124529,0.7203125,0.24890018919060458,8.096982128336094e-06,-1.3347222805023193,0.629991888999939,0.35946738719940186,0.33499211072921753,0.5706402063369751,0.02730230800807476,-1.2569949626922607,0.7479533553123474,0.36743274331092834,0.32185879349708557,0.5455691814422607
640,0.038741262523036266,0.5240625,0.548181936606049,3.746851575670007e-07,-1.1670026779174805,0.7033398151397705,0.4027930498123169,0.2508208751678467,0.5503347516059875,0.008176712319254875,-1.3503460884094238,0.8661730289459229,0.3199177384376526,0.34890586137771606,0.5171273350715637
641,1.1857946401302253,0.80375,0.5398716053901994,1.0496637514734175e-06,-1.2864067554473877,0.9504278302192688,0.33762869238853455,0.33793944120407104,0.5422038435935974,0.033085864037275314,-1.3744685649871826,1.1442261934280396,0.18324124813079834,0.3510795831680298,0.43604040145874023
642,0.08875890805321997,0.5121875,0.2698266948217443,1.1941356206079945e-06,-1.2293070554733276,0.731349527835846,0.30300748348236084,0.3611738979816437,0.4790942966938019,0.02956504002213478,-1.1005058288574219,0.7023990154266357,0.29665613174438477,0.2639586329460144,0.4875202775001526
643,0.20878654953771125,0.74125,0.5134619721559514,2.1534046936722007e-06,-1.1920372247695923,0.8680813312530518,0.24670588970184326,0.36034679412841797,0.4554259479045868,0.05190230533480644,-1.2477513551712036,0.8831349611282349,0.1979905515909195,0.41012871265411377,0.43290606141090393
644,0.18885385015140027,0.7481250000000002,0.3011577613061792,3.780389079111046e-06,-1.1594552993774414,0.9688311219215393,0.36437419056892395,0.29015299677848816,0.46985939145088196,0.09952974319458008,-1.056483507156372,0.6338894367218018,0.22553560137748718,0.2807445228099823,0.38654202222824097
645,22.936387380083296,0.5303125,0.33285150233311844,6.329029474727577e-06,-1.229330062866211,1.0255028009414673,0.3105762004852295,0.3221903443336487,0.5230160355567932,0.08057978004217148,-1.2182657718658447,0.6658132076263428,0.22381414473056793,0.40894192457199097,0.385494202375412
646,51.80435329632761,0.8012499999999999,0.2641984848043409,5.498036443896126e-07,-1.264743447303772,1.8006672859191895,0.2854986786842346,0.44107741117477417,0.46828287839889526,0.14318197965621948,-1.2116758823394775,0.49504485726356506,0.26243552565574646,0.3945866823196411,0.480659157037735
647,14.477884943473697,0.7525000000000001,0.015329828130721434,1.9517726741469232e-06,-1.3374407291412354,0.3229040205478668,0.17764347791671753,0.30285853147506714,0.44282466173171997,0.20240715146064758,-1.224672555923462,0.7199353575706482,0.2628520429134369,0.36956754326820374,0.3792191445827484
648,0.31150683003002666,0.6725000000000001,0.47011595559542274,9.325730729869974e-07,-1.3797810077667236,1.291807770729065,0.3617313802242279,0.25026917457580566,0.5752567052841187,0.207899808883667,-1.167964220046997,0.7793799042701721,0.4796777367591858,0.23330232501029968,0.5810516476631165
649,16.23731184602503,0.7150000000000001,0.5241142828259528,1.5753382740513189e-06,-1.3419934511184692,1.7143821716308594,0.3591323494911194,0.27762722969055176,0.4985954165458679,0.24135427176952362,-1.1066464185714722,0.7937555909156799,0.24653691053390503,0.31749066710472107,0.5453397631645203
650,0.1261585322750413,0.7909374999999998,0.5022608140489054,2.6494219582673395e-06,-1.4018023014068604,0.7126268744468689,0.3081786632537842,0.39689210057258606,0.4463138282299042,0.2008926123380661,-1.3123071193695068,0.8025282025337219,0.4782162606716156,0.305600106716156,0.5767210125923157
651,27.54477085103928,0.631875,0.009069694959572272,7.558985544164898e-06,-1.3286564350128174,0.7124288082122803,0.23427709937095642,0.35942384600639343,0.4947238266468048,0.04214279726147652,-1.3126599788665771,1.1333328485488892,0.2856895625591278,0.446748286485672,0.44177907705307007
652,0.15025613918381747,0.9715625000000001,0.541736498061982,1.5874896917011938e-06,-1.29231858253479,0.5344516634941101,0.2329033464193344,0.3927217125892639,0.4656071662902832,0.02907838486135006,-1.3346604108810425,0.4242396354675293,0.33746615052223206,0.3383181095123291,0.4959915280342102
653,1.304763549488573,0.8984375,-0.02156877089059637,3.0083376714173937e-06,-1.2201762199401855,0.9042742848396301,0.4693739116191864,0.25392428040504456,0.6067349910736084,0.051099345088005066,-1.306439757347107,0.3874839246273041,0.28747791051864624,0.364361047744751,0.48595917224884033
654,7.085681297696444,0.624375,0.3191860579445184,9.366129916088539e-07,-1.2614564895629883,0.9217107892036438,0.28811144828796387,0.41895514726638794,0.49804121255874634,0.03922039270401001,-1.263561487197876,0.5330402851104736,0.3051690459251404,0.2436307817697525,0.5596103072166443
655,0.44065574531622353,0.5915625,0.29585524609493125,5.622600838250946e-06,-1.1058704853057861,0.6391176581382751,0.5273829698562622,0.2013297975063324,0.6568836569786072,0.05153226479887962,-1.36391019821167,0.5777457356452942,0.3855445981025696,0.3442937135696411,0.5642908811569214
656,0.04193445240278884,0.7528125,0.6403404880880915,9.63089178185328e-07,-1.2781225442886353,0.7590171694755554,0.2243470698595047,0.32298770546913147,0.3910791575908661,0.0592128187417984,-1.2776013612747192,0.5788121819496155,0.19903084635734558,0.2800055742263794,0.4491603374481201
657,0.37827484935347744,0.7984375,0.1786255524649682,1.6085915603980538e-06,-1.1320067644119263,0.6964792013168335,0.1762395054101944,0.3053237199783325,0.41294384002685547,0.06915567070245743,-1.3302357196807861,1.4139801263809204,0.1844426691532135,0.4411925673484802,0.39785057306289673
658,0.2104649028614744,0.8928125,0.9505789184898056,9.95192863229022e-07,-1.2900974750518799,0.4929860830307007,0.26433834433555603,0.33059167861938477,0.4616581201553345,0.03200201317667961,-1.3258919715881348,1.2173150777816772,0.474674791097641,0.1864771544933319,0.6378766894340515
659,6.2091513521682105,0.6446875000000001,-0.10144646045161876,2.5790391191549134e-06,-1.3649380207061768,1.0471025705337524,0.22772866487503052,0.43298789858818054,0.41462141275405884,0.04581766575574875,-1.2779855728149414,0.43841028213500977,0.33199888467788696,0.30052489042282104,0.49509280920028687
660,0.05747011631577057,0.5290625,0.559737284307461,6.943492280697683e-06,-1.3484162092208862,1.0084233283996582,0.3163031041622162,0.41099321842193604,0.46916118264198303,0.023536432534456253,-1.232434630393982,1.354386329650879,0.3307002782821655,0.22977228462696075,0.47271591424942017
661,17.993282026979244,0.5728125000000001,-0.09466154574937093,5.89347848745092e-07,-1.3805441856384277,1.019207239151001,0.29509496688842773,0.2657032608985901,0.5037015080451965,0.05018444359302521,-1.2387763261795044,0.8364539742469788,0.2990076541900635,0.2971576452255249,0.45314347743988037
662,0.1617181193074562,0.5553125,0.012765671469813004,2.3678308025409933e-06,-1.3362208604812622,0.45299386978149414,0.29107698798179626,0.36655157804489136,0.5044539570808411,0.020622624084353447,-1.2593262195587158,0.873435914516449,0.3721280097961426,0.34523454308509827,0.6851081252098083
663,0.069582174780021,0.9315625000000001,0.6625517535682492,1.397048663420719e-06,-1.285994052886963,0.9585182666778564,0.42876338958740234,0.2894850969314575,0.5874217748641968,0.04462682828307152,-1.1978888511657715,1.123227596282959,0.31323209404945374,0.3282773494720459,0.5045501589775085
664,17.960166291004978,0.6212500000000001,0.02890627717471298,7.885822128628206e-07,-1.4240379333496094,0.7190007567405701,0.24694615602493286,0.38350892066955566,0.4656507968902588,0.018485333770513535,-1.0873016119003296,0.8717114329338074,0.2920716106891632,0.27053192257881165,0.4529687762260437
665,0.30920147244818713,0.46499999999999997,0.38134945281439636,5.372707619244466e-06,-1.3778977394104004,0.5549891591072083,0.2701542377471924,0.3586987853050232,0.46061432361602783,0.015595179982483387,-1.1802940368652344,0.7854186296463013,0.2657352089881897,0.3106239438056946,0.4941788911819458
666,11.652153143841733,0.6803125,0.4321348122522637,1.4183586927174474e-06,-1.3340214490890503,1.284505844116211,0.25880277156829834,0.44584399461746216,0.47888076305389404,0.03996569290757179,-1.224198579788208,0.6851537227630615,0.5187892317771912,0.2269202321767807,0.6466995477676392
667,0.0798044826268054,0.38156249999999997,0.1915556071868803,3.231965138184023e-06,-1.5296146869659424,0.5725396275520325,0.2370811402797699,0.44550231099128723,0.48112040758132935,0.07601558417081833,-1.331106424331665,0.4293278753757477,0.3034159541130066,0.3411945402622223,0.466312050819397
668,0.46932542272461414,0.6053124999999999,-0.04126096677047804,1.1033238251911826e-06,-1.3814314603805542,2.1350831985473633,0.37506183981895447,0.24628153443336487,0.4744155704975128,0.02269771508872509,-1.2758479118347168,0.7796874046325684,0.42992091178894043,0.24246658384799957,0.6079793572425842
669,0.03986524225445402,0.4690625,0.537151234887484,2.0433442387002287e-06,-1.3352559804916382,0.8516573309898376,0.36616843938827515,0.3700737953186035,0.6086881160736084,0.048064153641462326,-1.3093199729919434,0.5251245498657227,0.40577417612075806,0.3001265227794647,0.664808452129364
670,0.028790530358520527,0.7721875,0.8755031638797501,2.678176770132268e-06,-1.2680377960205078,1.057137370109558,0.39667242765426636,0.23418587446212769,0.6032483577728271,0.057389553636312485,-1.296208143234253,0.5678910613059998,0.42188122868537903,0.3680778741836548,0.5672299265861511
671,0.19352609640810892,0.5025000000000001,0.3076631458239713,7.289161203516414e-07,-1.2401291131973267,1.0521533489227295,0.3681013286113739,0.33859682083129883,0.504947304725647,0.06208004057407379,-1.2354965209960938,0.5735432505607605,0.4354782700538635,0.31353244185447693,0.5497245192527771
672,0.051919255983340004,0.585,0.6055465274058334,9.669323844718747e-06,-1.3432893753051758,0.5646786093711853,0.24656058847904205,0.302052766084671,0.4876490533351898,0.07946214079856873,-1.3907039165496826,1.1257668733596802,0.30976977944374084,0.42025724053382874,0.5029993057250977
673,0.040195109733025626,0.9087499999999998,0.7498552630510154,1.1218929785172804e-06,-1.2114553451538086,0.5867921113967896,0.31846538186073303,0.23288115859031677,0.5496851205825806,0.03808242827653885,-1.2851448059082031,0.694337010383606,0.3509477376937866,0.37842074036598206,0.45302146673202515
674,0.17751944245362958,0.871875,0.6676852309181684,7.709864462412952e-07,-1.3251221179962158,0.971447229385376,0.3581589162349701,0.3665989637374878,0.5101510286331177,0.032147303223609924,-1.4621100425720215,1.595890998840332,0.6328898668289185,0.3633263111114502,0.5907638072967529
675,0.7591044946582635,0.7846875,0.251031570182659,7.991902748472057e-06,-1.226689100265503,1.09744131565094,0.3345991373062134,0.3190811574459076,0.5225520730018616,0.058190833777189255,-1.2980982065200806,0.9891578555107117,0.3016235828399658,0.28072628378868103,0.5983230471611023
676,42.434506815536324,0.7734375,0.22107039316417937,4.101810191059485e-06,-1.3750373125076294,1.3310482501983643,0.6016339659690857,0.40562859177589417,0.5443903803825378,0.03918316587805748,-1.4250969886779785,0.3666231632232666,0.33708903193473816,0.3543489873409271,0.5277003645896912
677,0.3461617970579266,0.39,0.38571026232475153,2.221825525339227e-06,-1.496317744255066,0.5923174023628235,0.2883591055870056,0.3335038721561432,0.47873273491859436,0.08041222393512726,-1.2272045612335205,0.4529275894165039,0.259303480386734,0.36693376302719116,0.38256025314331055
678,3.9189869673570983,0.8462500000000001,0.42844729624844025,1.8583771179692121e-06,-1.3441559076309204,0.6823694109916687,0.43424928188323975,0.3672240376472473,0.4237422049045563,0.045407067984342575,-1.2883939743041992,0.6268596053123474,0.34118688106536865,0.27351924777030945,0.534459114074707
679,0.44392596959426384,0.663125,0.336810979878529,4.377353434392717e-06,-1.3933038711547852,0.8507313132286072,0.2597556710243225,0.3672993779182434,0.5612720251083374,0.02168690599501133,-1.2612303495407104,0.4334924817085266,0.1536177396774292,0.33794283866882324,0.37306252121925354
680,14.178405875782719,0.4878125000000001,0.5679468298445538,1.713951064630237e-06,-1.4091157913208008,0.6204652786254883,0.2168418914079666,0.282207190990448,0.5173848271369934,0.022748349234461784,-1.2482080459594727,0.386299729347229,0.2975054979324341,0.33692121505737305,0.46123531460762024
681,0.21484770929292457,0.45968749999999997,0.3655234568304327,2.658205630723387e-06,-1.419384479522705,0.7746245265007019,0.3568779230117798,0.3815324008464813,0.5671382546424866,0.03403329849243164,-1.2293672561645508,1.4038037061691284,0.329423725605011,0.3969433605670929,0.45744070410728455
682,6.966180861966447,0.8009374999999999,0.6964702918241421,3.001981895067729e-06,-1.3684413433074951,0.45243769884109497,0.2555934190750122,0.34300315380096436,0.488134503364563,0.040774546563625336,-1.3000277280807495,0.9718780517578125,0.17663806676864624,0.41147008538246155,0.376621276140213
683,0.15178327127839705,0.48187499999999994,0.40452133089645115,2.4939911327237496e-06,-1.3670589923858643,1.3332178592681885,0.3820176422595978,0.2453501671552658,0.5344095826148987,0.04706766456365585,-1.2915136814117432,0.8717472553253174,0.23145616054534912,0.4017695486545563,0.38660290837287903
684,0.04757084329726542,0.48781249999999987,0.41992454459843903,2.2720698780176463e-06,-1.291653037071228,0.676708459854126,0.22774791717529297,0.3178181052207947,0.4042620360851288,0.04035940766334534,-1.5176167488098145,1.4371417760849,0.21515785157680511,0.49627768993377686,0.40016233921051025
685,1.2189336199977348,0.7421875,0.3912710180133533,2.8113031476095784e-06,-1.3698899745941162,0.6085473895072937,0.23894697427749634,0.31786489486694336,0.47882652282714844,0.05919352173805237,-1.2114334106445312,1.392602801322937,0.38889238238334656,0.2369484007358551,0.5167323350906372
686,3.9509472931177156,0.5925,0.07454971018671222,3.96417226511403e-06,-1.3434993028640747,1.3991284370422363,0.5444356799125671,0.21120133996009827,0.5677688121795654,0.02605394273996353,-1.3142427206039429,2.1993324756622314,0.5406253933906555,0.1939833164215088,0.6845903396606445
687,0.3841428867435535,0.6015625,0.20413388868617172,2.2676013031741604e-06,-1.4882038831710815,0.6520230174064636,0.3167358636856079,0.46722161769866943,0.4512298107147217,0.023657649755477905,-1.3079088926315308,1.8892709016799927,0.46624743938446045,0.24286842346191406,0.5495223999023438
688,0.22361456220954262,0.680625,0.2244713197734134,1.3249818948679604e-06,-1.1977429389953613,0.9078500270843506,0.2263180911540985,0.3435852527618408,0.33817431330680847,0.0237371027469635,-1.3505909442901611,1.0215601921081543,0.3813864588737488,0.3775707483291626,0.5296155214309692
689,0.9947947308721321,0.46875,0.42257150563478485,1.9531994439603295e-06,-1.1615865230560303,1.6039639711380005,0.249190092086792,0.36110273003578186,0.47084712982177734,0.018993202596902847,-1.2723116874694824,0.4518507719039917,0.21624302864074707,0.32570213079452515,0.4070127010345459
690,515.7694255273116,0.791875,0.5065339700544155,8.258192565335776e-07,-1.3968944549560547,0.5492627620697021,0.28574737906455994,0.3481564521789551,0.43771111965179443,0.038242146372795105,-1.2247161865234375,0.552860677242279,0.3633573651313782,0.25695058703422546,0.5761293172836304
691,0.05766200496887307,0.47750000000000004,0.4484115815295466,3.4711727039393736e-06,-1.398974895477295,0.8341034054756165,0.7477207183837891,0.28307121992111206,0.6007201075553894,0.06713375449180603,-1.1659109592437744,0.7243728041648865,0.35545864701271057,0.32923561334609985,0.5430903434753418
692,0.11588590600143842,0.4871875,0.21902750576197488,1.0365343769080937e-05,-1.3045037984848022,0.646774411201477,0.2985055148601532,0.2815436124801636,0.5331025123596191,0.020560545846819878,-1.1454784870147705,0.6228126883506775,0.2783452570438385,0.2837008833885193,0.38641688227653503
693,0.16037513855562377,0.6515625,0.16576688421684901,3.078661166000529e-06,-1.3193390369415283,0.6490861177444458,0.5242365598678589,0.30153995752334595,0.6290857195854187,0.02779165655374527,-1.1329671144485474,1.2917325496673584,0.434545636177063,0.3196293115615845,0.5025594830513
694,2.4990437533635848,0.835625,0.06904884877341186,9.522000823380949e-07,-1.360898733139038,1.0805679559707642,0.37634944915771484,0.27828794717788696,0.5675675272941589,0.012854637578129768,-1.261664628982544,1.6810407638549805,0.26757821440696716,0.3331327736377716,0.42157840728759766
695,0.1924467766513682,0.8359375,0.5372083901325685,3.0660571610496845e-06,-1.4508657455444336,0.7699800729751587,0.3240342140197754,0.4019545316696167,0.4574105441570282,0.018743351101875305,-1.3171758651733398,2.5712311267852783,0.3334640860557556,0.4617111086845398,0.41069209575653076
696,0.3357530712900344,0.7415625,0.7643692166836418,1.8062876279145712e-06,-1.343749761581421,0.7700638175010681,0.45458582043647766,0.30760279297828674,0.6453738212585449,0.022860493510961533,-1.1648015975952148,1.3743791580200195,0.39908522367477417,0.30752021074295044,0.5215951800346375
697,2.029094897928078,0.6325000000000001,0.5626794777211195,7.62727438541333e-07,-1.4425795078277588,0.5504601001739502,0.23876836895942688,0.36620786786079407,0.4906231164932251,0.01515926793217659,-1.3744935989379883,0.5384711027145386,0.2629129886627197,0.3374137282371521,0.4855802655220032
698,0.32275584137365926,0.5709375,0.40381073525075306,8.500506964992383e-07,-1.3099288940429688,0.554994523525238,0.23388543725013733,0.2635354697704315,0.5109882950782776,0.017721299082040787,-1.4192540645599365,0.47551730275154114,0.27911415696144104,0.3919934034347534,0.5450280904769897
699,1.5634541490280376,0.6075,0.3579914953786769,3.830043169728015e-06,-1.4747655391693115,0.6330050230026245,0.4286247789859772,0.33809664845466614,0.587390661239624,0.04751669615507126,-1.3086373805999756,1.6855545043945312,0.21898090839385986,0.2543541193008423,0.41965892910957336
700,0.3930784579254335,0.8221875000000001,0.2488260587506633,3.1553252028970746e-06,-1.4695382118225098,0.9098078012466431,0.4017688035964966,0.355308473110199,0.5684708952903748,0.08125893026590347,-1.3631209135055542,0.4034748673439026,0.16495946049690247,0.3670767843723297,0.43528619408607483
701,1.0860044438582643,0.8100000000000002,0.44181473538339,2.150375621567946e-06,-1.4880051612854004,1.1096665859222412,0.6042642593383789,0.34076881408691406,0.6436499357223511,0.03846631199121475,-1.462190866470337,1.3514894247055054,0.24502038955688477,0.35360896587371826,0.4829329550266266
702,0.2269313210836205,0.71875,0.06102140219035568,1.533954105070734e-06,-1.2697064876556396,0.9020695090293884,0.2735484540462494,0.2446681708097458,0.5090383291244507,0.021792644634842873,-1.318650245666504,1.71694815158844,0.3643944263458252,0.2776433825492859,0.5650015473365784
703,0.2989208804612429,0.755,0.43738376024106795,8.574989607268435e-08,-1.2437047958374023,0.6202354431152344,0.4753938317298889,0.32092583179473877,0.5485314130783081,0.008085678331553936,-1.3887817859649658,0.6564391255378723,0.32994580268859863,0.4224024713039398,0.5192824006080627
704,0.0996114105612841,0.7590625,0.3698214142081545,7.940386126392696e-07,-1.333264708518982,0.8178015947341919,0.3390871286392212,0.3798828423023224,0.4466404318809509,0.011447465978562832,-1.283389925956726,0.8053033351898193,0.2539256811141968,0.3822340965270996,0.4284414052963257
705,0.047180933635889113,0.7378125000000001,0.5984277790945611,1.0870604683077545e-06,-1.108019471168518,0.6987248659133911,0.4967336058616638,0.12926709651947021,0.6654871702194214,0.04610012099146843,-1.3086665868759155,1.2262004613876343,0.34906309843063354,0.28350016474723816,0.4714743494987488
706,0.3393871398167355,0.3296875,0.08705348563341034,3.7775000691908645e-06,-1.4216679334640503,1.6495988368988037,0.40353530645370483,0.4204646944999695,0.5629932284355164,0.05224427208304405,-1.2684166431427002,0.7090603113174438,0.47277534008026123,0.3526141941547394,0.5042504072189331
707,0.273347224769941,0.6078125,0.4004927767465711,2.632581299621961e-06,-1.3149217367172241,1.0026562213897705,0.24388077855110168,0.33098042011260986,0.4349122941493988,0.06646696478128433,-1.2733858823776245,1.0245931148529053,0.21055015921592712,0.40012603998184204,0.41526979207992554
708,0.46227604911444853,0.6006250000000001,0.49451523412593634,2.408446107438067e-06,-1.4415221214294434,1.4253432750701904,0.31851524114608765,0.4141792058944702,0.49236178398132324,0.025572320446372032,-1.1119985580444336,1.0649596452713013,0.4557461440563202,0.3041232228279114,0.6625608205795288
709,0.07791338665166811,0.5650000000000001,0.25357469386356785,5.494589458976407e-07,-1.3891541957855225,0.8581651449203491,0.26514503359794617,0.3350936770439148,0.41139400005340576,0.06628245115280151,-1.175446629524231,0.5552685260772705,0.31009531021118164,0.2800964117050171,0.4720538556575775
710,0.04567490564949113,0.446875,0.4296657821922231,1.2440784757927759e-06,-1.4317669868469238,1.0868372917175293,0.48125913739204407,0.2949036955833435,0.5569496154785156,0.09563209861516953,-1.166350245475769,0.5519067645072937,0.30171528458595276,0.2753877341747284,0.4869564175605774
711,0.12350484016241273,0.6021875,0.6462700844999418,1.0683036180125782e-06,-1.471325397491455,0.732334554195404,0.2251654416322708,0.31224581599235535,0.4479626715183258,0.039136871695518494,-1.1636931896209717,1.2971917390823364,0.2557021975517273,0.36281901597976685,0.39041370153427124
712,0.17319032380486782,0.7646875,0.4049888245607864,1.1234843668717076e-06,-1.3894448280334473,2.173192262649536,0.29912954568862915,0.18629735708236694,0.455083429813385,0.08721588551998138,-1.306548833847046,0.7832705974578857,0.31017351150512695,0.37002992630004883,0.5165358781814575
713,0.08227420137558475,0.6440625000000001,0.3326666207988723,6.008680202285177e-07,-1.3556859493255615,0.603793203830719,0.38955023884773254,0.36887264251708984,0.4977467656135559,0.1091991662979126,-1.2248625755310059,0.9192904829978943,0.21422573924064636,0.3076063096523285,0.43721500039100647
714,56.60017258700068,0.734375,0.4767404927115327,7.802559025549272e-07,-1.439363718032837,0.7025034427642822,0.42089810967445374,0.34115874767303467,0.6542650461196899,0.07917775213718414,-1.454872965812683,0.4014456570148468,0.18240942060947418,0.357077956199646,0.3912840485572815
715,8.590418171248148,0.7846875,-0.02264168616627469,3.1429856335307704e-06,-1.260236382484436,1.3112766742706299,0.2685888409614563,0.23398880660533905,0.43931177258491516,0.08988223969936371,-1.3847888708114624,1.985977292060852,0.5919625759124756,0.19561970233917236,0.6603520512580872
716,0.13743896979610873,0.6849999999999999,0.851400650947169,6.510852927021915e-06,-1.2372136116027832,1.0830775499343872,0.7211752533912659,0.1998283863067627,0.6870656609535217,0.08275401592254639,-1.3324941396713257,1.6347664594650269,0.3162941634654999,0.23900672793388367,0.45659327507019043
717,0.1293673580251623,0.5131249999999999,0.16119316784520787,5.613967005047016e-06,-1.2128956317901611,0.5689337849617004,0.35281211137771606,0.19267451763153076,0.5325128436088562,0.03996703028678894,-1.394179105758667,0.5476381182670593,0.24692018330097198,0.3848002552986145,0.4703812003135681
718,0.07288163551017632,0.46187500000000004,0.37878889173113794,1.8103391994372942e-06,-1.3692649602890015,1.4234288930892944,0.44902610778808594,0.38607510924339294,0.5902183651924133,0.09141328930854797,-1.3437618017196655,1.1484143733978271,0.4512370228767395,0.28476861119270325,0.6399405002593994
719,0.1846847102587864,0.6953125,0.29160749863128654,1.3114402008795878e-06,-1.284799337387085,1.8859535455703735,0.2834646701812744,0.41967543959617615,0.38642019033432007,0.10743662714958191,-1.2010979652404785,0.45298266410827637,0.3789173662662506,0.2814096212387085,0.5151868462562561
720,0.056352302491774454,0.6653125,0.4722008456267588,9.869897894532187e-07,-1.2952897548675537,1.5192999839782715,0.3235943913459778,0.31216520071029663,0.5490507483482361,0.05657785385847092,-1.2856864929199219,0.8837072253227234,0.42843255400657654,0.27169859409332275,0.5111322402954102
721,1.7299220327350961,0.5337500000000001,0.3364433664072145,2.130364919139538e-06,-1.474082350730896,1.012916922569275,0.3690044581890106,0.29515019059181213,0.5074595808982849,0.026392655447125435,-1.2034826278686523,0.8461631536483765,0.5213800072669983,0.21356308460235596,0.658635139465332
722,0.46429112985765053,0.838125,0.4066582116053912,2.4029338874242967e-06,-1.6154931783676147,0.7484920620918274,0.28932395577430725,0.4190855026245117,0.5091978907585144,0.031292375177145004,-1.346665859222412,1.0391209125518799,0.36015966534614563,0.36576056480407715,0.48111194372177124
723,0.25551402836096493,0.5865625,0.4602722647870191,4.5222128619570867e-07,-1.5867853164672852,1.1054199934005737,0.28372225165367126,0.4644566774368286,0.4931354820728302,0.02049415372312069,-1.4137299060821533,1.9165009260177612,0.2463383972644806,0.46010956168174744,0.43441927433013916
724,0.05440953513297596,0.9321875000000001,0.8233831137592424,2.9955476748000365e-06,-1.6006639003753662,1.8535821437835693,0.3534218370914459,0.29311686754226685,0.5282982587814331,0.04795577749609947,-1.3953357934951782,0.6170002818107605,0.28140008449554443,0.3267284035682678,0.5015775561332703
725,15.771943776466411,0.550625,0.2697898199909636,3.616304411480087e-06,-1.5030591487884521,0.8238792419433594,0.1985231339931488,0.33806678652763367,0.38035136461257935,0.027350936084985733,-1.3610167503356934,0.7719334363937378,0.4392853379249573,0.24914515018463135,0.6177889704704285
726,0.06633863408084346,0.39375000000000004,0.23544341609002437,1.0827217238329467e-06,-1.5914901494979858,0.6694256067276001,0.27809518575668335,0.43140050768852234,0.4784703254699707,0.07307184487581253,-1.3084056377410889,1.0910371541976929,0.4169808328151703,0.3469472825527191,0.4785762131214142
727,0.38455976186316543,0.7565625,0.4457409784620777,4.766914116771659e-06,-1.553605318069458,0.9397794008255005,0.22987741231918335,0.3751242458820343,0.4536588490009308,0.05848568305373192,-1.3987995386123657,0.42998605966567993,0.2696685194969177,0.35523563623428345,0.5094873905181885
728,0.059858092511910675,0.745625,0.5098330912471247,2.2331603304337477e-06,-1.3945026397705078,0.9057216048240662,0.22698849439620972,0.3118802011013031,0.45270684361457825,0.04581870511174202,-1.3933076858520508,0.6183183789253235,0.2676205039024353,0.36818069219589233,0.4333815574645996
729,3.023536547826599,0.5728125000000001,0.13041827093352823,7.658506433472212e-07,-1.3938865661621094,0.8461955785751343,0.4075371026992798,0.3694019317626953,0.5157966613769531,0.06189139187335968,-1.2875056266784668,1.410056233406067,0.4629930555820465,0.23574000597000122,0.5044533014297485
730,0.7387924378216255,0.5106249999999999,0.5614756101717956,1.278169293073006e-06,-1.4725325107574463,0.37527307868003845,0.2473817765712738,0.35726961493492126,0.4112567603588104,0.05168759450316429,-1.3726134300231934,0.473360538482666,0.3769046664237976,0.30837908387184143,0.4934590756893158
731,1.0019155408326175,0.2684375,-0.6192589131001821,1.5205830550257815e-06,-1.3241016864776611,0.5036271810531616,0.3605108857154846,0.3011914789676666,0.4710495173931122,0.045607972890138626,-1.4019302129745483,0.9941801428794861,0.2528131604194641,0.3898766338825226,0.4119596481323242
732,0.23345816310192488,0.5740624999999999,0.13261435036770525,7.007043336670904e-07,-1.380194902420044,0.6872955560684204,0.5394450426101685,0.34962257742881775,0.504076361656189,0.03173532709479332,-1.3110547065734863,0.619161069393158,0.32646530866622925,0.26569849252700806,0.5611732006072998
733,0.051731517087900455,0.8550000000000001,0.6338293043466539,5.057206180936191e-06,-1.431882381439209,1.1455042362213135,0.3799613118171692,0.39070311188697815,0.46352043747901917,0.030589677393436432,-1.356325626373291,0.860907793045044,0.18671606481075287,0.27921605110168457,0.3850283920764923
734,0.12058303721585877,0.5253125000000001,0.9144441801534919,2.3629477254871745e-06,-1.435157299041748,1.076168179512024,0.7512043714523315,0.3257535994052887,0.702731728553772,0.051968008279800415,-1.324263095855713,0.5579754710197449,0.34663259983062744,0.3306814730167389,0.46207624673843384
735,0.9395964807325388,0.8678125,0.5818641451522331,2.272062147312681e-06,-1.5481550693511963,1.14640212059021,0.45728492736816406,0.40820127725601196,0.644081175327301,0.03409656882286072,-1.387813687324524,0.602745532989502,0.46322667598724365,0.3240906000137329,0.4923365116119385
736,0.2940010814645159,0.355,-0.07965277046547779,2.152632760044071e-06,-1.470413088798523,0.8526594638824463,0.3307795822620392,0.3324942886829376,0.5471208095550537,0.011290366761386395,-1.3800156116485596,0.7203239798545837,0.3634299337863922,0.3230075240135193,0.5666140913963318
737,0.17678656225853132,0.7065625,0.11662042378943145,2.3871507437434047e-06,-1.3748408555984497,0.7869381904602051,0.5192882418632507,0.2924635410308838,0.5757242441177368,0.0275168027728796,-1.4210994243621826,0.7018992900848389,0.37687674164772034,0.35933542251586914,0.48634830117225647
738,0.06096395521623654,0.944375,0.9683226982029922,3.1090053198568057e-07,-1.4478729963302612,0.5471950769424438,0.34996509552001953,0.34078335762023926,0.5192040801048279,0.03137892112135887,-1.2339365482330322,0.43727368116378784,0.27361929416656494,0.24458655714988708,0.4870154857635498
739,0.0706950313532044,0.7259375,0.5504499625523294,2.3303973648580723e-06,-1.3718953132629395,0.6948989033699036,0.3069508969783783,0.2830190062522888,0.5061159729957581,0.030029861256480217,-1.4640862941741943,0.5555999875068665,0.36233359575271606,0.35498249530792236,0.5045660734176636
740,0.0935898761688623,0.7509375,0.5501700677602034,1.0323291235181387e-06,-1.4965894222259521,0.46102413535118103,0.19234836101531982,0.3373849391937256,0.42399775981903076,0.04242708534002304,-1.4078783988952637,0.42731931805610657,0.31020158529281616,0.38863903284072876,0.39494407176971436
741,1.0179278777791787,0.7009375,0.4084003954724772,3.8095938634796767e-06,-1.4062327146530151,0.7540122866630554,0.5544921159744263,0.30994948744773865,0.6434991359710693,0.022488128393888474,-1.5451328754425049,0.5918306112289429,0.3182370066642761,0.32199451327323914,0.5220898389816284
742,0.05750441976763354,0.625625,0.6769860996959544,1.0909216143772937e-06,-1.3982508182525635,1.2334306240081787,0.5311471223831177,0.2864070534706116,0.509473979473114,0.033839937299489975,-1.386592149734497,0.8427947759628296,0.552688479423523,0.32027456164360046,0.5639612674713135
743,0.05415620548149418,0.6015625,0.38629624315080274,2.204675638495246e-06,-1.3281049728393555,0.6366150975227356,0.5756039619445801,0.2883131206035614,0.6154516935348511,0.025963684543967247,-1.3238184452056885,0.556107759475708,0.4047882556915283,0.34015217423439026,0.5299655199050903
744,0.027580608355310038,0.85,0.7588794412092337,5.417407919594552e-06,-1.4866740703582764,0.7761740684509277,0.3082956373691559,0.39187413454055786,0.5028343796730042,0.05142466723918915,-1.3116183280944824,0.6778109669685364,0.4433574080467224,0.2859218120574951,0.5250641703605652
745,0.7604970636149634,0.806875,0.350394406762432,6.703638518956723e-06,-1.6456348896026611,0.5162711143493652,0.21263882517814636,0.39792054891586304,0.46814534068107605,0.038374099880456924,-1.3749581575393677,1.1958750486373901,0.35104072093963623,0.33535492420196533,0.49585652351379395
746,0.6607765772518512,0.8675,0.6661276577544606,3.5385454566494445e-07,-1.4182747602462769,0.8583981394767761,0.44005465507507324,0.2960895299911499,0.6129092574119568,0.056622736155986786,-1.2458969354629517,0.8755769729614258,0.40009963512420654,0.27344807982444763,0.5968157052993774
747,0.1949360007725574,0.5549999999999999,0.33891982474833576,3.3185051506734453e-06,-1.4161975383758545,0.8307633996009827,0.31126686930656433,0.3080763518810272,0.40713074803352356,0.07370419055223465,-1.3561393022537231,0.48828402161598206,0.21773427724838257,0.3269883394241333,0.3697245717048645
748,0.05396755904058762,0.7796875,0.7422754192056373,1.7298184502578806e-06,-1.4617891311645508,0.8630891442298889,0.3334725797176361,0.38251134753227234,0.43399035930633545,0.06697626411914825,-1.383784294128418,0.849348783493042,0.4117864966392517,0.3319128155708313,0.5782531499862671
749,0.0366392415404308,0.7834375,0.6404827462623414,8.430803859482694e-07,-1.508326530456543,0.6720749139785767,0.570498526096344,0.3435508608818054,0.6877443790435791,0.01909716986119747,-1.5974738597869873,0.6986672282218933,0.30527108907699585,0.38781094551086426,0.4588433802127838
750,0.3358481640909008,0.8481249999999999,0.5290207816150764,1.2424569604263525e-06,-1.4325060844421387,0.672326385974884,0.20275156199932098,0.34751832485198975,0.44877466559410095,0.03453871235251427,-1.485217809677124,0.7194094657897949,0.4423399865627289,0.34073933959007263,0.478370726108551
751,0.04986994719513772,0.2925,0.3662979547920863,1.3157957710063783e-06,-1.4631727933883667,0.8201436996459961,0.4401854872703552,0.33459365367889404,0.4992987811565399,0.03925517946481705,-1.5128750801086426,0.990391194820404,0.46526867151260376,0.3012084364891052,0.5782074332237244
752,0.034436347183801355,0.9168749999999999,0.7914532702124302,2.9326929507078603e-07,-1.2463583946228027,0.9197070598602295,0.34965699911117554,0.3161432445049286,0.5470809936523438,0.028262991458177567,-1.4843401908874512,0.49629122018814087,0.24939507246017456,0.36411482095718384,0.4142124354839325
753,1.6507561142922775,0.6546875,0.11430027287922737,3.157980756895995e-07,-1.459320068359375,0.48738205432891846,0.1651441603899002,0.3439634144306183,0.41236481070518494,0.01956617832183838,-1.4116506576538086,0.733751654624939,0.524397611618042,0.34248843789100647,0.6135963797569275
754,0.0802483999083729,0.52,0.5551907288884326,2.3002053239906672e-06,-1.35194730758667,1.1976925134658813,0.5569524168968201,0.2277994155883789,0.5896680951118469,0.0418938547372818,-1.436922311782837,0.673187255859375,0.24882690608501434,0.3575224280357361,0.5115204453468323
755,0.6719891659842795,0.5109375,0.1325793394958547,2.4259695692308014e-06,-1.5277249813079834,0.7422248721122742,0.46859386563301086,0.35432323813438416,0.5330180525779724,0.025787537917494774,-1.436192274093628,0.80560702085495,0.4456850290298462,0.31819355487823486,0.5927865505218506
756,11.114889307903995,0.6434375,-0.09511072236266835,1.1660338259389391e-06,-1.4356354475021362,0.6988663673400879,0.3812605142593384,0.3616216778755188,0.4869745671749115,0.06051059067249298,-1.3863569498062134,1.7677955627441406,0.63373863697052,0.155718594789505,0.6852738857269287
757,0.6683410304755608,0.7931250000000001,0.3981389175067817,6.621688953600824e-06,-1.4099260568618774,0.8947803974151611,0.5903511047363281,0.3141229748725891,0.6021514534950256,0.05988249182701111,-1.4047996997833252,0.5919259786605835,0.41850244998931885,0.37995296716690063,0.5342365503311157
758,0.0889058515451644,0.8596875,0.5636813001002814,2.701150606299052e-06,-1.5131688117980957,0.7539413571357727,0.40643975138664246,0.35149863362312317,0.5473228693008423,0.05193297564983368,-1.4902842044830322,0.4466762840747833,0.31599777936935425,0.3738897144794464,0.5338415503501892
759,0.5518355460611557,0.765,0.5195929175551024,4.7352810383927135e-07,-1.30867338180542,0.6491231322288513,0.28938937187194824,0.25336235761642456,0.4475625455379486,0.02890760824084282,-1.246099591255188,0.6262833476066589,0.2865171432495117,0.35927969217300415,0.4840354919433594
760,0.25693364698810034,0.385625,0.06162747796724851,9.44210057696182e-07,-1.403894305229187,0.5796322822570801,0.3373475670814514,0.33256298303604126,0.486386239528656,0.0415702722966671,-1.3520091772079468,1.74423348903656,0.23281124234199524,0.43017929792404175,0.35100165009498596
761,0.1788336821085597,0.803125,0.33636421811573036,4.0464710764354095e-06,-1.4584524631500244,0.7052142024040222,0.41198164224624634,0.310300350189209,0.5692323446273804,0.031803350895643234,-1.538513422012329,1.2393748760223389,0.5059234499931335,0.280423641204834,0.5811790227890015
762,0.05436740350425533,0.7784375000000001,0.6761448196950275,1.0191193950959132e-06,-1.4448511600494385,0.8739979267120361,0.3619462847709656,0.3239182233810425,0.5625378489494324,0.02146458998322487,-1.2429320812225342,1.178885817527771,0.2732931673526764,0.3220794200897217,0.3987252116203308
763,0.07634163048297225,0.5049999999999999,0.5733801443139728,7.702524271735456e-07,-1.5082271099090576,0.7945416569709778,0.3202696740627289,0.2994827926158905,0.6035574078559875,0.01316301990300417,-1.4237806797027588,0.5440691709518433,0.30456316471099854,0.3436010777950287,0.48965680599212646
764,27.022208571356536,0.6646875,0.4345841729419657,5.289151090437372e-07,-1.456185221672058,1.0655461549758911,0.3019726276397705,0.35809245705604553,0.46621081233024597,0.02329438552260399,-1.541134238243103,0.6451179385185242,0.33261623978614807,0.3900638222694397,0.46119192242622375
765,1.0621675842160858,0.6556249999999999,0.3120627474240364,4.605302819982171e-06,-1.522122859954834,0.5984597206115723,0.23082758486270905,0.33570340275764465,0.4403766393661499,0.042863041162490845,-1.5335733890533447,0.5742229223251343,0.3013596534729004,0.3693680465221405,0.4700131118297577
766,0.03507843183538387,0.49093749999999997,0.7370935815074857,1.137982962973183e-06,-1.4349168539047241,0.41939112544059753,0.17064666748046875,0.2869988679885864,0.4548899531364441,0.06218443810939789,-1.461428165435791,1.3911799192428589,0.5943657159805298,0.3069334328174591,0.5268920063972473
767,0.48928047120672263,0.690625,0.24514082784766994,2.3871757548477035e-06,-1.5253889560699463,1.40288245677948,0.381544291973114,0.2766254246234894,0.5881317257881165,0.020780136808753014,-1.4342732429504395,0.7015964388847351,0.4141913056373596,0.3636430501937866,0.5397872924804688
768,132.25842996999424,0.5449999999999999,0.17711626070400072,5.5864916248538066e-06,-1.4153474569320679,1.3965028524398804,0.436378538608551,0.24976517260074615,0.5330594778060913,0.04793360084295273,-1.5377389192581177,0.6824949383735657,0.3604542016983032,0.3579055964946747,0.539696455001831
769,0.10274454803164652,0.8446875000000003,0.6182820244491867,8.284922046186693e-07,-1.394075870513916,2.4014360904693604,0.5054931640625,0.20456889271736145,0.5486734509468079,0.035711534321308136,-1.5391440391540527,0.993091344833374,0.5720239877700806,0.3047507405281067,0.6751934885978699
770,0.2649989385576622,0.3953125,0.26564668451625356,1.0174514954996994e-06,-1.400375247001648,1.579862117767334,0.5995596051216125,0.343130499124527,0.5602241158485413,0.05203840509057045,-1.5781710147857666,0.5603855848312378,0.3890538513660431,0.3343435525894165,0.613650381565094
771,0.17192893147831811,0.525,0.31656344082454163,2.0122902242292184e-06,-1.2925598621368408,0.6994937658309937,0.3494589328765869,0.24145306646823883,0.5169991254806519,0.04824331775307655,-1.4754140377044678,0.8496217727661133,0.4803600311279297,0.35150346159935,0.5781458020210266
772,0.13231146957112774,0.8778124999999999,0.7515691749324321,4.0218342292064335e-06,-1.5520648956298828,2.1598143577575684,0.2881156802177429,0.41286566853523254,0.47676438093185425,0.08254749327898026,-1.37750244140625,0.7551562190055847,0.31463927030563354,0.3011699914932251,0.4123207926750183
773,1.5271209828410495,0.5353125000000001,0.1630874544510898,1.6331783854184323e-06,-1.2718956470489502,1.8928401470184326,0.4459211826324463,0.31507444381713867,0.5666218996047974,0.04483048990368843,-1.4158401489257812,0.6013363599777222,0.2980850636959076,0.29070696234703064,0.46277815103530884
774,0.18199527496581597,0.5571875000000001,0.29488324722262427,8.5930978457327e-06,-1.5574700832366943,1.0575369596481323,0.30151546001434326,0.34208089113235474,0.45804035663604736,0.05116146430373192,-1.384221076965332,0.7325538992881775,0.4423312246799469,0.27109092473983765,0.4934130012989044
775,0.483074213812359,0.620625,0.2871571262897735,1.9285296275484143e-06,-1.4511996507644653,1.1020798683166504,0.24464638531208038,0.34879547357559204,0.44081994891166687,0.049222432076931,-1.4171321392059326,0.9318714737892151,0.338484525680542,0.3418416678905487,0.4963037669658661
776,0.11892760627382053,0.7265625,0.5123174311273422,2.1307946553861257e-06,-1.4472548961639404,0.8910517692565918,0.3847090005874634,0.3894948959350586,0.39778706431388855,0.07203647494316101,-1.4396084547042847,1.2427750825881958,0.22319862246513367,0.3660010099411011,0.4414425492286682
777,0.10265114594990465,0.8290625,0.4054686231066925,3.6534765968099236e-07,-1.5648486614227295,1.1662201881408691,0.2567589282989502,0.2696625292301178,0.5683895349502563,0.024431118741631508,-1.3624203205108643,0.7090082168579102,0.371436208486557,0.2887258529663086,0.5075827836990356
778,0.04669135610766435,0.7074999999999999,0.5745002620527764,3.2894324704102473e-06,-1.5784549713134766,1.6140637397766113,0.4898289144039154,0.2964739501476288,0.5662356615066528,0.02274399995803833,-1.3489501476287842,1.0727022886276245,0.530098557472229,0.2547987401485443,0.4887084662914276
779,0.16272738065767375,0.5896874999999999,0.6612708004756105,2.8814606594096404e-06,-1.7343640327453613,1.0273247957229614,0.4145450294017792,0.42783433198928833,0.49321869015693665,0.09301318973302841,-1.5835468769073486,0.7973927855491638,0.36515897512435913,0.4081595540046692,0.5131880640983582
780,0.03144988482922127,0.8306250000000001,0.7930145627707578,4.920765150018269e-06,-1.6642420291900635,1.0822402238845825,0.25158700346946716,0.3666673004627228,0.45226171612739563,0.04481804370880127,-1.3730289936065674,1.5185070037841797,0.44899803400039673,0.33955979347229004,0.6351503729820251
781,0.044501249088158,0.4759375,0.5426579370557052,1.5857575590416673e-06,-1.6218754053115845,1.9065784215927124,0.6589452028274536,0.2601441442966461,0.6882668733596802,0.10441716015338898,-1.6478065252304077,0.6139125227928162,0.35684728622436523,0.4381270110607147,0.419892817735672
782,2.572927633571511,0.9493750000000001,0.7712034997513794,6.230135340956622e-07,-1.442138910293579,0.8955053687095642,0.34850776195526123,0.3119945228099823,0.5658149719238281,0.08951066434383392,-1.5560227632522583,1.7097817659378052,0.422895610332489,0.25590914487838745,0.48492392897605896
783,0.2152302869408927,0.6762499999999999,0.5505079522762499,1.125685002989485e-06,-1.3861973285675049,0.8259052634239197,0.3761503994464874,0.2335556447505951,0.5325940847396851,0.11881831288337708,-1.5813372135162354,0.5483806133270264,0.3024528920650482,0.3612475097179413,0.46622389554977417
784,0.08620121241556197,0.47125000000000006,0.45976181071537303,1.7147843891507364e-06,-1.25443696975708,1.1191660165786743,0.48366227746009827,0.3160820007324219,0.5337555408477783,0.09362377971410751,-1.6984562873840332,0.861926794052124,0.33585697412490845,0.3838394284248352,0.5523649454116821
785,11.381159693768717,0.8324999999999999,0.5716352919310429,7.871022376093606e-07,-1.1989519596099854,1.165337085723877,0.34829282760620117,0.29564446210861206,0.5972546935081482,0.10066866129636765,-1.4468930959701538,1.2333974838256836,0.3855774998664856,0.26647016406059265,0.5654706954956055
786,0.10800668241522379,0.8956249999999999,0.6882908969489712,1.2382690783852013e-06,-1.3415734767913818,1.465028166770935,0.5565521717071533,0.2351062148809433,0.7524370551109314,0.07655388116836548,-1.4265697002410889,0.6030042171478271,0.3644086718559265,0.33316171169281006,0.5211629271507263
787,0.13956614445977036,0.5334375,0.5073992220981218,6.373873020493193e-07,-1.2463932037353516,1.295760989189148,0.3152366876602173,0.30215123295783997,0.4304018020629883,0.019294053316116333,-1.5193289518356323,1.1557635068893433,0.7288019061088562,0.3351975083351135,0.6285467743873596
788,0.3496509786916398,0.635625,0.354297008617596,4.052743861393537e-06,-1.4908456802368164,1.314961552619934,0.3423326909542084,0.3532940745353699,0.48427829146385193,0.02396305464208126,-1.3588467836380005,0.7015154361724854,0.36169329285621643,0.3300415575504303,0.5212849378585815
789,0.3119983666926907,0.8640625,0.3391543755177346,9.578043318470009e-07,-1.5314600467681885,1.5390726327896118,0.3911898136138916,0.35301417112350464,0.5577232241630554,0.05421143397688866,-1.3559061288833618,0.8477254509925842,0.4205932915210724,0.2679890990257263,0.5738697052001953
790,2.266152447312688,0.6837500000000001,0.5255547884107208,4.175724825472571e-06,-1.6312676668167114,0.665363609790802,0.3581252694129944,0.3138957619667053,0.4631648063659668,0.024468351155519485,-1.4589829444885254,0.6982121467590332,0.33400729298591614,0.3370036780834198,0.5169342160224915
791,1.417688994226547,0.5621875000000001,0.22104517836586166,2.4769321953499457e-06,-1.4065184593200684,0.6659146547317505,0.3675630986690521,0.1989918351173401,0.6098984479904175,0.0404968224465847,-1.346292495727539,1.1559170484542847,0.32225415110588074,0.31915852427482605,0.4272966980934143
792,0.17480532598201176,0.825,0.2810142193111401,1.223201138600416e-06,-1.7360399961471558,1.0234287977218628,0.312860369682312,0.4600222110748291,0.5167722702026367,0.01968253217637539,-1.4934170246124268,2.458557605743408,0.36721470952033997,0.45834019780158997,0.5517798066139221
793,0.42436417708323726,0.46281250000000007,0.3366275525303885,9.885459348879522e-07,-1.5420595407485962,2.1536307334899902,0.36652690172195435,0.20546305179595947,0.5168282985687256,0.028244419023394585,-1.5704096555709839,0.7442269921302795,0.32845303416252136,0.37653833627700806,0.49989986419677734
794,0.10685358107400444,0.4209375000000001,0.3463165354163659,2.2213691863726126e-06,-1.6574044227600098,1.8781224489212036,0.6834032535552979,0.3596900999546051,0.5683324933052063,0.01826487109065056,-1.6137232780456543,0.6814453601837158,0.2821529805660248,0.3325604796409607,0.4283789396286011
795,1230.461031963337,0.8284375,0.3926799200660499,1.1052632544306107e-05,-1.6104627847671509,0.9702507257461548,0.26322832703590393,0.3109475374221802,0.5210301280021667,0.019294176250696182,-1.590254545211792,0.6476564407348633,0.2786935567855835,0.4055042564868927,0.4620169997215271
796,0.09349672880799041,0.45531249999999995,0.2008586179432604,3.662668632387067e-06,-1.5792292356491089,0.7642970085144043,0.2775877118110657,0.3275628089904785,0.5410230755805969,0.07260866463184357,-1.4063524007797241,1.0652481317520142,0.37318530678749084,0.340854287147522,0.5969735980033875
797,3.1315031108423286,0.7075,0.3673481873515724,1.2987939044251107e-06,-1.5158133506774902,1.2030645608901978,0.3318350911140442,0.4389802813529968,0.469731867313385,0.036970630288124084,-1.701271653175354,2.571333646774292,0.4190427362918854,0.30206456780433655,0.536800742149353
798,0.06716536117483038,0.6875,0.4972093620052217,5.827553650306072e-06,-1.6337931156158447,0.6653777360916138,0.33130064606666565,0.3505536615848541,0.4611627459526062,0.027313100174069405,-1.594987154006958,1.6233465671539307,0.5236685276031494,0.3403892517089844,0.515531063079834
799,0.7261933124955091,0.7103125,0.19561499210573424,2.5989190817199415e-06,-1.4795994758605957,0.484072208404541,0.1979549378156662,0.30984675884246826,0.4762769043445587,0.029041118919849396,-1.5030807256698608,0.37469956278800964,0.19818581640720367,0.35063105821609497,0.42102348804473877
800,1.0559726727307532,0.49093749999999997,0.28162232483367455,2.4011915229493752e-06,-1.576310634613037,0.787888765335083,0.300726979970932,0.39572709798812866,0.4691733419895172,0.028060991317033768,-1.5390466451644897,0.7586718797683716,0.32675570249557495,0.34805846214294434,0.5910016894340515
801,0.10763319488270576,0.8543749999999999,0.39327161049015646,1.2336130339463125e-06,-1.2587991952896118,1.1073548793792725,0.24062225222587585,0.2679212689399719,0.4415223300457001,0.10240403562784195,-1.613412618637085,0.6577144861221313,0.35459989309310913,0.36818695068359375,0.5340093374252319
802,25.428088756244396,0.6206249999999999,0.455523747433746,1.2537936981971143e-06,-1.4661377668380737,1.2911605834960938,0.3523745834827423,0.3670932948589325,0.49584290385246277,0.07082698494195938,-1.437880516052246,1.1509215831756592,0.3043733239173889,0.3903075158596039,0.4980562925338745
803,0.05669747071338231,0.4803125,0.561193863028649,2.1681566977349576e-06,-1.6529784202575684,0.7681081295013428,0.23000337183475494,0.36688533425331116,0.4259428083896637,0.045627985149621964,-1.435890555381775,1.0957722663879395,0.4642188847064972,0.23710772395133972,0.6519104242324829
804,2.4566602905549124,0.669375,0.3556401936223342,3.746354195754975e-07,-1.5185226202011108,0.8017730712890625,0.31707751750946045,0.3679928481578827,0.5327364206314087,0.040042418986558914,-1.59125554561615,1.332349181175232,0.42297765612602234,0.4518827199935913,0.4899302124977112
805,1.9132390832168646,0.7278125,0.6279610141692784,3.4128163406421663e-06,-1.625173568725586,0.7055271863937378,0.31450140476226807,0.31336814165115356,0.5322744250297546,0.0947214812040329,-1.4046465158462524,1.9053354263305664,0.33269721269607544,0.40813690423965454,0.41200774908065796
806,0.12476139932502157,0.3046875,0.11614963122072186,1.1263125543337082e-06,-1.6431255340576172,1.3806637525558472,0.4646642804145813,0.310636430978775,0.6455281972885132,0.05892053246498108,-1.6234952211380005,0.9457998275756836,0.2920834422111511,0.2959267795085907,0.4566231369972229
807,0.05104010840601272,0.7065625000000001,0.6342412437139349,4.376218839752255e-06,-1.6190481185913086,1.0112888813018799,0.17784789204597473,0.3354088366031647,0.4199729263782501,0.04934299737215042,-1.5015720129013062,0.6784670948982239,0.2896643579006195,0.37344789505004883,0.47605395317077637
808,0.24111405823426252,0.40593749999999995,0.36143133855781323,1.2297716693865368e-06,-1.5769469738006592,0.7264103293418884,0.3428037762641907,0.36692190170288086,0.41257244348526,0.026145072653889656,-1.5279796123504639,0.8343439102172852,0.3506443500518799,0.32578930258750916,0.4971408545970917
809,0.28825663092635895,0.3978125,0.3434153934690856,1.4079301990932436e-06,-1.6522191762924194,1.0363833904266357,0.3297654092311859,0.40653103590011597,0.3973517119884491,0.030391456559300423,-1.6392910480499268,1.828553318977356,0.4294128715991974,0.26035940647125244,0.5602402091026306
810,0.7620306548258622,0.7334375000000001,0.665318650413091,8.883144460014591e-07,-1.552568793296814,0.47484686970710754,0.263607382774353,0.37554696202278137,0.3893265724182129,0.02161070890724659,-1.556640386581421,0.649874746799469,0.22825387120246887,0.2757267951965332,0.48752912878990173
811,12.18834191037179,0.7378125000000001,0.6021453089868644,1.2888707487945794e-06,-1.4746334552764893,0.7558639645576477,0.4077361226081848,0.3475753664970398,0.5043900609016418,0.0646703839302063,-1.6285099983215332,1.100691795349121,0.2536202371120453,0.5050374865531921,0.4278174638748169
812,0.05936506233242448,0.8962499999999999,0.6577868898555636,1.482887228121399e-06,-1.6324849128723145,0.9667670130729675,0.7700993418693542,0.3464586138725281,0.7786377668380737,0.011764651164412498,-1.623002290725708,1.0612146854400635,0.38622939586639404,0.3403909206390381,0.4862917363643646
813,0.2547390084261004,0.83625,0.5104103006148285,1.3393997733146534e-06,-1.671522617340088,0.6106657385826111,0.28329387307167053,0.37019169330596924,0.502299427986145,0.0192546546459198,-1.5109539031982422,0.5194570422172546,0.28743356466293335,0.3968421220779419,0.5070685744285583
814,1.2262381216507718,0.6849999999999999,0.2001689916031209,2.285887603648007e-06,-1.4836101531982422,0.812190592288971,0.3231772482395172,0.33765876293182373,0.47526001930236816,0.044307008385658264,-1.548288345336914,0.8190247416496277,0.4159747362136841,0.2659897208213806,0.6329513788223267
815,0.32698178276780815,0.7253125,0.1602585761230657,1.1559842505448614e-06,-1.4438340663909912,1.0008888244628906,0.8292146921157837,0.2560478448867798,0.7615035176277161,0.025774141773581505,-1.5684915781021118,1.3150782585144043,0.49154847860336304,0.3720953166484833,0.5716173648834229
816,0.26841511147213415,0.3025,-0.12336710389567249,2.7142689305037493e-06,-1.6342514753341675,0.8100603818893433,0.31508418917655945,0.38047438859939575,0.45009636878967285,0.07280933111906052,-1.5532125234603882,0.8128383755683899,0.2863374948501587,0.3295481503009796,0.5268692374229431
817,0.030322384537210346,0.29250000000000004,0.45453836981192347,6.001476435812947e-07,-1.529200792312622,0.4606289267539978,0.2959204912185669,0.3489058315753937,0.42234301567077637,0.019557664170861244,-1.434378981590271,0.5521822571754456,0.23321187496185303,0.263810932636261,0.48359933495521545
818,0.043425871603796004,0.57375,0.6382434014944618,4.011274086224148e-06,-1.5448702573776245,1.0874887704849243,0.2573195993900299,0.4110466241836548,0.40607911348342896,0.03495839983224869,-1.7183022499084473,0.7186701893806458,0.2939959168434143,0.4616232216358185,0.4079684913158417
819,0.43996011067776114,0.47406249999999994,0.12151409557052802,6.956831271054398e-07,-1.5534651279449463,0.8812939524650574,0.23986226320266724,0.3720581531524658,0.4080061912536621,0.039609942585229874,-1.7236732244491577,0.7054128646850586,0.1566229909658432,0.41731542348861694,0.3960452079772949
820,0.18082718348925858,0.8115625000000002,0.4813976762679767,4.846791625823244e-07,-1.5274797677993774,0.9155343174934387,0.2114158421754837,0.3220818340778351,0.3891162872314453,0.07669518142938614,-1.6833217144012451,0.5946711897850037,0.20369403064250946,0.3770941495895386,0.4320736527442932
821,0.09794747804906463,0.7278125,0.547440705626545,1.050439436767192e-06,-1.6206609010696411,1.1294704675674438,0.4150851368904114,0.30628103017807007,0.5981361269950867,0.03744691610336304,-1.668382167816162,0.4336928725242615,0.18589496612548828,0.3531447947025299,0.4088123142719269
822,4.8583546739140235,0.78375,0.06926180978452183,9.185490625895909e-07,-1.481297254562378,0.6696088314056396,0.3799540400505066,0.27947211265563965,0.5620949268341064,0.03632122650742531,-1.7751960754394531,0.9239456653594971,0.29861700534820557,0.4146004021167755,0.436369389295578
823,0.6762093164406531,0.51375,0.04828427322096981,4.329418061388424e-06,-1.5307857990264893,0.7289970517158508,0.42536795139312744,0.3019653260707855,0.6209743022918701,0.02154357172548771,-1.7679779529571533,1.1820560693740845,0.3123137950897217,0.41347184777259827,0.39279359579086304
824,0.08232727313921255,0.54125,0.436215086571779,1.1376678230590187e-06,-1.6697911024093628,0.5186910629272461,0.2997063994407654,0.38380536437034607,0.4483869969844818,0.04174156114459038,-1.742370843887329,0.5372031927108765,0.2808810770511627,0.4787156581878662,0.42079243063926697
825,52.754056303514595,0.5043749999999999,0.25356757397908936,1.1715761729647056e-06,-1.631140947341919,0.5209727883338928,0.24054041504859924,0.32122597098350525,0.4259984791278839,0.024844417348504066,-1.6139276027679443,1.27049720287323,0.40921398997306824,0.35741639137268066,0.5255784392356873
826,0.3493600357494405,0.8912500000000001,0.5870776813668023,9.252116797142662e-07,-1.599761724472046,0.8074411749839783,0.3722355365753174,0.3811049461364746,0.5386648774147034,0.017010726034641266,-1.6500142812728882,0.7139762043952942,0.3893825113773346,0.29190391302108765,0.5668426156044006
827,0.05701381094772158,0.6421875,0.5306526188966287,3.028034143426339e-07,-1.523472785949707,0.48839864134788513,0.31186145544052124,0.37249231338500977,0.48328855633735657,0.06275572627782822,-1.6029839515686035,0.5769505500793457,0.21677184104919434,0.331340491771698,0.4021570682525635
828,0.12470118437770106,0.5743750000000001,0.3526466506446048,1.434476871509105e-06,-1.638000726699829,0.6429467797279358,0.40343886613845825,0.33158591389656067,0.5146269202232361,0.03851290047168732,-1.638399600982666,1.1365975141525269,0.45175427198410034,0.3713650703430176,0.6005321741104126
829,0.030611276253843266,0.2840625,0.5004001315397035,1.4007403024152154e-06,-1.4887406826019287,0.8685559034347534,0.5424814820289612,0.34971994161605835,0.5699440836906433,0.015565691515803337,-1.5956257581710815,0.7850902080535889,0.553389310836792,0.31677502393722534,0.5826888680458069
830,0.0515223316493008,0.5721875,0.5871257032844419,2.978976908707409e-06,-1.680882453918457,1.1943002939224243,0.29705092310905457,0.4459379315376282,0.42476534843444824,0.058777302503585815,-1.536137342453003,1.4971404075622559,0.34040966629981995,0.39614927768707275,0.4978424906730652
831,6.4497720877254405,0.753125,0.39672900384027876,2.4907690203690436e-06,-1.6244535446166992,1.0517054796218872,0.33075040578842163,0.44562429189682007,0.37856584787368774,0.028261441737413406,-1.5130850076675415,1.8693265914916992,0.3199957609176636,0.36023569107055664,0.4802122414112091
832,0.20896099613544933,0.6290625000000001,0.2599826205245265,1.1475038945718552e-06,-1.6960824728012085,1.2589268684387207,0.46256205439567566,0.3390936553478241,0.5723838806152344,0.018008897081017494,-1.7764718532562256,0.9549757242202759,0.22106808423995972,0.4131264388561249,0.39824166893959045
833,0.052023750666307024,0.3753125,0.547433371471832,9.459141097067914e-07,-1.6624950170516968,3.242743730545044,0.6716861724853516,0.2155429869890213,0.5613227486610413,0.020340826362371445,-1.7345349788665771,1.2443485260009766,0.4000402092933655,0.2849055528640747,0.5103732347488403
834,31.644038602303787,0.829375,0.4214498710873379,1.0149483387067448e-06,-1.6288756132125854,0.6920369863510132,0.3480520248413086,0.35284659266471863,0.4798348844051361,0.025001276284456253,-1.7300207614898682,0.7166088819503784,0.3963125944137573,0.40020692348480225,0.5508930087089539
835,0.06200427000360429,0.43499999999999994,0.40813745282367037,3.884564705458615e-07,-1.374545693397522,0.9611082077026367,0.5888305306434631,0.21553684771060944,0.688453197479248,0.03313754126429558,-1.8350963592529297,1.8775700330734253,0.646234393119812,0.2990686893463135,0.6863458156585693
836,0.0564695444152732,0.7096875,0.5597534190464828,1.2309034218560555e-06,-1.467759609222412,0.7935917973518372,0.5214269161224365,0.2799692153930664,0.6063915491104126,0.02143862657248974,-1.6803319454193115,0.7635322213172913,0.4418064057826996,0.3566034734249115,0.5348144769668579
837,0.04025828733819516,0.8768749999999998,0.677648655974443,8.766616588218312e-07,-1.4012726545333862,1.2359144687652588,0.428558886051178,0.3722829818725586,0.39909711480140686,0.06661467254161835,-1.870540976524353,0.952435314655304,0.46988746523857117,0.3925204873085022,0.5322813391685486
838,0.6695303339840606,0.83125,0.45045721423080354,1.8335091453991481e-06,-1.4477477073669434,1.9853942394256592,0.30696406960487366,0.3450423777103424,0.436679482460022,0.03561852127313614,-1.6282947063446045,1.3998055458068848,0.45134153962135315,0.27303367853164673,0.5782430768013
839,0.2584322847857672,0.5506249999999999,0.5113089334487724,8.977079346550454e-07,-1.3740426301956177,0.5289483666419983,0.39200466871261597,0.16396254301071167,0.5387405753135681,0.01162373274564743,-1.6757715940475464,0.6395838260650635,0.37586504220962524,0.3873264789581299,0.46142590045928955
840,0.051494694191168346,0.6168750000000001,0.5089154125578897,1.5424739103764296e-06,-1.535888433456421,1.9980829954147339,0.4379105865955353,0.4086223840713501,0.569584310054779,0.024525800719857216,-1.5018104314804077,1.0335471630096436,0.37462955713272095,0.3137386441230774,0.573409914970398
841,6.9509784437710325,0.781875,0.17014248440942153,2.4241978735517478e-06,-1.5843167304992676,1.1838583946228027,0.4547334611415863,0.35060036182403564,0.5375916361808777,0.06253362447023392,-1.5642759799957275,0.5188621878623962,0.38645705580711365,0.35081157088279724,0.3915287256240845
842,0.03726423631300891,0.35625,0.4686904304181431,2.834311999322381e-06,-1.7495418787002563,1.931535005569458,0.3446539342403412,0.4476753771305084,0.4840266704559326,0.008991326205432415,-1.5058072805404663,1.177603840827942,0.4958820343017578,0.33963340520858765,0.4716411828994751
843,0.6016349580744212,0.586875,0.6632966558195925,5.509633638212108e-07,-1.7087159156799316,1.3202153444290161,0.3500843346118927,0.3854094445705414,0.5673302412033081,0.03276753053069115,-1.513711929321289,1.4815068244934082,0.832991361618042,0.20875543355941772,0.5810713171958923
844,0.10538897448844789,0.8746875,0.44850844165921655,1.83626741545595e-06,-1.7331445217132568,0.6964403986930847,0.3214697241783142,0.3905702829360962,0.45947933197021484,0.03095281682908535,-1.3751453161239624,3.5536482334136963,0.4458828866481781,0.3823089301586151,0.44331738352775574
845,0.0718228080163126,0.39437500000000003,0.1552775922320855,1.709237494651461e-06,-1.7347972393035889,2.2512810230255127,0.40129128098487854,0.23913618922233582,0.48498448729515076,0.029435712844133377,-1.6233748197555542,1.6369013786315918,0.2923598885536194,0.386964350938797,0.4485836923122406
846,0.058928869619706795,0.8793749999999999,0.9280586480462564,1.4185550298861926e-06,-1.9037113189697266,0.8011043667793274,0.32467788457870483,0.47114646434783936,0.5755589604377747,0.03876197338104248,-1.7386767864227295,1.3084523677825928,0.2379280924797058,0.3868134021759033,0.4044802188873291
847,0.18752617181978895,0.55875,0.4691191679740417,1.1922599014724256e-06,-1.745104432106018,1.8363213539123535,0.49229779839515686,0.31796973943710327,0.596235990524292,0.05603555589914322,-1.7526991367340088,0.9403537511825562,0.2765396237373352,0.35029271245002747,0.41380825638771057
848,0.06524067478161012,0.75125,0.5151145167189148,2.9040375011391006e-06,-1.8200342655181885,0.8826389908790588,0.30343881249427795,0.4296187460422516,0.4807785749435425,0.05973498150706291,-1.7984743118286133,0.39971664547920227,0.2438354641199112,0.39618515968322754,0.49565625190734863
849,0.09937722056366043,0.5775,0.461872571205201,5.019744548917515e-07,-1.6685229539871216,0.6342869997024536,0.3485409915447235,0.3990849256515503,0.5381026864051819,0.08735713362693787,-1.7931543588638306,2.756713628768921,0.6606717109680176,0.32060229778289795,0.6041172742843628
850,0.05122199355331677,0.36124999999999996,0.46018474483770555,2.840316028596135e-06,-1.6602540016174316,0.5903468728065491,0.184810608625412,0.3699149489402771,0.5084003210067749,0.05124820023775101,-1.8848938941955566,2.1666054725646973,0.38093674182891846,0.37243157625198364,0.5147961974143982
851,2.3546590997534915,0.44000000000000006,-0.17278350540521667,3.845325409201905e-06,-1.690396785736084,0.4629667401313782,0.2964480519294739,0.4086418151855469,0.4554091691970825,0.01612391322851181,-1.779091238975525,3.2028706073760986,0.5261368751525879,0.33102843165397644,0.49337661266326904
852,0.038693556226183735,0.4628124999999999,0.6780686420627466,3.1800620945432456e-06,-1.4697991609573364,0.7770150303840637,0.37344083189964294,0.3075482249259949,0.5081265568733215,0.023712577298283577,-1.7669769525527954,0.8888689875602722,0.2554413676261902,0.4094950556755066,0.4590560793876648
853,0.08933319429353195,0.7978125,0.6444872302728977,1.3245498848846182e-06,-1.6374565362930298,0.9532782435417175,0.25073978304862976,0.3919602632522583,0.4695608913898468,0.015887416899204254,-1.5876655578613281,0.9892234802246094,0.4836442470550537,0.39093318581581116,0.4630797207355499
854,0.08421407123709625,0.7196875,0.6770008062306818,2.5703800474730087e-06,-1.5230070352554321,1.2927980422973633,0.44994819164276123,0.248182475566864,0.42174509167671204,0.08972960710525513,-1.401774287223816,0.9417499899864197,0.5343182682991028,0.29684978723526,0.6089215278625488
855,0.32805089477333177,0.770625,0.44126436316507495,3.2644475140841678e-06,-1.5867937803268433,1.3202929496765137,0.41112232208251953,0.2831660509109497,0.44934940338134766,0.07396884262561798,-1.5993211269378662,1.4362900257110596,0.31902414560317993,0.3350923955440521,0.4678366184234619
856,0.30470251862604714,0.59875,0.2796012205255567,1.4167349036142696e-06,-1.525942325592041,1.330213189125061,0.4666210412979126,0.31979674100875854,0.5875694155693054,0.03419920429587364,-1.5582400560379028,2.2347118854522705,0.3705025911331177,0.3751504719257355,0.5363228917121887
857,0.8659279501045922,0.8074999999999999,0.4338110498945797,4.3652380554703996e-07,-1.4843610525131226,1.1769064664840698,0.45188575983047485,0.38440045714378357,0.4439654052257538,0.059769704937934875,-1.508997917175293,1.3436799049377441,0.5384460687637329,0.30674031376838684,0.5848494172096252
858,11.483373403630853,0.8621874999999999,0.4484551059642178,2.751989995886106e-06,-1.679263949394226,1.418691635131836,0.5046269297599792,0.3655025362968445,0.535979151725769,0.06761930882930756,-1.7727925777435303,0.7347365617752075,0.34405118227005005,0.3725303113460541,0.48522478342056274
859,1.7098621566803665,0.8209375,0.11712523930251773,1.2415000583132496e-06,-1.5859801769256592,0.597184956073761,0.36521559953689575,0.2963561415672302,0.42453816533088684,0.021452423185110092,-1.6556096076965332,0.8296629190444946,0.3774077296257019,0.3912926912307739,0.4690917730331421
860,13.305226632776883,0.821875,0.17128093775262868,4.2721144382085185e-06,-1.763637661933899,0.8695616722106934,0.3786732256412506,0.3869132399559021,0.5244531035423279,0.050408363342285156,-1.654132604598999,0.6748322248458862,0.2967309355735779,0.3163191080093384,0.44395413994789124
861,0.13799564299528583,0.7765625,0.6901450870833894,1.7379040855303174e-06,-1.6337939500808716,1.1001520156860352,0.612930417060852,0.24716508388519287,0.5172279477119446,0.031704485416412354,-1.7342524528503418,1.2977849245071411,0.5102960467338562,0.2546711266040802,0.576660692691803
862,4540.388836655546,0.5553125,0.3285841308514807,2.1026612557761837e-06,-1.6130359172821045,2.0231940746307373,0.7019567489624023,0.20601102709770203,0.626545786857605,0.05509179085493088,-1.619030237197876,0.4500293731689453,0.20441153645515442,0.3354101777076721,0.3528294563293457
863,17.267104255119317,0.8034375,0.2357841084417392,1.6163610325747868e-06,-1.5201165676116943,1.2163633108139038,0.6546133160591125,0.18801936507225037,0.7825520634651184,0.0752214565873146,-1.7465767860412598,1.7094788551330566,0.5306494235992432,0.2898622453212738,0.55308997631073
864,0.24787841846013237,0.45062499999999994,0.5008692298166195,1.7579087625563261e-06,-1.492232322692871,0.6948489546775818,0.295367032289505,0.21975837647914886,0.4903484880924225,0.025468673557043076,-1.7951421737670898,0.6171712279319763,0.3059167265892029,0.42979782819747925,0.43936413526535034
865,0.10645904479410037,0.7462500000000001,1.0834542864006322,9.489234003012825e-07,-1.5730962753295898,0.6507129073143005,0.43518826365470886,0.26766830682754517,0.47846487164497375,0.038586344569921494,-1.650964379310608,1.127308964729309,0.4336732029914856,0.37105458974838257,0.5654010772705078
866,0.08675370836986337,0.898125,0.7836806990298815,7.284485263880924e-07,-1.4415006637573242,1.3625153303146362,0.4638975262641907,0.32205843925476074,0.548239529132843,0.028307829052209854,-1.7506155967712402,0.6158983707427979,0.2519347667694092,0.3591027557849884,0.37607359886169434
867,0.3042419584493766,0.9709375,0.44694051966102,3.377229631951195e-06,-1.5695264339447021,1.6775788068771362,0.365741491317749,0.3428570628166199,0.4479841887950897,0.03733733668923378,-1.6384291648864746,0.48305585980415344,0.29275012016296387,0.31002920866012573,0.48504355549812317
868,0.09305004310057613,0.780625,0.8130392237232362,1.6323359659509151e-06,-1.6773182153701782,2.122495174407959,0.6213200688362122,0.39891400933265686,0.5952772498130798,0.0457824170589447,-1.5595922470092773,0.5383450388908386,0.2269284725189209,0.2833322286605835,0.4148619771003723
869,0.6672526237604484,0.93875,0.6454240510704047,7.489508675462275e-07,-1.7199187278747559,0.8963868618011475,0.5088216066360474,0.31169214844703674,0.598391056060791,0.021995622664690018,-1.7000422477722168,1.0321581363677979,0.2158540040254593,0.39783042669296265,0.4218352437019348
870,1.2264503467405625,0.625625,-0.15811407375399367,1.315845338467625e-06,-1.7095921039581299,1.2161693572998047,0.32177734375,0.4491645395755768,0.41360798478126526,0.03076632134616375,-1.855820894241333,0.5645421147346497,0.3887195587158203,0.39185550808906555,0.4368112087249756
871,0.04736867338501422,0.6243749999999999,0.883458792736017,1.1611340369199752e-06,-1.813265323638916,0.817889392375946,0.39985191822052,0.30814677476882935,0.6043807864189148,0.06604871153831482,-1.6362833976745605,1.6704812049865723,0.4141921401023865,0.3849983811378479,0.5058481693267822
872,0.21103028030796675,0.6475,0.71086161145738,2.497489504094119e-06,-1.8299596309661865,0.7138034105300903,0.3098863363265991,0.3970087766647339,0.4186021089553833,0.055369630455970764,-1.6640293598175049,0.8297625184059143,0.4494195282459259,0.2848385274410248,0.4265552759170532
873,25.750629070451215,0.8959374999999999,0.3196028694070056,3.7972670270391973e-06,-1.7447800636291504,1.4635847806930542,0.2950841784477234,0.29589778184890747,0.4253440797328949,0.10872478038072586,-1.800053358078003,0.742210865020752,0.4689880609512329,0.4066421389579773,0.5621405839920044
874,0.050286251802628315,0.61875,0.4897742569046897,1.9742094536923105e-06,-1.9120829105377197,2.4921560287475586,0.5723482370376587,0.3581414520740509,0.49191051721572876,0.04038947820663452,-1.7637171745300293,0.9443848729133606,0.4408462941646576,0.33177217841148376,0.5289691090583801
875,25.963810533784898,0.8484375,0.04460869935032909,1.5784479501235182e-06,-1.804006576538086,1.3700730800628662,0.39771074056625366,0.3370676636695862,0.4487150013446808,0.029435347765684128,-1.78495454788208,0.7318282723426819,0.3323591649532318,0.47391143441200256,0.44688478112220764
876,0.052651774989106184,0.6846875,0.6036159161865818,1.4525265896736528e-06,-1.7812771797180176,1.698266863822937,0.3878714442253113,0.32526493072509766,0.4471842050552368,0.014191278256475925,-1.8475770950317383,0.583698034286499,0.2478221356868744,0.39868929982185364,0.46573975682258606
877,0.05692312134642563,0.375,0.2825068759082832,4.816062073587091e-07,-1.5443569421768188,0.9582631587982178,0.40557122230529785,0.3553585410118103,0.4965493679046631,0.0707104504108429,-1.8497085571289062,0.9387551546096802,0.5306109189987183,0.47737643122673035,0.4957903027534485
878,0.050336982421466905,0.8625,0.6485619061634702,7.735868052805017e-07,-1.5381494760513306,1.2774749994277954,0.28805115818977356,0.3421212136745453,0.4707110822200775,0.03252556547522545,-1.749060034751892,2.4978244304656982,0.51378333568573,0.2242828756570816,0.5647484660148621
879,0.06668852118534213,0.70875,0.6669963440056845,5.026213898418064e-07,-1.6214631795883179,0.935623049736023,0.41037049889564514,0.30552124977111816,0.5744608640670776,0.051882266998291016,-1.4688007831573486,0.9843742847442627,0.3906922936439514,0.24036386609077454,0.5403090119361877
880,0.10103754670436257,0.425,0.1766237212759241,8.328381682076724e-07,-1.4503731727600098,0.6733629107475281,0.35918110609054565,0.2256188541650772,0.4591120481491089,0.04553091526031494,-1.6765530109405518,1.0522472858428955,0.439521849155426,0.43718451261520386,0.5458576679229736
881,2.487111929824202,0.76625,0.44680490914603455,1.0961052794300485e-06,-1.6354646682739258,2.2512047290802,0.42193251848220825,0.40116751194000244,0.5093069076538086,0.04806559160351753,-1.7175434827804565,1.0599628686904907,0.2750638425350189,0.40174272656440735,0.4419444501399994
882,0.0756952816566167,0.6171875,0.40082027309474144,1.7740927660270245e-06,-1.6810109615325928,0.7976121306419373,0.26907479763031006,0.3503231704235077,0.34344199299812317,0.05590108036994934,-1.541334867477417,1.0636063814163208,0.2708813548088074,0.3565826416015625,0.4273954927921295
883,3.045413106510441,0.8028124999999999,0.37098572658729834,6.400308052434411e-07,-1.580743432044983,1.6193796396255493,0.42125436663627625,0.383797287940979,0.5490828156471252,0.03815842792391777,-1.693298101425171,1.1862455606460571,0.2843799293041229,0.35249605774879456,0.5427700877189636
884,0.055395386458584314,0.5253125,0.6981611370703015,1.224089373863535e-06,-1.8788220882415771,0.7034346461296082,0.22519296407699585,0.3512505888938904,0.4000607430934906,0.04316447302699089,-1.635252594947815,1.0062041282653809,0.4248695373535156,0.2661225497722626,0.47341710329055786
885,0.0815115447785554,0.8496874999999999,0.5708514009578824,2.0717423012683867e-06,-1.8108816146850586,0.7381804585456848,0.2720009684562683,0.38531404733657837,0.4619411826133728,0.034577738493680954,-1.7817929983139038,0.5587866902351379,0.36763161420822144,0.3258669376373291,0.5075465440750122
886,0.05390108277914531,0.7378125,0.5107713262292514,1.3352914720599074e-06,-1.7591731548309326,0.8793430328369141,0.3495360314846039,0.3312579393386841,0.5174605250358582,0.019288916140794754,-1.586768388748169,0.5760992765426636,0.30937260389328003,0.22757089138031006,0.5499772429466248
887,0.3807447927530393,0.670625,0.15739721080379052,8.304259040414763e-07,-1.7216129302978516,1.8953248262405396,0.33503228425979614,0.2735225558280945,0.4335758686065674,0.06779319792985916,-1.7379816770553589,0.5334541201591492,0.32230010628700256,0.3215954601764679,0.5429345965385437
888,0.20991215778064815,0.6056250000000001,0.5194548206093496,1.69761779034161e-06,-1.7480664253234863,1.1649993658065796,0.3586479425430298,0.3587912321090698,0.4352409839630127,0.02188965491950512,-1.696265697479248,0.7501108050346375,0.5510927438735962,0.3197394013404846,0.5665504336357117
889,4.0961698808588425,0.5325,-0.44397314177454084,1.6576917687416426e-06,-1.8355400562286377,1.5030393600463867,0.34042268991470337,0.2744678556919098,0.5004556775093079,0.018105434253811836,-1.7757141590118408,0.7369811534881592,0.3868989944458008,0.3641717731952667,0.4067901074886322
890,0.08874017659442973,0.516875,0.3525790067175896,1.2291293387534097e-06,-1.660260796546936,1.5224334001541138,0.44082459807395935,0.2617771625518799,0.5224144458770752,0.03433714807033539,-1.7171217203140259,0.8161377906799316,0.2569108009338379,0.39457499980926514,0.4248301088809967
891,16.830517713394052,0.5303125,0.5700867785881842,3.187683205396752e-06,-1.6529996395111084,0.9468930959701538,0.44940537214279175,0.26518702507019043,0.49995192885398865,0.03472069278359413,-1.8519444465637207,0.9591403603553772,0.3768573999404907,0.3948134779930115,0.5467153787612915
892,127.77783855328323,0.734375,0.1899504520222107,1.1845791050291155e-06,-1.7409816980361938,1.936667799949646,0.3828178644180298,0.44556355476379395,0.45144376158714294,0.04699111357331276,-1.84421968460083,1.04824960231781,0.43732601404190063,0.370403528213501,0.4628048837184906
893,0.2517885969998355,0.56875,0.17072675879686408,2.3341315227298765e-06,-1.764516830444336,2.224703550338745,0.372902512550354,0.4499809145927429,0.5196949243545532,0.022140655666589737,-1.8040039539337158,0.9527888894081116,0.3436356484889984,0.35227978229522705,0.5204089879989624
894,20.02449909543191,0.853125,0.628691775699844,7.369560535153141e-07,-1.557928204536438,1.484631061553955,0.7440528869628906,0.3210393488407135,0.6581411361694336,0.026275649666786194,-1.5982253551483154,0.7046104669570923,0.2759552001953125,0.32065898180007935,0.47189176082611084
895,0.02870755194591823,0.8153124999999999,0.9766723767413378,1.039808466885006e-06,-1.7235134840011597,1.879065990447998,0.3660436272621155,0.39043354988098145,0.4795800745487213,0.045141737908124924,-1.7713584899902344,0.59737628698349,0.297663152217865,0.3334524631500244,0.47726014256477356
896,0.07010218585661777,0.5606249999999999,0.564691280493633,3.6579949664883316e-06,-1.7243068218231201,1.5789680480957031,0.33046090602874756,0.37810638546943665,0.3867454528808594,0.026195231825113297,-1.7079647779464722,1.9664069414138794,0.3708646297454834,0.4664769172668457,0.4342978894710541
897,3.1753010211128094,0.8787500000000001,0.4530410823016121,2.1502753497770755e-06,-1.848846673965454,1.4065141677856445,0.5245158672332764,0.2913203835487366,0.6113653779029846,0.056709952652454376,-1.7556565999984741,1.222741723060608,0.36010435223579407,0.291138231754303,0.469819575548172
898,0.1318368544561638,0.44375,0.4015257810763412,1.2706809684459586e-06,-1.7455250024795532,0.5352779030799866,0.32622480392456055,0.3440355956554413,0.4321855902671814,0.021727070212364197,-1.8488619327545166,0.9550527930259705,0.2745515704154968,0.47309520840644836,0.3550933301448822
899,0.08612229376360987,0.8931250000000001,0.47898942844445475,2.135109070877661e-06,-1.9307351112365723,1.1486992835998535,0.530665397644043,0.39954376220703125,0.566178560256958,0.045895516872406006,-1.8252193927764893,0.7757492065429688,0.5929016470909119,0.34239956736564636,0.6290292739868164
900,0.09311850623673998,0.6399999999999999,0.5857657397286086,1.3038755923844292e-06,-1.786679744720459,0.8708826303482056,0.44210895895957947,0.39541417360305786,0.45075491070747375,0.03279093652963638,-1.6916999816894531,0.42984360456466675,0.28702080249786377,0.37799662351608276,0.433788001537323
901,0.2351463506147863,0.840625,0.5611866751312311,1.1110663535873755e-06,-1.8317056894302368,1.4271860122680664,0.43232178688049316,0.3555576205253601,0.5419851541519165,0.021566398441791534,-1.7491313219070435,1.0897966623306274,0.39427322149276733,0.34966182708740234,0.43270236253738403
902,2.9000904804284535,0.815625,0.46218409336046296,1.196116841128969e-06,-1.8967763185501099,0.9125518202781677,0.34759747982025146,0.3888566493988037,0.51626056432724,0.05095025151968002,-1.8856885433197021,0.794906497001648,0.2770370841026306,0.45317769050598145,0.43152856826782227
903,0.03432318780132183,0.6612500000000001,0.6346885034676569,2.6490290565561736e-06,-1.893526554107666,0.8823857307434082,0.4716470241546631,0.4248645007610321,0.548919677734375,0.0511898510158062,-1.7376004457473755,0.9237234592437744,0.3433806300163269,0.36404433846473694,0.49856624007225037
904,0.02313163116125716,0.6803125000000001,0.826188455920763,6.65522861709178e-07,-1.7469359636306763,0.8651363253593445,0.40931716561317444,0.4032425880432129,0.43565964698791504,0.07970155775547028,-1.7249332666397095,1.5117005109786987,0.38801634311676025,0.3056751787662506,0.5799856185913086
905,0.6178276994993032,0.7721875,0.4939083231003238,4.40111620036987e-07,-1.6854443550109863,1.0006378889083862,0.391489177942276,0.31577086448669434,0.600660502910614,0.0323132686316967,-1.7848197221755981,0.9922193288803101,0.3357347249984741,0.33385106921195984,0.38911429047584534
906,0.4864667730105173,0.6121875,0.5544710337883169,6.443051461246796e-07,-1.656975269317627,1.0962225198745728,0.35071927309036255,0.2544248700141907,0.5054885149002075,0.04309908300638199,-1.6805336475372314,1.0671353340148926,0.373395711183548,0.27887070178985596,0.5483828186988831
907,0.06271913706473257,0.7731250000000001,1.0235889610194169,8.776303843660571e-07,-1.616734504699707,1.0692472457885742,0.25047993659973145,0.33521774411201477,0.5306047201156616,0.020150747150182724,-1.6433000564575195,1.0834110975265503,0.3129115700721741,0.35009488463401794,0.4627940356731415
908,0.024641658199986205,0.8965624999999999,1.0117173851028227,6.380121249094373e-07,-1.691561222076416,1.280513882637024,0.5843166708946228,0.32711178064346313,0.5655978918075562,0.047129638493061066,-1.7193742990493774,1.0694029331207275,0.2186487317085266,0.3282875716686249,0.45681920647621155
909,0.0529991318470027,0.6040625000000001,0.45857753954638153,1.2804663356291712e-06,-1.6114933490753174,2.1133692264556885,0.4098483920097351,0.394778847694397,0.4818832576274872,0.03833082318305969,-1.611833095550537,1.8655328750610352,0.5710361003875732,0.2655502259731293,0.6890207529067993
910,0.12646114213791804,0.8571875,0.4768602927618291,1.6447330608571065e-06,-1.671372890472412,1.2283611297607422,0.6202446222305298,0.1916147619485855,0.6715673804283142,0.06347180902957916,-1.735501766204834,1.6085718870162964,0.24219492077827454,0.3763993978500366,0.4215628504753113
911,0.08039731155728132,0.3271875,0.365085029300191,5.722804985452967e-07,-1.7272849082946777,1.4236483573913574,0.29801270365715027,0.3940851092338562,0.45956724882125854,0.052900929003953934,-1.6897168159484863,0.7967392206192017,0.5414389371871948,0.30990421772003174,0.5386680960655212
912,0.15240998725866323,0.41,0.5100570016353789,4.091261871508323e-06,-1.7406320571899414,1.3589317798614502,0.22367188334465027,0.35878175497055054,0.48977676033973694,0.04542595148086548,-1.7970991134643555,0.9685536623001099,0.34991300106048584,0.3345375657081604,0.4437033236026764
913,0.1643596201857671,0.8787499999999999,0.47943062094417954,4.3195177568122745e-07,-1.8421701192855835,1.0956438779830933,0.5222183465957642,0.3411964178085327,0.5875312685966492,0.04323272407054901,-1.6469522714614868,1.412962555885315,0.619043231010437,0.2730358839035034,0.5723850727081299
914,0.12425415287393315,0.448125,0.24539757583269467,9.088806791623938e-07,-1.71101975440979,0.689163863658905,0.3696237802505493,0.3569575548171997,0.49435868859291077,0.02870379574596882,-1.9078505039215088,0.9276048541069031,0.21669209003448486,0.3925767242908478,0.4012194871902466
915,0.08847657132258793,0.9262499999999999,0.6339213166951578,9.030607088789111e-07,-1.7520110607147217,1.9097206592559814,0.46928495168685913,0.30417484045028687,0.43906065821647644,0.025633225217461586,-1.7787500619888306,0.6578352451324463,0.4880671501159668,0.3039267659187317,0.5582048892974854
916,0.7403091269380973,0.5803125,0.14307268783597646,3.64821403309179e-06,-1.6985217332839966,0.9269211888313293,0.3557621240615845,0.3275386691093445,0.5488144159317017,0.023490803316235542,-2.009018898010254,1.0230693817138672,0.4666849970817566,0.4060174822807312,0.5377069115638733
917,7.835777799646914,0.7224999999999999,0.4238115182969871,2.97090338108319e-07,-1.789402961730957,1.4863688945770264,0.3651142716407776,0.3131393492221832,0.5549580454826355,0.025456350296735764,-1.8950726985931396,0.9771788120269775,0.3195384740829468,0.3480738401412964,0.5113509297370911
918,0.10288283740937243,0.48531250000000004,0.39323072727441755,3.32159061144921e-07,-1.9091976881027222,0.6031692624092102,0.2436266839504242,0.4012395739555359,0.4391309320926666,0.028009265661239624,-1.877834677696228,0.8108313083648682,0.33265653252601624,0.3591998815536499,0.49470508098602295
919,0.0779023774348779,0.7903125,0.5062224388397272,5.837429171151598e-07,-1.7919474840164185,1.104127287864685,0.2726057767868042,0.31356436014175415,0.39257141947746277,0.03404264152050018,-1.6859960556030273,0.6469032168388367,0.4136526882648468,0.3111439049243927,0.5668479800224304
920,12.182457548523821,0.8949999999999999,0.4197512461147979,8.724663871362281e-07,-1.6669394969940186,1.2622108459472656,0.48881053924560547,0.37977632880210876,0.6167876124382019,0.04249626398086548,-1.7161164283752441,0.5796293020248413,0.2766896188259125,0.30621594190597534,0.4943749010562897
921,0.031738683961596834,0.9315625000000001,0.7737045275653858,8.027356557249732e-07,-1.7771130800247192,1.0658634901046753,0.3926813304424286,0.34753522276878357,0.4676007032394409,0.02468356303870678,-1.7199089527130127,0.8093164563179016,0.5258314609527588,0.2667505145072937,0.5956464409828186
922,1.94217422029147,0.55625,0.34807729821085703,3.5612017654784722e-06,-1.7862390279769897,0.9678497314453125,0.3674565553665161,0.26253026723861694,0.5513744950294495,0.1047857329249382,-1.8973468542099,0.9562952518463135,0.43279603123664856,0.4275340735912323,0.5156248807907104
923,1.1661840951130236,0.8271875000000002,0.6526522882365521,9.48679826251464e-07,-1.727979302406311,1.4585973024368286,0.4105965793132782,0.4160405993461609,0.5576282739639282,0.08623167872428894,-1.8294650316238403,1.5152064561843872,0.3787144422531128,0.4105857312679291,0.5026290416717529
924,14.060360336413634,0.8890625,0.22514500204185559,6.47038291390345e-07,-1.638763666152954,1.0813261270523071,0.3924335837364197,0.3796866834163666,0.43094608187675476,0.07292591780424118,-1.6673587560653687,1.9876779317855835,0.8487732410430908,0.15878066420555115,0.8408523201942444
925,0.46551132276430723,0.793125,0.30941325459466046,1.1766931038437178e-06,-1.5297279357910156,0.8252189755439758,0.23510520160198212,0.28340741991996765,0.42477503418922424,0.07126319408416748,-1.5971102714538574,3.1605348587036133,0.586722195148468,0.4541945159435272,0.5090389251708984
926,1.0679895587685624,0.8346875,0.4598086560209908,5.810163088426634e-07,-1.5837249755859375,0.7427279949188232,0.3564227223396301,0.35829436779022217,0.5007863640785217,0.0383576862514019,-1.7355329990386963,0.8950302600860596,0.5736418962478638,0.27036812901496887,0.6778260469436646
927,0.1523717694020985,0.31999999999999995,0.05471267815078895,2.487236656634195e-07,-1.7656503915786743,1.0381821393966675,0.34550946950912476,0.32981076836586,0.5101411938667297,0.022691696882247925,-1.8255095481872559,0.9890340566635132,0.5221465826034546,0.3600236177444458,0.4964570999145508
928,0.5866210821099388,0.5403125,0.6209147638289121,4.4489047468232457e-07,-1.677400827407837,0.8142963647842407,0.3796842098236084,0.31955042481422424,0.431753545999527,0.11711061745882034,-1.7764935493469238,0.9229891300201416,0.39584264159202576,0.33603590726852417,0.4486801326274872
929,0.6141913307925364,0.46656250000000005,0.33938449863714315,1.3946350918558892e-06,-1.9340078830718994,1.2847858667373657,0.36631351709365845,0.36833199858665466,0.4640964865684509,0.015490490011870861,-1.7695329189300537,1.379572868347168,0.4631090760231018,0.2534710168838501,0.6173570156097412
930,0.2579608875844542,0.561875,0.3991978913928525,3.2632613056193804e-06,-1.6499736309051514,0.8260670900344849,0.2654203772544861,0.3646930158138275,0.4647097885608673,0.09616757184267044,-1.8091288805007935,1.2654147148132324,0.42851632833480835,0.33649030327796936,0.44700199365615845
931,0.5520229360406641,0.665625,0.9206243690619373,4.821325205739413e-07,-1.7174333333969116,1.4780628681182861,0.3873295187950134,0.41147202253341675,0.5024974942207336,0.06320669502019882,-1.8208668231964111,1.318664789199829,0.40188565850257874,0.42962488532066345,0.4524464011192322
932,0.07621683431401623,0.8956250000000001,0.6696043879825122,1.110442099161446e-06,-1.9650788307189941,2.1021628379821777,0.29856351017951965,0.5276949405670166,0.4631725251674652,0.06178540736436844,-1.7018518447875977,1.6548608541488647,0.56208336353302,0.31670957803726196,0.6326577663421631
933,0.12324096592262823,0.5846875,0.6499253485888101,3.669481714041467e-07,-1.9385967254638672,3.581754684448242,0.8800786733627319,0.3008427023887634,0.6985368728637695,0.028728565201163292,-1.8890328407287598,0.6931785941123962,0.5553718209266663,0.37282681465148926,0.5926715135574341
934,0.41707260586930095,0.8774999999999998,0.7262118252626888,6.956707352401281e-07,-1.8047913312911987,1.1639100313186646,0.42326197028160095,0.3567879796028137,0.5086466670036316,0.03480745851993561,-2.002610206604004,0.4537273943424225,0.21410471200942993,0.439763605594635,0.4120027720928192
935,0.12953626894800901,0.599375,0.6781892097356808,7.920646112324903e-07,-1.937170147895813,0.628543496131897,0.26532068848609924,0.41541802883148193,0.4706631004810333,0.07426700741052628,-1.998856544494629,0.5807496905326843,0.37590470910072327,0.3854820132255554,0.485806941986084
936,0.30993640600593986,0.5425,0.8127524583231374,9.16222461455618e-07,-1.8881498575210571,1.7204114198684692,0.6275492310523987,0.312563955783844,0.607066810131073,0.019365524873137474,-1.954491138458252,0.9456056356430054,0.46975448727607727,0.3778255879878998,0.5592307448387146
937,4.255601927228204,0.6165625,0.30114929920374706,8.018398602871457e-07,-1.587837815284729,2.3864645957946777,0.8170859217643738,0.19279971718788147,0.650184690952301,0.043835315853357315,-1.9002240896224976,1.4734909534454346,0.5890094041824341,0.3648688793182373,0.5162498950958252
938,5.0826531014503535,0.49625,-0.10720791272476562,1.129398356169986e-06,-1.680954933166504,1.0751636028289795,0.46136489510536194,0.3829408884048462,0.5168799161911011,0.0294813085347414,-1.9014902114868164,2.387876033782959,0.6492104530334473,0.30255967378616333,0.5275297164916992
939,0.3398873784295982,0.7962499999999999,0.3536315615138423,8.431693458987866e-07,-1.7193772792816162,2.70719051361084,0.5920382142066956,0.3767940402030945,0.6049641966819763,0.09125068038702011,-1.9835517406463623,2.846018075942993,0.605696439743042,0.32523056864738464,0.5698270797729492
940,0.048357610078718326,0.754375,0.7690057968764149,1.0637362493071123e-06,-1.7421764135360718,2.6855125427246094,0.36504167318344116,0.4325436055660248,0.44641822576522827,0.09588981419801712,-1.5798178911209106,1.2754679918289185,0.4818383753299713,0.2929598093032837,0.5232075452804565
941,57.921827406686205,0.686875,-0.21932347791719603,6.621161787734309e-07,-1.8093762397766113,0.7952429056167603,0.38538652658462524,0.3873995244503021,0.44189754128456116,0.07063142955303192,-1.6512506008148193,2.980705499649048,0.30245327949523926,0.40067556500434875,0.4894349277019501
942,0.06658363398005529,0.41875,0.3102764025920733,1.352524918729614e-06,-1.8528318405151367,1.2622404098510742,0.31620916724205017,0.4093606472015381,0.524273157119751,0.10331764072179794,-1.800112009048462,2.8184642791748047,0.3626375198364258,0.42037057876586914,0.357175350189209
943,0.019796631303418896,0.634375,0.8006550731214993,6.033079102962802e-07,-1.7650691270828247,0.6142571568489075,0.2649056315422058,0.25608307123184204,0.4381678104400635,0.08322359621524811,-1.687088966369629,1.2637776136398315,0.478443443775177,0.1678491234779358,0.48094236850738525
944,93.77553695242923,0.780625,0.4071793619812444,1.228643668582663e-06,-1.7393741607666016,1.140160083770752,0.6735175848007202,0.3125377297401428,0.7757591605186462,0.05284765735268593,-1.9877208471298218,1.8770583868026733,0.6082225441932678,0.42631661891937256,0.5936753153800964
945,0.9624317487680847,0.6284375000000001,0.23750286229319612,5.298297764966264e-07,-1.7860121726989746,1.5318747758865356,0.40296030044555664,0.3008200526237488,0.54421067237854,0.07042969763278961,-1.8501394987106323,1.209179401397705,0.31426236033439636,0.36744990944862366,0.5098736882209778
946,0.7184040763874162,0.4203125,0.33665440889944315,7.82094900841912e-07,-2.135819435119629,2.605191946029663,0.5810048580169678,0.325259804725647,0.5544302463531494,0.04189552739262581,-1.732160210609436,0.8718485236167908,0.35790306329727173,0.254726380109787,0.6000409722328186
947,0.059375056175837146,0.48,0.2562953260835278,9.367449251840299e-07,-1.9749473333358765,1.3332839012145996,0.3287423849105835,0.35285574197769165,0.4759032726287842,0.048822272568941116,-2.0140411853790283,0.8733505010604858,0.27572962641716003,0.4194687008857727,0.40639352798461914
948,0.08522942448253877,0.8653124999999999,0.4244570381653164,2.072464212687919e-06,-1.8062937259674072,0.8466711640357971,0.5336048603057861,0.3269950747489929,0.6185541152954102,0.07869907468557358,-2.1080846786499023,1.4067708253860474,0.4313451945781708,0.44665104150772095,0.5051184296607971
949,0.051907482395206817,0.47156249999999994,0.504240000854639,6.543736503772379e-07,-1.8671667575836182,1.025385856628418,0.2276078462600708,0.45168301463127136,0.4488687813282013,0.028550727292895317,-2.0545806884765625,1.3600003719329834,0.3404979109764099,0.36462754011154175,0.5138140320777893
950,0.03581683613407687,0.8706250000000001,0.7450646810548314,1.0611242942104582e-06,-1.8716933727264404,0.7373690009117126,0.3385471701622009,0.4134940505027771,0.39812028408050537,0.08238115906715393,-1.9786376953125,1.201849341392517,0.4746893346309662,0.4076233208179474,0.48941653966903687
951,0.09563981787956291,0.8543749999999999,0.3533156082379417,1.1669343535913868e-07,-1.9362767934799194,0.8228963017463684,0.3023761808872223,0.34072113037109375,0.5288872122764587,0.03845297172665596,-1.952626347541809,1.5676467418670654,0.3195391893386841,0.3144078254699707,0.41711342334747314
952,0.03136406598939398,0.9215625,0.7861105438673851,2.795910177155747e-06,-2.0370988845825195,1.1552250385284424,0.5190712213516235,0.4202711582183838,0.49059659242630005,0.04112971946597099,-1.9217177629470825,1.6321473121643066,0.4730944335460663,0.3064071834087372,0.48016613721847534
953,0.335966553481735,0.5684375,0.8066770290867329,1.3913208931626286e-06,-1.7132892608642578,1.0279970169067383,0.23816123604774475,0.33317673206329346,0.44462883472442627,0.02773263305425644,-1.790712594985962,2.1060688495635986,0.6132285594940186,0.39741435647010803,0.5811662077903748
954,0.07470029104384641,0.660625,0.48741870635535245,2.4955920707725454e-07,-1.864334225654602,0.7507057189941406,0.3227713108062744,0.32675883173942566,0.4434926211833954,0.03035210445523262,-1.6194097995758057,1.5787596702575684,0.3626512289047241,0.3530481159687042,0.5415200591087341
955,0.4837184283364552,0.69375,0.30374181123428184,1.1207242778255022e-06,-1.7596704959869385,0.6120691299438477,0.27203604578971863,0.32724112272262573,0.46871161460876465,0.10924211889505386,-1.72477126121521,0.6954424381256104,0.41124674677848816,0.3188091814517975,0.47999194264411926
956,0.045527859169166275,0.7790625,0.619423115304581,6.287049814091006e-07,-1.8258947134017944,1.0306766033172607,0.38842496275901794,0.3722374737262726,0.49817049503326416,0.029450004920363426,-1.6763412952423096,1.819301724433899,0.3680153489112854,0.3508553206920624,0.4702349901199341
957,0.04787508683889102,0.6784375,0.8454606361807656,6.512010486403597e-07,-1.6584134101867676,0.7083913683891296,0.4273398816585541,0.31712231040000916,0.5533695220947266,0.11173763871192932,-1.9040313959121704,1.8186471462249756,0.3720109462738037,0.42930319905281067,0.5188963413238525
958,0.361888724151855,0.7178125,0.07284280451050168,1.0418909823783906e-06,-1.8669040203094482,0.7753075361251831,0.4374726414680481,0.31692788004875183,0.5637232661247253,0.06736914068460464,-2.086231231689453,0.68658047914505,0.3875928521156311,0.36645954847335815,0.5013439059257507
959,0.06696136567904525,0.639375,0.536162442727829,1.8361063212068984e-06,-1.9400206804275513,1.251522421836853,0.41909950971603394,0.34178081154823303,0.5537848472595215,0.036823924630880356,-1.7940212488174438,0.6372016668319702,0.32587534189224243,0.2727627158164978,0.5167384147644043
960,3.800828124095952,0.8574999999999999,0.5552434045453898,2.329917606402887e-06,-1.812211275100708,0.744660496711731,0.38895636796951294,0.33503609895706177,0.5687086582183838,0.02970145083963871,-1.8666592836380005,0.8312360048294067,0.5343716144561768,0.28352922201156616,0.6148025989532471
961,1472.8002038483387,0.8474999999999999,0.43831253373578105,1.3200188959672232e-06,-1.5215753316879272,1.0912187099456787,0.28585171699523926,0.30108383297920227,0.4991687834262848,0.03459132835268974,-2.029313564300537,0.9765075445175171,0.34487661719322205,0.39458486437797546,0.3939673602581024
962,0.03851297331511379,0.8568750000000002,0.7397725838817648,1.947111968547688e-06,-1.9811344146728516,0.9452772736549377,0.28696829080581665,0.43062862753868103,0.4528902769088745,0.039820726960897446,-1.9257729053497314,0.7349356412887573,0.2925902307033539,0.32554131746292114,0.4750000536441803
963,0.057734161034061524,0.46687499999999993,0.4537073518461702,2.6872412490774877e-06,-1.9093601703643799,1.0470763444900513,0.5721405148506165,0.33804020285606384,0.6686438918113708,0.031338851898908615,-2.0183615684509277,0.9999617338180542,0.27293992042541504,0.48142048716545105,0.43917417526245117
964,0.02927835120331082,0.5365624999999999,0.7096410810130942,6.722323746544134e-07,-1.8191463947296143,1.1310237646102905,0.4375849962234497,0.35652798414230347,0.4875519573688507,0.03628244251012802,-2.122131586074829,1.1128209829330444,0.2748408317565918,0.3865528702735901,0.4530433714389801
965,0.30065795806113116,0.8465624999999999,0.4935271657059498,5.711025892196631e-07,-1.8383187055587769,0.7942622303962708,0.47090858221054077,0.3630024194717407,0.49151644110679626,0.04250606149435043,-1.9679075479507446,1.0996365547180176,0.38538670539855957,0.3474429249763489,0.5159164071083069
966,0.16597701843276658,0.8578125,0.8504955909816193,1.0772358791655279e-06,-1.7880895137786865,0.8249927759170532,0.37834882736206055,0.4060268700122833,0.41491031646728516,0.03677677363157272,-1.7954128980636597,2.4591920375823975,0.4909295439720154,0.2941640019416809,0.5106797218322754
967,0.6943284871006552,0.515625,0.48744854487556977,6.748397254341398e-07,-1.7131242752075195,1.082436203956604,0.22870925068855286,0.38365688920021057,0.41614043712615967,0.08145489543676376,-1.9402000904083252,0.8387589454650879,0.2664392292499542,0.39014458656311035,0.4498744308948517
968,0.08546086045141979,0.8896875000000002,0.5351920092832024,1.0842673248134815e-07,-1.7467917203903198,1.1347980499267578,0.5088202357292175,0.248806893825531,0.6623295545578003,0.0932004302740097,-2.0135815143585205,1.271140456199646,0.37804651260375977,0.4185532331466675,0.4372328817844391
969,0.14376547591623642,0.488125,0.15085903475419643,3.289931669314683e-07,-1.7170226573944092,0.7217326760292053,0.3724673390388489,0.3043506145477295,0.558199405670166,0.06588762998580933,-1.965909481048584,1.7696489095687866,0.640897274017334,0.4054565131664276,0.6477489471435547
970,0.6186097841076492,0.9053125,0.5057272331090052,4.2536163391559967e-07,-1.924696683883667,1.512150764465332,0.3659478724002838,0.4668499529361725,0.4825482964515686,0.026907166466116905,-1.888824224472046,1.517773985862732,0.45981258153915405,0.4146071672439575,0.5175771117210388
971,0.03687837452008562,0.8715624999999999,0.7049015984879666,2.2462620563601376e-06,-1.8587539196014404,0.6129897236824036,0.3583695888519287,0.31227901577949524,0.5054042935371399,0.0292450413107872,-2.0522565841674805,1.779523253440857,0.38670769333839417,0.2889198958873749,0.501338541507721
972,0.1151525088007835,0.865625,0.8287439741306823,5.49935407434532e-07,-1.9478670358657837,0.6874697804450989,0.23614126443862915,0.3471163213253021,0.3909974992275238,0.03388839215040207,-1.9142601490020752,0.787462055683136,0.4027147591114044,0.3264455497264862,0.5375262498855591
973,0.04628037206103837,0.52125,0.455864609866131,6.33918205039663e-07,-1.8577375411987305,0.9302078485488892,0.37828078866004944,0.4145943522453308,0.4630933105945587,0.04344228655099869,-1.7212672233581543,0.7039023637771606,0.3080873489379883,0.2953351140022278,0.43513041734695435
974,0.6499350291877686,0.8415625,0.7364086308639484,5.389676971390145e-07,-1.7206896543502808,1.1918063163757324,0.24839043617248535,0.34249651432037354,0.4378584027290344,0.04916347935795784,-2.0935511589050293,0.8362728953361511,0.36083540320396423,0.42505472898483276,0.5336980223655701
975,0.08306773160250933,0.6740625,0.5338321027304882,2.1595681687358592e-07,-1.7704215049743652,1.2686349153518677,0.49427658319473267,0.2716284394264221,0.5839238166809082,0.02297615259885788,-1.9466602802276611,0.6020249724388123,0.22294917702674866,0.3750241696834564,0.3856644034385681
976,0.05671598640494464,0.4603125,0.5713981085964993,1.0868856179513386e-06,-1.8312097787857056,0.9737658500671387,0.4675927758216858,0.37756919860839844,0.4568503201007843,0.07086827605962753,-2.0867600440979004,0.8794969320297241,0.3590525984764099,0.45061230659484863,0.4240393042564392
977,0.04944761390521281,0.3334375,0.26702878490444243,7.370390449068509e-07,-1.87521231174469,1.0244795083999634,0.6093342304229736,0.412314236164093,0.5810551643371582,0.06672647595405579,-1.9266297817230225,1.5332790613174438,0.8219645023345947,0.36288341879844666,0.5707150101661682
978,84.23896378563936,0.66875,0.38312366916317,7.237084531652727e-08,-1.8642518520355225,1.1885128021240234,0.20788992941379547,0.44668179750442505,0.42830896377563477,0.028617657721042633,-2.0376107692718506,1.2225018739700317,0.2686448395252228,0.4650334417819977,0.4424419105052948
979,0.5578500808635269,0.8678125,0.6944929491498243,5.792274464511138e-07,-1.87428617477417,2.1225688457489014,0.5029194355010986,0.2822761535644531,0.569676399230957,0.04178737476468086,-1.9497504234313965,0.843779444694519,0.5285237431526184,0.4630420207977295,0.49601542949676514
980,0.14833530751600754,0.7025,0.4736022125839357,6.758469908163534e-07,-2.0498831272125244,0.6990674138069153,0.367720365524292,0.35411104559898376,0.47867101430892944,0.06447166949510574,-1.8650158643722534,1.4019038677215576,0.4159758388996124,0.422792911529541,0.5326184630393982
981,0.6493521657265984,0.8671875,0.7314586088444737,2.653569595167937e-07,-1.8467576503753662,1.0451675653457642,0.4220368564128876,0.3523453176021576,0.5191546082496643,0.029423706233501434,-2.0694212913513184,1.2633568048477173,0.40980100631713867,0.3580681085586548,0.46465978026390076
982,19.25066828756494,0.9271875000000002,0.35751392198180487,8.571005878366122e-07,-1.9817073345184326,0.9841985702514648,0.38773053884506226,0.3842580318450928,0.40867701172828674,0.037288397550582886,-1.9019701480865479,0.7274344563484192,0.35241448879241943,0.35408055782318115,0.480783611536026
983,0.23997928461301493,0.5740624999999999,0.5010077945129191,4.7691924009996e-07,-1.7687634229660034,1.3171472549438477,0.38959741592407227,0.39499631524086,0.5296260118484497,0.03659510985016823,-1.900133490562439,2.0297353267669678,0.6194233894348145,0.24242104589939117,0.6354507803916931
984,0.9843951146899295,0.784375,0.8060462044302146,3.4783462865561887e-07,-1.7756593227386475,1.49064302444458,0.39227959513664246,0.41401708126068115,0.47427454590797424,0.07837752252817154,-2.024973154067993,0.9161423444747925,0.4557752013206482,0.45639199018478394,0.39130982756614685
985,0.04468213913618293,0.9615624999999998,1.1254470102069127,1.324311483585916e-06,-1.8078315258026123,1.1004574298858643,0.6254167556762695,0.27656033635139465,0.6308761239051819,0.02272455208003521,-1.9235445261001587,1.318501353263855,0.6081398725509644,0.35231611132621765,0.5128259658813477
986,0.6324270166399457,0.769375,0.5475879166060862,2.748861334112007e-07,-1.853480577468872,1.190960168838501,0.40052491426467896,0.39203205704689026,0.4460802972316742,0.06119297817349434,-1.825782060623169,2.083028554916382,0.4529220461845398,0.41993439197540283,0.6130208969116211
987,10.187916272005214,0.44343750000000004,0.17355315345081862,4.2426995605637785e-07,-1.8392975330352783,1.1528699398040771,0.33344215154647827,0.36879846453666687,0.5030754208564758,0.0500953271985054,-1.9192203283309937,0.7598670721054077,0.478715181350708,0.39848893880844116,0.4186602234840393
988,0.1894234772345836,0.9509375,0.7675487243961625,3.138427757676254e-07,-1.8144235610961914,0.86835777759552,0.34632861614227295,0.3831225633621216,0.5261627435684204,0.05425115302205086,-1.888982892036438,1.2195621728897095,0.24908342957496643,0.35808542370796204,0.40683555603027344
989,0.1134418716026296,0.6284375000000001,0.6439625047272584,1.2852840427513001e-06,-1.7892842292785645,0.8974398970603943,0.3455180525779724,0.3702527582645416,0.4958499073982239,0.053009118884801865,-1.840669870376587,1.8224960565567017,0.46016889810562134,0.4081154465675354,0.4902194142341614
990,1.4376990870873216,0.68125,0.574174744589268,1.082985818356974e-06,-1.9758524894714355,1.0963600873947144,0.3710811138153076,0.3346993625164032,0.6070120334625244,0.027168897911906242,-1.9104502201080322,0.6206285953521729,0.2767726182937622,0.2987973392009735,0.4897608458995819
991,0.43845035080690187,0.5665625000000001,0.9221657806891533,2.651087243066286e-07,-2.0401952266693115,2.291907787322998,0.45704683661460876,0.2797791659832001,0.5330698490142822,0.06180783733725548,-2.099334955215454,2.0475378036499023,0.5402770638465881,0.42409077286720276,0.4297420084476471
992,0.03449882622016809,0.5721875,0.6892092577925284,8.361156460523489e-07,-2.0484042167663574,0.9202511310577393,0.26898956298828125,0.37863630056381226,0.4017256498336792,0.07830163836479187,-2.0881571769714355,1.840973138809204,0.5076943635940552,0.3911650478839874,0.49694234132766724
993,0.04904416610846197,0.5543750000000001,0.4634050301722972,1.3752777476838673e-06,-2.0163426399230957,1.8831945657730103,0.6250122785568237,0.3740059733390808,0.5878357291221619,0.07833708077669144,-1.8842185735702515,1.1674177646636963,0.7299838662147522,0.3465085029602051,0.6703614592552185
994,0.10060501180772057,0.30218749999999994,0.25043020223873974,4.5183284669292334e-07,-1.7990281581878662,0.7547394633293152,0.3081953525543213,0.3618217706680298,0.5294930934906006,0.10258902609348297,-2.0381875038146973,1.0779492855072021,0.2902296185493469,0.3904707431793213,0.45947641134262085
995,62.72918187797852,0.6746874999999999,0.47081427845409307,6.164343062664557e-07,-1.6965186595916748,1.7428678274154663,0.3967817425727844,0.41036081314086914,0.43619194626808167,0.05229271948337555,-1.9046223163604736,0.7885702252388,0.4123073220252991,0.34609079360961914,0.5188168287277222
996,1.2535788346401529,0.5809374999999999,0.24359859569969405,1.127204541262472e-06,-2.057468891143799,1.140367865562439,0.4098462462425232,0.39431536197662354,0.5461519360542297,0.0907842218875885,-1.7906984090805054,1.3061213493347168,0.57422935962677,0.3068704903125763,0.5245488882064819
997,0.15367831551484287,0.9025000000000001,0.5465171478870143,1.4336536935388722e-07,-1.6271162033081055,1.257300853729248,0.4856950044631958,0.2757112383842468,0.578869104385376,0.08822634816169739,-1.7909799814224243,1.7892450094223022,0.3769610524177551,0.34921351075172424,0.4524584412574768
998,0.2269441116587235,0.6234375,0.708378556879496,1.0212806955678388e-06,-1.8667186498641968,0.7467747926712036,0.31944960355758667,0.36017686128616333,0.4391428232192993,0.061935458332300186,-2.056065559387207,1.991263747215271,0.3042881488800049,0.42722374200820923,0.480991005897522
999,0.04995096763959319,0.3040625,0.5036964852447037,5.182091626920737e-07,-1.9403061866760254,0.9637211561203003,0.4251757860183716,0.4085453152656555,0.40696921944618225,0.09839662164449692,-2.111844539642334,0.49173253774642944,0.2767704129219055,0.411147803068161,0.43148770928382874
1000,3.162910919464305,0.39468749999999997,-0.030205651456114025,6.642312655458227e-07,-1.7982139587402344,0.9438000917434692,0.4436587393283844,0.3731245994567871,0.4977547228336334,0.0307052880525589,-1.9678149223327637,0.7264967560768127,0.4207220673561096,0.36843863129615784,0.47522175312042236
