episode,global_step,fading_model,hidden_dim,avg_shaped_reward,avg_R_legit_mbps,avg_R_eve_mbps,avg_R_sec_mbps,eval_R_sec_mbps,last_eval_R_sec_mbps,steps,rolling20,rolling20_avg_R_sec_mbps,rolling100,rolling100_avg_R_sec_mbps,convergence_gap,convergence_gap20_100_mbps
1,200,rician,64,8.285495510181864,8.667553461727612,0.09417735869126362,8.573376103036347,,,200,8.573376103036347,8.573376103036347,8.573376103036347,8.573376103036347,0.0,0.0
2,400,rician,64,5.985026378060099,8.398321422858404,2.114094212938688,6.304621550928219,,,200,7.438998826982283,7.438998826982283,7.438998826982283,7.438998826982283,0.0,0.0
3,600,rician,64,5.492581416968575,7.940478838009463,1.9577487768682629,5.999373359477661,,,200,6.95912367114741,6.95912367114741,6.95912367114741,6.95912367114741,0.0,0.0
4,800,rician,64,6.385801113833895,9.063862222171174,2.3767034061261727,6.687158816045003,,,200,6.891132457371808,6.891132457371808,6.891132457371808,6.891132457371808,0.0,0.0
5,1000,rician,64,0.38123828341656496,7.763931049403058,7.158735436528203,1.2318396161503338,,,200,5.759273889127513,5.759273889127513,5.759273889127513,5.759273889127513,0.0,0.0
6,1200,rician,64,3.9516977110184786,8.278547765207774,4.115907648798106,4.2443690389720246,,,200,5.506789747434932,5.506789747434932,5.506789747434932,5.506789747434932,0.0,0.0
7,1400,rician,64,9.024824386441349,10.376429945692456,1.0535274268551582,9.3229025188373,,,200,6.051948714778127,6.051948714778127,6.051948714778127,6.051948714778127,0.0,0.0
8,1600,rician,64,7.156282259163874,8.418009026702368,0.9698501054769999,7.448158921225361,,,200,6.22647499058403,6.22647499058403,6.22647499058403,6.22647499058403,0.0,0.0
9,1800,rician,64,7.364104215648647,8.365266854716804,0.7077178433028779,7.657549011413918,,,200,6.385483215120685,6.385483215120685,6.385483215120685,6.385483215120685,0.0,0.0
10,2000,rician,64,8.10590026987935,8.957189080831686,0.5557409370676837,8.401448143764004,,,200,6.5870797079850165,6.5870797079850165,6.5870797079850165,6.5870797079850165,0.0,0.0
11,2200,rician,64,4.52985220824189,9.019219752999778,4.08763500073347,4.946537239125466,,,200,6.437939483543238,6.437939483543238,6.437939483543238,6.437939483543238,0.0,0.0
12,2400,rician,64,6.095425431765015,8.646806877219875,2.2553079968750964,6.395203909816827,,,200,6.4343781857327045,6.4343781857327045,6.4343781857327045,6.4343781857327045,0.0,0.0
13,2600,rician,64,7.402714405904999,8.320232073806958,0.5454450581732408,7.77478701563372,,,200,6.537486557263552,6.537486557263552,6.537486557263552,6.537486557263552,0.0,0.0
14,2800,rician,64,5.662542704433674,7.699964353815199,1.6892714641735287,6.010692889641669,,,200,6.499858438147704,6.499858438147704,6.499858438147704,6.499858438147704,0.0,0.0
15,3000,rician,64,8.041774655973201,9.380883052702666,1.0129682483757265,8.367914804326942,,,200,6.6243955292263195,6.6243955292263195,6.6243955292263195,6.6243955292263195,0.0,0.0
16,3200,rician,64,7.910479656322297,8.822897890881082,0.61251674642397,8.210381144457118,,,200,6.723519630178245,6.723519630178245,6.723519630178245,6.723519630178245,0.0,0.0
17,3400,rician,64,5.891971855831496,7.903991562622114,1.6907858559798523,6.213582533586388,,,200,6.693523330378724,6.693523330378724,6.693523330378724,6.693523330378724,0.0,0.0
18,3600,rician,64,5.242364357794253,8.404814679371416,2.8101450129602124,5.597627052990986,,,200,6.632640203857183,6.632640203857183,6.632640203857183,6.632640203857183,0.0,0.0
19,3800,rician,64,7.921492941887354,8.621615956303197,0.3585308182721243,8.26308513803106,,,200,6.718453095129493,6.718453095129493,6.718453095129493,6.718453095129493,0.0,0.0
20,4000,rician,64,7.7036534423326835,8.998349788129515,0.9452744319523783,8.053075356177143,,,200,6.7851842081818745,6.7851842081818745,6.7851842081818745,6.7851842081818745,0.0,0.0
21,4200,rician,64,7.195797815820299,9.768611925930498,2.1808005827343533,7.587811343196145,,,200,6.735905970189864,6.735905970189864,6.823404547944459,6.823404547944459,0.08749857775459446,0.08749857775459446
22,4400,rician,64,6.953020028122523,9.307880412451512,1.182035037252947,8.125845375198564,,,200,6.826967161403383,6.826967161403383,6.882606403728736,6.882606403728736,0.05563924232535289,0.05563924232535289
23,4600,rician,64,6.3074806305325115,8.62348734105233,1.1205936124492017,7.50289372860313,,,200,6.902143179859655,6.902143179859655,6.90957541785371,6.90957541785371,0.007432237994055235,0.007432237994055235
24,4800,rician,64,6.288822911716453,9.653968338096524,2.9257848612676365,6.728183476828887,,,200,6.904194412898851,6.904194412898851,6.902017420311009,6.902017420311009,0.002176992587841653,0.002176992587841653
25,5000,rician,64,7.137014079970993,8.11821023736817,0.608553442831739,7.509656794536441,,,200,7.218085271818156,7.218085271818156,6.926322995280027,6.926322995280027,0.2917622765381287,0.2917622765381287
26,5200,rician,64,6.4881900436029465,8.146076236942664,1.0238823587230974,7.122193878219566,,,200,7.361976513780531,7.361976513780531,6.933856490777702,6.933856490777702,0.4281200230028297,0.4281200230028297
27,5400,rician,64,6.9857852621575605,10.140056127690466,2.169251468238168,7.970804659452304,,,200,7.294371620811283,7.294371620811283,6.972261978506391,6.972261978506391,0.32210964230489214,0.32210964230489214
28,5600,rician,64,4.753189690799844,7.934271823661442,1.4883099163799551,6.445961907281488,,,200,7.244261770114089,7.244261770114089,6.953465547391216,6.953465547391216,0.2907962227228724,0.2907962227228724
29,5800,rician,64,8.463307752290744,9.520213343740352,0.6831112016951957,8.83710214204516,,,200,7.303239426645649,7.303239426645649,7.018418533413766,7.018418533413766,0.284820893231883,0.284820893231883
30,6000,rician,64,7.671126290211789,9.071826888544761,1.046311528888087,8.02551535965667,,,200,7.284442787440284,7.284442787440284,7.051988427621863,7.051988427621863,0.232454359818421,0.232454359818421
31,6200,rician,64,5.018635486940276,8.985768629158718,3.5346243303226705,5.457719218830817,,,200,7.310001886425551,7.310001886425551,7.000560388628603,7.000560388628603,0.3094414977969482,0.3094414977969482
32,6400,rician,64,8.663828324224067,9.531646316792042,0.42719806261654514,9.10444825417549,,,200,7.445464103643483,7.445464103643483,7.066306884426941,7.066306884426941,0.379157219216542,0.379157219216542
33,6600,rician,64,8.309159661284143,9.071646135084903,0.36992598372586183,8.701720151359048,,,200,7.491810760429749,7.491810760429749,7.115864862212763,7.115864862212763,0.3759458982169859,0.3759458982169859
34,6800,rician,64,4.753105273398093,9.74415487947689,4.207360662579121,5.563471704500616,,,200,7.469449701172697,7.469449701172697,7.070206239927111,7.070206239927111,0.39924346124558596,0.39924346124558596
35,7000,rician,64,5.371622349505156,7.687505479681628,0.8704252895107388,6.818832196576292,,,200,7.3919955707851654,7.3919955707851654,7.063024124402802,7.063024124402802,0.3289714463823632,0.3289714463823632
36,7200,rician,64,3.936522781381122,8.551237878592419,2.652414429767059,5.899738152206992,,,200,7.27646342117266,7.27646342117266,7.030710625175141,7.030710625175141,0.24575279599751898,0.24575279599751898
37,7400,rician,64,6.406596408302986,7.962859882249483,1.0747101728959474,6.888149709353535,,,200,7.310191779961016,7.310191779961016,7.026857627450233,7.026857627450233,0.28333415251078353,0.28333415251078353
38,7600,rician,64,7.595392187590884,8.511288608103074,0.4840782458862104,8.027210362216856,,,200,7.4316709454223115,7.4316709454223115,7.053182699417776,7.053182699417776,0.3784882460045358,0.3784882460045358
39,7800,rician,64,7.745581013409431,9.515741012084687,1.150618271923285,8.365122740161404,,,200,7.436772825528829,7.436772825528829,7.086822187641971,7.086822187641971,0.34995063788685776,0.34995063788685776
40,8000,rician,64,6.706702422653662,7.746410829294432,0.4681228285909977,7.278288000703433,,,200,7.398033457755143,7.398033457755143,7.091608832968508,7.091608832968508,0.3064246247866347,0.3064246247866347
41,8200,rician,64,5.311072810824584,8.60079237960176,2.79230790197345,5.8185364568279345,,,200,7.309569713436732,7.309569713436732,7.060558287208981,7.060558287208981,0.2490114262277503,0.2490114262277503
42,8400,rician,64,6.201559464054103,7.61686868406477,0.2752508294611532,7.341617854603619,,,200,7.270358337406984,7.270358337406984,7.067250181670759,7.067250181670759,0.2031081557362251,0.2031081557362251
43,8600,rician,64,5.386807704988183,8.896714771988318,2.851460758816654,6.045953425749455,,,200,7.197511322264299,7.197511322264299,7.043499094323752,7.043499094323752,0.15401222794054714,0.15401222794054714
44,8800,rician,64,8.161562429825729,8.896596221290453,0.3275747080520955,8.569021513238356,,,200,7.289553224084773,7.289553224084773,7.0781700583899925,7.0781700583899925,0.21138316569478022,0.21138316569478022
45,9000,rician,64,1.8377031098254806,7.925714416337608,5.619528275101718,2.440297537846766,,,200,7.03608526125029,7.03608526125029,6.975106224600144,6.975106224600144,0.0609790366501457,0.0609790366501457
46,9200,rician,64,7.479144438462485,9.009973019809166,1.0468836170542664,7.963089402754906,,,200,7.078130037477058,7.078130037477058,6.996584119777421,6.996584119777421,0.08154591769963648,0.08154591769963648
47,9400,rician,64,7.963155206760065,8.819303876902328,0.2223823863460974,8.596921490556229,,,200,7.109435879032253,7.109435879032253,7.030633851070587,7.030633851070587,0.07880202796166547,0.07880202796166547
48,9600,rician,64,8.101568031109514,9.108179932915812,0.564900252786124,8.543279680129688,,,200,7.214301767674664,7.214301767674664,7.06214730584265,7.06214730584265,0.15215446183201387,0.15215446183201387
49,9800,rician,64,7.845059974271833,9.0306134196297,0.7619384368455611,8.26867498278414,,,200,7.185880409711612,7.185880409711612,7.0867703196577825,7.0867703196577825,0.09911009005382976,0.09911009005382976
50,10000,rician,64,7.648218717248768,8.743161149401072,0.6436870973332187,8.099474052067848,8.109447082715985,8.109447082715985,200,7.189578344332171,7.189578344332171,7.107024394305983,7.107024394305983,0.08255395002618737,0.08255395002618737
51,10200,rician,64,6.829707495012518,8.743096842831,1.431585136879544,7.311511705951451,,8.109447082715985,200,7.282267968688203,7.282267968688203,7.111033949436287,7.111033949436287,0.17123401925191573,0.17123401925191573
52,10400,rician,64,7.288437721600181,7.918849655705349,0.10425481316637343,7.814594842538978,,8.109447082715985,200,7.217775298106377,7.217775298106377,7.124563966611338,7.124563966611338,0.09321133149503957,0.09321133149503957
53,10600,rician,64,7.631397523951972,8.732221369990073,0.6346302092189663,8.097591160771112,,8.109447082715985,200,7.18756884857698,7.18756884857698,7.142922970274729,7.142922970274729,0.04464587830225053,0.04464587830225053
54,10800,rician,64,5.207190763643547,8.387800867627378,1.6611695472900216,6.726631320337358,,8.109447082715985,200,7.2457268293688175,7.2457268293688175,7.13521386564626,7.13521386564626,0.1105129637225577,0.1105129637225577
55,11000,rician,64,7.153983641241021,9.227314161001473,1.552484223349553,7.674829937651911,,8.109447082715985,200,7.288526716422598,7.288526716422598,7.145025066955453,7.145025066955453,0.1435016494671446,0.1435016494671446
56,11200,rician,64,8.016730844094186,8.92198916655772,0.47184548806319965,8.450143678494516,,8.109447082715985,200,7.416046992736975,7.416046992736975,7.168330756447225,7.168330756447225,0.24771623628975004,0.24771623628975004
57,11400,rician,64,5.424295684870077,10.122738399380692,4.169418015267225,5.958070191046485,,8.109447082715985,200,7.369543016821622,7.369543016821622,7.1470981149489665,7.1470981149489665,0.2224449018726551,0.2224449018726551
58,11600,rician,64,5.902008159493338,8.318200952379176,1.2377790207532204,7.080421931625963,,8.109447082715985,200,7.322203595292078,7.322203595292078,7.145948525581328,7.145948525581328,0.17625506971074945,0.17625506971074945
59,11800,rician,64,7.905040979377053,8.897033104703931,0.5841514773759052,8.312881627328034,,8.109447082715985,200,7.319591539650408,7.319591539650408,7.165727052729577,7.165727052729577,0.1538644869208312,0.1538644869208312
60,12000,rician,64,6.164301969729154,8.030390181660906,1.2380785880609084,6.792311593600001,,8.109447082715985,200,7.2952927192952375,7.2952927192952375,7.159503461744084,7.159503461744084,0.13578925755115367,0.13578925755115367
61,12200,rician,64,8.163077933743732,9.10438648074113,0.4530898826947835,8.651296598046342,,8.109447082715985,200,7.436930726356158,7.436930726356158,7.183959086929367,7.183959086929367,0.25297163942679113,0.25297163942679113
62,12400,rician,64,7.005949221071595,8.146916449731599,0.3145500401428359,7.832366409588758,,8.109447082715985,200,7.4614681541054155,7.4614681541054155,7.194417269552905,7.194417269552905,0.2670508845525106,0.2670508845525106
63,12600,rician,64,4.885612309185552,9.000934949201566,2.613302202500622,6.387632746700944,,8.109447082715985,200,7.4785521201529885,7.4785521201529885,7.181611166015572,7.181611166015572,0.2969409541374164,0.2969409541374164
64,12800,rician,64,7.859062137645776,9.237612457625735,0.5975660352614417,8.6400464223643,,8.109447082715985,200,7.482103365609286,7.482103365609286,7.2043992168960225,7.2043992168960225,0.2777041487132639,0.2777041487132639
65,13000,rician,64,6.287821032599133,7.9773815696252,0.11048872690324173,7.86689284272196,,8.109447082715985,200,7.753433130853045,7.753433130853045,7.214591426524113,7.214591426524113,0.5388417043289317,0.5388417043289317
66,13200,rician,64,5.60581035817544,8.634707308641048,1.406011755343895,7.22906565793534,,8.109447082715985,200,7.716731943612068,7.716731943612068,7.214810733060647,7.214810733060647,0.501921210551421,0.501921210551421
67,13400,rician,64,8.289927454085348,9.481265753079974,0.650482788173519,8.830782964906449,,8.109447082715985,200,7.728425017329579,7.728425017329579,7.238929721595659,7.238929721595659,0.4894952957339198,0.4894952957339198
68,13600,rician,64,7.393853908933818,9.27275792359756,1.2714897743772278,8.001268149220323,,8.109447082715985,200,7.701324440784111,7.701324440784111,7.250140580825434,7.250140580825434,0.45118385995867705,0.45118385995867705
69,13800,rician,64,6.947285121894392,8.146901559196047,0.6768209317472944,7.47008062744876,,8.109447082715985,200,7.6613947230173425,7.6613947230173425,7.253328117733018,7.253328117733018,0.4080666052843247,0.4080666052843247
70,14000,rician,64,6.678934255160254,8.89533878870101,1.5120980143437446,7.383240774357263,,8.109447082715985,200,7.625583059131813,7.625583059131813,7.25518401282765,7.25518401282765,0.3703990463041631,0.3703990463041631
71,14200,rician,64,5.608725921832989,8.931048300785179,2.380130385072331,6.550917915712855,,8.109447082715985,200,7.587553369619883,7.587553369619883,7.245264772023216,7.245264772023216,0.3422885975966672,0.3422885975966672
72,14400,rician,64,6.267490122118878,8.741351974758192,1.013891100948132,7.727460873810058,,8.109447082715985,200,7.583196671183437,7.583196671183437,7.25196194010359,7.25196194010359,0.3312347310798467,0.3312347310798467
73,14600,rician,64,7.729868766911391,9.141840653102836,0.39691890853585354,8.744921744566977,,8.109447082715985,200,7.615563200373229,7.615563200373229,7.2724134442743225,7.2724134442743225,0.3431497560989065,0.3431497560989065
74,14800,rician,64,7.180214317094928,9.392056444248858,0.8037283756662685,8.588328068582596,,8.109447082715985,200,7.708648037785491,7.708648037785491,7.290196074332542,7.290196074332542,0.41845196345294955,0.41845196345294955
75,15000,rician,64,6.782916520671392,9.475391570009752,1.45704885562903,8.018342714380726,,8.109447082715985,200,7.725823676621933,7.725823676621933,7.299904696199851,7.299904696199851,0.42591898042208154,0.42591898042208154
76,15200,rician,64,5.4428580473095085,8.955458516704894,1.8202210970053836,7.135237419699516,,8.109447082715985,200,7.660078363682183,7.660078363682183,7.297738021509057,7.297738021509057,0.36234034217312683,0.36234034217312683
77,15400,rician,64,6.322763695266189,8.632476856123887,0.9764447486541954,7.656032107469686,,8.109447082715985,200,7.744976459503343,7.744976459503343,7.302391191456598,7.302391191456598,0.44258526804674503,0.44258526804674503
78,15600,rician,64,6.199142568274436,9.015348902315763,2.02542815806777,6.989920744247989,,8.109447082715985,200,7.740451400134444,7.740451400134444,7.2983851600821295,7.2983851600821295,0.44206624005231454,0.44206624005231454
79,15800,rician,64,7.20748317753436,9.301703849743657,0.5950527766783812,8.706651073065276,,8.109447082715985,200,7.760139872421307,7.760139872421307,7.316211310879384,7.316211310879384,0.4439285615419237,0.4439285615419237
80,16000,rician,64,8.669140387117187,9.595106620167378,0.4322704198020063,9.162836200365378,,8.109447082715985,200,7.878666102759576,7.878666102759576,7.339294121997957,7.339294121997957,0.5393719807616186,0.5393719807616186
81,16200,rician,64,5.610877548501657,9.06196087390356,2.9172674900673274,6.144693383836226,,8.109447082715985,200,7.75333594204907,7.75333594204907,7.324545964736701,7.324545964736701,0.4287899773123689,0.4287899773123689
82,16400,rician,64,6.045721716251989,8.403447591103083,1.1878853204645161,7.2155622706385625,,8.109447082715985,200,7.72249573510156,7.72249573510156,7.323216895296479,7.323216895296479,0.3992788398050813,0.3992788398050813
83,16600,rician,64,9.039854624280892,9.577738920897508,0.04795026509422456,9.529788655803282,,8.109447082715985,200,7.879603530556677,7.879603530556677,7.349802097230296,7.349802097230296,0.529801433326381,0.529801433326381
84,16800,rician,64,5.041459415096653,8.083928754320686,2.299907910667822,5.790881777054136,,8.109447082715985,200,7.737145298291168,7.737145298291168,7.331243521990103,7.331243521990103,0.4059017763010644,0.4059017763010644
85,17000,rician,64,2.0984878468472443,8.89646226549239,6.364128082589,2.5788606721855913,,8.109447082715985,200,7.472743689764348,7.472743689764348,7.275333135521815,7.275333135521815,0.1974105542425333,0.1974105542425333
86,17200,rician,64,6.650668718055815,8.402213839017108,1.2210360038585877,7.181177835158517,,8.109447082715985,200,7.470349298625507,7.470349298625507,7.274238306447823,7.274238306447823,0.19611099217768402,0.19611099217768402
87,17400,rician,64,7.486892413934779,9.380646350928128,0.7726752794986064,8.607971071429512,,8.109447082715985,200,7.459208703951662,7.459208703951662,7.289568568114279,7.289568568114279,0.16964013583738247,0.16964013583738247
88,17600,rician,64,6.015586099613596,9.917342272388503,2.7926451459853823,7.124697126403123,,8.109447082715985,200,7.415380152810802,7.415380152810802,7.287695029003927,7.287695029003927,0.12768512380687547,0.12768512380687547
89,17800,rician,64,7.169644952676622,8.927626621377486,0.8414208923033439,8.086205729074145,,8.109447082715985,200,7.446186407892071,7.446186407892071,7.296667059341793,7.296667059341793,0.14951934855027815,0.14951934855027815
90,18000,rician,64,2.2193597870552715,9.05832534199085,5.387946542359544,3.6803392490992826,,8.109447082715985,200,7.261041331629174,7.261041331629174,7.2564856392279875,7.2564856392279875,0.004555692401186917,0.004555692401186917
91,18200,rician,64,6.956576458560092,8.575346548225856,0.5288365693422394,8.046509978883622,,8.109447082715985,200,7.33582093478771,7.33582093478771,7.265167225378049,7.265167225378049,0.07065370940966176,0.07065370940966176
92,18400,rician,64,8.645545974346096,9.655613984124482,0.5321921830922641,9.123421801032219,,8.109447082715985,200,7.405618981148818,7.405618981148818,7.285365644678637,7.285365644678637,0.12025333647018055,0.12025333647018055
93,18600,rician,64,6.252648755998986,8.241517056384478,1.4750554853190256,6.766461571065451,,8.109447082715985,200,7.306695972473742,7.306695972473742,7.279786030983872,7.279786030983872,0.026909941489869915,0.026909941489869915
94,18800,rician,64,5.768093762723951,8.35431653500489,1.4294194625383767,6.9248970724665115,,8.109447082715985,200,7.223524422667937,7.223524422667937,7.2760106165315594,7.2760106165315594,0.05248619386362208,0.05248619386362208
95,19000,rician,64,7.224749412296879,8.899884815564464,1.0468224558944699,7.8530623596699956,,8.109447082715985,200,7.215260404932401,7.215260404932401,7.282084845406701,7.282084845406701,0.06682444047430014,0.06682444047430014
96,19200,rician,64,6.449539815280983,7.714761814825011,0.30257919470944994,7.412182620115558,,8.109447082715985,200,7.229107664953202,7.229107664953202,7.28344003055992,7.28344003055992,0.054332365606717836,0.054332365606717836
97,19400,rician,64,6.074932227132965,8.890170231433801,1.6113537186523024,7.2788165127814874,,8.109447082715985,200,7.210246885218792,7.210246885218792,7.283392365428184,7.283392365428184,0.0731454802093916,0.0731454802093916
98,19600,rician,64,7.580184230535341,9.129549537341656,0.5578994001391289,8.571650137202534,,8.109447082715985,200,7.289333354866519,7.289333354866519,7.296537852895268,7.296537852895268,0.007204498028748674,0.007204498028748674
99,19800,rician,64,6.4916339969855565,8.782543698122941,1.6891383401604372,7.093405357962498,,8.109447082715985,200,7.2086710691113804,7.2086710691113804,7.294486009512109,7.294486009512109,0.0858149404007289,0.0858149404007289
100,20000,rician,64,6.841499395657492,8.405206752357971,0.636486537855843,7.768720214502126,7.870673586691086,7.870673586691086,200,7.13896526981822,7.13896526981822,7.299228351562009,7.299228351562009,0.16026308174378912,0.16026308174378912
101,20200,rician,64,4.547696852526837,9.160983181649108,3.1938418425479975,5.967141339101105,,7.870673586691086,200,7.130087667581465,7.130087667581465,7.273166003922657,7.273166003922657,0.14307833634119138,0.14307833634119138
102,20400,rician,64,7.987288652334918,9.727980108783672,0.7093005898684613,9.018679518915208,,7.870673586691086,200,7.2202435299952965,7.2202435299952965,7.300306583602527,7.300306583602527,0.08006305360723065,0.08006305360723065
103,20600,rician,64,7.324409784041185,8.356565766518498,0.37125701965638463,7.985308746862113,,7.870673586691086,200,7.143019534548236,7.143019534548236,7.32016593747637,7.32016593747637,0.177146402928134,0.177146402928134
104,20800,rician,64,3.6604410433291394,8.51951004758858,3.18654646666461,5.33296358092397,,7.870673586691086,200,7.120123624741728,7.120123624741728,7.30662398512516,7.30662398512516,0.1865003603834321,0.1865003603834321
105,21000,rician,64,7.508164374427237,8.80950156239781,0.7965491310763652,8.012952431321441,,7.870673586691086,200,7.391828212698522,7.391828212698522,7.374435113276872,7.374435113276872,0.017393099421649794,0.017393099421649794
106,21200,rician,64,6.661118736801963,7.866725505834255,0.6123844267377835,7.254341079096482,,7.870673586691086,200,7.39548637489542,7.39548637489542,7.404534833678116,7.404534833678116,0.009048458782696223,0.009048458782696223
107,21400,rician,64,6.168609574383662,8.595354408511346,1.4126664286451498,7.182687979866196,,7.870673586691086,200,7.324222220317255,7.324222220317255,7.383132688288405,7.383132688288405,0.05891046797114985,0.05891046797114985
108,21600,rician,64,7.527360974378826,9.180233607273871,1.1907703936527267,7.989463213621144,,7.870673586691086,200,7.367460524678154,7.367460524678154,7.3885457312123615,7.3885457312123615,0.021085206534207757,0.021085206534207757
109,21800,rician,64,5.699531935632665,8.401837918692284,2.236647357665321,6.165190561026962,,7.870673586691086,200,7.271409766275797,7.271409766275797,7.3736221467084935,7.3736221467084935,0.10221238043269665,0.10221238043269665
110,22000,rician,64,6.699748001166913,8.090800556499259,0.9121101069889938,7.178690449510271,,7.870673586691086,200,7.446327326296346,7.446327326296346,7.361394569765956,7.361394569765956,0.08493275653038967,0.08493275653038967
111,22200,rician,64,6.953685454513871,9.252322225235192,1.4940030053705455,7.758319219864642,,7.870673586691086,200,7.431917788345396,7.431917788345396,7.38951238957335,7.38951238957335,0.04240539877204608,0.04240539877204608
112,22400,rician,64,8.234686298079799,9.089661580085306,0.35868666962504336,8.730974910460262,,7.870673586691086,200,7.412295443816797,7.412295443816797,7.412870099579784,7.412870099579784,0.0005746557629873195,0.0005746557629873195
113,22600,rician,64,7.019035299862349,8.224190075668306,0.6868771193543439,7.5373129563139605,,7.870673586691086,200,7.450838013079225,7.450838013079225,7.410495358986587,7.410495358986587,0.04034265409263771,0.04034265409263771
114,22800,rician,64,6.30760461438436,8.02017149597572,0.4728718462889589,7.547299649686762,,7.870673586691086,200,7.481958141940235,7.481958141940235,7.425861426587037,7.425861426587037,0.05609671535319816,0.05609671535319816
115,23000,rician,64,6.922700565376159,9.239368967929058,1.859067175862818,7.380301792066241,,7.870673586691086,200,7.458320113560047,7.458320113560047,7.41598529646443,7.41598529646443,0.04233481709561726,0.04233481709561726
116,23200,rician,64,6.123428641523275,7.757843212343618,0.884932403565743,6.87291080877787,,7.870673586691086,200,7.431356522993164,7.431356522993164,7.402610593107637,7.402610593107637,0.028745929885527488,0.028745929885527488
117,23400,rician,64,8.763333117250609,9.546243867790478,0.19990796117497847,9.3463359066155,,7.870673586691086,200,7.534732492684865,7.534732492684865,7.433938126837929,7.433938126837929,0.10079436584693635,0.10079436584693635
118,23600,rician,64,6.425303927184259,8.376123767293725,1.2566883043897525,7.119435462903964,,7.870673586691086,200,7.462121758969937,7.462121758969937,7.449156210937058,7.449156210937058,0.01296554803287897,0.01296554803287897
119,23800,rician,64,7.717489009311908,8.560989772986636,0.41595626387083817,8.145033509115802,,7.870673586691086,200,7.514703166527601,7.514703166527601,7.447975694647905,7.447975694647905,0.06672747187969641,0.06672747187969641
120,24000,rician,64,6.96476976938966,9.13302462922096,0.7959293577688364,8.337095271452123,,7.870673586691086,200,7.543121919375101,7.543121919375101,7.450815893800654,7.450815893800654,0.09230602557444634,0.09230602557444634
121,24200,rician,64,5.530095793701926,7.841255176418227,1.0742708246738095,6.7669843517444095,,7.870673586691086,200,7.583114070007265,7.583114070007265,7.442607623886136,7.442607623886136,0.14050644612112873,0.14050644612112873
122,24400,rician,64,6.384337035517814,8.09334842501553,0.34262497826081534,7.750723446754718,,7.870673586691086,200,7.519716266399241,7.519716266399241,7.438856404601698,7.438856404601698,0.0808598617975429,0.0808598617975429
123,24600,rician,64,7.012802148115736,7.644552102132712,0.023458794721491753,7.621093307411219,,7.870673586691086,200,7.501505494426697,7.501505494426697,7.440038400389779,7.440038400389779,0.06146709403691819,0.06146709403691819
124,24800,rician,64,6.830376176386148,8.928849012904466,1.7299357766867882,7.198913236217681,,7.870673586691086,200,7.5948029771913825,7.5948029771913825,7.444745697983667,7.444745697983667,0.15005727920771594,0.15005727920771594
125,25000,rician,64,6.712960305111318,7.921840307467765,0.8359195560301244,7.085920751437645,,7.870673586691086,200,7.548451393197193,7.548451393197193,7.4405083375526795,7.4405083375526795,0.10794305564451356,0.10794305564451356
126,25200,rician,64,7.2833814349254045,9.466166916580503,1.350326478711916,8.118541384573133,,7.870673586691086,200,7.591661408471024,7.591661408471024,7.450471812616216,7.450471812616216,0.14118959585480795,0.14118959585480795
127,25400,rician,64,7.919952588820913,9.591594604437018,1.2745189921923419,8.317075612244683,,7.870673586691086,200,7.648380790089948,7.648380790089948,7.45393452214414,7.45393452214414,0.19444626794580788,0.19444626794580788
128,25600,rician,64,8.813850692828321,9.694516892380998,0.4882452520199686,9.206271640361027,,7.870673586691086,200,7.709221211426943,7.709221211426943,7.481537619474937,7.481537619474937,0.22768359195200638,0.22768359195200638
129,25800,rician,64,4.621105809315034,9.335352262100558,3.791755524784661,5.564333735703915,,7.870673586691086,200,7.679178370160789,7.679178370160789,7.448809935411523,7.448809935411523,0.23036843474926627,0.23036843474926627
130,26000,rician,64,6.696063262645872,7.874449136748065,0.5451653329324406,7.329283803815624,,7.870673586691086,200,7.686708037876059,7.686708037876059,7.441847619853113,7.441847619853113,0.2448604180229461,0.2448604180229461
131,26200,rician,64,5.291873056999408,8.24854622426163,1.9474989750225737,6.309536863166971,,7.870673586691086,200,7.614268920041175,7.614268920041175,7.450365796296474,7.450365796296474,0.16390312374470106,0.16390312374470106
132,26400,rician,64,5.843876085126678,8.634118065470876,2.2318094139201174,6.4023086515507615,,7.870673586691086,200,7.4978356070957,7.4978356070957,7.423344400270228,7.423344400270228,0.07449120682547239,0.07449120682547239
133,26600,rician,64,8.22360847377117,9.52133012210744,0.8389489197240508,8.682381202383391,,7.870673586691086,200,7.555089019399172,7.555089019399172,7.42315101078047,7.42315101078047,0.13193800861870209,0.13193800861870209
134,26800,rician,64,7.818590978421804,9.153827946618623,0.8554045150388816,8.298423431579739,,7.870673586691086,200,7.592645208493822,7.592645208493822,7.45050052805126,7.45050052805126,0.1421446804425619,0.1421446804425619
135,27000,rician,64,7.356968118369526,8.95891617733738,0.1345635169060468,8.824352660431336,,7.870673586691086,200,7.664847751912076,7.664847751912076,7.470555732689811,7.470555732689811,0.19429201922226458,0.19429201922226458
136,27200,rician,64,7.520304492536783,8.164811231399266,0.1732039954542896,7.991607235944978,,7.870673586691086,200,7.720782573270431,7.720782573270431,7.49147442352719,7.49147442352719,0.22930814974324054,0.22930814974324054
137,27400,rician,64,6.861497238164707,7.743845611641285,0.48116663885634864,7.2626789727849355,,7.870673586691086,200,7.616599726578903,7.616599726578903,7.495219716161505,7.495219716161505,0.12138001041739788,0.12138001041739788
138,27600,rician,64,7.491121147325591,8.723484635782334,0.19665008245372317,8.526834553328616,,7.870673586691086,200,7.686969681100135,7.686969681100135,7.500215958072623,7.500215958072623,0.18675372302751203,0.18675372302751203
139,27800,rician,64,7.056678601015198,8.687888673556309,0.6076869905062481,8.080201683050063,,7.870673586691086,200,7.6837280897968485,7.6837280897968485,7.497366747501509,7.497366747501509,0.1863613422953394,0.1863613422953394
140,28000,rician,64,6.907001577804532,8.893793172289632,0.9332256223926556,7.9645860359152545,,7.870673586691086,200,7.665102628020006,7.665102628020006,7.504229727853626,7.504229727853626,0.16087290016638,0.16087290016638
141,28200,rician,64,8.377906859141383,9.37791393168588,0.6207984357429289,8.757115495942951,,7.870673586691086,200,7.764609185229932,7.764609185229932,7.533615518244776,7.533615518244776,0.23099366698515578,0.23099366698515578
142,28400,rician,64,6.939597687529249,8.79437215129423,0.8585018165870426,7.935870334707193,,7.870673586691086,200,7.773866529627556,7.773866529627556,7.539558043045812,7.539558043045812,0.2343084865817442,0.2343084865817442
143,28600,rician,64,6.4545078889713485,8.675272391700544,1.5038286382219503,7.171443753478595,,7.870673586691086,200,7.751384051930924,7.751384051930924,7.550812946323103,7.550812946323103,0.2005711056078212,0.2005711056078212
144,28800,rician,64,7.659650298209901,9.230407416331506,0.34990225790181306,8.880505158429694,,7.870673586691086,200,7.835463648041525,7.835463648041525,7.553927782775017,7.553927782775017,0.2815358652665081,0.2815358652665081
145,29000,rician,64,7.542321361296553,9.241223540532731,1.2957649539859173,7.945458586546804,,7.870673586691086,200,7.878440539796983,7.878440539796983,7.608979393262018,7.608979393262018,0.2694611465349652,0.2694611465349652
146,29200,rician,64,7.217450495243537,8.516131914613215,0.6045039513326723,7.911627963280542,,7.870673586691086,200,7.868094868732354,7.868094868732354,7.608464778867275,7.608464778867275,0.2596300898650785,0.2596300898650785
147,29400,rician,64,7.857392225410448,9.857356383883777,0.8681202909072615,8.989236092976522,,7.870673586691086,200,7.901702892768945,7.901702892768945,7.61238792489148,7.61238792489148,0.28931496787746536,0.28931496787746536
148,29600,rician,64,7.145504329772203,8.293431963627595,0.6421136277797853,7.651318335847809,,7.870673586691086,200,7.823955227543284,7.823955227543284,7.60346831144866,7.60346831144866,0.22048691609462434,0.22048691609462434
149,29800,rician,64,7.543641504713228,8.101430086391746,0.13894515051554793,7.962484935876193,,7.870673586691086,200,7.943862787551899,7.943862787551899,7.60040641097958,7.60040641097958,0.34345637657231887,0.34345637657231887
150,30000,rician,64,5.53609222000531,8.721438578962642,1.5597953676676963,7.161643211294954,8.084494082875086,8.084494082875086,200,7.935480757925864,7.935480757925864,7.591028102571851,7.591028102571851,0.34445265535401326,0.34445265535401326
151,30200,rician,64,6.9828640025565365,7.901927074892746,0.5081362439320132,7.3937908309607305,,8.084494082875086,200,7.989693456315552,7.989693456315552,7.591850893821943,7.591850893821943,0.3978425624936097,0.3978425624936097
152,30400,rician,64,8.095266229414205,8.731163783274683,0.19964156360453675,8.531522219670144,,8.084494082875086,200,8.096154134721523,8.096154134721523,7.599020167593255,7.599020167593255,0.49713396712826796,0.49713396712826796
153,30600,rician,64,6.8587856632610285,7.865775139537467,0.5753532880435283,7.290421851493931,,8.084494082875086,200,8.026556167177048,8.026556167177048,7.590948474500482,7.590948474500482,0.43560769267656685,0.43560769267656685
154,30800,rician,64,6.412801276447215,8.526701157865267,0.93387416421484,7.592826993650419,,8.084494082875086,200,7.991276345280584,7.991276345280584,7.599610431233613,7.599610431233613,0.39166591404697115,0.39166591404697115
155,31000,rician,64,7.109065351571055,8.175466914721255,0.28958318261578764,7.885883732105471,,8.084494082875086,200,7.94435289886429,7.94435289886429,7.601720969178149,7.601720969178149,0.3426319296861413,0.3426319296861413
156,31200,rician,64,7.2720177985726435,8.162795704783917,0.4353087731173098,7.727486931666601,,8.084494082875086,200,7.931146883650371,7.931146883650371,7.59449440170987,7.59449440170987,0.3366524819405008,0.3366524819405008
157,31400,rician,64,6.1856036121365765,8.282214417422555,0.9148175960730316,7.368063163934665,,8.084494082875086,200,7.936416093207856,7.936416093207856,7.608594331438753,7.608594331438753,0.32782176176910305,0.32782176176910305
158,31600,rician,64,8.46323752952265,9.280062440805919,0.3751030673039818,8.904959373501931,,8.084494082875086,200,7.955322334216523,7.955322334216523,7.626839705857513,7.626839705857513,0.32848262835900943,0.32848262835900943
159,31800,rician,64,8.391238889066798,9.352904458950276,0.4780889785374011,8.874815480412872,,8.084494082875086,200,7.995053024084664,7.995053024084664,7.63245904438836,7.63245904438836,0.36259397969630314,0.36259397969630314
160,32000,rician,64,6.020104680229997,8.036129113690496,0.9960448026567092,7.040084311033786,,8.084494082875086,200,7.948827937840591,7.948827937840591,7.634936771562699,7.634936771562699,0.3138911662778918,0.3138911662778918
161,32200,rician,64,7.249900265004994,8.045463863534122,0.37850563246906727,7.666958231065049,,8.084494082875086,200,7.894320074596695,7.894320074596695,7.625093387892885,7.625093387892885,0.26922668670381,0.26922668670381
162,32400,rician,64,7.182827964773205,8.570670828435777,0.34758960882299256,8.223081219612785,,8.084494082875086,200,7.908680618841975,7.908680618841975,7.629000535993125,7.629000535993125,0.2796800828488504,0.2796800828488504
163,32600,rician,64,8.057486399099007,8.51968809242019,0.09364119797426528,8.426046894445927,,8.084494082875086,200,7.971410775890341,7.971410775890341,7.649384677470575,7.649384677470575,0.3220260984197658,0.3220260984197658
164,32800,rician,64,5.630890181745092,8.278813635661518,2.103004824871108,6.175808810790416,,8.084494082875086,200,7.836175958508379,7.836175958508379,7.624742301354836,7.624742301354836,0.21143365715354356,0.21143365715354356
165,33000,rician,64,5.457931480184482,8.669761853037764,1.217114623519711,7.452647229518061,,8.084494082875086,200,7.81153539065694,7.81153539065694,7.620599845222798,7.620599845222798,0.19093554543414193,0.19093554543414193
166,33200,rician,64,6.864359480107119,8.83696560752306,1.5600751125943062,7.2768904949287565,,8.084494082875086,200,7.779798517239351,7.779798517239351,7.6210780935927325,7.6210780935927325,0.15872042364661887,0.15872042364661887
167,33400,rician,64,6.0698176143035365,7.837571653601386,0.6575143149993209,7.180057338602066,,8.084494082875086,200,7.689339579520627,7.689339579520627,7.604570837329688,7.604570837329688,0.08476874219093933,0.08476874219093933
168,33600,rician,64,8.97277142395666,9.734010093220737,0.2971884172928968,9.436821675927842,,8.084494082875086,200,7.778614746524629,7.778614746524629,7.618926372596763,7.618926372596763,0.1596883739278656,0.1596883739278656
169,33800,rician,64,4.580965027399621,8.91183252163203,3.9623366257543338,4.988473739192725,,8.084494082875086,200,7.629914186690456,7.629914186690456,7.594110303714204,7.594110303714204,0.03580388297625259,0.03580388297625259
170,34000,rician,64,1.8383405999324203,8.787991822678528,6.694342782488387,2.227509424729774,,8.084494082875086,200,7.383207497362197,7.383207497362197,7.542552990217928,7.542552990217928,0.15934549285573052,0.15934549285573052
171,34200,rician,64,8.282518293811581,9.233592539761098,0.39328756869366305,8.840304971067429,,8.084494082875086,200,7.455533204367532,7.455533204367532,7.565446860771474,7.565446860771474,0.10991365640394246,0.10991365640394246
172,34400,rician,64,6.956924254662766,8.625122444280379,1.0765444869078657,7.548577957372515,,8.084494082875086,200,7.406385991252651,7.406385991252651,7.563658031607099,7.563658031607099,0.15727204035444853,0.15727204035444853
173,34600,rician,64,8.837837888274873,9.54820641601122,0.012538997052882509,9.535667418958333,,8.084494082875086,200,7.518648269625871,7.518648269625871,7.571565488351012,7.571565488351012,0.05291721872514099,0.05291721872514099
174,34800,rician,64,8.202620628591216,8.98844319326912,0.28821780846256945,8.700225384806552,,8.084494082875086,200,7.574018189183677,7.574018189183677,7.572684461513251,7.572684461513251,0.0013337276704259438,0.0013337276704259438
175,35000,rician,64,6.300841976799909,8.02861488080612,0.2918281845432832,7.736786696262845,,8.084494082875086,200,7.566563337391545,7.566563337391545,7.5698689013320735,7.5698689013320735,0.0033055639405281667,0.0033055639405281667
176,35200,rician,64,5.276146970866027,7.808118243672853,0.9990071654624296,6.809111078210422,,8.084494082875086,200,7.520644544718738,7.520644544718738,7.566607637917183,7.566607637917183,0.045963093198445826,0.045963093198445826
177,35400,rician,64,6.855254421228741,7.976298680845265,0.44066824334053367,7.535630437504738,,8.084494082875086,200,7.529022908397242,7.529022908397242,7.565403621217532,7.565403621217532,0.036380712820290206,0.036380712820290206
178,35600,rician,64,5.287745860538153,8.293549271042252,1.2818990327251163,7.011650238317141,,8.084494082875086,200,7.434357451638003,7.434357451638003,7.565620916158224,7.565620916158224,0.13126346452022108,0.13126346452022108
179,35800,rician,64,4.446092618240268,8.900588496677555,3.2756883557243235,5.629795739117098,,8.084494082875086,200,7.2721064645732145,7.2721064645732145,7.534852362818741,7.534852362818741,0.26274589824552663,0.26274589824552663
180,36000,rician,64,10.063374012382486,10.730614365571594,0.12307306409157615,10.607541301480019,,8.084494082875086,200,7.450479314095524,7.450479314095524,7.549299413829888,7.549299413829888,0.09882009973436379,0.09882009973436379
181,36200,rician,64,7.983009624397051,9.264012411823195,0.7084070612264858,8.555605350596707,,8.084494082875086,200,7.494911670072108,7.494911670072108,7.573408533497492,7.573408533497492,0.07849686342538398,0.07849686342538398
182,36400,rician,64,5.65211294692512,8.514655673943471,2.2772533967994217,6.23740227714405,,8.084494082875086,200,7.395627722948669,7.395627722948669,7.563626933562548,7.563626933562548,0.16799921061387924,0.16799921061387924
183,36600,rician,64,5.569672533032816,7.9410499653759885,1.7558247760774752,6.18522518929851,,8.084494082875086,200,7.2835866376912985,7.2835866376912985,7.5301812988975,7.5301812988975,0.24659466120620177,0.24659466120620177
184,36800,rician,64,8.034914729872137,9.136751488116216,0.47610268218887936,8.660648805927332,,8.084494082875086,200,7.407828637448145,7.407828637448145,7.558878969186232,7.558878969186232,0.15105033173808646,0.15105033173808646
185,37000,rician,64,7.45807662263233,8.826203253817248,0.4418431886069285,8.38436006521032,,8.084494082875086,200,7.45441427923276,7.45441427923276,7.616933963116478,7.616933963116478,0.1625196838837173,0.1625196838837173
186,37200,rician,64,6.670788764401851,8.146712496984929,0.6322008744741159,7.514511622510802,,8.084494082875086,200,7.466295335611862,7.466295335611862,7.620267300990001,7.620267300990001,0.15397196537813862,0.15397196537813862
187,37400,rician,64,8.276133466271371,9.746792272389857,1.0292553476911654,8.717536924698697,,8.084494082875086,200,7.543169314916693,7.543169314916693,7.621362959522694,7.621362959522694,0.07819364460600031,0.07819364460600031
188,37600,rician,64,7.504615514424274,8.300250974669252,0.3401946237594945,7.960056350909761,,8.084494082875086,200,7.469331048665788,7.469331048665788,7.6297165517677605,7.6297165517677605,0.1603855031019723,0.1603855031019723
189,37800,rician,64,8.93182738886539,9.984531526630956,0.6187018713338978,9.365829655297059,,8.084494082875086,200,7.688198844471005,7.688198844471005,7.64251279102999,7.64251279102999,0.04568605344101506,0.04568605344101506
190,38000,rician,64,2.905773996873237,7.704977101663852,3.5303010263199384,4.185061908432635,,8.084494082875086,200,7.786076468656148,7.786076468656148,7.647560017623324,7.647560017623324,0.1385164510328245,0.1385164510328245
191,38200,rician,64,6.419252093522186,8.593128376991721,1.5816517437366395,7.011476633255086,,8.084494082875086,200,7.69463505176553,7.69463505176553,7.637209684167037,7.637209684167037,0.05742536759849326,0.05742536759849326
192,38400,rician,64,8.3360917954722,9.715078654165556,0.8313973041908523,8.883681349974706,,8.084494082875086,200,7.761390221395639,7.761390221395639,7.634812279656462,7.634812279656462,0.12657794173917747,0.12657794173917747
193,38600,rician,64,6.621885356443978,8.29509295909226,0.2034688350822629,8.091624124009995,,8.084494082875086,200,7.6891880566482245,7.6891880566482245,7.648063905185906,7.648063905185906,0.04112415146231818,0.04112415146231818
194,38800,rician,64,5.989231397048707,8.885202094815504,2.181767369079359,6.703434725736145,,8.084494082875086,200,7.589348523694703,7.589348523694703,7.645849281718604,7.645849281718604,0.0565007580239012,0.0565007580239012
195,39000,rician,64,5.283561884312627,9.301843251163668,2.540304918305593,6.761538332858077,,8.084494082875086,200,7.540586105524464,7.540586105524464,7.634934041450484,7.634934041450484,0.0943479359260202,0.0943479359260202
196,39200,rician,64,8.650788340005764,9.481866785343131,0.452121731851111,9.029745053492011,,8.084494082875086,200,7.651617804288543,7.651617804288543,7.651109665784248,7.651109665784248,0.000508138504295097,0.000508138504295097
197,39400,rician,64,6.354527283199546,7.708413835121585,0.44765699459130803,7.260756840530276,,8.084494082875086,200,7.63787412443982,7.63787412443982,7.650929069061737,7.650929069061737,0.01305494462191703,0.01305494462191703
198,39600,rician,64,7.175781366956777,8.123517484247996,0.5560446400999673,7.567472844148027,,8.084494082875086,200,7.665665254731364,7.665665254731364,7.640887296131192,7.640887296131192,0.024777958600171957,0.024777958600171957
199,39800,rician,64,6.832958394395173,7.769884883296621,0.3197882286674318,7.450096654629182,,8.084494082875086,200,7.75668030050697,7.75668030050697,7.644454209097859,7.644454209097859,0.1122260914091111,0.1122260914091111
200,40000,rician,64,8.114181127246841,9.149580889235148,0.5667115413832972,8.582869347851855,7.874500827518892,7.874500827518892,200,7.655446702825563,7.655446702825563,7.652595700431357,7.652595700431357,0.0028510023942054374,0.0028510023942054374
201,40200,rician,64,5.3091219978688935,7.748178162675273,0.6529342816114678,7.095243881063801,,7.874500827518892,200,7.582428629348915,7.582428629348915,7.663876725850985,7.663876725850985,0.08144809650206941,0.08144809650206941
202,40400,rician,64,7.0115677961889125,8.18024174168376,0.727680720561034,7.452561021122732,,7.874500827518892,200,7.64318656654785,7.64318656654785,7.648215540873059,7.648215540873059,0.005028974325209212,0.005028974325209212
203,40600,rician,64,7.536753176460813,8.716952397401817,0.717292926808066,7.9996594705937545,,7.874500827518892,200,7.733908280612612,7.733908280612612,7.648359048110376,7.648359048110376,0.08554923250223556,0.08554923250223556
204,40800,rician,64,4.0985737996583165,8.261544904953572,3.792483526015427,4.486626322563234,,7.874500827518892,200,7.525207156444407,7.525207156444407,7.639895675526767,7.639895675526767,0.11468851908236033,0.11468851908236033
205,41000,rician,64,6.626637530787971,7.965035934241317,0.14207371665555196,7.822962217585765,,7.874500827518892,200,7.49713726406318,7.49713726406318,7.637995773389411,7.637995773389411,0.14085850932623156,0.14085850932623156
206,41200,rician,64,6.8484468347135,8.256457726150458,1.0198163647967868,7.236641361353674,,7.874500827518892,200,7.483243751005324,7.483243751005324,7.637818776211983,7.637818776211983,0.15457502520665933,0.15457502520665933
207,41400,rician,64,6.721815132916955,8.310455927462142,0.8364614243294005,7.473994503132745,,7.874500827518892,200,7.421066629927026,7.421066629927026,7.640731841444649,7.640731841444649,0.21966521151762297,0.21966521151762297
208,41600,rician,64,7.4874568908263,9.753450917322077,1.8968823364117104,7.856568580910368,,7.874500827518892,200,7.4158922414270565,7.4158922414270565,7.639402895117541,7.639402895117541,0.22351065369048406,0.22351065369048406
209,41800,rician,64,6.906203192954705,8.210421790975175,0.8416561500010189,7.368765640974155,,7.874500827518892,200,7.31603904071091,7.31603904071091,7.651438645917014,7.651438645917014,0.3353996052061037,0.3353996052061037
210,42000,rician,64,7.821078454108057,8.789469332143838,0.618558277972623,8.170911054171217,,7.874500827518892,200,7.51533149799784,7.51533149799784,7.6613608519636225,7.6613608519636225,0.14602935396578243,0.14602935396578243
211,42200,rician,64,8.905151033015319,9.603569059395081,0.3490676909842725,9.254501368410804,,7.874500827518892,200,7.627482734755627,7.627482734755627,7.676322673449084,7.676322673449084,0.04883993869345726,0.04883993869345726
212,42400,rician,64,8.886952751052421,9.54981325014245,0.3277804004833354,9.222032849659104,,7.874500827518892,200,7.644400309739848,7.644400309739848,7.681233252841073,7.681233252841073,0.03683294310122509,0.03683294310122509
213,42600,rician,64,7.578700089449698,8.554736179005973,0.6418679844114481,7.912868194594521,,7.874500827518892,200,7.635462513269073,7.635462513269073,7.6849888052238775,7.6849888052238775,0.04952629195480451,0.04952629195480451
214,42800,rician,64,7.052443141671679,8.511430078506166,0.9730487089144028,7.53838136959177,,7.874500827518892,200,7.677209845461856,7.677209845461856,7.684899622422928,7.684899622422928,0.007689776961072425,0.007689776961072425
215,43000,rician,64,7.05315527591737,7.964178667061291,0.3627195349734127,7.601459132087881,,7.874500827518892,200,7.719205885423345,7.719205885423345,7.687111195823142,7.687111195823142,0.032094689600202564,0.032094689600202564
216,43200,rician,64,7.101784661072436,7.91261573617128,0.47625088396961035,7.436364852201677,,7.874500827518892,200,7.639536875358827,7.639536875358827,7.692745736257382,7.692745736257382,0.05320886089855481,0.05320886089855481
217,43400,rician,64,7.759090874840658,8.879419313421439,0.7969483755317104,8.082470937889726,,7.874500827518892,200,7.6806225802268004,7.6806225802268004,7.680107086570125,7.680107086570125,0.0005154936566755808,0.0005154936566755808
218,43600,rician,64,7.194201305705982,8.681356903303342,1.1403202183210557,7.541036684982287,,7.874500827518892,200,7.679300772268514,7.679300772268514,7.684323098790907,7.684323098790907,0.005022326522393428,0.005022326522393428
219,43800,rician,64,6.705549609101621,8.348428777387987,0.4676620820002956,7.880766695387691,,7.874500827518892,200,7.7008342743064375,7.7008342743064375,7.681680430653627,7.681680430653627,0.01915384365281092,0.01915384365281092
220,44000,rician,64,7.429093084998824,8.405586808637748,0.5494658462230584,7.8561209624146935,,7.874500827518892,200,7.664496855034581,7.664496855034581,7.676870687563252,7.676870687563252,0.01237383252867108,0.01237383252867108
221,44200,rician,64,7.481496575869985,8.393764273329097,0.09048975227069422,8.303274521058407,,7.874500827518892,200,7.72489838703431,7.72489838703431,7.692233589256392,7.692233589256392,0.032664797777917975,0.032664797777917975
222,44400,rician,64,8.412775154966278,9.199327946725907,0.4029707262499711,8.796357220475937,,7.874500827518892,200,7.792088197001969,7.792088197001969,7.702689926993604,7.702689926993604,0.08939827000836509,0.08939827000836509
223,44600,rician,64,7.422545565705766,8.387470467331797,0.4674601795140797,7.920010287817712,,7.874500827518892,200,7.788105737863168,7.788105737863168,7.705679096797668,7.705679096797668,0.08242664106550013,0.08242664106550013
224,44800,rician,64,6.13876016657738,8.500428003834713,1.1376141569721594,7.36281384686255,,7.874500827518892,200,7.931915114078133,7.931915114078133,7.707318102904118,7.707318102904118,0.22459701117401476,0.22459701117401476
225,45000,rician,64,6.41342459545771,9.129842820470085,2.32147413555729,6.808368684912793,,7.874500827518892,200,7.881185437444484,7.881185437444484,7.704542582238869,7.704542582238869,0.17664285520561496,0.17664285520561496
226,45200,rician,64,6.37549953626991,8.952760438886575,2.21555225554626,6.7372081833403135,,7.874500827518892,200,7.856213778543816,7.856213778543816,7.690729250226541,7.690729250226541,0.16548452831727545,0.16548452831727545
227,45400,rician,64,4.287863602694405,8.132355766541961,3.4022851633639677,4.73213393993987,,7.874500827518892,200,7.719120750384173,7.719120750384173,7.654879833503494,7.654879833503494,0.06424091688067879,0.06424091688067879
228,45600,rician,64,6.369202316714648,8.07897649523278,0.9471782402403871,7.131798254992386,,7.874500827518892,200,7.682882234088275,7.682882234088275,7.634135099649808,7.634135099649808,0.04874713443846712,0.04874713443846712
229,45800,rician,64,6.930257966215703,7.859340123995644,0.19483027180959742,7.664509852186041,,7.874500827518892,200,7.697669444648868,7.697669444648868,7.655136860814629,7.655136860814629,0.04253258383423919,0.04253258383423919
230,46000,rician,64,6.417587441965947,8.086250625265663,0.7147201549094693,7.371530470356195,,7.874500827518892,200,7.657700415458118,7.657700415458118,7.655559327480035,7.655559327480035,0.0021410879780825454,0.0021410879780825454
231,46200,rician,64,7.667877424703528,8.807049197359564,0.6054749835164057,8.201574213843156,,7.874500827518892,200,7.605054057729734,7.605054057729734,7.674479700986796,7.674479700986796,0.06942564325706257,0.06942564325706257
232,46400,rician,64,8.756984669754516,9.5241431819629,0.30983923218835974,9.214303949774541,,7.874500827518892,200,7.604667612735507,7.604667612735507,7.702599653969035,7.702599653969035,0.09793204123352783,0.09793204123352783
233,46600,rician,64,8.52578239979144,9.978745865385697,1.0072445958824134,8.97150126950328,,7.874500827518892,200,7.657599266480945,7.657599266480945,7.7054908546402325,7.7054908546402325,0.0478915881592874,0.0478915881592874
234,46800,rician,64,4.990878309654352,7.947395256660946,1.4936425387487189,6.459605309482365,,7.874500827518892,200,7.603660463475474,7.603660463475474,7.6871026734192585,7.6871026734192585,0.08344220994378482,0.08344220994378482
235,47000,rician,64,4.965042021074094,7.71800566391549,1.0950951940542903,6.622910469861197,,7.874500827518892,200,7.554733030364142,7.554733030364142,7.665088251513557,7.665088251513557,0.11035522114941543,0.11035522114941543
236,47200,rician,64,6.858955724296798,8.58685680593009,0.9980062205655438,7.5888505853645425,,7.874500827518892,200,7.562357317022285,7.562357317022285,7.661060685007754,7.661060685007754,0.0987033679854683,0.0987033679854683
237,47400,rician,64,7.506150957232048,8.872970684877929,0.9133425361383263,7.959628148739605,,7.874500827518892,200,7.556215177564779,7.556215177564779,7.6680301767673,7.6680301767673,0.11181499920252147,0.11181499920252147
238,47600,rician,64,5.892452102851892,8.18039609501684,1.5949425296182311,6.585453565398606,,7.874500827518892,200,7.508436021585595,7.508436021585595,7.648616366887999,7.648616366887999,0.14018034530240353,0.14018034530240353
239,47800,rician,64,7.040115317965687,9.918000695694433,2.3668565610267454,7.551144134667682,,7.874500827518892,200,7.491954893549594,7.491954893549594,7.643325791404176,7.643325791404176,0.1513708978545818,0.1513708978545818
240,48000,rician,64,6.702615569129962,8.218074751919584,0.3561219304989763,7.861952821420608,,7.874500827518892,200,7.492246486499889,7.492246486499889,7.642299459259228,7.642299459259228,0.15005297275933938,0.15005297275933938
241,48200,rician,64,4.848130934192104,8.348999133595003,2.035638153880402,6.313360979714594,,7.874500827518892,200,7.392750809432698,7.392750809432698,7.617861914096945,7.617861914096945,0.2251111046642471,0.2251111046642471
242,48400,rician,64,7.865293919619531,9.579636426107415,1.2078734203691568,8.37176300573825,,7.874500827518892,200,7.371521098695814,7.371521098695814,7.622220840807256,7.622220840807256,0.2506997421114425,0.2506997421114425
243,48600,rician,64,6.624356438602231,8.582330231354412,0.9367624473936982,7.6455677839607175,,7.874500827518892,200,7.357798973502964,7.357798973502964,7.626962081112076,7.626962081112076,0.26916310760911166,0.26916310760911166
244,48800,rician,64,7.088548481384025,8.216838400592419,0.5694900496164698,7.647348350975936,,7.874500827518892,200,7.372025698708635,7.372025698708635,7.614630513037539,7.614630513037539,0.2426048143289039,0.2426048143289039
245,49000,rician,64,4.311549696397524,8.952544821413774,3.636768856651694,5.336602482894653,,7.874500827518892,200,7.298437388607726,7.298437388607726,7.588541952001018,7.588541952001018,0.2901045633932915,0.2901045633932915
246,49200,rician,64,6.871333929841942,8.145679167085968,0.6676606237582244,7.4780185433277415,,7.874500827518892,200,7.335477906607099,7.335477906607099,7.58420585780149,7.58420585780149,0.2487279511943914,0.2487279511943914
247,49400,rician,64,6.806473145815341,8.466769834793025,0.08161283809960505,8.385156996693405,,7.874500827518892,200,7.518129059444776,7.518129059444776,7.578165066838659,7.578165066838659,0.06003600739388304,0.06003600739388304
248,49600,rician,64,6.333680006981421,7.639147192700889,0.6714094898015105,6.967737702899384,,7.874500827518892,200,7.509926031840125,7.509926031840125,7.571329260509175,7.571329260509175,0.06140322866904935,0.06140322866904935
249,49800,rician,64,4.709980680446647,8.404027811807746,3.280785728625563,5.149971478556257,,7.874500827518892,200,7.384199113158635,7.384199113158635,7.543204125935975,7.543204125935975,0.1590050127773397,0.1590050127773397
250,50000,rician,64,7.011035500171658,9.158578607280278,0.9129838524212746,8.245594754858997,7.733215863862176,7.733215863862176,200,7.427902327383775,7.427902327383775,7.554043641371615,7.554043641371615,0.12614131398784068,0.12614131398784068
251,50200,rician,64,8.335350142917015,9.24622430049448,0.11194362976793312,9.134280670726545,,7.733215863862176,200,7.474537650227946,7.474537650227946,7.571448539769275,7.571448539769275,0.09691088954132887,0.09691088954132887
252,50400,rician,64,7.964383645130413,8.725730052563728,0.2808259066399766,8.444904145923745,,7.733215863862176,200,7.436067660035405,7.436067660035405,7.57058235903181,7.57058235903181,0.134514698996405,0.134514698996405
253,50600,rician,64,4.9598889374463795,8.727998725158479,2.411513791480231,6.323416471318898,,7.733215863862176,200,7.3036634201261865,7.3036634201261865,7.560912305230059,7.560912305230059,0.25724888510387256,0.25724888510387256
254,50800,rician,64,6.753782989549129,8.683939216293178,1.0389363496980804,7.645002866595099,,7.733215863862176,200,7.362933297981823,7.362933297981823,7.561434063959506,7.561434063959506,0.19850076597768318,0.19850076597768318
255,51000,rician,64,8.33089808540467,9.437910395504987,0.5270721075059595,8.910838287999034,,7.733215863862176,200,7.477329688888714,7.477329688888714,7.571683609518442,7.571683609518442,0.09435392062972792,0.09435392062972792
256,51200,rician,64,6.0017483240592036,9.531110198362553,3.0890611308876728,6.442049067474882,,7.733215863862176,200,7.4199896129942315,7.4199896129942315,7.5588292308765235,7.5588292308765235,0.13883961788229193,0.13883961788229193
257,51400,rician,64,5.737205829029534,7.967311460536536,0.8193533277904896,7.14795813274604,,7.733215863862176,200,7.379406112194552,7.379406112194552,7.556628180564637,7.556628180564637,0.17722206837008514,0.17722206837008514
258,51600,rician,64,6.482234688794079,9.560076975131816,2.655750800727126,6.906183650304164,,7.733215863862176,200,7.395442616439832,7.395442616439832,7.53664042333266,7.53664042333266,0.14119780689282813,0.14119780689282813
259,51800,rician,64,5.917276298383936,7.880793110506921,1.1945242777333447,6.686268832773575,,7.733215863862176,200,7.352198851345126,7.352198851345126,7.514754956856266,7.514754956856266,0.16255610551113975,0.16255610551113975
260,52000,rician,64,0.6027016675205961,8.996726939028342,7.328029890135796,1.8779749510390304,,7.733215863862176,200,7.052999957826048,7.052999957826048,7.46313386325632,7.46313386325632,0.41013390543027217,0.41013390543027217
261,52200,rician,64,7.325044903282905,8.694972447803597,0.5820401656640724,8.112932282139523,,7.733215863862176,200,7.142978522947293,7.142978522947293,7.467593603767064,7.467593603767064,0.324615080819771,0.324615080819771
262,52400,rician,64,7.167188544501868,8.42111856230089,0.8000298911157314,7.621088671185166,,7.733215863862176,200,7.105444806219639,7.105444806219639,7.461573678282788,7.461573678282788,0.3561288720631488,0.3561288720631488
263,52600,rician,64,6.506624412144207,8.65663418938858,0.7536205581942069,7.903013631194378,,7.733215863862176,200,7.118317098581324,7.118317098581324,7.456343345650273,7.456343345650273,0.33802624706894946,0.33802624706894946
264,52800,rician,64,8.125759585247067,9.124614308392948,0.43018205951499994,8.69443224887795,,7.733215863862176,200,7.170671293476422,7.170671293476422,7.481529580031149,7.481529580031149,0.31085828655472714,0.31085828655472714
265,53000,rician,64,7.789387648330302,8.832414488292672,0.6188289121624618,8.213585576130212,,7.733215863862176,200,7.314520448138201,7.314520448138201,7.48913896349727,7.48913896349727,0.17461851535906892,0.17461851535906892
266,53200,rician,64,6.430214295287515,8.963670421015303,1.1906677230277687,7.773002697987532,,7.733215863862176,200,7.329269655871191,7.329269655871191,7.494100085527858,7.494100085527858,0.16483042965666694,0.16483042965666694
267,53400,rician,64,7.173761129763351,9.377783086984618,1.0366904713318097,8.341092615652801,,7.733215863862176,200,7.327066436819161,7.327066436819161,7.505710438298365,7.505710438298365,0.17864400147920456,0.17864400147920456
268,53600,rician,64,7.8962211522625605,9.253275488795799,0.5404030508702231,8.712872437925572,,7.733215863862176,200,7.414323173570469,7.414323173570469,7.498470945918342,7.498470945918342,0.0841477723478734,0.0841477723478734
269,53800,rician,64,6.783674119784661,8.41092678336156,1.2206630297135777,7.190263753647975,,7.733215863862176,200,7.516337787325057,7.516337787325057,7.520488846062895,7.520488846062895,0.004151058737837943,0.004151058737837943
270,54000,rician,64,6.555856983198343,8.334037713055396,1.2221582026136515,7.111879510441746,,7.733215863862176,200,7.459652025104194,7.459652025104194,7.569332546920016,7.569332546920016,0.10968052181582255,0.10968052181582255
271,54200,rician,64,6.5028419825632735,7.757147732892602,0.05978534209314433,7.697362390799458,,7.733215863862176,200,7.38780611110784,7.38780611110784,7.557903121117335,7.557903121117335,0.17009701000949562,0.17009701000949562
272,54400,rician,64,7.051113072341398,9.312103141169452,1.8644975313251222,7.454846158387369,,7.733215863862176,200,7.338303211731021,7.338303211731021,7.556965803127484,7.556965803127484,0.2186625913964626,0.2186625913964626
273,54600,rician,64,6.617234973863384,8.045376531585234,0.961064026670828,7.0843125049144,,7.733215863862176,200,7.376348013410796,7.376348013410796,7.532452253987043,7.532452253987043,0.15610424057624694,0.15610424057624694
274,54800,rician,64,6.391185681279219,8.087451309204452,1.0841472417716445,7.003304067432808,,7.733215863862176,200,7.34426307345268,7.34426307345268,7.515483040813307,7.515483040813307,0.17121996736062695,0.17121996736062695
275,55000,rician,64,6.873080077461078,8.568733956376,0.9150710106438964,7.653662945732104,,7.733215863862176,200,7.2814043063393346,7.2814043063393346,7.514651803307999,7.514651803307999,0.23324749696866487,0.23324749696866487
276,55200,rician,64,6.391131512302588,8.375606558440946,1.051993828772474,7.32361272966848,,7.733215863862176,200,7.325482489449013,7.325482489449013,7.519796819822581,7.519796819822581,0.19431433037356793,0.19431433037356793
277,55400,rician,64,7.101094454099901,8.492993551158671,0.9979704443312413,7.495023106827426,,7.733215863862176,200,7.342835738153083,7.342835738153083,7.519390746515808,7.519390746515808,0.1765550083627252,0.1765550083627252
278,55600,rician,64,6.298993810648051,10.126822092319427,3.0791158511603087,7.047706241159116,,7.733215863862176,200,7.349911867695832,7.349911867695832,7.519751306544226,7.519751306544226,0.1698394388483937,0.1698394388483937
279,55800,rician,64,7.0723042251705515,8.008138453944234,0.488793071352977,7.519345382591259,,7.733215863862176,200,7.391565695186716,7.391565695186716,7.538646802978969,7.538646802978969,0.14708110779225247,0.14708110779225247
280,56000,rician,64,3.8622839338887562,8.1094335785592,3.862136268684214,4.282160549282723,,7.733215863862176,200,7.5117749750989,7.5117749750989,7.475392995456994,7.475392995456994,0.036381979641905815,0.036381979641905815
281,56200,rician,64,5.8794495746093,8.745704978533066,2.2710368509685566,6.474668127564504,,7.733215863862176,200,7.42986176737015,7.42986176737015,7.454583623226673,7.454583623226673,0.02472185585652298,0.02472185585652298
282,56400,rician,64,7.324892609073766,8.735655175514728,1.0943441987654565,7.641310976749268,,7.733215863862176,200,7.430872882648356,7.430872882648356,7.468622710222726,7.468622710222726,0.03774982757436973,0.03774982757436973
283,56600,rician,64,6.340909296316922,7.7239454277534,0.8693341722491579,6.854611255504239,,7.733215863862176,200,7.378452763863848,7.378452763863848,7.475316570884783,7.475316570884783,0.09686380702093533,0.09686380702093533
284,56800,rician,64,8.95455061639752,9.460015466713001,0.15410955810855337,9.305905908604448,,7.733215863862176,200,7.409026446850172,7.409026446850172,7.481769141911554,7.481769141911554,0.07274269506138253,0.07274269506138253
285,57000,rician,64,4.887131369988925,8.091521522299137,1.9424821847009524,6.159115629876323,,7.733215863862176,200,7.306302949537478,7.306302949537478,7.459516697558214,7.459516697558214,0.15321374802073606,0.15321374802073606
286,57200,rician,64,6.560489180713543,8.074906424695325,0.6650982513618824,7.422625053444918,,7.733215863862176,200,7.2887840673103454,7.2887840673103454,7.458597831867554,7.458597831867554,0.1698137645572082,0.1698137645572082
287,57400,rician,64,7.1475289019065205,8.454191387246105,0.9776061776879467,7.476585209558163,,7.733215863862176,200,7.245558697005615,7.245558697005615,7.446188314716149,7.446188314716149,0.20062961771053445,0.20062961771053445
288,57600,rician,64,3.9410906127464913,7.900330760223393,3.293814959563745,4.636435000914,,7.733215863862176,200,7.041736825155036,7.041736825155036,7.412952101216191,7.412952101216191,0.3712152760611547,0.3712152760611547
289,57800,rician,64,4.88788344677559,8.29367184148192,2.157483602312306,6.136240147744783,,7.733215863862176,200,6.989035644859877,6.989035644859877,7.380656206140668,7.380656206140668,0.39162056128079126,0.39162056128079126
290,58000,rician,64,6.5251051970319915,7.835862106313532,0.9659930004726215,6.869869105840913,,7.733215863862176,200,6.976935124629835,6.976935124629835,7.407504278114754,7.407504278114754,0.4305691534849192,0.4305691534849192
291,58200,rician,64,4.9180716212109905,7.857624122886597,1.5793490100083094,6.278275112878287,,7.733215863862176,200,6.905980760733776,6.905980760733776,7.400172262910985,7.400172262910985,0.494191502177209,0.494191502177209
292,58400,rician,64,6.499406424061674,8.404465704464785,0.8351590865810041,7.569306617883773,,7.733215863862176,200,6.911703783708598,6.911703783708598,7.3870285155900755,7.3870285155900755,0.4753247318814777,0.4753247318814777
293,58600,rician,64,6.408194750955853,8.246290217049458,1.2923151968870317,6.954456071082853,,7.733215863862176,200,6.90521096201702,6.90521096201702,7.375656835060804,7.375656835060804,0.4704458730437837,0.4704458730437837
294,58800,rician,64,2.3291174045263205,8.215410181406591,5.717365752400474,2.633603928377858,,7.733215863862176,200,6.686725955064271,6.686725955064271,7.33495852708722,7.33495852708722,0.6482325720229491,0.6482325720229491
295,59000,rician,64,8.258488748419813,8.706532188518771,0.03299638614692618,8.673535802371847,,7.733215863862176,200,6.737719597896259,6.737719597896259,7.354078501782357,7.354078501782357,0.6163589038860984,0.6163589038860984
296,59200,rician,64,6.404125093638948,9.294334903715592,2.6111046666035174,6.6857751005136015,,7.733215863862176,200,6.705827716438515,6.705827716438515,7.330638802252574,7.330638802252574,0.6248110858140592,0.6248110858140592
297,59400,rician,64,5.5054240562045536,7.887283974836718,1.956552123372753,5.930731851463964,,7.733215863862176,200,6.6276131536703415,6.6276131536703415,7.317338552361913,7.317338552361913,0.6897253986915715,0.6897253986915715
298,59600,rician,64,6.064261948934762,8.326102261105504,1.1011588838232413,7.224943377282266,,7.733215863862176,200,6.6364750104765,6.6364750104765,7.313913257693254,7.313913257693254,0.6774382472167542,0.6774382472167542
299,59800,rician,64,5.599964946068718,8.850696500876248,2.7943192916991304,6.05637720917712,,7.733215863862176,200,6.563326601805793,6.563326601805793,7.299976063238733,7.299976063238733,0.7366494614329406,0.7366494614329406
300,60000,rician,64,6.576208186491225,9.345191815332205,2.219881629141667,7.1253101861905455,8.871385155988545,8.871385155988545,200,6.705484083651183,6.705484083651183,7.285400471622118,7.285400471622118,0.5799163879709353,0.5799163879709353
301,60200,rician,64,7.413891272131524,8.80694945971334,0.7428349471591262,8.064114512554214,,8.871385155988545,200,6.78495640290067,6.78495640290067,7.295089177937022,7.295089177937022,0.510132775036352,0.510132775036352
302,60400,rician,64,8.034514910742425,8.720342192137164,0.23108250309471626,8.489259689042449,,8.871385155988545,200,6.827353838515329,6.827353838515329,7.305456164616221,7.305456164616221,0.4781023261008919,0.4781023261008919
303,60600,rician,64,6.8177219430829,8.488751513229905,0.9982753661154609,7.490476147114447,,8.871385155988545,200,6.859147083095839,6.859147083095839,7.300364331381428,7.300364331381428,0.4412172482855894,0.4412172482855894
304,60800,rician,64,6.449469256674795,8.530353057257365,1.0596013201426924,7.470751737114669,,8.871385155988545,200,6.767389374521349,6.767389374521349,7.330205585526944,7.330205585526944,0.562816211005595,0.562816211005595
305,61000,rician,64,6.439996364596778,8.169838608865444,1.4049164340344242,6.774336364849111,,8.871385155988545,200,6.798150411269989,6.798150411269989,7.319719326999578,7.319719326999578,0.5215689157295884,0.5215689157295884
306,61200,rician,64,6.219933330576937,8.8776968976197,1.1735633883496004,7.7041335092701,,8.871385155988545,200,6.812225834061247,6.812225834061247,7.324394248478742,7.324394248478742,0.5121684144174949,0.5121684144174949
307,61400,rician,64,6.571020855183739,7.681019346384877,0.7224694376295938,6.958549908755282,,8.871385155988545,200,6.786324069021104,6.786324069021104,7.319239802534967,7.319239802534967,0.532915733513863,0.532915733513863
308,61600,rician,64,7.788979907919344,8.9325799961656,0.8338935569746073,8.098686439190988,,8.871385155988545,200,6.959436640934955,6.959436640934955,7.3216609811177715,7.3216609811177715,0.36222434018281646,0.36222434018281646
309,61800,rician,64,6.770534189601434,8.79307180398598,1.6774099593346918,7.115661844651284,,8.871385155988545,200,7.008407725780279,7.008407725780279,7.319129943154543,7.319129943154543,0.31072221737426453,0.31072221737426453
310,62000,rician,64,5.77653927756999,8.045582833426792,1.9946367691511864,6.063383581409965,,8.871385155988545,200,6.968083449558731,6.968083449558731,7.29805466842693,7.29805466842693,0.3299712188681996,0.3299712188681996
311,62200,rician,64,6.570787679313815,9.398836932639366,1.6255594491010188,7.774330834039497,,8.871385155988545,200,7.042886235616791,7.042886235616791,7.283252963083218,7.283252963083218,0.2403667274664265,0.2403667274664265
312,62400,rician,64,6.863404267697604,8.384406480345097,1.203975686215759,7.180430794129341,,8.871385155988545,200,7.02344244442907,7.02344244442907,7.26283694252792,7.26283694252792,0.23939449809885005,0.23939449809885005
313,62600,rician,64,7.359359807189135,8.868830454641973,1.049092199744172,7.819738254897803,,8.871385155988545,200,7.066706553619818,7.066706553619818,7.2619056431309525,7.2619056431309525,0.19519908951113418,0.19519908951113418
314,62800,rician,64,5.077335878648306,8.32779344492772,2.595499808510938,5.7474131377014865,,8.871385155988545,200,7.222397014086001,7.222397014086001,7.243995960812051,7.243995960812051,0.02159894672605045,0.02159894672605045
315,63000,rician,64,4.165354533564041,8.18876287907165,2.8468612142622676,5.3466332004464485,,8.871385155988545,200,7.0560518839897295,7.0560518839897295,7.221447701495637,7.221447701495637,0.1653958175059076,0.1653958175059076
316,63200,rician,64,7.8717221102814054,8.91091556207958,0.7004352880943839,8.210480273985201,,8.871385155988545,200,7.132287142663311,7.132287142663311,7.229188855713472,7.229188855713472,0.09690171305016104,0.09690171305016104
317,63400,rician,64,7.61626975172051,9.234933138652595,1.2519895495283042,7.982943589124292,,8.871385155988545,200,7.234897729546326,7.234897729546326,7.228193582225817,7.228193582225817,0.006704147320508724,0.006704147320508724
318,63600,rician,64,6.841954235474563,8.222253299132396,0.8798149206711792,7.342438378461224,,8.871385155988545,200,7.2407724796052735,7.2407724796052735,7.226207599160606,7.226207599160606,0.014564880444667416,0.014564880444667416
319,63800,rician,64,8.200982498780766,9.712141828941549,0.7885025554303619,8.923639273511187,,8.871385155988545,200,7.384135582821976,7.384135582821976,7.23663632494184,7.23663632494184,0.14749925788013574,0.14749925788013574
320,64000,rician,64,8.230822088873342,8.918201510932692,0.36430170841866394,8.553899802514032,,8.871385155988545,200,7.45556506363815,7.45556506363815,7.243614113342833,7.243614113342833,0.21195095029531696,0.21195095029531696
321,64200,rician,64,6.272963651775828,8.298601778266486,1.7049207102817512,6.593681067984743,,8.871385155988545,200,7.382043391409677,7.382043391409677,7.226518178812097,7.226518178812097,0.15552521259757945,0.15552521259757945
322,64400,rician,64,7.808327453898543,10.124412721714904,1.9350504301160087,8.189362291598894,,8.871385155988545,200,7.367048521537498,7.367048521537498,7.220448229523327,7.220448229523327,0.14660029201417135,0.14660029201417135
323,64600,rician,64,7.61535172089051,8.67706590179288,0.7318965872445846,7.945169314548289,,8.871385155988545,200,7.38978317990919,7.38978317990919,7.220699819790633,7.220699819790633,0.16908336011855685,0.16908336011855685
324,64800,rician,64,3.5121225816667097,8.985732220293619,5.223081729282943,3.8475330511744574,,8.871385155988545,200,7.2086222456121805,7.2086222456121805,7.1855470118337506,7.1855470118337506,0.023075233778429904,0.023075233778429904
325,65000,rician,64,5.5138272958149885,7.993659399558377,1.9913894751332306,6.007027996080023,,8.871385155988545,200,7.170256827173726,7.170256827173726,7.177533604945423,7.177533604945423,0.007276777771696885,0.007276777771696885
326,65200,rician,64,6.779870937476521,8.606764426926478,1.4852386519460665,7.1215257749804115,,8.871385155988545,200,7.141126440459241,7.141126440459241,7.181376780861825,7.181376780861825,0.040250340402583795,0.040250340402583795
327,65400,rician,64,6.489056004869571,7.887704365193762,0.30962143782403845,7.578082927369717,,8.871385155988545,200,7.172103091389962,7.172103091389962,7.2098362707361225,7.2098362707361225,0.037733179346160384,0.037733179346160384
328,65600,rician,64,7.384633396609072,9.252925668505053,1.4477057395496005,7.811024908970348,,8.871385155988545,200,7.157720014878931,7.157720014878931,7.216628537275904,7.216628537275904,0.05890852239697253,0.05890852239697253
329,65800,rician,64,7.187767604857304,9.419955043734728,1.9146724652917226,7.5052825784430075,,8.871385155988545,200,7.1772010515685185,7.1772010515685185,7.215036264538473,7.215036264538473,0.037835212969954846,0.037835212969954846
330,66000,rician,64,4.078280638090765,8.538263492578022,3.8291462537058423,4.740985259078504,,8.871385155988545,200,7.111081135451945,7.111081135451945,7.188730812425694,7.188730812425694,0.07764967697374914,0.07764967697374914
331,66200,rician,64,6.1963796763248284,7.654666206282812,0.8546350004585102,6.800031205824307,,8.871385155988545,200,7.062366154041186,7.062366154041186,7.174715382345507,7.174715382345507,0.11234922830432126,0.11234922830432126
332,66400,rician,64,4.116522234115148,8.081825000813799,3.6109753555884523,4.527635606761531,,8.871385155988545,200,6.929726394672794,6.929726394672794,7.127848698915378,7.127848698915378,0.1981223042425846,0.1981223042425846
333,66600,rician,64,8.51787337400491,9.075882987589457,0.2448024808634702,8.83108050672599,,8.871385155988545,200,6.9802935072642045,6.9802935072642045,7.1264444912876055,7.1264444912876055,0.146150984023401,0.146150984023401
334,66800,rician,64,6.091403793208173,8.730922398007765,2.1162954806804706,6.619546162167133,,8.871385155988545,200,7.023900158487487,7.023900158487487,7.128043899814454,7.128043899814454,0.10414374132696658,0.10414374132696658
335,67000,rician,64,6.034738509984823,8.489619793532295,1.475597175025031,7.014022618507261,,8.871385155988545,200,7.107269629390527,7.107269629390527,7.1319550213009135,7.1319550213009135,0.024685391910386656,0.024685391910386656
336,67200,rician,64,8.667910117483544,9.38613284668205,0.4098949855555131,8.97623786112654,,8.871385155988545,200,7.145557508747595,7.145557508747595,7.145828894058534,7.145828894058534,0.000271385310938399,0.000271385310938399
337,67400,rician,64,6.366100353326629,8.354519451994578,1.6104637716944228,6.749636090032291,,8.871385155988545,200,7.083892133792995,7.083892133792995,7.1337289734714595,7.1337289734714595,0.04983683967846453,0.04983683967846453
338,67600,rician,64,5.858691248141155,9.201088829634061,2.5928367194859776,6.612384488210808,,8.871385155988545,200,7.047389439280472,7.047389439280472,7.133998282699582,7.133998282699582,0.08660884341910968,0.08660884341910968
339,67800,rician,64,6.9185163910574365,8.66214994144865,1.421924772500271,7.253851803439992,,8.871385155988545,200,6.963900065776914,6.963900065776914,7.131025359387304,7.131025359387304,0.16712529361038975,0.16712529361038975
340,68000,rician,64,8.273600985607874,10.134942375076912,1.5155164616458228,8.619425913431087,,8.871385155988545,200,6.9671763713227675,6.9671763713227675,7.13860009030741,7.13860009030741,0.17142371898464237,0.17142371898464237
341,68200,rician,64,5.513665503968408,8.629890970867095,2.583737959649927,6.057893260005887,,8.871385155988545,200,6.940386980923824,6.940386980923824,7.136045413110323,7.136045413110323,0.19565843218649892,0.19565843218649892
342,68400,rician,64,8.181508411608029,8.85069029744531,0.31372384718688145,8.536966450258415,,8.871385155988545,200,6.957767188856799,6.957767188856799,7.137697447555524,7.137697447555524,0.17993025869872525,0.17993025869872525
343,68600,rician,64,7.422521787357939,7.825880372572227,0.029116493591033018,7.796763878981196,,8.871385155988545,200,6.950346917078446,6.950346917078446,7.13920940850573,7.13920940850573,0.18886249142728406,0.18886249142728406
344,68800,rician,64,8.378919019783714,9.074778794250907,0.09865302112246845,8.976125773128445,,8.871385155988545,200,7.206776553176144,7.206776553176144,7.152497182727257,7.152497182727257,0.054279370448886866,0.054279370448886866
345,69000,rician,64,4.784668682711735,8.752029875559456,3.6682043231911825,5.131770009603576,,8.871385155988545,200,7.163013653852322,7.163013653852322,7.150448857994343,7.150448857994343,0.012564795857978872,0.012564795857978872
346,69200,rician,64,7.45814367801434,9.117621080977472,1.3470841881850892,7.770536892792377,,8.871385155988545,200,7.19546420974292,7.19546420974292,7.15337404148899,7.15337404148899,0.04209016825392986,0.04209016825392986
347,69400,rician,64,8.553307589303932,9.628322496060052,0.7770951278210197,8.851227368239023,,8.871385155988545,200,7.259121431786385,7.259121431786385,7.158034745204446,7.158034745204446,0.10108668658193842,0.10108668658193842
348,69600,rician,64,8.084102717875746,8.765428870942836,0.38596523123184945,8.379463639710997,,8.871385155988545,200,7.287543368323417,7.287543368323417,7.172152004572563,7.172152004572563,0.11539136375085413,0.11539136375085413
349,69800,rician,64,6.788252781313284,9.090085256236003,1.870222816180115,7.224163321824431,,8.871385155988545,200,7.273487405492489,7.273487405492489,7.192893923005244,7.192893923005244,0.0805934824872443,0.0805934824872443
350,70000,rician,64,7.672785149396632,8.1616741998561,0.16829796331730992,7.993376236538797,8.145214784612234,8.145214784612234,200,7.4361069543655045,7.4361069543655045,7.190371737822042,7.190371737822042,0.2457352165434621,0.2457352165434621
351,70200,rician,64,8.261349574879548,10.497071514605631,1.3548323778484102,9.142239136757217,,8.145214784612234,200,7.553217350912149,7.553217350912149,7.190451322482349,7.190451322482349,0.36276602842980044,0.36276602842980044
352,70400,rician,64,4.014655119246015,8.757631963360515,4.316246032746117,4.48804844733047,,8.145214784612234,200,7.551237992940597,7.551237992940597,7.150882765496416,7.150882765496416,0.40035522744418106,0.40035522744418106
353,70600,rician,64,4.10982454729878,8.342707954920675,3.023875701639435,5.343930033361404,,8.145214784612234,200,7.3768804692723675,7.3768804692723675,7.14108790111684,7.14108790111684,0.23579256815552707,0.23579256815552707
354,70800,rician,64,8.340796911994522,9.384558758408774,0.5702527915504807,8.814305966858296,,8.145214784612234,200,7.486618459506926,7.486618459506926,7.152780932119473,7.152780932119473,0.33383752738745276,0.33383752738745276
355,71000,rician,64,6.74504603273952,9.663443637179975,1.8365822759310915,7.826861361248877,,8.145214784612234,200,7.527260396644006,7.527260396644006,7.141941162851972,7.141941162851972,0.3853192337920337,0.3853192337920337
356,71200,rician,64,6.819427687084218,9.0409625933427,1.241243702548957,7.803572148440939,,8.145214784612234,200,7.468627111009726,7.468627111009726,7.155556393661632,7.155556393661632,0.31307071734809444,0.31307071734809444
357,71400,rician,64,6.957913587944204,8.593008878619512,1.2211502347891625,7.371858643830353,,8.145214784612234,200,7.4997382386996305,7.4997382386996305,7.157795398772476,7.157795398772476,0.3419428399271549,0.3419428399271549
358,71600,rician,64,5.875768638366156,8.90877536223573,1.737862993825491,7.170912368410239,,8.145214784612234,200,7.527664632709602,7.527664632709602,7.1604426859535355,7.1604426859535355,0.36722194675606623,0.36722194675606623
359,71800,rician,64,4.1702781623525365,8.011026051827223,3.4321127125422,4.5832380246128865,,8.145214784612234,200,7.394133943768246,7.394133943768246,7.139412377871929,7.139412377871929,0.25472156589631645,0.25472156589631645
360,72000,rician,64,7.648864884465707,8.762094148665579,0.5358944589869633,8.226199689678618,,8.145214784612234,200,7.3744726325806225,7.3744726325806225,7.202894625258325,7.202894625258325,0.17157800732229767,0.17157800732229767
361,72200,rician,64,6.206453071892714,7.948050102402978,1.1396609528226886,6.808389149580289,,8.145214784612234,200,7.411997427059342,7.411997427059342,7.189849193932733,7.189849193932733,0.22214823312660936,0.22214823312660936
362,72400,rician,64,6.675571940546475,8.670298032154635,1.6380411411873994,7.051221383704261,,8.145214784612234,200,7.337710173731635,7.337710173731635,7.184150521057924,7.184150521057924,0.15355965267371108,0.15355965267371108
363,72600,rician,64,3.6920096230181603,8.701201511419285,4.626935807371738,4.104424437641399,,8.145214784612234,200,7.153093201664644,7.153093201664644,7.146164629122394,7.146164629122394,0.006928572542250322,0.006928572542250322
364,72800,rician,64,7.472367319458548,8.078241345595844,0.04591195131722994,8.032329394278616,,8.145214784612234,200,7.105903382722152,7.105903382722152,7.1395436005764,7.1395436005764,0.033640217854247645,0.033640217854247645
365,73000,rician,64,8.495497485365687,9.889129764785944,1.0420147076559925,8.847115057129953,,8.145214784612234,200,7.2916706350984715,7.2916706350984715,7.145878895386398,7.145878895386398,0.14579173971207382,0.14579173971207382
366,73200,rician,64,6.191226971410848,8.5750366697409,0.8209768287642523,7.754059840976646,,8.145214784612234,200,7.2908467825076855,7.2908467825076855,7.145689466816289,7.145689466816289,0.14515731569139678,0.14515731569139678
367,73400,rician,64,7.890965525116196,10.00832069404006,1.7659830054732533,8.242337688566817,,8.145214784612234,200,7.260402298524075,7.260402298524075,7.144701917545428,7.144701917545428,0.11570038097864721,0.11570038097864721
368,73600,rician,64,4.889218309096722,9.153627292647437,3.9553386814730502,5.227127131100697,,8.145214784612234,200,7.10278547309356,7.10278547309356,7.10984446447718,7.10984446447718,0.007058991383620317,0.007058991383620317
369,73800,rician,64,5.435293953938523,8.220193840246933,2.163444780263546,6.0603964209856995,,8.145214784612234,200,7.044597128051625,7.044597128051625,7.098545791150558,7.098545791150558,0.0539486630989332,0.0539486630989332
370,74000,rician,64,6.8896480908637,8.389144417864044,0.7184831570555114,7.670661260808538,,8.145214784612234,200,7.028461379265112,7.028461379265112,7.104133608654227,7.104133608654227,0.07567222938911478,0.07567222938911478
371,74200,rician,64,8.631756199639577,9.772786209320577,0.7742974379414521,8.998488771379131,,8.145214784612234,200,7.021273860996206,7.021273860996206,7.117144872460021,7.117144872460021,0.09587101146381549,0.09587101146381549
372,74400,rician,64,6.083060613627149,8.62012011270266,2.1775727705025574,6.442547342200097,,8.145214784612234,200,7.118998805739689,7.118998805739689,7.107021884298149,7.107021884298149,0.011976921441539723,0.011976921441539723
373,74600,rician,64,9.279021837327571,10.39531458680152,0.7615211674327775,9.63379341936874,,8.145214784612234,200,7.3334919750400545,7.3334919750400545,7.132516693442693,7.132516693442693,0.2009752815973611,0.2009752815973611
374,74800,rician,64,7.458317656823917,8.345688286018467,0.48646084174616394,7.859227444272301,,8.145214784612234,200,7.285738048910756,7.285738048910756,7.141075927211088,7.141075927211088,0.14466212169966752,0.14466212169966752
375,75000,rician,64,4.4921268810768,8.214847144738426,3.296190198696636,4.920095169382305,,8.145214784612234,200,7.140399739317426,7.140399739317426,7.11374024944759,7.11374024944759,0.026659489869836683,0.026659489869836683
376,75200,rician,64,8.326812667642269,9.66554139816931,0.9563711581494775,8.70917024001983,,8.145214784612234,200,7.185679643896371,7.185679643896371,7.127595824551102,7.127595824551102,0.05808381934526885,0.05808381934526885
377,75400,rician,64,5.509485657540396,7.819726285150182,1.9713520631506816,5.848374221999493,,8.145214784612234,200,7.109505422804828,7.109505422804828,7.111129335702825,7.111129335702825,0.0016239128979966821,0.0016239128979966821
378,75600,rician,64,7.627130789782419,9.591214972190215,1.6224823258100107,7.972644372803475,,8.145214784612234,200,7.149592023024491,7.149592023024491,7.1203787170192685,7.1203787170192685,0.029213306005222428,0.029213306005222428
379,75800,rician,64,7.510357775596346,8.140761561418861,0.21454173475414962,7.926219826664709,,8.145214784612234,200,7.316741113127081,7.316741113127081,7.124447461460003,7.124447461460003,0.1922936516670788,0.1922936516670788
380,76000,rician,64,7.230001549764178,8.494297343953022,0.26455260300700767,8.229744740946005,,8.145214784612234,200,7.316918365690452,7.316918365690452,7.1639233033766345,7.1639233033766345,0.15299506231381788,0.15299506231381788
381,76200,rician,64,7.409670153423013,8.201167877976985,0.4794543156752047,7.721713562301777,,8.145214784612234,200,7.362584586326525,7.362584586326525,7.176393757724009,7.176393757724009,0.18619082860251623,0.18619082860251623
382,76400,rician,64,6.362919290310441,8.51710740794496,1.8097882275979218,6.7073191803470396,,8.145214784612234,200,7.3453894761586636,7.3453894761586636,7.167053839759985,7.167053839759985,0.17833563639867833,0.17833563639867833
383,76600,rician,64,7.8603187605174325,8.270281387095654,0.05094605923437027,8.219335327861288,,8.145214784612234,200,7.551135020669659,7.551135020669659,7.180701080483555,7.180701080483555,0.3704339401861043,0.3704339401861043
384,76800,rician,64,7.490702629438001,9.30515907354201,1.3271617490534988,7.983265741844023,,8.145214784612234,200,7.548681838047929,7.548681838047929,7.1674746788159505,7.1674746788159505,0.38120715923197857,0.38120715923197857
385,77000,rician,64,6.638791099927676,8.559892635937565,0.6499314250285068,7.909961210909066,,8.145214784612234,200,7.501824145736886,7.501824145736886,7.184983134626277,7.184983134626277,0.3168410111106086,0.3168410111106086
386,77200,rician,64,6.155584474619651,8.978771845023928,2.428978108385151,6.54979373663878,,8.145214784612234,200,7.44161084051999,7.44161084051999,7.176254821458216,7.176254821458216,0.2653560190617741,0.2653560190617741
387,77400,rician,64,8.180384247897436,10.140257778427975,0.9176515869989029,9.222606191429069,,8.145214784612234,200,7.490624265663103,7.490624265663103,7.193715031276927,7.193715031276927,0.29690923438617567,0.29690923438617567
388,77600,rician,64,7.332055884836211,8.874813507767888,1.0646254030688986,7.810188104698989,,8.145214784612234,200,7.619777314343018,7.619777314343018,7.225452562314777,7.225452562314777,0.3943247520282416,0.3943247520282416
389,77800,rician,64,6.123484382389884,8.259570648446866,0.7274457656934731,7.532124882753391,,8.145214784612234,200,7.693363737431402,7.693363737431402,7.239411409664864,7.239411409664864,0.4539523277665376,0.4539523277665376
390,78000,rician,64,3.403869982889395,8.099453529187063,3.4244991448704765,4.682499905560405,,8.145214784612234,200,7.5439556696689944,7.5439556696689944,7.217537717662058,7.217537717662058,0.3264179520069366,0.3264179520069366
391,78200,rician,64,5.610441421036188,9.030565244525693,2.5442251719830993,6.493426374653364,,8.145214784612234,200,7.418702549832706,7.418702549832706,7.2196892302798075,7.2196892302798075,0.1990133195528987,0.1990133195528987
392,78400,rician,64,7.6744756710922255,9.072945028330961,1.047173010476507,8.02644177406772,,8.145214784612234,200,7.497897271426086,7.497897271426086,7.224260581841647,7.224260581841647,0.2736366895844391,0.2736366895844391
393,78600,rician,64,6.601387871838504,8.386664925987798,1.3244491860350867,7.064897076829892,,8.145214784612234,200,7.369452454299145,7.369452454299145,7.22536499189912,7.22536499189912,0.1440874624000248,0.1440874624000248
394,78800,rician,64,6.067637135958607,8.98497177733653,2.6136499684319716,6.3713218089045665,,8.145214784612234,200,7.2950571725307585,7.2950571725307585,7.262742170704386,7.262742170704386,0.03231500182637248,0.03231500182637248
395,79000,rician,64,8.422381303651145,8.89535541453697,0.09150064600766482,8.803854768529304,,8.145214784612234,200,7.489245152488108,7.489245152488108,7.264045360365959,7.264045360365959,0.22519979212214913,0.22519979212214913
396,79200,rician,64,7.488657324376313,8.337604991274425,0.5162515711852304,7.821353420089191,,8.145214784612234,200,7.444854311491578,7.444854311491578,7.275401143561716,7.275401143561716,0.16945316792986187,0.16945316792986187
397,79400,rician,64,7.938266491477151,8.922812634791818,0.46063048977075616,8.46218214502106,,8.145214784612234,200,7.5755447076426545,7.5755447076426545,7.300715646497286,7.300715646497286,0.2748290611453683,0.2748290611453683
398,79600,rician,64,6.3134657211581695,8.565179911148348,1.7932622295872964,6.771917681561047,,8.145214784612234,200,7.515508373080533,7.515508373080533,7.296185389540074,7.296185389540074,0.21932298354045887,0.21932298354045887
399,79800,rician,64,6.788607802077521,8.614645261848784,1.066932497796191,7.547712764052588,,8.145214784612234,200,7.496583019949928,7.496583019949928,7.311098745088828,7.311098745088828,0.18548427486109986,0.18548427486109986
400,80000,rician,64,7.301930595556611,7.733493892432142,0.1305630167204422,7.602930875711698,6.456000601263969,6.456000601263969,200,7.465242326688214,7.465242326688214,7.315874951984041,7.315874951984041,0.14936737470417327,0.14936737470417327
401,80200,rician,64,7.298269995779412,8.19744629868948,0.5804742869852264,7.616972011704258,,6.456000601263969,200,7.460005249158337,7.460005249158337,7.31140352697554,7.31140352697554,0.14860172218279732,0.14860172218279732
402,80400,rician,64,8.400130211007395,8.884914514853353,0.14337913666560517,8.741535378187749,,6.456000601263969,200,7.561716059050371,7.561716059050371,7.313926283866993,7.313926283866993,0.24778977518337797,0.24778977518337797
403,80600,rician,64,6.636351203609195,8.01636926351256,0.8199780079681788,7.196391255544378,,6.456000601263969,200,7.510568855434525,7.510568855434525,7.310985434951293,7.310985434951293,0.19958342048323185,0.19958342048323185
404,80800,rician,64,2.4468461059525195,8.997640332474232,5.313016839280376,3.755871466484992,,6.456000601263969,200,7.299199141666575,7.299199141666575,7.273836632244997,7.273836632244997,0.02536250942157814,0.02536250942157814
405,81000,rician,64,8.157107851737123,9.118555289299765,0.6347618721596451,8.483793417140124,,6.456000601263969,200,7.327890751978129,7.327890751978129,7.290931202767909,7.290931202767909,0.03695954921021993,0.03695954921021993
406,81200,rician,64,6.157388818442516,9.485653835307135,2.9514239466945913,6.53768587694496,,6.456000601263969,200,7.3272853589934375,7.3272853589934375,7.279266726444656,7.279266726444656,0.04801863254878125,0.04801863254878125
407,81400,rician,64,7.95490499055947,8.961916723774452,0.673883744526288,8.288032979248168,,6.456000601263969,200,7.280556698384392,7.280556698384392,7.292561557149585,7.292561557149585,0.012004858765193305,0.012004858765193305
408,81600,rician,64,5.746488999276846,8.04297521841878,1.9472941160962807,6.095681102322505,,6.456000601263969,200,7.194831348265568,7.194831348265568,7.2725315037808995,7.2725315037808995,0.07770015551533138,0.07770015551533138
409,81800,rician,64,6.819980197431156,7.809617303405208,0.49681629868790694,7.312801004717298,,6.456000601263969,200,7.1838651543637635,7.1838651543637635,7.27450289538156,7.27450289538156,0.09063774101779654,0.09063774101779654
410,82000,rician,64,5.672175759119574,8.418797654361263,1.5849920938784658,6.8338055604827925,,6.456000601263969,200,7.2914304371098835,7.2914304371098835,7.282207115172287,7.282207115172287,0.009223321937596118,0.009223321937596118
411,82200,rician,64,7.6573132773963035,10.31983934508111,2.374169277026406,7.9456700680546986,,6.456000601263969,200,7.36404262177995,7.36404262177995,7.283920507512439,7.283920507512439,0.08012211426751037,0.08012211426751037
412,82400,rician,64,8.01890406362128,8.427601772033219,0.07538798373267111,8.352213788300547,,6.456000601263969,200,7.380331222491593,7.380331222491593,7.295638337454152,7.295638337454152,0.0846928850374411,0.0846928850374411
413,82600,rician,64,2.938161276478717,8.77265947225743,5.6202070455803845,3.266284601919098,,6.456000601263969,200,7.19040059874605,7.19040059874605,7.250103800924364,7.250103800924364,0.05970320217831393,0.05970320217831393
414,82800,rician,64,7.673187442647214,9.324943825180235,1.3061400652556612,8.018803759924573,,6.456000601263969,200,7.272774696297051,7.272774696297051,7.272817707146596,7.272817707146596,4.301084954505541e-05,4.301084954505541e-05
415,83000,rician,64,6.657981488218281,8.719970593416877,1.4840917315524755,7.235878861864404,,6.456000601263969,200,7.194375900963806,7.194375900963806,7.291710163760776,7.291710163760776,0.09733426279697,0.09733426279697
416,83200,rician,64,6.480355677437705,8.487757121423765,0.5103398787543442,7.9774172426694205,,6.456000601263969,200,7.202179092092817,7.202179092092817,7.289379533447618,7.289379533447618,0.08720044135480087,0.08720044135480087
417,83400,rician,64,6.267161830678337,7.902201184329372,0.8410144460048553,7.061186738324522,,6.456000601263969,200,7.132129321757991,7.132129321757991,7.280161964939619,7.280161964939619,0.14803264318162856,0.14803264318162856
418,83600,rician,64,7.898594849805501,8.773984131499718,0.5305813518101722,8.24340277968955,,6.456000601263969,200,7.205703576664416,7.205703576664416,7.289171608951903,7.289171608951903,0.08346803228748634,0.08346803228748634
419,83800,rician,64,6.774348943185606,8.255623803766722,1.1581404970572282,7.097483306709497,,6.456000601263969,200,7.183192103797261,7.183192103797261,7.270910049283885,7.270910049283885,0.0877179454866246,0.0877179454866246
420,84000,rician,64,5.758221711244942,9.13234933902372,3.0485921394952578,6.101518026547869,,6.456000601263969,200,7.10812146133907,7.10812146133907,7.246386231524224,7.246386231524224,0.13826477018515426,0.13826477018515426
421,84200,rician,64,7.359031919709124,8.9104580224173,0.6468512946721402,8.26360672774516,,6.456000601263969,200,7.140453197141115,7.140453197141115,7.2630854881218285,7.2630854881218285,0.1226322909807136,0.1226322909807136
422,84400,rician,64,8.334317680680916,9.372279508556105,0.5344271934983452,8.837852315057756,,6.456000601263969,200,7.145269043984615,7.145269043984615,7.269570388356416,7.269570388356416,0.12430134437180129,0.12430134437180129
423,84600,rician,64,7.333623996191286,7.942432063880793,0.16950878677362552,7.772923277107165,,6.456000601263969,200,7.174095645062754,7.174095645062754,7.267847927982005,7.267847927982005,0.09375228291925097,0.09375228291925097
424,84800,rician,64,7.234628571488523,8.318533673003532,0.2922382085897355,8.026295464413801,,6.456000601263969,200,7.3876168449591955,7.3876168449591955,7.309635552114398,7.309635552114398,0.0779812928447976,0.0779812928447976
425,85000,rician,64,5.8188393497919995,7.787003367976687,0.8970008829124896,6.890002485064199,,6.456000601263969,200,7.307927298355399,7.307927298355399,7.31846529700424,7.31846529700424,0.010537998648840308,0.010537998648840308
426,85200,rician,64,8.07720259971771,9.200145836493801,0.3979042640424488,8.802241572451354,,6.456000601263969,200,7.421155083130719,7.421155083130719,7.33527245497895,7.33527245497895,0.08588262815176861,0.08588262815176861
427,85400,rician,64,7.583940610540049,8.094768885708765,0.09205375207868294,8.00271513363009,,6.456000601263969,200,7.406889190849815,7.406889190849815,7.339518777041555,7.339518777041555,0.06737041380826003,0.06737041380826003
428,85600,rician,64,4.643552389617561,7.510656754053141,1.2953659525880539,6.218122495753041,,6.456000601263969,200,7.413011260521342,7.413011260521342,7.323589752909381,7.323589752909381,0.0894215076119611,0.0894215076119611
429,85800,rician,64,5.057549459336156,7.617680963579698,1.104041615594511,6.51363934798519,,6.456000601263969,200,7.373053177684737,7.373053177684737,7.313673320604804,7.313673320604804,0.059379857079933096,0.059379857079933096
430,86000,rician,64,8.149778258646952,8.994228718737816,0.3813428530090648,8.612885865728755,,6.456000601263969,200,7.462007192947034,7.462007192947034,7.352392326671305,7.352392326671305,0.10961486627572903,0.10961486627572903
431,86200,rician,64,7.400067212114075,8.065664025668697,0.19902292804410285,7.866641097624587,,6.456000601263969,200,7.458055744425529,7.458055744425529,7.363058425589308,7.363058425589308,0.09499731883622076,0.09499731883622076
432,86400,rician,64,6.729323505814262,8.879487699700231,1.1653687232449617,7.714118976455272,,6.456000601263969,200,7.426151003833264,7.426151003833264,7.394923259286246,7.394923259286246,0.031227744547018155,0.031227744547018155
433,86600,rician,64,5.882455025289127,8.590485121584285,2.2690816493936214,6.321442580838212,,6.456000601263969,200,7.5789089027792205,7.5789089027792205,7.36982688002737,7.36982688002737,0.20908202275185062,0.20908202275185062
434,86800,rician,64,7.26040717224495,8.55925724605644,0.8578354686228187,7.701421777433622,,6.456000601263969,200,7.563039803654672,7.563039803654672,7.380645636180033,7.380645636180033,0.182394167474639,0.182394167474639
435,87000,rician,64,7.052667306152873,8.344276704549436,0.6652428004688979,7.679033904080545,,6.456000601263969,200,7.58519755576548,7.58519755576548,7.3872957490357685,7.3872957490357685,0.19790180672971136,0.19790180672971136
436,87200,rician,64,5.02377042388482,7.996907083758945,2.0401418418053283,5.956940100671559,,6.456000601263969,200,7.484173698665586,7.484173698665586,7.357102771431218,7.357102771431218,0.1270709272343682,0.1270709272343682
437,87400,rician,64,7.821592168043111,9.256516723036116,0.3780912048457302,8.878425518190376,,6.456000601263969,200,7.575035637658878,7.575035637658878,7.378390665712797,7.378390665712797,0.196644971946081,0.196644971946081
438,87600,rician,64,5.426928768568055,8.263772810641031,2.327592213447416,5.936474673761742,,6.456000601263969,200,7.45968923236249,7.45968923236249,7.371631567568306,7.371631567568306,0.0880576647941842,0.0880576647941842
439,87800,rician,64,6.73632468483982,9.52927470502976,2.3877330201016838,7.141541684928077,,6.456000601263969,200,7.46189215127342,7.46189215127342,7.370508466383186,7.370508466383186,0.09138368489023385,0.09138368489023385
440,88000,rician,64,4.621828067897964,8.345345674129534,3.431130943367949,4.96131566186896,,6.456000601263969,200,7.404882033039473,7.404882033039473,7.333927363867565,7.333927363867565,0.07095466917190851,0.07095466917190851
441,88200,rician,64,6.974970468935668,8.474201457463739,0.9889860841790523,7.48521537328469,,6.456000601263969,200,7.365962465316448,7.365962465316448,7.348200585000354,7.348200585000354,0.017761880316093936,0.017761880316093936
442,88400,rician,64,7.213390759351393,9.110898472004646,0.23044190052563648,8.880456571479005,,6.456000601263969,200,7.368092678137512,7.368092678137512,7.351635486212561,7.351635486212561,0.01645719192495143,0.01645719192495143
443,88600,rician,64,7.482269996068052,8.495637030096256,0.6064148727881163,7.889222157308139,,6.456000601263969,200,7.373907622147561,7.373907622147561,7.35256006899583,7.35256006899583,0.02134755315173109,0.02134755315173109
444,88800,rician,64,6.026195213275762,8.137699954231381,1.2769378949022654,6.868303851539955,,6.456000601263969,200,7.316008041503869,7.316008041503869,7.331481849779945,7.331481849779945,0.015473808276076362,0.015473808276076362
445,89000,rician,64,7.665236332036971,9.206241232679654,0.9339033549929163,8.272337877686743,,6.456000601263969,200,7.385124811134996,7.385124811134996,7.362887528460775,7.362887528460775,0.022237282674220538,0.022237282674220538
446,89200,rician,64,7.117073511408283,7.851775285853662,0.3731629333913752,7.478612352462278,,6.456000601263969,200,7.318943350135541,7.318943350135541,7.359968283057475,7.359968283057475,0.041024932921933654,0.041024932921933654
447,89400,rician,64,7.841805187234135,9.100834244266915,0.9142032772834915,8.186630966983424,,6.456000601263969,200,7.3281391418032085,7.3281391418032085,7.353322319044919,7.353322319044919,0.025183177241710375,0.025183177241710375
448,89600,rician,64,8.16739226583474,9.134628707951626,0.5804555233372636,8.554173184614367,,6.456000601263969,200,7.444941676246275,7.444941676246275,7.3550694144939515,7.3550694144939515,0.08987226175232355,0.08987226175232355
449,89800,rician,64,5.775853192713162,8.11753155626383,1.9962013799870482,6.1254914372867475,,6.456000601263969,200,7.425534280711352,7.425534280711352,7.344082695648575,7.344082695648575,0.08145158506277639,0.08145158506277639
450,90000,rician,64,8.269235996942676,10.050870747660063,1.4822478472587644,8.568622900401305,7.5002562242188855,7.5002562242188855,200,7.42332113244498,7.42332113244498,7.349835162287201,7.349835162287201,0.0734859701577788,0.0734859701577788
451,90200,rician,64,6.0991130390028205,9.007040949143553,2.6086980094623966,6.398342939681161,,7.5002562242188855,200,7.349906224547809,7.349906224547809,7.32239620031644,7.32239620031644,0.02751002423136839,0.02751002423136839
452,90400,rician,64,8.621423048346765,9.99946403596523,1.0898374616405917,8.909626574324648,,7.5002562242188855,200,7.409681604441277,7.409681604441277,7.366611981586382,7.366611981586382,0.043069622854895684,0.043069622854895684
453,90600,rician,64,5.982844832950054,8.132604659547368,0.9492771134556491,7.189843122921819,,7.5002562242188855,200,7.45310163154546,7.45310163154546,7.385071112481987,7.385071112481987,0.06803051906347246,0.06803051906347246
454,90800,rician,64,7.306214239708845,8.398630741127938,0.7974869208190856,7.607970672635343,,7.5002562242188855,200,7.448429076305544,7.448429076305544,7.373007759539757,7.373007759539757,0.07542131676578734,0.07542131676578734
455,91000,rician,64,7.1266912845870705,7.772572916126302,0.30586609120450314,7.466706824921794,,7.5002562242188855,200,7.437812722347607,7.437812722347607,7.369406214176486,7.369406214176486,0.0684065081711207,0.0684065081711207
456,91200,rician,64,5.2965820609068235,9.032214308326754,3.14332188856475,5.897239807490595,,7.5002562242188855,200,7.434827707688558,7.434827707688558,7.350342890766982,7.350342890766982,0.0844848169215755,0.0844848169215755
457,91400,rician,64,8.791036183384087,9.761236186571686,0.663702786384576,9.097533400187103,,7.5002562242188855,200,7.445783101788395,7.445783101788395,7.3675996383305495,7.3675996383305495,0.07818346345784555,0.07818346345784555
458,91600,rician,64,8.632385028385478,9.181619048911754,0.12763019956570326,9.05398884934605,,7.5002562242188855,200,7.601658810567611,7.601658810567611,7.386430403139907,7.386430403139907,0.21522840742770377,0.21522840742770377
459,91800,rician,64,5.878601441118267,8.326152043241368,1.704671193097042,6.62148085014433,,7.5002562242188855,200,7.575655768828422,7.575655768828422,7.4068128313952215,7.4068128313952215,0.1688429374332001,0.1688429374332001
460,92000,rician,64,7.352473283092399,8.506359484258095,0.4977886275055765,8.008570856752526,,7.5002562242188855,200,7.728018528572602,7.728018528572602,7.404636543065961,7.404636543065961,0.3233819855066411,0.3233819855066411
461,92200,rician,64,6.972305291309924,7.98459263709366,0.6774753267483183,7.307117310345342,,7.5002562242188855,200,7.719113625425635,7.719113625425635,7.409623824673612,7.409623824673612,0.30948980075202304,0.30948980075202304
462,92400,rician,64,7.052286953785934,8.46634761531605,1.056755094665338,7.409592520650711,,7.5002562242188855,200,7.645570422884219,7.645570422884219,7.413207536043075,7.413207536043075,0.2323628868411447,0.2323628868411447
463,92600,rician,64,7.3543921989246455,10.544060934915716,2.3400802196667976,8.203980715248925,,7.5002562242188855,200,7.661308350781257,7.661308350781257,7.454203098819152,7.454203098819152,0.20710525196210572,0.20710525196210572
464,92800,rician,64,5.46552674177172,8.83808837082849,2.0049993455315596,6.833089025296926,,7.5002562242188855,200,7.659547609469106,7.659547609469106,7.442210695129334,7.442210695129334,0.2173369143397723,0.2173369143397723
465,93000,rician,64,5.229904257869993,9.18964852005576,2.7925094394294327,6.40055491299693,,7.5002562242188855,200,7.565958461234615,7.565958461234615,7.417745093688003,7.417745093688003,0.14821336754661196,0.14821336754661196
466,93200,rician,64,5.637851686758857,8.798297740206438,2.646488281284936,6.171329225968885,,7.5002562242188855,200,7.5005943049099475,7.5005943049099475,7.401917787537925,7.401917787537925,0.09867651737202277,0.09867651737202277
467,93400,rician,64,6.571599774632347,7.6543977570265875,0.15873141932823356,7.495666337698353,,7.5002562242188855,200,7.4660460734456935,7.4660460734456935,7.3944510740292415,7.3944510740292415,0.07159499941645198,0.07159499941645198
468,93600,rician,64,8.01441451765695,9.351862647714215,0.9497365022048803,8.402126145509326,,7.5002562242188855,200,7.45844372149044,7.45844372149044,7.426201064173329,7.426201064173329,0.03224265731711107,0.03224265731711107
469,93800,rician,64,6.281156527741912,7.6681481041167245,0.5298801444308597,7.138267959685863,,7.5002562242188855,200,7.509082547610397,7.509082547610397,7.43697977956033,7.43697977956033,0.07210276805006721,0.07210276805006721
470,94000,rician,64,7.2564851855538794,8.507519739632416,0.836150246963632,7.6713694926687905,,7.5002562242188855,200,7.464219877223771,7.464219877223771,7.436986861878933,7.436986861878933,0.02723301534483813,0.02723301534483813
471,94200,rician,64,6.2112274887167915,8.524620812151365,0.9901367717155225,7.534484040435833,,7.5002562242188855,200,7.521026932261504,7.521026932261504,7.422346814569499,7.422346814569499,0.09868011769200535,0.09868011769200535
472,94400,rician,64,2.960835008667345,8.522498052889762,3.471131892043603,5.06122220779888,,7.5002562242188855,200,7.328606713935217,7.328606713935217,7.408533563225487,7.408533563225487,0.07992684929026961,0.07992684929026961
473,94600,rician,64,6.48650700063052,8.77521427380492,0.9620291088558615,7.813185164949062,,7.5002562242188855,200,7.359773816036579,7.359773816036579,7.390327480681292,7.390327480681292,0.030553664644712875,0.030553664644712875
474,94800,rician,64,8.58577234316328,9.313177302952298,0.32389536148199105,8.989281941470306,,7.5002562242188855,200,7.428839379478326,7.428839379478326,7.401628025653272,7.401628025653272,0.02721135382505402,0.02721135382505402
475,95000,rician,64,6.783823526268829,8.517669180452309,0.44322530050459735,8.074443879947701,,7.5002562242188855,200,7.459226232229621,7.459226232229621,7.433171512758926,7.433171512758926,0.02605471947069482,0.02605471947069482
476,95200,rician,64,6.503996836561316,9.30764773447347,2.106334237815623,7.202682855350034,,7.5002562242188855,200,7.524498384622592,7.524498384622592,7.418106638912228,7.418106638912228,0.10639174571036403,0.10639174571036403
477,95400,rician,64,7.388055697658135,9.304875201039426,1.2934279740368864,8.019032910268123,,7.5002562242188855,200,7.470573360126646,7.470573360126646,7.439813225794913,7.439813225794913,0.030760134331732303,0.030760134331732303
478,95600,rician,64,6.855286723817766,7.677264828663728,0.4638305002704293,7.213434328393294,,7.5002562242188855,200,7.378545634079008,7.378545634079008,7.432221125350811,7.432221125350811,0.05367549127180293,0.05367549127180293
479,95800,rician,64,6.731688577736155,8.26433061138371,0.396322143463518,7.868008467920181,,7.5002562242188855,200,7.440872014967802,7.440872014967802,7.431639011763367,7.431639011763367,0.009233003204434986,0.009233003204434986
480,96000,rician,64,7.30601646611001,9.366264364372418,1.4974394631661048,7.868824901206315,,7.5002562242188855,200,7.43388471719049,7.43388471719049,7.428029813365969,7.428029813365969,0.0058549038245212515,0.0058549038245212515
481,96200,rician,64,4.419327523357707,8.197603194732125,3.079677744617881,5.125951696473247,,7.5002562242188855,200,7.324826436496885,7.324826436496885,7.402072194707683,7.402072194707683,0.0772457582107986,0.0772457582107986
482,96400,rician,64,1.783434177300869,7.918878565836191,5.317315004931555,2.7923493102303354,,7.5002562242188855,200,7.093964275975864,7.093964275975864,7.362922496006516,7.362922496006516,0.26895822003065195,0.26895822003065195
483,96600,rician,64,3.664086994094076,8.267925618697516,3.806017271437301,4.494963027804956,,7.5002562242188855,200,6.908513391603665,6.908513391603665,7.325678773005953,7.325678773005953,0.4171653814022882,0.4171653814022882
484,96800,rician,64,6.731927763211887,8.629627752796225,0.9835326958482069,7.646095056948009,,7.5002562242188855,200,6.949163693186222,6.949163693186222,7.322307066156993,7.322307066156993,0.3731433729707714,0.3731433729707714
485,97000,rician,64,6.606192721518856,8.508420511540768,1.4925866156266676,7.015833895914106,,7.5002562242188855,200,6.979927642332081,6.979927642332081,7.313365793007042,7.313365793007042,0.3334381506749615,0.3334381506749615
486,97200,rician,64,6.3558028163862845,8.163772046570374,0.6164590387586489,7.547313007811725,,7.5002562242188855,200,7.048726831424223,7.048726831424223,7.323340985718772,7.323340985718772,0.2746141542945493,0.2746141542945493
487,97400,rician,64,5.639131193248481,8.733608042717172,2.417070671424495,6.316537371292667,,7.5002562242188855,200,6.98977038310394,6.98977038310394,7.294280297517407,7.294280297517407,0.3045099144134671,0.3045099144134671
488,97600,rician,64,7.683209576588539,8.377497684812907,0.29862353572424444,8.07887414908867,,7.5002562242188855,200,6.9736077832829055,6.9736077832829055,7.296967157961304,7.296967157961304,0.3233593746783985,0.3233593746783985
489,97800,rician,64,6.775112516313949,9.25699956006769,2.0993338117306397,7.157665748337056,,7.5002562242188855,200,6.974577672715465,6.974577672715465,7.293222566617142,7.293222566617142,0.31864489390167705,0.31864489390167705
490,98000,rician,64,4.942645313256418,8.174223812946186,1.8245147538427942,6.349709059103394,,7.5002562242188855,200,6.908494651037195,6.908494651037195,7.3098946581525714,7.3098946581525714,0.4014000071153765,0.4014000071153765
491,98200,rician,64,8.056108386361625,9.758766265013247,1.3078216396817681,8.450944625331482,,7.5002562242188855,200,6.954317680281977,6.954317680281977,7.329469840659353,7.329469840659353,0.3751521603773762,0.3751521603773762
492,98400,rician,64,5.231237084278782,7.970992042758146,1.3552062628457664,6.6176165337853305,,7.5002562242188855,200,7.0321373965813,7.0321373965813,7.315381588256529,7.315381588256529,0.2832441916752293,0.2832441916752293
493,98600,rician,64,6.74535384443457,8.596861011567183,0.8659890550667622,7.730871956500424,,7.5002562242188855,200,7.028021736158868,7.028021736158868,7.322041337053235,7.322041337053235,0.29401960089436674,0.29401960089436674
494,98800,rician,64,5.05457648444201,8.53265545005908,2.3739461266364708,6.1587093234226105,,7.5002562242188855,200,6.886493105256484,6.886493105256484,7.319915212198415,7.319915212198415,0.43342210694193106,0.43342210694193106
495,99000,rician,64,2.9047423720533594,8.298954308937157,5.047708620724162,3.3574551049029364,,7.5002562242188855,200,6.650643666504244,6.650643666504244,7.265451215562153,7.265451215562153,0.6148075490579084,0.6148075490579084
496,99200,rician,64,5.954082850135936,8.113000200037186,1.8045732064288142,6.313867922565178,,7.5002562242188855,200,6.6062029198650025,6.6062029198650025,7.250376360586912,7.250376360586912,0.6441734407219091,0.6441734407219091
497,99400,rician,64,8.70920551848098,9.609670646183863,0.5561865774635741,9.053484068720298,,7.5002562242188855,200,6.657925477787612,6.657925477787612,7.2562893798239045,7.2562893798239045,0.5983639020362927,0.5983639020362927
498,99600,rician,64,6.693228590394641,8.650274269703992,1.4726121121048874,7.1776621575991095,,7.5002562242188855,200,6.6561368692479,6.6561368692479,7.260346824584284,7.260346824584284,0.6042099553363833,0.6042099553363833
499,99800,rician,64,6.7475975467197955,8.359605854625958,1.0213197376605954,7.338286116965361,,7.5002562242188855,200,6.6296507517001615,6.6296507517001615,7.258252558113413,7.258252558113413,0.6286018064132515,0.6286018064132515
500,100000,rician,64,7.254356422145737,8.765593076012053,0.9775105668858696,7.788082509126179,7.847863946220545,7.847863946220545,200,6.6256136320961545,6.6256136320961545,7.2601040744475585,7.2601040744475585,0.634490442351404,0.634490442351404
501,100200,rician,64,7.52105349983159,8.486623465382406,0.5636148264254459,7.923008638956964,,7.847863946220545,200,6.765466479220341,6.765466479220341,7.263164440720085,7.263164440720085,0.4976979614997443,0.4976979614997443
502,100400,rician,64,6.946765717190206,9.29415286656852,1.9752858142891512,7.318867052279369,,7.847863946220545,200,6.991792366322791,6.991792366322791,7.248937757461001,7.248937757461001,0.2571453911382102,0.2571453911382102
503,100600,rician,64,5.818289060294742,7.776828854292874,0.6954031614555409,7.081425692837337,,7.847863946220545,200,7.121115499574411,7.121115499574411,7.2477881018339305,7.2477881018339305,0.1266726022595197,0.1266726022595197
504,100800,rician,64,5.853143506048217,9.306105184902927,2.995702116749014,6.310403068153908,,7.847863946220545,200,7.054330900134704,7.054330900134704,7.273333417850621,7.273333417850621,0.21900251771591694,0.21900251771591694
505,101000,rician,64,7.258233260703735,8.789708102259562,1.114732711907933,7.6749753903516265,,7.847863946220545,200,7.087287974856582,7.087287974856582,7.265245237582735,7.265245237582735,0.17795726272615298,0.17795726272615298
506,101200,rician,64,7.091295214124208,8.54354778150527,1.029998691243907,7.51354909026136,,7.847863946220545,200,7.085599778979064,7.085599778979064,7.275003869715899,7.275003869715899,0.1894040907368355,0.1894040907368355
507,101400,rician,64,6.331483216718125,8.809121285398291,1.3563796245860993,7.462404195545721,,7.847863946220545,200,7.142893120191717,7.142893120191717,7.266747581878875,7.266747581878875,0.12385446168715841,0.12385446168715841
508,101600,rician,64,6.27857233401355,8.738112104085763,1.6341682168582952,7.10394388722747,,7.847863946220545,200,7.094146607098656,7.094146607098656,7.276830209727924,7.276830209727924,0.1826836026292682,0.1826836026292682
509,101800,rician,64,4.752875943042621,9.735872125118274,4.681209783316903,5.109886143889786,,7.847863946220545,200,6.991757626876291,6.991757626876291,7.254801061119648,7.254801061119648,0.2630434342433565,0.2630434342433565
510,102000,rician,64,6.432227052744264,8.01262780601124,1.2585628536734652,6.761216884314018,,7.847863946220545,200,7.0123330181368235,7.0123330181368235,7.254075174357961,7.254075174357961,0.2417421562211377,0.2417421562211377
511,102200,rician,64,7.234237593979542,8.227010368113392,0.688381023708705,7.538629344404689,,7.847863946220545,200,6.966717254090483,6.966717254090483,7.250004767121461,7.250004767121461,0.2832875130309782,0.2832875130309782
512,102400,rician,64,7.324786964042918,9.055027700559702,0.848101765454219,8.208512174868087,,7.847863946220545,200,7.046262036144621,7.046262036144621,7.248567750987137,7.248567750987137,0.2023057148425158,0.2023057148425158
513,102600,rician,64,7.913671279840253,9.164877204410255,0.17603548666822072,8.988841717742037,,7.847863946220545,200,7.109160524206703,7.109160524206703,7.305793322145366,7.305793322145366,0.19663279793866284,0.19663279793866284
514,102800,rician,64,7.449654246351525,8.531691297843578,0.7443103164891112,7.787380981354467,,7.847863946220545,200,7.190594107103294,7.190594107103294,7.303479094359666,7.303479094359666,0.11288498725637197,0.11288498725637197
515,103000,rician,64,6.789012021029384,9.914555072913371,2.0690920898132905,7.84546298310007,,7.847863946220545,200,7.414994501013152,7.414994501013152,7.309574935572021,7.309574935572021,0.10541956544113074,0.10541956544113074
516,103200,rician,64,3.6700628756319187,8.132910564773045,3.9228951868536637,4.298733851266247,,7.847863946220545,200,7.314237797448205,7.314237797448205,7.272788101657989,7.272788101657989,0.041449695790215735,0.041449695790215735
517,103400,rician,64,6.570829537125589,9.172190241309663,1.5649403195836935,7.607772585669662,,7.847863946220545,200,7.241952223295674,7.241952223295674,7.27825396013144,7.27825396013144,0.03630173683576654,0.03630173683576654
518,103600,rician,64,6.608696622809885,8.014802728494676,1.0424769546243464,6.972325773870323,,7.847863946220545,200,7.231685404109234,7.231685404109234,7.265543190073249,7.265543190073249,0.03385778596401501,0.03385778596401501
519,103800,rician,64,5.190171781686543,8.02918374351918,1.550873631760631,6.479346891570013,,7.847863946220545,200,7.188738442839465,7.188738442839465,7.259361825921854,7.259361825921854,0.07062338308238836,0.07062338308238836
520,104000,rician,64,6.500482022978456,8.035526412481037,1.2265785851143025,6.8089478273667305,,7.847863946220545,200,7.139781708751494,7.139781708751494,7.266436123930042,7.266436123930042,0.1266544151785478,0.1266544151785478
521,104200,rician,64,6.502229429478112,8.72810415849673,1.396090500852288,7.332013657644441,,7.847863946220545,200,7.110231959685867,7.110231959685867,7.257120193229035,7.257120193229035,0.1468882335431676,0.1468882335431676
522,104400,rician,64,5.971074729442551,9.282641995430925,3.02980766385915,6.265619487298621,,7.847863946220545,200,7.05756958143683,7.05756958143683,7.231397864951444,7.231397864951444,0.17382828351461388,0.17382828351461388
523,104600,rician,64,7.439509515477799,8.406656473751623,0.6542961528495452,7.752360320902082,,7.847863946220545,200,7.091116312840069,7.091116312840069,7.231192235389393,7.231192235389393,0.14007592254932444,0.14007592254932444
524,104800,rician,64,6.944715522161261,8.248903208511337,0.9935817745127075,7.255321433998622,,7.847863946220545,200,7.138362231132303,7.138362231132303,7.223482495085241,7.223482495085241,0.08512026395293759,0.08512026395293759
525,105000,rician,64,6.523970781500256,9.125809602694046,1.0261958525552677,8.099613750138774,,7.847863946220545,200,7.159594149121662,7.159594149121662,7.235578607735988,7.235578607735988,0.07598445861432612,0.07598445861432612
526,105200,rician,64,4.105824780319257,8.787758876047336,3.492546664891394,5.330744623767229,,7.847863946220545,200,7.050453925796954,7.050453925796954,7.200863638249147,7.200863638249147,0.15040971245219303,0.15040971245219303
527,105400,rician,64,7.672125940865445,8.668963942628952,0.6506130916515169,8.018350850977434,,7.847863946220545,200,7.078251258568541,7.078251258568541,7.2010199954226195,7.2010199954226195,0.12276873685407885,0.12276873685407885
528,105600,rician,64,6.724863772647942,8.290168618911398,1.0144199714030717,7.2757486475083235,,7.847863946220545,200,7.086841496582582,7.086841496582582,7.211596256940172,7.211596256940172,0.12475476035759048,0.12475476035759048
529,105800,rician,64,7.45499012597995,10.169433526136485,1.8346438458172554,8.334789680319238,,7.847863946220545,200,7.248086673404055,7.248086673404055,7.229807760263513,7.229807760263513,0.018278913140542308,0.018278913140542308
530,106000,rician,64,7.172275110368593,8.816370823797948,1.3008151692344574,7.521194003124523,,7.847863946220545,200,7.2860855293445805,7.2860855293445805,7.218890841637469,7.218890841637469,0.06719468770711146,0.06719468770711146
531,106200,rician,64,7.721351233137475,8.76388590120413,0.7840662078489877,8.005045208499755,,7.847863946220545,200,7.309406322549333,7.309406322549333,7.220274882746221,7.220274882746221,0.08913143980311222,0.08913143980311222
532,106400,rician,64,4.235253900002856,7.755475473007273,3.2450106057899815,4.560678426702385,,7.847863946220545,200,7.127014635141049,7.127014635141049,7.188740477248691,7.188740477248691,0.061725842107642315,0.061725842107642315
533,106600,rician,64,4.83082777539539,7.936106219113453,1.9704056486945465,5.973751276519745,,7.847863946220545,200,6.9762601130799355,6.9762601130799355,7.185263564205506,7.185263564205506,0.20900345112557073,0.20900345112557073
534,106800,rician,64,4.557582862933398,8.444047040121733,3.6239067836919534,4.850381287102762,,7.847863946220545,200,6.829410128367347,6.829410128367347,7.156753159302199,7.156753159302199,0.32734303093485195,0.32734303093485195
535,107000,rician,64,4.568271631313459,8.591928437924366,3.3061706722644075,5.29106268432021,,7.847863946220545,200,6.701690113428356,6.701690113428356,7.132873447104595,7.132873447104595,0.4311833336762394,0.4311833336762394
536,107200,rician,64,3.0016976181685475,8.639390427364688,4.8716958318055985,3.8765411177757443,,7.847863946220545,200,6.680580476753832,6.680580476753832,7.112069457275639,7.112069457275639,0.43148898052180673,0.43148898052180673
537,107400,rician,64,5.217798397865319,7.7531750834241855,2.1041450739900274,5.6666647406251585,,7.847863946220545,200,6.5835250845016065,6.5835250845016065,7.079951849499986,7.079951849499986,0.4964267649983798,0.4964267649983798
538,107600,rician,64,8.28040697516186,8.598481400614391,0.03232646235619906,8.5661549382582,,7.847863946220545,200,6.663216542720998,6.663216542720998,7.106248652144951,7.106248652144951,0.4430321094239531,0.4430321094239531
539,107800,rician,64,6.43250840207353,8.739759052203286,1.9047596872898889,6.834999364913403,,7.847863946220545,200,6.680999166388169,6.680999166388169,7.103183228944804,7.103183228944804,0.4221840625566351,0.4221840625566351
540,108000,rician,64,7.477595500182627,9.100974772551377,1.3091460493953795,7.791828723155996,,7.847863946220545,200,6.730143211177632,6.730143211177632,7.131488359557675,7.131488359557675,0.4013451483800434,0.4013451483800434
541,108200,rician,64,6.765656912966392,10.027715863744946,2.952373073429209,7.079974614461896,,7.847863946220545,200,6.717541259018505,6.717541259018505,7.127435951969447,7.127435951969447,0.4098946929509415,0.4098946929509415
542,108400,rician,64,7.08108045453216,9.391906980756914,1.640135212764738,7.751771767992173,,7.847863946220545,200,6.791848873053183,6.791848873053183,7.116149103934578,7.116149103934578,0.3243002308813949,0.3243002308813949
543,108600,rician,64,7.922097321593631,9.432546628740985,1.2038810432940794,8.228665585446903,,7.847863946220545,200,6.815664136280423,6.815664136280423,7.119543538215965,7.119543538215965,0.30387940193554197,0.30387940193554197
544,108800,rician,64,6.631441742838761,8.176308831676916,0.7293070088351098,7.44700182284181,,7.847863946220545,200,6.825248155722582,6.825248155722582,7.125330517928984,7.125330517928984,0.3000823622064024,0.3000823622064024
545,109000,rician,64,6.763427644828189,7.9590035488271935,0.8646746313553512,7.094328917471849,,7.847863946220545,200,6.774983914089236,6.774983914089236,7.113550428326835,7.113550428326835,0.3385665142375993,0.3385665142375993
546,109200,rician,64,6.7930999735872195,9.161476749203516,1.7741928042474557,7.387972070362091,,7.847863946220545,200,6.87784528641898,6.87784528641898,7.112644025505834,7.112644025505834,0.23479873908685445,0.23479873908685445
547,109400,rician,64,2.9986277125719107,8.626450613164339,4.946110112482777,3.81474408209687,,7.847863946220545,200,6.667664947974951,6.667664947974951,7.068925156656969,7.068925156656969,0.40126020868201806,0.40126020868201806
548,109600,rician,64,4.4790662581917635,8.385737891255276,2.782026222757584,5.6037116684976995,,7.847863946220545,200,6.584063099024421,6.584063099024421,7.039420541495802,7.039420541495802,0.45535744247138066,0.45535744247138066
549,109800,rician,64,5.956493327086839,8.159862411540393,1.8187852548894408,6.367511919771479,,7.847863946220545,200,6.485699210997032,6.485699210997032,7.0418407463206485,7.0418407463206485,0.5561415353236168,0.5561415353236168
550,110000,rician,64,7.485423526644734,9.119575267245548,1.2904561200638458,7.829119147181705,8.063778494630728,8.063778494630728,200,6.501095468199891,6.501095468199891,7.034445708788453,7.034445708788453,0.533350240588562,0.533350240588562
551,110200,rician,64,6.892916785718044,8.165093752513988,0.9142460879419747,7.250847664572012,,8.063778494630728,200,6.463385591003504,6.463385591003504,7.04297075603736,7.04297075603736,0.5795851650338566,0.5795851650338566
552,110400,rician,64,3.172824243617936,8.519881445570743,4.387226673170444,4.174467711521063,,8.063778494630728,200,6.444075055244438,6.444075055244438,6.995619167409325,6.995619167409325,0.551544112164887,0.551544112164887
553,110600,rician,64,7.696064117353256,8.16762136488567,0.14538896285812777,8.030585471436032,,8.063778494630728,200,6.546916764990252,6.546916764990252,7.004026590894467,7.004026590894467,0.45710982590421523,0.45710982590421523
554,110800,rician,64,7.039776142099949,8.833852503056871,0.9083500562663887,7.9255024467904835,,8.063778494630728,200,6.700672822974639,6.700672822974639,7.007201908636017,7.007201908636017,0.3065290856613787,0.3065290856613787
555,111000,rician,64,4.980157321505164,8.21497190536455,1.981874172281494,6.2458431180333385,,8.063778494630728,200,6.7484118446602945,6.7484118446602945,6.994993271567133,6.994993271567133,0.2465814269068387,0.2465814269068387
556,111200,rician,64,7.439581766434868,8.37347799494652,0.5518068658269027,7.821671129119618,,8.063778494630728,200,6.945668345227489,6.945668345227489,7.014237584783424,7.014237584783424,0.06856923955593519,0.06856923955593519
557,111400,rician,64,7.289331756636027,9.090050779295137,1.364292779982579,7.725976726729372,,8.063778494630728,200,7.048633944532701,7.048633944532701,7.000522018048848,7.000522018048848,0.04811192648385276,0.04811192648385276
558,111600,rician,64,6.773396992489568,7.965836949866885,0.7622582836014076,7.203578666265483,,8.063778494630728,200,6.9805051309330635,6.9805051309330635,6.982017916218042,6.982017916218042,0.0015127852849783352,0.0015127852849783352
559,111800,rician,64,6.592051390080904,8.746759687707144,0.7956285684604734,7.951131119246671,,8.063778494630728,200,7.036311718649728,7.036311718649728,6.995314418909065,6.995314418909065,0.04099729974066246,0.04099729974066246
560,112000,rician,64,5.59449718408173,9.601799260592772,3.635174056171271,5.970999409619535,,8.063778494630728,200,6.945270252972906,6.945270252972906,6.974938704437736,6.974938704437736,0.029668451464829992,0.029668451464829992
561,112200,rician,64,5.297591986493737,8.223528360750374,2.488029328963385,5.751683992390347,,8.063778494630728,200,6.878855721869327,6.878855721869327,6.959384371258184,6.959384371258184,0.08052864938885751,0.08052864938885751
562,112400,rician,64,5.051279820182926,8.298517863417208,1.8220244072381628,6.4764934561790435,,8.063778494630728,200,6.81509180627867,6.81509180627867,6.9500533806134674,6.9500533806134674,0.13496157433479716,0.13496157433479716
563,112600,rician,64,5.666981690656187,8.065320886421397,1.931533917581107,6.1338984857789205,,8.063778494630728,200,6.710353451295272,6.710353451295272,6.929352558318766,6.929352558318766,0.21899910702349423,0.21899910702349423
564,112800,rician,64,7.100678241293235,8.424322851507199,0.6768483556221591,7.747474495885033,,8.063778494630728,200,6.72537708494743,6.72537708494743,6.938496413024648,6.938496413024648,0.21311932807721767,0.21311932807721767
565,113000,rician,64,6.819679911568237,8.628479727718986,0.8628727731159097,7.765606954603084,,8.063778494630728,200,6.758940986803994,6.758940986803994,6.9521469334407096,6.9521469334407096,0.19320594663671553,0.19320594663671553
566,113200,rician,64,6.711857479482575,8.370187078749888,0.05609304568344249,8.314094033066443,,8.063778494630728,200,6.805247084939211,6.805247084939211,6.973574581511685,6.973574581511685,0.16832749657247437,0.16832749657247437
567,113400,rician,64,5.4563495931224395,9.277201273370604,2.587842953582146,6.689358319788448,,8.063778494630728,200,6.94897779682379,6.94897779682379,6.965511501332587,6.965511501332587,0.016533704508796987,0.016533704508796987
568,113600,rician,64,7.951772031067225,8.5974060653164,0.30223653993736155,8.299032652732816,,8.063778494630728,200,7.083743846035546,7.083743846035546,6.96448056640482,6.96448056640482,0.1192632796307258,0.1192632796307258
569,113800,rician,64,5.276833833421685,8.356865969810004,2.717098049077019,5.653933865648401,,8.063778494630728,200,7.048064943329393,7.048064943329393,6.949637225464446,6.949637225464446,0.09842771786494708,0.09842771786494708
570,114000,rician,64,6.894544242781028,9.485350718591059,2.1801162966163012,7.3052344219747525,,8.063778494630728,200,7.021870707069046,7.021870707069046,6.945975874757505,6.945975874757505,0.07589483231154048,0.07589483231154048
571,114200,rician,64,6.576079966653676,8.4497519468862,1.5371116123276127,6.915041429906558,,8.063778494630728,200,7.005080395335772,7.005080395335772,6.939781448652213,6.939781448652213,0.06529894668355851,0.06529894668355851
572,114400,rician,64,2.756719930412049,8.962025076872923,5.973587401724837,3.0729906605067234,,8.063778494630728,200,6.950006542785054,6.950006542785054,6.919899133179293,6.919899133179293,0.03010740960576097,0.03010740960576097
573,114600,rician,64,7.950229735057565,9.352432995437521,1.0911787353751847,8.261254260062337,,8.063778494630728,200,6.96153998221637,6.96153998221637,6.924379824130426,6.924379824130426,0.03716015808594353,0.03716015808594353
574,114800,rician,64,6.249890808847649,7.890691223601817,1.29348450211618,6.597206721485634,,8.063778494630728,200,6.895125195951128,6.895125195951128,6.900459071930579,6.900459071930579,0.005333875979451008,0.005333875979451008
575,115000,rician,64,7.308629173600671,7.772521351027408,0.09037039107608003,7.68215095995133,,8.063778494630728,200,6.966940588047028,6.966940588047028,6.896536142730615,6.896536142730615,0.07040444531641299,0.07040444531641299
576,115200,rician,64,7.9795659723813,9.393256406525346,1.0658713042768944,8.32738510224845,,8.063778494630728,200,6.99222628670347,6.99222628670347,6.907783165199598,6.907783165199598,0.08444312150387212,0.08444312150387212
577,115400,rician,64,5.485621965316292,7.828839356831518,1.9701667665749971,5.858672590256525,,8.063778494630728,200,6.898861079879826,6.898861079879826,6.886179561999483,6.886179561999483,0.012681517880343662,0.012681517880343662
578,115600,rician,64,3.340211228917748,8.341581287169383,4.68542676728621,3.706702240186187,,8.063778494630728,200,6.724017258575861,6.724017258575861,6.851112241117411,6.851112241117411,0.12709498254154994,0.12709498254154994
579,115800,rician,64,4.569819674857829,8.27082357833803,2.588984719384923,5.7053269558421515,,8.063778494630728,200,6.611727050405636,6.611727050405636,6.829485425996632,6.829485425996632,0.21775837559099553,0.21775837559099553
580,116000,rician,64,4.316490810555677,8.909426266004122,4.029039436982535,4.943782207735059,,8.063778494630728,200,6.560366190311413,6.560366190311413,6.800234999061919,6.800234999061919,0.2398688087505061,0.2398688087505061
581,116200,rician,64,4.725373974789193,7.479970809210351,1.272713168238951,6.207257640971396,,8.063778494630728,200,6.583144872740465,6.583144872740465,6.811048058506899,6.811048058506899,0.22790318576643465,0.22790318576643465
582,116400,rician,64,8.850087159370037,9.586821911265176,0.33393367538672614,9.252888235878444,,8.063778494630728,200,6.721964611725435,6.721964611725435,6.875653447763382,6.875653447763382,0.15368883603794714,0.15368883603794714
583,116600,rician,64,2.4491282936729215,8.033999138086955,4.7062171246347395,3.421706142095372,,8.063778494630728,200,6.586354994541256,6.586354994541256,6.864920878906286,6.864920878906286,0.2785658843650305,0.2785658843650305
584,116800,rician,64,7.104861717159721,8.12007434664753,0.07874211469911001,8.041332231948418,,8.063778494630728,200,6.601047881344426,6.601047881344426,6.86887325065629,6.86887325065629,0.26782536931186396,0.26782536931186396
585,117000,rician,64,8.52932657169002,9.078505891246344,0.14477037108220747,8.93373552016414,,8.063778494630728,200,6.65945430962248,6.65945430962248,6.888052266898791,6.888052266898791,0.22859795727631127,0.22859795727631127
586,117200,rician,64,7.301896188597389,8.544212861901295,0.7669059793130798,7.777306882588223,,8.063778494630728,200,6.632614952098568,6.632614952098568,6.890352205646557,6.890352205646557,0.2577372535479885,0.2577372535479885
587,117400,rician,64,6.735336467434701,9.225713238962571,1.4357808060903154,7.789932432872258,,8.063778494630728,200,6.6876436577527585,6.6876436577527585,6.905086156262353,6.905086156262353,0.21744249850959463,0.21744249850959463
588,117600,rician,64,5.094783184727221,9.587332289990218,3.741225177840711,5.855105453530878,,8.063778494630728,200,6.5654472977926615,6.5654472977926615,6.882848469306774,6.882848469306774,0.3174011715141125,0.3174011715141125
589,117800,rician,64,6.774826719105265,9.251258078607485,1.3547336271454773,7.896524451462006,,8.063778494630728,200,6.677576827083342,6.677576827083342,6.890237056338022,6.890237056338022,0.21266022925467976,0.21266022925467976
590,118000,rician,64,7.046226808856229,8.134595836857919,0.41169372881441263,7.722902108043506,,8.063778494630728,200,6.698460211386781,6.698460211386781,6.903968986827424,6.903968986827424,0.20550877544064328,0.20550877544064328
591,118200,rician,64,6.494772630708196,9.11459243353673,2.1644004901044105,6.950191943432319,,8.063778494630728,200,6.700217737063068,6.700217737063068,6.888961460008432,6.888961460008432,0.18874372294536457,0.18874372294536457
592,118400,rician,64,7.4279152832901305,7.976575083249019,0.17600087556675084,7.800574207682268,,8.063778494630728,200,6.936596914421846,6.936596914421846,6.900791036747403,6.900791036747403,0.03580587767444232,0.03580587767444232
593,118600,rician,64,-0.11373993958735365,7.833972231123159,7.05287410112633,1.3074311943542594,,8.063778494630728,200,6.5889057611364406,6.5889057611364406,6.8365566291259405,6.8365566291259405,0.24765086798949998,0.24765086798949998
594,118800,rician,64,8.908538956255391,10.195213430966868,0.9222242099990031,9.272989220967862,,8.063778494630728,200,6.722694886110553,6.722694886110553,6.8676994281013926,6.8676994281013926,0.1450045419908399,0.1450045419908399
595,119000,rician,64,7.5719762074442,8.515983531577438,0.5880636646569123,7.92791986692053,,8.063778494630728,200,6.734983331459013,6.734983331459013,6.913404075721569,6.913404075721569,0.1784207442625565,0.1784207442625565
596,119200,rician,64,5.910479914946111,8.15776265169311,1.8728530492686664,6.284909602424445,,8.063778494630728,200,6.632859556467812,6.632859556467812,6.913114492520163,6.913114492520163,0.2802549360523505,0.2802549360523505
597,119400,rician,64,7.54755707222759,8.916610553377819,0.9432665480415263,7.973344005336298,,8.063778494630728,200,6.7385931272218,6.7385931272218,6.902313091886322,6.902313091886322,0.163719964664522,0.163719964664522
598,119600,rician,64,6.260848076637216,8.93387914308767,2.3091074434874095,6.6252508709694204,,8.063778494630728,200,6.884520558760963,6.884520558760963,6.896788979020027,6.896788979020027,0.012268420259063717,0.012268420259063717
599,119800,rician,64,1.340873386133232,8.206173023403705,6.857118551190373,1.74500877320126,,8.063778494630728,200,6.686504649628918,6.686504649628918,6.8408562055823845,6.8408562055823845,0.1543515559534665,0.1543515559534665
600,120000,rician,64,5.215638841348465,8.627517916244894,2.7172112737213867,5.95595957003283,7.34945143923687,7.34945143923687,200,6.737113517743806,6.737113517743806,6.822534976191451,6.822534976191451,0.08542145844764537,0.08542145844764537
601,120200,rician,64,7.337214596080794,8.449648750211432,0.6739315815338255,7.775717168677611,,7.34945143923687,200,6.815536494129117,6.815536494129117,6.821062061488658,6.821062061488658,0.005525567359541128,0.005525567359541128
602,120400,rician,64,6.760343683261498,8.133812856465251,1.0159444893575762,7.117868367107674,,7.34945143923687,200,6.708785500690579,6.708785500690579,6.81905207463694,6.81905207463694,0.11026657394636086,0.11026657394636086
603,120600,rician,64,7.5219163682252805,8.852331128542192,0.9583198950150018,7.894011233527196,,7.34945143923687,200,6.9324007552621705,6.9324007552621705,6.827177930043839,6.827177930043839,0.10522282521833137,0.10522282521833137
604,120800,rician,64,6.443744677927821,8.236951376785186,0.89952409906031,7.340059391042354,,7.34945143923687,200,6.897337113216868,6.897337113216868,6.837474493272723,6.837474493272723,0.05986261994414477,0.05986261994414477
605,121000,rician,64,5.328116768167031,9.661573842048686,3.2625873106010794,6.402734226055771,,7.34945143923687,200,6.7707870485114485,6.7707870485114485,6.824752081629765,6.824752081629765,0.053965033118316796,0.053965033118316796
606,121200,rician,64,8.049219036372909,9.277320368471896,0.862329329211375,8.414991039260519,,7.34945143923687,200,6.802671256345064,6.802671256345064,6.833766501119757,6.833766501119757,0.03109524477469261,0.03109524477469261
607,121400,rician,64,8.246796917910684,8.718192337522202,0.09869744209920214,8.619494895422994,,7.34945143923687,200,6.844149379472602,6.844149379472602,6.84533740811853,6.84533740811853,0.001188028645928263,0.001188028645928263
608,121600,rician,64,7.728052956692104,9.29052649462495,1.154643992049351,8.1358825025756,,7.34945143923687,200,6.9581882319248365,6.9581882319248365,6.85565679427201,6.85565679427201,0.1025314376528268,0.1025314376528268
609,121800,rician,64,7.523940767259389,9.23230194833501,1.1269183743098152,8.10538357402519,,7.34945143923687,200,6.968631188052994,6.968631188052994,6.885611768573364,6.885611768573364,0.08301941947962987,0.08301941947962987
610,122000,rician,64,7.169509603593788,8.889671003632374,1.2695862465223957,7.620084757109982,,7.34945143923687,200,6.963490320506319,6.963490320506319,6.894200447301323,6.894200447301323,0.06928987320499669,0.06928987320499669
611,122200,rician,64,8.339805289634128,8.992227751507086,0.13907205156695007,8.853155699940137,,7.34945143923687,200,7.058638508331711,7.058638508331711,6.907345710856678,6.907345710856678,0.15129279747503332,0.15129279747503332
612,122400,rician,64,6.470801195695125,8.014057126892444,0.47319865242049824,7.540858474471938,,7.34945143923687,200,7.0456527216711935,7.0456527216711935,6.900669173852716,6.900669173852716,0.14498354781847755,0.14498354781847755
613,122600,rician,64,5.876924542522923,7.665442547192722,1.1552522797002944,6.510190267492432,,7.34945143923687,200,7.305790675328102,7.305790675328102,6.875882659350221,6.875882659350221,0.42990801597788053,0.42990801597788053
614,122800,rician,64,6.1981750325317195,8.01619748707446,0.8791967806281635,7.1370007064462975,,7.34945143923687,200,7.198991249602022,7.198991249602022,6.869378856601138,6.869378856601138,0.3296123930008843,0.3296123930008843
615,123000,rician,64,7.681676363471137,8.301620368044478,0.23076254664794352,8.07085782139653,,7.34945143923687,200,7.206138147325822,7.206138147325822,6.871632804984105,6.871632804984105,0.3345053423417168,0.3345053423417168
616,123200,rician,64,6.22196339451581,7.795864435367997,0.2496317302934148,7.546232705074583,,7.34945143923687,200,7.26920430245833,7.26920430245833,6.904107793522187,6.904107793522187,0.3650965089361424,0.3650965089361424
617,123400,rician,64,7.6328018287732355,8.060373698968185,0.03826572040231016,8.02210797856588,,7.34945143923687,200,7.27164250111981,7.27164250111981,6.908251147451148,6.908251147451148,0.3633913536686615,0.3633913536686615
618,123600,rician,64,-0.5388906945621336,8.365957748326041,7.502243040806907,1.3323026937396574,,7.34945143923687,200,7.006995092258322,7.006995092258322,6.85185091664984,6.85185091664984,0.15514417560848148,0.15514417560848148
619,123800,rician,64,7.816773020578529,9.040838818794017,0.7880375243716614,8.252801294422357,,7.34945143923687,200,7.332384718319377,7.332384718319377,6.869585460678365,6.869585460678365,0.46279925764101204,0.46279925764101204
620,124000,rician,64,9.455444905378894,10.654657229745359,0.24570010470944129,10.408957125035915,,7.34945143923687,200,7.555034596069532,7.555034596069532,6.905585553655056,6.905585553655056,0.6494490424144761,0.6494490424144761
621,124200,rician,64,6.134568727068775,7.56103048824736,0.2921403467384088,7.26889014150895,,7.34945143923687,200,7.529693244711099,7.529693244711099,6.904954318493703,6.904954318493703,0.6247389262173968,0.6247389262173968
622,124400,rician,64,6.470045782535692,9.531453773324316,2.592460679751356,6.938993093572961,,7.34945143923687,200,7.520749481034363,7.520749481034363,6.911688054556447,6.911688054556447,0.6090614264779157,0.6090614264779157
623,124600,rician,64,5.164610232630353,7.910545245432333,1.3150380896917055,6.595507155740632,,7.34945143923687,200,7.455824277145036,7.455824277145036,6.9001195229048315,6.9001195229048315,0.555704754240204,0.555704754240204
624,124800,rician,64,6.062724645377166,7.583341694529248,1.1519490701835466,6.4590544454457435,,7.34945143923687,200,7.411774029865204,7.411774029865204,6.892156853019303,6.892156853019303,0.5196171768459008,0.5196171768459008
625,125000,rician,64,8.26826841611837,8.758776251684754,0.08799525801468924,8.670780993670066,,7.34945143923687,200,7.525176368245918,7.525176368245918,6.897868525454617,6.897868525454617,0.6273078427913017,0.6273078427913017
626,125200,rician,64,8.620496416410234,9.406045944289072,0.399254805139415,9.006791139149653,,7.34945143923687,200,7.5547663732403745,7.5547663732403745,6.93462899060844,6.93462899060844,0.6201373826319347,0.6201373826319347
627,125400,rician,64,7.00934589020147,8.690529516894772,0.734468545113859,7.956060971780914,,7.34945143923687,200,7.52159467705827,7.52159467705827,6.9340060918164745,6.9340060918164745,0.5875885852417957,0.5875885852417957
628,125600,rician,64,8.037546192106754,9.704753460337336,1.29664368015482,8.408109780182524,,7.34945143923687,200,7.535206040938616,7.535206040938616,6.945329703143216,6.945329703143216,0.5898763377953999,0.5898763377953999
629,125800,rician,64,5.458362487441593,8.529716250754483,1.777198292511808,6.75251795824267,,7.34945143923687,200,7.467562760149489,7.467562760149489,6.929506985922449,6.929506985922449,0.5380557742270398,0.5380557742270398
630,126000,rician,64,3.3861233834024893,7.964679010612977,2.679902978972099,5.284776031640875,,7.34945143923687,200,7.350797323876035,7.350797323876035,6.907142806207616,6.907142806207616,0.4436545176684197,0.4436545176684197
631,126200,rician,64,8.655261344814322,10.334789305461856,1.0092257644442688,9.325563541017594,,7.34945143923687,200,7.37441771592991,7.37441771592991,6.920347989532791,6.920347989532791,0.45406972639711896,0.45406972639711896
632,126400,rician,64,7.084827266087271,8.849881059607831,1.2876474519658607,7.562233607641968,,7.34945143923687,200,7.375486472588411,7.375486472588411,6.950363541342188,6.950363541342188,0.42512293124622236,0.42512293124622236
633,126600,rician,64,7.39574178692979,9.428912250944064,1.6076362330332434,7.821276017910818,,7.34945143923687,200,7.4410407601093285,7.4410407601093285,6.968838788756098,6.968838788756098,0.47220197135323083,0.47220197135323083
634,126800,rician,64,7.783251302882823,8.85528650610464,0.7421306832729335,8.113155822831716,,7.34945143923687,200,7.4898485159286,7.4898485159286,7.001466534113388,7.001466534113388,0.48838198181521175,0.48838198181521175
635,127000,rician,64,7.105294148764935,8.728023851124613,0.6406218379401155,8.087402013184498,,7.34945143923687,200,7.490675725517998,7.490675725517998,7.029429927402031,7.029429927402031,0.461245798115967,0.461245798115967
636,127200,rician,64,6.3070204316505984,7.607357091632152,0.9466171975436257,6.6607398940885245,,7.34945143923687,200,7.446401084968696,7.446401084968696,7.057271915165159,7.057271915165159,0.38912916980353707,0.38912916980353707
637,127400,rician,64,6.750325091509381,9.170431494933629,1.6083481242710205,7.562083370662612,,7.34945143923687,200,7.423399854573532,7.423399854573532,7.076226101465535,7.076226101465535,0.34717375310799703,0.34717375310799703
638,127600,rician,64,6.221615505910351,8.183389229938722,1.5796827267994489,6.603706503139274,,7.34945143923687,200,7.6869700450435134,7.6869700450435134,7.056601617114345,7.056601617114345,0.6303684279291684,0.6303684279291684
639,127800,rician,64,6.364649317856698,9.014138776342056,2.0990928260356982,6.917371586020447,,7.34945143923687,200,7.620198559623418,7.620198559623418,7.057425339325415,7.057425339325415,0.5627732202980029,0.5627732202980029
640,128000,rician,64,7.123867353044514,8.24325695135092,0.722934293986745,7.520322657364174,,7.34945143923687,200,7.47576683623983,7.47576683623983,7.054710278667497,7.054710278667497,0.4210565575723333,0.4210565575723333
641,128200,rician,64,6.100103771843863,7.903942126587484,0.4106480905523461,7.493294036035144,,7.34945143923687,200,7.486987030966141,7.486987030966141,7.058843472883229,7.058843472883229,0.4281435580829118,0.4281435580829118
642,128400,rician,64,6.654133330141917,8.605124870516313,0.8501434070206821,7.754981463495633,,7.34945143923687,200,7.5277864494622735,7.5277864494622735,7.058875569838263,7.058875569838263,0.46891087962401024,0.46891087962401024
643,128600,rician,64,9.140182812306946,9.683415478705905,0.1817459424507611,9.50166953625515,,7.34945143923687,200,7.673094568488,7.673094568488,7.071605609346347,7.071605609346347,0.601488959141653,0.601488959141653
644,128800,rician,64,6.424557035963435,8.84686797279087,1.3183637468819716,7.528504225908898,,7.34945143923687,200,7.726567057511159,7.726567057511159,7.072420633377018,7.072420633377018,0.654146424134141,0.654146424134141
645,129000,rician,64,5.849859342567581,9.615397876510551,3.254457485958651,6.360940390551899,,7.34945143923687,200,7.61107502735525,7.61107502735525,7.0650867481078174,7.0650867481078174,0.5459882792474327,0.5459882792474327
646,129200,rician,64,6.46453056559992,8.453081791256727,0.1658365869427911,8.287245204313937,,7.34945143923687,200,7.575097730613463,7.575097730613463,7.074079479447337,7.074079479447337,0.5010182511661254,0.5010182511661254
647,129400,rician,64,6.418821795311703,9.12241143604899,2.34137471765832,6.781036718390666,,7.34945143923687,200,7.5163465179439495,7.5163465179439495,7.103742405810275,7.103742405810275,0.41260411213367476,0.41260411213367476
648,129600,rician,64,7.446112961206784,9.08116494293357,0.46033506391580276,8.62082987901777,,7.34945143923687,200,7.526982522885715,7.526982522885715,7.133913587915475,7.133913587915475,0.3930689349702394,0.3930689349702394
649,129800,rician,64,6.911282649451023,8.643821028482108,0.5324580811367459,8.111362947345366,,7.34945143923687,200,7.594924772340849,7.594924772340849,7.1513520981912135,7.1513520981912135,0.4435726741496353,0.4435726741496353
650,130000,rician,64,7.035661438472166,8.27426739434754,0.3798196239168492,7.894447770430693,7.628389433783658,7.628389433783658,200,7.7254083592803395,7.7254083592803395,7.1520053844237035,7.1520053844237035,0.573402974856636,0.573402974856636
651,130200,rician,64,4.07664706524021,8.877905518595037,3.68478342203304,5.198981457839578,,7.628389433783658,200,7.519079255121438,7.519079255121438,7.131486722356378,7.131486722356378,0.3875925327650602,0.3875925327650602
652,130400,rician,64,3.4980277757235063,9.370574717646646,5.570318017615995,3.8151176581773014,,7.628389433783658,200,7.331723457648205,7.331723457648205,7.127893221822942,7.127893221822942,0.20383023582526327,0.20383023582526327
653,130600,rician,64,6.647730795949522,8.294841628576773,1.2068276656401773,7.088013962936595,,7.628389433783658,200,7.295060354899495,7.295060354899495,7.118467506737947,7.118467506737947,0.1765928481615484,0.1765928481615484
654,130800,rician,64,6.431630601872738,7.819044130295531,0.6085168912945662,7.210527239000963,,7.628389433783658,200,7.249928925707957,7.249928925707957,7.1113177546600514,7.1113177546600514,0.13861117104790566,0.13861117104790566
655,131000,rician,64,6.877014753685723,7.601970846686899,0.370001683417288,7.231969163269605,,7.628389433783658,200,7.2071572832122115,7.2071572832122115,7.121179015112415,7.121179015112415,0.08597826809979647,0.08597826809979647
656,131200,rician,64,8.172784912648451,8.63958741308624,0.09296212121454274,8.5466252918717,,7.628389433783658,200,7.30145155310137,7.30145155310137,7.1284285567399355,7.1284285567399355,0.1730229963614347,0.1730229963614347
657,131400,rician,64,5.156543956524328,9.386183308960147,3.854269662368028,5.553793790814141,,7.628389433783658,200,7.201037074108948,7.201037074108948,7.106706727380782,7.106706727380782,0.09433034672816554,0.09433034672816554
658,131600,rician,64,6.797864995850881,8.845189925144926,0.7073755712319533,8.137814353912974,,7.628389433783658,200,7.2777424666476325,7.2777424666476325,7.116049084257258,7.116049084257258,0.16169338239037412,0.16169338239037412
659,131800,rician,64,8.119778423128428,9.254526895531587,0.6431547384429408,8.611372157088645,,7.628389433783658,200,7.3624424952010425,7.3624424952010425,7.1226514946356785,7.1226514946356785,0.23979100056536407,0.23979100056536407
660,132000,rician,64,6.277955908609794,8.796994703023588,2.2084801193174854,6.588514583706098,,7.628389433783658,200,7.315852091518138,7.315852091518138,7.128826646376544,7.128826646376544,0.18702544514159403,0.18702544514159403
661,132200,rician,64,7.391814696126694,8.015260770716079,0.3205753050085174,7.694685465707552,,7.628389433783658,200,7.325921663001758,7.325921663001758,7.148256661109716,7.148256661109716,0.17766500189204137,0.17766500189204137
662,132400,rician,64,5.011700496896685,7.973685016567859,0.9437963059541434,7.029888710613715,,7.628389433783658,200,7.289667025357661,7.289667025357661,7.153790613654063,7.153790613654063,0.135876411703598,0.135876411703598
663,132600,rician,64,6.066310950920923,7.947904207284826,0.8447657298799977,7.103138477404836,,7.628389433783658,200,7.169740472415147,7.169740472415147,7.163483013570323,7.163483013570323,0.006257458844824093,0.006257458844824093
664,132800,rician,64,7.738720493367007,9.142521467613614,0.854592604774455,8.287928862839156,,7.628389433783658,200,7.207711704261658,7.207711704261658,7.168887557239864,7.168887557239864,0.03882414702179382,0.03882414702179382
665,133000,rician,64,6.090717283621573,8.079912192789129,1.535126644254449,6.54478554853468,,7.628389433783658,200,7.216903962160799,7.216903962160799,7.156679343179181,7.156679343179181,0.06022461898161868,0.06022461898161868
666,133200,rician,64,6.091143829501318,9.099792268827578,1.9094511365698499,7.190341132257731,,7.628389433783658,200,7.16205875855799,7.16205875855799,7.145441814171091,7.145441814171091,0.016616944386898425,0.016616944386898425
667,133400,rician,64,6.988587109218957,9.360881683032703,2.080439212092999,7.280442470939699,,7.628389433783658,200,7.187029046185441,7.187029046185441,7.1513526556826035,7.1513526556826035,0.03567639050283766,0.03567639050283766
668,133600,rician,64,7.940343947049697,9.634696811347984,1.331690267913532,8.303006543434458,,7.628389433783658,200,7.171137879406274,7.171137879406274,7.151392394589619,7.151392394589619,0.019745484816654724,0.019745484816654724
669,133800,rician,64,7.50634684318708,9.38311498507245,1.554880687116036,7.844609573059854,,7.628389433783658,200,7.157800210691998,7.157800210691998,7.173299151663734,7.173299151663734,0.015498940971736097,0.015498940971736097
670,134000,rician,64,7.048064030928146,9.682035734597685,2.320044339190101,7.365293553372005,,7.628389433783658,200,7.131342499839064,7.131342499839064,7.1738997429777065,7.1738997429777065,0.042557243138642065,0.042557243138642065
671,134200,rician,64,4.971129940148833,8.858680952858242,3.3975942721749863,5.480891541819403,,7.628389433783658,200,7.145438004038056,7.145438004038056,7.159558244096836,7.159558244096836,0.014120240058780098,0.014120240058780098
672,134400,rician,64,5.696123738322078,8.138643555350171,1.6275373291691553,6.522014152651259,,7.628389433783658,200,7.280782828761754,7.280782828761754,7.1940484790182815,7.1940484790182815,0.08673434974347227,0.08673434974347227
673,134600,rician,64,7.581117938292263,9.941846300761313,1.9868066969382823,7.95503960382303,,7.628389433783658,200,7.324134110806075,7.324134110806075,7.190986332455889,7.190986332455889,0.1331477783501862,0.1331477783501862
674,134800,rician,64,7.249508733157772,8.495456828587454,0.4297711637828594,8.065685664804594,,7.628389433783658,200,7.366892032096257,7.366892032096257,7.205671121889078,7.205671121889078,0.1612209102071791,0.1612209102071791
675,135000,rician,64,6.101333453415083,7.797182961279206,1.2938830634890515,6.5179943876449205,,7.628389433783658,200,7.331193293315023,7.331193293315023,7.194029556166014,7.194029556166014,0.13716373714900865,0.13716373714900865
676,135200,rician,64,4.193728161427542,8.050739068915098,2.5886372997541742,5.475340070086999,,7.628389433783658,200,7.177629032225788,7.177629032225788,7.1655091058444,7.1655091058444,0.012119926381387813,0.012119926381387813
677,135400,rician,64,6.8701790523121415,9.302749323493156,2.127976466321705,7.193043841137245,,7.628389433783658,200,7.259591534741942,7.259591534741942,7.178852818353207,7.178852818353207,0.08073871638873431,0.08073871638873431
678,135600,rician,64,5.567337231096985,8.572032222953602,1.8766333577508594,6.713335890847325,,7.628389433783658,200,7.18836761158866,7.18836761158866,7.208919154859818,7.208919154859818,0.020551543271158046,0.020551543271158046
679,135800,rician,64,1.4584731057078073,7.697093195344047,5.714981243064641,2.1458210806595526,,7.628389433783658,200,6.8650900577672065,6.8650900577672065,7.173324096107994,7.173324096107994,0.3082340383407871,0.3082340383407871
680,136000,rician,64,7.542699973298287,9.116574420664726,1.256575376229803,7.859999044434919,,7.628389433783658,200,6.9286642808036465,6.9286642808036465,7.202486264474991,7.202486264474991,0.27382198367134425,0.27382198367134425
681,136200,rician,64,6.226900118389022,9.1561657545735,1.7089903940424156,7.449587880191591,,7.628389433783658,200,6.916409401527848,6.916409401527848,7.214909566867193,7.214909566867193,0.29850016533934465,0.29850016533934465
682,136400,rician,64,9.45068518605649,10.62210469369324,0.8154653963903593,9.806639297302883,,7.628389433783658,200,7.055246930862308,7.055246930862308,7.220447077481437,7.220447077481437,0.16520014661912974,0.16520014661912974
683,136600,rician,64,7.58492448498244,8.665630811558973,0.3885791873157065,8.277051624243267,,7.628389433783658,200,7.113942588204227,7.113942588204227,7.269000532302918,7.269000532302918,0.155057944098691,0.155057944098691
684,136800,rician,64,8.28089329265891,9.693389550627463,0.8439852198837702,8.849404330743699,,7.628389433783658,200,7.142016361599455,7.142016361599455,7.277081253290869,7.277081253290869,0.1350648916914139,0.1350648916914139
685,137000,rician,64,7.7375343349295065,9.134290192289807,0.9392332130480942,8.195056979241711,,7.628389433783658,200,7.224529933134808,7.224529933134808,7.269694467881646,7.269694467881646,0.04516453474683768,0.04516453474683768
686,137200,rician,64,6.2206715374931765,8.020973526358278,0.3524134749772761,7.6685600513809975,,7.628389433783658,200,7.248440879090971,7.248440879090971,7.268606999569572,7.268606999569572,0.020166120478601002,0.020166120478601002
687,137400,rician,64,7.914700407371463,8.737068734532711,0.32180920781527583,8.415259526717433,,7.628389433783658,200,7.305181731879857,7.305181731879857,7.274860270508023,7.274860270508023,0.03032146137183389,0.03032146137183389
688,137600,rician,64,5.97247087832765,8.815331825208196,1.4917535984268335,7.323578226781367,,7.628389433783658,200,7.256210316047202,7.256210316047202,7.289544998240529,7.289544998240529,0.03333468219332669,0.03333468219332669
689,137800,rician,64,7.49721533473876,8.88255865907388,0.43250039167754745,8.450058267396336,,7.628389433783658,200,7.286482750764027,7.286482750764027,7.295080336399872,7.295080336399872,0.008597585635844673,0.008597585635844673
690,138000,rician,64,6.557477491660859,8.216405879322705,0.3792068382023363,7.837199041120379,,7.628389433783658,200,7.310078025151446,7.310078025151446,7.29622330573064,7.29622330573064,0.01385471942080585,0.01385471942080585
691,138200,rician,64,8.519792677848724,9.18895896623133,0.31047063424076,8.878488331990566,,7.628389433783658,200,7.479957864660004,7.479957864660004,7.315506269616223,7.315506269616223,0.16445159504378104,0.16445159504378104
692,138400,rician,64,7.594458775428121,8.122802595730587,0.11893866568790697,8.003863930042685,,7.628389433783658,200,7.554050353529574,7.554050353529574,7.317539166839826,7.317539166839826,0.23651118668974735,0.23651118668974735
693,138600,rician,64,7.603353705548463,8.575390428383004,0.6002873825175031,7.975103045865499,,7.628389433783658,200,7.555053525631697,7.555053525631697,7.384215885354939,7.384215885354939,0.1708376402767584,0.1708376402767584
694,138800,rician,64,7.8152704178830925,9.927133033248614,1.78300411702532,8.152406564586238,,7.628389433783658,200,7.559389570620782,7.559389570620782,7.373010058791123,7.373010058791123,0.18637951182965917,0.18637951182965917
695,139000,rician,64,7.789307080211215,8.58868899773075,0.44821250577640925,8.140476491954347,,7.628389433783658,200,7.640513675836253,7.640513675836253,7.375135625041462,7.375135625041462,0.2653780507947907,0.2653780507947907
696,139200,rician,64,5.59765842433086,9.219876340334908,3.2239362651616803,6.006273686810203,,7.628389433783658,200,7.667060356672414,7.667060356672414,7.372349265885318,7.372349265885318,0.29471109078709556,0.29471109078709556
697,139400,rician,64,5.842781866935809,7.867034628911499,1.038442916139237,6.828591712772256,,7.628389433783658,200,7.648837750254164,7.648837750254164,7.36090174295968,7.36090174295968,0.2879360072944843,0.2879360072944843
698,139600,rician,64,6.836530157171686,8.59221075750453,1.3911569557328882,7.201053801771644,,7.628389433783658,200,7.6732236458003795,7.6732236458003795,7.366659772267701,7.366659772267701,0.3065638735326788,0.3065638735326788
699,139800,rician,64,7.102929375879584,9.430407100351879,1.9168003297149392,7.513606770636938,,7.628389433783658,200,7.9416129302992475,7.9416129302992475,7.424345752242057,7.424345752242057,0.5172671780571907,0.5172671780571907
700,140000,rician,64,7.789942069249007,8.530453855834217,0.4270797271521989,8.10337412868202,5.924262101048257,5.924262101048257,200,7.953781684511602,7.953781684511602,7.445819897828549,7.445819897828549,0.5079617866830537,0.5079617866830537
701,140200,rician,64,7.109782358237618,8.51469406422648,0.9767554099733916,7.537938654253103,,5.924262101048257,200,7.958199223214679,7.958199223214679,7.443442112684306,7.443442112684306,0.5147571105303737,0.5147571105303737
702,140400,rician,64,6.535606135593685,8.611810440727574,1.72132585616698,6.897965292830641,,5.924262101048257,200,7.812765522991066,7.812765522991066,7.441243081941535,7.441243081941535,0.3715224410495308,0.3715224410495308
703,140600,rician,64,4.516468954522694,9.057890117150126,4.154569144676492,4.99976861329318,,5.924262101048257,200,7.648901372443563,7.648901372443563,7.4123006557391955,7.4123006557391955,0.2366007167043671,0.2366007167043671
704,140800,rician,64,7.741148333600112,9.515277156259279,1.3067720428711809,8.20850511338809,,5.924262101048257,200,7.616856411575782,7.616856411575782,7.420985112962653,7.420985112962653,0.19587129861312835,0.19587129861312835
705,141000,rician,64,9.066230910575044,10.111077979144733,0.6443839473660941,9.466694031778633,,5.924262101048257,200,7.68043826420263,7.68043826420263,7.451624711019881,7.451624711019881,0.2288135531827491,0.2288135531827491
706,141200,rician,64,6.636596570993618,7.646241714319633,0.6679519088364627,6.978289805483172,,5.924262101048257,200,7.645924751907738,7.645924751907738,7.437257698682107,7.437257698682107,0.20866705322563117,0.20866705322563117
707,141400,rician,64,8.306266732076375,9.60364877404304,0.9557892783357952,8.647859495707245,,5.924262101048257,200,7.657554750357228,7.657554750357228,7.437541344684949,7.437541344684949,0.22001340567227867,0.22001340567227867
708,141600,rician,64,6.385151954573676,8.255572151860664,0.9435507804344372,7.319176634608049,,5.924262101048257,200,7.657334670748563,7.657334670748563,7.429374286005275,7.429374286005275,0.22796038474328828,0.22796038474328828
709,141800,rician,64,8.168690318921081,8.56927964085763,0.08620009840878705,8.483079542448847,,5.924262101048257,200,7.658985734501188,7.658985734501188,7.433151245689512,7.433151245689512,0.22583448881167634,0.22583448881167634
710,142000,rician,64,6.713739089350784,8.434321860148604,0.8722147512720654,7.562107108876535,,5.924262101048257,200,7.645231137888996,7.645231137888996,7.432571469207176,7.432571469207176,0.2126596686818205,0.2126596686818205
711,142200,rician,64,7.204278485092612,8.479526827943786,0.9826805759575657,7.496846251986219,,5.924262101048257,200,7.576149033888778,7.576149033888778,7.419008374727636,7.419008374727636,0.15714065916114173,0.15714065916114173
712,142400,rician,64,7.043775775061038,9.446068331591423,1.3581410405305794,8.08792729106084,,5.924262101048257,200,7.580352201939687,7.580352201939687,7.424479062893526,7.424479062893526,0.15587313904616096,0.15587313904616096
713,142600,rician,64,8.692112836274774,9.700045873978002,0.6893844218200321,9.010661452157976,,5.924262101048257,200,7.63213012225431,7.63213012225431,7.44948377474018,7.44948377474018,0.18264634751412956,0.18264634751412956
714,142800,rician,64,6.455601255957464,9.6091100293365,2.837793030185708,6.772033775202126,,5.924262101048257,200,7.563111482785102,7.563111482785102,7.445834105427738,7.445834105427738,0.11727737735736365,0.11727737735736365
715,143000,rician,64,2.192542484366345,7.913316884111143,4.836828184277784,3.1725096048271673,,5.924262101048257,200,7.314713138428743,7.314713138428743,7.396850623262045,7.396850623262045,0.08213748483330185,0.08213748483330185
716,143200,rician,64,4.577732280541035,8.3419046562011,3.453603145022595,4.923207257080266,,5.924262101048257,200,7.260559816942246,7.260559816942246,7.370620368782102,7.370620368782102,0.1100605518398563,0.1100605518398563
717,143400,rician,64,4.353052058809023,8.955124105331002,2.710763580278637,6.2443605250523575,,5.924262101048257,200,7.2313482575562515,7.2313482575562515,7.352842894246967,7.352842894246967,0.12149463669071547,0.12149463669071547
718,143600,rician,64,7.6396081747458995,8.26331666940753,0.27754332557793887,7.986825316401051,,5.924262101048257,200,7.270636833287725,7.270636833287725,7.419388120473581,7.419388120473581,0.14875128718585628,0.14875128718585628
719,143800,rician,64,7.6695015556287,8.796820220755013,0.8116671452793869,7.985153075475628,,5.924262101048257,200,7.294214148529659,7.294214148529659,7.416711638284113,7.416711638284113,0.12249748975445396,0.12249748975445396
720,144000,rician,64,4.0788304389785175,8.573158078678958,3.154906442447042,5.430160556024003,,5.924262101048257,200,7.160553469896756,7.160553469896756,7.366923672593995,7.366923672593995,0.20637020269723827,0.20637020269723827
721,144200,rician,64,7.112920503486583,7.739107337746549,0.27608519422654704,7.463022143519997,,5.924262101048257,200,7.156807644360102,7.156807644360102,7.368864992614104,7.368864992614104,0.21205734825400224,0.21205734825400224
722,144400,rician,64,6.98804554584323,8.354172793016028,0.1155427773465685,8.238630015669457,,5.924262101048257,200,7.223840880502041,7.223840880502041,7.381861361835069,7.381861361835069,0.15802048133302815,0.15802048133302815
723,144600,rician,64,5.254581581102292,8.890754073187363,2.9615674182910046,5.929186654896357,,5.924262101048257,200,7.270311782582202,7.270311782582202,7.375198156826628,7.375198156826628,0.10488637424442615,0.10488637424442615
724,144800,rician,64,7.064742702784421,8.659235324039317,1.0090514902799161,7.650183833759403,,5.924262101048257,200,7.242395718600767,7.242395718600767,7.387109450709764,7.387109450709764,0.14471373210899774,0.14471373210899774
725,145000,rician,64,7.834700860623649,9.639438967227976,1.0658170467329446,8.573621920495036,,5.924262101048257,200,7.197742113036587,7.197742113036587,7.386137859978016,7.386137859978016,0.18839574694142858,0.18839574694142858
726,145200,rician,64,6.304769178624769,8.57555650973971,1.9450283142486893,6.634545951144175,,5.924262101048257,200,7.180554920319636,7.180554920319636,7.36241540809796,7.36241540809796,0.18186048777832386,0.18186048777832386
727,145400,rician,64,6.624704180227346,8.197367995899167,0.27993141558412776,7.917436580315046,,5.924262101048257,200,7.144033774550026,7.144033774550026,7.362029164183302,7.362029164183302,0.21799538963327603,0.21799538963327603
728,145600,rician,64,7.873603301742612,8.740241331041666,0.5286481985722525,8.211593132469408,,5.924262101048257,200,7.188654599443095,7.188654599443095,7.36006399770617,7.36006399770617,0.17140939826307555,0.17140939826307555
729,145800,rician,64,7.295112119248192,8.898452706241153,1.1876351321578482,7.7108175740833,,5.924262101048257,200,7.150041501024818,7.150041501024818,7.369646993864576,7.369646993864576,0.21960549283975794,0.21960549283975794
730,146000,rician,64,7.110155206696497,9.730920219261149,1.428134466614814,8.307189965867744,,5.924262101048257,200,7.187295643874377,7.187295643874377,7.399871133206846,7.399871133206846,0.21257548933246895,0.21257548933246895
731,146200,rician,64,7.908440698350582,8.447096958714143,0.14625203815900195,8.30084492055514,,5.924262101048257,200,7.2274955773028235,7.2274955773028235,7.389623947002219,7.389623947002219,0.1621283696993956,0.1621283696993956
732,146400,rician,64,7.9985745544020075,9.624120778210663,0.9199261921681914,8.70419458604247,,5.924262101048257,200,7.2583089420519045,7.2583089420519045,7.401043556786226,7.401043556786226,0.14273461473432114,0.14273461473432114
733,146600,rician,64,5.416486677472534,7.990675114562172,1.8062619950461176,6.2133964711049545,,5.924262101048257,200,7.118445692999254,7.118445692999254,7.384964761318166,7.384964761318166,0.26651906831891203,0.26651906831891203
734,146800,rician,64,3.4461061349511413,7.953896531893274,4.218483034397778,3.84816053685571,,5.924262101048257,200,6.972252031081934,6.972252031081934,7.342314808458407,7.342314808458407,0.3700627773764733,0.3700627773764733
735,147000,rician,64,7.5744412533323535,8.633717520183868,0.7631328706585948,7.870584649525272,,5.924262101048257,200,7.20715578331684,7.20715578331684,7.340146634821814,7.340146634821814,0.13299085150497358,0.13299085150497358
736,147200,rician,64,6.725038896522702,7.965724474380058,0.4778816753710104,7.487842799009051,,5.924262101048257,200,7.335387560413279,7.335387560413279,7.34841766387102,7.34841766387102,0.013030103457740694,0.013030103457740694
737,147400,rician,64,2.2453596067316797,8.387656827741628,4.769090508086788,3.6619158364171,,5.924262101048257,200,7.206265325981517,7.206265325981517,7.3094159885285634,7.3094159885285634,0.10315066254704686,0.10315066254704686
738,147600,rician,64,3.4985901146159186,8.570904401272308,4.762002067977152,3.8593696434025673,,5.924262101048257,200,6.999892542331591,6.999892542331591,7.281972619931197,7.281972619931197,0.2820800775996055,0.2820800775996055
739,147800,rician,64,5.536793870317617,8.273643229733857,2.39507298242357,5.884203799948649,,5.924262101048257,200,6.894845078555241,6.894845078555241,7.271640942070478,7.271640942070478,0.37679586351523753,0.37679586351523753
740,148000,rician,64,4.956829344110052,9.523800021092315,4.151580975732603,5.401676485230254,,5.924262101048257,200,6.893420875015553,6.893420875015553,7.2504544803491395,7.2504544803491395,0.3570336053335863,0.3570336053335863
741,148200,rician,64,7.376834826617196,8.428401687908494,0.7246446651078249,7.703757022800667,,5.924262101048257,200,6.905457618979588,6.905457618979588,7.252559110216795,7.252559110216795,0.3471014912372068,0.3471014912372068
742,148400,rician,64,7.599135375874751,8.135233325042508,0.23490194136190878,7.900331383680595,,5.924262101048257,200,6.888542687380145,6.888542687380145,7.254012609418645,7.254012609418645,0.3654699220384998,0.3654699220384998
743,148600,rician,64,6.711448448945252,9.180967707461456,2.121072412440935,7.059895295020525,,5.924262101048257,200,6.945078119386355,6.945078119386355,7.2295948670062975,7.2295948670062975,0.28451674761994283,0.28451674761994283
744,148800,rician,64,5.759255297841228,8.088228506053321,1.9614103130796883,6.1324165272664555,,5.924262101048257,200,6.869189754061706,6.869189754061706,7.215633990019874,7.215633990019874,0.34644423595816765,0.34644423595816765
745,149000,rician,64,5.873117515066209,8.96090507235939,2.191822360692239,6.819440870120671,,5.924262101048257,200,6.781480701542987,6.781480701542987,7.2202189948155615,7.2202189948155615,0.4387382932725741,0.4387382932725741
746,149200,rician,64,5.243917715182405,7.938728876833299,1.7832143084462697,6.17743408615173,,5.924262101048257,200,6.758625108293364,6.758625108293364,7.199120883633937,7.199120883633937,0.4404957753405734,0.4404957753405734
747,149400,rician,64,7.317836473890517,7.982071616081081,0.32800446011850204,7.654067155962578,,5.924262101048257,200,6.745456637075742,6.745456637075742,7.207851188009657,7.207851188009657,0.4623945509339151,0.4623945509339151
748,149600,rician,64,7.01030531837111,9.019841839307132,1.613341773862178,7.406500065444958,,5.924262101048257,200,6.705201983724519,6.705201983724519,7.195707889873929,7.195707889873929,0.4905059061494095,0.4905059061494095
749,149800,rician,64,7.9291165442492915,8.674734901706582,0.43757417742955235,8.237160724277032,,5.924262101048257,200,6.731519141234207,6.731519141234207,7.196965867643247,7.196965867643247,0.4654467264090396,0.4654467264090396
750,150000,rician,64,7.040724077477461,9.157777778910813,1.7813398299363152,7.376437948974502,7.963258715687651,7.963258715687651,200,6.684981540389545,6.684981540389545,7.1917857694286855,7.1917857694286855,0.5068042290391404,0.5068042290391404
751,150200,rician,64,4.220826557406327,9.204244372170464,4.726491453398178,4.57546809234357,,7.963258715687651,200,6.498712698978966,6.498712698978966,7.185550635773725,7.185550635773725,0.6868379367947597,0.6868379367947597
752,150400,rician,64,7.94144590293593,9.285109741530944,1.0367646346709078,8.248345106860045,,7.963258715687651,200,6.475920225019844,6.475920225019844,7.229882910260553,7.229882910260553,0.7539626852407091,0.7539626852407091
753,150600,rician,64,5.956369382837446,8.079399454678304,1.8327048993541137,6.273107802577828,,7.963258715687651,200,6.478905791593488,6.478905791593488,7.2217338486569655,7.2217338486569655,0.7428280570634778,0.7428280570634778
754,150800,rician,64,6.111027855136029,8.280568293932465,1.380903992359762,6.899664301572706,,7.963258715687651,200,6.631480979829338,6.631480979829338,7.218625219282683,7.218625219282683,0.5871442394533446,0.5871442394533446
755,151000,rician,64,6.051167332241472,9.047445605038217,2.4992591583171393,6.54859984686401,,7.963258715687651,200,6.565381739696275,6.565381739696275,7.211791526118626,7.211791526118626,0.6464097864223506,0.6464097864223506
756,151200,rician,64,6.654527998840455,8.131210154348024,0.5052337668677321,7.625976387480288,,7.963258715687651,200,6.572288419119836,6.572288419119836,7.202585037074711,7.202585037074711,0.6302966179548752,0.6302966179548752
757,151400,rician,64,4.365194844687649,8.15095741584357,1.961374214686915,6.189583201156657,,7.963258715687651,200,6.698671787356814,6.698671787356814,7.208942931178138,7.208942931178138,0.5102711438213241,0.5102711438213241
758,151600,rician,64,7.924459863849896,9.06518519344551,0.3010054821209006,8.764179711324607,,7.963258715687651,200,6.943912290752917,6.943912290752917,7.215206584752253,7.215206584752253,0.27129429399933613,0.27129429399933613
759,151800,rician,64,3.80816694459487,8.403615337258307,4.29651835282661,4.15188385048405,,7.963258715687651,200,6.857296293279686,6.857296293279686,7.170611701686209,7.170611701686209,0.31331540840652305,0.31331540840652305
760,152000,rician,64,6.462545666282433,8.285210523508285,1.4634525729815038,6.821757950526782,,7.963258715687651,200,6.928300366544512,6.928300366544512,7.172944135354416,7.172944135354416,0.24464376880990368,0.24464376880990368
761,152200,rician,64,8.060008082301149,9.745693704408106,1.3562904449760305,8.389403259432083,,7.963258715687651,200,6.962582678376083,6.962582678376083,7.179891313291661,7.179891313291661,0.21730863491557795,0.21730863491557795
762,152400,rician,64,6.795224997036717,7.798210874890264,0.21125756310167015,7.586953311788594,,7.963258715687651,200,6.946913774781484,6.946913774781484,7.18546195930341,7.18546195930341,0.2385481845219264,0.2385481845219264
763,152600,rician,64,7.271900175389581,8.846698129562766,1.2201149626298153,7.626583166932945,,7.963258715687651,200,6.975248168377104,6.975248168377104,7.1906964061986915,7.1906964061986915,0.21544823782158762,0.21544823782158762
764,152800,rician,64,6.801748449103368,9.557460799714772,1.3992470306509075,8.15821376906387,,7.963258715687651,200,7.076538030466976,7.076538030466976,7.189399255260939,7.189399255260939,0.11286122479396354,0.11286122479396354
765,153000,rician,64,7.838731973848874,9.731438761114621,1.2240403517771137,8.50739840933751,,7.963258715687651,200,7.160935907427816,7.160935907427816,7.209025383868967,7.209025383868967,0.04808947644115147,0.04808947644115147
766,153200,rician,64,7.052118884932687,8.168051042383038,0.6712430812170129,7.4968079611660245,,7.963258715687651,200,7.22690460117853,7.22690460117853,7.212090052158049,7.212090052158049,0.01481454902048096,0.01481454902048096
767,153400,rician,64,3.6171270049082085,7.949721644152106,3.971080101745686,4.031288723956692,,7.963258715687651,200,7.045765679578237,7.045765679578237,7.179598514688219,7.179598514688219,0.133832835109982,0.133832835109982
768,153600,rician,64,7.061171513125337,8.54944716648661,1.1082037715644826,7.441243394922136,,7.963258715687651,200,7.047502846052097,7.047502846052097,7.170980883203095,7.170980883203095,0.12347803715099737,0.12347803715099737
769,153800,rician,64,6.627761096335232,8.416136704599733,0.6504644439462143,7.765672260653522,,7.963258715687651,200,7.023928422870921,7.023928422870921,7.170191510079032,7.170191510079032,0.1462630872081112,0.1462630872081112
770,154000,rician,64,5.828233981856373,8.066678218725437,1.2412853441583758,6.825392874567066,,7.963258715687651,200,6.996376169150549,6.996376169150549,7.1647925032909825,7.1647925032909825,0.16841633414043322,0.16841633414043322
771,154200,rician,64,6.285770838725742,8.33049502245519,1.4525705102679631,6.877924512187229,,7.963258715687651,200,7.111498990142732,7.111498990142732,7.178762832994661,7.178762832994661,0.06726384285192832,0.06726384285192832
772,154400,rician,64,5.082411565730815,7.583032801917409,1.9485987801293212,5.636711343124655,,7.963258715687651,200,6.980917301955964,6.980917301955964,7.169909804899395,7.169909804899395,0.18899250294343073,0.18899250294343073
773,154600,rician,64,2.2729836862588266,9.281275897427872,6.551869007478902,2.9837223632122534,,7.963258715687651,200,6.816448029987685,6.816448029987685,7.120196632493286,7.120196632493286,0.30374860250560154,0.30374860250560154
774,154800,rician,64,6.676286905536117,7.822074864466251,0.7069195842110505,7.115155280255207,,7.963258715687651,200,6.82722257892181,6.82722257892181,7.110691328647792,7.110691328647792,0.2834687497259818,0.2834687497259818
775,155000,rician,64,7.442768865489877,8.330636074824431,0.3728248041303532,7.957811270694082,,7.963258715687651,200,6.897683150113314,6.897683150113314,7.125089497478283,7.125089497478283,0.227406347364969,0.227406347364969
776,155200,rician,64,8.72576318912269,9.318221809680455,0.30355748630015345,9.014664323380302,,7.963258715687651,200,6.967117546908312,6.967117546908312,7.160482740011218,7.160482740011218,0.19336519310290523,0.19336519310290523
777,155400,rician,64,6.201357092480651,7.733654823810968,0.8125452705945307,6.921109553216433,,7.963258715687651,200,7.003693864511303,7.003693864511303,7.157763397132008,7.157763397132008,0.15406953262070555,0.15406953262070555
778,155600,rician,64,6.834248882810484,7.969403680211659,0.33261113998779795,7.6367925402238654,,7.963258715687651,200,6.947324505956265,6.947324505956265,7.166997963625774,7.166997963625774,0.21967345766950874,0.21967345766950874
779,155800,rician,64,8.545902154199611,9.362659197186249,0.48367439283804436,8.878984804348212,,7.963258715687651,200,7.1836795536494735,7.1836795536494735,7.234329600862662,7.234329600862662,0.05065004721318811,0.05065004721318811
780,156000,rician,64,4.7927606912492795,9.671278841900335,3.5521148220867618,6.139715966926545,,7.963258715687651,200,7.149577454469463,7.149577454469463,7.217126770087578,7.217126770087578,0.06754931561811528,0.06754931561811528
781,156200,rician,64,7.437853831603234,8.726403974098506,0.95787529473116,7.768528679367343,,7.963258715687651,200,7.118533725466226,7.118533725466226,7.220316178079336,7.220316178079336,0.1017824526131097,0.1017824526131097
782,156400,rician,64,7.121845566203749,8.825764793205364,1.3606867325733134,7.466327900397718,,7.963258715687651,200,7.11250245489668,7.11250245489668,7.1969130641102845,7.1969130641102845,0.0844106092136041,0.0844106092136041
783,156600,rician,64,7.50903104311834,9.284108263645827,0.8093711146662218,8.48630055166823,,7.963258715687651,200,7.155488324133444,7.155488324133444,7.199005553384534,7.199005553384534,0.04351722925109058,0.04351722925109058
784,156800,rician,64,4.759999791713161,8.122558865761711,3.0600821133317844,5.077921312412024,,7.963258715687651,200,7.001473701300853,7.001473701300853,7.161290723201217,7.161290723201217,0.1598170219003645,0.1598170219003645
785,157000,rician,64,8.465668034760045,9.326568967790998,0.3830033720133613,8.94356559577764,,7.963258715687651,200,7.02328206062286,7.02328206062286,7.168775809366576,7.168775809366576,0.145493748743716,0.145493748743716
786,157200,rician,64,7.555391909062779,8.321686280747436,0.4728099540645765,7.84887632668286,,7.963258715687651,200,7.040885478898701,7.040885478898701,7.1705789721195945,7.1705789721195945,0.12969349322089307,0.12969349322089307
787,157400,rician,64,3.341932925885132,8.241600083608747,4.6646227877967,3.6877042878649084,,7.963258715687651,200,7.023706257094112,7.023706257094112,7.123303419731069,7.123303419731069,0.09959716263695739,0.09959716263695739
788,157600,rician,64,7.057310166186165,10.172730830868726,2.801024136050893,7.371706694817819,,7.963258715687651,200,7.020229422088896,7.020229422088896,7.123784704411435,7.123784704411435,0.10355528232253874,0.10355528232253874
789,157800,rician,64,8.13685231731933,9.4482478026156,0.9778141816046062,8.470433621010997,,7.963258715687651,200,7.0554674901067695,7.0554674901067695,7.12398845794758,7.12398845794758,0.06852096784081052,0.06852096784081052
790,158000,rician,64,5.609961827471079,7.954404307758129,1.3314612148917746,6.628473459949983,,7.963258715687651,200,7.045621519375915,7.045621519375915,7.111901202135876,7.111901202135876,0.06627968275996032,0.06627968275996032
791,158200,rician,64,7.106559148028279,8.347055350131196,0.9589322920733839,7.388123058057812,,7.963258715687651,200,7.071131446669443,7.071131446669443,7.096997549396548,7.096997549396548,0.025866102727104767,0.025866102727104767
792,158400,rician,64,7.8623996210622655,8.476774039255364,0.13873639583176367,8.338037643423606,,7.963258715687651,200,7.206197761684391,7.206197761684391,7.100339286530358,7.100339286530358,0.10585847515403302,0.10585847515403302
793,158600,rician,64,5.702844235351211,9.146331752545043,3.1296396493153815,6.020121723882539,,7.963258715687651,200,7.358017729717906,7.358017729717906,7.080789473310528,7.080789473310528,0.277228256407378,0.277228256407378
794,158800,rician,64,7.420567966577879,8.250350904253615,0.5253942297241058,7.7249566745295,,7.963258715687651,200,7.388507799431622,7.388507799431622,7.076514974409961,7.076514974409961,0.3119928250216608,0.3119928250216608
795,159000,rician,64,7.500116967736725,9.1050023671445,1.2759816185199504,7.829020748624545,,7.963258715687651,200,7.382068273328143,7.382068273328143,7.073400416976662,7.073400416976662,0.3086678563514802,0.3086678563514802
796,159200,rician,64,3.718046643887578,9.004324267420037,4.712339877186524,4.355919604349223,,7.963258715687651,200,7.1491310373765895,7.1491310373765895,7.056896876152052,7.056896876152052,0.0922341612245372,0.0922341612245372
797,159400,rician,64,7.3053510422564605,9.376033071306026,1.748328137681716,7.627704933624311,,7.963258715687651,200,7.184460806396983,7.184460806396983,7.0648880083605725,7.0648880083605725,0.11957279803641008,0.11957279803641008
798,159600,rician,64,6.682548713047262,8.316543756490788,1.2723618588211234,7.050979720467509,,7.963258715687651,200,7.155170165409165,7.155170165409165,7.063387267547531,7.063387267547531,0.0917828978616333,0.0917828978616333
799,159800,rician,64,8.887754026253878,9.697671949759505,0.32263656128504015,9.375035388474457,,7.963258715687651,200,7.179972694615479,7.179972694615479,7.082001553725906,7.082001553725906,0.09797114088957315,0.09797114088957315
800,160000,rician,64,5.417789940135062,8.153234739166715,1.5494144886156505,6.603820250551061,8.433030868277225,8.433030868277225,200,7.203177908796704,7.203177908796704,7.067006014944597,7.067006014944597,0.13617189385210704,0.13617189385210704
801,160200,rician,64,5.333020658475947,9.20790490366268,2.5395859472519415,6.6817650727908795,,8.433030868277225,200,7.1488397284678795,7.1488397284678795,7.058444279129974,7.058444279129974,0.09039544933790555,0.09039544933790555
802,160400,rician,64,4.270966494410685,8.365986018735281,3.645598497956943,4.749790879189037,,8.433030868277225,200,7.013012877407448,7.013012877407448,7.036962534993559,7.036962534993559,0.023949657586110895,0.023949657586110895
803,160600,rician,64,7.529389690713381,8.23110107908354,0.40635724694022074,7.824743832143326,,8.433030868277225,200,6.979935041431203,6.979935041431203,7.06521228718206,7.06521228718206,0.08527724575085749,0.08527724575085749
804,160800,rician,64,5.895939525808429,7.702291182803395,1.4772010626693655,6.225090120134026,,8.433030868277225,200,7.037293481817301,7.037293481817301,7.0453781372495214,7.0453781372495214,0.0080846554322207,0.0080846554322207
805,161000,rician,64,6.38668987458595,8.5182823975392,1.726342812484502,6.791939585054695,,8.433030868277225,200,6.929712181281156,6.929712181281156,7.018630592782281,7.018630592782281,0.08891841150112523,0.08891841150112523
806,161200,rician,64,6.98161043485145,8.642387435174573,1.2969817817979552,7.351136509358435,,8.433030868277225,200,6.904825190414934,6.904825190414934,7.022359059821033,7.022359059821033,0.117533869406099,0.117533869406099
807,161400,rician,64,7.811704948117767,8.432961710408605,0.3344044431778368,8.098557267230769,,8.433030868277225,200,7.125367839383226,7.125367839383226,7.016866037536269,7.016866037536269,0.10850180184695724,0.10850180184695724
808,161600,rician,64,6.8969648064936955,7.764015137319991,0.5462142396553692,7.2178008976646195,,8.433030868277225,200,7.117672549525567,7.117672549525567,7.0158522801668335,7.0158522801668335,0.10182026935873356,0.10182026935873356
809,161800,rician,64,7.320889835653919,8.84533387514659,1.212712363672743,7.632621511473848,,8.433030868277225,200,7.0757819440487095,7.0757819440487095,7.007347699857084,7.007347699857084,0.06843424419162591,0.06843424419162591
810,162000,rician,64,5.966516293662486,10.377467327474474,4.028425684278984,6.360940134141112,,8.433030868277225,200,7.062405277758266,7.062405277758266,6.995336030109729,6.995336030109729,0.06706924764853728,0.06706924764853728
811,162200,rician,64,5.670215759380643,8.260604530128745,1.4636224908593913,6.801927571238339,,8.433030868277225,200,7.03309550341729,7.03309550341729,6.988386843302252,6.988386843302252,0.04470866011503816,0.04470866011503816
812,162400,rician,64,4.960732053078266,8.349583838918852,3.1155692361657823,5.278233556535211,,8.433030868277225,200,6.880105299072872,6.880105299072872,6.960289905956995,6.960289905956995,0.08018460688412343,0.08018460688412343
813,162600,rician,64,7.937035629480104,9.159282240081458,0.9283553606481644,8.230926879433285,,8.433030868277225,200,6.99064555685041,6.99064555685041,6.9524925602297465,6.9524925602297465,0.038152996620663515,0.038152996620663515
814,162800,rician,64,5.349660972867621,8.378329926854956,2.8176097873964134,5.651311890762434,,8.433030868277225,200,6.8869633176620555,6.8869633176620555,6.941285341385352,6.941285341385352,0.0543220237232962,0.0543220237232962
815,163000,rician,64,7.250834065249879,8.118403861438205,0.577530797633331,7.540873063804876,,8.433030868277225,200,6.872555933421073,6.872555933421073,6.984968975975128,6.984968975975128,0.1124130425540546,0.1124130425540546
816,163200,rician,64,7.663503532911886,8.209284663479762,0.24975291498499005,7.959531748494765,,8.433030868277225,200,7.0527365406283495,7.0527365406283495,7.015332220889275,7.015332220889275,0.037404319739074765,0.037404319739074765
817,163400,rician,64,7.113703236829256,8.960368709433412,1.3903894835982185,7.569979225835193,,8.433030868277225,200,7.049850255238894,7.049850255238894,7.028588407897101,7.028588407897101,0.02126184734179315,0.02126184734179315
818,163600,rician,64,7.849382408486716,9.549625983923178,1.4028865436858549,8.146739440237326,,8.433030868277225,200,7.104638241227384,7.104638241227384,7.030187549135465,7.030187549135465,0.07445069209191946,0.07445069209191946
819,163800,rician,64,5.94105106483156,7.861253008605537,1.5969630803489714,6.278697824777872,,8.433030868277225,200,6.949821363042555,6.949821363042555,7.013122996628486,7.013122996628486,0.06330163358593044,0.06330163358593044
820,164000,rician,64,-0.39079805316864946,7.891291605055224,8.923389036031569,0.8652823990188373,,8.433030868277225,200,6.662894470465945,6.662894470465945,6.967474215058434,6.967474215058434,0.3045797445924894,0.3045797445924894
821,164200,rician,64,3.2431260225984975,7.900429689588004,4.50472394627179,3.619439959707635,,8.433030868277225,200,6.509778214811783,6.509778214811783,6.929038393220311,6.929038393220311,0.4192601784085275,0.4192601784085275
822,164400,rician,64,4.734389976132906,8.678201394751135,3.2733742570212416,5.4329827652249,,8.433030868277225,200,6.543937809113575,6.543937809113575,6.900981920715867,6.900981920715867,0.357044111602292,0.357044111602292
823,164600,rician,64,7.48371687578751,8.95387465703864,0.8319409797169438,8.121933677321698,,8.433030868277225,200,6.558797301372493,6.558797301372493,6.922909390940119,6.922909390940119,0.36411208956762575,0.36411208956762575
824,164800,rician,64,7.143504176679911,8.048985396161338,0.6086073586331108,7.440378037528238,,8.433030868277225,200,6.6195616972422044,6.6195616972422044,6.9208113329778085,6.9208113329778085,0.30124963573560404,0.30124963573560404
825,165000,rician,64,6.094798606076638,8.535360507017947,1.8685065706103836,6.682511620123613,,8.433030868277225,200,6.6140902989956505,6.6140902989956505,6.901900229974094,6.901900229974094,0.2878099309784439,0.2878099309784439
826,165200,rician,64,5.745748235385795,7.645088266965696,1.041590916531985,6.603497350433706,,8.433030868277225,200,6.576708341049414,6.576708341049414,6.901589743966991,6.901589743966991,0.32488140291757706,0.32488140291757706
827,165400,rician,64,6.818723569600414,8.679053329922137,1.4957575708301745,7.183322314247783,,8.433030868277225,200,6.530946593400264,6.530946593400264,6.894248601306317,6.894248601306317,0.3633020079060527,0.3633020079060527
828,165600,rician,64,6.19777405047599,8.654959104680339,1.9785422863239166,6.676416818356428,,8.433030868277225,200,6.503877389434855,6.503877389434855,6.878896838165186,6.878896838165186,0.3750194487303311,0.3750194487303311
829,165800,rician,64,5.873330206628297,7.9590717731543785,1.247287091132606,6.711784682021777,,8.433030868277225,200,6.457835547962252,6.457835547962252,6.868906509244571,6.868906509244571,0.4110709612823191,0.4110709612823191
830,166000,rician,64,6.668395404955071,8.008417183228358,1.0278512263274917,6.980565956900876,,8.433030868277225,200,6.488816839100241,6.488816839100241,6.855640269154903,6.855640269154903,0.3668234300546622,0.3668234300546622
831,166200,rician,64,5.133120871959891,8.245887251975942,2.2357869645661377,6.045942595482535,,8.433030868277225,200,6.451017590312449,6.451017590312449,6.833091245904177,6.833091245904177,0.3820736555917277,0.3820736555917277
832,166400,rician,64,6.697079812121525,9.774103175629849,2.707700501603176,7.066402674026682,,8.433030868277225,200,6.540426046187022,6.540426046187022,6.8167133267840185,6.8167133267840185,0.27628728059699625,0.27628728059699625
833,166600,rician,64,6.8613442841497205,9.107333675842938,1.9295899322255619,7.1777437436173726,,8.433030868277225,200,6.487766889396227,6.487766889396227,6.826356799509143,6.826356799509143,0.3385899101129164,0.3385899101129164
834,166800,rician,64,6.195548611005481,8.675793975651569,1.356097237945863,7.319696737705707,,8.433030868277225,200,6.57118613174339,6.57118613174339,6.861072161517643,6.861072161517643,0.2898860297742525,0.2898860297742525
835,167000,rician,64,8.712226293600867,10.439035107163795,1.164424962980013,9.274610144183782,,8.433030868277225,200,6.657872985762336,6.657872985762336,6.875112416464228,6.875112416464228,0.2172394307018921,0.2172394307018921
836,167200,rician,64,5.552797469491563,7.743372156608489,1.4444504619636873,6.298921694644804,,8.433030868277225,200,6.574842483069839,6.574842483069839,6.863223205420586,6.863223205420586,0.2883807223507473,0.2883807223507473
837,167400,rician,64,6.067011494668549,8.405892883950498,2.011627005028949,6.394265878921548,,8.433030868277225,200,6.516056815724157,6.516056815724157,6.8905467058456304,6.8905467058456304,0.37448989012147305,0.37448989012147305
838,167600,rician,64,8.068234444850798,9.180961283097533,0.7101459387730005,8.470815344324535,,8.433030868277225,200,6.532260610928516,6.532260610928516,6.9366611628548505,6.9366611628548505,0.40440055192633473,0.40440055192633473
839,167800,rician,64,7.411007526423866,8.211132397270122,0.4862150522865619,7.7249173449835595,,8.433030868277225,200,6.604571586938801,6.604571586938801,6.955068298305199,6.955068298305199,0.3504967113663984,0.3504967113663984
840,168000,rician,64,8.140987021161251,9.886710699744146,1.4301433115655446,8.456567388178602,,8.433030868277225,200,6.9841358363967885,6.9841358363967885,6.985617207334681,6.985617207334681,0.0014813709378929119,0.0014813709378929119
841,168200,rician,64,5.772408503394821,7.958102312333244,1.836162516426503,6.122875306320172,,8.433030868277225,200,7.109307603727416,7.109307603727416,6.969808390169878,6.969808390169878,0.1394992135575377,0.1394992135575377
842,168400,rician,64,8.067866245834507,8.432176551146547,0.03241741150017437,8.399759139646372,,8.433030868277225,200,7.25764642244849,7.25764642244849,6.974802667729535,6.974802667729535,0.2828437547189546,0.2828437547189546
843,168600,rician,64,4.002675813880709,8.070519666353702,3.2416346410306747,4.829830324464508,,8.433030868277225,200,7.0930412548056285,7.0930412548056285,6.952502018023975,6.952502018023975,0.14053923678165336,0.14053923678165336
844,168800,rician,64,7.745171256406834,8.298905083204614,0.2092419961852907,8.089663087019327,,8.433030868277225,200,7.125505507280183,7.125505507280183,6.972074483621503,6.972074483621503,0.15343102365867978,0.15343102365867978
845,169000,rician,64,7.471278691003786,9.052105199883687,1.2689036563828897,7.783201543500792,,8.433030868277225,200,7.180540003449043,7.180540003449043,6.9817120903553045,6.9817120903553045,0.19882791309373893,0.19882791309373893
846,169200,rician,64,6.876611550823371,7.460853986153811,0.19940096582739755,7.261453020326415,,8.433030868277225,200,7.213437786943679,7.213437786943679,6.99255227969705,6.99255227969705,0.2208855072466287,0.2208855072466287
847,169400,rician,64,7.098302241245558,9.172312518971301,0.7136734550357456,8.45863906393555,,8.433030868277225,200,7.2772036244280685,7.2772036244280685,7.000597998776782,7.000597998776782,0.2766056256512863,0.2766056256512863
848,169600,rician,64,7.626656698022039,8.818673795601303,0.8177884488825682,8.000885346718732,,8.433030868277225,200,7.3434270508461825,7.3434270508461825,7.006541851589519,7.006541851589519,0.33688519925666327,0.33688519925666327
849,169800,rician,64,7.884026001190904,8.48178602098103,0.2755632505079345,8.20622277047308,,8.433030868277225,200,7.41814895526875,7.41814895526875,7.006232472051479,7.006232472051479,0.41191648321727126,0.41191648321727126
850,170000,rician,64,7.4160125993424195,8.394360397335616,0.6570157117100751,7.737344685625545,6.775203820743796,6.775203820743796,200,7.45598789170498,7.45598789170498,7.00984153941799,7.00984153941799,0.4461463522869904,0.4461463522869904
851,170200,rician,64,7.308734059924999,9.892281029871084,2.273351651730424,7.618929378140662,,6.775203820743796,200,7.534637230837886,7.534637230837886,7.040276152275962,7.040276152275962,0.4943610785619237,0.4943610785619237
852,170400,rician,64,3.3354630934214775,8.800045855987198,4.448884577271409,4.376214970364363,,6.775203820743796,200,7.4001278456547706,7.4001278456547706,7.001554850911004,7.001554850911004,0.3985729947437662,0.3985729947437662
853,170600,rician,64,6.99979010924553,8.974393776128746,0.795903105232599,8.178490670896156,,6.775203820743796,200,7.45016519201871,7.45016519201871,7.020608679594187,7.020608679594187,0.4295565124245231,0.4295565124245231
854,170800,rician,64,6.411844586128269,8.034113728712367,1.1730879853912102,6.861025743321155,,6.775203820743796,200,7.427231642299484,7.427231642299484,7.020222294011672,7.020222294011672,0.40700934828781143,0.40700934828781143
855,171000,rician,64,6.811434762923157,8.978043509427984,1.7051457926541747,7.272897716773809,,6.775203820743796,200,7.327146020928984,7.327146020928984,7.027465272710771,7.027465272710771,0.2996807482182131,0.2996807482182131
856,171200,rician,64,5.2461504993218115,7.729007118460203,1.1228372844308274,6.613625740655464,,6.775203820743796,200,7.342881223229517,7.342881223229517,7.017341766242523,7.017341766242523,0.32553945698699405,0.32553945698699405
857,171400,rician,64,7.045053043869982,9.369066181834679,1.9854064848913298,7.383659696943351,,6.775203820743796,200,7.392350914130607,7.392350914130607,7.029282531200391,7.029282531200391,0.3630683829302166,0.3630683829302166
858,171600,rician,64,5.627431002586666,8.19168629767459,1.9156674448857658,6.276018852788821,,6.775203820743796,200,7.2826110895538205,7.2826110895538205,7.004400922615032,7.004400922615032,0.27821016693878864,0.27821016693878864
859,171800,rician,64,7.56353081374827,9.33464114002574,0.9490810114639582,8.385560128561783,,6.775203820743796,200,7.315643228732732,7.315643228732732,7.046737685395809,7.046737685395809,0.2689055433369232,0.2689055433369232
860,172000,rician,64,7.959325299146482,8.674542491132506,0.3775022001614429,8.29704029097107,,6.775203820743796,200,7.307666873872357,7.307666873872357,7.061490508800251,7.061490508800251,0.24617636507210605,0.24617636507210605
861,172200,rician,64,7.026561937485504,9.004187080039332,1.6606786855468145,7.344756729227093,,6.775203820743796,200,7.368760945017702,7.368760945017702,7.0510440434982025,7.0510440434982025,0.31771690151949983,0.31771690151949983
862,172400,rician,64,5.0554354450073395,7.904704447965218,1.780172275264276,6.13160077097181,,6.775203820743796,200,7.255353026583974,7.255353026583974,7.036490518090033,7.036490518090033,0.21886250849394084,0.21886250849394084
863,172600,rician,64,6.590865124920724,8.435465018479556,1.5567186255503767,6.885590672061688,,6.775203820743796,200,7.3581410439638315,7.3581410439638315,7.0290805931413205,7.0290805931413205,0.329060450822511,0.329060450822511
864,172800,rician,64,6.597884393488531,8.983043401825041,2.083955951916458,6.905470714137513,,6.775203820743796,200,7.298931425319742,7.298931425319742,7.016553162592057,7.016553162592057,0.2823782627276845,0.2823782627276845
865,173000,rician,64,6.7106930621231,8.285903530639771,0.7375449753350739,7.548358555304702,,6.775203820743796,200,7.28718927590994,7.28718927590994,7.00696276405173,7.00696276405173,0.2802265118582099,0.2802265118582099
866,173200,rician,64,6.253124454532642,7.995677311187374,1.3882580735045682,6.610736958141076,,6.775203820743796,200,7.254653472800672,7.254653472800672,6.99810205402148,6.99810205402148,0.25655141877919174,0.25655141877919174
867,173400,rician,64,5.912018861255749,8.071910187315835,1.8490334319555972,6.224855605939081,,6.775203820743796,200,7.1429642999008465,7.1429642999008465,7.020037722841304,7.020037722841304,0.12292657705954291,0.12292657705954291
868,173600,rician,64,7.719848618126274,9.118489533240234,0.872679355052213,8.245810178188028,,6.775203820743796,200,7.155210541474313,7.155210541474313,7.028083390673961,7.028083390673961,0.12712715080035153,0.12712715080035153
869,173800,rician,64,7.402809540544901,8.689368750108116,1.01971183554183,7.690504290115663,,6.775203820743796,200,7.129424617456441,7.129424617456441,7.027331710968583,7.027331710968583,0.10209290648785796,0.10209290648785796
870,174000,rician,64,4.537044726487961,8.019740732165081,3.0743843525592953,4.979153774769356,,6.775203820743796,200,6.99151507191363,6.99151507191363,7.008869319970606,7.008869319970606,0.01735424805697594,0.01735424805697594
871,174200,rician,64,7.179151553764517,8.42423406445083,0.7655381265631919,7.658695937887643,,6.775203820743796,200,6.99350339990098,6.99350339990098,7.01667703422761,7.01667703422761,0.023173634326629333,0.023173634326629333
872,174400,rician,64,7.156212017076509,8.00204312850999,0.5228509880932982,7.479192140416695,,6.775203820743796,200,7.148652258403598,7.148652258403598,7.03510184220053,7.03510184220053,0.1135504162030685,0.1135504162030685
873,174600,rician,64,6.992003965921939,8.62765149029709,1.2838526207650203,7.343798869532074,,6.775203820743796,200,7.106917668335393,7.106917668335393,7.078702607263727,7.078702607263727,0.02821506107166627,0.02821506107166627
874,174800,rician,64,6.444854466708092,8.95922259626779,1.5286393126349713,7.432333539369519,,6.775203820743796,200,7.135483058137813,7.135483058137813,7.081874389854872,7.081874389854872,0.05360866828294064,0.05360866828294064
875,175000,rician,64,7.316790282846113,8.323521908657558,0.6180157728684629,7.705506135789099,,6.775203820743796,200,7.157113479088577,7.157113479088577,7.0793513385058215,7.0793513385058215,0.0777621405827551,0.0777621405827551
876,175200,rician,64,6.738890850569009,8.228061866041267,1.086553094772996,7.1415087712682706,,6.775203820743796,200,7.183507630619216,7.183507630619216,7.060619782984702,7.060619782984702,0.1228878476345141,0.1228878476345141
877,175400,rician,64,6.587688562266124,9.288148867035682,2.393981624347233,6.894167242688452,,6.775203820743796,200,7.159033007906471,7.159033007906471,7.060350359879423,7.060350359879423,0.09868264802704818,0.09868264802704818
878,175600,rician,64,8.199865159629207,8.553197652244348,0.05254438732483601,8.500653264919517,,6.775203820743796,200,7.2702647285130055,7.2702647285130055,7.068988967126379,7.068988967126379,0.2012757613866265,0.2012757613866265
879,175800,rician,64,5.781495327883066,8.543180679572444,2.2849182840015096,6.2582623955709265,,6.775203820743796,200,7.163899841863464,7.163899841863464,7.042781743038606,7.042781743038606,0.12111809882485769,0.12111809882485769
880,176000,rician,64,8.28155015560283,8.953428362404477,0.36779871448750817,8.585629647916967,,6.775203820743796,200,7.178329309710759,7.178329309710759,7.067240879848511,7.067240879848511,0.11108842986224765,0.11108842986224765
881,176200,rician,64,8.394646523739318,10.003552559505508,1.315440138434258,8.688112421071255,,6.775203820743796,200,7.245497094302967,7.245497094302967,7.07643671726555,7.07643671726555,0.1690603770374164,0.1690603770374164
882,176400,rician,64,6.241474734457233,7.668013976087714,0.8689386745677606,6.799075301519952,,6.775203820743796,200,7.278870820830375,7.278870820830375,7.069764191276772,7.069764191276772,0.20910662955360237,0.20910662955360237
883,176600,rician,64,7.9946426906480825,8.859306600891966,0.45217739873565294,8.407129202156307,,6.775203820743796,200,7.354947747335106,7.354947747335106,7.068972477781654,7.068972477781654,0.2859752695534521,0.2859752695534521
884,176800,rician,64,8.688291896060107,9.183409114396804,0.14809271188897843,9.03531640250783,,6.775203820743796,200,7.461440031753621,7.461440031753621,7.108546428682611,7.108546428682611,0.3528936030710099,0.3528936030710099
885,177000,rician,64,5.3825074517608735,7.726910778999391,1.7971973834663322,5.929713395533061,,6.775203820743796,200,7.3805077737650375,7.3805077737650375,7.078407906680166,7.078407906680166,0.3020998670848716,0.3020998670848716
886,177200,rician,64,6.277761418862757,7.844051580481348,1.1677117689279068,6.676339811553441,,6.775203820743796,200,7.383787916435658,7.383787916435658,7.066682541528872,7.066682541528872,0.31710537490678625,0.31710537490678625
887,177400,rician,64,5.006952353944424,8.766980801898725,3.292973206256883,5.4958067328271865,,6.775203820743796,200,7.347335472780062,7.347335472780062,7.084763565978495,7.084763565978495,0.2625719068015675,0.2625719068015675
888,177600,rician,64,1.475666135361087,9.48317028417312,7.090618160995104,2.5393293902210843,,6.775203820743796,200,7.062011433381715,7.062011433381715,7.036439792932527,7.036439792932527,0.025571640449188138,0.025571640449188138
889,177800,rician,64,8.89638771477842,9.480420112663435,0.16393347918021361,9.316486633483231,,6.775203820743796,200,7.143310550550095,7.143310550550095,7.044900323057249,7.044900323057249,0.09841022749284623,0.09841022749284623
890,178000,rician,64,7.09565079947633,8.233504048163622,0.7828265251112886,7.4506775230523274,,6.775203820743796,200,7.266886737964242,7.266886737964242,7.0531223636882725,7.0531223636882725,0.21376437427596962,0.21376437427596962
891,178200,rician,64,2.7402968702484634,7.988175848272732,4.955067451156418,3.1562736613975675,,6.775203820743796,200,7.041765624139738,7.041765624139738,7.010803869721669,7.010803869721669,0.03096175441806892,0.03096175441806892
892,178400,rician,64,6.496134116894092,8.812516176175855,1.9484000605639844,6.872351647008977,,6.775203820743796,200,7.011423599469351,7.011423599469351,6.996147009757524,6.996147009757524,0.015276589711826993,0.015276589711826993
893,178600,rician,64,6.792282090272051,7.991362300091943,0.852810795757188,7.138551504334756,,6.775203820743796,200,7.001161231209485,7.001161231209485,7.007331307562046,7.007331307562046,0.006170076352560727,0.006170076352560727
894,178800,rician,64,8.13137301778916,9.719743994958842,1.2429631304265913,8.476780864532254,,6.775203820743796,200,7.053383597467624,7.053383597467624,7.014849549462071,7.014849549462071,0.03853404800555271,0.03853404800555271
895,179000,rician,64,6.941458498306402,9.351329035241742,2.079456103380215,7.271872931861528,,6.775203820743796,200,7.0317019372712455,7.0317019372712455,7.009278071294441,7.009278071294441,0.02242386597680479,0.02242386597680479
896,179200,rician,64,6.058003241821415,7.657107476184905,0.7497779109375222,6.907329565247383,,6.775203820743796,200,7.019992976970201,7.019992976970201,7.034792170903423,7.034792170903423,0.014799193933222377,0.014799193933222377
897,179400,rician,64,5.723725918513094,9.463569706884916,3.207135111847993,6.26344881437214,,6.775203820743796,200,6.988457055554385,6.988457055554385,7.021149609710903,7.021149609710903,0.03269255415651884,0.03269255415651884
898,179600,rician,64,6.792110666672061,8.19928746306966,1.0515195206501038,7.147767942419562,,6.775203820743796,200,6.9208127894293865,6.9208127894293865,7.022117491930425,7.022117491930425,0.10130470250103851,0.10130470250103851
899,179800,rician,64,6.5917281736117355,8.218616357450479,1.2580412129917886,6.960575144458693,,6.775203820743796,200,6.955928426873774,6.955928426873774,6.997972889490268,6.997972889490268,0.042044462616494194,0.042044462616494194
900,180000,rician,64,7.378779688669181,8.293328185651754,0.5887444302338791,7.704583755417878,6.206949016086644,6.206949016086644,200,6.911876132248821,6.911876132248821,7.008980524538934,7.008980524538934,0.09710439229011314,0.09710439229011314
901,180200,rician,64,7.234165490940669,9.279136484782464,0.8136299730619361,8.465506511720532,,6.206949016086644,200,6.900745836781283,6.900745836781283,7.026817938928231,7.026817938928231,0.12607210214694753,0.12607210214694753
902,180400,rician,64,7.310226344325844,8.307410190251353,0.6926143264246206,7.614795863826741,,6.206949016086644,200,6.941531864896623,6.941531864896623,7.055467988774608,7.055467988774608,0.11393612387798502,0.11393612387798502
903,180600,rician,64,5.48936502228847,9.132586606397712,3.3776757943634164,5.785451591392574,,6.206949016086644,200,6.810447984358437,6.810447984358437,7.0350750663670985,7.0350750663670985,0.2246270820086611,0.2246270820086611
904,180800,rician,64,4.648039211368629,7.893723497736163,2.1304361039986475,5.8185229294389895,,6.206949016086644,200,6.649608310704996,6.649608310704996,7.03100939446015,7.03100939446015,0.38140108375515425,0.38140108375515425
905,181000,rician,64,6.462422545429737,9.47940870906616,2.716546256652787,6.776742409800138,,6.206949016086644,200,6.691959761418349,6.691959761418349,7.030857422707604,7.030857422707604,0.3388976612892556,0.3388976612892556
906,181200,rician,64,5.972660748427697,7.874966756629114,0.8199134187743977,7.05505333785472,,6.206949016086644,200,6.710895437733413,6.710895437733413,7.027896590992567,7.027896590992567,0.3170011532591541,0.3170011532591541
907,181400,rician,64,5.788003150828302,8.425504289937141,1.8340730593343901,6.591854766707238,,6.206949016086644,200,6.765697839427415,6.765697839427415,7.0128295659873325,7.0128295659873325,0.24713172655991755,0.24713172655991755
908,181600,rician,64,7.6509483066482336,8.679872547772131,0.6804037543395182,8.000309293171151,,6.206949016086644,200,7.038746834574918,7.038746834574918,7.020654649942396,7.020654649942396,0.018092184632521935,0.018092184632521935
909,181800,rician,64,5.478977660110369,8.215637115026706,1.094145380366727,7.131905689141642,,6.206949016086644,200,6.92951778735784,6.92951778735784,7.015647491719075,7.015647491719075,0.0861297043612348,0.0861297043612348
910,182000,rician,64,7.939599859379851,9.052344113088322,0.6925836834933983,8.359760429594917,,6.206949016086644,200,6.97497193268497,6.97497193268497,7.035635694673613,7.035635694673613,0.06066376198864276,0.06066376198864276
911,182200,rician,64,7.465909148414381,8.663828389716034,0.7875880578314685,7.876240331884569,,6.206949016086644,200,7.21097026620932,7.21097026620932,7.046378822280075,7.046378822280075,0.16459144392924507,0.16459144392924507
912,182400,rician,64,5.760872459230509,8.310340317414243,1.44030009960071,6.870040217813531,,6.206949016086644,200,7.210854694749547,7.210854694749547,7.062296888892857,7.062296888892857,0.1485578058566901,0.1485578058566901
913,182600,rician,64,4.710711112875329,10.598652614186312,4.56583596574439,6.045587926001237,,6.206949016086644,200,7.1562065158328725,7.1562065158328725,7.0404434993585365,7.0404434993585365,0.11576301647433596,0.11576301647433596
914,182800,rician,64,6.927191028083512,8.759841913783264,0.8908534480352505,7.868988465748017,,6.206949016086644,200,7.125816895893659,7.125816895893659,7.062620265108393,7.062620265108393,0.06319663078526627,0.06319663078526627
915,183000,rician,64,7.4041172659750565,9.313784361995628,1.5250992927780518,7.7911510129763775,,6.206949016086644,200,7.1517807999494,7.1517807999494,7.065123044600108,7.065123044600108,0.08665775534929132,0.08665775534929132
916,183200,rician,64,8.335741913369713,9.34724943498007,0.5782022432349331,8.769047191745143,,6.206949016086644,200,7.244866681274289,7.244866681274289,7.0732181990326115,7.0732181990326115,0.17164848224167706,0.17164848224167706
917,183400,rician,64,8.844228468223589,9.409271518608543,0.1779784969491859,9.231293021659353,,6.206949016086644,200,7.3932588916386495,7.3932588916386495,7.089831336990852,7.089831336990852,0.30342755464779714,0.30342755464779714
918,183600,rician,64,6.18528219419075,8.431294716508761,1.0556536491841102,7.375641067324652,,6.206949016086644,200,7.404652547883904,7.404652547883904,7.082120353261726,7.082120353261726,0.32253219462217775,0.32253219462217775
919,183800,rician,64,6.900217490390943,7.935104976966708,0.6272851633787208,7.307819813587985,,6.206949016086644,200,7.42201478134037,7.42201478134037,7.092411573149828,7.092411573149828,0.3296032081905418,0.3296032081905418
920,184000,rician,64,6.689461555198664,8.302439186921776,0.9673860244791229,7.335053162442655,,6.206949016086644,200,7.403538251691609,7.403538251691609,7.157109280784067,7.157109280784067,0.2464289709075418,0.2464289709075418
921,184200,rician,64,6.270029622658933,7.949451075360033,0.47548584289911683,7.473965232460911,,6.206949016086644,200,7.353961187728626,7.353961187728626,7.1956545335116004,7.1956545335116004,0.15830665421702594,0.15830665421702594
922,184400,rician,64,7.217425560875672,8.28395849293641,0.6457555774900978,7.638202915446308,,6.206949016086644,200,7.355131540309604,7.355131540309604,7.217706735013815,7.217706735013815,0.13742480529578938,0.13742480529578938
923,184600,rician,64,4.683430307630047,9.471466216456161,4.443404345002427,5.037007082085459,,6.206949016086644,200,7.317709314844248,7.317709314844248,7.186857469061452,7.186857469061452,0.13085184578279652,0.13085184578279652
924,184800,rician,64,6.201754509113289,8.77106744822274,1.5820193006612402,7.189048147561501,,6.206949016086644,200,7.386235575750375,7.386235575750375,7.184344170161784,7.184344170161784,0.20189140558859098,0.20189140558859098
925,185000,rician,64,8.205375334915457,9.601548266619272,1.0362216472493015,8.56532661936998,,6.206949016086644,200,7.475664786228867,7.475664786228867,7.203172320154247,7.203172320154247,0.2724924660746204,0.2724924660746204
926,185200,rician,64,5.91538132879666,7.8062745450921005,0.6893678969722451,7.116906648119851,,6.206949016086644,200,7.478757451742124,7.478757451742124,7.208306413131108,7.208306413131108,0.27045103861101527,0.27045103861101527
927,185400,rician,64,7.778732668870776,9.105810419619502,0.9456442964069647,8.160166123212543,,6.206949016086644,200,7.557173019567389,7.557173019567389,7.2180748512207575,7.2180748512207575,0.33909816834663165,0.33909816834663165
928,185600,rician,64,6.7293280711723105,8.84835913061364,0.8935871837961898,7.954771946817449,,6.206949016086644,200,7.554896152249706,7.554896152249706,7.230858402505367,7.230858402505367,0.3240377497443383,0.3240377497443383
929,185800,rician,64,6.9668301314871925,8.832757449793021,1.1319597370741519,7.700797712718869,,6.206949016086644,200,7.5833407534285655,7.5833407534285655,7.240748532812338,7.240748532812338,0.3425922206162273,0.3425922206162273
930,186000,rician,64,7.488186684171062,8.39780269218647,0.37668367685931764,8.021119015327153,,6.206949016086644,200,7.566408682715178,7.566408682715178,7.2511540633966005,7.2511540633966005,0.31525461931857723,0.31525461931857723
931,186200,rician,64,7.064427310226911,8.271520161284617,0.7868364437294325,7.484683717555182,,6.206949016086644,200,7.546830851998708,7.546830851998708,7.265541474617327,7.265541474617327,0.2812893773813814,0.2812893773813814
932,186400,rician,64,5.228715249217604,8.288319042287227,2.575753290512235,5.729611378823385,,6.206949016086644,200,7.4898094100492,7.4898094100492,7.252173561665295,7.252173561665295,0.2376358483839054,0.2376358483839054
933,186600,rician,64,7.221571169824316,8.776986453059248,1.1101402904157338,7.666846162643509,,6.206949016086644,200,7.570872321881315,7.570872321881315,7.257064585855557,7.257064585855557,0.3138077360257583,0.3138077360257583
934,186800,rician,64,8.475355218784328,9.50513122644008,0.607345909688544,8.897785316751534,,6.206949016086644,200,7.62231216443149,7.62231216443149,7.272845471646013,7.272845471646013,0.3494666927854766,0.3494666927854766
935,187000,rician,64,7.122939346407993,8.815895660139892,0.9185951247688576,7.897300535371035,,6.206949016086644,200,7.627619640551224,7.627619640551224,7.2590723755578885,7.2590723755578885,0.36854726499333523,0.36854726499333523
936,187200,rician,64,6.664436969310377,8.769474021097711,1.554400548519192,7.215073472578521,,6.206949016086644,200,7.549920954592892,7.549920954592892,7.268233893337225,7.268233893337225,0.281687061255667,0.281687061255667
937,187400,rician,64,6.72376452578004,8.157135605732527,0.9600521741779617,7.197083431554565,,6.206949016086644,200,7.448210475087653,7.448210475087653,7.276262068863555,7.276262068863555,0.17194840622409835,0.17194840622409835
938,187600,rician,64,7.793637526827196,8.740420870629295,0.48408455216522683,8.256336318464069,,6.206949016086644,200,7.492245237644623,7.492245237644623,7.274117278604948,7.274117278604948,0.2181279590396743,0.2181279590396743
939,187800,rician,64,5.112294945185243,7.46172246056182,0.796736374187038,6.664986086374789,,6.206949016086644,200,7.460103551283964,7.460103551283964,7.263517966018862,7.263517966018862,0.19658558526510284,0.19658558526510284
940,188000,rician,64,5.092068269733353,7.792651642910195,1.0958997529022232,6.699126654625125,,6.206949016086644,200,7.428307225893088,7.428307225893088,7.245943558683328,7.245943558683328,0.18236366720975994,0.18236366720975994
941,188200,rician,64,7.0833800634241895,8.0041956487192,0.26544377387879664,7.738751874840403,,6.206949016086644,200,7.441546558012062,7.441546558012062,7.26210232436853,7.26210232436853,0.17944423364353224,0.17944423364353224
942,188400,rician,64,5.33751018450367,8.328741752537157,2.096802312105663,6.2380338142056715,,6.206949016086644,200,7.371538102950031,7.371538102950031,7.240485071114121,7.240485071114121,0.13105303183590955,0.13105303183590955
943,188600,rician,64,5.445065295772552,7.9255468159472215,1.7925095056194007,6.140828552057537,,6.206949016086644,200,7.426729176448634,7.426729176448634,7.253595053390052,7.253595053390052,0.1731341230585821,0.1731341230585821
944,188800,rician,64,6.647006337080252,8.874532583744182,0.8552455408292536,8.019287042914932,,6.206949016086644,200,7.4682411212163045,7.4682411212163045,7.252891292949008,7.252891292949008,0.21534982826729632,0.21534982826729632
945,189000,rician,64,6.213984469876498,9.970337348643271,3.3841589329506996,6.586178415692575,,6.206949016086644,200,7.369283711032435,7.369283711032435,7.240921061670925,7.240921061670925,0.12836264936150954,0.12836264936150954
946,189200,rician,64,5.144366287956924,8.478060546746189,2.828171413377398,5.666713990247143,,6.206949016086644,200,7.2967740781388,7.2967740781388,7.224973671370131,7.224973671370131,0.07180040676866906,0.07180040676866906
947,189400,rician,64,7.1046248307697555,9.223740815343476,1.1914554638249173,8.03228535151855,,6.206949016086644,200,7.290380039554099,7.290380039554099,7.220710134245962,7.220710134245962,0.0696699053081371,0.0696699053081371
948,189600,rician,64,5.28082021455827,7.643481953240245,1.928047006412163,5.720648148415702,,6.206949016086644,200,7.178673849634012,7.178673849634012,7.197907762262932,7.197907762262932,0.019233912628919825,0.019233912628919825
949,189800,rician,64,0.5163959374273989,8.381004806631058,8.190140203372685,1.0817744082711114,,6.206949016086644,200,6.847722684411624,6.847722684411624,7.126663278640913,7.126663278640913,0.2789405942292884,0.2789405942292884
950,190000,rician,64,6.632923629867127,7.905898601939532,0.23683974255454185,7.669058859384988,8.103958848351809,8.103958848351809,200,6.830119676614517,6.830119676614517,7.125980420378507,7.125980420378507,0.2958607437639902,0.2958607437639902
951,190200,rician,64,8.947208684596132,9.871393801848043,0.5564366581850253,9.314957143663031,,8.103958848351809,200,6.92163334791991,6.92163334791991,7.1429406980337316,7.1429406980337316,0.22130735011382185,0.22130735011382185
952,190400,rician,64,8.152940379170893,8.794762274837241,0.310794937112644,8.483967337724586,,8.103958848351809,200,7.0593511458649685,7.0593511458649685,7.184018221707334,7.184018221707334,0.1246670758423658,0.1246670758423658
953,190600,rician,64,8.768554672091716,9.60758828752952,0.4864270936085563,9.121161193920964,,8.103958848351809,200,7.132066897428841,7.132066897428841,7.193444926937583,7.193444926937583,0.06137802950874249,0.06137802950874249
954,190800,rician,64,7.196711201437626,8.85965886286952,1.27407730032014,7.585581562549373,,8.103958848351809,200,7.066456709718733,7.066456709718733,7.200690485129865,7.200690485129865,0.1342337754111318,0.1342337754111318
955,191000,rician,64,7.60031214340059,9.572743959573428,1.279141709175886,8.293738957804692,,8.103958848351809,200,7.0862786308404155,7.0862786308404155,7.210898897540173,7.210898897540173,0.12462026669975756,0.12462026669975756
956,191200,rician,64,5.079960229390046,7.981757140454661,2.5539332967443515,5.446352635113543,,8.103958848351809,200,6.997842588967169,6.997842588967169,7.1992261664847526,7.1992261664847526,0.20138357751758384,0.20138357751758384
957,191400,rician,64,7.973881872815384,9.312641288638746,0.5984327309370512,8.714208557701697,,8.103958848351809,200,7.073698845274525,7.073698845274525,7.212531655092335,7.212531655092335,0.13883280981781,0.13883280981781
958,191600,rician,64,7.868560646942659,9.232704075984374,1.0436054796455443,8.189098596338827,,8.103958848351809,200,7.070336959168261,7.070336959168261,7.2316624525278375,7.2316624525278375,0.16132549335957602,0.16132549335957602
959,191800,rician,64,7.05866839789967,8.856618910778247,0.3160921549083686,8.540526755869879,,8.103958848351809,200,7.164113992643015,7.164113992643015,7.2332121188009175,7.2332121188009175,0.06909812615790223,0.06909812615790223
960,192000,rician,64,6.793552639664653,8.137599097588991,0.8456477575341664,7.291951340054834,,8.103958848351809,200,7.193755226914502,7.193755226914502,7.2231612292917555,7.2231612292917555,0.02940600237725377,0.02940600237725377
961,192200,rician,64,7.860267818367898,8.563713693703164,0.3017261041072413,8.26198758959593,,8.103958848351809,200,7.219917012652277,7.219917012652277,7.232333537895445,7.232333537895445,0.012416525243168053,0.012416525243168053
962,192400,rician,64,8.066491110954663,8.656954242608869,0.27500848406502676,8.38194575854385,,8.103958848351809,200,7.327112609869185,7.327112609869185,7.254836987771164,7.254836987771164,0.07227562209802141,0.07227562209802141
963,192600,rician,64,5.974136906432676,7.795689316172169,1.373835033990089,6.434665377907775,,8.103958848351809,200,7.3418044511617,7.3418044511617,7.250327734829625,7.250327734829625,0.09147671633207466,0.09147671633207466
964,192800,rician,64,4.000073113531013,8.7610159365614,4.445324974533806,4.3785863903018205,,8.103958848351809,200,7.159769418531043,7.159769418531043,7.225058891591269,7.225058891591269,0.06528947306022559,0.06528947306022559
965,193000,rician,64,7.111650933262382,9.08502227540616,1.6486715020819958,7.436350773324173,,8.103958848351809,200,7.202278036412624,7.202278036412624,7.223938813771464,7.223938813771464,0.0216607773588402,0.0216607773588402
966,193200,rician,64,6.382084584782778,9.38161073412918,2.6256755496270805,6.757418414095371,,8.103958848351809,200,7.256813257605034,7.256813257605034,7.225405628331006,7.225405628331006,0.03140762927402818,0.03140762927402818
967,193400,rician,64,6.921320279786574,8.661418839051182,1.1044228273764818,7.556996011674707,,8.103958848351809,200,7.233048790612843,7.233048790612843,7.238727032388363,7.238727032388363,0.005678241775520121,0.005678241775520121
968,193600,rician,64,5.449571323292347,8.152309477203218,1.4395163080265387,6.712793169176684,,8.103958848351809,200,7.282656041650891,7.282656041650891,7.223396862298249,7.223396862298249,0.05925917935264202,0.05925917935264202
969,193800,rician,64,5.381647803545,7.599352422593144,0.9464296107082124,6.652922811884931,,8.103958848351809,200,7.561213461831583,7.561213461831583,7.213021047515941,7.213021047515941,0.3481924143156423,0.3481924143156423
970,194000,rician,64,7.309515623031274,9.351799775268105,1.7193683988280308,7.644081862800469,,8.103958848351809,200,7.559964612002356,7.559964612002356,7.239670328396253,7.239670328396253,0.32029428360610357,0.32029428360610357
971,194200,rician,64,3.4772066774681205,9.032989645478654,3.665181066433887,5.374243632681805,,8.103958848351809,200,7.362928936453296,7.362928936453296,7.216825805344193,7.216825805344193,0.14610313110910322,0.14610313110910322
972,194400,rician,64,6.591679101794621,7.659732778594868,0.7296906012743689,6.9300421773204945,,8.103958848351809,200,7.285232678433092,7.285232678433092,7.2113343057132315,7.2113343057132315,0.0738983727198601,0.0738983727198601
973,194600,rician,64,6.783137082569203,8.654746480377868,0.8371677116497448,7.817578768728123,,8.103958848351809,200,7.220053557173449,7.220053557173449,7.216072104705193,7.216072104705193,0.003981452468256208,0.003981452468256208
974,194800,rician,64,6.8642362948673,7.886028307752836,0.7193914270844559,7.166636880668384,,8.103958848351809,200,7.1991063230794,7.1991063230794,7.213415138118181,7.213415138118181,0.01430881503878112,0.01430881503878112
975,195000,rician,64,8.135674776431948,8.83480505653886,0.3388510016749031,8.495954054863953,,8.103958848351809,200,7.2092170779323625,7.2092170779323625,7.2213196173089305,7.2213196173089305,0.012102539376567911,0.012102539376567911
976,195200,rician,64,6.393875528549216,7.588705888831411,0.52192694361172,7.06677894521969,,8.103958848351809,200,7.290238393437669,7.290238393437669,7.220572319048446,7.220572319048446,0.06966607438922257,0.06966607438922257
977,195400,rician,64,6.129516012432888,8.952592151884325,2.3934508876366256,6.564552799160561,,8.103958848351809,200,7.1827556055106125,7.1827556055106125,7.217276174613167,7.217276174613167,0.03452056910255408,0.03452056910255408
978,195600,rician,64,6.638424047723876,7.866056055903113,0.9019975519566167,6.9640585039464975,,8.103958848351809,200,7.121503600890996,7.121503600890996,7.2019102270034345,7.2019102270034345,0.08040662611243832,0.08040662611243832
979,195800,rician,64,7.453876626321565,8.832799487053542,1.0537938431552478,7.783613985532904,,8.103958848351809,200,7.083657962374149,7.083657962374149,7.217163742903055,7.217163742903055,0.13350578052890594,0.13350578052890594
980,196000,rician,64,5.004940932203203,8.087939248048587,2.453976424083961,5.646164330867159,,8.103958848351809,200,7.001368611914764,7.001368611914764,7.187769089732557,7.187769089732557,0.18640047781779323,0.18640047781779323
981,196200,rician,64,7.000630461787778,8.477899041138421,1.033416988031976,7.444482053106445,,8.103958848351809,200,6.960493335090289,6.960493335090289,7.175332786052908,7.175332786052908,0.2148394509626188,0.2148394509626188
982,196400,rician,64,7.995789206242298,9.181737639766018,0.8767432958920376,8.304994343873986,,8.103958848351809,200,6.956645764356798,6.956645764356798,7.190391976476449,7.190391976476449,0.23374621211965074,0.23374621211965074
983,196600,rician,64,6.868677587885144,8.508507901122563,1.3265992102816375,7.181931782524572,,8.103958848351809,200,6.994009084587637,6.994009084587637,7.178140002280132,7.178140002280132,0.184130917692495,0.184130917692495
984,196800,rician,64,7.670664917481848,9.142892853952118,1.1844120596285683,7.958480794323545,,8.103958848351809,200,7.173003804788723,7.173003804788723,7.167371646198288,7.167371646198288,0.00563215859043531,0.00563215859043531
985,197000,rician,64,7.003666578795934,8.058568416121116,0.7517306307095597,7.306837785411553,,8.103958848351809,200,7.166528155393091,7.166528155393091,7.181142890097074,7.181142890097074,0.01461473470398289,0.01461473470398289
986,197200,rician,64,7.986272990244024,9.29307358867698,0.7677038733295437,8.525369715347427,,8.103958848351809,200,7.254925720455695,7.254925720455695,7.199633189135015,7.199633189135015,0.05529253132068046,0.05529253132068046
987,197400,rician,64,7.558055887646828,8.328444705091625,0.4247832390646541,7.903661466026971,,8.103958848351809,200,7.272258993173308,7.272258993173308,7.2237117364670125,7.2237117364670125,0.04854725670629545,0.04854725670629545
988,197600,rician,64,4.84996016531893,8.961474124175846,3.017363790890536,5.944110333285318,,8.103958848351809,200,7.233824851378739,7.233824851378739,7.257759545897653,7.257759545897653,0.023934694518914057,0.023934694518914057
989,197800,rician,64,7.574214846176793,8.957223092611533,0.4652360743694754,8.491987018242053,,8.103958848351809,200,7.325778061696594,7.325778061696594,7.249514549745243,7.249514549745243,0.0762635119513515,0.0762635119513515
990,198000,rician,64,8.830412924159054,10.080330793828551,0.4964982857259597,9.58383250810259,,8.103958848351809,200,7.422765593961702,7.422765593961702,7.270846099595745,7.270846099595745,0.15191949436595742,0.15191949436595742
991,198200,rician,64,7.146208595980376,8.447005668187805,0.9907024287485796,7.456303239439218,,8.103958848351809,200,7.526868574299573,7.526868574299573,7.313846395376161,7.313846395376161,0.2130221789234117,0.2130221789234117
992,198400,rician,64,7.101819260107004,8.067997336506576,0.6337910731001408,7.434206263406431,,8.103958848351809,200,7.552076778603869,7.552076778603869,7.319464941540136,7.319464941540136,0.23261183706373334,0.23261183706373334
993,198600,rician,64,7.4410005246350535,8.099839468441887,0.3065607413544158,7.793278727087463,,8.103958848351809,200,7.550861776521836,7.550861776521836,7.326012213767662,7.326012213767662,0.22484956275417467,0.22484956275417467
994,198800,rician,64,8.198162581812669,9.193037055728775,0.6631521065604838,8.52988494916829,,8.103958848351809,200,7.619024179946831,7.619024179946831,7.326543254614022,7.326543254614022,0.2924809253328089,0.2924809253328089
995,199000,rician,64,6.40301113833852,8.879916183603918,2.1500125581699883,6.729903625433931,,8.103958848351809,200,7.530721658475331,7.530721658475331,7.321123561549747,7.321123561549747,0.20959809692558373,0.20959809692558373
996,199200,rician,64,8.093295438150049,9.41604130545486,0.9775918147449818,8.438449490709877,,8.103958848351809,200,7.599305185749839,7.599305185749839,7.336434760804373,7.336434760804373,0.26287042494546586,0.26287042494546586
997,199400,rician,64,7.933332529785987,10.017002173488422,1.7439952439055788,8.27300692958284,,8.103958848351809,200,7.684727892270954,7.684727892270954,7.356530341956479,7.356530341956479,0.3281975503144743,0.3281975503144743
998,199600,rician,64,6.037744327072374,8.084338028154864,1.1984461396116435,6.885891888543218,,8.103958848351809,200,7.680819561500789,7.680819561500789,7.353911581417717,7.353911581417717,0.32690798008307187,0.32690798008307187
999,199800,rician,64,5.023921704871935,7.861156338033195,1.5656724300444362,6.295483907988757,,8.103958848351809,200,7.606413057623582,7.606413057623582,7.347260669053018,7.347260669053018,0.25915238857056444,0.25915238857056444
1000,200000,rician,64,8.050505574460518,9.453655522708798,1.0577011265166036,8.395954396192193,8.238172748751326,8.238172748751326,200,7.743902560889834,7.743902560889834,7.354174375460762,7.354174375460762,0.38972818542907284,0.38972818542907284
1001,200200,rician,64,7.479331140730735,9.252938851002295,1.1921323511996837,8.060806499802622,,8.238172748751326,200,7.774718783224644,7.774718783224644,7.350127375341582,7.350127375341582,0.42459140788306193,0.42459140788306193
1002,200400,rician,64,6.592352869772988,8.84379867955365,1.8545184778873356,6.989280201666314,,8.238172748751326,200,7.708933076114259,7.708933076114259,7.3438722187199765,7.3438722187199765,0.3650608573942824,0.3650608573942824
1003,200600,rician,64,5.6355128379606665,8.444688430228481,2.0241910283523,6.420497401876177,,8.238172748751326,200,7.67086135708184,7.67086135708184,7.350222676824813,7.350222676824813,0.32063868025702735,0.32063868025702735
1004,200800,rician,64,7.225540550129364,8.793729051908596,1.1995089303088322,7.594220121599764,,8.238172748751326,200,7.652648323445651,7.652648323445651,7.36797964874642,7.36797964874642,0.28466867469923063,0.28466867469923063
1005,201000,rician,64,7.040096263759251,8.572832430813921,1.1440007850310605,7.4288316457828545,,8.238172748751326,200,7.658748016464216,7.658748016464216,7.374500541106247,7.374500541106247,0.2842474753579687,0.2842474753579687
1006,201200,rician,64,7.726745773888178,8.450903767674077,0.25098984004584757,8.199913927628232,,8.238172748751326,200,7.642475227078256,7.642475227078256,7.385949147003982,7.385949147003982,0.25652608007427347,0.25652608007427347
1007,201400,rician,64,6.521999897319297,9.348544883432174,2.404313367156384,6.944231516275797,,8.238172748751326,200,7.594503729590697,7.594503729590697,7.389472914499667,7.389472914499667,0.20503081509103005,0.20503081509103005
1008,201600,rician,64,6.929629232921975,8.725552917333545,0.6358918965454818,8.089661020788066,,8.238172748751326,200,7.701781263965836,7.701781263965836,7.3903664317758375,7.3903664317758375,0.31141483218999877,0.31141483218999877
1009,201800,rician,64,3.1053895768674935,9.431993906236048,5.963428916635476,3.537587531800527,,8.238172748751326,200,7.454061289643759,7.454061289643759,7.354423250202425,7.354423250202425,0.09963803944133431,0.09963803944133431
1010,202000,rician,64,7.631747620048592,8.355091335287554,0.2595875914240562,8.095503743863501,,8.238172748751326,200,7.379644851431804,7.379644851431804,7.351780683345111,7.351780683345111,0.02786416808669312,0.02786416808669312
1011,202200,rician,64,5.055937210882248,7.891335282043782,1.2416240049510718,6.649711277092716,,8.238172748751326,200,7.339315253314479,7.339315253314479,7.3395153927971934,7.3395153927971934,0.00020013948271468962,0.00020013948271468962
1012,202400,rician,64,7.52644562017526,8.63566528838382,0.4682944910245777,8.167370797359242,,8.238172748751326,200,7.375973480012118,7.375973480012118,7.352488698592649,7.352488698592649,0.023484781419469414,0.023484781419469414
1013,202600,rician,64,7.278037446424856,9.18898962460396,0.7681881155705127,8.421917373531697,,8.238172748751326,200,7.40740541233433,7.40740541233433,7.376251993067952,7.376251993067952,0.031153419266377824,0.031153419266377824
1014,202800,rician,64,7.169231519962352,8.359655584098798,0.7354371600971009,7.624218424001689,,8.238172748751326,200,7.362122086076002,7.362122086076002,7.373804292650489,7.373804292650489,0.011682206574487708,0.011682206574487708
1015,203000,rician,64,6.621519552306189,9.24272847041556,1.9318334172545104,7.314971989991764,,8.238172748751326,200,7.391375504303892,7.391375504303892,7.369042502420646,7.369042502420646,0.022333001883246162,0.022333001883246162
1016,203200,rician,64,5.16091299628835,8.4422716333843,2.346495251990053,6.0999535402455844,,8.238172748751326,200,7.274450706780678,7.274450706780678,7.342351565905648,7.342351565905648,0.06790085912497013,0.06790085912497013
1017,203400,rician,64,6.725653206876132,8.303770508665595,0.5837114111761106,7.720059097489485,,8.238172748751326,200,7.246803315176011,7.246803315176011,7.327239226663951,7.327239226663951,0.08043591148793983,0.08043591148793983
1018,203600,rician,64,8.297670655723378,9.49999095130136,0.7145974769465226,8.78539347435484,,8.238172748751326,200,7.3417783944665915,7.3417783944665915,7.341336750734253,7.341336750734253,0.0004416437323389033,0.0004416437323389033
1019,203800,rician,64,5.988119883403574,8.325767071925172,1.0801497569765568,7.2456173149486185,,8.238172748751326,200,7.389285064814584,7.389285064814584,7.340714725747858,7.340714725747858,0.04857033906672559,0.04857033906672559
1020,204000,rician,64,4.682727514006398,8.033803416841197,2.2852388324364594,5.757386649106196,,8.238172748751326,200,7.257356677460284,7.257356677460284,7.324938060614494,7.324938060614494,0.06758138315421025,0.06758138315421025
1021,204200,rician,64,5.155149438693647,8.248013963410985,1.5688394081825756,6.687423842716433,,8.238172748751326,200,7.188687544605974,7.188687544605974,7.317072646717048,7.317072646717048,0.128385102111074,0.128385102111074
1022,204400,rician,64,5.00397808561364,8.003877892325162,2.5258244134213568,5.489955899077782,,8.238172748751326,200,7.113721329476549,7.113721329476549,7.295590176553364,7.295590176553364,0.1818688470768146,0.1818688470768146
1023,204600,rician,64,6.770360351343512,9.309240214810641,2.0235506157988037,7.28568959901184,,8.238172748751326,200,7.156980939333332,7.156980939333332,7.318077001722628,7.318077001722628,0.16109606238929608,0.16109606238929608
1024,204800,rician,64,4.410254129451033,9.576295778305028,4.3726906883227175,5.223118781572805,,8.238172748751326,200,7.038425872331983,7.038425872331983,7.29841770806274,7.29841770806274,0.2599918357307569,0.2599918357307569
1025,205000,rician,64,7.541551495362887,9.166207706157364,0.7241833333317552,8.44202437282561,,8.238172748751326,200,7.089085508684121,7.089085508684121,7.297184685597297,7.297184685597297,0.20809917691317548,0.20809917691317548
1026,205200,rician,64,6.42305867081499,8.1388146857139,1.2156497405810829,6.933888954921454,,8.238172748751326,200,7.025784260048782,7.025784260048782,7.295354508665313,7.295354508665313,0.2695702486165308,0.2695702486165308
1027,205400,rician,64,7.242588589112997,8.29337176033136,0.5612271562830264,7.7321446040483375,,8.238172748751326,200,7.06517991443741,7.06517991443741,7.291074293473671,7.291074293473671,0.2258943790362613,0.2258943790362613
1028,205600,rician,64,6.445993064196744,7.9230166655273235,1.028890421559014,6.894126243968312,,8.238172748751326,200,7.005403175596422,7.005403175596422,7.2804678364451805,7.2804678364451805,0.27506466084875836,0.27506466084875836
1029,205800,rician,64,6.044297772102823,8.18541916241032,1.3771434549373216,6.8082757074729985,,8.238172748751326,200,7.168937584380046,7.168937584380046,7.27154261639272,7.27154261639272,0.1026050320126739,0.1026050320126739
1030,206000,rician,64,9.236041709501347,9.945283958578992,0.3483905867084038,9.596893371870596,,8.238172748751326,200,7.2440070657804,7.2440070657804,7.287300359958156,7.287300359958156,0.04329329417775618,0.04329329417775618
1031,206200,rician,64,7.70518769087726,9.32624369774686,0.9981335474041695,8.328110150342699,,8.238172748751326,200,7.3279270094429,7.3279270094429,7.2957346242860295,7.2957346242860295,0.032192385156870174,0.032192385156870174
1032,206400,rician,64,8.527824216931783,9.9552379326663,1.0398756553123993,8.915362277353902,,8.238172748751326,200,7.3653265834426325,7.3653265834426325,7.3275921332713345,7.3275921332713345,0.03773445017129795,0.03773445017129795
1033,206600,rician,64,6.937825912514858,8.013322734237706,0.4947315123155301,7.518591221922172,,8.238172748751326,200,7.320160275862156,7.320160275862156,7.326109583864122,7.326109583864122,0.005949308001966358,0.005949308001966358
1034,206800,rician,64,8.136135456095968,9.000137479469412,0.2625879891242439,8.737549490345184,,8.238172748751326,200,7.37582682917933,7.37582682917933,7.324507225600059,7.324507225600059,0.051319603579270456,0.051319603579270456
1035,207000,rician,64,6.3227879348106795,8.255622931560255,1.040578970321964,7.215043961238299,,8.238172748751326,200,7.370830427741657,7.370830427741657,7.317684659858731,7.317684659858731,0.05314576788292591,0.05314576788292591
1036,207200,rician,64,8.3931955920616,9.793263251898173,0.9857221518392335,8.807541100058947,,8.238172748751326,200,7.506209805732327,7.506209805732327,7.333609336133536,7.333609336133536,0.17260046959879105,0.17260046959879105
1037,207400,rician,64,5.729530927081591,8.33432981203604,2.2106466953101074,6.133766536793342,,8.238172748751326,200,7.426895177697519,7.426895177697519,7.322976167185924,7.322976167185924,0.10391901051159458,0.10391901051159458
1038,207600,rician,64,7.742364475364651,9.00875966874595,0.775606874631941,8.233152794114002,,8.238172748751326,200,7.399283143685476,7.399283143685476,7.322744331942422,7.322744331942422,0.07653881174305344,0.07653881174305344
1039,207800,rician,64,7.014987374969748,7.922916147294414,0.46420535711483846,7.458710790179573,,8.238172748751326,200,7.409937817447023,7.409937817447023,7.330681578980472,7.330681578980472,0.07925623846655139,0.07925623846655139
1040,208000,rician,64,6.894271045807142,8.0290472962999,0.45136061476220607,7.577686681537693,,8.238172748751326,200,7.500952819068599,7.500952819068599,7.3394671792495965,7.3394671792495965,0.1614856398190021,0.1614856398190021
1041,208200,rician,64,6.050915718071793,9.117359774028378,2.3223153133409093,6.795044460687468,,8.238172748751326,200,7.5063338499671515,7.5063338499671515,7.330030105108066,7.330030105108066,0.1763037448590854,0.1763037448590854
1042,208400,rician,64,5.4388027737542055,8.886802559707835,2.2056495844148185,6.68115297529302,,8.238172748751326,200,7.565893703777914,7.565893703777914,7.33446129671894,7.33446129671894,0.23143240705897394,0.23143240705897394
1043,208600,rician,64,5.9740991483953145,7.767374903270037,0.40173211273406334,7.365642790535972,,8.238172748751326,200,7.569891363354119,7.569891363354119,7.346709439103725,7.346709439103725,0.22318192425039474,0.22318192425039474
1044,208800,rician,64,7.2181107724174005,8.5649874937652,0.5318366170759109,8.03315087668929,,8.238172748751326,200,7.710392968109945,7.710392968109945,7.346848077441468,7.346848077441468,0.36354489066847684,0.36354489066847684
1045,209000,rician,64,6.3939878963996755,8.716090130484503,1.2046647225864728,7.51142540789803,,8.238172748751326,200,7.663863019863564,7.663863019863564,7.356100547363524,7.356100547363524,0.3077624725000403,0.3077624725000403
1046,209200,rician,64,2.752792355188339,7.743731008947041,3.923154665991366,3.845413183256924,,8.238172748751326,200,7.509439231280339,7.509439231280339,7.337887539293622,7.337887539293622,0.1715516919867177,0.1715516919867177
1047,209400,rician,64,6.063642926090938,8.40936756471313,1.1984085820106725,7.210958982702463,,8.238172748751326,200,7.4833799502130445,7.4833799502130445,7.329674275605461,7.329674275605461,0.15370567460758355,0.15370567460758355
1048,209600,rician,64,6.915642490437539,7.951746797528676,0.02590909551206348,7.925837702016609,,8.238172748751326,200,7.53496552311546,7.53496552311546,7.351726171141468,7.351726171141468,0.18323935197399166,0.18323935197399166
1049,209800,rician,64,5.371455327105172,8.617192211178926,1.6987495510167376,6.918442660162186,,8.238172748751326,200,7.540473870749921,7.540473870749921,7.41009285366038,7.41009285366038,0.1303810170895403,0.1303810170895403
1050,210000,rician,64,6.84934802003497,9.396303740012186,2.05915468809024,7.33714905192195,7.656987183093932,7.656987183093932,200,7.427486654752487,7.427486654752487,7.40677375558575,7.40677375558575,0.02071289916673713,0.02071289916673713
1051,210200,rician,64,7.009735856466793,8.060950219183765,0.5376677825130121,7.523513127912262,,7.656987183093932,200,7.387256803630964,7.387256803630964,7.388859315428242,7.388859315428242,0.0016025117972775504,0.0016025117972775504
1052,210400,rician,64,5.864465142709489,8.081875794755296,1.6903853270578053,6.393107727938837,,7.656987183093932,200,7.2611440761602095,7.2611440761602095,7.367950719330386,7.367950719330386,0.10680664317017641,0.10680664317017641
1053,210600,rician,64,6.288393208476073,8.458525658393508,0.9830965093516927,7.475429149041815,,7.656987183093932,200,7.258985972516193,7.258985972516193,7.351493398881594,7.351493398881594,0.0925074263654011,0.0925074263654011
1054,210800,rician,64,6.843973109826092,8.621005991367188,1.2629077449960713,7.358098246371123,,7.656987183093932,200,7.190013410317491,7.190013410317491,7.34921856571981,7.34921856571981,0.1592051554023195,0.1592051554023195
1055,211000,rician,64,7.385803486545399,8.62648855273772,0.7546381073357922,7.871850445401932,,7.656987183093932,200,7.222853734525673,7.222853734525673,7.344999680595784,7.344999680595784,0.12214594607011087,0.12214594607011087
1056,211200,rician,64,6.402201044774116,8.492588611050373,0.6644500102330722,7.828138600817314,,7.656987183093932,200,7.173883609563589,7.173883609563589,7.368817540252821,7.368817540252821,0.19493393068923215,0.19493393068923215
1057,211400,rician,64,7.157774619622213,8.969050423401383,0.3543048024733567,8.61474562092803,,7.656987183093932,200,7.297932563770324,7.297932563770324,7.367822910885084,7.367822910885084,0.06989034711476005,0.06989034711476005
1058,211600,rician,64,6.5088150326132155,7.7685405513867565,0.26308122411183654,7.505459327274918,,7.656987183093932,200,7.26154789042837,7.26154789042837,7.360986518194445,7.360986518194445,0.09943862776607482,0.09943862776607482
1059,211800,rician,64,7.452072887406234,8.499884553294642,0.5802486267479867,7.919635926546662,,7.656987183093932,200,7.284594147246724,7.284594147246724,7.3547776099012125,7.3547776099012125,0.07018346265448816,0.07018346265448816
1060,212000,rician,64,6.69654889617437,8.134660234606352,0.5765907001362377,7.558069534470119,,7.656987183093932,200,7.283613289893347,7.283613289893347,7.357438791845365,7.357438791845365,0.07382550195201798,0.07382550195201798
1061,212200,rician,64,2.1734751013145712,8.155704529158387,5.615386507028226,2.637586625823608,,7.656987183093932,200,7.075740398150154,7.075740398150154,7.301194782207642,7.301194782207642,0.22545438405748808,0.22545438405748808
1062,212400,rician,64,7.506319692079865,8.479738967708526,0.5022567612123079,7.97748220649622,,7.656987183093932,200,7.140556859710314,7.140556859710314,7.297150146687166,7.297150146687166,0.15659328697685204,0.15659328697685204
1063,212600,rician,64,6.8133641017932804,8.641961430068703,0.8704034022358715,7.77155802783283,,7.656987183093932,200,7.160852621575157,7.160852621575157,7.310519073186416,7.310519073186416,0.14966645161125935,0.14966645161125935
1064,212800,rician,64,4.75502520161187,7.810629682463681,2.37266101254944,5.43796866991424,,7.656987183093932,200,7.031093511236404,7.031093511236404,7.321112895982541,7.321112895982541,0.2900193847461372,0.2900193847461372
1065,213000,rician,64,8.075294755536193,9.236846392982299,0.5980528195773612,8.63879357340493,,7.656987183093932,200,7.087461919511748,7.087461919511748,7.3331373239833475,7.3331373239833475,0.24567540447159963,0.24567540447159963
1066,213200,rician,64,7.377840310812372,8.203796664553797,0.23520622208349865,7.968590442470301,,7.656987183093932,200,7.293620782472416,7.293620782472416,7.345249044267097,7.345249044267097,0.051628261794680164,0.051628261794680164
1067,213400,rician,64,7.286782584691926,7.910616584060162,0.25640281585818103,7.654213768201982,,7.656987183093932,200,7.315783521747393,7.315783521747393,7.34622122183237,7.34622122183237,0.030437700084976704,0.030437700084976704
1068,213600,rician,64,6.436160158120646,9.300878337809632,2.1568975740401344,7.143980763769504,,7.656987183093932,200,7.276690674835036,7.276690674835036,7.350533097778299,7.350533097778299,0.0738424229432626,0.0738424229432626
1069,213800,rician,64,7.1111479234744035,8.431346683009954,0.9538075285668082,7.478996417765532,,7.656987183093932,200,7.304718362715204,7.304718362715204,7.358793833837105,7.358793833837105,0.0540754711219007,0.0540754711219007
1070,214000,rician,64,7.180885704640649,9.41430632807216,1.904017083645713,7.5108825207913785,,7.656987183093932,200,7.313405036158677,7.313405036158677,7.357461840417014,7.357461840417014,0.04405680425833669,0.04405680425833669
1071,214200,rician,64,6.9734076525028055,8.486448007641188,0.9469268972265878,7.539521110414603,,7.656987183093932,200,7.314205435283793,7.314205435283793,7.379114615194342,7.379114615194342,0.06490917991054879,0.06490917991054879
1072,214400,rician,64,6.94524503712645,7.680394228914788,0.4208569680350039,7.259537260879782,,7.656987183093932,200,7.357526911930842,7.357526911930842,7.382409566029936,7.382409566029936,0.02488265409909385,0.02488265409909385
1073,214600,rician,64,-0.7789690860022683,8.658817178655179,12.544639999865685,0.014559065947012189,,7.656987183093932,200,6.984483407776102,6.984483407776102,7.304379369002124,7.304379369002124,0.31989596122602215,0.31989596122602215
1074,214800,rician,64,8.734241187329632,9.592196719377817,0.5237114809948541,9.068485238382966,,7.656987183093932,200,7.070002757376694,7.070002757376694,7.32339785257927,7.32339785257927,0.25339509520257586,0.25339509520257586
1075,215000,rician,64,8.13124979060515,9.410451473102059,0.9569331378223715,8.453518335279687,,7.656987183093932,200,7.099086151870582,7.099086151870582,7.322973495383427,7.322973495383427,0.22388734351284523,0.22388734351284523
1076,215200,rician,64,9.311372040279016,9.893481648901137,0.2978738356335202,9.595607813267607,,7.656987183093932,200,7.187459612493096,7.187459612493096,7.348261784063907,7.348261784063907,0.16080217157081123,0.16080217157081123
1077,215400,rician,64,7.80378728047406,9.199959902142584,1.100331791710541,8.099628110432045,,7.656987183093932,200,7.161703736968296,7.161703736968296,7.36361253717662,7.36361253717662,0.20190880020832402,0.20190880020832402
1078,215600,rician,64,6.669308103536314,7.957510078329143,0.9985773715722751,6.958932706756857,,7.656987183093932,200,7.134377405942392,7.134377405942392,7.363561279204724,7.363561279204724,0.2291838732623317,0.2291838732623317
1079,215800,rician,64,7.531488591991859,8.757433179708501,0.9436500248547386,7.813783154853771,,7.656987183093932,200,7.12908476735775,7.12908476735775,7.363862970897933,7.363862970897933,0.23477820354018242,0.23477820354018242
1080,216000,rician,64,8.633205723329956,9.415404870950434,0.4852754866552478,8.930129384295185,,7.656987183093932,200,7.197687759849002,7.197687759849002,7.3967026214322145,7.3967026214322145,0.1990148615832128,0.1990148615832128
1081,216200,rician,64,8.690511633741849,9.689571935405358,0.6576087536630985,9.031963181742253,,7.656987183093932,200,7.517406587644935,7.517406587644935,7.412577432718571,7.412577432718571,0.1048291549263638,0.1048291549263638
1082,216400,rician,64,7.151925456512373,7.9510501969739416,0.4494026332559138,7.501647563718024,,7.656987183093932,200,7.4936148555060225,7.4936148555060225,7.404543964917012,7.404543964917012,0.08907089058901008,0.08907089058901008
1083,216600,rician,64,7.235440167207814,9.499825093754392,1.6308058540724848,7.869019239681907,,7.656987183093932,200,7.498487916098478,7.498487916098478,7.411414839488587,7.411414839488587,0.08707307660989105,0.08707307660989105
1084,216800,rician,64,8.860626855023309,9.593110921933599,0.45071714942693836,9.142393772506654,,7.656987183093932,200,7.683709171228098,7.683709171228098,7.423253969270418,7.423253969270418,0.26045520195768024,0.26045520195768024
1085,217000,rician,64,7.908434169320564,8.575899789721056,0.34988554535460525,8.226014244366453,,7.656987183093932,200,7.663070204776176,7.663070204776176,7.432445733859965,7.432445733859965,0.23062447091621063,0.23062447091621063
1086,217200,rician,64,6.396104273054327,8.531937019333897,1.828574559693778,6.712194693422239,,7.656987183093932,200,7.600250417323773,7.600250417323773,7.414313983640714,7.414313983640714,0.18593643368305912,0.18593643368305912
1087,217400,rician,64,7.7779204206724035,9.577956654048482,0.9151057444858007,8.662850909562689,,7.656987183093932,200,7.6506822743918095,7.6506822743918095,7.421905878076071,7.421905878076071,0.22877639631573832,0.22877639631573832
1088,217600,rician,64,5.129044821158427,7.739588102026986,1.3268234317049368,6.412764670322051,,7.656987183093932,200,7.614121469719434,7.614121469719434,7.426592421446437,7.426592421446437,0.18752904827299677,0.18752904827299677
1089,217800,rician,64,7.291395649237782,8.563958391925697,0.8197139531283043,7.744244438797394,,7.656987183093932,200,7.627383870771027,7.627383870771027,7.4191149956519915,7.4191149956519915,0.20826887511903536,0.20826887511903536
1090,218000,rician,64,5.754872597117533,8.152610109427542,1.456855067725089,6.6957550417024505,,7.656987183093932,200,7.586627496816581,7.586627496816581,7.390234220987989,7.390234220987989,0.19639327582859156,0.19639327582859156
1091,218200,rician,64,5.275762808605053,8.866487248665326,2.1821325184103766,6.693037399994366,,7.656987183093932,200,7.544303311295569,7.544303311295569,7.382601562593543,7.382601562593543,0.16170174870202647,0.16170174870202647
1092,218400,rician,64,6.922858379947781,9.0016922552893,1.7801636822517055,7.228032695370075,,7.656987183093932,200,7.542728083020083,7.542728083020083,7.380539826913178,7.380539826913178,0.16218825610690502,0.16218825610690502
1093,218600,rician,64,6.411451828957695,8.142611232354135,1.4251310716077896,6.717480160746349,,7.656987183093932,200,7.877874137760051,7.877874137760051,7.369781841249766,7.369781841249766,0.5080922965102843,0.5080922965102843
1094,218800,rician,64,7.282642428093332,8.111937971137884,0.5423259341615576,7.569612036976329,,7.656987183093932,200,7.802930477689721,7.802930477689721,7.360179112127847,7.360179112127847,0.44275136556187356,0.44275136556187356
1095,219000,rician,64,8.108775818748843,8.517600973506381,0.11411764152047604,8.40348333198591,,7.656987183093932,200,7.800428727525031,7.800428727525031,7.376914909193367,7.376914909193367,0.42351381833166357,0.42351381833166357
1096,219200,rician,64,7.374225792187363,8.865571053280632,0.8136833797621935,8.051887673518445,,7.656987183093932,200,7.723242720537573,7.723242720537573,7.373049291021452,7.373049291021452,0.3501934295161204,0.3501934295161204
1097,219400,rician,64,5.748092628596615,8.425898196066713,1.4018582266948976,7.024039969371814,,7.656987183093932,200,7.669463313484561,7.669463313484561,7.360559621419343,7.360559621419343,0.3089036920652184,0.3089036920652184
1098,219600,rician,64,7.058833042518199,8.198585020769098,0.4532902788889716,7.74529474188013,,7.656987183093932,200,7.708781415240725,7.708781415240725,7.369153649952709,7.369153649952709,0.3396277652880153,0.3396277652880153
1099,219800,rician,64,4.9277990784118835,8.968850938693903,2.881465499697915,6.098902992414595,,7.656987183093932,200,7.623037407118767,7.623037407118767,7.36718784079697,7.36718784079697,0.255849566321797,0.255849566321797
1100,220000,rician,64,4.6034528621124835,9.002613549519698,3.0978006030692824,5.904812946450411,7.726666278898999,7.726666278898999,200,7.471771585226529,7.471771585226529,7.342276426299552,7.342276426299552,0.12949515892697683,0.12949515892697683
1101,220200,rician,64,6.9654308448795685,8.20583303697965,0.9409387388389474,7.264894298140708,,7.726666278898999,200,7.38341814104645,7.38341814104645,7.3343173042829335,7.3343173042829335,0.0491008367635164,0.0491008367635164
1102,220400,rician,64,7.582936239792146,8.712598541780904,0.8225225646843921,7.890075977096511,,7.726666278898999,200,7.402839561715373,7.402839561715373,7.343325262037235,7.343325262037235,0.05951429967813837,0.05951429967813837
1103,220600,rician,64,5.885495598112548,8.01242363429691,1.5844934175899925,6.427930216706921,,7.726666278898999,200,7.330785110566625,7.330785110566625,7.343399590185543,7.343399590185543,0.01261447961891804,0.01261447961891804
1104,220800,rician,64,7.437115330215464,10.177114869063475,2.2828571752327247,7.894257693830754,,7.726666278898999,200,7.268378306632829,7.268378306632829,7.346399965907852,7.346399965907852,0.07802165927502358,0.07802165927502358
1105,221000,rician,64,6.542064420917753,8.556157152796544,1.6611345691419261,6.895022583654628,,7.726666278898999,200,7.201828723597238,7.201828723597238,7.341061875286571,7.341061875286571,0.13923315168933303,0.13923315168933303
1106,221200,rician,64,6.870055678702189,7.903902940513981,0.682585177038427,7.221317763475551,,7.726666278898999,200,7.227284877099905,7.227284877099905,7.331275913645043,7.331275913645043,0.1039910365451382,0.1039910365451382
1107,221400,rician,64,6.931399949864869,8.79813130296856,1.5508702283496363,7.247261074618917,,7.726666278898999,200,7.156505385352714,7.156505385352714,7.334306209228474,7.334306209228474,0.17780082387576002,0.17780082387576002
1108,221600,rician,64,4.887086439283944,7.695282553276572,0.8819528713253437,6.813329681951225,,7.726666278898999,200,7.176533635934173,7.176533635934173,7.321542895840106,7.321542895840106,0.14500925990593316,0.14500925990593316
1109,221800,rician,64,5.482162884433817,8.374532434973252,2.582153415916851,5.7997792213730595,,7.726666278898999,200,7.079310375062957,7.079310375062957,7.344164812735832,7.344164812735832,0.26485443767287453,0.26485443767287453
1110,222000,rician,64,8.27310904758813,9.113537704962157,0.5041444129697523,8.609393291992403,,7.726666278898999,200,7.174992287577456,7.174992287577456,7.34930370821712,7.34930370821712,0.17431142063966476,0.17431142063966476
1111,222200,rician,64,7.521280743434936,8.690977376355537,0.8528155682509361,7.838161808104612,,7.726666278898999,200,7.232248507982968,7.232248507982968,7.36118821352724,7.36118821352724,0.1289397055442718,0.1289397055442718
1112,222400,rician,64,6.294313228493793,8.339406534522665,1.3334687917232702,7.012671063304386,,7.726666278898999,200,7.221480426379683,7.221480426379683,7.349641216186692,7.349641216186692,0.1281607898070085,0.1281607898070085
1113,222600,rician,64,4.109716364005595,8.72088925875951,4.239174715071366,4.492265310968018,,7.726666278898999,200,7.110219683890766,7.110219683890766,7.310344695561055,7.310344695561055,0.20012501167028862,0.20012501167028862
1114,222800,rician,64,8.630904026893372,9.659145837618226,0.698380716728767,8.96076512088946,,7.726666278898999,200,7.1797773380864225,7.1797773380864225,7.323710162529932,7.323710162529932,0.1439328244435094,0.1439328244435094
1115,223000,rician,64,7.599939743655143,8.947704935650721,0.9604796061385592,7.987225329512165,,7.726666278898999,200,7.1589644379627355,7.1589644379627355,7.330432695925136,7.330432695925136,0.17146825796240073,0.17146825796240073
1116,223200,rician,64,6.519685553906437,7.814430349978132,0.8424175891314165,6.9720127608467175,,7.726666278898999,200,7.104970692329149,7.104970692329149,7.339153288131148,7.339153288131148,0.23418259580199852,0.23418259580199852
1117,223400,rician,64,5.859417189106397,8.687372752031129,2.159196108600742,6.528176643430383,,7.726666278898999,200,7.080177526032078,7.080177526032078,7.327234463590555,7.327234463590555,0.2470569375584768,0.2470569375584768
1118,223600,rician,64,4.589988648350817,8.112417314661602,2.3139315341623106,5.798485780499301,,7.726666278898999,200,6.982837077963038,6.982837077963038,7.297365386652,7.297365386652,0.31452830868896253,0.31452830868896253
1119,223800,rician,64,6.817750707971304,8.185179261242453,1.0071079206209212,7.17807134062153,,7.726666278898999,200,7.036795495373385,7.036795495373385,7.296689926908729,7.296689926908729,0.2598944315353444,0.2598944315353444
1120,224000,rician,64,5.783520110712824,9.263873803746582,3.176632777580047,6.094127681724738,,7.726666278898999,200,7.0462612321371,7.0462612321371,7.300057337234915,7.300057337234915,0.25379610509781525,0.25379610509781525
1121,224200,rician,64,7.554236715592148,8.231245840032756,0.2707680067323692,7.960477833300381,,7.726666278898999,200,7.081040408895083,7.081040408895083,7.312787877140755,7.312787877140755,0.23174746824567194,0.23174746824567194
1122,224400,rician,64,8.070698628364207,9.413412561572306,0.8486408858541847,8.564771675718127,,7.726666278898999,200,7.114775193826165,7.114775193826165,7.343536034907158,7.343536034907158,0.2287608410809936,0.2287608410809936
1123,224600,rician,64,6.2006998378741205,7.550112929166539,0.6929794911923883,6.857133437974156,,7.726666278898999,200,7.136235354889527,7.136235354889527,7.339250473296783,7.339250473296783,0.20301511840725617,0.20301511840725617
1124,224800,rician,64,1.2673628575871148,9.393300939130231,7.357559217436189,2.1919051247613255,,7.726666278898999,200,6.851117726436056,6.851117726436056,7.3089383367286676,7.3089383367286676,0.4578206102926119,0.4578206102926119
1125,225000,rician,64,7.320056080851398,8.826026066218109,1.1903697356736544,7.635656330544459,,7.726666278898999,200,6.888149413780546,6.888149413780546,7.300874656305854,7.300874656305854,0.4127252425253083,0.4127252425253083
1126,225200,rician,64,7.218048805564461,8.280677801902476,0.1753904739661689,8.105287327936304,,7.726666278898999,200,6.932347892003584,6.932347892003584,7.312588640036003,7.312588640036003,0.3802407480324188,0.3802407480324188
1127,225400,rician,64,6.762464206285955,8.296207500206435,1.2156980070830063,7.080509493123431,,7.726666278898999,200,6.924010312928809,6.924010312928809,7.306072288926754,7.306072288926754,0.3820619759979449,0.3820619759979449
1128,225600,rician,64,7.721763507738618,9.814808522815941,1.7878737771555213,8.026934745660428,,7.726666278898999,200,6.98469056611427,6.98469056611427,7.317400373943676,7.317400373943676,0.3327098078294064,0.3327098078294064
1129,225800,rician,64,6.8298717983069,8.45914246528572,1.3091248914481979,7.15001757383752,,7.726666278898999,200,7.052202483737493,7.052202483737493,7.320817792607322,7.320817792607322,0.2686153088698289,0.2686153088698289
1130,226000,rician,64,8.518698361626083,9.147981713580677,0.31772497969449554,8.830256733886177,,7.726666278898999,200,7.063245655832182,7.063245655832182,7.313151426227478,7.313151426227478,0.24990577039529605,0.24990577039529605
1131,226200,rician,64,8.123375777712546,9.114715731519906,0.6709799893733129,8.443735742146593,,7.726666278898999,200,7.0935243525342795,7.0935243525342795,7.314307682145516,7.314307682145516,0.22078332961123692,0.22078332961123692
1132,226400,rician,64,7.280335048664108,8.36652996010417,0.789375948485283,7.57715401161889,,7.726666278898999,200,7.121748499950004,7.121748499950004,7.300925599488165,7.300925599488165,0.17917709953816097,0.17917709953816097
1133,226600,rician,64,7.4601743661658055,8.28505592730943,0.5022631337155505,7.782792793593878,,7.726666278898999,200,7.286274874081298,7.286274874081298,7.303567615204883,7.303567615204883,0.01729274112358503,0.01729274112358503
1134,226800,rician,64,5.91278173181844,7.723879598405887,0.92518728197811,6.798692316427771,,7.726666278898999,200,7.1781712338582135,7.1781712338582135,7.284179043465707,7.284179043465707,0.1060078096074939,0.1060078096074939
1135,227000,rician,64,8.484906463067848,9.17613039808362,0.392093837375904,8.78403656070771,,7.726666278898999,200,7.218011795417991,7.218011795417991,7.299868969460402,7.299868969460402,0.081857174042411,0.081857174042411
1136,227200,rician,64,6.827107538920933,9.705465300656176,2.5817410168358212,7.123724283820353,,7.726666278898999,200,7.225597371566673,7.225597371566673,7.2830308012980165,7.2830308012980165,0.057433429731343466,0.057433429731343466
1137,227400,rician,64,6.525255330083976,7.696745498908434,0.07398900106404444,7.62275649784439,,7.726666278898999,200,7.280326364287374,7.280326364287374,7.297920700908527,7.297920700908527,0.01759433662115306,0.01759433662115306
1138,227600,rician,64,8.083217685822383,9.45979618524641,1.0887574059054013,8.371038779341015,,7.726666278898999,200,7.408954014229458,7.408954014229458,7.299299560760797,7.299299560760797,0.10965445346866076,0.10965445346866076
1139,227800,rician,64,7.791066538034096,9.020300215992764,0.865894793173632,8.154405422819128,,7.726666278898999,200,7.457770718339338,7.457770718339338,7.306256507087193,7.306256507087193,0.15151421125214526,0.15151421125214526
1140,228000,rician,64,7.613272695764169,9.177657515456714,1.2175035038898043,7.960154011566913,,7.726666278898999,200,7.5510720348314475,7.5510720348314475,7.310081180387484,7.310081180387484,0.24099085444396362,0.24099085444396362
1141,228200,rician,64,6.989644952069146,8.628395603564222,0.41809250145863086,8.210303102105591,,7.726666278898999,200,7.563563298271708,7.563563298271708,7.324233766801666,7.324233766801666,0.23932953147004188,0.23932953147004188
1142,228400,rician,64,8.526702986926258,8.944027229803941,0.02373848041484746,8.920288749389087,,7.726666278898999,200,7.581339151955257,7.581339151955257,7.346625124542627,7.346625124542627,0.2347140274126298,0.2347140274126298
1143,228600,rician,64,7.707664315111365,8.533044914430352,0.0864050493755024,8.44663986505486,,7.726666278898999,200,7.660814473309292,7.660814473309292,7.357435095287817,7.357435095287817,0.3033793780214751,0.3033793780214751
1144,228800,rician,64,7.236771666993963,8.4248221705122,0.22676714027179634,8.198055030240418,,7.726666278898999,200,7.961121968583245,7.961121968583245,7.359084136823328,7.359084136823328,0.6020378317599171,0.6020378317599171
1145,229000,rician,64,5.8077304161643655,8.633454158956642,1.8922115183604975,6.741242640596143,,7.726666278898999,200,7.916401284085831,7.916401284085831,7.351382309150309,7.351382309150309,0.5650189749355219,0.5650189749355219
1146,229200,rician,64,8.187096093004781,9.316502909799587,0.7118560987615181,8.604646811038071,,7.726666278898999,200,7.941369258240918,7.941369258240918,7.398974645428119,7.398974645428119,0.5423946128127994,0.5423946128127994
1147,229400,rician,64,9.939849330545986,10.36569231281931,0.09354009369029756,10.272152219129019,,7.726666278898999,200,8.100951394541198,8.100951394541198,7.429586577792385,7.429586577792385,0.6713648167488131,0.6713648167488131
1148,229600,rician,64,6.765584358530037,7.706507163234872,0.06208175856439948,7.64442540467047,,7.726666278898999,200,8.0818259274917,8.0818259274917,7.426772454818924,7.426772454818924,0.6550534726727761,0.6550534726727761
1149,229800,rician,64,7.115845735109324,9.055948181073164,1.5713513976240747,7.484596783449079,,7.726666278898999,200,8.098554887972279,8.098554887972279,7.432433996051792,7.432433996051792,0.6661208919204871,0.6661208919204871
1150,230000,rician,64,8.518311254234833,9.705081342990738,0.9012771963807082,8.803804146610023,7.035752341608076,7.035752341608076,200,8.097232258608472,8.097232258608472,7.447100546998672,7.447100546998672,0.6501317116097995,0.6501317116097995
1151,230200,rician,64,7.208618423448157,8.442549963242328,0.5321345664536484,7.910415396788677,,7.035752341608076,200,8.070566241340574,8.070566241340574,7.450969569687436,7.450969569687436,0.619596671653138,0.619596671653138
1152,230400,rician,64,5.247312093559171,8.510523868588827,2.1519388604550365,6.35858500813379,,7.035752341608076,200,8.00963779116632,8.00963779116632,7.450624342489387,7.450624342489387,0.5590134486769323,0.5590134486769323
1153,230600,rician,64,8.402578799381159,9.209795994012136,0.5118722048799749,8.697923789132163,,7.035752341608076,200,8.055394340943234,8.055394340943234,7.46284928889029,7.46284928889029,0.5925450520529445,0.5925450520529445
1154,230800,rician,64,6.665702570511326,7.9218740530708756,0.4794373030775335,7.442436749993342,,7.035752341608076,200,8.087581562621512,8.087581562621512,7.463692673926513,7.463692673926513,0.6238888886949994,0.6238888886949994
1155,231000,rician,64,5.721651933422103,7.812124351868455,0.8699445273603056,6.942179824508149,,7.035752341608076,200,7.9954887258115335,7.9954887258115335,7.4543959677175735,7.4543959677175735,0.54109275809396,0.54109275809396
1156,231200,rician,64,6.324966997078698,7.856423889675137,0.943726883196026,6.912697006479107,,7.035752341608076,200,7.984937361944472,7.984937361944472,7.445241551774192,7.445241551774192,0.5396958101702802,0.5396958101702802
1157,231400,rician,64,6.866276758767275,8.465226151593296,0.9303787587011243,7.5348473928921775,,7.035752341608076,200,7.9805419066968595,7.9805419066968595,7.434442569493833,7.434442569493833,0.5460993372030263,0.5460993372030263
1158,231600,rician,64,7.834408750232443,8.880149831034018,0.7616600124255707,8.118489818608449,,7.035752341608076,200,7.967914458660234,7.967914458660234,7.440572874407169,7.440572874407169,0.5273415842530644,0.5273415842530644
1159,231800,rician,64,7.516014216010457,8.748516948719615,0.7853137560797596,7.9632031926398525,,7.035752341608076,200,7.9583543471512685,7.9583543471512685,7.441008547068101,7.441008547068101,0.5173458000831674,0.5173458000831674
1160,232000,rician,64,8.714954811809598,9.768155083323743,0.7552013185836297,9.012953764740107,,7.035752341608076,200,8.01099433480993,8.01099433480993,7.4555573893708,7.4555573893708,0.555436945439129,0.555436945439129
1161,232200,rician,64,7.525678781144051,8.362417812274565,0.5473322770835614,7.815085535191,,7.035752341608076,200,7.991233456464198,7.991233456464198,7.507332378464474,7.507332378464474,0.48390107799972437,0.48390107799972437
1162,232400,rician,64,8.124992000378862,8.767734444371502,0.178959099180554,8.58877534519094,,7.035752341608076,200,7.974657786254293,7.974657786254293,7.513445309851423,7.513445309851423,0.46121247640287066,0.46121247640287066
1163,232600,rician,64,7.321046583409909,8.694104006525318,0.9835801199451222,7.710523886580191,,7.035752341608076,200,7.937851987330561,7.937851987330561,7.512834968438894,7.512834968438894,0.42501701889166643,0.42501701889166643
1164,232800,rician,64,7.913523156886917,8.798315078706713,0.2382520352439086,8.560063043462806,,7.035752341608076,200,7.95595238799168,7.95595238799168,7.544055912174381,7.544055912174381,0.41189647581729893,0.41189647581729893
1165,233000,rician,64,5.756305208749866,8.24048674483521,2.1600455319396463,6.0869608641484545,,7.035752341608076,200,7.923238299169294,7.923238299169294,7.518537585081816,7.518537585081816,0.4047007140874781,0.4047007140874781
1166,233200,rician,64,7.197526658944992,8.010244971663917,0.49631381408346625,7.513931157580453,,7.035752341608076,200,7.868702516496413,7.868702516496413,7.513990992232919,7.513990992232919,0.35471152426349395,0.35471152426349395
1167,233400,rician,64,6.834936320804377,9.453593167885607,2.3341453138837087,7.122482721328177,,7.035752341608076,200,7.7112190416063715,7.7112190416063715,7.50867368176418,7.50867368176418,0.20254535984219135,0.20254535984219135
1168,233600,rician,64,7.109193574305777,8.108987158089635,0.541470068364405,7.56751708972523,,7.035752341608076,200,7.70737362585911,7.70737362585911,7.512909045023738,7.512909045023738,0.19446458083537177,0.19446458083537177
1169,233800,rician,64,6.934659243789987,8.568884011345471,1.3302570768273039,7.239816520165687,,7.035752341608076,200,7.695134612694939,7.695134612694939,7.51051724604774,7.51051724604774,0.18461736664719908,0.18461736664719908
1170,234000,rician,64,6.596447442789394,8.77263178128205,1.2603830796137756,7.512248701668277,,7.035752341608076,200,7.630556840447852,7.630556840447852,7.510530907856508,7.510530907856508,0.12002593259134375,0.12002593259134375
1171,234200,rician,64,5.748096324710572,8.253988090812472,0.8712587648056912,7.382729326006781,,7.035752341608076,200,7.604172536908756,7.604172536908756,7.50896299001243,7.50896299001243,0.0952095468963261,0.0952095468963261
1172,234400,rician,64,5.005048204915532,8.277725586301223,2.711725426836985,5.589250654023736,,7.035752341608076,200,7.565705819203254,7.565705819203254,7.49226012394387,7.49226012394387,0.07344569525938383,0.07344569525938383
1173,234600,rician,64,6.655173752806154,8.37193559359276,1.4140599180667253,6.961967290517646,,7.035752341608076,200,7.478907994272528,7.478907994272528,7.561734206189576,7.561734206189576,0.0828262119170482,0.0828262119170482
1174,234800,rician,64,6.713192939803225,8.910285164211961,1.871116665132012,7.05444822665392,,7.035752341608076,200,7.459508568105557,7.459508568105557,7.541593836072286,7.541593836072286,0.08208526796672899,0.08208526796672899
1175,235000,rician,64,6.031748153214694,9.08788753265834,2.6497558729942616,6.438131659664073,,7.035752341608076,200,7.434306159863352,7.434306159863352,7.52143996931613,7.52143996931613,0.08713380945277738,0.08713380945277738
1176,235200,rician,64,7.375103258567138,9.359458346187912,1.6707206094180298,7.6887377367698715,,7.035752341608076,200,7.473108196377891,7.473108196377891,7.502371268551152,7.502371268551152,0.029263072173261406,0.029263072173261406
1177,235400,rician,64,6.801715070290914,8.410121133109863,1.2947308339150376,7.115390299194829,,7.035752341608076,200,7.4521353416930225,7.4521353416930225,7.492528890438779,7.492528890438779,0.04039354874575629,0.04039354874575629
1178,235600,rician,64,8.33255879780224,9.739544193900336,1.1033991486786685,8.636145045221673,,7.035752341608076,200,7.478018103023683,7.478018103023683,7.509301013823428,7.509301013823428,0.03128291079974499,0.03128291079974499
1179,235800,rician,64,4.103234222578031,8.927069376964175,3.997498157299331,4.929571219664847,,7.035752341608076,200,7.326336504374934,7.326336504374934,7.480458894471538,7.480458894471538,0.154122390096604,0.154122390096604
1180,236000,rician,64,4.783079001210984,7.57805945628136,1.1543061965183843,6.426106511054224,,7.035752341608076,200,7.196994141690641,7.196994141690641,7.455418665739128,7.455418665739128,0.25842452404848704,0.25842452404848704
1181,236200,rician,64,8.46370637786583,9.343148367640197,0.5247167443882647,8.81843162325193,,7.035752341608076,200,7.2471614460936875,7.2471614460936875,7.453283350154225,7.453283350154225,0.2061219040605371,0.2061219040605371
1182,236400,rician,64,7.920496805421876,9.403266819711394,1.0743660838740727,8.328900735837319,,7.035752341608076,200,7.234167715626006,7.234167715626006,7.461555881875419,7.461555881875419,0.22738816624941283,0.22738816624941283
1183,236600,rician,64,6.483601868265729,8.681883279165163,1.8585670406254469,6.823316238539714,,7.035752341608076,200,7.189807333223984,7.189807333223984,7.451098851863996,7.451098851863996,0.26129151864001265,0.26129151864001265
1184,236800,rician,64,7.717097742661898,9.488712599500754,1.4329941680916114,8.055718431409145,,7.035752341608076,200,7.164590102621299,7.164590102621299,7.440232098453022,7.440232098453022,0.2756419958317231,0.2756419958317231
1185,237000,rician,64,7.168644414455289,7.980657382161596,0.17126518944397717,7.809392192717614,,7.035752341608076,200,7.250711669049757,7.250711669049757,7.4360658779365325,7.4360658779365325,0.18535420888677567,0.18535420888677567
1186,237200,rician,64,7.369651780670499,8.358553070342142,0.6494698448416759,7.719632431452462,,7.035752341608076,200,7.260996732743356,7.260996732743356,7.446140255316835,7.446140255316835,0.18514352257347877,0.18514352257347877
1187,237400,rician,64,7.825521249000797,8.313068594859224,0.12408184004403278,8.188986754815195,,7.035752341608076,200,7.31432193441771,7.31432193441771,7.4414016137693615,7.4414016137693615,0.12707967935165154,0.12707967935165154
1188,237600,rician,64,8.5102705229586,9.656882101456912,0.7873245242470525,8.869557577209866,,7.035752341608076,200,7.379423958791941,7.379423958791941,7.4659695428382395,7.4659695428382395,0.08654558404629853,0.08654558404629853
1189,237800,rician,64,8.063311459234804,8.464055896215509,0.04480149932299461,8.419254396892512,,7.035752341608076,200,7.4383958526282825,7.4383958526282825,7.47271964241919,7.47271964241919,0.03432378979090789,0.03432378979090789
1190,238000,rician,64,6.987896089759599,7.712228065879345,0.3021987692353495,7.41002929664399,,7.035752341608076,200,7.433284882377068,7.433284882377068,7.479862384968605,7.479862384968605,0.04657750259153737,0.04657750259153737
1191,238200,rician,64,6.807184065548268,7.701316824847954,0.5094693820312078,7.191847442816738,,7.035752341608076,200,7.423740788217565,7.423740788217565,7.484850485396829,7.484850485396829,0.06110969717926462,0.06110969717926462
1192,238400,rician,64,7.916811631669847,8.908032667902502,0.5939732649222365,8.314059402980263,,7.035752341608076,200,7.559981225665392,7.559981225665392,7.49571075247293,7.49571075247293,0.06427047319246171,0.06427047319246171
1193,238600,rician,64,7.495889093338043,8.45949888500202,0.20627715476998743,8.253221730232031,,7.035752341608076,200,7.6245439476511105,7.6245439476511105,7.511068168167786,7.511068168167786,0.11347577948332432,0.11347577948332432
1194,238800,rician,64,6.877182671231104,7.767663062755857,0.46215785010957205,7.305505212646288,,7.035752341608076,200,7.637096796950731,7.637096796950731,7.508427099924487,7.508427099924487,0.1286696970262442,0.1286696970262442
1195,239000,rician,64,7.989864975890421,9.399783808362656,0.8125337877720389,8.587250020590618,,7.035752341608076,200,7.7445527149970586,7.7445527149970586,7.510264766810535,7.510264766810535,0.2342879481865232,0.2342879481865232
1196,239200,rician,64,6.820830781794594,8.57697223434167,1.3736728236965146,7.203299410645156,,7.035752341608076,200,7.720280798690821,7.720280798690821,7.501778884181801,7.501778884181801,0.21850191450901946,0.21850191450901946
1197,239400,rician,64,3.695497814474761,7.659644741550909,1.951936821251942,5.707707920298973,,7.035752341608076,200,7.649896679746028,7.649896679746028,7.488615563691073,7.488615563691073,0.16128111605495565,0.16128111605495565
1198,239600,rician,64,5.978176993122656,9.400494228432352,3.051318518466405,6.34917570996595,,7.035752341608076,200,7.535548212983242,7.535548212983242,7.474654373371931,7.474654373371931,0.06089383961131123,0.06089383961131123
1199,239800,rician,64,5.894363840620356,7.884273056616703,0.8888312904866307,7.000044084333033,,7.035752341608076,200,7.639071856216651,7.639071856216651,7.483665784291116,7.483665784291116,0.15540607192553502,0.15540607192553502
1200,240000,rician,64,6.12155676819194,7.741762046934331,0.2793296218464801,7.4624324250878535,7.7841748713723815,7.7841748713723815,200,7.690888151918334,7.690888151918334,7.499241979077489,7.499241979077489,0.19164617284084517,0.19164617284084517
1201,240200,rician,64,3.617925991464779,8.210474390960627,3.5956924645390123,4.630156406795435,,7.7841748713723815,200,7.481474391095508,7.481474391095508,7.472894600164037,7.472894600164037,0.008579790931471543,0.008579790931471543
1202,240400,rician,64,6.038970995059517,9.146793588413892,2.639426396611391,6.507367191802506,,7.7841748713723815,200,7.390397713893767,7.390397713893767,7.459067512311097,7.459067512311097,0.06866979841732945,0.06866979841732945
1203,240600,rician,64,8.131691151294252,9.183491744131333,0.6875412487761193,8.495950495355212,,7.7841748713723815,200,7.474029426734541,7.474029426734541,7.479747715097579,7.479747715097579,0.005718288363038226,0.005718288363038226
1204,240800,rician,64,6.182535710718648,8.4765072601376,1.3290817971064532,7.147425463031151,,7.7841748713723815,200,7.428614778315641,7.428614778315641,7.472279392789584,7.472279392789584,0.04366461447394343,0.04366461447394343
1205,241000,rician,64,6.298830786034626,8.029591308641043,0.6584034518400342,7.371187856801003,,7.7841748713723815,200,7.4067045615198115,7.4067045615198115,7.477041045521048,7.477041045521048,0.0703364840012366,0.0703364840012366
1206,241200,rician,64,7.258736988637615,8.047707487835364,0.3846753805055668,7.663032107329795,,7.7841748713723815,200,7.40387454531368,7.40387454531368,7.48145818895959,7.48145818895959,0.07758364364591053,0.07758364364591053
1207,241400,rician,64,6.291068650667068,7.887548214295835,0.3877323885363257,7.499815825759511,,7.7841748713723815,200,7.3694159988608945,7.3694159988608945,7.483983736470995,7.483983736470995,0.1145677376101002,0.1145677376101002
1208,241600,rician,64,6.312469396995566,8.128336135675337,0.8232628912376098,7.30507324443773,,7.7841748713723815,200,7.2911917822222865,7.2911917822222865,7.48890117209586,7.48890117209586,0.19770938987357312,0.19770938987357312
1209,241800,rician,64,7.8293816850351154,8.477181635866339,0.23726455735443336,8.239917078511901,,7.7841748713723815,200,7.282224916303255,7.282224916303255,7.513302550667248,7.513302550667248,0.2310776343639933,0.2310776343639933
1210,242000,rician,64,6.987275640596315,8.99610383668077,0.8795400824805646,8.116563754200206,,7.7841748713723815,200,7.317551639181067,7.317551639181067,7.5083742552893264,7.5083742552893264,0.19082261610825935,0.19082261610825935
1211,242200,rician,64,6.169656581482535,7.928180244813673,0.43821700494024396,7.489963239873431,,7.7841748713723815,200,7.332457429033903,7.332457429033903,7.504892269607016,7.504892269607016,0.17243484057311242,0.17243484057311242
1212,242400,rician,64,8.086480612455665,9.613099160196294,1.1664983389168007,8.446600821279501,,7.7841748713723815,200,7.339084499948863,7.339084499948863,7.519231567186766,7.519231567186766,0.18014706723790308,0.18014706723790308
1213,242600,rician,64,7.509109179622544,9.133621432053637,0.1289023549791382,9.004719077074492,,7.7841748713723815,200,7.376659367290988,7.376659367290988,7.564356104847831,7.564356104847831,0.18769673755684302,0.18769673755684302
1214,242800,rician,64,7.061612483267836,8.332834151788516,0.9087890317304953,7.424045120058023,,7.7841748713723815,200,7.382586362661574,7.382586362661574,7.548988904839516,7.548988904839516,0.16640254217794137,0.16640254217794137
1215,243000,rician,64,8.118562994916083,9.13531837377312,0.6556576491343266,8.479660724638794,,7.7841748713723815,200,7.377206897863983,7.377206897863983,7.553913258790784,7.553913258790784,0.1767063609268007,0.1767063609268007
1216,243200,rician,64,6.88648519189706,8.175566811802584,0.06417747259012992,8.111389339212451,,7.7841748713723815,200,7.422611394292348,7.422611394292348,7.56530702457444,7.56530702457444,0.1426956302820921,0.1426956302820921
1217,243400,rician,64,7.931088345028822,8.494494570309023,0.09190864488694123,8.402585925422082,,7.7841748713723815,200,7.557355294548503,7.557355294548503,7.584051117394358,7.584051117394358,0.0266958228458547,0.0266958228458547
1218,243600,rician,64,6.786431779012648,8.205943689868905,0.4505468499764126,7.755396839892499,,7.7841748713723815,200,7.62766635104483,7.62766635104483,7.60362022798829,7.60362022798829,0.024046123056540303,0.024046123056540303
1219,243800,rician,64,7.857737961428186,8.67440480389396,0.43905069203192976,8.235354111862028,,7.7841748713723815,200,7.689431852421281,7.689431852421281,7.614193055700695,7.614193055700695,0.07523879672058609,0.07523879672058609
1220,244000,rician,64,7.536311132377056,8.792041687537024,0.6416129738283541,8.155385011567406,,7.7841748713723815,200,7.7240794817452585,7.7240794817452585,7.634805628999121,7.634805628999121,0.0892738527461372,0.0892738527461372
1221,244200,rician,64,8.401031894929412,9.193702808557019,0.40755365711677105,8.786149151440252,,7.7841748713723815,200,7.931879118977498,7.931879118977498,7.643062342180519,7.643062342180519,0.28881677679697937,0.28881677679697937
1222,244400,rician,64,6.938915497345197,8.19937817799492,0.8163357280966095,7.383042449898308,,7.7841748713723815,200,7.975662881882288,7.975662881882288,7.631245049922322,7.631245049922322,0.3444178319599658,0.3444178319599658
1223,244600,rician,64,7.372819464864082,8.231490936932147,0.494913786105557,7.736577150826589,,7.7841748713723815,200,7.937694214655856,7.937694214655856,7.640039487050847,7.640039487050847,0.29765472760500966,0.29765472760500966
1224,244800,rician,64,5.514917410293534,8.083971193951589,2.0160399364631596,6.06793125748843,,7.7841748713723815,200,7.88371950437872,7.88371950437872,7.678799748378118,7.678799748378118,0.20491975600060197,0.20491975600060197
1225,245000,rician,64,5.455822481839135,8.252985772792472,2.4055242413183198,5.850935551979095,,7.7841748713723815,200,7.807706889137625,7.807706889137625,7.660952540592464,7.660952540592464,0.14675434854516123,0.14675434854516123
1226,245200,rician,64,8.688205925428733,9.535374857516874,0.4812716596150081,9.05410319790186,,7.7841748713723815,200,7.877260443666228,7.877260443666228,7.67044069929212,7.67044069929212,0.20681974437410755,0.20681974437410755
1227,245400,rician,64,5.270680439302789,7.3891416424821355,0.44704958146951324,6.942092061012628,,7.7841748713723815,200,7.849374255428886,7.849374255428886,7.669056524971012,7.669056524971012,0.18031773045787425,0.18031773045787425
1228,245600,rician,64,7.19101453709668,7.975141899400892,0.3871597125764731,7.587982186824418,,7.7841748713723815,200,7.86351970254822,7.86351970254822,7.664666999382653,7.664666999382653,0.19885270316556714,0.19885270316556714
1229,245800,rician,64,4.674983560295371,9.08198348986799,3.711370844333689,5.370612645534296,,7.7841748713723815,200,7.720054480899338,7.720054480899338,7.6468729500996195,7.6468729500996195,0.07318153079971879,0.07318153079971879
1230,246000,rician,64,7.884578280749157,8.808855003389638,0.22090432296003717,8.587950680429602,,7.7841748713723815,200,7.743623827210809,7.743623827210809,7.644449889565052,7.644449889565052,0.099173937645757,0.099173937645757
1231,246200,rician,64,6.420286664842061,7.890116169506368,0.8270594790430997,7.063056690463277,,7.7841748713723815,200,7.722278499740301,7.722278499740301,7.63064309904822,7.63064309904822,0.09163540069208054,0.09163540069208054
1232,246400,rician,64,5.335931761460867,8.085516026898265,1.6265570326023313,6.4589589942959345,,7.7841748713723815,200,7.622896408391123,7.622896408391123,7.61946114887499,7.61946114887499,0.0034352595161326605,0.0034352595161326605
1233,246600,rician,64,7.692968481528591,8.595760441510295,0.4955846863414138,8.107362042010621,,7.7841748713723815,200,7.578028556637929,7.578028556637929,7.622706841359158,7.622706841359158,0.044678284721229033,0.044678284721229033
1234,246800,rician,64,8.34924676373156,9.432228764973178,0.5526816295554027,8.879547135417774,,7.7841748713723815,200,7.650803657405918,7.650803657405918,7.643515389549058,7.643515389549058,0.007288267856860209,0.007288267856860209
1235,247000,rician,64,2.435005815649075,8.580192387321148,5.154403075545868,3.453428775551087,,7.7841748713723815,200,7.399492059951532,7.399492059951532,7.590209311697492,7.590209311697492,0.19071725174595944,0.19071725174595944
1236,247200,rician,64,4.714938923042746,8.559877376468451,2.3525565123583547,6.2073208641100965,,7.7841748713723815,200,7.304288636196415,7.304288636196415,7.5810452775003885,7.5810452775003885,0.27675664130397326,0.27675664130397326
1237,247400,rician,64,5.31787313958822,7.486526230469,0.3738516294768766,7.112674600992118,,7.7841748713723815,200,7.239793069974915,7.239793069974915,7.575944458531866,7.575944458531866,0.33615138855695026,0.33615138855695026
1238,247600,rician,64,6.830547668693308,9.185598117592383,1.8559126496697624,7.329685467922617,,7.7841748713723815,200,7.218507501376422,7.218507501376422,7.565530925417684,7.565530925417684,0.34702342404126174,0.34702342404126174
1239,247800,rician,64,7.489366848783196,8.308757788523886,0.3713854170756588,7.937372371448216,,7.7841748713723815,200,7.203608414355732,7.203608414355732,7.563360594903974,7.563360594903974,0.35975218054824243,0.35975218054824243
1240,248000,rician,64,7.9889885793189785,9.375783212201913,0.9072688124755489,8.46851439972636,,7.7841748713723815,200,7.219264883763678,7.219264883763678,7.568444198785569,7.568444198785569,0.3491793150218907,0.3491793150218907
1241,248200,rician,64,7.3738994816920425,8.456705532278553,0.4972589049145396,7.959446627364009,,7.7841748713723815,200,7.177929757559866,7.177929757559866,7.565935634038152,7.565935634038152,0.3880058764782861,0.3880058764782861
1242,248400,rician,64,7.477157524116787,8.625739982832092,0.758947221228011,7.866792761604073,,7.7841748713723815,200,7.202117273145154,7.202117273145154,7.5554006741603015,7.5554006741603015,0.35328340101514755,0.35328340101514755
1243,248600,rician,64,8.049901406248983,8.773687644601853,0.3389732337926403,8.434714410809216,,7.7841748713723815,200,7.237024136144287,7.237024136144287,7.555281419617846,7.555281419617846,0.3182572834735593,0.3182572834735593
1244,248800,rician,64,6.6194465194481715,8.724104540153087,1.5451452916740385,7.178959248479055,,7.7841748713723815,200,7.2925755356938184,7.2925755356938184,7.545090461800232,7.545090461800232,0.25251492610641346,0.25251492610641346
1245,249000,rician,64,6.453831763958147,8.213718058444467,1.1677258944073106,7.0478590280928275,,7.7841748713723815,200,7.352421709499505,7.352421709499505,7.5481566256751975,7.5481566256751975,0.1957349161756925,0.1957349161756925
1246,249200,rician,64,5.183671593481453,7.51805099633105,1.2300835896553726,6.28796740667568,,7.7841748713723815,200,7.214114919938195,7.214114919938195,7.524989831631574,7.524989831631574,0.31087491169337866,0.31087491169337866
1247,249400,rician,64,7.589323595567707,8.71982393189404,0.7358251692158416,7.983998762678195,,7.7841748713723815,200,7.266210255021474,7.266210255021474,7.502108297067067,7.502108297067067,0.2358980420455925,0.2358980420455925
1248,249600,rician,64,7.161552829172349,8.791541777123765,1.2028545331980027,7.588687243925769,,7.7841748713723815,200,7.266245507876542,7.266245507876542,7.501550915459619,7.501550915459619,0.23530540758307694,0.23530540758307694
1249,249800,rician,64,4.970989602885017,7.983665761411109,1.122339473767425,6.861326287643683,,7.7841748713723815,200,7.34078118998201,7.34078118998201,7.495318210501565,7.495318210501565,0.15453702051955442,0.15453702051955442
1250,250000,rician,64,5.631726391490195,7.765798568588001,0.9231720268759247,6.842626541712073,7.744157001784022,7.744157001784022,200,7.253514983046133,7.253514983046133,7.4757064344525865,7.4757064344525865,0.22219145140645313,0.22219145140645313
1251,250200,rician,64,7.399083652287333,8.736943841149325,0.8456257262404951,7.891318114908819,,7.744157001784022,200,7.294928054268411,7.294928054268411,7.475515461633787,7.475515461633787,0.18058740736537615,0.18058740736537615
1252,250400,rician,64,7.469927033152289,10.313068042750674,1.4796424599223714,8.833425582828301,,7.744157001784022,200,7.41365138369503,7.41365138369503,7.500263867380733,7.500263867380733,0.08661248368570273,0.08661248368570273
1253,250600,rician,64,6.0936805569152765,8.4609164012323,1.4438186749407087,7.017097726291592,,7.744157001784022,200,7.359138167909078,7.359138167909078,7.483455606752329,7.483455606752329,0.1243174388432502,0.1243174388432502
1254,250800,rician,64,6.9389431374346024,9.18595882551857,1.3650624963935256,7.820896329125044,,7.744157001784022,200,7.306205627594442,7.306205627594442,7.487240202543644,7.487240202543644,0.1810345749492024,0.1810345749492024
1255,251000,rician,64,6.667366886914821,7.866836476331863,0.82008965398878,7.0467468223430885,,7.744157001784022,200,7.485871529934042,7.485871529934042,7.488285872521994,7.488285872521994,0.002414342587951701,0.002414342587951701
1256,251200,rician,64,7.070768338473614,8.846386875905155,1.4731386697751758,7.373248206129971,,7.744157001784022,200,7.544167897035035,7.544167897035035,7.492891384518502,7.492891384518502,0.051276512516533757,0.051276512516533757
1257,251400,rician,64,6.046118261788584,8.957333663226361,1.9576328278649622,7.003780277549348,,7.744157001784022,200,7.538723180862897,7.538723180862897,7.487580713365073,7.487580713365073,0.05114246749782403,0.05114246749782403
1258,251600,rician,64,5.270781394027917,8.668456023086536,2.1641293077757195,6.504326715310823,,7.744157001784022,200,7.497455243232307,7.497455243232307,7.471439082332097,7.471439082332097,0.02601616090020986,0.02601616090020986
1259,251800,rician,64,6.196255861852942,8.747184527038506,1.2312261760089809,7.5289217337426875,,7.744157001784022,200,7.4770327113470305,7.4770327113470305,7.467096267743126,7.467096267743126,0.009936443603904443,0.009936443603904443
1260,252000,rician,64,5.841926277149831,8.439555687854462,1.4168022109164176,7.0227534769380435,,7.744157001784022,200,7.404744665207616,7.404744665207616,7.447194264865106,7.447194264865106,0.04244959965749029,0.04244959965749029
1261,252200,rician,64,6.546111961035503,8.181692585067056,1.264560029873468,6.917132555193584,,7.744157001784022,200,7.352628961599093,7.352628961599093,7.438214735065132,7.438214735065132,0.0855857734660388,0.0855857734660388
1262,252400,rician,64,4.856673066038615,7.860627340323176,2.6122163826988327,5.2509728587346896,,7.744157001784022,200,7.221837966455624,7.221837966455624,7.404836710200569,7.404836710200569,0.18299874374494518,0.18299874374494518
1263,252600,rician,64,7.944665229185471,9.538659484840261,0.7917143961158578,8.746945088724393,,7.744157001784022,200,7.237449500351384,7.237449500351384,7.415200922222011,7.415200922222011,0.1777514218706271,0.1777514218706271
1264,252800,rician,64,9.033334942850717,9.871207815684599,0.43200364156485044,9.439204174119748,,7.744157001784022,200,7.350461746633418,7.350461746633418,7.42399233352858,7.42399233352858,0.07353058689516168,0.07353058689516168
1265,253000,rician,64,5.557281403735569,8.141110724696905,2.0427070770992954,6.114703645088034,,7.744157001784022,200,7.303803977483179,7.303803977483179,7.4242697613379764,7.4242697613379764,0.12046578385479734,0.12046578385479734
1266,253200,rician,64,1.7114808058486013,8.88442767892852,6.4896556069286095,2.5113389886589275,,7.744157001784022,200,7.114972556582342,7.114972556582342,7.37424383964876,7.37424383964876,0.25927128306641833,0.25927128306641833
1267,253400,rician,64,7.826366085655038,10.434831735391395,2.1387499620079202,8.296081773383468,,7.744157001784022,200,7.130576707117605,7.130576707117605,7.385979830169314,7.385979830169314,0.25540312305170865,0.25540312305170865
1268,253600,rician,64,8.462415876634248,8.993540836960404,0.19399836753757246,8.799542469422832,,7.744157001784022,200,7.191119468392458,7.191119468392458,7.39830008396629,7.39830008396629,0.20718061557383205,0.20718061557383205
1269,253800,rician,64,6.420194691453472,7.934974081520459,0.7546713635128522,7.180302718007614,,7.744157001784022,200,7.207068289910654,7.207068289910654,7.397704945944708,7.397704945944708,0.19063665603405422,0.19063665603405422
1270,254000,rician,64,6.9245915607845685,8.38668629163413,1.0446579466420596,7.342028344992072,,7.744157001784022,200,7.232038380074653,7.232038380074653,7.396002742377946,7.396002742377946,0.16396436230329314,0.16396436230329314
1271,254200,rician,64,6.967640990649894,8.907554703960596,0.8409128798769853,8.066641824083609,,7.744157001784022,200,7.240804565533392,7.240804565533392,7.402841867358716,7.402841867358716,0.1620373018253236,0.1620373018253236
1272,254400,rician,64,7.7708555184544945,8.313350268172881,0.20441535322248847,8.108934914950392,,7.744157001784022,200,7.204580032139498,7.204580032139498,7.428038709967981,7.428038709967981,0.22345867782848305,0.22345867782848305
1273,254600,rician,64,7.093168456779698,8.045591432568793,0.5979798213000942,7.44761161126869,,7.744157001784022,200,7.226105726388353,7.226105726388353,7.432895153175492,7.432895153175492,0.20678942678713952,0.20678942678713952
1274,254800,rician,64,4.723143664309627,8.401630276638091,3.3526364605591854,5.048993816078909,,7.744157001784022,200,7.087510600736046,7.087510600736046,7.412840609069742,7.412840609069742,0.3253300083336965,0.3253300083336965
1275,255000,rician,64,7.1054814755383156,8.182308368517969,0.5909462413000747,7.591362127217897,,7.744157001784022,200,7.1147413659797865,7.1147413659797865,7.42437291374528,7.42437291374528,0.30963154776549384,0.30963154776549384
1276,255200,rician,64,7.02953663903958,8.54446857690007,0.5785104170897515,7.965958159810316,,7.744157001784022,200,7.144376863663804,7.144376863663804,7.427145117975683,7.427145117975683,0.282768254311879,0.282768254311879
1277,255400,rician,64,5.828594204517037,8.344515208018937,1.5322454584756728,6.819269275053314,,7.744157001784022,200,7.135151313539001,7.135151313539001,7.424183907734268,7.424183907734268,0.28903259419526783,0.28903259419526783
1278,255600,rician,64,6.567233204512526,7.48260424094438,0.48004304545151594,7.002561195492859,,7.744157001784022,200,7.160063037548103,7.160063037548103,7.407848069236979,7.407848069236979,0.2477850316888759,0.2477850316888759
1279,255800,rician,64,4.828135709545038,8.136619798413765,2.336925199328323,5.809656742288988,,7.744157001784022,200,7.074099787975419,7.074099787975419,7.416648924463221,7.416648924463221,0.3425491364878024,0.3425491364878024
1280,256000,rician,64,8.546635258233621,9.15254135370113,0.30555751855928326,8.846983835141849,,7.744157001784022,200,7.165311305885609,7.165311305885609,7.440857697704099,7.440857697704099,0.27554639181848994,0.27554639181848994
1281,256200,rician,64,8.123425043707169,8.818566693176466,0.0471581315963577,8.771408561580106,,7.744157001784022,200,7.2580251062049355,7.2580251062049355,7.44038746708738,7.44038746708738,0.18236236088244429,0.18236236088244429
1282,256400,rician,64,5.384697563381513,7.855732796685791,1.9320570655476086,5.939422134545253,,7.744157001784022,200,7.2924475699954625,7.2924475699954625,7.416492681074459,7.416492681074459,0.1240451110789964,0.1240451110789964
1283,256600,rician,64,5.980336931102533,8.639220893886934,0.7910566610394231,7.848164232847514,,7.744157001784022,200,7.24750852720162,7.24750852720162,7.426741161017536,7.426741161017536,0.17923263381591603,0.17923263381591603
1284,256800,rician,64,6.568382937450245,8.414937623229996,1.511712920545279,6.903224702684715,,7.744157001784022,200,7.120709553629868,7.120709553629868,7.415216223730292,7.415216223730292,0.2945066701004242,0.2945066701004242
1285,257000,rician,64,3.4133659198041038,8.4737343531637,4.707496390990789,3.770777146804899,,7.744157001784022,200,7.003513228715713,7.003513228715713,7.374830073271165,7.374830073271165,0.37131684455545244,0.37131684455545244
1286,257200,rician,64,7.606711557054877,8.663272263237875,0.7214346099605797,7.9418376532772985,,7.744157001784022,200,7.27503816194663,7.27503816194663,7.377052125489414,7.377052125489414,0.10201396354278458,0.10201396354278458
1287,257400,rician,64,6.30480024605261,8.217074328509723,1.5886592842335117,6.6284150442762,,7.744157001784022,200,7.191654825491267,7.191654825491267,7.361446408384024,7.361446408384024,0.1697915828927572,0.1697915828927572
1288,257600,rician,64,3.496603927646686,9.046897366631972,4.82672795090879,4.235007881328628,,7.744157001784022,200,6.963428096086558,6.963428096086558,7.315100911425212,7.315100911425212,0.35167281533865413,0.35167281533865413
1289,257800,rician,64,7.025829489147565,7.9667753321020545,0.5121614336566352,7.457863740482874,,7.744157001784022,200,6.977306147210319,6.977306147210319,7.3054870048611145,7.3054870048611145,0.3281808576507954,0.3281808576507954
1290,258000,rician,64,7.8400513265252325,8.318611140047402,0.08721577634074713,8.231395363706653,,7.744157001784022,200,7.021774498146047,7.021774498146047,7.313700665531742,7.313700665531742,0.29192616738569477,0.29192616738569477
1291,258200,rician,64,6.9969598087493345,8.85908723969052,1.367605939001399,7.491481300689117,,7.744157001784022,200,6.993016471976324,6.993016471976324,7.316697004110466,7.316697004110466,0.3236805321341425,0.3236805321341425
1292,258400,rician,64,8.175492786705387,9.06750690857199,0.360002195126297,8.707504713445697,,7.744157001784022,200,7.022944961901089,7.022944961901089,7.32063145721512,7.32063145721512,0.29768649531403035,0.29768649531403035
1293,258600,rician,64,7.200631598838872,8.224837914130934,0.5462650010472705,7.678572913083669,,7.744157001784022,200,7.034493026991837,7.034493026991837,7.3148849690436375,7.3148849690436375,0.28039194205180085,0.28039194205180085
1294,258800,rician,64,6.473402670554054,7.788759638944493,0.13987342176267434,7.648886217181814,,7.744157001784022,200,7.164487647046984,7.164487647046984,7.318318779088993,7.318318779088993,0.1538311320420087,0.1538311320420087
1295,259000,rician,64,7.7399354776312395,8.188228979969402,0.0805812043646439,8.107647775604754,,7.744157001784022,200,7.190301929466327,7.190301929466327,7.313522756639134,7.313522756639134,0.12322082717280747,0.12322082717280747
1296,259200,rician,64,8.563399896033225,9.46937739703338,0.5521865761615642,8.917190820871822,,7.744157001784022,200,7.237863562519401,7.237863562519401,7.3306616707414,7.3306616707414,0.09279810822199952,0.09279810822199952
1297,259400,rician,64,6.689794146073023,7.987908344244684,0.2507546666851885,7.737153677559494,,7.744157001784022,200,7.283757782644709,7.283757782644709,7.350956128314007,7.350956128314007,0.06719834566929794,0.06719834566929794
1298,259600,rician,64,6.8439445617273815,8.374730487707287,1.1446551795934574,7.23007530811383,,7.744157001784022,200,7.295133488275759,7.295133488275759,7.359765124295484,7.359765124295484,0.06463163601972433,0.06463163601972433
1299,259800,rician,64,5.006444597749061,7.516459876132326,0.9380255225341033,6.5784343535982215,,7.744157001784022,200,7.333572368841222,7.333572368841222,7.355549026988136,7.355549026988136,0.021976658146914296,0.021976658146914296
1300,260000,rician,64,5.81580525134622,7.647509302623507,0.38704514816988944,7.260464154453619,7.870892717652682,7.870892717652682,200,7.25424638480681,7.25424638480681,7.353529344281794,7.353529344281794,0.09928295947498444,0.09928295947498444
1301,260200,rician,64,6.450368418087685,9.606498137542589,1.8431934436549353,7.763304693887652,,7.870892717652682,200,7.203841191422185,7.203841191422185,7.384860827152717,7.384860827152717,0.18101963573053137,0.18101963573053137
1302,260400,rician,64,8.803990286501993,9.693000942439754,0.5621515244484052,9.130849417991344,,7.870892717652682,200,7.363412555594492,7.363412555594492,7.411095649414606,7.411095649414606,0.047683093820114486,0.047683093820114486
1303,260600,rician,64,6.365484131450256,8.434756195225727,1.454879638163498,6.979876557062226,,7.870892717652682,200,7.319998171805227,7.319998171805227,7.395934910031675,7.395934910031675,0.07593673822644842,0.07593673822644842
1304,260800,rician,64,8.053248659371047,9.004668882272936,0.5268592786739019,8.477809603599038,,7.870892717652682,200,7.398727416850943,7.398727416850943,7.409238751437353,7.409238751437353,0.010511334586410293,0.010511334586410293
1305,261000,rician,64,7.395698605496088,7.889028616423219,0.1462764694319723,7.74275214699125,,7.870892717652682,200,7.5973261668602605,7.5973261668602605,7.4129543943392555,7.4129543943392555,0.184371772521005,0.184371772521005
1306,261200,rician,64,7.709713519601466,9.538390322319186,1.4487459768756008,8.089644345443585,,7.870892717652682,200,7.604716501468575,7.604716501468575,7.417220516720394,7.417220516720394,0.18749598474818097,0.18749598474818097
1307,261400,rician,64,9.257087947971613,10.145450565547197,0.5747932492549406,9.570657316292253,,7.870892717652682,200,7.7518286150693765,7.7518286150693765,7.437928931625721,7.437928931625721,0.3138996834436556,0.3138996834436556
1308,261600,rician,64,8.195712906742035,10.084300117043387,1.5188533010343483,8.565446816009041,,7.870892717652682,200,7.968350561803398,7.968350561803398,7.450532667341435,7.450532667341435,0.5178178944619622,0.5178178944619622
1309,261800,rician,64,5.365689647629076,7.947424385580413,1.2698450556160081,6.677579329964407,,7.870892717652682,200,7.929336341277474,7.929336341277474,7.434909289855959,7.434909289855959,0.494427051421515,0.494427051421515
1310,262000,rician,64,6.442996211441921,7.605826958468387,0.7250751285220406,6.88075182994635,,7.870892717652682,200,7.861804164589458,7.861804164589458,7.422551170613421,7.422551170613421,0.43925299397603723,0.43925299397603723
1311,262200,rician,64,6.760042692223784,7.914396802814885,0.27857395388508566,7.6358228489298,,7.870892717652682,200,7.869021242001493,7.869021242001493,7.424009766703985,7.424009766703985,0.44501147529750806,0.44501147529750806
1312,262400,rician,64,7.2294928405485415,7.673323556973975,0.09682366044481991,7.576499896529156,,7.870892717652682,200,7.812471001155666,7.812471001155666,7.415308757456481,7.415308757456481,0.39716224369918507,0.39716224369918507
1313,262600,rician,64,7.381173751680434,7.889964118548814,0.15092217461260904,7.739041943936202,,7.870892717652682,200,7.815494452698293,7.815494452698293,7.402651986125099,7.402651986125099,0.4128424665731947,0.4128424665731947
1314,262800,rician,64,7.164046766524134,8.314141632573794,0.7230974494049208,7.591044183168878,,7.870892717652682,200,7.812602350997646,7.812602350997646,7.404321976756206,7.404321976756206,0.40828037424144004,0.40828037424144004
1315,263000,rician,64,6.960500396402045,8.708279756492962,0.6997838629659616,8.008495893526996,,7.870892717652682,200,7.80764475689376,7.80764475689376,7.399610328445087,7.399610328445087,0.40803442844867277,0.40803442844867277
1316,263200,rician,64,7.424971203700392,8.849933433620548,0.7804595463869854,8.069473887233569,,7.870892717652682,200,7.765258910211846,7.765258910211846,7.399191173925299,7.399191173925299,0.36606773628654654,0.36606773628654654
1317,263400,rician,64,7.083895472345213,7.95148750495511,0.39643565028612976,7.555051854668984,,7.870892717652682,200,7.75615381906732,7.75615381906732,7.390715833217769,7.390715833217769,0.36543798584955134,0.36543798584955134
1318,263600,rician,64,7.944752515304717,8.650068621526074,0.33966598526193253,8.310402636264133,,7.870892717652682,200,7.810170185474836,7.810170185474836,7.396265891181485,7.396265891181485,0.41390429429335107,0.41390429429335107
1319,263800,rician,64,6.690278633333098,8.200761319221684,1.0576629522840209,7.143098366937659,,7.870892717652682,200,7.838403386141808,7.838403386141808,7.385343333732242,7.385343333732242,0.45306005240956626,0.45306005240956626
1320,264000,rician,64,7.191411787183958,8.500232557527951,0.9266040450777614,7.573628512450193,,7.870892717652682,200,7.854061604041637,7.854061604041637,7.37952576874107,7.37952576874107,0.47453583530056687,0.47453583530056687
1321,264200,rician,64,6.798249844251716,8.202991784780174,1.0484060803226436,7.154585704457534,,7.870892717652682,200,7.823625654570131,7.823625654570131,7.363210134271244,7.363210134271244,0.4604155202988869,0.4604155202988869
1322,264400,rician,64,7.307867131533928,9.089554364964407,1.410562444481161,7.678991920483245,,7.870892717652682,200,7.751032779694725,7.751032779694725,7.366169628977092,7.366169628977092,0.3848631507176332,0.3848631507176332
1323,264600,rician,64,6.481309667759514,7.743829911056941,0.10379753149071716,7.640032379566223,,7.870892717652682,200,7.784040570819926,7.784040570819926,7.365204181264489,7.365204181264489,0.41883638955543656,0.41883638955543656
1324,264800,rician,64,8.113938607433594,8.644499125323003,0.03401804855866388,8.610481076764339,,7.870892717652682,200,7.79067414447819,7.79067414447819,7.390629679457248,7.390629679457248,0.40004446502094204,0.40004446502094204
1325,265000,rician,64,7.35670055980189,9.724728109645204,1.969838577264372,7.754889532380833,,7.870892717652682,200,7.791281013747669,7.791281013747669,7.409669219261266,7.409669219261266,0.38161179448640326,0.38161179448640326
1326,265200,rician,64,6.024078781722807,7.854670738436021,0.6607588865613717,7.195541695953467,,7.870892717652682,200,7.746575881273164,7.746575881273164,7.391083604241782,7.391083604241782,0.35549227703138175,0.35549227703138175
1327,265400,rician,64,7.80514027032795,8.707819174433714,0.3248771369510273,8.382942037482692,,7.870892717652682,200,7.687190117332685,7.687190117332685,7.405492104006482,7.405492104006482,0.2816980133262028,0.2816980133262028
1328,265600,rician,64,5.0551727160509845,8.232251521989843,2.4916659359761995,5.740585586013646,,7.870892717652682,200,7.545947055832914,7.545947055832914,7.387018137998373,7.387018137998373,0.15892891783454122,0.15892891783454122
1329,265800,rician,64,7.771080726837941,8.280242211665863,0.11045501439861088,8.169787197267253,,7.870892717652682,200,7.620557449198058,7.620557449198058,7.415009883515705,7.415009883515705,0.20554756568235355,0.20554756568235355
1330,266000,rician,64,5.730972225885361,9.79131494089765,3.6444207657929173,6.1468941751047375,,7.870892717652682,200,7.583864566455977,7.583864566455977,7.390599318462456,7.390599318462456,0.19326524799352107,0.19326524799352107
1331,266200,rician,64,4.30286807562807,8.253332484563163,2.7623832834231186,5.49589774091418,,7.870892717652682,200,7.476868311055196,7.476868311055196,7.374927728966964,7.374927728966964,0.10194058208823265,0.10194058208823265
1332,266400,rician,64,7.009315224013194,8.945474421150067,1.4735860444822821,7.471888376667789,,7.870892717652682,200,7.471637735062127,7.471637735062127,7.385057022790684,7.385057022790684,0.08658071227144326,0.08658071227144326
1333,266600,rician,64,7.446502420742359,8.887226188565544,1.0208230060394328,7.866403182526117,,7.870892717652682,200,7.4780057969916225,7.4780057969916225,7.382647434195839,7.382647434195839,0.09535836279578369,0.09535836279578369
1334,266800,rician,64,7.672572519287688,9.165346823105796,0.6489297897097781,8.516417033396008,,7.870892717652682,200,7.52427443950298,7.52427443950298,7.379016133175622,7.379016133175622,0.14525830632735826,0.14525830632735826
1335,267000,rician,64,8.32305551714447,8.87242116837689,0.1751437084908714,8.697277459886022,,7.870892717652682,200,7.558713517820931,7.558713517820931,7.431454620018968,7.431454620018968,0.12725889780196287,0.12725889780196287
1336,267200,rician,64,6.960035647786786,7.919875191926791,0.584435548170739,7.33543964375605,,7.870892717652682,200,7.522011805647054,7.522011805647054,7.4427358078154295,7.4427358078154295,0.07927599783162442,0.07927599783162442
1337,267400,rician,64,5.999732218533069,7.698368471893186,0.4525399604951268,7.24582851139806,,7.870892717652682,200,7.506550638483509,7.506550638483509,7.444067346919487,7.444067346919487,0.062483291564021215,0.062483291564021215
1338,267600,rician,64,3.953341306872926,8.575431726183645,4.157426586547479,4.423027801841222,,7.870892717652682,200,7.312181896762364,7.312181896762364,7.415000770258675,7.415000770258675,0.10281887349631091,0.10281887349631091
1339,267800,rician,64,7.166629268388254,8.356158344513998,0.8471801012454001,7.508978243268602,,7.870892717652682,200,7.330475890578912,7.330475890578912,7.410716828976879,7.410716828976879,0.0802409383979672,0.0802409383979672
1340,268000,rician,64,8.95683180434279,9.396277457729932,0.13027537916313822,9.26600207856679,,7.870892717652682,200,7.415094568884742,7.415094568884742,7.418691705765282,7.418691705765282,0.003597136880539864,0.003597136880539864
1341,268200,rician,64,7.24848619235687,9.315446185792037,1.3546316656964135,7.960814520095625,,7.870892717652682,200,7.455406009666646,7.455406009666646,7.418705384692598,7.418705384692598,0.036700624974048246,0.036700624974048246
1342,268400,rician,64,6.291186843030553,8.590708544889925,1.9321614907521305,6.658547054137789,,7.870892717652682,200,7.404383766349372,7.404383766349372,7.406622927617934,7.406622927617934,0.002239161268562384,0.002239161268562384
1343,268600,rician,64,6.9633948200895155,8.192112013323925,0.824732487345437,7.367379525978481,,7.870892717652682,200,7.390751123669986,7.390751123669986,7.395949578769627,7.395949578769627,0.005198455099640675,0.005198455099640675
1344,268800,rician,64,7.014789762777755,8.089020625186604,0.13311912764781228,7.955901497538791,,7.870892717652682,200,7.35802214470871,7.35802214470871,7.4037190012602245,7.4037190012602245,0.045696856551514564,0.045696856551514564
1345,269000,rician,64,3.7973737083845025,8.451606337966235,4.3260634897059465,4.131598000154287,,7.870892717652682,200,7.1768575680973825,7.1768575680973825,7.37455639098084,7.37455639098084,0.1976988228834573,0.1976988228834573
1346,269200,rician,64,7.405723868395819,9.070445261393674,1.0408063852647254,8.029638876128944,,7.870892717652682,200,7.218562427106155,7.218562427106155,7.391973105675373,7.391973105675373,0.17341067856921732,0.17341067856921732
1347,269400,rician,64,8.527284584525672,9.254055005412628,0.4186694514002009,8.835385554012426,,7.870892717652682,200,7.241184602932641,7.241184602932641,7.400486973588714,7.400486973588714,0.15930237065607322,0.15930237065607322
1348,269600,rician,64,8.221112216159149,8.80797731963154,0.2750072272924285,8.532970092339118,,7.870892717652682,200,7.380803828248915,7.380803828248915,7.40992980207285,7.40992980207285,0.029125973823934892,0.029125973823934892
1349,269800,rician,64,6.8807508195742715,8.718760503258778,0.9640255272686786,7.7547349759900985,,7.870892717652682,200,7.360051217185057,7.360051217185057,7.418863888956313,7.418863888956313,0.05881267177125604,0.05881267177125604
1350,270000,rician,64,6.118001251642063,7.744429835264252,1.243997601940173,6.500432233324082,7.631770263525771,7.631770263525771,200,7.377728120096025,7.377728120096025,7.415441945872434,7.415441945872434,0.03771382577640914,0.03771382577640914
1351,270200,rician,64,6.147091410540221,7.732418401586869,0.4613754666242769,7.27104293496259,,7.631770263525771,200,7.466485379798445,7.466485379798445,7.4092391940729705,7.4092391940729705,0.05724618572547424,0.05724618572547424
1352,270400,rician,64,8.117515477676967,9.566445982254853,0.9680101765409933,8.59843580571386,,7.631770263525771,200,7.522812751250749,7.522812751250749,7.406889296301825,7.406889296301825,0.11592345494892342,0.11592345494892342
1353,270600,rician,64,6.162303695977244,8.00977622843541,1.5480102200801444,6.461766008355264,,7.631770263525771,200,7.452580892542204,7.452580892542204,7.401335979122463,7.401335979122463,0.051244913419741245,0.051244913419741245
1354,270800,rician,64,6.342991431105648,8.902867373226053,1.7491096154978294,7.153757757728225,,7.631770263525771,200,7.384447928758815,7.384447928758815,7.394664593408495,7.394664593408495,0.010216664649679963,0.010216664649679963
1355,271000,rician,64,7.996306094410622,9.417919630692428,1.1116529206181667,8.306266710074258,,7.631770263525771,200,7.364897391268228,7.364897391268228,7.407259792285807,7.407259792285807,0.04236240101757982,0.04236240101757982
1356,271200,rician,64,5.135281405829931,8.605338703033054,3.1327747437700224,5.472563959263039,,7.631770263525771,200,7.271753607043577,7.271753607043577,7.388252949817138,7.388252949817138,0.11649934277356166,0.11649934277356166
1357,271400,rician,64,8.432907236701052,9.432697280174914,0.7074612379127322,8.725236042262189,,7.631770263525771,200,7.345723983586784,7.345723983586784,7.405467507464266,7.405467507464266,0.05974352387748194,0.05974352387748194
1358,271600,rician,64,8.738525409704211,9.808329696822717,0.741887722194944,9.06644197462778,,7.631770263525771,200,7.577894692226113,7.577894692226113,7.431088660057435,7.431088660057435,0.14680603216867727,0.14680603216867727
1359,271800,rician,64,7.5475923717362186,8.029494026163023,0.18956462290127413,7.839929403261747,,7.631770263525771,200,7.59444225022577,7.59444225022577,7.4341987367526245,7.4341987367526245,0.16024351347314525,0.16024351347314525
1360,272000,rician,64,8.365915361318809,9.719150467777169,1.0310748544152912,8.688075613361876,,7.631770263525771,200,7.565545926965525,7.565545926965525,7.450851958116862,7.450851958116862,0.11469396884866256,0.11469396884866256
1361,272200,rician,64,6.916749074331131,7.784613221860954,0.41709258276074507,7.36752063910022,,7.631770263525771,200,7.535881232915753,7.535881232915753,7.45535583895593,7.45535583895593,0.08052539395982361,0.08052539395982361
1362,272400,rician,64,9.128591991970433,9.861666509580994,0.41186073791517486,9.449805771665828,,7.631770263525771,200,7.675444168792156,7.675444168792156,7.497344168085242,7.497344168085242,0.17810000070691423,0.17810000070691423
1363,272600,rician,64,5.765116158818236,7.917037774099624,0.9050543134709893,7.011983460628644,,7.631770263525771,200,7.657674365524663,7.657674365524663,7.4799945518042845,7.4799945518042845,0.17767981372037855,0.17767981372037855
1364,272800,rician,64,8.064816291436673,8.908534875379248,0.21701598671019792,8.69151888866905,,7.631770263525771,200,7.694455235081175,7.694455235081175,7.472517698949779,7.472517698949779,0.22193753613139577,0.22193753613139577
1365,273000,rician,64,7.812561638776177,8.822332828702445,0.6461020796611795,8.176230749041274,,7.631770263525771,200,7.8966868725255255,7.8966868725255255,7.4931329699893094,7.4931329699893094,0.40355390253621604,0.40355390253621604
1366,273200,rician,64,6.199002836632937,8.17102054899107,0.9880077708257463,7.183012778165327,,7.631770263525771,200,7.854355567627344,7.854355567627344,7.539849707884373,7.539849707884373,0.3145058597429715,0.3145058597429715
1367,273400,rician,64,7.4645206272992395,8.868600160964249,0.5136714175500665,8.354928743414177,,7.631770263525771,200,7.830332727097432,7.830332727097432,7.5404381775846785,7.5404381775846785,0.28989454951275384,0.28989454951275384
1368,273600,rician,64,7.666064031741681,8.952792319256728,0.877309800257027,8.075482518999703,,7.631770263525771,200,7.807458348430463,7.807458348430463,7.533197578080449,7.533197578080449,0.27426077035001395,0.27426077035001395
1369,273800,rician,64,7.014677921874298,9.705004034183968,2.251330503942067,7.45367353024189,,7.631770263525771,200,7.792405276143052,7.792405276143052,7.535931286202791,7.535931286202791,0.25647398994026105,0.25647398994026105
1370,274000,rician,64,7.574041841311921,8.768988945676218,0.45831618705314553,8.310672758623083,,7.631770263525771,200,7.882917302408002,7.882917302408002,7.545617730339102,7.545617730339102,0.3372995720688996,0.3372995720688996
1371,274200,rician,64,7.48673881391718,8.962806375512354,1.0697168878717744,7.893089487640586,,7.631770263525771,200,7.914019630041901,7.914019630041901,7.543882206974672,7.543882206974672,0.37013742306722897,0.37013742306722897
1372,274400,rician,64,7.379179552568559,8.873429164727531,0.31339977215531817,8.56002939257221,,7.631770263525771,200,7.912099309384819,7.912099309384819,7.54839315175089,7.54839315175089,0.36370615763392866,0.36370615763392866
1373,274600,rician,64,8.307099488829238,9.24458965672856,0.5108386619976829,8.733750994730878,,7.631770263525771,200,8.0256985587036,8.0256985587036,7.561254545585512,7.561254545585512,0.46444401311808736,0.46444401311808736
1374,274800,rician,64,6.600533954180754,7.62538553292764,0.40743485538136187,7.217950677546288,,7.631770263525771,200,8.028908204694504,8.028908204694504,7.582944114200185,7.582944114200185,0.4459640904943196,0.4459640904943196
1375,275000,rician,64,6.826002355880567,8.347952976436746,0.9289839710179609,7.418969005418789,,7.631770263525771,200,7.98454331946173,7.98454331946173,7.581220182982194,7.581220182982194,0.40332313647953644,0.40332313647953644
1376,275200,rician,64,6.885786716753987,8.63204275611158,1.3824831516097567,7.249559604501823,,7.631770263525771,200,8.07339310172367,8.07339310172367,7.574056197429107,7.574056197429107,0.49933690429456323,0.49933690429456323
1377,275400,rician,64,7.328194139679376,9.08665462387379,0.4920468859614474,8.594607737912341,,7.631770263525771,200,8.066861686506178,8.066861686506178,7.5918095820577,7.5918095820577,0.47505210444847723,0.47505210444847723
1378,275600,rician,64,8.589220740027494,9.333305744960501,0.39610559508398285,8.93720014987652,,7.631770263525771,200,8.060399595268617,8.060399595268617,7.611155971601536,7.611155971601536,0.4492436236670807,0.4492436236670807
1379,275800,rician,64,7.611303999926483,9.277190741301926,0.41277983806776153,8.864410903234159,,7.631770263525771,200,8.111623670267234,8.111623670267234,7.641703513210987,7.641703513210987,0.46992015705624635,0.46992015705624635
1380,276000,rician,64,6.724355965294583,8.233490730899037,0.8520106680210047,7.381480062878025,,7.631770263525771,200,8.04629389274304,8.04629389274304,7.627048475488351,7.627048475488351,0.41924541725468956,0.41924541725468956
1381,276200,rician,64,7.13481668759919,7.839595855808171,0.32144430385462913,7.518151551953546,,7.631770263525771,200,8.053825438385706,8.053825438385706,7.614515905392084,7.614515905392084,0.4393095329936223,0.4393095329936223
1382,276400,rician,64,7.65680881952216,8.382897191102906,0.13011028840151756,8.252786902701391,,7.631770263525771,200,7.993974494937483,7.993974494937483,7.637649553073644,7.637649553073644,0.35632494186383834,0.35632494186383834
1383,276600,rician,64,7.798696330819312,9.178824443517758,0.2679910625823699,8.910833380935385,,7.631770263525771,200,8.08891699095282,8.08891699095282,7.648276244554524,7.648276244554524,0.4406407463982953,0.4406407463982953
1384,276800,rician,64,4.8718706655291095,9.136938009307995,3.810634183782043,5.336052321333986,,7.631770263525771,200,7.921143662586067,7.921143662586067,7.632604520741016,7.632604520741016,0.2885391418450505,0.2885391418450505
1385,277000,rician,64,5.881786071140092,8.375413407519607,1.2080380893705494,7.167375318149056,,7.631770263525771,200,7.870700891041457,7.870700891041457,7.666570502454459,7.666570502454459,0.20413038858699828,0.20413038858699828
1386,277200,rician,64,7.659228451428159,8.877427275934897,0.73213461561436,8.145292660320532,,7.631770263525771,200,7.918814885149219,7.918814885149219,7.668605052524891,7.668605052524891,0.2502098326243276,0.2502098326243276
1387,277400,rician,64,6.407477848616457,8.247587681286719,0.6169078072187707,7.630679874067949,,7.631770263525771,200,7.8826024416819065,7.8826024416819065,7.678627700822808,7.678627700822808,0.20397474085909817,0.20397474085909817
1388,277600,rician,64,6.448589118515513,8.204409413533172,1.2730962479388055,6.933311468764749,,7.631770263525771,200,7.825493889170159,7.825493889170159,7.705610736697168,7.705610736697168,0.11988315247299042,0.11988315247299042
1389,277800,rician,64,6.91472482087417,8.95512355087155,0.7561778915395061,8.198945659332045,,7.631770263525771,200,7.862757495624666,7.862757495624666,7.71302155588566,7.71302155588566,0.14973593973900634,0.14973593973900634
1390,278000,rician,64,7.137939893067815,8.947125358074986,1.0553930677317147,7.891732290343269,,7.631770263525771,200,7.8418104722106765,7.8418104722106765,7.709624925152026,7.709624925152026,0.1321855470586506,0.1321855470586506
1391,278200,rician,64,6.327772455224011,8.55730051606651,1.7876426367627583,6.769657879303755,,7.631770263525771,200,7.785638891793836,7.785638891793836,7.702406690938172,7.702406690938172,0.08323220085566341,0.08323220085566341
1392,278400,rician,64,7.690867972655074,9.375282934557571,1.2496775483331901,8.125605386224388,,7.631770263525771,200,7.763917691476445,7.763917691476445,7.696587697665959,7.696587697665959,0.06732999381048632,0.06732999381048632
1393,278600,rician,64,7.824237976786637,8.487591398596269,0.036343535367960665,8.451247863228314,,7.631770263525771,200,7.7497925349013155,7.7497925349013155,7.704314447167406,7.704314447167406,0.045478087733909156,0.045478087733909156
1394,278800,rician,64,6.057290729433809,8.411059532869904,1.8643017736573904,6.546757759212516,,7.631770263525771,200,7.716232888984626,7.716232888984626,7.693293162587715,7.693293162587715,0.022939726396911553,0.022939726396911553
1395,279000,rician,64,6.173737553552686,9.026470543663509,1.6077874994766213,7.418683044186888,,7.631770263525771,200,7.71621859092303,7.71621859092303,7.686403515273534,7.686403515273534,0.029815075649495704,0.029815075649495704
1396,279200,rician,64,6.2678280232768815,9.12312453778881,0.8261889894090946,8.296935548379714,,7.631770263525771,200,7.7685873881169245,7.7685873881169245,7.680200962548613,7.680200962548613,0.08838642556831111,0.08838642556831111
1397,279400,rician,64,7.122464536036717,9.186053165788083,1.5856829345598777,7.600370231228197,,7.631770263525771,200,7.718875512782718,7.718875512782718,7.678833128085301,7.678833128085301,0.04004238469741761,0.04004238469741761
1398,279600,rician,64,7.839845622174141,8.50737534144423,0.21367449322450383,8.29370084821972,,7.631770263525771,200,7.686700547699878,7.686700547699878,7.689469383486361,7.689469383486361,0.0027688357864823487,0.0027688357864823487
1399,279800,rician,64,7.5537683728318985,8.163452580912429,0.1067095046402576,8.056743076272177,,7.631770263525771,200,7.646317156351779,7.646317156351779,7.7042524707131,7.7042524707131,0.0579353143613206,0.0579353143613206
1400,280000,rician,64,2.041917966229807,8.995388817716652,6.375599661425159,2.7641140138802696,6.664782284271413,6.664782284271413,200,7.415448853901891,7.415448853901891,7.659288969307366,7.659288969307366,0.243840115405475,0.243840115405475
1401,280200,rician,64,6.80507074468664,7.903373700042898,0.646297766386132,7.25707593365676,,6.664782284271413,200,7.402395072987052,7.402395072987052,7.654226681705057,7.654226681705057,0.25183160871800503,0.25183160871800503
1402,280400,rician,64,5.7883864683840205,8.069879232750317,0.9180051557863759,7.15187407696395,,6.664782284271413,200,7.347349431700181,7.347349431700181,7.634436928294784,7.634436928294784,0.2870874965946033,0.2870874965946033
1403,280600,rician,64,6.643931918431969,8.272047835479135,1.0200416645355528,7.25200617094358,,6.664782284271413,200,7.264408071200592,7.264408071200592,7.637158224433598,7.637158224433598,0.37275015323300664,0.37275015323300664
1404,280800,rician,64,7.012865756409212,8.138267938421857,0.4357385726222369,7.702529365799618,,6.664782284271413,200,7.382731923423873,7.382731923423873,7.629405422055603,7.629405422055603,0.24667349863173005,0.24667349863173005
1405,281000,rician,64,5.780605927585054,7.530514641981349,0.24184232173643233,7.288672320244916,,6.664782284271413,200,7.388796773528666,7.388796773528666,7.624864623788139,7.624864623788139,0.23606785025947286,0.23606785025947286
1406,281200,rician,64,7.116921693176172,9.212524089499645,1.335114459645355,7.877409629854292,,6.664782284271413,200,7.375402622005353,7.375402622005353,7.622742276632246,7.622742276632246,0.24733965462689245,0.24733965462689245
1407,281400,rician,64,3.935093034892301,7.666208827880204,2.5659165102190693,5.111361401504872,,6.664782284271413,200,7.2494366983772,7.2494366983772,7.578149317484372,7.578149317484372,0.3287126191071721,0.3287126191071721
1408,281600,rician,64,6.246288235313785,7.718914449710616,0.9418366037117084,6.7770778459989085,,6.664782284271413,200,7.241625017238907,7.241625017238907,7.560265627784271,7.560265627784271,0.31864061054536386,0.31864061054536386
1409,281800,rician,64,5.315206188621516,7.640842368289303,1.2037643182772093,6.439476225888,,6.664782284271413,200,7.153651545566706,7.153651545566706,7.557884596743507,7.557884596743507,0.4042330511768011,0.4042330511768011
1410,282000,rician,64,7.142635382734434,8.53643723514027,0.9473620473596033,7.589075187780667,,6.664782284271413,200,7.138518690438576,7.138518690438576,7.564967830321851,7.564967830321851,0.4264491398832746,0.4264491398832746
1411,282200,rician,64,8.627843516878904,9.43089628098982,0.4242214984482154,9.006674782541605,,6.664782284271413,200,7.250369535600467,7.250369535600467,7.578676349657968,7.578676349657968,0.32830681405750095,0.32830681405750095
1412,282400,rician,64,6.4608374388711685,8.842362452228961,1.9771671306956864,6.870541228868154,,6.664782284271413,200,7.1876163277326555,7.1876163277326555,7.5716167629813595,7.5716167629813595,0.3840004352487041,0.3840004352487041
1413,282600,rician,64,7.289956018444619,8.446902887198833,0.7607257047845978,7.686177182414234,,6.664782284271413,200,7.149362793691951,7.149362793691951,7.5710881153661385,7.5710881153661385,0.4217253216741872,0.4217253216741872
1414,282800,rician,64,6.537298018994549,8.130726599142646,1.201069934213944,6.9296566649287055,,6.664782284271413,200,7.168507738977762,7.168507738977762,7.564474240183738,7.564474240183738,0.39596650120597676,0.39596650120597676
1415,283000,rician,64,7.407702945821991,9.102627321054557,1.0548655517148275,8.047761769339733,,6.664782284271413,200,7.199961675235403,7.199961675235403,7.564866898941865,7.564866898941865,0.3649052237064625,0.3649052237064625
1416,283200,rician,64,5.75101781981419,8.630426462546682,2.474368665102921,6.162400117437868,,6.664782284271413,200,7.093234903688311,7.093234903688311,7.545796161243908,7.545796161243908,0.4525612575555975,0.4525612575555975
1417,283400,rician,64,8.096103309205011,8.862053135581654,0.36692180614231107,8.495131329439348,,6.664782284271413,200,7.137972958598868,7.137972958598868,7.555196955991612,7.555196955991612,0.4172239973927434,0.4172239973927434
1418,283600,rician,64,4.000010144766151,9.06215442780329,4.220255048929416,4.847981085955319,,6.664782284271413,200,6.965686970485649,6.965686970485649,7.5205727404885225,7.5205727404885225,0.5548857700028735,0.5548857700028735
1419,283800,rician,64,2.799798172582922,8.974740845086394,4.922396291178,4.081193190146201,,6.664782284271413,200,6.76690947617935,6.76690947617935,7.4899536887206075,7.4899536887206075,0.7230442125412573,0.7230442125412573
1420,284000,rician,64,7.0644156494250225,8.078605969940948,0.5949018664198534,7.483704103521092,,6.664782284271413,200,7.002888980661392,7.002888980661392,7.489054444631316,7.489054444631316,0.48616546396992444,0.48616546396992444
1421,284200,rician,64,6.868385332922178,8.53947369266932,0.8327556202180151,7.706718072451298,,6.664782284271413,200,7.025371087601118,7.025371087601118,7.494575768311255,7.494575768311255,0.46920468071013666,0.46920468071013666
1422,284400,rician,64,7.530452638554003,9.054690221411995,1.082866493588072,7.971823727823924,,6.664782284271413,200,7.066368570144117,7.066368570144117,7.4975040863846605,7.4975040863846605,0.4311355162405439,0.4311355162405439
1423,284600,rician,64,6.543374542420034,8.549457517940818,1.5960880108594468,6.953369507081365,,6.664782284271413,200,7.051436736951006,7.051436736951006,7.490637457659813,7.490637457659813,0.4392007207088069,0.4392007207088069
1424,284800,rician,64,4.732277264960837,7.674871228286633,1.508580604403636,6.166290623882998,,6.664782284271413,200,6.974624799855174,6.974624799855174,7.466195553130999,7.466195553130999,0.4915707532758251,0.4915707532758251
1425,285000,rician,64,6.069505856103867,8.062271008511615,1.5892865138092205,6.472984494702394,,6.664782284271413,200,6.933840408578048,6.933840408578048,7.453376502754216,7.453376502754216,0.5195360941761678,0.5195360941761678
1426,285200,rician,64,6.946151100441313,9.263683105324137,1.9182611058146848,7.345421999509457,,6.664782284271413,200,6.907241027060808,6.907241027060808,7.454875305789773,7.454875305789773,0.5476342787289656,0.5476342787289656
1427,285400,rician,64,8.653221369939054,9.83988252298203,0.7070171225990737,9.13286540038296,,6.664782284271413,200,7.108316227004712,7.108316227004712,7.462374539418777,7.462374539418777,0.3540583124140646,0.3540583124140646
1428,285600,rician,64,5.935674081750632,9.002892792145165,1.45684597216415,7.546046819981012,,6.664782284271413,200,7.146764675703816,7.146764675703816,7.480429151758451,7.480429151758451,0.33366447605463545,0.33366447605463545
1429,285800,rician,64,5.291315737511903,8.342796520381485,2.3506220569754825,5.992174463406001,,6.664782284271413,200,7.124399587579717,7.124399587579717,7.458653024419838,7.458653024419838,0.3342534368401209,0.3342534368401209
1430,286000,rician,64,5.2166350702051565,8.9840174477828,2.5139016101161253,6.483005053388034,,6.664782284271413,200,7.069096080860085,7.069096080860085,7.462014133202672,7.462014133202672,0.39291805234258703,0.39291805234258703
1431,286200,rician,64,7.377543778030734,8.498597670352877,0.6797611117888017,7.818836558564076,,6.664782284271413,200,7.009704169661208,7.009704169661208,7.485243521379171,7.485243521379171,0.4755393517179627,0.4755393517179627
1432,286400,rician,64,8.644354699169515,9.56174850184679,0.4761811964009651,9.085567305445823,,6.664782284271413,200,7.120455473490092,7.120455473490092,7.501380310666951,7.501380310666951,0.38092483717685877,0.38092483717685877
1433,286600,rician,64,6.057937251566898,7.522486872129181,0.200693546331939,7.321793325797244,,6.664782284271413,200,7.102236280659244,7.102236280659244,7.495934212099663,7.495934212099663,0.3936979314404194,0.3936979314404194
1434,286800,rician,64,9.68797309284532,10.206203316258662,0.05135125228273242,10.154852063975927,,6.664782284271413,200,7.263496050611603,7.263496050611603,7.512318562405462,7.512318562405462,0.2488225117938594,0.2488225117938594
1435,287000,rician,64,7.791631833090466,8.549492508795856,0.31132304159978796,8.238169467196064,,6.664782284271413,200,7.273016435504419,7.273016435504419,7.507727482478561,7.507727482478561,0.2347110469741418,0.2347110469741418
1436,287200,rician,64,7.749659150834451,8.553127401979811,0.38826613878872085,8.164861263191096,,6.664782284271413,200,7.373139492792082,7.373139492792082,7.516021698672913,7.516021698672913,0.14288220588083078,0.14288220588083078
1437,287400,rician,64,6.8213360352160555,8.414828694932455,0.21315971447715548,8.201668980455311,,6.664782284271413,200,7.35846637534288,7.35846637534288,7.525580103363486,7.525580103363486,0.1671137280206061,0.1671137280206061
1438,287600,rician,64,7.196068210288106,8.077598858475067,0.4439406117052832,7.63365824676979,,6.664782284271413,200,7.497750233383603,7.497750233383603,7.557686407812772,7.557686407812772,0.05993617442916932,0.05993617442916932
1439,287800,rician,64,7.62272560164471,10.002717671761802,1.181171519589806,8.821546152171994,,6.664782284271413,200,7.734767881484894,7.734767881484894,7.570812086901805,7.570812086901805,0.16395579458308873,0.16395579458308873
1440,288000,rician,64,8.309299670388473,9.226569783383477,0.5646306135865176,8.661939169796959,,6.664782284271413,200,7.793679634798687,7.793679634798687,7.564771457814106,7.564771457814106,0.22890817698458132,0.22890817698458132
1441,288200,rician,64,2.2946860759413905,8.035392365899044,5.243810631559293,2.872543863977392,,6.664782284271413,200,7.5519709243749915,7.5519709243749915,7.513888751252924,7.513888751252924,0.038082173122067076,0.038082173122067076
1442,288400,rician,64,7.446428332039154,8.30121164906363,0.4838046811793687,7.817406967884261,,6.664782284271413,200,7.5442500863780095,7.5442500863780095,7.525477350390389,7.525477350390389,0.018772735987620415,0.018772735987620415
1443,288600,rician,64,7.539441774784577,9.611688582548984,1.7157867726855338,7.895901809863454,,6.664782284271413,200,7.591376701517113,7.591376701517113,7.5307625732292385,7.5307625732292385,0.06061412828787471,0.06061412828787471
1444,288800,rician,64,7.383465593737274,8.30945533586631,0.5713047722269649,7.738150563639342,,6.664782284271413,200,7.66996969850493,7.66996969850493,7.528585063890244,7.528585063890244,0.14138463461468653,0.14138463461468653
1445,289000,rician,64,5.501986480761161,8.138926724403662,2.2426655627015717,5.896261161702092,,6.664782284271413,200,7.641133531854915,7.641133531854915,7.546231695505722,7.546231695505722,0.09490183634919269,0.09490183634919269
1446,289200,rician,64,8.426723266667281,9.457462702247994,0.6897483202308576,8.767714382017141,,6.664782284271413,200,7.712248150980298,7.712248150980298,7.553612450564604,7.553612450564604,0.15863570041569464,0.15863570041569464
1447,289400,rician,64,8.363027403612229,9.26348107084786,0.5934825652324812,8.669998505615384,,6.664782284271413,200,7.68910480624192,7.68910480624192,7.551958580080634,7.551958580080634,0.1371462261612857,0.1371462261612857
1448,289600,rician,64,8.192225547755791,9.444476642513058,0.767538334306974,8.676938308206081,,6.664782284271413,200,7.745649380653172,7.745649380653172,7.5533982622393046,7.5533982622393046,0.19225111841386777,0.19225111841386777
1449,289800,rician,64,6.816195662268091,7.953235023984005,0.6687549858749263,7.284480038109077,,6.664782284271413,200,7.810264659388328,7.810264659388328,7.548695712860494,7.548695712860494,0.26156894652783436,0.26156894652783436
1450,290000,rician,64,7.524585406918956,8.15841828681601,0.3092339264423509,7.849184360373659,7.935499808821682,7.935499808821682,200,7.878573624737608,7.878573624737608,7.562183234130989,7.562183234130989,0.31639039060661833,0.31639039060661833
1451,290200,rician,64,8.569535675929396,9.566477261167282,0.5632363593720896,9.003240901795188,,7.935499808821682,200,7.937793841899165,7.937793841899165,7.579505213799315,7.579505213799315,0.3582886280998494,0.3582886280998494
1452,290400,rician,64,6.8003250793801655,7.830451336950574,0.6411798016623494,7.189271535288217,,7.935499808821682,200,7.842979053391284,7.842979053391284,7.565413571095059,7.565413571095059,0.27756548229622524,0.27756548229622524
1453,290600,rician,64,8.90656253251849,9.479189586293145,0.2128291265808425,9.26636045971231,,7.935499808821682,200,7.940207410087036,7.940207410087036,7.593459515608629,7.593459515608629,0.3467478944784075,0.3467478944784075
1454,290800,rician,64,9.68283359784025,11.216107448604703,1.1898623168454656,10.026245131759236,,7.935499808821682,200,7.933777063476201,7.933777063476201,7.62218438934894,7.62218438934894,0.31159267412726166,0.31159267412726166
1455,291000,rician,64,8.053596566016582,9.128628852013325,0.13929707202007904,8.98933177999325,,7.935499808821682,200,7.9713351791160605,7.9713351791160605,7.629015040048128,7.629015040048128,0.34232013906793224,0.34232013906793224
1456,291200,rician,64,5.206530973509695,8.988224272962109,3.30419114377862,5.684033129183484,,7.935499808821682,200,7.84729377241568,7.84729377241568,7.6311297317473334,7.6311297317473334,0.21616404066834694,0.21616404066834694
1457,291400,rician,64,7.067303717388316,8.492560132868926,1.128384082488674,7.3641760503802525,,7.935499808821682,200,7.805419125911928,7.805419125911928,7.617519131828513,7.617519131828513,0.1878999940834145,0.1878999940834145
1458,291600,rician,64,5.2039192112414385,8.464597957434053,2.4490961387235517,6.03778445189851,,7.935499808821682,200,7.7256254361683645,7.7256254361683645,7.58723255660122,7.58723255660122,0.13839287956714408,0.13839287956714408
1459,291800,rician,64,7.271716182372583,8.535497397975872,0.9582820800036554,7.577215317972224,,7.935499808821682,200,7.663408894458375,7.663408894458375,7.584605415748325,7.584605415748325,0.07880347871005,0.07880347871005
1460,292000,rician,64,7.21211597192696,7.738538350493943,0.22563091226667709,7.512907438227265,,7.935499808821682,200,7.605957307879892,7.605957307879892,7.57285373399698,7.57285373399698,0.03310357388291241,0.03310357388291241
1461,292200,rician,64,6.855726646211405,8.107126403536757,0.9506351092899766,7.15649129424678,,7.935499808821682,200,7.820154679393362,7.820154679393362,7.570743440548444,7.570743440548444,0.24941123884491745,0.24941123884491745
1462,292400,rician,64,7.422924910767838,9.107253624871404,1.334134216834994,7.773119408036408,,7.935499808821682,200,7.817940301400969,7.817940301400969,7.5539765769121505,7.5539765769121505,0.26396372448881866,0.26396372448881866
1463,292600,rician,64,6.955036756108036,8.509017500580722,0.254620807657688,8.254396692923036,,7.935499808821682,200,7.835865045553947,7.835865045553947,7.5664007092350944,7.5664007092350944,0.2694643363188529,0.2694643363188529
1464,292800,rician,64,9.522270388307732,10.512129773086764,0.67007461660878,9.842055156477993,,7.935499808821682,200,7.941060275195879,7.941060275195879,7.577906071913185,7.577906071913185,0.36315420328269354,0.36315420328269354
1465,293000,rician,64,1.9592949073219454,8.141255511691687,4.9352048694415895,3.2135347422916705,,7.935499808821682,200,7.806923954225357,7.806923954225357,7.5282791118456895,7.5282791118456895,0.27864484237966725,0.27864484237966725
1466,293200,rician,64,6.345576211084636,8.554493916927363,1.8903190411378135,6.671863090657055,,7.935499808821682,200,7.702131389657353,7.702131389657353,7.523167614970606,7.523167614970606,0.17896377468674718,0.17896377468674718
1467,293400,rician,64,7.376993253660673,7.911846776275262,0.23308835829178576,7.678758417983471,,7.935499808821682,200,7.652569385275759,7.652569385275759,7.5164059117163,7.5164059117163,0.13616347355945901,0.13616347355945901
1468,293600,rician,64,7.893067072470426,9.578528648648426,1.3773067597647242,8.201221888883707,,7.935499808821682,200,7.628783564309638,7.628783564309638,7.517663305415138,7.517663305415138,0.11112025889450017,0.11112025889450017
1469,293800,rician,64,7.749054319333895,8.87323492944798,0.8252579978745198,8.04797693157346,,7.935499808821682,200,7.666958408982859,7.666958408982859,7.523606339428454,7.523606339428454,0.14335206955440505,0.14335206955440505
1470,294000,rician,64,7.737550648767307,8.34344360206991,0.1448137664409174,8.198629835628994,,7.935499808821682,200,7.684430682745625,7.684430682745625,7.522485910198513,7.522485910198513,0.1619447725471126,0.1619447725471126
1471,294200,rician,64,7.099929683933892,8.213772695879548,0.7954669386220735,7.418305757257475,,7.935499808821682,200,7.60518392551874,7.60518392551874,7.517738072894684,7.517738072894684,0.08744585262405646,0.08744585262405646
1472,294400,rician,64,5.313691687160279,8.825782613353415,3.186511740849655,5.649681437225189,,7.935499808821682,200,7.528204420615589,7.528204420615589,7.488634593341214,7.488634593341214,0.03956982727437541,0.03956982727437541
1473,294600,rician,64,8.180448768340367,9.005712356204928,0.4301273219404532,8.575585034264467,,7.935499808821682,200,7.493665649343197,7.493665649343197,7.48705293373655,7.48705293373655,0.006612715606647335,0.006612715606647335
1474,294800,rician,64,8.243165258274498,9.591904523776714,1.0210023648530075,8.57090215892371,,7.935499808821682,200,7.420898500701419,7.420898500701419,7.500582448550323,7.500582448550323,0.07968394784890354,0.07968394784890354
1475,295000,rician,64,6.965223598739965,7.863828413750904,0.10523685978733316,7.7585915539635675,,7.935499808821682,200,7.359361489399935,7.359361489399935,7.503978674035771,7.503978674035771,0.14461718463583662,0.14461718463583662
1476,295200,rician,64,6.260438117001354,8.158753586457035,0.626414596066979,7.532338990390058,,7.935499808821682,200,7.451776782460264,7.451776782460264,7.506806467894652,7.506806467894652,0.05502968543438769,0.05502968543438769
1477,295400,rician,64,5.651864457858876,8.12446165819745,1.1916060778958693,6.932855580301583,,7.935499808821682,200,7.43021075895633,7.43021075895633,7.490188946318545,7.490188946318545,0.05997818736221472,0.05997818736221472
1478,295600,rician,64,6.31515969357358,8.013960530075359,1.2120529595628202,6.801907570512546,,7.935499808821682,200,7.468416914887032,7.468416914887032,7.468836020524907,7.468836020524907,0.00041910563787439514,0.00041910563787439514
1479,295800,rician,64,8.129405802742411,9.560305549622615,1.0547124281875102,8.505593121435105,,7.935499808821682,200,7.514835805060177,7.514835805060177,7.465247842706915,7.465247842706915,0.04958796235326268,0.04958796235326268
1480,296000,rician,64,7.378015193595257,7.9276923443123275,0.04932390042934401,7.878368443882981,,7.935499808821682,200,7.533108855342964,7.533108855342964,7.4702167265169654,7.4702167265169654,0.06289212882599848,0.06289212882599848
1481,296200,rician,64,3.559699021062345,8.344446265987617,4.447315931399582,3.924453729804177,,7.935499808821682,200,7.371506977120833,7.371506977120833,7.434279748295472,7.434279748295472,0.06277277117463864,0.06277277117463864
1482,296400,rician,64,7.87284553134087,8.77106449301904,0.4646985187210881,8.306365974297954,,7.935499808821682,200,7.39816930543391,7.39816930543391,7.434815539011438,7.434815539011438,0.036646233577527276,0.036646233577527276
1483,296600,rician,64,6.879767968831543,8.560692514504844,1.1900872960394908,7.370605218465358,,7.935499808821682,200,7.353979731711027,7.353979731711027,7.419413257386736,7.419413257386736,0.0654335256757097,0.0654335256757097
1484,296800,rician,64,3.8351546989352188,7.699677411788919,1.9353688368898163,5.768889638457544,,7.935499808821682,200,7.150321455810004,7.150321455810004,7.423741630557973,7.423741630557973,0.27342017474796876,0.27342017474796876
1485,297000,rician,64,7.7700623060759755,8.339617391448265,0.1254660615587056,8.214151329889559,,7.935499808821682,200,7.400352285189898,7.400352285189898,7.434209390675376,7.434209390675376,0.03385710548547749,0.03385710548547749
1486,297200,rician,64,6.143640192258136,7.693720393449984,1.0052743097571517,6.6884460836928215,,7.935499808821682,200,7.401181434841685,7.401181434841685,7.4196409249091,7.4196409249091,0.018459490067415096,0.018459490067415096
1487,297400,rician,64,4.74289324818466,8.064881756704224,2.8519612002413575,5.216731842180591,,7.935499808821682,200,7.278080106051542,7.278080106051542,7.395501444590226,7.395501444590226,0.11742133853868442,0.11742133853868442
1488,297600,rician,64,7.905938779304457,9.021556086466408,0.5795304771299822,8.44202560933643,,7.935499808821682,200,7.29012029207418,7.29012029207418,7.410588585995942,7.410588585995942,0.12046829392176228,0.12046829392176228
1489,297800,rician,64,7.392208112753562,9.353902103171253,1.4940843153658787,7.860337573230792,,7.935499808821682,200,7.2807383241570465,7.2807383241570465,7.40720250513493,7.40720250513493,0.1264641809778837,0.1264641809778837
1490,298000,rician,64,6.1152399469270176,8.150025803211864,0.9874262154960675,7.174604760793182,,7.935499808821682,200,7.229537070415255,7.229537070415255,7.4000312298394295,7.4000312298394295,0.1704941594241749,0.1704941594241749
1491,298200,rician,64,6.620071731144447,9.147675584036536,1.2915143928198205,7.85616119121672,,7.935499808821682,200,7.251429842113216,7.251429842113216,7.410896262958558,7.410896262958558,0.1594664208453418,0.1594664208453418
1492,298400,rician,64,5.678884432512734,8.428003612153834,2.0420100964769987,6.385993515676829,,7.935499808821682,200,7.288245446035799,7.288245446035799,7.393500144253084,7.393500144253084,0.10525469821728439,0.10525469821728439
1493,298600,rician,64,4.612378803801978,7.8610485334003,1.869944696946329,5.991103836453966,,7.935499808821682,200,7.159021386145274,7.159021386145274,7.36889870398534,7.36889870398534,0.2098773178400659,0.2098773178400659
1494,298800,rician,64,8.409488254019788,9.207628663018108,0.32830127560958344,8.879327387408523,,7.935499808821682,200,7.1744426475695136,7.1744426475695136,7.392224400267301,7.392224400267301,0.2177817526977872,0.2177817526977872
1495,299000,rician,64,6.207745237595041,8.084217858229321,0.8213211901625416,7.262896668066778,,7.935499808821682,200,7.149657903274675,7.149657903274675,7.390666536506096,7.390666536506096,0.24100863323142097,0.24100863323142097
1496,299200,rician,64,3.9427987045765374,9.062936377990896,3.81374726209176,5.252038677623687,,7.935499808821682,200,7.035642887636357,7.035642887636357,7.360217567798538,7.360217567798538,0.32457468016218183,0.32457468016218183
1497,299400,rician,64,6.085477079230733,8.832727007495627,2.2341645800002436,6.598562427495393,,7.935499808821682,200,7.018928229996047,7.018928229996047,7.35019948976121,7.35019948976121,0.33127125976516325,0.33127125976516325
1498,299600,rician,64,7.445986408834074,8.902532237373364,0.9404365227134122,7.962095714659954,,7.935499808821682,200,7.076937637203417,7.076937637203417,7.346883438425612,7.346883438425612,0.26994580122219514,0.26994580122219514
1499,299800,rician,64,4.864661810384331,7.362297279287254,1.1000071730503107,6.262290106236942,,7.935499808821682,200,6.964772486443509,6.964772486443509,7.32893890872526,7.32893890872526,0.3641664222817509,0.3641664222817509
1500,300000,rician,64,6.854516938852258,7.851006605805601,0.4677624099642048,7.383244195841397,7.875117475756019,7.875117475756019,200,6.94001627404143,6.94001627404143,7.375130210544871,7.375130210544871,0.43511393650344043,0.43511393650344043
1501,300200,rician,64,5.455483167243796,7.689520951030513,0.24278494732123138,7.446736003709282,,7.875117475756019,200,7.116130387736685,7.116130387736685,7.377026811245397,7.377026811245397,0.26089642350871234,0.26089642350871234
1502,300400,rician,64,4.766893702288937,7.958703497047496,2.700511303797236,5.267184955528099,,7.875117475756019,200,6.964171336798193,6.964171336798193,7.358179920031039,7.358179920031039,0.3940085832328455,0.3940085832328455
1503,300600,rician,64,7.943992178987674,8.660214922345467,0.29240282327244466,8.367812099073022,,7.875117475756019,200,7.014031680828576,7.014031680828576,7.369337979312333,7.369337979312333,0.3553062984837574,0.3553062984837574
1504,300800,rician,64,7.06445580936852,8.465411529948945,0.21904978928715843,8.246361740661783,,7.875117475756019,200,7.137905285938788,7.137905285938788,7.374776303060956,7.374776303060956,0.23687101712216752,0.23687101712216752
1505,301000,rician,64,7.776726781370205,8.87651466057584,0.6662858152670802,8.210228845308762,,7.875117475756019,200,7.137709161709748,7.137709161709748,7.383991868311593,7.383991868311593,0.24628270660184537,0.24628270660184537
1506,301200,rician,64,6.46276659947633,9.252120716090621,1.192272856749936,8.059847859340687,,7.875117475756019,200,7.20627925049214,7.20627925049214,7.385816250606458,7.385816250606458,0.17953700011431817,0.17953700011431817
1507,301400,rician,64,5.24037067652349,7.896630699903372,2.249885836201583,5.648499277844017,,7.875117475756019,200,7.227867622275312,7.227867622275312,7.391187629369848,7.391187629369848,0.1633200070945362,0.1633200070945362
1508,301600,rician,64,3.579577227847443,8.407511818120557,2.9410730577659834,5.469835896180307,,7.875117475756019,200,7.079258136617507,7.079258136617507,7.378115209871663,7.378115209871663,0.29885707325415645,0.29885707325415645
1509,301800,rician,64,7.79574701344675,8.744340232418507,0.492060532267918,8.252279700150583,,7.875117475756019,200,7.098855242963497,7.098855242963497,7.396243244614288,7.396243244614288,0.29738800165079127,0.29738800165079127
1510,302000,rician,64,8.435509260139106,9.069769657366686,0.2683171268676357,8.801452530499056,,7.875117475756019,200,7.18019763144879,7.18019763144879,7.408367018041472,7.408367018041472,0.2281693865926817,0.2281693865926817
1511,302200,rician,64,6.213558968179574,7.744426653081999,0.4469790752386437,7.297447577843356,,7.875117475756019,200,7.152261950780121,7.152261950780121,7.39127474599449,7.39127474599449,0.2390127952143697,0.2390127952143697
1512,302400,rician,64,-1.069409724658338,8.104366322950066,10.194757328573889,0.13385218452664188,,7.875117475756019,200,6.839654884222611,6.839654884222611,7.3239078555510755,7.3239078555510755,0.48425297132846445,0.48425297132846445
1513,302600,rician,64,6.048374919611663,7.778118285838635,0.7471418563237044,7.0309764295149195,,7.875117475756019,200,6.8916485138756585,6.8916485138756585,7.317355848022082,7.317355848022082,0.4257073341464235,0.4257073341464235
1514,302800,rician,64,6.779944009446498,7.951207424461603,0.8168750691154344,7.134332355346167,,7.875117475756019,200,6.804398762272543,6.804398762272543,7.319402604926257,7.319402604926257,0.515003842653714,0.515003842653714
1515,303000,rician,64,6.845303610451821,8.170606691189526,0.9683900735808351,7.202216617608682,,7.875117475756019,200,6.801364759749637,6.801364759749637,7.310947153408945,7.310947153408945,0.5095823936593078,0.5095823936593078
1516,303200,rician,64,7.716274590329698,8.69384035049405,0.5738329969531976,8.120007353540855,,7.875117475756019,200,6.944763193545495,6.944763193545495,7.3305232257699755,7.3305232257699755,0.3857600322244803,0.3857600322244803
1517,303400,rician,64,8.112705925951424,9.640416567124442,1.2059989766492016,8.434417590475244,,7.875117475756019,200,7.036555951694487,7.036555951694487,7.329916088380335,7.329916088380335,0.29336013668584826,0.29336013668584826
1518,303600,rician,64,5.793754037589499,7.938888356478307,0.8513077867003591,7.09223594487528,,7.875117475756019,200,6.993062963205254,6.993062963205254,7.352358636969534,7.352358636969534,0.3592956737642794,0.3592956737642794
1519,303800,rician,64,4.611678253329379,8.228751755189032,3.0827247249625374,5.148162363081749,,7.875117475756019,200,6.9373565760474944,6.9373565760474944,7.363028328698889,7.363028328698889,0.4256717526513949,0.4256717526513949
1520,304000,rician,64,5.414547200133788,8.598097774392487,2.8700116583931723,5.728086115999316,,7.875117475756019,200,6.85459867205539,6.85459867205539,7.3454721488236725,7.3454721488236725,0.4908734767682823,0.4908734767682823
1521,304200,rician,64,8.234894943886468,10.220134971344903,1.6087391852793682,8.613149830600705,,7.875117475756019,200,6.912919363399962,6.912919363399962,7.354536466405166,7.354536466405166,0.4416171030052034,0.4416171030052034
1522,304400,rician,64,7.168772039960638,8.652291006032835,0.9854094608540108,7.666881545178823,,7.875117475756019,200,7.0329041928825,7.0329041928825,7.3514870445787155,7.3514870445787155,0.3185828516962159,0.3185828516962159
1523,304600,rician,64,6.326348369657341,8.829600907629594,0.9869368977823152,7.842664009847279,,7.875117475756019,200,7.00664678842121,7.00664678842121,7.3603799896063755,7.3603799896063755,0.3537332011851655,0.3537332011851655
1524,304800,rician,64,6.711121913996724,8.681401796424145,1.5890029141426483,7.092398882281505,,7.875117475756019,200,6.948948645502197,6.948948645502197,7.36964107219036,7.36964107219036,0.42069242668816287,0.42069242668816287
1525,305000,rician,64,7.10824026601863,8.125326396936543,0.5737181007469013,7.551608296189644,,7.875117475756019,200,6.916017618046242,6.916017618046242,7.380427310205232,7.380427310205232,0.4644096921589904,0.4644096921589904
1526,305200,rician,64,6.426628436577606,7.8069863680809135,0.2888231657507375,7.5181632023301646,,7.875117475756019,200,6.888933385195715,6.888933385195715,7.382154722233438,7.382154722233438,0.4932213370377232,0.4932213370377232
1527,305400,rician,64,1.7452458758017284,7.955375293490993,4.603503111653793,3.436701230101107,,7.875117475756019,200,6.778343482808569,6.778343482808569,7.325193080530621,7.325193080530621,0.5468495977220522,0.5468495977220522
1528,305600,rician,64,7.500526990186814,8.69021541012963,0.7858889754243206,7.904326434705311,,7.875117475756019,200,6.900068009734818,6.900068009734818,7.328775876677864,7.328775876677864,0.4287078669430455,0.4287078669430455
1529,305800,rician,64,6.894721364418484,9.037076335627816,1.7226109226922894,7.314465412935532,,7.875117475756019,200,6.853177295374067,6.853177295374067,7.341998786173159,7.341998786173159,0.48882149079909176,0.48882149079909176
1530,306000,rician,64,7.066226808394547,8.139855600523177,0.48910020041851454,7.650755400104668,,7.875117475756019,200,6.795642438854347,6.795642438854347,7.353676289640326,7.353676289640326,0.5580338507859794,0.5580338507859794
1531,306200,rician,64,5.9860200301432664,8.333779684472333,1.9933185435215641,6.340461140950774,,7.875117475756019,200,6.747793117009718,6.747793117009718,7.338892535464193,7.338892535464193,0.5910994184544753,0.5910994184544753
1532,306400,rician,64,6.683775276058982,9.429956826676248,2.4224860148460405,7.007803745413613,,7.875117475756019,200,7.091490695054065,7.091490695054065,7.318114899863871,7.318114899863871,0.22662420480980572,0.22662420480980572
1533,306600,rician,64,5.434385449419539,8.248868168290217,2.495101074287434,5.753767094002779,,7.875117475756019,200,7.0276302282784595,7.0276302282784595,7.302434637545926,7.302434637545926,0.27480440926746663,0.27480440926746663
1534,306800,rician,64,6.561161337174907,7.90028413387075,0.05814170326397875,7.842142430606762,,7.875117475756019,200,7.0630207320414895,7.0630207320414895,7.2793075412122334,7.2793075412122334,0.21628680917074394,0.21628680917074394
1535,307000,rician,64,7.716506070030436,10.021609114212009,1.6050184227996374,8.416590691412374,,7.875117475756019,200,7.123739435731674,7.123739435731674,7.281091753454397,7.281091753454397,0.1573523177227223,0.1573523177227223
1536,307200,rician,64,5.958100300631108,7.773071004077588,0.3922303034207704,7.380840700656815,,7.875117475756019,200,7.086781103087472,7.086781103087472,7.273251547829053,7.273251547829053,0.18647044474158125,0.18647044474158125
1537,307400,rician,64,7.533001920857548,9.176029531096798,1.2818181207509367,7.894211410345857,,7.875117475756019,200,7.059770794081002,7.059770794081002,7.270176972127959,7.270176972127959,0.2104061780469566,0.2104061780469566
1538,307600,rician,64,7.121411730907551,8.210406019479851,0.4748505367814374,7.735555482698414,,7.875117475756019,200,7.0919367709721595,7.0919367709721595,7.271195944487245,7.271195944487245,0.1792591735150859,0.1792591735150859
1539,307800,rician,64,7.278282592346366,8.072833617610204,0.027420000706041114,8.04541361690416,,7.875117475756019,200,7.2367993336632805,7.2367993336632805,7.263434619134566,7.263434619134566,0.026635285471285464,0.026635285471285464
1540,308000,rician,64,6.504917697066242,8.409010362809223,1.4863741212447155,6.922636241564512,,7.875117475756019,200,7.2965268399415395,7.2965268399415395,7.2460415898522434,7.2460415898522434,0.05048525008929605,0.05048525008929605
1541,308200,rician,64,7.135700613063829,9.243680578306908,1.4837172823758307,7.759963295931077,,7.875117475756019,200,7.253867513208059,7.253867513208059,7.29491578417178,7.29491578417178,0.041048270963721656,0.041048270963721656
1542,308400,rician,64,4.269208617465734,7.7735732674229325,2.014346670080735,5.76667439525582,,7.875117475756019,200,7.1588571557119085,7.1588571557119085,7.274408458445497,7.274408458445497,0.11555130273358838,0.11555130273358838
1543,308600,rician,64,7.7838631388772015,9.470415022826689,0.2911507523268032,9.179264270499898,,7.875117475756019,200,7.22568716874454,7.22568716874454,7.2872420830518605,7.2872420830518605,0.06155491430732063,0.06155491430732063
1544,308800,rician,64,7.779125729163548,8.324324678536799,0.132585074080119,8.191739604456675,,7.875117475756019,200,7.280654204853297,7.280654204853297,7.291777973460032,7.291777973460032,0.01112376860673514,0.01112376860673514
1545,309000,rician,64,5.573337312986155,8.135399677371758,1.3567416578563412,6.778658019515417,,7.875117475756019,200,7.2420066910195855,7.2420066910195855,7.300601942038165,7.300601942038165,0.05859525101857965,0.05859525101857965
1546,309200,rician,64,5.41683611629301,8.468984326826217,1.8010736744058224,6.667910652420391,,7.875117475756019,200,7.199494063524098,7.199494063524098,7.279603904742198,7.279603904742198,0.08010984121810072,0.08010984121810072
1547,309400,rician,64,6.90051156357079,7.962073195776116,0.4674260946790307,7.494647101097089,,7.875117475756019,200,7.402391357073897,7.402391357073897,7.267850390697016,7.267850390697016,0.13454096637688107,0.13454096637688107
1548,309600,rician,64,5.372374896366847,8.390274842340766,1.618613035382234,6.771661806958529,,7.875117475756019,200,7.345758125686558,7.345758125686558,7.248797625684541,7.248797625684541,0.09696050000201684,0.09696050000201684
1549,309800,rician,64,8.256079752817987,10.570558541174455,1.8395909851010497,8.730967556073397,,7.875117475756019,200,7.416583232843452,7.416583232843452,7.263262500864184,7.263262500864184,0.1533207319792682,0.1533207319792682
1550,310000,rician,64,7.585106073638147,9.10733717739076,1.061889832748923,8.04544734464184,8.519389780722175,8.519389780722175,200,7.43631783007031,7.43631783007031,7.265225130706866,7.265225130706866,0.1710926993634443,0.1710926993634443
1551,310200,rician,64,6.118692025225929,8.521316251152355,1.6006576776056063,6.920658573546745,,8.519389780722175,200,7.465327701700109,7.465327701700109,7.244399307424381,7.244399307424381,0.2209283942757283,0.2209283942757283
1552,310400,rician,64,8.13782421258307,9.139104563186397,0.3187683857796931,8.820336177406693,,8.519389780722175,200,7.555954323299761,7.555954323299761,7.2607099538455655,7.2607099538455655,0.2952443694541955,0.2952443694541955
1553,310600,rician,64,5.746984696459679,8.143803489981806,1.251488592111103,6.89231489787071,,8.519389780722175,200,7.612881713493158,7.612881713493158,7.23696949822715,7.23696949822715,0.37591221526600727,0.37591221526600727
1554,310800,rician,64,5.5020030085861995,8.247258807612859,2.2545526285867084,5.992706179026153,,8.519389780722175,200,7.520409900914127,7.520409900914127,7.196634108699819,7.196634108699819,0.32377579221430786,0.32377579221430786
1555,311000,rician,64,9.061875827080256,10.388429469985672,0.6325968383167575,9.75583263166891,,8.519389780722175,200,7.587371997926955,7.587371997926955,7.204299117216576,7.204299117216576,0.3830728807103796,0.3830728807103796
1556,311200,rician,64,5.7900574502565485,8.659626943325796,1.581294329192764,7.078332614133025,,8.519389780722175,200,7.572246593600765,7.572246593600765,7.218242112066072,7.218242112066072,0.35400448153469277,0.35400448153469277
1557,311400,rician,64,7.3144705335993,8.809914241549087,0.8608740412946669,7.949040200254427,,8.519389780722175,200,7.574988033096193,7.574988033096193,7.224090753564814,7.224090753564814,0.35089727953137917,0.35089727953137917
1558,311600,rician,64,7.99404801650223,10.867410927048349,1.7838354588848513,9.083575468163492,,8.519389780722175,200,7.642389032369448,7.642389032369448,7.254548663727463,7.254548663727463,0.3878403686419851,0.3878403686419851
1559,311800,rician,64,6.901587228463428,9.027132111562455,0.3773983582136357,8.64973375334882,,8.519389780722175,200,7.67260503919168,7.67260503919168,7.265273848081229,7.265273848081229,0.40733119111045113,0.40733119111045113
1560,312000,rician,64,7.754978123311876,8.804799175909842,0.6633406631491159,8.141458512760725,,8.519389780722175,200,7.733546152751491,7.733546152751491,7.271559358826564,7.271559358826564,0.46198679392492714,0.46198679392492714
1561,312200,rician,64,7.050981748801518,8.602378443107028,0.07510265674149823,8.527275786365527,,8.519389780722175,200,7.771911777273213,7.771911777273213,7.285267203747751,7.285267203747751,0.48664457352546187,0.48664457352546187
1562,312400,rician,64,6.858698617128678,9.370550266051431,2.1196945296693714,7.250855736382066,,8.519389780722175,200,7.846120844329526,7.846120844329526,7.280044567031208,7.280044567031208,0.5660762772983183,0.5660762772983183
1563,312600,rician,64,7.432018069113593,8.242222550556916,0.44277225583874635,7.799450294718174,,8.519389780722175,200,7.777130145540442,7.777130145540442,7.275495103049159,7.275495103049159,0.5016350424912828,0.5016350424912828
1564,312800,rician,64,6.788428442622056,8.307347155054156,1.1216855441156943,7.1856616109384595,,8.519389780722175,200,7.726826245864531,7.726826245864531,7.2489311675937635,7.2489311675937635,0.4778950782707678,0.4778950782707678
1565,313000,rician,64,7.820074227966424,9.20648348430867,1.0393407778226267,8.167142706486038,,8.519389780722175,200,7.796250480213061,7.796250480213061,7.298467247235707,7.298467247235707,0.49778323297735394,0.49778323297735394
1566,313200,rician,64,7.177291232462601,7.778351303841927,0.24626104154082817,7.5320902623011055,,8.519389780722175,200,7.839459460707095,7.839459460707095,7.307069518952148,7.307069518952148,0.5323899417549471,0.5323899417549471
1567,313400,rician,64,7.662981346391777,8.480991526674064,0.49561950116522857,7.985372025508833,,8.519389780722175,200,7.863995706927684,7.863995706927684,7.310135655027402,7.310135655027402,0.5538600519002816,0.5538600519002816
1568,313600,rician,64,9.036495429193744,9.640318593255625,0.26467489850561854,9.37564369475,,8.519389780722175,200,7.994194801317258,7.994194801317258,7.321879873086065,7.321879873086065,0.6723149282311933,0.6723149282311933
1569,313800,rician,64,7.939852299126621,9.081274611289436,0.4955466134039357,8.5857279978855,,8.519389780722175,200,7.986932823407862,7.986932823407862,7.327257383749185,7.327257383749185,0.6596754396586775,0.6596754396586775
1570,314000,rician,64,6.076514113012508,8.909018045743336,2.5160733451712547,6.393987702281169,,8.519389780722175,200,7.904359841289829,7.904359841289829,7.309210962415706,7.309210962415706,0.5951488788741237,0.5951488788741237
1571,314200,rician,64,3.1262214134235844,7.54841117251235,3.938599976590641,3.6698318296076313,,8.519389780722175,200,7.7418185040928735,7.7418185040928735,7.271726223139208,7.271726223139208,0.47009228095366584,0.47009228095366584
1572,314400,rician,64,6.614581561191494,8.386395261623532,1.476486328776234,6.909908932847291,,8.519389780722175,200,7.6462971418649035,7.6462971418649035,7.28432849809543,7.28432849809543,0.36196864376947335,0.36196864376947335
1573,314600,rician,64,7.615686535782909,8.176749959116469,0.23723872076958388,7.939511238346886,,8.519389780722175,200,7.698656958888712,7.698656958888712,7.277967760136253,7.277967760136253,0.42068919875245925,0.42068919875245925
1574,314800,rician,64,7.889153758358612,8.755385002332988,0.5625861003792092,8.19279890195377,,8.519389780722175,200,7.808661595035092,7.808661595035092,7.274186727566554,7.274186727566554,0.5344748674685382,0.5344748674685382
1575,315000,rician,64,4.175874321373019,8.237842792877924,3.135705526219923,5.112002430342172,,8.519389780722175,200,7.576470084968754,7.576470084968754,7.247720836330339,7.247720836330339,0.3287492486384149,0.3287492486384149
1576,315200,rician,64,4.372971005722104,9.93526733441786,4.698969757413782,5.240608049307672,,8.519389780722175,200,7.484583856727488,7.484583856727488,7.224803526919515,7.224803526919515,0.25978032980797305,0.25978032980797305
1577,315400,rician,64,3.493347466129903,8.748828390887306,4.266775049353885,4.502144339946343,,8.519389780722175,200,7.312239063712083,7.312239063712083,7.200496414515961,7.200496414515961,0.11174264919612131,0.11174264919612131
1578,315600,rician,64,8.740978406888134,9.941940618944212,0.909445651498993,9.032494967445217,,8.519389780722175,200,7.30968503867617,7.30968503867617,7.222802288485289,7.222802288485289,0.0868827501908811,0.0868827501908811
1579,315800,rician,64,8.841141827161941,9.428327617319948,0.27049663398045254,9.157830983339492,,8.519389780722175,200,7.335089900175703,7.335089900175703,7.229324667104334,7.229324667104334,0.1057652330713692,0.1057652330713692
1580,316000,rician,64,6.583699752360295,9.432980727773154,2.5442972764576135,6.888683451315543,,8.519389780722175,200,7.272451147103444,7.272451147103444,7.219427817178659,7.219427817178659,0.053023329924785756,0.053023329924785756
1581,316200,rician,64,7.742385851500918,8.81753817496358,0.6588447360490708,8.158693438914513,,8.519389780722175,200,7.254022029730893,7.254022029730893,7.261770214269762,7.261770214269762,0.007748184538868941,0.007748184538868941
1582,316400,rician,64,5.718767521501333,7.8308096918779615,0.8656707679811818,6.965138923896778,,8.519389780722175,200,7.23973618910663,7.23973618910663,7.248357943765751,7.248357943765751,0.008621754659121628,0.008621754659121628
1583,316600,rician,64,6.944920607896721,8.053315991672571,0.608166564964877,7.445149426707686,,8.519389780722175,200,7.222021145706104,7.222021145706104,7.249103385848173,7.249103385848173,0.027082240142068947,0.027082240142068947
1584,316800,rician,64,9.037360957029588,9.60242815264902,0.23679125796200362,9.365636894687016,,8.519389780722175,200,7.3310199098935325,7.3310199098935325,7.285070858410467,7.285070858410467,0.04594905148306516,0.04594905148306516
1585,317000,rician,64,7.002757351501161,8.153977004377982,0.8120959385723295,7.3418810658056515,,8.519389780722175,200,7.289756827859511,7.289756827859511,7.276348155769628,7.276348155769628,0.013408672089883389,0.013408672089883389
1586,317200,rician,64,6.303290815964972,9.15100751445174,2.5194161607995857,6.631591353652154,,8.519389780722175,200,7.244731882427066,7.244731882427066,7.275779608469223,7.275779608469223,0.03104772604215622,0.03104772604215622
1587,317400,rician,64,6.213972578339082,7.805339928480119,1.2794590271940924,6.525880901286017,,8.519389780722175,200,7.171757326215925,7.171757326215925,7.288871099060276,7.288871099060276,0.11711377284435098,0.11711377284435098
1588,317600,rician,64,5.655144640614321,8.575946191185029,1.6942245653894061,6.881721625795625,,8.519389780722175,200,7.047061222768207,7.047061222768207,7.27326805922487,7.27326805922487,0.2262068364566634,0.2262068364566634
1589,317800,rician,64,8.140866520450167,9.336760176651183,0.8890127001412585,8.447747476509926,,8.519389780722175,200,7.040162196699429,7.040162196699429,7.27914215825766,7.27914215825766,0.23897996155823087,0.23897996155823087
1590,318000,rician,64,7.410900266193612,8.290158706554106,0.579292241742262,7.71086646481184,,8.519389780722175,200,7.106006134825961,7.106006134825961,7.2845047752978465,7.2845047752978465,0.17849864047188557,0.17849864047188557
1591,318200,rician,64,6.881892188108428,8.074276386542975,0.7804027018150667,7.293873684727902,,8.519389780722175,200,7.287208227581975,7.287208227581975,7.2788819002329594,7.2788819002329594,0.008326327349015727,0.008326327349015727
1592,318400,rician,64,6.191562743774841,8.174356128595132,1.5214473980205445,6.655482818126035,,8.519389780722175,200,7.274486921845913,7.274486921845913,7.281576793257451,7.281576793257451,0.007089871411538162,0.007089871411538162
1593,318600,rician,64,5.473377592254426,7.514900997687336,0.7515225304451612,6.763378467242174,,8.519389780722175,200,7.215680283290678,7.215680283290678,7.2892995395653335,7.2892995395653335,0.0736192562746556,0.0736192562746556
1594,318800,rician,64,8.531280940787,9.299256006287516,0.41191155178006916,8.887344454507447,,8.519389780722175,200,7.250407560918362,7.250407560918362,7.2893797102363225,7.2893797102363225,0.03897214931796089,0.03897214931796089
1595,319000,rician,64,7.479183684755807,9.504094169433499,1.546589130645494,7.957505038788,,8.519389780722175,200,7.392682691340653,7.392682691340653,7.296325793943534,7.296325793943534,0.0963568973971185,0.0963568973971185
1596,319200,rician,64,7.4176503214913305,9.348891379396617,0.8266103980153581,8.522280981381256,,8.519389780722175,200,7.55676633794433,7.55676633794433,7.329028216981111,7.329028216981111,0.22773812096321855,0.22773812096321855
1597,319400,rician,64,7.388116446643859,9.308092734673727,1.5443273960417405,7.7637653386319885,,8.519389780722175,200,7.719847387878612,7.719847387878612,7.340680246092476,7.340680246092476,0.37916714178613553,0.37916714178613553
1598,319600,rician,64,6.742031202243984,8.396970660111458,1.18328744675878,7.213683213352679,,8.519389780722175,200,7.628906800173986,7.628906800173986,7.333196121079403,7.333196121079403,0.29571067909458293,0.29571067909458293
1599,319800,rician,64,6.525969419926514,7.8824420918773885,1.00397623574953,6.878465856127864,,8.519389780722175,200,7.514938543813405,7.514938543813405,7.339357878578311,7.339357878578311,0.17558066523509375,0.17558066523509375
1600,320000,rician,64,8.203591120367177,9.269979550164816,0.5728078660888066,8.69717168407601,8.452926439497675,8.452926439497675,200,7.605362955451429,7.605362955451429,7.352497153460657,7.352497153460657,0.25286580199077147,0.25286580199077147
1601,320200,rician,64,7.176312018989982,8.928013579948402,1.25099440282169,7.677019177126713,,8.452926439497675,200,7.581279242362038,7.581279242362038,7.354799985194831,7.354799985194831,0.22647925716720696,0.22647925716720696
1602,320400,rician,64,7.36736311989308,8.955830638708846,1.2159171588246271,7.739913479884219,,8.452926439497675,200,7.620017970161411,7.620017970161411,7.379527270438393,7.379527270438393,0.24049069972301762,0.24049069972301762
1603,320600,rician,64,7.403185477415135,8.889286575004295,1.1050190184380049,7.784267556566287,,8.452926439497675,200,7.63697387665434,7.63697387665434,7.373691825013326,7.373691825013326,0.2632820516410135,0.2632820516410135
1604,320800,rician,64,6.696551831993796,8.427631038644131,1.4304784440664464,6.997152594577693,,8.452926439497675,200,7.518549661648874,7.518549661648874,7.361199733552485,7.361199733552485,0.15734992809638904,0.15734992809638904
1605,321000,rician,64,5.503803816825387,8.145771633763147,1.2676945248402018,6.878077108922946,,8.452926439497675,200,7.495359463804739,7.495359463804739,7.347878216188628,7.347878216188628,0.1474812476161116,0.1474812476161116
1606,321200,rician,64,4.269455225734651,8.051833848097665,3.2735580292500086,4.788162033308992,,8.452926439497675,200,7.4031879977875805,7.4031879977875805,7.315161357928309,7.315161357928309,0.0880266398592715,0.0880266398592715
1607,321400,rician,64,6.57912815409772,8.044058304354175,1.176505325646304,6.867552978707866,,8.452926439497675,200,7.420271601658674,7.420271601658674,7.32735189493695,7.32735189493695,0.092919706721724,0.092919706721724
1608,321600,rician,64,7.982343900302956,9.012918636765098,0.5687119835553784,8.444206653209722,,8.452926439497675,200,7.498395853029377,7.498395853029377,7.3570956025072425,7.3570956025072425,0.1413002505221348,0.1413002505221348
1609,321800,rician,64,7.74432758778949,8.599957574688336,0.34508556425718845,8.254872010431152,,8.452926439497675,200,7.488752079725439,7.488752079725439,7.357121525610049,7.357121525610049,0.13163055411539037,0.13163055411539037
1610,322000,rician,64,5.159395377926947,8.890121592040616,3.4105854619233953,5.4795361301172205,,8.452926439497675,200,7.377185562990708,7.377185562990708,7.323902361606231,7.323902361606231,0.05328320138447751,0.05328320138447751
1611,322200,rician,64,7.659732087376228,8.497544080791872,0.5386163140338263,7.958927766758042,,8.452926439497675,200,7.410438267092216,7.410438267092216,7.3305171634953785,7.3305171634953785,0.07992110359683746,0.07992110359683746
1612,322400,rician,64,5.636050367686376,9.316052120754462,2.950438061312324,6.38810820179962,,8.452926439497675,200,7.397069536275895,7.397069536275895,7.393059723668108,7.393059723668108,0.004009812607787211,0.004009812607787211
1613,322600,rician,64,8.481128683712804,9.130184862327452,0.354430676123732,8.775754186203717,,8.452926439497675,200,7.497688322223972,7.497688322223972,7.410507501234996,7.410507501234996,0.08718082098897639,0.08718082098897639
1614,322800,rician,64,6.883971271172441,9.232082649868586,2.0524458375616703,7.183832473061284,,8.452926439497675,200,7.4125127231516625,7.4125127231516625,7.411002502412146,7.411002502412146,0.0015102207395161216,0.0015102207395161216
1615,323000,rician,64,7.101641285012744,7.997713376446937,0.3058445095823177,7.691868866864626,,8.452926439497675,200,7.3992309145554955,7.3992309145554955,7.415899024904705,7.415899024904705,0.016668110349209897,0.016668110349209897
1616,323200,rician,64,6.0914290509636295,8.13255750243556,1.7481795423682909,6.385951106252645,,8.452926439497675,200,7.292414420799064,7.292414420799064,7.398558462431825,7.398558462431825,0.10614404163276081,0.10614404163276081
1617,323400,rician,64,6.774058821322357,8.567947526434347,1.3808781643765011,7.18706936205784,,8.452926439497675,200,7.263579621970355,7.263579621970355,7.3860849801476505,7.3860849801476505,0.12250535817729524,0.12250535817729524
1618,323600,rician,64,6.826834136023584,9.333446676328917,2.158747911249383,7.174698765079533,,8.452926439497675,200,7.261630399556699,7.261630399556699,7.386909608349692,7.386909608349692,0.1252792087929926,0.1252792087929926
1619,323800,rician,64,5.8514133814712,7.997696595179627,1.464122258423329,6.533574336756301,,8.452926439497675,200,7.244385823588121,7.244385823588121,7.400763728086437,7.400763728086437,0.15637790449831623,0.15637790449831623
1620,324000,rician,64,8.353172821832269,9.717373823447573,1.0690652210636578,8.64830860238393,,8.452926439497675,200,7.241942669503517,7.241942669503517,7.429965952950283,7.429965952950283,0.1880232834467659,0.1880232834467659
1621,324200,rician,64,6.1659293178861265,8.02406753336133,1.3585430451033023,6.665524488258031,,8.452926439497675,200,7.191367935060083,7.191367935060083,7.410489699526858,7.410489699526858,0.21912176446677467,0.21912176446677467
1622,324400,rician,64,9.435169302995215,9.90601488406482,0.05038146367978414,9.855633420385027,,8.452926439497675,200,7.2971539320851235,7.2971539320851235,7.432377218278921,7.432377218278921,0.13522328619379742,0.13522328619379742
1623,324600,rician,64,7.79392814653109,8.625377387551303,0.5124524562299779,8.112924931321325,,8.452926439497675,200,7.3135868008228755,7.3135868008228755,7.435079827493662,7.435079827493662,0.12149302667078654,0.12149302667078654
1624,324800,rician,64,7.867335818481717,8.531042872229127,0.37795075825036994,8.153092113978756,,8.452926439497675,200,7.3713837767929276,7.3713837767929276,7.445686759810634,7.445686759810634,0.07430298301770666,0.07430298301770666
1625,325000,rician,64,7.949083795425144,8.852149334959705,0.42436037324386394,8.427788961715839,,8.452926439497675,200,7.448869369432572,7.448869369432572,7.454448566465896,7.454448566465896,0.005579197033323879,0.005579197033323879
1626,325200,rician,64,8.15897346317682,9.819673199066074,1.305997121344433,8.513676077721648,,8.452926439497675,200,7.635145071653206,7.635145071653206,7.46440369521981,7.46440369521981,0.17074137643339604,0.17074137643339604
1627,325400,rician,64,6.712768627540527,8.899895412238964,1.0677164240201447,7.8321789882188195,,8.452926439497675,200,7.683376372128753,7.683376372128753,7.508358472800989,7.508358472800989,0.1750178993277638,0.1750178993277638
1628,325600,rician,64,4.841116511102095,8.54999222872032,3.266110822502907,5.283991108804329,,8.452926439497675,200,7.525365594908484,7.525365594908484,7.482155119541977,7.482155119541977,0.04321047536650724,0.04321047536650724
1629,325800,rician,64,7.846852937381487,8.704938126894978,0.5171531044926038,8.187785022402371,,8.452926439497675,200,7.522011245507047,7.522011245507047,7.4908883156366475,7.4908883156366475,0.03112292987039922,0.03112292987039922
1630,326000,rician,64,5.250421772053893,8.028073314808536,2.0034240154653022,6.03772941182076,,8.452926439497675,200,7.549920909592224,7.549920909592224,7.474758055753808,7.474758055753808,0.0751628538384157,0.0751628538384157
1631,326200,rician,64,7.567637648450492,9.289176505643171,1.1575633858128127,8.131613119830357,,8.452926439497675,200,7.558555177245836,7.558555177245836,7.492669575542602,7.492669575542602,0.06588560170323365,0.06588560170323365
1632,326400,rician,64,6.589262258995555,8.843545372674967,1.9083129111834074,6.935232461491558,,8.452926439497675,200,7.585911390230434,7.585911390230434,7.4919438627033825,7.4919438627033825,0.09396752752705151,0.09396752752705151
1633,326600,rician,64,8.88720921683791,9.904570458333184,0.6570591115391202,9.24751134679407,,8.452926439497675,200,7.609499248259951,7.609499248259951,7.526881305231294,7.526881305231294,0.08261794302865688,0.08261794302865688
1634,326800,rician,64,5.794833002560264,8.60368761496123,2.422497103118518,6.181190511842716,,8.452926439497675,200,7.559367150199023,7.559367150199023,7.5102717860436545,7.5102717860436545,0.049095364155368415,0.049095364155368415
1635,327000,rician,64,7.270066903028746,8.595639386685551,0.9478475608483925,7.647791825837161,,8.452926439497675,200,7.557163298147652,7.557163298147652,7.502583797387903,7.502583797387903,0.0545795007597496,0.0545795007597496
1636,327200,rician,64,7.707105225187941,8.79816334041863,0.7197588312956134,8.078404509123017,,8.452926439497675,200,7.6417859682911695,7.6417859682911695,7.509559435472565,7.509559435472565,0.13222653281860453,0.13222653281860453
1637,327400,rician,64,6.761069828470903,7.9538132695370605,0.6475018274321972,7.306311442104863,,8.452926439497675,200,7.647748072293521,7.647748072293521,7.503680435790154,7.503680435790154,0.14406763650336707,0.14406763650336707
1638,327600,rician,64,5.328598074750509,7.533945146977446,1.6274514535932136,5.906493693384234,,8.452926439497675,200,7.584337818708756,7.584337818708756,7.485389817897013,7.485389817897013,0.09894800081174271,0.09894800081174271
1639,327800,rician,64,7.824341586961656,9.474317595787971,1.241779228810096,8.232538366977876,,8.452926439497675,200,7.669286020219833,7.669286020219833,7.4872610653977505,7.4872610653977505,0.18202495482208292,0.18202495482208292
1640,328000,rician,64,5.569931472876625,8.62803361530455,1.3029735334158794,7.3250600818886635,,8.452926439497675,200,7.603123594195071,7.603123594195071,7.49128530380099,7.49128530380099,0.11183829039408089,0.11183829039408089
1641,328200,rician,64,6.92290392794137,9.207927468758971,1.6900252291213036,7.517902239637668,,8.452926439497675,200,7.645742481764053,7.645742481764053,7.488864693238058,7.488864693238058,0.15687778852599532,0.15687778852599532
1642,328400,rician,64,8.750313620313289,9.624192050168045,0.3122123409969403,9.3119797091711,,8.452926439497675,200,7.618559796203357,7.618559796203357,7.524317746377209,7.524317746377209,0.09424204982614803,0.09424204982614803
1643,328600,rician,64,8.082272358530883,9.103624004249488,0.29756247790353174,8.806061526345955,,8.452926439497675,200,7.653216625954589,7.653216625954589,7.520585718935669,7.520585718935669,0.13263090701892022,0.13263090701892022
1644,328800,rician,64,0.9339723533314966,8.513501278593951,6.534563648259176,2.040887854623083,,8.452926439497675,200,7.347606412986805,7.347606412986805,7.459077201437333,7.459077201437333,0.1114707884505286,0.1114707884505286
1645,329000,rician,64,7.6342141605690355,8.60928502388667,0.5097859484895465,8.099499075397125,,8.452926439497675,200,7.331191918670868,7.331191918670868,7.47228561199615,7.47228561199615,0.1410936933252822,0.1410936933252822
1646,329200,rician,64,6.638857290650411,7.7668509557167,0.32544400294720055,7.441406952769498,,8.452926439497675,200,7.277578462423262,7.277578462423262,7.480020574999641,7.480020574999641,0.20244211257637978,0.20244211257637978
1647,329400,rician,64,6.70036503832923,7.969086601949576,0.38400887456779265,7.585077727381783,,8.452926439497675,200,7.26522339938141,7.26522339938141,7.480924881262488,7.480924881262488,0.2157014818810774,0.2157014818810774
1648,329600,rician,64,8.418428965627653,9.115092384039036,0.10215886093311077,9.012933523105918,,8.452926439497675,200,7.4516705200964894,7.4516705200964894,7.503337598423964,7.503337598423964,0.051667078327474414,0.051667078327474414
1649,329800,rician,64,6.514519979589014,8.82275842575167,0.7786491905909206,8.044109235160745,,8.452926439497675,200,7.444486730734407,7.444486730734407,7.496469015214835,7.496469015214835,0.0519822844804283,0.0519822844804283
1650,330000,rician,64,7.077429730613023,8.055272119364968,0.5136334100237294,7.541638709341237,7.648616495936642,7.648616495936642,200,7.519682195610431,7.519682195610431,7.49143092886183,7.49143092886183,0.02825126674860101,0.02825126674860101
1651,330200,rician,64,7.286528459252655,8.857105532664306,1.0559531917047917,7.801152340959523,,7.648616495936642,200,7.503159156666889,7.503159156666889,7.500235866535958,7.500235866535958,0.0029232901309317327,0.0029232901309317327
1652,330400,rician,64,6.016947440389481,9.617500831924007,2.7807955691827786,6.836705262741233,,7.648616495936642,200,7.498232796729373,7.498232796729373,7.480399557389304,7.480399557389304,0.017833239340069085,0.017833239340069085
1653,330600,rician,64,4.142168805617096,8.012710560083736,2.4114289995014313,5.608568262922777,,7.648616495936642,200,7.316285642535808,7.316285642535808,7.467562091039825,7.467562091039825,0.15127644850401634,0.15127644850401634
1654,330800,rician,64,6.932630479163301,8.144461814050505,0.24649183697020866,7.897969977080299,,7.648616495936642,200,7.402124615797687,7.402124615797687,7.486614729020365,7.486614729020365,0.08449011322267808,0.08449011322267808
1655,331000,rician,64,5.006344076098426,8.798583688131478,2.8389371006717337,5.959646587459738,,7.648616495936642,200,7.317717353878817,7.317717353878817,7.448652868578273,7.448652868578273,0.1309355146994564,0.1309355146994564
1656,331200,rician,64,6.6192948170079555,8.491216177633111,1.182189791929479,7.309026385703633,,7.648616495936642,200,7.279248447707848,7.279248447707848,7.450959806293979,7.450959806293979,0.17171135858613162,0.17171135858613162
1657,331400,rician,64,4.032384511018531,9.282792049522985,3.750303130005509,5.53248891951748,,7.648616495936642,200,7.190557321578479,7.190557321578479,7.426794293486611,7.426794293486611,0.23623697190813253,0.23623697190813253
1658,331600,rician,64,1.2625475524062744,7.934089111090274,6.157156444203322,1.9056490699180937,,7.648616495936642,200,6.9905150904051725,6.9905150904051725,7.355015029504156,7.355015029504156,0.3644999390989838,0.3644999390989838
1659,331800,rician,64,7.41186484525947,8.853985654131716,0.8764435447263331,7.977542109405378,,7.648616495936642,200,6.977765277526548,6.977765277526548,7.348293113064722,7.348293113064722,0.3705278355381738,0.3705278355381738
1660,332000,rician,64,6.718345236360679,8.125517126060073,0.6887156049784943,7.436801521081579,,7.648616495936642,200,6.983352349486192,6.983352349486192,7.341246543147931,7.341246543147931,0.357894193661739,0.357894193661739
1661,332200,rician,64,3.4840113524894827,7.877567952653899,3.460888556137209,4.417254878816471,,7.648616495936642,200,6.828319981445132,6.828319981445132,7.300146334072441,7.300146334072441,0.47182635262730876,0.47182635262730876
1662,332400,rician,64,6.037849107539764,8.602903004390496,1.3004064914613134,7.30249651292918,,7.648616495936642,200,6.727845821633037,6.727845821633037,7.300662741837912,7.300662741837912,0.5728169202048754,0.5728169202048754
1663,332600,rician,64,6.273032418044109,8.406047707743012,1.212016851225507,7.194030856517505,,7.648616495936642,200,6.6472442881416125,6.6472442881416125,7.294608547455905,7.294608547455905,0.6473642593142923,0.6473642593142923
1664,332800,rician,64,5.7315592432070135,8.244710316587083,1.3441748628897454,6.900535453697331,,7.648616495936642,200,6.890226668095326,6.890226668095326,7.291757285883494,7.291757285883494,0.40153061778816834,0.40153061778816834
1665,333000,rician,64,6.56315795460562,8.291912488944305,1.280820982093502,7.015102153870872,,7.648616495936642,200,6.836006822019014,6.836006822019014,7.280236880357343,7.280236880357343,0.44423005833832896,0.44423005833832896
1666,333200,rician,64,7.650614253822266,8.959718857712026,0.3327317821724849,8.626987075539537,,7.648616495936642,200,6.895285828157516,6.895285828157516,7.291185848489727,7.291185848489727,0.3959000203322107,0.3959000203322107
1667,333400,rician,64,7.076198296594551,8.407212353075671,0.06756686825258514,8.339645484823084,,7.648616495936642,200,6.933014216029581,6.933014216029581,7.294728583082868,7.294728583082868,0.3617143670532874,0.3617143670532874
1668,333600,rician,64,7.669160339650114,8.718564058703059,0.06821527629463814,8.650348782408422,,7.648616495936642,200,6.914884978994706,6.914884978994706,7.2874756339594535,7.2874756339594535,0.3725906549647471,0.3725906549647471
1669,333800,rician,64,7.188276894028459,8.729250970698816,0.3531038667425066,8.376147103956315,,7.648616495936642,200,6.931486872434483,6.931486872434483,7.285379825020161,7.285379825020161,0.353892952585678,0.353892952585678
1670,334000,rician,64,6.373461195141392,8.134292809647922,1.2930279850960733,6.841264824551841,,7.648616495936642,200,6.896468178195015,6.896468178195015,7.289852596242867,7.289852596242867,0.3933844180478525,0.3933844180478525
1671,334200,rician,64,7.248013740343577,8.755170784881107,0.6312848246283722,8.12388596025274,,7.648616495936642,200,6.912604859159676,6.912604859159676,7.334393137549318,7.334393137549318,0.4217882783896423,0.4217882783896423
1672,334400,rician,64,5.3626207971747455,8.888863263625382,1.5195111157112942,7.369352147914089,,7.648616495936642,200,6.939237203418318,6.939237203418318,7.338987569699986,7.338987569699986,0.39975036628166816,0.39975036628166816
1673,334600,rician,64,7.6364735326961295,9.789383364242603,1.7273102094758463,8.062073154766756,,7.648616495936642,200,7.061912448010515,7.061912448010515,7.340213188864185,7.340213188864185,0.27830074085366974,0.27830074085366974
1674,334800,rician,64,8.009353605874072,9.48263419087024,1.1023103741833988,8.38032381668685,,7.648616495936642,200,7.086030139990844,7.086030139990844,7.342088438011516,7.342088438011516,0.2560582980206725,0.2560582980206725
1675,335000,rician,64,6.817151864838805,8.623566845628792,1.0278085481757184,7.595758297453067,,7.648616495936642,200,7.1678357254905105,7.1678357254905105,7.366925996682625,7.366925996682625,0.1990902711921141,0.1990902711921141
1676,335200,rician,64,6.843738219867289,8.109885984585079,0.6390909301516476,7.470795054433432,,7.648616495936642,200,7.1759241589270015,7.1759241589270015,7.389227866733881,7.389227866733881,0.21330370780687957,0.21330370780687957
1677,335400,rician,64,6.812718622218444,8.443900583108466,1.2057128550076466,7.238187728100823,,7.648616495936642,200,7.261209099356168,7.261209099356168,7.416588300615428,7.416588300615428,0.15537920125925986,0.15537920125925986
1678,335600,rician,64,6.688936017069508,8.01302020821797,0.8006521143555321,7.212368093862447,,7.648616495936642,200,7.526545050553385,7.526545050553385,7.398387031879598,7.398387031879598,0.12815801867378696,0.12815801867378696
1679,335800,rician,64,6.552504631918899,8.435947630731162,1.1678465429295317,7.26810108780163,,7.648616495936642,200,7.491072999473198,7.491072999473198,7.379489732924221,7.379489732924221,0.1115832665489771,0.1115832665489771
1680,336000,rician,64,3.2779127484721626,7.901438831631039,4.2399567274507195,3.6905402409818624,,7.648616495936642,200,7.303759935468213,7.303759935468213,7.347508300820883,7.347508300820883,0.04374836535267068,0.04374836535267068
1681,336200,rician,64,7.154894412490356,8.124385244454182,0.5859803951211672,7.538404849333013,,7.648616495936642,200,7.45981743399404,7.45981743399404,7.341305414925069,7.341305414925069,0.11851201906897124,0.11851201906897124
1682,336400,rician,64,6.532147414765774,8.16016243015128,0.5462975498617905,7.613864880289487,,7.648616495936642,200,7.475385852362055,7.475385852362055,7.347792674488996,7.347792674488996,0.12759317787305857,0.12759317787305857
1683,336600,rician,64,7.285250681928865,8.22352737733877,0.5173893010306593,7.706138076308108,,7.648616495936642,200,7.500991213351587,7.500991213351587,7.350402560985,7.350402560985,0.15058865236658736,0.15058865236658736
1684,336800,rician,64,6.978161869732772,8.611714043303794,1.2968561444241884,7.320034975799065,,7.648616495936642,200,7.521966189456674,7.521966189456674,7.329946541796121,7.329946541796121,0.1920196476605529,0.1920196476605529
1685,337000,rician,64,6.954405998952718,7.791688957921451,0.44320125447909237,7.348487703442356,,7.648616495936642,200,7.538635466935247,7.538635466935247,7.33001260817249,7.33001260817249,0.208622858762757,0.208622858762757
1686,337200,rician,64,8.27704771329725,9.43180903420982,0.7684091865408288,8.663399847668995,,7.648616495936642,200,7.540456105541717,7.540456105541717,7.3503306931126575,7.3503306931126575,0.1901254124290599,0.1901254124290599
1687,337400,rician,64,5.004084503236447,7.612277860618869,1.87026917223711,5.742008688381748,,7.648616495936642,200,7.410574265719651,7.410574265719651,7.342491970983613,7.342491970983613,0.06808229473603777,0.06808229473603777
1688,337600,rician,64,6.697425002308253,8.314405086962678,0.8482535984262067,7.466151488536468,,7.648616495936642,200,7.351364401026055,7.351364401026055,7.348336269611022,7.348336269611022,0.0030281314150331085,0.0030281314150331085
1689,337800,rician,64,7.943977947665989,8.964653188458666,0.08459129450963553,8.880061893949035,,7.648616495936642,200,7.37656014052569,7.37656014052569,7.352659413785414,7.352659413785414,0.023900726740276212,0.023900726740276212
1690,338000,rician,64,4.4027174807697556,8.586436844484084,3.514292945181462,5.108577502134477,,7.648616495936642,200,7.289925774404821,7.289925774404821,7.326636524158639,7.326636524158639,0.036710749753817495,0.036710749753817495
1691,338200,rician,64,8.047119541382742,9.333651636321168,0.8531554538413735,8.480496182479795,,7.648616495936642,200,7.307756285516175,7.307756285516175,7.338502749136159,7.338502749136159,0.030746463619984787,0.030746463619984787
1692,338400,rician,64,6.686428051468694,8.104070110932055,0.9311251888107541,7.1729449221212995,,7.648616495936642,200,7.297935924226534,7.297935924226534,7.343677370176109,7.343677370176109,0.04574144594957463,0.04574144594957463
1693,338600,rician,64,6.092919450680523,7.655091308115068,0.479083126673618,7.176008181441451,,7.648616495936642,200,7.253632675560271,7.253632675560271,7.347803667318105,7.347803667318105,0.09417099175783328,0.09417099175783328
1694,338800,rician,64,6.988320159446413,8.248060116829226,0.5972549851295845,7.650805131699642,,7.648616495936642,200,7.217156741310911,7.217156741310911,7.335438274090024,7.335438274090024,0.1182815327791138,0.1182815327791138
1695,339000,rician,64,6.025072227497905,8.353130470387672,1.5474940505701846,6.805636419817482,,7.648616495936642,200,7.177650647429132,7.177650647429132,7.32391958790032,7.32391958790032,0.14626894047118721,0.14626894047118721
1696,339200,rician,64,6.851364538615744,7.706436582057748,0.4398972804282946,7.266539301629451,,7.648616495936642,200,7.167437859788931,7.167437859788931,7.311362171102802,7.311362171102802,0.14392431131387085,0.14392431131387085
1697,339400,rician,64,7.1496549392463535,9.028423993508797,1.3692152093516834,7.6592087841571095,,7.648616495936642,200,7.188488912591746,7.188488912591746,7.310316605558054,7.310316605558054,0.12182769296630802,0.12182769296630802
1698,339600,rician,64,7.489612204805587,9.381863406318518,1.5474613589915835,7.834402047326936,,7.648616495936642,200,7.21959061026497,7.21959061026497,7.316523793897797,7.316523793897797,0.0969331836328271,0.0969331836328271
1699,339800,rician,64,7.101966644976486,7.6354009735164,0.15844838995229168,7.476952583564106,,7.648616495936642,200,7.2300331850530934,7.2300331850530934,7.32250866117216,7.32250866117216,0.09247547611906626,0.09247547611906626
1700,340000,rician,64,8.09962440274507,9.560293658251325,1.0177787908701628,8.54251486738117,7.945497145482794,7.945497145482794,200,7.472631916373059,7.472631916373059,7.320962093005212,7.320962093005212,0.15166982336784685,0.15166982336784685
1701,340200,rician,64,7.0221838859821615,9.340774632858695,1.374391472284477,7.966383160574216,,7.945497145482794,200,7.4940308319351185,7.4940308319351185,7.323855732839686,7.323855732839686,0.1701750990954327,0.1701750990954327
1702,340400,rician,64,7.166364325982403,9.404984207544317,0.9406300051937863,8.46435420235054,,7.945497145482794,200,7.536555298038172,7.536555298038172,7.331100140064349,7.331100140064349,0.20545515797382308,0.20545515797382308
1703,340600,rician,64,5.094584395936582,9.317049286597612,2.9943061752389135,6.322743111358698,,7.945497145482794,200,7.467385549790701,7.467385549790701,7.316484895612274,7.316484895612274,0.15090065417842702,0.15090065417842702
1704,340800,rician,64,6.745294790177667,9.769955685165007,2.4117611616308845,7.358194523534128,,7.945497145482794,200,7.469293527177456,7.469293527177456,7.320095314901838,7.320095314901838,0.1491982122756177,0.1491982122756177
1705,341000,rician,64,7.495747855287172,9.01643335465492,0.9203462699900917,8.105229262092582,,7.945497145482794,200,7.507130605109968,7.507130605109968,7.332366836433534,7.332366836433534,0.17476376867643406,0.17476376867643406
1706,341200,rician,64,4.56548583077974,8.874260878348686,3.9516255200102077,4.922635358338483,,7.945497145482794,200,7.320092380643442,7.320092380643442,7.333711569683829,7.333711569683829,0.01361918904038717,0.01361918904038717
1707,341400,rician,64,5.663290118217989,7.998218910488926,1.982454805103776,6.015764105385156,,7.945497145482794,200,7.333780151493611,7.333780151493611,7.325193680950602,7.325193680950602,0.008586470543009206,0.008586470543009206
1708,341600,rician,64,8.596790797825012,9.139394120812181,0.17595620998787548,8.9634379108243,,7.945497145482794,200,7.408644472608003,7.408644472608003,7.330385993526748,7.330385993526748,0.0782584790812555,0.0782584790812555
1709,341800,rician,64,7.246247644028085,9.300567935559965,0.5380701105945542,8.762497824965413,,7.945497145482794,200,7.402766269158822,7.402766269158822,7.335462251672089,7.335462251672089,0.06730401748673298,0.06730401748673298
1710,342000,rician,64,7.3516362653638545,8.665442985436073,0.4004270228199592,8.265015962616108,,7.945497145482794,200,7.560588192182903,7.560588192182903,7.363317049997078,7.363317049997078,0.19727114218582464,0.19727114218582464
1711,342200,rician,64,4.638876699496836,9.09161554901463,2.2282307677609654,6.8633847812536715,,7.945497145482794,200,7.479732622121597,7.479732622121597,7.352361620142034,7.352361620142034,0.1273710019795633,0.1273710019795633
1712,342400,rician,64,6.311134009003638,7.933721393449086,0.6947543220848893,7.238967071364194,,7.945497145482794,200,7.483033729583741,7.483033729583741,7.36087020883768,7.36087020883768,0.12216352074606096,0.12216352074606096
1713,342600,rician,64,6.75486199178446,7.632000261844545,0.36063246025439305,7.271367801590154,,7.945497145482794,200,7.487801710591176,7.487801710591176,7.345826344991544,7.345826344991544,0.14197536559963186,0.14197536559963186
1714,342800,rician,64,6.19604067570913,7.819274649434487,0.9272532916064249,6.892021357828067,,7.945497145482794,200,7.449862521897598,7.449862521897598,7.342908233839213,7.342908233839213,0.10695428805838425,0.10695428805838425
1715,343000,rician,64,7.971250306524885,8.675549482407293,0.33082709627499846,8.344722386132297,,7.945497145482794,200,7.526816820213338,7.526816820213338,7.34943676903189,7.34943676903189,0.17738005118144873,0.17738005118144873
1716,343200,rician,64,7.142449700777998,8.34868964028681,0.671044334489126,7.677645305797685,,7.945497145482794,200,7.54737212042175,7.54737212042175,7.36235371102734,7.36235371102734,0.18501840939441028,0.18501840939441028
1717,343400,rician,64,7.14280565624784,8.156948499110065,0.17933673801308941,7.97761176109697,,7.945497145482794,200,7.563292269268745,7.563292269268745,7.370259135017732,7.370259135017732,0.19303313425101276,0.19303313425101276
1718,343600,rician,64,6.242674824974522,7.743711830846353,0.48437839963598783,7.259333431210363,,7.945497145482794,200,7.534538838462915,7.534538838462915,7.371105481679041,7.371105481679041,0.16343335678387394,0.16343335678387394
1719,343800,rician,64,6.710905356714096,8.582121182762597,1.3818338129596928,7.200287369802903,,7.945497145482794,200,7.520705577774855,7.520705577774855,7.377772612009507,7.377772612009507,0.14293296576534775,0.14293296576534775
1720,344000,rician,64,7.500906904296771,8.78234012284488,0.7818551670471939,8.000484955797695,,7.945497145482794,200,7.493604082195681,7.493604082195681,7.371294375543645,7.371294375543645,0.122309706652036,0.122309706652036
1721,344200,rician,64,8.657292514233987,9.75997627131135,0.5490836116082501,9.210892659703097,,7.945497145482794,200,7.5558295571521255,7.5558295571521255,7.396748057258094,7.396748057258094,0.15908149989403153,0.15908149989403153
1722,344400,rician,64,6.2064050333706815,7.707850742186333,0.5286550569605873,7.179195685225739,,7.945497145482794,200,7.491571631295885,7.491571631295885,7.3699836799065,7.3699836799065,0.12158795138938494,0.12158795138938494
1723,344600,rician,64,6.794524147953606,9.268699590862566,1.2402025403759895,8.028497050486573,,7.945497145482794,200,7.57685932825228,7.57685932825228,7.369139401098152,7.369139401098152,0.20771992715412857,0.20771992715412857
1724,344800,rician,64,4.849150397676625,8.272490961344483,2.8915159196920444,5.380975041652432,,7.945497145482794,200,7.477998354158194,7.477998354158194,7.34141823037489,7.34141823037489,0.13658012378330397,0.13658012378330397
1725,345000,rician,64,7.274105608142219,7.814261966892152,0.05505862741528966,7.759203339476862,,7.945497145482794,200,7.460697058027408,7.460697058027408,7.334732374152498,7.334732374152498,0.12596468387491022,0.12596468387491022
1726,345200,rician,64,6.8692647427998725,9.109977803402751,1.794406796466609,7.31557100693615,,7.945497145482794,200,7.580343840457291,7.580343840457291,7.322751323444644,7.322751323444644,0.2575925170126476,0.2575925170126476
1727,345400,rician,64,2.866111013329801,8.903409270043335,5.644287336661045,3.3032389714664117,,7.945497145482794,200,7.444717583761355,7.444717583761355,7.277461923277119,7.277461923277119,0.16725566048423524,0.16725566048423524
1728,345600,rician,64,7.2479506339491095,9.781503094148016,2.1116641921939237,7.669838901954094,,7.945497145482794,200,7.380037633317843,7.380037633317843,7.301320401208618,7.301320401208618,0.07871723210922532,0.07871723210922532
1729,345800,rician,64,7.005457569150149,8.588105658289217,0.9798109269825902,7.608294731306627,,7.945497145482794,200,7.322327478634904,7.322327478634904,7.295525498297661,7.295525498297661,0.026801980337242348,0.026801980337242348
1730,346000,rician,64,6.506924384966151,8.649404379051054,1.648141329407016,7.001263049644036,,7.945497145482794,200,7.2591398329863015,7.2591398329863015,7.305160834675895,7.305160834675895,0.04602100168959389,0.04602100168959389
1731,346200,rician,64,5.368536756887294,7.737878214981165,1.0694633489034198,6.668414866077748,,7.945497145482794,200,7.249391337227503,7.249391337227503,7.290528852138371,7.290528852138371,0.0411375149108677,0.0411375149108677
1732,346400,rician,64,7.531602827193712,8.895427736698034,0.5585785736921345,8.336849163005898,,7.945497145482794,200,7.30428544180959,7.30428544180959,7.3045450191535135,7.3045450191535135,0.00025957734392356713,0.00025957734392356713
1733,346600,rician,64,6.719729051855621,7.997210476160521,0.7774927399113523,7.219717736249167,,7.945497145482794,200,7.301702938542542,7.301702938542542,7.284267083048064,7.284267083048064,0.017435855494477792,0.017435855494477792
1734,346800,rician,64,5.2660925782221035,8.354872795739324,1.9899751626226858,6.36489763311664,,7.945497145482794,200,7.27534675230697,7.27534675230697,7.286104154260803,7.286104154260803,0.01075740195383279,0.01075740195383279
1735,347000,rician,64,6.239441349916575,8.84771106108554,1.1376463428314918,7.710064718254043,,7.945497145482794,200,7.243613868913057,7.243613868913057,7.286726883184971,7.286726883184971,0.043113014271914274,0.043113014271914274
1736,347200,rician,64,7.366161822561615,8.326749189418123,0.42939268462597874,7.897356504792142,,7.945497145482794,200,7.254599428862778,7.254599428862778,7.284916403141661,7.284916403141661,0.030316974278883357,0.030316974278883357
1737,347400,rician,64,7.357533470408856,8.328643638659619,0.2513629156100298,8.077280723049594,,7.945497145482794,200,7.25958287696041,7.25958287696041,7.2926260959511096,7.2926260959511096,0.03304321899069951,0.03304321899069951
1738,347600,rician,64,6.793307590806146,8.133968470628895,0.5076680720800885,7.626300398548804,,7.945497145482794,200,7.277931225327333,7.277931225327333,7.309824163002755,7.309824163002755,0.031892937675421784,0.031892937675421784
1739,347800,rician,64,7.392244418259893,9.085460668633484,1.0467820925898037,8.038678576043669,,7.945497145482794,200,7.319850785639372,7.319850785639372,7.307885565093414,7.307885565093414,0.011965220545958388,0.011965220545958388
1740,348000,rician,64,8.32089338835291,8.858814919755362,0.030112281611271798,8.82870263814409,,7.945497145482794,200,7.361261669756691,7.361261669756691,7.322921990655968,7.322921990655968,0.03833967910072289,0.03833967910072289
1741,348200,rician,64,6.594265274093991,7.945249840583742,0.8570163692158267,7.088233471367917,,7.945497145482794,200,7.255128710339932,7.255128710339932,7.318625302973271,7.318625302973271,0.06349659263333951,0.06349659263333951
1742,348400,rician,64,4.599863847513351,8.865671197486675,3.8590242870497597,5.006646910436911,,7.945497145482794,200,7.146501271600489,7.146501271600489,7.27557197498593,7.27557197498593,0.12907070338544013,0.12907070338544013
1743,348600,rician,64,4.6952181302541085,8.945990309058491,3.853557967944415,5.111240381771379,,7.945497145482794,200,7.000638438164731,7.000638438164731,7.238623763540183,7.238623763540183,0.23798532537545203,0.23798532537545203
1744,348800,rician,64,6.984172360037861,8.018167707893669,0.09568156759942423,7.92248614029424,,7.945497145482794,200,7.127713993096821,7.127713993096821,7.297439746396893,7.297439746396893,0.16972575330007267,0.16972575330007267
1745,349000,rician,64,7.49789107915648,8.518937668207068,0.5225326961407584,7.9964049720663075,,7.945497145482794,200,7.139574074726293,7.139574074726293,7.296408805363585,7.296408805363585,0.15683473063729192,0.15683473063729192
1746,349200,rician,64,6.450915348095598,8.052953990805197,0.3471343634750566,7.705819627330137,,7.945497145482794,200,7.159086505745992,7.159086505745992,7.299052932109192,7.299052932109192,0.1399664263632001,0.1399664263632001
1747,349400,rician,64,5.286919025369761,8.237548809388867,1.532651278534093,6.70489753085477,,7.945497145482794,200,7.32916943371541,7.32916943371541,7.290251130143921,7.290251130143921,0.03891830357148862,0.03891830357148862
1748,349600,rician,64,7.8274441450970365,8.583928995768424,0.31475373600956136,8.269175259758864,,7.945497145482794,200,7.3591362516056495,7.3591362516056495,7.282813547510451,7.282813547510451,0.07632270409519837,0.07632270409519837
1749,349800,rician,64,6.057152619968386,7.991136362351382,1.4223995687449786,6.5687367936064005,,7.945497145482794,200,7.307158354720639,7.307158354720639,7.268059823094907,7.268059823094907,0.03909853162573196,0.03909853162573196
1750,350000,rician,64,6.849094925078531,8.079979644904192,0.7423839764312515,7.337595668472941,7.654842187780384,7.654842187780384,200,7.323974985662083,7.323974985662083,7.266019392686225,7.266019392686225,0.057955592975858394,0.057955592975858394
1751,350200,rician,64,6.493673131060487,8.816311518685628,1.779512898952872,7.036798619732758,,7.654842187780384,200,7.342394173344834,7.342394173344834,7.258375855473955,7.258375855473955,0.08401831787087932,0.08401831787087932
1752,350400,rician,64,7.0998835494318975,8.850152563275886,0.42384222558110773,8.426310337694776,,7.654842187780384,200,7.346867232079279,7.346867232079279,7.2742719062234915,7.2742719062234915,0.07259532585578743,0.07259532585578743
1753,350600,rician,64,9.161269007193647,10.526710840405922,0.9807048577810258,9.546005982624894,,7.654842187780384,200,7.463181644398065,7.463181644398065,7.313646283420513,7.313646283420513,0.14953536097755205,0.14953536097755205
1754,350800,rician,64,6.979133416245905,8.365829696756759,0.8286057070498508,7.537223989706903,,7.654842187780384,200,7.521797962227579,7.521797962227579,7.31003882354678,7.31003882354678,0.2117591386807991,0.2117591386807991
1755,351000,rician,64,6.848374730524093,8.247341164755058,1.0275104542420133,7.2198307105130395,,7.654842187780384,200,7.497286261840527,7.497286261840527,7.322640664777314,7.322640664777314,0.17464559706321303,0.17464559706321303
1756,351200,rician,64,1.8202206204756957,8.6547672794526,5.575367953194591,3.141971741434834,,7.654842187780384,200,7.259517023672662,7.259517023672662,7.280970118334626,7.280970118334626,0.021453094661963767,0.021453094661963767
1757,351400,rician,64,7.540370994178472,8.557017550260698,0.677846533701111,7.879171016559589,,7.654842187780384,200,7.249611538348162,7.249611538348162,7.304436939305046,7.304436939305046,0.05482540095688382,0.05482540095688382
1758,351600,rician,64,6.029322538988529,7.916094921710028,1.054452175510407,6.86164274619962,,7.654842187780384,200,7.211378655730701,7.211378655730701,7.353996876067862,7.353996876067862,0.14261822033716154,0.14261822033716154
1759,351800,rician,64,7.839428381636623,8.911727366007629,0.6973299011834284,8.214397464824195,,7.654842187780384,200,7.220164600169729,7.220164600169729,7.35636542962205,7.35636542962205,0.1362008294523216,0.1362008294523216
1760,352000,rician,64,6.714026799118005,8.8009832587598,1.4894303486144003,7.311552910145397,,7.654842187780384,200,7.144307113769793,7.144307113769793,7.3551129435126885,7.3551129435126885,0.2108058297428954,0.2108058297428954
1761,352200,rician,64,8.471406620924911,9.285440538949448,0.024145504001946115,9.261295034947507,,7.654842187780384,200,7.252960191948771,7.252960191948771,7.403553345073998,7.403553345073998,0.15059315312522692,0.15059315312522692
1762,352400,rician,64,5.775966694336114,7.811325444122132,0.6011903429513009,7.210135101170833,,7.654842187780384,200,7.363134601485468,7.363134601485468,7.402629730956415,7.402629730956415,0.039495129470946466,0.039495129470946466
1763,352600,rician,64,6.557722227684479,7.51468238085886,0.3916234307078205,7.123058950151042,,7.654842187780384,200,7.463725529904451,7.463725529904451,7.40192001189275,7.40192001189275,0.061805518011700755,0.061805518011700755
1764,352800,rician,64,8.098051366923103,9.065480788621933,0.2872763129708513,8.778204475651084,,7.654842187780384,200,7.5065114466722935,7.5065114466722935,7.420696702112288,7.420696702112288,0.0858147445600057,0.0858147445600057
1765,353000,rician,64,3.088227132603075,8.460881908720776,4.052986785467167,4.419135717343019,,7.654842187780384,200,7.327647983936129,7.327647983936129,7.39473703774701,7.39473703774701,0.06708905381088126,0.06708905381088126
1766,353200,rician,64,6.091013362722671,8.268720552253184,1.5417357176016249,6.726984834651557,,7.654842187780384,200,7.278706244302201,7.278706244302201,7.375737015338131,7.375737015338131,0.0970307710359295,0.0970307710359295
1767,353400,rician,64,5.357542376501724,7.702362361767538,0.5505072233729167,7.151855138394624,,7.654842187780384,200,7.301054124679193,7.301054124679193,7.363859111873845,7.363859111873845,0.0628049871946521,0.0628049871946521
1768,353600,rician,64,7.151015229198376,8.210086000738244,0.5760191881291302,7.634066812609111,,7.654842187780384,200,7.2692987023217075,7.2692987023217075,7.353696292175852,7.353696292175852,0.08439758985414425,0.08439758985414425
1769,353800,rician,64,8.131289399679266,9.515371402454827,0.982396935113854,8.532974467340969,,7.654842187780384,200,7.367510586008436,7.367510586008436,7.3552645658097,7.3552645658097,0.012246020198736218,0.012246020198736218
1770,354000,rician,64,7.907556699476046,8.776321809790938,0.40333034857527794,8.372991461215667,,7.654842187780384,200,7.419280375645572,7.419280375645572,7.370581832176336,7.370581832176336,0.048698543469235744,0.048698543469235744
1771,354200,rician,64,6.463515243048132,9.295075135787908,1.5613156973318716,7.733759438456028,,7.654842187780384,200,7.454128416581733,7.454128416581733,7.366680566958369,7.366680566958369,0.0874478496233646,0.0874478496233646
1772,354400,rician,64,8.527286848912281,9.634088761175786,0.48650078309343575,9.147587978082349,,7.654842187780384,200,7.490192298601113,7.490192298601113,7.384462925260051,7.384462925260051,0.10572937334106225,0.10572937334106225
1773,354600,rician,64,8.247974804541592,9.238331764325547,0.5838971407996193,8.65443462352594,,7.654842187780384,200,7.445613730646164,7.445613730646164,7.390386539947643,7.390386539947643,0.055227190698520445,0.055227190698520445
1774,354800,rician,64,7.300175392631314,9.014935910309722,0.7216275233657481,8.293308386943975,,7.654842187780384,200,7.483417950508018,7.483417950508018,7.389516385650214,7.389516385650214,0.09390156485780388,0.09390156485780388
1775,355000,rician,64,6.883398731474702,8.561001320616988,1.2602825641205044,7.300718756496483,,7.654842187780384,200,7.48746235280719,7.48746235280719,7.38656599024065,7.38656599024065,0.10089636256654,0.10089636256654
1776,355200,rician,64,7.599542206641401,8.565238922483173,0.6522124636512695,7.913026458831911,,7.654842187780384,200,7.7260150886770464,7.7260150886770464,7.390988304284636,7.390988304284636,0.3350267843924106,0.3350267843924106
1777,355400,rician,64,8.495527888948237,9.642075439128591,0.6366746566709438,9.005400782457656,,7.654842187780384,200,7.782326576971949,7.782326576971949,7.408660434828203,7.408660434828203,0.3736661421437457,0.3736661421437457
1778,355600,rician,64,7.824580275071672,9.151900813005033,1.0000362884197196,8.151864524585315,,7.654842187780384,200,7.8468376658912335,7.8468376658912335,7.418055399135431,7.418055399135431,0.42878226675580233,0.42878226675580233
1779,355800,rician,64,6.191073285119165,8.218740570983151,1.1938345762371394,7.024905994746004,,7.654842187780384,200,7.787363092387324,7.787363092387324,7.415623448204875,7.415623448204875,0.37173964418244854,0.37173964418244854
1780,356000,rician,64,4.960111454046402,8.40803012683256,3.0523009870017166,5.359749268552666,,7.654842187780384,200,7.689772910307687,7.689772910307687,7.432315538480583,7.432315538480583,0.2574573718271038,0.2574573718271038
1781,356200,rician,64,7.925885277315176,9.886321876910202,1.403074255246365,8.48324762166384,,7.654842187780384,200,7.6508705396435035,7.6508705396435035,7.44176396620389,7.44176396620389,0.20910657343961336,0.20910657343961336
1782,356400,rician,64,5.997327435210318,8.73004788399411,2.2402120548054394,6.4898358291886655,,7.654842187780384,200,7.614855576044396,7.614855576044396,7.430523675692883,7.430523675692883,0.1843319003515127,0.1843319003515127
1783,356600,rician,64,7.400405087357991,9.467708056281433,0.8022039307298683,8.665504125551562,,7.654842187780384,200,7.691977834814423,7.691977834814423,7.440117336185319,7.440117336185319,0.25186049862910487,0.25186049862910487
1784,356800,rician,64,6.369469498291133,9.90897642766832,2.334756392603165,7.574220035065154,,7.654842187780384,200,7.631778612785126,7.631778612785126,7.442659186777978,7.442659186777978,0.18911942600714848,0.18911942600714848
1785,357000,rician,64,7.633626915714415,9.014702598275234,1.0077367870064509,8.006965811268776,,7.654842187780384,200,7.811170117481413,7.811170117481413,7.449243967856242,7.449243967856242,0.36192614962517045,0.36192614962517045
1786,357200,rician,64,8.436263964293016,9.58283610794038,0.7416938386190157,8.84114226932136,,7.654842187780384,200,7.9168779892149015,7.9168779892149015,7.451021392072765,7.451021392072765,0.46585659714213623,0.46585659714213623
1787,357400,rician,64,7.58054461285302,8.909441808656885,0.1037402337685137,8.805701574888367,,7.654842187780384,200,7.999570311039589,7.999570311039589,7.481658320937832,7.481658320937832,0.5179119901017568,0.5179119901017568
1788,357600,rician,64,5.409434016149414,7.922163480206407,2.144112364706704,5.778687044652903,,7.654842187780384,200,7.906801322641779,7.906801322641779,7.464783676498996,7.464783676498996,0.4420176461427827,0.4420176461427827
1789,357800,rician,64,7.411902966675324,8.620786683740528,0.8776004731639544,7.74318621057657,,7.654842187780384,200,7.8673119098035595,7.8673119098035595,7.453414919665273,7.453414919665273,0.4138969901382863,0.4138969901382863
1790,358000,rician,64,6.181599733269963,7.776320457847893,0.7050482179945076,7.071272239853386,,7.654842187780384,200,7.802225948735446,7.802225948735446,7.473041867042461,7.473041867042461,0.3291840816929845,0.3291840816929845
1791,358200,rician,64,1.8779682942490663,8.605243775721918,4.776193730743217,3.8668366491647506,,7.654842187780384,200,7.608879809270881,7.608879809270881,7.426905271709311,7.426905271709311,0.18197453756157067,0.18197453756157067
1792,358400,rician,64,5.750335439946701,8.031609361398727,0.8368423347259771,7.194767026672755,,7.654842187780384,200,7.511238761700403,7.511238761700403,7.427123492754824,7.427123492754824,0.08411526894557841,0.08411526894557841
1793,358600,rician,64,7.968462357236794,9.22304389209295,0.3855171856019098,8.837526706491042,,7.654842187780384,200,7.5203933658486575,7.5203933658486575,7.443738678005321,7.443738678005321,0.07665468784333651,0.07665468784333651
1794,358800,rician,64,7.476368340351387,8.909795265622664,0.9929085627693218,7.9168867028533425,,7.654842187780384,200,7.501572281644125,7.501572281644125,7.446399493716857,7.446399493716857,0.0551727879272681,0.0551727879272681
1795,359000,rician,64,7.897807377272784,9.16860414065906,0.9525825766593624,8.216021563999702,,7.654842187780384,200,7.547337422019285,7.547337422019285,7.46050334515868,7.46050334515868,0.08683407686060463,0.08683407686060463
1796,359200,rician,64,6.016937733282117,8.08410619396533,1.6849981767213087,6.399177694421468,,7.654842187780384,200,7.471644983798764,7.471644983798764,7.451829729086601,7.451829729086601,0.019815254712162833,0.019815254712162833
1797,359400,rician,64,6.872628516906871,8.748585511179904,0.7884573510764842,7.960128160103416,,7.654842187780384,200,7.419381352681052,7.419381352681052,7.454838922846063,7.454838922846063,0.035457570165011276,0.035457570165011276
1798,359600,rician,64,7.4253293999587955,8.656654854304604,0.8448580922782872,7.819199445733258,,7.654842187780384,200,7.402748098738449,7.402748098738449,7.454686896830126,7.454686896830126,0.05193879809167701,0.05193879809167701
1799,359800,rician,64,4.699708578368039,7.6958111162274365,1.9469451672768676,5.748865948950571,,7.654842187780384,200,7.3389460964486775,7.3389460964486775,7.437406030483991,7.437406030483991,0.09845993403531317,0.09845993403531317
1800,360000,rician,64,7.680442056183647,8.296327262902478,0.0923215699468693,8.204005692955604,7.61876583307613,7.61876583307613,200,7.481158917668824,7.481158917668824,7.434020938739734,7.434020938739734,0.047137978929089996,0.047137978929089996
1801,360200,rician,64,5.64339704759414,7.657514396252369,0.5662148437289357,7.09129955252343,,7.61876583307613,200,7.4115615142118045,7.4115615142118045,7.425270102659229,7.425270102659229,0.013708588447424397,0.013708588447424397
1802,360400,rician,64,6.954950445870832,8.59714706179697,1.1319481302216539,7.465198931575323,,7.61876583307613,200,7.460329669331136,7.460329669331136,7.415278549951474,7.415278549951474,0.045051119379661664,0.045051119379661664
1803,360600,rician,64,8.901294571646444,10.043742457570943,0.6697998421038702,9.373942615467069,,7.61876583307613,200,7.4957515938269115,7.4957515938269115,7.44579054499256,7.44579054499256,0.049961048834351374,0.049961048834351374
1804,360800,rician,64,5.282553861762998,8.094427755942009,2.141375390723775,5.962358802474191,,7.61876583307613,200,7.415158532197364,7.415158532197364,7.43183218778196,7.43183218778196,0.016673655584595437,0.016673655584595437
1805,361000,rician,64,7.024431020376674,7.862209234922568,0.40671436941254197,7.455494865510019,,7.61876583307613,200,7.387584984909426,7.387584984909426,7.425334843816134,7.425334843816134,0.037749858906707345,0.037749858906707345
1806,361200,rician,64,8.755579945487465,9.422900372071261,0.2931507487222536,9.129749623349001,,7.61876583307613,200,7.402015352610809,7.402015352610809,7.46740598646624,7.46740598646624,0.06539063385543109,0.06539063385543109
1807,361400,rician,64,7.514995002146927,8.711282035473229,0.845266744614691,7.866015290858532,,7.61876583307613,200,7.355031038409317,7.355031038409317,7.485908498320973,7.485908498320973,0.13087745991165622,0.13087745991165622
1808,361600,rician,64,6.203246804037094,8.702832728206047,1.3752565578798843,7.327576170326161,,7.61876583307613,200,7.43247549469298,7.43247549469298,7.4695498809159915,7.4695498809159915,0.0370743862230114,0.0370743862230114
1809,361800,rician,64,7.659745523167199,8.088021764661743,0.021255756788626564,8.066766007873108,,7.61876583307613,200,7.448654484557807,7.448654484557807,7.462592562745068,7.462592562745068,0.01393807818726156,0.01393807818726156
1810,362000,rician,64,5.596623297124437,7.707774651251099,0.864447366005978,6.8433272852451195,,7.61876583307613,200,7.437257236827394,7.437257236827394,7.448375675971358,7.448375675971358,0.011118439143964487,0.011118439143964487
1811,362200,rician,64,7.2007949298345375,9.072540885670175,1.4234201066292171,7.64912077904097,,7.61876583307613,200,7.626371443321204,7.626371443321204,7.45623303594923,7.45623303594923,0.17013840737197405,0.17013840737197405
1812,362400,rician,64,4.131153878609327,8.514134246949611,3.069277696539932,5.444856550409678,,7.61876583307613,200,7.538875919508049,7.538875919508049,7.438291930739686,7.438291930739686,0.1005839887683635,0.1005839887683635
1813,362600,rician,64,7.756115535814368,8.360721174262608,0.15602336909388295,8.204697805168724,,7.61876583307613,200,7.507234474441934,7.507234474441934,7.447625230775473,7.447625230775473,0.059609243666461253,0.059609243666461253
1814,362800,rician,64,6.0054873442952434,9.148700023983206,2.204293249883192,6.944406774100015,,7.61876583307613,200,7.4586104780042675,7.4586104780042675,7.4481490849381915,7.4481490849381915,0.010461393066075964,0.010461393066075964
1815,363000,rician,64,8.155986706723798,9.515564927729487,0.9551181278266901,8.5604467999028,,7.61876583307613,200,7.475831739799422,7.475831739799422,7.450306329075897,7.450306329075897,0.025525410723525432,0.025525410723525432
1816,363200,rician,64,7.6986712821710785,9.592192101321098,1.5195256703693918,8.072666430951706,,7.61876583307613,200,7.559506176625933,7.559506176625933,7.454256540327438,7.454256540327438,0.10524963629849537,0.10524963629849537
1817,363400,rician,64,8.612645783834987,9.285620368676797,0.1493214342198801,9.136298934456917,,7.61876583307613,200,7.61831471534361,7.61831471534361,7.465843412061036,7.465843412061036,0.15247130328257352,0.15247130328257352
1818,363600,rician,64,6.840003483232201,8.394945552523678,0.2471643524611688,8.147781200062509,,7.61876583307613,200,7.634743803060071,7.634743803060071,7.474727889749557,7.474727889749557,0.1600159133105139,0.1600159133105139
1819,363800,rician,64,6.052948965722516,8.8915621184793,2.199427320084035,6.692134798395265,,7.61876583307613,200,7.681907245532308,7.681907245532308,7.469646364035481,7.469646364035481,0.2122608814968272,0.2122608814968272
1820,364000,rician,64,4.649330253695931,8.033276107106865,3.025693891651802,5.031069785024352,,7.61876583307613,200,7.523260450135744,7.523260450135744,7.439952212327748,7.439952212327748,0.08330823780799612,0.08330823780799612
1821,364200,rician,64,3.0536596762460424,7.904610071335473,4.05749877799166,3.8681492885800575,,7.61876583307613,200,7.362102936938577,7.362102936938577,7.386524778616518,7.386524778616518,0.024421841677940925,0.024421841677940925
1822,364400,rician,64,7.15592482418998,8.478731270856153,0.9142387836010207,7.564492487255137,,7.61876583307613,200,7.3670676147225675,7.3670676147225675,7.390377746636812,7.390377746636812,0.02331013191424436,0.02331013191424436
1823,364600,rician,64,6.13080945951936,8.593878278403642,1.1740492155865156,7.419829062817123,,7.61876583307613,200,7.2693619370900695,7.2693619370900695,7.384291066760118,7.384291066760118,0.11492912967004809,0.11492912967004809
1824,364800,rician,64,7.236562811439712,8.460206218254553,0.7434354709061679,7.716770747348384,,7.61876583307613,200,7.357082534333779,7.357082534333779,7.407649023817077,7.407649023817077,0.05056648948329823,0.05056648948329823
1825,365000,rician,64,7.9730891604271354,9.353147376418677,0.44236938045932733,8.910777995959352,,7.61876583307613,200,7.429846690856246,7.429846690856246,7.419164770381903,7.419164770381903,0.010681920474343798,0.010681920474343798
1826,365200,rician,64,6.8058667954577245,7.910871031324936,0.6828326146584882,7.236190893278548,,7.61876583307613,200,7.335168754352724,7.335168754352724,7.418370969245327,7.418370969245327,0.08320221489260327,0.08320221489260327
1827,365400,rician,64,6.481208518072018,7.852503172455935,0.9700698021491498,6.882433370306785,,7.61876583307613,200,7.285989658325136,7.285989658325136,7.4541629132337315,7.4541629132337315,0.16817325490859591,0.16817325490859591
1828,365600,rician,64,6.820390120913502,8.033760088992423,0.7896324981236574,7.244127590868767,,7.61876583307613,200,7.281817229352266,7.281817229352266,7.4499058001228775,7.4499058001228775,0.16808857077061123,0.16808857077061123
1829,365800,rician,64,6.505416430895216,9.089343419052177,2.1408517876736832,6.948491631378496,,7.61876583307613,200,7.225903510527535,7.225903510527535,7.443307769123596,7.443307769123596,0.21740425859606116,0.21740425859606116
1830,366000,rician,64,7.323017523331141,8.26444759587057,0.5201157768280663,7.744331819042511,,7.61876583307613,200,7.270953737217404,7.270953737217404,7.4507384568175805,7.4507384568175805,0.1797847196001765,0.1797847196001765
1831,366200,rician,64,8.11801708270866,9.162832567799487,0.4763381666022956,8.68649440119719,,7.61876583307613,200,7.322822418325217,7.322822418325217,7.470919252168773,7.470919252168773,0.14809683384355665,0.14809683384355665
1832,366400,rician,64,9.141620918110036,9.806657141384502,0.26047604090818127,9.546181100476318,,7.61876583307613,200,7.527888645828549,7.527888645828549,7.483012571543478,7.483012571543478,0.0448760742850709,0.0448760742850709
1833,366600,rician,64,7.407590069354117,8.413041916035139,0.56741183239155,7.845630083643597,,7.61876583307613,200,7.509935259752291,7.509935259752291,7.489271695017424,7.489271695017424,0.020663564734867634,0.020663564734867634
1834,366800,rician,64,7.678813238218399,8.252727227961206,0.16482933326351215,8.087897894697686,,7.61876583307613,200,7.567109815782175,7.567109815782175,7.506501697633233,7.506501697633233,0.060608118148941514,0.060608118148941514
1835,367000,rician,64,7.507503364943691,8.714391527329436,0.2534633277056623,8.46092819962377,,7.61876583307613,200,7.562133885768223,7.562133885768223,7.514010332446933,7.514010332446933,0.04812355332129048,0.04812355332129048
1836,367200,rician,64,7.6139954243835435,8.356091878144209,0.3426959093244359,8.013395968819776,,7.61876583307613,200,7.559170362661627,7.559170362661627,7.515170727087208,7.515170727087208,0.043999635574419216,0.043999635574419216
1837,367400,rician,64,6.798688680366642,7.9791799770799985,0.6913374660121467,7.287842511067845,,7.61876583307613,200,7.466747541492174,7.466747541492174,7.507276344967391,7.507276344967391,0.040528803475217146,0.040528803475217146
1838,367600,rician,64,7.628321121246996,8.133692434244654,0.08147160309343011,8.052220831151217,,7.61876583307613,200,7.461969523046608,7.461969523046608,7.511535549293414,7.511535549293414,0.04956602624680606,0.04956602624680606
1839,367800,rician,64,6.988622884537859,9.723220465703184,1.6119119194145342,8.111308546288639,,7.61876583307613,200,7.532928210441279,7.532928210441279,7.512261848995864,7.512261848995864,0.02066636144541434,0.02066636144541434
1840,368000,rician,64,8.552669727083181,9.407338634679677,0.3479483273554168,9.059390307324264,,7.61876583307613,200,7.7343442365562725,7.7343442365562725,7.514568725687666,7.514568725687666,0.21977551086860636,0.21977551086860636
1841,368200,rician,64,6.388401811824775,8.758635790006482,1.0928136349105302,7.66582215509596,,7.61876583307613,200,7.924227879882066,7.924227879882066,7.520344612524946,7.520344612524946,0.40388326735712,0.40388326735712
1842,368400,rician,64,8.015407205520853,9.25798693556601,0.7650962621211043,8.492890673444911,,7.61876583307613,200,7.970647789191557,7.970647789191557,7.555207050155026,7.555207050155026,0.4154407390365309,0.4154407390365309
1843,368600,rician,64,6.035113487813437,8.172348033178844,1.6906387491730013,6.48170928400585,,7.61876583307613,200,7.923741800250994,7.923741800250994,7.568911739177371,7.568911739177371,0.35483006107362325,0.35483006107362325
1844,368800,rician,64,7.242403819633871,8.172289414675594,0.22821180938304267,7.944077605292555,,7.61876583307613,200,7.935107143148203,7.935107143148203,7.569127653827353,7.569127653827353,0.3659794893208499,0.3659794893208499
1845,369000,rician,64,8.584696325046885,9.452051398408168,0.5406405679523317,8.911410830455834,,7.61876583307613,200,7.935138784873027,7.935138784873027,7.578277712411249,7.578277712411249,0.35686107246177823,0.35686107246177823
1846,369200,rician,64,5.11101678324786,7.816139437482157,1.412917970174341,6.4032214673078185,,7.61876583307613,200,7.893490313574491,7.893490313574491,7.565251730811026,7.565251730811026,0.32823858276346485,0.32823858276346485
1847,369400,rician,64,6.992760663322992,9.173211518044836,0.930244217153288,8.242967300891545,,7.61876583307613,200,7.9615170101037265,7.9615170101037265,7.580632428511394,7.580632428511394,0.3808845815923325,0.3808845815923325
1848,369600,rician,64,4.942018413814505,7.708220964367824,0.5877492607405674,7.120471703627251,,7.61876583307613,200,7.955334215741651,7.955334215741651,7.569145392950077,7.569145392950077,0.3861888227915742,0.3861888227915742
1849,369800,rician,64,7.616635800180978,8.592742726659894,0.5676139605846084,8.025128766075285,,7.61876583307613,200,8.009166072476491,8.009166072476491,7.583709312674768,7.583709312674768,0.42545675980172337,0.42545675980172337
1850,370000,rician,64,5.849704228905519,9.764539694902806,3.589708627431923,6.174831067470883,8.409182501959759,8.409182501959759,200,7.93069103489791,7.93069103489791,7.572081666664746,7.572081666664746,0.3586093682331635,0.3586093682331635
1851,370200,rician,64,6.691882742614967,9.186121126618593,1.8291081318679987,7.357012994750597,,8.409182501959759,200,7.86421696457558,7.86421696457558,7.575283810414923,7.575283810414923,0.2889331541606568,0.2889331541606568
1852,370400,rician,64,7.214360510950883,8.766350486320073,1.1812023570781358,7.585148129241941,,8.409182501959759,200,7.766165316013861,7.766165316013861,7.566872188330396,7.566872188330396,0.19929312768346552,0.19929312768346552
1853,370600,rician,64,7.986190609907245,8.729939182661157,0.4093603260186969,8.320578856642467,,8.409182501959759,200,7.7899127546638045,7.7899127546638045,7.55461791707057,7.55461791707057,0.23529483759323444,0.23529483759323444
1854,370800,rician,64,7.90376188831728,8.307390127887963,0.026221073021958217,8.281169054866004,,8.409182501959759,200,7.799576312672221,7.799576312672221,7.562057367722161,7.562057367722161,0.2375189449500592,0.2375189449500592
1855,371000,rician,64,8.667300773254075,9.252917102621845,0.23191609312307004,9.021001009498775,,8.409182501959759,200,7.827579953165971,7.827579953165971,7.5800690707120175,7.5800690707120175,0.24751088245395358,0.24751088245395358
1856,371200,rician,64,8.55081805047358,9.8450200961883,0.9446519745119658,8.900368121676337,,8.409182501959759,200,7.8719285608088,7.8719285608088,7.637653034514435,7.637653034514435,0.23427552629436477,0.23427552629436477
1857,371400,rician,64,6.522044039297032,7.965788082229398,1.070160868353213,6.895627213876185,,8.409182501959759,200,7.852317795949217,7.852317795949217,7.6278175964876,7.6278175964876,0.22450019946161692,0.22450019946161692
1858,371600,rician,64,7.946080789029112,9.163058214593638,0.8353836635484695,8.327674551045162,,8.409182501959759,200,7.866090481943914,7.866090481943914,7.642477914536056,7.642477914536056,0.22361256740785773,0.22361256740785773
1859,371800,rician,64,6.938913329626752,7.677079437234812,0.2501185361031876,7.4269609011316176,,8.409182501959759,200,7.831873099686064,7.831873099686064,7.634603548899129,7.634603548899129,0.19726955078693464,0.19726955078693464
1860,372000,rician,64,4.97994129496275,8.727216042829362,2.285313594087644,6.444059198673728,,8.409182501959759,200,7.701106544253536,7.701106544253536,7.625928611784412,7.625928611784412,0.07517793246912419,0.07517793246912419
1861,372200,rician,64,6.384219028645621,8.067465832328123,1.1782053307549865,6.8892605015731325,,8.409182501959759,200,7.662278461577394,7.662278461577394,7.602208266450669,7.602208266450669,0.06007019512672507,0.06007019512672507
1862,372400,rician,64,8.935139357094862,9.887000234594662,0.4500415266418422,9.436958707952822,,8.409182501959759,200,7.709481863302789,7.709481863302789,7.624476502518488,7.624476502518488,0.08500536078430088,0.08500536078430088
1863,372600,rician,64,5.589537580121441,8.533699860078295,1.229886603567949,7.303813256510344,,8.409182501959759,200,7.750587061928013,7.750587061928013,7.626284045582083,7.626284045582083,0.12430301634593022,0.12430301634593022
1864,372800,rician,64,5.700538748114569,7.688331540580429,1.0305017263197611,6.657829814260665,,8.409182501959759,200,7.686274672376419,7.686274672376419,7.605080298968179,7.605080298968179,0.08119437340823943,0.08119437340823943
1865,373000,rician,64,8.754046422198824,9.683013177370219,0.538019641377934,9.144993535992278,,8.409182501959759,200,7.697953807653242,7.697953807653242,7.652338877154671,7.652338877154671,0.04561493049857113,0.04561493049857113
1866,373200,rician,64,5.605115595919296,7.81573334218451,1.6963328444065064,6.119400497778008,,8.409182501959759,200,7.6837627591767514,7.6837627591767514,7.646263033785935,7.646263033785935,0.03749972539081625,0.03749972539081625
1867,373400,rician,64,7.429429105651671,9.11574693460298,1.2944374908713594,7.821309443731619,,8.409182501959759,200,7.662679866318754,7.662679866318754,7.652957576839306,7.652957576839306,0.00972228947944842,0.00972228947944842
1868,373600,rician,64,7.3521884665736925,9.127256929757023,0.6515272592887995,8.475729670468223,,8.409182501959759,200,7.730442764660803,7.730442764660803,7.661374205417896,7.661374205417896,0.06906855924290678,0.06906855924290678
1869,373800,rician,64,7.323089578915483,8.483390859886946,0.5878566502739739,7.895534209612969,,8.409182501959759,200,7.723963036837688,7.723963036837688,7.654999802840615,7.654999802840615,0.06896323399707249,0.06896323399707249
1870,374000,rician,64,6.936188393762867,8.98603805087085,0.6308075388942773,8.355230511976584,,8.409182501959759,200,7.832983009062973,7.832983009062973,7.654822193348225,7.654822193348225,0.1781608157147483,0.1781608157147483
1871,374200,rician,64,6.039776766324646,7.998999123334578,0.394362582649893,7.604636540684688,,8.409182501959759,200,7.845364186359676,7.845364186359676,7.653530964370512,7.653530964370512,0.19183322198916386,0.19183322198916386
1872,374400,rician,64,9.013849377023293,9.568770927274638,0.1436317511681747,9.425139176106462,,8.409182501959759,200,7.937363738702902,7.937363738702902,7.656306476350753,7.656306476350753,0.28105726235214856,0.28105726235214856
1873,374600,rician,64,7.613839310905459,8.16679702272655,0.16019405909032006,8.006602963636233,,8.409182501959759,200,7.92166494405259,7.92166494405259,7.6498281597518565,7.6498281597518565,0.2718367843007332,0.2718367843007332
1874,374800,rician,64,5.062498654918279,9.350685484112233,3.9185848335440463,5.43536845014103,,8.409182501959759,200,7.779374913816342,7.779374913816342,7.621248760383827,7.621248760383827,0.1581261534325158,0.1581261534325158
1875,375000,rician,64,7.495173049754441,8.458377431411641,0.5363222276672454,7.92205520374439,,8.409182501959759,200,7.724427623528622,7.724427623528622,7.627462124856306,7.627462124856306,0.09696549867231585,0.09696549867231585
1876,375200,rician,64,5.234079605914092,8.23930245181937,2.1706546033559793,6.068647848463395,,8.409182501959759,200,7.582841609867975,7.582841609867975,7.6090183387526205,7.6090183387526205,0.026176728884645506,0.026176728884645506
1877,375400,rician,64,5.1358005623422045,7.882731127850324,1.5090095990728014,6.373721528777523,,8.409182501959759,200,7.556746325613043,7.556746325613043,7.5827015462158185,7.5827015462158185,0.025955220602775775,0.025955220602775775
1878,375600,rician,64,6.12902659627293,7.768304934817043,0.514633143654722,7.253671791162321,,8.409182501959759,200,7.503046187618901,7.503046187618901,7.573719618881589,7.573719618881589,0.07067343126268799,0.07067343126268799
1879,375800,rician,64,5.34583154985439,8.105242179300095,2.1707008857811707,5.934944378004624,,8.409182501959759,200,7.428445361462553,7.428445361462553,7.562820002714176,7.562820002714176,0.13437464125162268,0.13437464125162268
1880,376000,rician,64,6.762797418902334,8.223121667539669,0.7826587835234015,7.440462884016271,,8.409182501959759,200,7.47826554572968,7.47826554572968,7.5836271388688115,7.5836271388688115,0.10536159313913185,0.10536159313913185
1881,376200,rician,64,7.693896980905106,8.40988216469725,0.34920575040580965,8.06067641429144,,8.409182501959759,200,7.5368363413655945,7.5368363413655945,7.579401426795089,7.579401426795089,0.04256508542949433,0.04256508542949433
1882,376400,rician,64,7.032997118610229,8.52872635133312,0.5339207069455734,7.994805644387538,,8.409182501959759,200,7.46472868818733,7.46472868818733,7.594451124947076,7.594451124947076,0.12972243675974582,0.12972243675974582
1883,376600,rician,64,8.085001161779962,9.962894856318533,1.2204699961704528,8.742424860148082,,8.409182501959759,200,7.536659268369216,7.536659268369216,7.595220332293041,7.595220332293041,0.05856106392382543,0.05856106392382543
1884,376800,rician,64,6.248812647940218,8.711072641708816,0.9894717323413291,7.721600909367484,,8.409182501959759,200,7.589847823124556,7.589847823124556,7.596694141036064,7.596694141036064,0.006846317911508137,0.006846317911508137
1885,377000,rician,64,8.2497292261394,9.096651984104184,0.3718772854586967,8.724774698645486,,8.409182501959759,200,7.5688368812572175,7.5688368812572175,7.60387222990983,7.60387222990983,0.035035348652612264,0.035035348652612264
1886,377200,rician,64,6.909465739224126,7.957211260583274,0.41899252065226095,7.538218739931009,,8.409182501959759,200,7.6397777933648685,7.6397777933648685,7.590842994615928,7.590842994615928,0.0489347987489408,0.0489347987489408
1887,377400,rician,64,7.26316324075362,8.258433274315353,0.156512842204421,8.101920432110932,,8.409182501959759,200,7.653808342783835,7.653808342783835,7.583805183188153,7.583805183188153,0.07000315959568137,0.07000315959568137
1888,377600,rician,64,2.966859507691889,7.911332052140049,4.404119154387725,3.5229359681540418,,8.409182501959759,200,7.406168657668125,7.406168657668125,7.561247672423165,7.561247672423165,0.1550790147550396,0.1550790147550396
1889,377800,rician,64,7.4576252005982315,8.286774910274866,0.343094305879364,7.943680604395497,,8.409182501959759,200,7.408575977407251,7.408575977407251,7.563252616361354,7.563252616361354,0.15467663895410322,0.15467663895410322
1890,378000,rician,64,8.712286715973976,9.500371617436032,0.32113886219436366,9.179232755241667,,8.409182501959759,200,7.449776089570504,7.449776089570504,7.584332221515236,7.584332221515236,0.13455613194473237,0.13455613194473237
1891,378200,rician,64,4.554958374607292,7.31099634429557,0.9751627214652929,6.3358336228302825,,8.409182501959759,200,7.386335943677784,7.386335943677784,7.609022191251892,7.609022191251892,0.22268624757410826,0.22268624757410826
1892,378400,rician,64,7.7861815929585445,9.540929984501878,1.269494688997004,8.271435295504872,,8.409182501959759,200,7.3286507496477045,7.3286507496477045,7.619788873940212,7.619788873940212,0.29113812429250796,0.29113812429250796
1893,378600,rician,64,5.5421433489787955,8.556427021470128,1.3125466080939996,7.243880413376131,,8.409182501959759,200,7.290514622134703,7.290514622134703,7.603852411009063,7.603852411009063,0.31333778887436026,0.31333778887436026
1894,378800,rician,64,7.286733634540384,8.607943034954118,0.7235747314696436,7.884368303484473,,8.409182501959759,200,7.412964614801872,7.412964614801872,7.603527227015377,7.603527227015377,0.19056261221350468,0.19056261221350468
1895,379000,rician,64,7.133046201351074,8.949983467251593,1.2831516187816987,7.666831848469901,,8.409182501959759,200,7.400203447038149,7.400203447038149,7.598035329860078,7.598035329860078,0.1978318828219292,0.1978318828219292
1896,379200,rician,64,7.001879364327923,8.169382040869136,0.5344127489165252,7.634969291952606,,8.409182501959759,200,7.478519519212609,7.478519519212609,7.6103932458353905,7.6103932458353905,0.13187372662278118,0.13187372662278118
1897,379400,rician,64,1.0086257745524951,8.834757114653337,6.889348528200917,2.052296958525038,,8.409182501959759,200,7.262448290699986,7.262448290699986,7.551314933819606,7.551314933819606,0.2888666431196203,0.2888666431196203
1898,379600,rician,64,7.289841628268605,8.552390077280261,0.04633477736915548,8.506055299911097,,8.409182501959759,200,7.3250674661374235,7.3250674661374235,7.558183492361385,7.558183492361385,0.23311602622396155,0.23311602622396155
1899,379800,rician,64,6.833358339699994,7.954134464447742,0.5879475106727882,7.366186953774955,,8.409182501959759,200,7.39662959492594,7.39662959492594,7.574356702409627,7.574356702409627,0.1777271074836868,0.1777271074836868
1900,380000,rician,64,8.629082095371771,9.176604684388792,0.016331784165652178,9.160272900223141,7.526586510234241,7.526586510234241,200,7.4826200957362845,7.4826200957362845,7.583919374482304,7.583919374482304,0.10129927874601918,0.10129927874601918
1901,380200,rician,64,6.494171203503554,8.02786423241999,0.6955722607800741,7.332291971639916,,7.526586510234241,200,7.446200873603706,7.446200873603706,7.586329298673467,7.586329298673467,0.14012842506976142,0.14012842506976142
1902,380400,rician,64,7.419625163262639,9.145780037550045,0.46375630145647034,8.682023736093585,,7.526586510234241,200,7.480561778189009,7.480561778189009,7.598497546718651,7.598497546718651,0.11793576852964183,0.11793576852964183
1903,380600,rician,64,5.338287206247913,8.565911237866562,2.0617438667255055,6.504167371141052,,7.526586510234241,200,7.3686489037386576,7.3686489037386576,7.569799794275391,7.569799794275391,0.2011508905367334,0.2011508905367334
1904,380800,rician,64,6.042845855658482,8.793683957656974,1.836633780472074,6.9570501771849065,,7.526586510234241,200,7.33042136712953,7.33042136712953,7.5797467080224985,7.5797467080224985,0.24932534089296876,0.24932534089296876
1905,381000,rician,64,7.127377105483247,7.952454940912265,0.2975935424048954,7.654861398507379,,7.526586510234241,200,7.276925702122623,7.276925702122623,7.5817403733524715,7.5817403733524715,0.30481467122984895,0.30481467122984895
1906,381200,rician,64,7.461197411366252,8.50499451711991,0.41440670242742284,8.090587814692483,,7.526586510234241,200,7.304544155860697,7.304544155860697,7.571348755265905,7.571348755265905,0.2668045994052086,0.2668045994052086
1907,381400,rician,64,5.654835808438179,7.84791365514702,0.9470558658859303,6.90085778926109,,7.526586510234241,200,7.244491023718207,7.244491023718207,7.561697180249931,7.561697180249931,0.3172061565317241,0.3172061565317241
1908,381600,rician,64,6.7943779281838825,8.06428139604511,0.6891468350311312,7.375134561013983,,7.526586510234241,200,7.437100953361204,7.437100953361204,7.56217276415681,7.56217276415681,0.12507181079560592,0.12507181079560592
1909,381800,rician,64,5.782973494741546,8.324263273182352,2.0241790604470427,6.300084212735311,,7.526586510234241,200,7.354921133778193,7.354921133778193,7.544505946205432,7.544505946205432,0.18958481242723924,0.18958481242723924
1910,382000,rician,64,6.747179977140806,7.866479977449917,0.2646627779470599,7.6018171995028565,,7.526586510234241,200,7.276050355991252,7.276050355991252,7.55209084534801,7.55209084534801,0.27604048935675785,0.27604048935675785
1911,382200,rician,64,5.500082502464254,8.045835290387828,1.0046550122433604,7.041180278144466,,7.526586510234241,200,7.311317688756961,7.311317688756961,7.546011440339044,7.546011440339044,0.23469375158208372,0.23469375158208372
1912,382400,rician,64,6.251069954205844,8.841276918965544,1.9710468823952862,6.870261020163829,,7.526586510234241,200,7.241258974989911,7.241258974989911,7.560265485036586,7.560265485036586,0.319006510046675,0.319006510046675
1913,382600,rician,64,5.723926238796885,8.596893875452592,2.3657910817944607,6.231102793658134,,7.526586510234241,200,7.190620094004011,7.190620094004011,7.540529534921481,7.540529534921481,0.3499094409174699,0.3499094409174699
1914,382800,rician,64,7.398644850794474,8.019004486558446,0.1691570344514881,7.849847452106959,,7.526586510234241,200,7.188894051435133,7.188894051435133,7.54958394170155,7.54958394170155,0.36068989026641685,0.36068989026641685
1915,383000,rician,64,6.10977182512785,8.024124560810609,1.2431298543197344,6.780994706490871,,7.526586510234241,200,7.144602194336183,7.144602194336183,7.5317894207674305,7.5317894207674305,0.3871872264312479,0.3871872264312479
1916,383200,rician,64,5.75624696480058,10.276459010235977,4.046120862655288,6.2303381475806905,,7.526586510234241,200,7.074370637117587,7.074370637117587,7.513366137933719,7.513366137933719,0.4389955008161319,0.4389955008161319
1917,383400,rician,64,7.528096695529314,8.415814604853129,0.41474716272682155,8.001067442126306,,7.526586510234241,200,7.37180916129765,7.37180916129765,7.502013823010414,7.502013823010414,0.13020466171276457,0.13020466171276457
1918,383600,rician,64,6.264182418161061,8.42210810792999,0.8191325296309309,7.602975578299057,,7.526586510234241,200,7.326655175217049,7.326655175217049,7.496565766792781,7.496565766792781,0.16991059157573218,0.16991059157573218
1919,383800,rician,64,5.996848625175355,8.418262930845131,1.199389491093534,7.2188734397515955,,7.526586510234241,200,7.319289499515881,7.319289499515881,7.501833153206344,7.501833153206344,0.18254365369046344,0.18254365369046344
1920,384000,rician,64,7.870750063337194,8.635187819118789,0.2549612190003866,8.380226600118403,,7.526586510234241,200,7.280287184510644,7.280287184510644,7.535324721357283,7.535324721357283,0.25503753684663977,0.25503753684663977
1921,384200,rician,64,6.5485686255185405,8.123340184252221,0.2597868471214614,7.863553337130765,,7.526586510234241,200,7.306850252785185,7.306850252785185,7.57527876184279,7.57527876184279,0.26842850905760507,0.26842850905760507
1922,384400,rician,64,8.094413349375499,9.203907376329198,0.10979237791701621,9.094114998412177,,7.526586510234241,200,7.327454815901115,7.327454815901115,7.59057498695436,7.59057498695436,0.26312017105324514,0.26312017105324514
1923,384600,rician,64,7.831629013196099,8.959878044941819,0.2618485198051114,8.698029525136706,,7.526586510234241,200,7.437147923600899,7.437147923600899,7.603356991577555,7.603356991577555,0.1662090679766557,0.1662090679766557
1924,384800,rician,64,8.276108038775241,8.803878517682788,0.035813372578894644,8.768065145103888,,7.526586510234241,200,7.5276986719968475,7.5276986719968475,7.61386993555511,7.61386993555511,0.08617126355826255,0.08617126355826255
1925,385000,rician,64,8.704986142236173,9.318958100036,0.08236705948475308,9.236591040551243,,7.526586510234241,200,7.606785154099041,7.606785154099041,7.617128066001029,7.617128066001029,0.010342911901987328,0.010342911901987328
1926,385200,rician,64,6.363516236893065,8.398110712366195,1.4531031141449406,6.945007598221253,,7.526586510234241,200,7.5495061432754795,7.5495061432754795,7.614216233050457,7.614216233050457,0.0647100897749775,0.0647100897749775
1927,385400,rician,64,5.771584207195422,7.291761055263259,0.3461826387082907,6.945578416554976,,7.526586510234241,200,7.551742174640173,7.551742174640173,7.614847683512941,7.614847683512941,0.06310550887276722,0.06310550887276722
1928,385600,rician,64,8.26934899742641,9.818240066435578,1.0300290857675982,8.788210980667985,,7.526586510234241,200,7.622395995622874,7.622395995622874,7.630288517410933,7.630288517410933,0.007892521788058993,0.007892521788058993
1929,385800,rician,64,7.247385353224852,9.096662356943728,0.38573267810923517,8.710929678834493,,7.526586510234241,200,7.742938268927834,7.742938268927834,7.647912897885492,7.647912897885492,0.09502537104234232,0.09502537104234232
1930,386000,rician,64,7.774245177587528,9.146841725596698,0.20437401573369823,8.942467709863003,,7.526586510234241,200,7.8099707944458405,7.8099707944458405,7.659894256793695,7.659894256793695,0.15007653765214535,0.15007653765214535
1931,386200,rician,64,5.838026931345404,10.20743444103062,3.036522756847275,7.170911684183351,,7.526586510234241,200,7.8164573647477855,7.8164573647477855,7.644738429623557,7.644738429623557,0.1717189351242281,0.1717189351242281
1932,386400,rician,64,6.42042850229015,9.130595033789096,0.8450774207371431,8.28551761305195,,7.526586510234241,200,7.8872201943921905,7.8872201943921905,7.6321317947493155,7.6321317947493155,0.255088399642875,0.255088399642875
1933,386600,rician,64,7.894753616341454,8.532271683782662,0.15824329396589432,8.374028389816761,,7.526586510234241,200,7.994366474200122,7.994366474200122,7.637415777811046,7.637415777811046,0.3569506963890765,0.3569506963890765
1934,386800,rician,64,5.6909103839503,7.770102380039152,0.20319350147065884,7.5669088785684915,,7.526586510234241,200,7.980219545523198,7.980219545523198,7.6322058876497545,7.6322058876497545,0.3480136578734436,0.3480136578734436
1935,387000,rician,64,6.778688157798455,8.546791843879559,0.6584725959804938,7.888319247899073,,7.526586510234241,200,8.035585772593608,8.035585772593608,7.6264797981325065,7.6264797981325065,0.4091059744611014,0.4091059744611014
1936,387200,rician,64,7.723987091992119,8.90576983896999,0.7004574087920402,8.205312430177951,,7.526586510234241,200,8.134334486723471,8.134334486723471,7.628398962746089,7.628398962746089,0.5059355239773824,0.5059355239773824
1937,387400,rician,64,8.39967596438102,9.303280919183036,0.4948382224024988,8.808442696780538,,7.526586510234241,200,8.174703249456181,8.174703249456181,7.643604964603216,7.643604964603216,0.5310982848529653,0.5310982848529653
1938,387600,rician,64,7.998477038098384,9.321037817084887,0.8923279501242031,8.42870986696068,,7.526586510234241,200,8.215989963889262,8.215989963889262,7.647369854961311,7.647369854961311,0.5686201089279512,0.5686201089279512
1939,387800,rician,64,6.671542203770515,8.934228296137471,0.49243252653558184,8.441795769601892,,7.526586510234241,200,8.277136080381778,8.277136080381778,7.650674727194443,7.650674727194443,0.6264613531873353,0.6264613531873353
1940,388000,rician,64,7.01612804198273,8.996085131249668,1.0532403398220553,7.942844791427608,,7.526586510234241,200,8.25526698994724,8.25526698994724,7.639509272035476,7.639509272035476,0.6157577179117633,0.6157577179117633
1941,388200,rician,64,6.160614501868501,8.598643160434532,1.454320725186893,7.144322435247634,,7.526586510234241,200,8.219305444853083,8.219305444853083,7.634294274836995,7.634294274836995,0.585011170016088,0.585011170016088
1942,388400,rician,64,7.905602892654779,9.056943544542312,0.7301883894123402,8.32675515512998,,7.526586510234241,200,8.180937452688973,8.180937452688973,7.632632919653844,7.632632919653844,0.5483045330351288,0.5483045330351288
1943,388600,rician,64,3.605929259700163,7.840229192198122,2.7709464326521283,5.069282759545999,,7.526586510234241,200,7.999500114409438,7.999500114409438,7.618508654409246,7.618508654409246,0.3809914600001916,0.3809914600001916
1944,388800,rician,64,6.54272052031335,9.780464555871449,2.6136789896119907,7.166785566259458,,7.526586510234241,200,7.919436135467215,7.919436135467215,7.610735734018914,7.610735734018914,0.30870040144830124,0.30870040144830124
1945,389000,rician,64,6.725162234689536,8.227939265913003,0.5198460401849798,7.7080932257280255,,7.526586510234241,200,7.843011244726055,7.843011244726055,7.598702557971636,7.598702557971636,0.24430868675441886,0.24430868675441886
1946,389200,rician,64,6.795930772962668,8.950881505211692,1.1481954439421729,7.802686061269524,,7.526586510234241,200,7.885895167878469,7.885895167878469,7.612697203911252,7.612697203911252,0.27319796396721685,0.27319796396721685
1947,389400,rician,64,5.664695962458434,8.50334919941156,2.38039992729965,6.1229492721119145,,7.526586510234241,200,7.844763710656316,7.844763710656316,7.591497023623456,7.591497023623456,0.2532666870328608,0.2532666870328608
1948,389600,rician,64,7.312707254535814,8.638109044513293,0.9115826545759049,7.726526389937387,,7.526586510234241,200,7.791679481119786,7.791679481119786,7.5975575704865586,7.5975575704865586,0.19412191063322748,0.19412191063322748
1949,389800,rician,64,6.443660164920369,8.087936333583182,1.0609179512381908,7.027018382344991,,7.526586510234241,200,7.7074839162953115,7.7074839162953115,7.587576466649254,7.587576466649254,0.1199074496460577,0.1199074496460577
1950,390000,rician,64,6.932540297381727,8.292531766938124,0.9169433098850107,7.375588457053109,6.765387677508204,6.765387677508204,200,7.629139953654816,7.629139953654816,7.599584040545077,7.599584040545077,0.02955591310973915,0.02955591310973915
1951,390200,rician,64,8.340352635533542,9.006508543398196,0.24184189375574106,8.764666649642443,,6.765387677508204,200,7.70882770192777,7.70882770192777,7.613660577093996,7.613660577093996,0.09516712483377354,0.09516712483377354
1952,390400,rician,64,7.385556761821165,9.108794638228503,1.274791282679948,7.834003355548548,,6.765387677508204,200,7.686251989052602,7.686251989052602,7.616149129357062,7.616149129357062,0.07010285969553998,0.07010285969553998
1953,390600,rician,64,3.491217838160761,8.081161056367407,3.1343073983460816,4.946853658021328,,6.765387677508204,200,7.514893252462829,7.514893252462829,7.582411877370852,7.582411877370852,0.06751862490802285,0.06751862490802285
1954,390800,rician,64,8.404533520521168,9.323225205970552,0.397291372832041,8.925933833138519,,6.765387677508204,200,7.58284450019133,7.58284450019133,7.588859525153578,7.588859525153578,0.006015024962247928,0.006015024962247928
1955,391000,rician,64,5.313361045486354,8.512011485276886,1.9230629460366993,6.589948020781877,,6.765387677508204,200,7.517925938835471,7.517925938835471,7.564548995266408,7.564548995266408,0.04662305643093756,0.04662305643093756
1956,391200,rician,64,5.566736405612813,7.66146306331166,1.240527525492307,6.420935537819354,,6.765387677508204,200,7.4287070942175415,7.4287070942175415,7.539754669427838,7.539754669427838,0.1110475752102964,0.1110475752102964
1957,391400,rician,64,7.056428452913659,8.366174245962654,0.29348977219594324,8.072684473766717,,6.765387677508204,200,7.391919183066849,7.391919183066849,7.5515252420267425,7.5515252420267425,0.1596060589598931,0.1596060589598931
1958,391600,rician,64,7.975554927564214,8.721455230732754,0.26499700670994214,8.45645822402281,,6.765387677508204,200,7.393306600919955,7.393306600919955,7.552813078756519,7.552813078756519,0.15950647783656446,0.15950647783656446
1959,391800,rician,64,6.684536330213847,8.71638690377405,0.6280943767942534,8.088292526979796,,6.765387677508204,200,7.375631438788851,7.375631438788851,7.5594263950150005,7.5594263950150005,0.1837949562261496,0.1837949562261496
1960,392000,rician,64,2.7759841602431212,8.676731970264337,4.998502268817753,3.6788458316388923,,6.765387677508204,200,7.162431490799413,7.162431490799413,7.531774261344651,7.531774261344651,0.3693427705452379,0.3693427705452379
1961,392200,rician,64,7.442873077879821,8.369275452473742,0.4966549222913725,7.872620530182367,,6.765387677508204,200,7.198846395546151,7.198846395546151,7.5416078616307445,7.5416078616307445,0.34276146608459346,0.34276146608459346
1962,392400,rician,64,7.940736299841704,8.408380732362561,0.10912518046668755,8.299255551895868,,6.765387677508204,200,7.197471415384447,7.197471415384447,7.530230830070176,7.530230830070176,0.33275941468572867,0.33275941468572867
1963,392600,rician,64,5.961191270835126,8.706065230942945,2.096789297236097,6.609275933706842,,6.765387677508204,200,7.274471074092489,7.274471074092489,7.52328545684214,7.52328545684214,0.24881438274965095,0.24881438274965095
1964,392800,rician,64,8.95585004031522,9.489619321983609,0.18377974369370215,9.305839578289904,,6.765387677508204,200,7.381423774694009,7.381423774694009,7.549765554482431,7.549765554482431,0.16834177978842213,0.16834177978842213
1965,393000,rician,64,6.517202462221826,8.036651954665976,0.928661859748412,7.107990094917562,,6.765387677508204,200,7.351418618153486,7.351418618153486,7.5293955200716844,7.5293955200716844,0.17797690191819804,0.17797690191819804
1966,393200,rician,64,7.533857629903862,9.396621568045196,1.4849967909173794,7.911624777127819,,6.765387677508204,200,7.356865553946403,7.356865553946403,7.547317762865183,7.547317762865183,0.19045220891877968,0.19045220891877968
1967,393400,rician,64,5.687279628222607,9.200404095776335,2.0971121897782683,7.103291905998072,,6.765387677508204,200,7.4058826856407105,7.4058826856407105,7.540137587487847,7.540137587487847,0.13425490184713684,0.13425490184713684
1968,393600,rician,64,6.3549835298158435,8.506596741681182,0.8122113117722969,7.6943854299088885,,6.765387677508204,200,7.4042756376392855,7.4042756376392855,7.532324145082254,7.532324145082254,0.12804850744296825,0.12804850744296825
1969,393800,rician,64,6.962580388391172,8.023183451921929,0.3653888793028038,7.657794572619136,,6.765387677508204,200,7.435814447152993,7.435814447152993,7.529946748712315,7.529946748712315,0.0941323015593225,0.0941323015593225
1970,394000,rician,64,7.710430874854043,9.108746178904859,0.975010195036225,8.13373598386863,,6.765387677508204,200,7.473721823493769,7.473721823493769,7.527731803431236,7.527731803431236,0.05400997993746781,0.05400997993746781
1971,394200,rician,64,4.057977684495443,8.46191567868271,3.211106655803483,5.250809022879229,,6.765387677508204,200,7.298028942155608,7.298028942155608,7.5041935282531815,7.5041935282531815,0.20616458609757338,0.20616458609757338
1972,394400,rician,64,3.6181093663473525,8.006680120905779,3.8879828814660784,4.146463305215003,,6.765387677508204,200,7.11365193963893,7.11365193963893,7.451406769544267,7.451406769544267,0.3377548299053368,0.3377548299053368
1973,394600,rician,64,7.671206582840874,8.426528798430668,0.34637483701639776,8.080153961414277,,6.765387677508204,200,7.27031695480858,7.27031695480858,7.452142279522048,7.452142279522048,0.18182532471346846,0.18182532471346846
1974,394800,rician,64,7.068727718486932,8.317490655262256,0.7875430280468189,7.529947627215437,,6.765387677508204,200,7.200517644512425,7.200517644512425,7.473088071292792,7.473088071292792,0.2725704267803666,0.2725704267803666
1975,395000,rician,64,7.379820296160047,9.200137435174769,0.6869688316761304,8.513168603498642,,6.765387677508204,200,7.296678673648264,7.296678673648264,7.478999205290333,7.478999205290333,0.18232053164206885,0.18232053164206885
1976,395200,rician,64,6.330909944168513,7.921083201854254,0.3514630606011688,7.5696201412530915,,6.765387677508204,200,7.35411290381995,7.35411290381995,7.49400892821823,7.49400892821823,0.13989602439828008,0.13989602439828008
1977,395400,rician,64,5.78095911896198,7.700785377923396,0.8225099615105846,6.878275416412809,,6.765387677508204,200,7.2943924509522535,7.2943924509522535,7.4990544670945845,7.4990544670945845,0.20466201614233093,0.20466201614233093
1978,395600,rician,64,7.155547256340381,8.316283555169573,0.5349898687908033,7.781293686378771,,6.765387677508204,200,7.260634224070051,7.260634224070051,7.50433068604675,7.50433068604675,0.2436964619766986,0.2436964619766986
1979,395800,rician,64,5.248024223082065,8.471737896889511,2.1441726903582783,6.327565206531235,,6.765387677508204,200,7.172597858047624,7.172597858047624,7.508256894332014,7.508256894332014,0.3356590362843903,0.3356590362843903
1980,396000,rician,64,6.926108456127188,8.245867166335229,0.653785619109126,7.592409655987092,,6.765387677508204,200,7.368276049265033,7.368276049265033,7.509776362051724,7.509776362051724,0.1415003127866914,0.1415003127866914
1981,396200,rician,64,6.907233358565339,8.29836018099373,0.7204740492686197,7.5778861317251165,,6.765387677508204,200,7.353539329342171,7.353539329342171,7.5049484592260605,7.5049484592260605,0.15140912988388955,0.15140912988388955
1982,396400,rician,64,6.5375790068957516,8.07617552775775,1.0220610911520795,7.054114436605675,,6.765387677508204,200,7.291282273577662,7.291282273577662,7.4955415471482425,7.4955415471482425,0.20425927357058082,0.20425927357058082
1983,396600,rician,64,6.2940416481002455,8.99887958692827,1.5247440645155694,7.474135522412705,,6.765387677508204,200,7.334525253012956,7.334525253012956,7.482858653770888,7.482858653770888,0.14833340075793267,0.14833340075793267
1984,396800,rician,64,6.269933907214976,8.677212691018944,1.8832663944191244,6.7939462965998265,,6.765387677508204,200,7.2089305889284505,7.2089305889284505,7.473582107643211,7.473582107643211,0.26465151871476067,0.26465151871476067
1985,397000,rician,64,6.806846559294743,8.700031563909125,1.0295945184675874,7.670437045441533,,6.765387677508204,200,7.237052936454648,7.237052936454648,7.4630387311111726,7.4630387311111726,0.22598579465652424,0.22598579465652424
1986,397200,rician,64,5.312797248055709,7.889507006731791,1.0310686785847374,6.858438328147062,,6.765387677508204,200,7.184393614005612,7.184393614005612,7.456240926993331,7.456240926993331,0.27184731298771947,0.27184731298771947
1987,397400,rician,64,5.6576415191862885,8.955082702183905,1.5542244879355431,7.400858214248363,,6.765387677508204,200,7.199271929418127,7.199271929418127,7.449230304814708,7.449230304814708,0.24995837539658083,0.24995837539658083
1988,397600,rician,64,6.384239841239953,8.856645551225077,1.2544016467003414,7.6022439045247365,,6.765387677508204,200,7.194664853148917,7.194664853148917,7.490023384178413,7.490023384178413,0.29535853102949616,0.29535853102949616
1989,397800,rician,64,6.933387036040607,9.1652534658236,1.2918163010214723,7.873437164802131,,6.765387677508204,200,7.205446982758069,7.205446982758069,7.489320949782479,7.489320949782479,0.2838739670244097,0.2838739670244097
1990,398000,rician,64,6.06286905362145,7.424148096127451,0.16393171870222611,7.2602163774252295,,6.765387677508204,200,7.1617710024358985,7.1617710024358985,7.470130786004314,7.470130786004314,0.30835978356841576,0.30835978356841576
1991,398200,rician,64,6.0060551098812995,8.15053209345687,1.4451188757444837,6.705413217712383,,6.765387677508204,200,7.234501212177557,7.234501212177557,7.473826581953135,7.473826581953135,0.23932536977557817,0.23932536977557817
1992,398400,rician,64,6.973728398723437,8.872015494277045,1.3051535337156346,7.566861960561416,,6.765387677508204,200,7.405521144944878,7.405521144944878,7.466780848603699,7.466780848603699,0.06125970365882161,0.06125970365882161
1993,398600,rician,64,7.32980409877934,8.76405605642998,1.0472857033171,7.716770353112879,,6.765387677508204,200,7.387351964529808,7.387351964529808,7.471509748001068,7.471509748001068,0.08415778347126057,0.08415778347126057
1994,398800,rician,64,5.827423727567345,7.796271301501117,1.5984187385265562,6.197852562974573,,6.765387677508204,200,7.320747211317763,7.320747211317763,7.4546445905959695,7.4546445905959695,0.13389737927820633,0.13389737927820633
1995,399000,rician,64,8.22295794513749,9.381927350537481,0.5730649344761969,8.80886241606129,,6.765387677508204,200,7.335531901945896,7.335531901945896,7.466064896271884,7.466064896271884,0.13053299432598742,0.13053299432598742
1996,399200,rician,64,7.39084050635733,8.544917316015109,0.6290723318922941,7.915844984122809,,6.765387677508204,200,7.352843144089381,7.352843144089381,7.4688736531935875,7.4688736531935875,0.1160305091042062,0.1160305091042062
1997,399400,rician,64,7.353046750590592,8.39880249560329,0.6740441206878668,7.724758374915428,,6.765387677508204,200,7.395167292014513,7.395167292014513,7.5255982673574895,7.5255982673574895,0.13043097534297665,0.13043097534297665
1998,399600,rician,64,6.481093517102129,8.59681084461604,0.9459236035869334,7.6508872410291096,,6.765387677508204,200,7.388646969747029,7.388646969747029,7.517046586768669,7.517046586768669,0.12839961702163993,0.12839961702163993
1999,399800,rician,64,4.618854594040863,7.789980934714543,1.8096749772587177,5.980305957455825,,6.765387677508204,200,7.371284007293258,7.371284007293258,7.503187776805478,7.503187776805478,0.1319037695122205,0.1319037695122205
2000,400000,rician,64,8.292529058133503,8.760946446386264,0.12295678809311354,8.63798965829315,6.666044340340347,6.666044340340347,200,7.423563007408561,7.423563007408561,7.497964944386178,7.497964944386178,0.07440193697761721,0.07440193697761721
2001,400200,rician,64,6.913983981812773,8.924742025178904,1.6583601842289857,7.266381840949924,,6.666044340340347,200,7.407987792869802,7.407987792869802,7.497305843079277,7.497305843079277,0.08931805020947525,0.08931805020947525
2002,400400,rician,64,8.107048584894416,8.953135431914115,0.43825985828200154,8.514875573632116,,6.666044340340347,200,7.481025849721125,7.481025849721125,7.495634361454664,7.495634361454664,0.014608511733539054,0.014608511733539054
2003,400600,rician,64,8.488943968103852,9.861986128633369,0.19256967029961622,9.669416458333755,,6.666044340340347,200,7.590789896517177,7.590789896517177,7.527286852326593,7.527286852326593,0.06350304419058439,0.06350304419058439
2004,400800,rician,64,7.79104228660538,9.076408927169261,0.19695230589158713,8.87945662127768,,6.666044340340347,200,7.69506541275107,7.69506541275107,7.54651091676752,7.54651091676752,0.14855449598355008,0.14855449598355008
2005,401000,rician,64,6.835681913452527,8.37353981777143,0.959764025173416,7.413775792598015,,6.666044340340347,200,7.682232350108895,7.682232350108895,7.544100060708425,7.544100060708425,0.1381322894004695,0.1381322894004695
2006,401200,rician,64,6.795932814465091,8.059896654647622,0.832683835037581,7.227212819610033,,6.666044340340347,200,7.7006710746820435,7.7006710746820435,7.5354663107576005,7.5354663107576005,0.16520476392444294,0.16520476392444294
2007,401400,rician,64,6.781891831976012,8.700747273608725,1.4560517555984789,7.244695518010246,,6.666044340340347,200,7.692862939870136,7.692862939870136,7.5389046880450925,7.5389046880450925,0.15395825182504375,0.15395825182504375
2008,401600,rician,64,8.037903484222321,8.693317423981743,0.2795040182761713,8.413813405705573,,6.666044340340347,200,7.733441414929179,7.733441414929179,7.549291476492009,7.549291476492009,0.1841499384371703,0.1841499384371703
2009,401800,rician,64,7.850094489903452,9.434152305875559,1.1425069140565753,8.29164539181898,,6.666044340340347,200,7.75435182628002,7.75435182628002,7.5692070882828455,7.5692070882828455,0.18514473799717468,0.18514473799717468
2010,402000,rician,64,3.646615328847208,8.317202859815415,3.276338445351694,5.043547642406626,,6.666044340340347,200,7.64351838952909,7.64351838952909,7.543624392711884,7.543624392711884,0.09989399681720634,0.09989399681720634
2011,402200,rician,64,7.157834001182881,9.566732629531513,1.580663545038181,7.9860690844933275,,6.666044340340347,200,7.707551182868137,7.707551182868137,7.553073280775371,7.553073280775371,0.1544779020927658,0.1544779020927658
2012,402400,rician,64,4.654397352550133,8.479131060803956,3.361384352685119,5.117746708118827,,6.666044340340347,200,7.585095420246008,7.585095420246008,7.535548137654921,7.535548137654921,0.04954728259108698,0.04954728259108698
2013,402600,rician,64,7.801495350647965,9.251663151613034,0.8498111253581344,8.401852026254899,,6.666044340340347,200,7.619349503903107,7.619349503903107,7.55725562998089,7.55725562998089,0.06209387392221721,0.06209387392221721
2014,402800,rician,64,5.961479242418466,8.641892084066336,1.3929255959916782,7.248966488074656,,6.666044340340347,200,7.671905200158112,7.671905200158112,7.551246820340566,7.551246820340566,0.12065837981754601,0.12065837981754601
2015,403000,rician,64,8.838258966529137,9.359398604082637,0.2097680924383148,9.149630511644311,,6.666044340340347,200,7.688943604937263,7.688943604937263,7.5749331783921,7.5749331783921,0.11401042654516313,0.11401042654516313
2016,403200,rician,64,5.851045527673342,8.165190858460337,0.9661860542434306,7.199004804216912,,6.666044340340347,200,7.653101595941969,7.653101595941969,7.584619844958462,7.584619844958462,0.06848175098350673,0.06848175098350673
2017,403400,rician,64,5.826460705395813,7.792755833564281,0.68832602386373,7.1044298097005525,,6.666044340340347,200,7.622085167681226,7.622085167681226,7.575653468634204,7.575653468634204,0.04643169904702127,0.04643169904702127
2018,403600,rician,64,6.758046973906464,9.571120006518784,2.3217204095727384,7.249399596946056,,6.666044340340347,200,7.602010785477074,7.602010785477074,7.5721177088206755,7.5721177088206755,0.029893076656398954,0.029893076656398954
2019,403800,rician,64,5.3659249912933085,7.638254041627501,0.9911367121369343,6.647117329490569,,6.666044340340347,200,7.63535135407881,7.63535135407881,7.566400147718065,7.566400147718065,0.0689512063607447,0.0689512063607447
2020,404000,rician,64,5.573863711891436,8.392652696488543,2.3399862059075742,6.052666490580973,,6.666044340340347,200,7.506085195693201,7.506085195693201,7.54312454662269,7.54312454662269,0.03703935092948907,0.03703935092948907
2021,404200,rician,64,7.158952227440617,9.210103002796949,1.072666890992567,8.137436111804373,,6.666044340340347,200,7.549637909235924,7.549637909235924,7.545863374369427,7.545863374369427,0.003774534866496815,0.003774534866496815
2022,404400,rician,64,5.941782533373165,8.778849073899742,2.278444311771711,6.50040476212803,,6.666044340340347,200,7.448914368660719,7.448914368660719,7.519926272006583,7.519926272006583,0.07101190334586427,0.07101190334586427
2023,404600,rician,64,6.060727162596772,7.951392791691634,0.5654937525213347,7.385899039170296,,6.666044340340347,200,7.334738497702546,7.334738497702546,7.506804967146921,7.506804967146921,0.17206646944437498,0.17206646944437498
2024,404800,rician,64,6.518849728231821,8.491181785507383,0.9274035436703224,7.563778241837063,,6.666044340340347,200,7.268954578730517,7.268954578730517,7.494762098114253,7.494762098114253,0.22580751938373655,0.22580751938373655
2025,405000,rician,64,6.158068934219779,9.372407861240598,2.8289007156271393,6.543507145613449,,6.666044340340347,200,7.2254411463812875,7.2254411463812875,7.467831259164877,7.467831259164877,0.24239011278358902,0.24239011278358902
2026,405200,rician,64,7.0714822486493825,8.04654523544254,0.3471111017980627,7.699434133644478,,6.666044340340347,200,7.2490522120830105,7.2490522120830105,7.475375524519108,7.475375524519108,0.22632331243609727,0.22632331243609727
2027,405400,rician,64,8.205539666666315,9.105484729063317,0.5648486073848421,8.54063612167848,,6.666044340340347,200,7.313849242266423,7.313849242266423,7.491326101570342,7.491326101570342,0.1774768593039191,0.1774768593039191
2028,405600,rician,64,7.690323836506467,8.897040722199689,0.8716561393618916,8.027929422817554,,6.666044340340347,200,7.294555043122021,7.294555043122021,7.483723285991838,7.483723285991838,0.18916824286981626,0.18916824286981626
2029,405800,rician,64,5.329631190361385,8.696875804773025,2.0338341021073427,6.663041702665675,,6.666044340340347,200,7.213124858664355,7.213124858664355,7.463244406230149,7.463244406230149,0.25011954756579335,0.25011954756579335
2030,406000,rician,64,6.5413292676220625,7.90660851170402,0.9417162593641967,6.964892252339821,,6.666044340340347,200,7.309192089161014,7.309192089161014,7.443468651654918,7.443468651654918,0.13427656249390374,0.13427656249390374
2031,406200,rician,64,6.434913106900447,8.825541427125891,1.6095038500469747,7.21603757707891,,6.666044340340347,200,7.270690513790294,7.270690513790294,7.4439199105838725,7.4439199105838725,0.17322939679357852,0.17322939679357852
2032,406400,rician,64,5.003775412972274,8.095198749972372,1.887234417906058,6.207964332066303,,6.666044340340347,200,7.325201394987667,7.325201394987667,7.423144377774017,7.423144377774017,0.09794298278634983,0.09794298278634983
2033,406600,rician,64,6.2906057936844455,8.172650226497176,0.9647354821511576,7.207914744346013,,6.666044340340347,200,7.265504530892224,7.265504530892224,7.41148324131931,7.41148324131931,0.14597871042708555,0.14597871042708555
2034,406800,rician,64,7.614612951759013,9.958548803176457,1.9719313414066528,7.988526248995542,,6.666044340340347,200,7.30248251893827,7.30248251893827,7.415699415023581,7.415699415023581,0.11321689608531127,0.11321689608531127
2035,407000,rician,64,6.646246189171722,9.41764478036436,1.845145770487382,7.572499009876983,,6.666044340340347,200,7.223625943849903,7.223625943849903,7.412541212643359,7.412541212643359,0.18891526879345566,0.18891526879345566
2036,407200,rician,64,6.556342249787158,7.736711989870811,0.050055595298977934,7.686656394571832,,6.666044340340347,200,7.2480085233676474,7.2480085233676474,7.407354652287299,7.407354652287299,0.15934612891965116,0.15934612891965116
2037,407400,rician,64,7.844304797818927,8.687888375521998,0.5133171154959832,8.174571260026008,,6.666044340340347,200,7.301515595883918,7.301515595883918,7.401015937919753,7.401015937919753,0.09950034203583424,0.09950034203583424
2038,407600,rician,64,7.865115420324579,9.424595679745781,1.237304678932169,8.187291000813612,,6.666044340340347,200,7.348410166077298,7.348410166077298,7.398601749258282,7.398601749258282,0.05019158318098427,0.05019158318098427
2039,407800,rician,64,7.544931135722005,8.032346759373652,0.17980037551089004,7.8525463838627605,,6.666044340340347,200,7.4086816187959075,7.4086816187959075,7.3927092554008915,7.3927092554008915,0.015972363395015954,0.015972363395015954
2040,408000,rician,64,7.064929286725499,8.831448646137416,0.644693830541709,8.186754815595716,,6.666044340340347,200,7.515386035046646,7.515386035046646,7.395148355642572,7.395148355642572,0.12023767940407382,0.12023767940407382
2041,408200,rician,64,9.04849053597997,9.89237755470574,0.2295828680564244,9.66279468664932,,6.666044340340347,200,7.591653963788891,7.591653963788891,7.420333078156589,7.420333078156589,0.1713208856323023,0.1713208856323023
2042,408400,rician,64,4.172261512965661,8.386997775313914,3.911997933617191,4.474999841696721,,6.666044340340347,200,7.490383717767327,7.490383717767327,7.381815525022255,7.381815525022255,0.10856819274507234,0.10856819274507234
2043,408600,rician,64,7.754552556459499,9.050958758121414,0.9189226440397896,8.132036114081624,,6.666044340340347,200,7.527690571512894,7.527690571512894,7.412443058567611,7.412443058567611,0.11524751294528279,0.11524751294528279
2044,408800,rician,64,7.425029344948388,8.763011655842966,1.0011956645037603,7.761815991339206,,6.666044340340347,200,7.5375924589880015,7.5375924589880015,7.418393362818409,7.418393362818409,0.11919909616959234,0.11919909616959234
2045,409000,rician,64,8.35602903950528,8.846144150815348,0.035489855831822396,8.810654294983525,,6.666044340340347,200,7.650949816456503,7.650949816456503,7.429418973510965,7.429418973510965,0.22153084294553782,0.22153084294553782
2046,409200,rician,64,3.9913873618384064,8.336837895129767,4.050689049631154,4.315438922349122,,6.666044340340347,200,7.481750055891736,7.481750055891736,7.394546502121761,7.394546502121761,0.08720355376997446,0.08720355376997446
2047,409400,rician,64,1.3448123635145524,9.033434547360793,6.851990893734409,2.279859758624141,,6.666044340340347,200,7.16871123773902,7.16871123773902,7.356115606986883,7.356115606986883,0.1874043692478633,0.1874043692478633
2048,409600,rician,64,6.997044149232272,8.772105227250336,1.4320981905624928,7.340007036687844,,6.666044340340347,200,7.134315118432534,7.134315118432534,7.352250413454389,7.352250413454389,0.2179352950218547,0.2179352950218547
2049,409800,rician,64,8.141518552673087,9.351712368045597,0.9098844703149084,8.44182789773068,,6.666044340340347,200,7.2232544281857844,7.2232544281857844,7.3663985086082455,7.3663985086082455,0.14314408042246107,0.14314408042246107
2050,410000,rician,64,7.857069693937125,8.45891078837544,0.27442722798875363,8.184483560386692,7.17383437049021,7.17383437049021,200,7.284233993588129,7.284233993588129,7.374487459641582,7.374487459641582,0.0902534660534533,0.0902534660534533
2051,410200,rician,64,6.618446975815634,9.088327835661694,1.544026981123422,7.5560017890698585,,7.17383437049021,200,7.301232204187675,7.301232204187675,7.3624008110358545,7.3624008110358545,0.06116860684817915,0.06116860684817915
2052,410400,rician,64,7.056381593275412,8.990773984767866,1.5191243237907723,7.471649660977093,,7.17383437049021,200,7.364416470633214,7.364416470633214,7.358777274090141,7.358777274090141,0.005639196543072877,0.005639196543072877
2053,410600,rician,64,5.799223709862254,8.058610720095706,1.0230706502279068,7.035540069867794,,7.17383437049021,200,7.355797736909304,7.355797736909304,7.379664138208605,7.379664138208605,0.0238664012993004,0.0238664012993004
2054,410800,rician,64,7.602724821502123,8.938994437302291,0.7273461071993421,8.211648330102962,,7.17383437049021,200,7.366953840964676,7.366953840964676,7.3725212831782505,7.3725212831782505,0.005567442213574303,0.005567442213574303
2055,411000,rician,64,6.771949333232445,7.886622050810366,0.7833919780842057,7.1032300727261575,,7.17383437049021,200,7.343490394107134,7.343490394107134,7.377654103697691,7.377654103697691,0.03416370959055737,0.03416370959055737
2056,411200,rician,64,8.001030547177685,9.103500909687728,0.7997809111670043,8.30371999852072,,7.17383437049021,200,7.374343574304578,7.374343574304578,7.396481948304706,7.396481948304706,0.022138374000128636,0.022138374000128636
2057,411400,rician,64,4.882442390662853,7.417617559100801,1.9105635226228719,5.507054036477923,,7.17383437049021,200,7.240967713127172,7.240967713127172,7.370825643931819,7.370825643931819,0.12985793080464703,0.12985793080464703
2058,411600,rician,64,6.102847727783375,8.552102424863087,1.6540091809508628,6.898093243912225,,7.17383437049021,200,7.176507825282104,7.176507825282104,7.355241994130711,7.355241994130711,0.1787341688486066,0.1787341688486066
2059,411800,rician,64,6.489272290296903,10.035171718070336,3.1892664335224747,6.845905284547862,,7.17383437049021,200,7.12617577031636,7.12617577031636,7.342818121706391,7.342818121706391,0.21664235139003107,0.21664235139003107
2060,412000,rician,64,7.868302132371076,8.788975327308572,0.6047879598574206,8.18418736745115,,7.17383437049021,200,7.126047397909131,7.126047397909131,7.387871537064515,7.387871537064515,0.26182413915538394,0.26182413915538394
2061,412200,rician,64,7.0325355930067674,7.947796821309176,0.6141785394999966,7.333618281809182,,7.17383437049021,200,7.009588577667126,7.009588577667126,7.382481514580783,7.382481514580783,0.3728929369136571,0.3728929369136571
2062,412400,rician,64,5.489235245779521,7.841054553252675,1.3722368403606715,6.468817712891996,,7.17383437049021,200,7.1092794712268885,7.1092794712268885,7.364177136190745,7.364177136190745,0.25489766496385613,0.25489766496385613
2063,412600,rician,64,4.242094958099103,8.353020462609768,3.748800026993831,4.610917715037384,,7.17383437049021,200,6.933223551274675,6.933223551274675,7.34419355400405,7.34419355400405,0.41097000272937567,0.41097000272937567
2064,412800,rician,64,8.139948374940147,9.442116320546976,0.8992214414123529,8.542894879134623,,7.17383437049021,200,6.9722774956644455,6.9722774956644455,7.336564107012499,7.336564107012499,0.36428661134805385,0.36428661134805385
2065,413000,rician,64,7.680161533522243,8.398115491046783,0.02624074249154762,8.371874748555229,,7.17383437049021,200,6.950338518343033,6.950338518343033,7.3492029535488745,7.3492029535488745,0.3988644352058417,0.3988644352058417
2066,413200,rician,64,6.044750950054181,8.368014393484266,0.9705706862655594,7.397443707218702,,7.17383437049021,200,7.104438757586512,7.104438757586512,7.344061142849784,7.344061142849784,0.23962238526327262,0.23962238526327262
2067,413400,rician,64,6.480198400516789,7.949828083496437,0.9380108548147738,7.011817228681666,,7.17383437049021,200,7.341036631089388,7.341036631089388,7.343146396076619,7.343146396076619,0.002109764987230811,0.002109764987230811
2068,413600,rician,64,8.207607947179714,9.599863890273118,0.8580008037391782,8.741863086533948,,7.17383437049021,200,7.411129433581694,7.411129433581694,7.35362117264287,7.35362117264287,0.057508260938823774,0.057508260938823774
2069,413800,rician,64,6.818196294696739,9.303917232737959,0.9992283453477345,8.304688887390228,,7.17383437049021,200,7.404272483064671,7.404272483064671,7.360090115790581,7.360090115790581,0.04418236727408953,0.04418236727408953
2070,414000,rician,64,5.614880234874079,8.560545517740824,1.5463495688145001,7.014195948926321,,7.17383437049021,200,7.345758102491651,7.345758102491651,7.348894715441158,7.348894715441158,0.0031366129495076223,0.0031366129495076223
2071,414200,rician,64,7.439933491780322,9.983235116207693,1.2494973956490878,8.7337377205586,,7.17383437049021,200,7.404644899066089,7.404644899066089,7.38372400241795,7.38372400241795,0.02092089664813912,0.02092089664813912
2072,414400,rician,64,8.314551722507412,9.114180385818262,0.3445968108380795,8.769583574980194,,7.17383437049021,200,7.469541594766244,7.469541594766244,7.4299552051156015,7.4299552051156015,0.03958638965064232,0.03958638965064232
2073,414600,rician,64,7.2675145675926345,8.36995758030123,0.6567811604468349,7.7131764198544,,7.17383437049021,200,7.503423412265573,7.503423412265573,7.426285429700004,7.426285429700004,0.07713798256556981,0.07713798256556981
2074,414800,rician,64,7.42214367560006,8.241055372674316,0.35313519591464665,7.887920176759671,,7.17383437049021,200,7.48723700459841,7.48723700459841,7.429865155195446,7.429865155195446,0.057371849402963804,0.057371849402963804
2075,415000,rician,64,6.2978481005098805,7.972613076404882,0.9273634605484367,7.045249615856446,,7.17383437049021,200,7.484337981754924,7.484337981754924,7.415185965319023,7.415185965319023,0.06915201643590052,0.06915201643590052
2076,415200,rician,64,8.57420018432533,9.360046916892937,0.36397583148771356,8.99607108540523,,7.17383437049021,200,7.518955536099149,7.518955536099149,7.429450474760545,7.429450474760545,0.08950506133860436,0.08950506133860436
2077,415400,rician,64,7.870530937810223,9.176950608125145,0.9110975074285819,8.265853100696564,,7.17383437049021,200,7.656895489310081,7.656895489310081,7.443326251603382,7.443326251603382,0.21356923770669933,0.21356923770669933
2078,415600,rician,64,-1.0664549347456722,7.978876816362129,8.18152025010936,0.5259847529836809,,7.17383437049021,200,7.338290064763653,7.338290064763653,7.3707731622694315,7.3707731622694315,0.0324830975057786,0.0324830975057786
2079,415800,rician,64,7.859547805805206,9.049669729307666,0.18561234325640238,8.864057386051263,,7.17383437049021,200,7.439197669838824,7.439197669838824,7.396138084064632,7.396138084064632,0.043059585774191333,0.043059585774191333
2080,416000,rician,64,7.309645472651355,8.140022528999474,0.3593378916647016,7.780684637334778,,7.17383437049021,200,7.419022533333006,7.419022533333006,7.398020833878109,7.398020833878109,0.021001699454897604,0.021001699454897604
2081,416200,rician,64,3.5540170276468093,7.788517005788653,2.9003589013845237,4.888158104404134,,7.17383437049021,200,7.296749524462754,7.296749524462754,7.3711235536049,7.3711235536049,0.0743740291421453,0.0743740291421453
2082,416400,rician,64,8.123009733960819,8.681673371170792,0.16870822192351012,8.51296514924729,,7.17383437049021,200,7.398956896280518,7.398956896280518,7.385712060731315,7.385712060731315,0.013244835549203415,0.013244835549203415
2083,416600,rician,64,6.715752529501233,8.19073164825043,1.0451050675943112,7.145626580656114,,7.17383437049021,200,7.525692339561455,7.525692339561455,7.382426971313749,7.382426971313749,0.14326536824770564,0.14326536824770564
2084,416800,rician,64,7.365054525262988,8.50245889788498,0.3435705415242739,8.158888356360704,,7.17383437049021,200,7.5064920134227595,7.5064920134227595,7.3960763919113575,7.3960763919113575,0.11041562151140205,0.11041562151140205
2085,417000,rician,64,6.445849607529237,7.802910898444207,0.5137135257147835,7.289197372729428,,7.17383437049021,200,7.45235814463147,7.45235814463147,7.392263995184236,7.392263995184236,0.06009414944723357,0.06009414944723357
2086,417200,rician,64,7.355148097082888,8.677731625986347,0.9249066369200907,7.752824989066257,,7.17383437049021,200,7.470127208723847,7.470127208723847,7.401207861793429,7.401207861793429,0.0689193469304179,0.0689193469304179
2087,417400,rician,64,7.519836404462675,8.62944531489029,0.16003382625652876,8.469411488633762,,7.17383437049021,200,7.543006921721451,7.543006921721451,7.411893394537283,7.411893394537283,0.13111352718416835,0.13111352718416835
2088,417600,rician,64,5.011178645640502,8.236837636396537,1.0090213408936832,7.227816295502854,,7.17383437049021,200,7.467304582169898,7.467304582169898,7.408149118447065,7.408149118447065,0.0591554637228322,0.0591554637228322
2089,417800,rician,64,6.081901458587513,8.635704762644714,1.970438511962546,6.665266250682161,,7.17383437049021,200,7.3853334503344925,7.3853334503344925,7.396067409305866,7.396067409305866,0.010733958971373525,0.010733958971373525
2090,418000,rician,64,5.774833744568435,8.57262199590692,2.1772623933226334,6.400402106143582,,7.17383437049021,200,7.354643758195356,7.354643758195356,7.387469266593049,7.387469266593049,0.032825508397693604,0.032825508397693604
2091,418200,rician,64,7.773114847199919,8.496971221336505,0.247049886142841,8.249921335193667,,7.17383437049021,200,7.33045293892711,7.33045293892711,7.402914347767861,7.402914347767861,0.07246140884075114,0.07246140884075114
2092,418400,rician,64,7.00169604975458,9.38829718541127,1.4892313341607581,7.899065851250512,,7.17383437049021,200,7.286927052740626,7.286927052740626,7.406236386674752,7.406236386674752,0.11930933393412602,0.11930933393412602
2093,418600,rician,64,7.601808288540822,8.231504737619558,0.11414480700192135,8.11735993061763,,7.17383437049021,200,7.307136228278788,7.307136228278788,7.4102422824498,7.4102422824498,0.10310605417101204,0.10310605417101204
2094,418800,rician,64,6.576005272993273,8.223177336915374,0.15653016277953313,8.066647174135843,,7.17383437049021,200,7.316072578147595,7.316072578147595,7.428930228561412,7.428930228561412,0.11285765041381701,0.11285765041381701
2095,419000,rician,64,5.870524105432647,7.946264781979602,1.2540075587482185,6.692257223231382,,7.17383437049021,200,7.298422958516343,7.298422958516343,7.407764176633114,7.407764176633114,0.10934121811677056,0.10934121811677056
2096,419200,rician,64,5.5011363406894676,7.893628757890459,1.1022562801601474,6.7913724777303095,,7.17383437049021,200,7.188188028132596,7.188188028132596,7.396519451569188,7.396519451569188,0.20833142343659183,0.20833142343659183
2097,419400,rician,64,5.893339845426294,8.55206789899282,1.2972550359884247,7.254812863004392,,7.17383437049021,200,7.137636016247987,7.137636016247987,7.391819996450079,7.391819996450079,0.2541839802020922,0.2541839802020922
2098,419600,rician,64,7.057743831569566,9.424285467447012,1.9051032229451632,7.519182244501847,,7.17383437049021,200,7.487295890823896,7.487295890823896,7.390502946484805,7.390502946484805,0.09679294433909114,0.09679294433909114
2099,419800,rician,64,6.758750657151013,7.647443231352563,0.36634641471133195,7.281096816641228,,7.17383437049021,200,7.408147862353394,7.408147862353394,7.40351085507666,7.40351085507666,0.004637007276733662,0.004637007276733662
2100,420000,rician,64,7.132840640821717,8.379656495289606,0.7448119272275635,7.634844568062038,8.567438749663001,8.567438749663001,200,7.4008558588897575,7.4008558588897575,7.393479404174348,7.393479404174348,0.007376454715409153,0.007376454715409153
2101,420200,rician,64,7.959383745365903,8.670595134304829,0.03824828436211254,8.63234684994272,,8.567438749663001,200,7.588065296166687,7.588065296166687,7.407139054264275,7.407139054264275,0.18092624190241224,0.18092624190241224
2102,420400,rician,64,6.550962258605004,8.339980976111514,0.9843440372340508,7.355636938877467,,8.567438749663001,200,7.530198885648195,7.530198885648195,7.3955466679167285,7.3955466679167285,0.13465221773146663,0.13465221773146663
2103,420600,rician,64,6.225439948533974,7.866026882627988,0.7962554088917003,7.069771473736295,,8.567438749663001,200,7.526406130302203,7.526406130302203,7.369550218070753,7.369550218070753,0.15685591223145057,0.15685591223145057
2104,420800,rician,64,6.308945609820468,8.077256730181421,0.29017159311486174,7.797029125101439,,8.567438749663001,200,7.50831316873924,7.50831316873924,7.358725943108991,7.358725943108991,0.14958722563024907,0.14958722563024907
2105,421000,rician,64,6.841328090884727,9.305142237674106,2.0009594600851304,7.304182777588976,,8.567438749663001,200,7.509062438982218,7.509062438982218,7.3576300129589,7.3576300129589,0.15143242602331775,0.15143242602331775
2106,421200,rician,64,8.34528727722665,8.891354680766106,0.14249995437653515,8.74885472638957,,8.567438749663001,200,7.558863925848383,7.558863925848383,7.372846432026696,7.372846432026696,0.1860174938216872,0.1860174938216872
2107,421400,rician,64,6.616134183511299,8.737701651640059,1.6083851885591414,7.129316463080916,,8.567438749663001,200,7.491859174570742,7.491859174570742,7.371692641477404,7.371692641477404,0.12016653309333769,0.12016653309333769
2108,421600,rician,64,8.714646056216033,9.479715992531982,0.3106373199672999,9.169078672564687,,8.567438749663001,200,7.588922293423835,7.588922293423835,7.379245294145994,7.379245294145994,0.2096769992778409,0.2096769992778409
2109,421800,rician,64,6.34330702155998,9.354949024578566,2.131544009630165,7.223405014948397,,8.567438749663001,200,7.616829231637145,7.616829231637145,7.368562890377288,7.368562890377288,0.24826634125985692,0.24826634125985692
2110,422000,rician,64,6.994118446161882,9.093529340392317,1.0047963522407233,8.088732988151602,,8.567438749663001,200,7.701245775737545,7.701245775737545,7.399014743834739,7.399014743834739,0.30223103190280654,0.30223103190280654
2111,422200,rician,64,6.839496999404592,9.194179986997794,1.868508384510648,7.325671602487144,,8.567438749663001,200,7.655033289102219,7.655033289102219,7.392410769014677,7.392410769014677,0.2626225200875423,0.2626225200875423
2112,422400,rician,64,7.91230094431482,9.414698103267535,0.5047702067396029,8.909927896527934,,8.567438749663001,200,7.705576391366091,7.705576391366091,7.430332580898767,7.430332580898767,0.27524381046732405,0.27524381046732405
2113,422600,rician,64,6.5343649503254895,9.090761888903582,1.3813083428956123,7.709453546007969,,8.567438749663001,200,7.685181072135609,7.685181072135609,7.423408596096298,7.423408596096298,0.26177247603931075,0.26177247603931075
2114,422800,rician,64,7.67600097372952,8.742147437847628,0.6205745823871375,8.121572855460496,,8.567438749663001,200,7.6879273562018415,7.6879273562018415,7.432134659770156,7.432134659770156,0.25579269643168523,0.25579269643168523
2115,423000,rician,64,6.615645570694021,8.976530091592211,1.0001876954063302,7.976342396185872,,8.567438749663001,200,7.752131614849565,7.752131614849565,7.420401778615573,7.420401778615573,0.33172983623399244,0.33172983623399244
2116,423200,rician,64,6.2729116748133995,9.028598954642483,2.2839888509263018,6.744610103716191,,8.567438749663001,200,7.749793496148859,7.749793496148859,7.415857831610565,7.415857831610565,0.33393566453829404,0.33393566453829404
2117,423400,rician,64,6.4463256704458605,8.404592468116984,0.7896345110231897,7.614957957093792,,8.567438749663001,200,7.767800750853328,7.767800750853328,7.420963113084497,7.420963113084497,0.34683763776883136,0.34683763776883136
2118,423600,rician,64,6.994795391159801,9.253720565615309,1.1494478988597772,8.104272666755529,,8.567438749663001,200,7.797055271966014,7.797055271966014,7.429511843782592,7.429511843782592,0.36754342818342156,0.36754342818342156
2119,423800,rician,64,8.101469062224668,9.312800047466911,0.10117847088639843,9.21162157658052,,8.567438749663001,200,7.893581509962976,7.893581509962976,7.455156886253492,7.455156886253492,0.43842462370948443,0.43842462370948443
2120,424000,rician,64,6.936905558389978,8.843990901020119,0.6715721493380487,8.17241875168207,,8.567438749663001,200,7.920460219143979,7.920460219143979,7.476354408864502,7.476354408864502,0.4441058102794768,0.4441058102794768
2121,424200,rician,64,7.720503845259637,8.476613326745,0.31654340093404776,8.16006992581094,,8.567438749663001,200,7.8968463729373894,7.8968463729373894,7.476580747004567,7.476580747004567,0.4202656259328226,0.4202656259328226
2122,424400,rician,64,7.477782778821057,8.517867927921598,0.6069773527507297,7.910890575170868,,8.567438749663001,200,7.924609054752061,7.924609054752061,7.490685605134997,7.490685605134997,0.43392344961706364,0.43392344961706364
2123,424600,rician,64,4.709854883196344,7.92381045619426,2.0245927042440366,5.899217751950221,,8.567438749663001,200,7.8660813686627575,7.8660813686627575,7.475818792262795,7.475818792262795,0.3902625763999623,0.3902625763999623
2124,424800,rician,64,8.419418255953012,10.861365238703346,1.161942725638591,9.699422513064746,,8.567438749663001,200,7.961201038060923,7.961201038060923,7.4971752349750735,7.4971752349750735,0.46402580308584973,0.46402580308584973
2125,425000,rician,64,6.424078864923501,8.85437886128021,0.9676993794869364,7.886679481793279,,8.567438749663001,200,7.9903258732711375,7.9903258732711375,7.510606958336873,7.510606958336873,0.47971891493426444,0.47971891493426444
2126,425200,rician,64,5.581314810906855,8.575864691692685,1.5114081687916723,7.064456522901006,,8.567438749663001,200,7.906105963096708,7.906105963096708,7.504257182229436,7.504257182229436,0.4018487808672724,0.4018487808672724
2127,425400,rician,64,5.889864309477366,7.904976921397465,0.5303189702535753,7.374657951143893,,8.567438749663001,200,7.918373037499856,7.918373037499856,7.492597400524091,7.492597400524091,0.42577563697576526,0.42577563697576526
2128,425600,rician,64,3.619702875864899,7.807683946572457,2.8682699394107396,4.939414007161718,,8.567438749663001,200,7.706889804229709,7.706889804229709,7.461712246367533,7.461712246367533,0.245177557862176,0.245177557862176
2129,425800,rician,64,7.402224318238321,8.773720724464642,0.9589216409563192,7.814799083508326,,8.567438749663001,200,7.736459507657706,7.736459507657706,7.473229820175959,7.473229820175959,0.263229687481747,0.263229687481747
2130,426000,rician,64,7.930058983362564,8.644108093532246,0.2068719878972919,8.437236105634957,,8.567438749663001,200,7.753884663531873,7.753884663531873,7.487953258708911,7.487953258708911,0.26593140482296196,0.26593140482296196
2131,426200,rician,64,5.757065151217139,8.693279609830842,1.7395599641346688,6.9537196456961725,,8.567438749663001,200,7.735287065692324,7.735287065692324,7.485330079395084,7.485330079395084,0.2499569862972404,0.2499569862972404
2132,426400,rician,64,7.286798857175064,8.337529720057464,0.6723278992892913,7.6720688500523995,,8.567438749663001,200,7.6733941133685475,7.6733941133685475,7.499971124574944,7.499971124574944,0.17342298879360385,0.17342298879360385
2133,426600,rician,64,7.610834299737519,9.948015909423018,1.8593289621109867,8.088686947312029,,8.567438749663001,200,7.69235578343375,7.69235578343375,7.508778846604604,7.508778846604604,0.18357693682914622,0.18357693682914622
2134,426800,rician,64,7.439377089852363,8.89000008760358,0.9472619353382077,7.942738152265367,,8.567438749663001,200,7.683414048273995,7.683414048273995,7.508320965637303,7.508320965637303,0.17509308263669254,0.17509308263669254
2135,427000,rician,64,6.961679972617469,8.757329359296193,0.8425109308918854,7.914818428404302,,8.567438749663001,200,7.680337849884917,7.680337849884917,7.511744159822577,7.511744159822577,0.16859369006234015,0.16859369006234015
2136,427200,rician,64,7.463308954053272,9.78551778970659,0.7880773508577837,8.9974404388488,,8.567438749663001,200,7.792979366641546,7.792979366641546,7.524852000265346,7.524852000265346,0.26812736637620027,0.26812736637620027
2137,427400,rician,64,7.920531316683028,9.105924938894404,0.26276042088592166,8.843164518008486,,8.567438749663001,200,7.85438969468728,7.85438969468728,7.531537932845171,7.531537932845171,0.3228517618421094,0.3228517618421094
2138,427600,rician,64,6.606401719693302,8.430583420104359,0.37758037602327954,8.053003044081079,,8.567438749663001,200,7.851826213553558,7.851826213553558,7.530195053277845,7.530195053277845,0.3216311602757127,0.3216311602757127
2139,427800,rician,64,7.251648400575117,8.420319661497684,0.58736374476033,7.8329559167373555,,8.567438749663001,200,7.7828929305614,7.7828929305614,7.52999914860659,7.52999914860659,0.2528937819548096,0.2528937819548096
2140,428000,rician,64,8.256288987769667,9.174611180190178,0.3840360480503433,8.79057513213984,,8.567438749663001,200,7.8138007495842885,7.8138007495842885,7.536037351772031,7.536037351772031,0.2777633978122571,0.2777633978122571
2141,428200,rician,64,6.230004738958187,8.735834768929516,2.108753692385503,6.627081076544017,,8.567438749663001,200,7.737151307120942,7.737151307120942,7.505680215670979,7.505680215670979,0.23147109144996314,0.23147109144996314
2142,428400,rician,64,6.510832749800887,7.895158679512497,0.034789843273426865,7.860368836239073,,8.567438749663001,200,7.734625220174354,7.734625220174354,7.539533905616402,7.539533905616402,0.1950913145579518,0.1950913145579518
2143,428600,rician,64,7.91659136356837,9.121728013946386,0.7765862762573457,8.34514173768905,,8.567438749663001,200,7.856921419461296,7.856921419461296,7.541664961852478,7.541664961852478,0.31525645760881815,0.31525645760881815
2144,428800,rician,64,8.20209769622466,9.393081371512908,0.15005591307452126,9.243025458438385,,8.567438749663001,200,7.834101566729977,7.834101566729977,7.556477056523469,7.556477056523469,0.27762451020650847,0.27762451020650847
2145,429000,rician,64,5.0906784903066535,8.400064027889652,2.701602412095746,5.698461615793908,,8.567438749663001,200,7.7246906734300085,7.7246906734300085,7.525355129731573,7.525355129731573,0.1993355436984352,0.1993355436984352
2146,429200,rician,64,7.1029796020308735,7.973717352704784,0.43151819039460726,7.54219916231017,,8.567438749663001,200,7.748577805400467,7.748577805400467,7.557622732131183,7.557622732131183,0.19095507326928463,0.19095507326928463
2147,429400,rician,64,8.92952360683078,9.50960614140988,0.12350654963161506,9.386099591778267,,8.567438749663001,200,7.849149887432186,7.849149887432186,7.628685130462725,7.628685130462725,0.2204647569694611,0.2204647569694611
2148,429600,rician,64,7.641078403094725,8.156526208727623,0.11520833345250685,8.041317875275114,,8.567438749663001,200,8.004245080837856,8.004245080837856,7.635698238848597,7.635698238848597,0.368546841989259,0.368546841989259
2149,429800,rician,64,5.98689068736903,8.392782145781112,1.3026583786183312,7.09012376716278,,8.567438749663001,200,7.968011315020578,7.968011315020578,7.622181197542919,7.622181197542919,0.345830117477659,0.345830117477659
2150,430000,rician,64,7.335506628306462,7.980200939544596,0.2209891918433413,7.7592117477012525,8.280634156116903,8.280634156116903,200,7.934110097123893,7.934110097123893,7.617928479416062,7.617928479416062,0.31618161770783093,0.31618161770783093
2151,430200,rician,64,2.769174132947392,8.137846242547006,4.161997095190397,3.980062497401109,,8.280634156116903,200,7.785427239709139,7.785427239709139,7.582169086499376,7.582169086499376,0.20325815320976304,0.20325815320976304
2152,430400,rician,64,7.51772283126832,8.163529262914164,0.22619106305226194,7.937338199861897,,8.280634156116903,200,7.798690707199616,7.798690707199616,7.586825971888224,7.586825971888224,0.2118647353113916,0.2118647353113916
2153,430600,rician,64,7.172976454258012,9.04902119179933,0.23714707002158902,8.811874121777738,,8.280634156116903,200,7.8348500659229,7.8348500659229,7.604589312407324,7.604589312407324,0.2302607535155765,0.2302607535155765
2154,430800,rician,64,6.507211314541471,8.050928489708195,0.742325554636084,7.308602935072118,,8.280634156116903,200,7.803143305063239,7.803143305063239,7.595558858457014,7.595558858457014,0.20758444660622466,0.20758444660622466
2155,431000,rician,64,8.028329184294398,8.651992758696375,0.12486204473411346,8.527130713962263,,8.280634156116903,200,7.833758919341136,7.833758919341136,7.609797864869376,7.609797864869376,0.2239610544717605,0.2239610544717605
2156,431200,rician,64,9.268295523748275,10.066747436849427,0.25651495303412464,9.8102324838153,,8.280634156116903,200,7.874398521589461,7.874398521589461,7.624862989722321,7.624862989722321,0.2495355318671395,0.2495355318671395
2157,431400,rician,64,5.77611458330618,8.686342934327746,1.6046991436801659,7.081643790647579,,8.280634156116903,200,7.786322485221414,7.786322485221414,7.640608887264018,7.640608887264018,0.14571359795739625,0.14571359795739625
2158,431600,rician,64,9.287941401039705,10.725572762065026,1.0340974407047057,9.691475321360326,,8.280634156116903,200,7.868246099085377,7.868246099085377,7.6685427080385,7.6685427080385,0.19970339104687707,0.19970339104687707
2159,431800,rician,64,7.422837599689922,9.115572973624314,0.36002464967339465,8.755548323950913,,8.280634156116903,200,7.914375719446054,7.914375719446054,7.68763913843253,7.68763913843253,0.22673658101352334,0.22673658101352334
2160,432000,rician,64,8.311834555834466,9.720950635495932,0.973014566203578,8.747936069292358,,8.280634156116903,200,7.91224376630368,7.91224376630368,7.693276625450942,7.693276625450942,0.2189671408527385,0.2189671408527385
2161,432200,rician,64,7.497515278942338,8.73641191966871,0.7709503330402783,7.965461586628425,,8.280634156116903,200,7.9791627918079016,7.9791627918079016,7.699595058499135,7.699595058499135,0.2795677333087667,0.2795677333087667
2162,432400,rician,64,7.961018370147127,8.8662013861639,0.4875655498591524,8.378635836304746,,8.280634156116903,200,8.005076141811184,8.005076141811184,7.718693239733261,7.718693239733261,0.28638290207792316,0.28638290207792316
2163,432600,rician,64,7.6059441073264225,8.54963102400585,0.5711479594255116,7.978483064580342,,8.280634156116903,200,7.986743208155749,7.986743208155749,7.752368893228691,7.752368893228691,0.2343743149270585,0.2343743149270585
2164,432800,rician,64,5.291005763209032,8.208730268602155,1.8120659481568915,6.396664320445257,,8.280634156116903,200,7.844425151256094,7.844425151256094,7.730906587641797,7.730906587641797,0.11351856361429746,0.11351856361429746
2165,433000,rician,64,4.424582533032626,7.9853867813073185,3.178692702607134,4.806694078700181,,8.280634156116903,200,7.799836774401408,7.799836774401408,7.695254780943247,7.695254780943247,0.10458199345816066,0.10458199345816066
2166,433200,rician,64,7.159346936726552,8.286528637062498,0.14054114686513527,8.145987490197363,,8.280634156116903,200,7.830026190795768,7.830026190795768,7.702740218773034,7.702740218773034,0.12728597202273395,0.12728597202273395
2167,433400,rician,64,8.088363709571603,8.437277612947254,0.02480498897669973,8.412472623970553,,8.280634156116903,200,7.781344842405382,7.781344842405382,7.716746772725921,7.716746772725921,0.06459806967946058,0.06459806967946058
2168,433600,rician,64,3.646821886927494,8.0661744596699,4.021398431894867,4.055377296500899,,8.280634156116903,200,7.58204781346667,7.58204781346667,7.6698819148255915,7.6698819148255915,0.08783410135892122,0.08783410135892122
2169,433800,rician,64,7.199242013993302,9.01256806424519,1.3869945202466492,7.62557354399854,,8.280634156116903,200,7.608820302308457,7.608820302308457,7.6630907613916746,7.6630907613916746,0.05427045908321748,0.05427045908321748
2170,434000,rician,64,8.643827571820166,9.648645446555198,0.626014171816597,9.022631274738597,,8.280634156116903,200,7.671991278660324,7.671991278660324,7.683175114649797,7.683175114649797,0.011183835989472257,0.011183835989472257
2171,434200,rician,64,7.016162913580079,7.781948754276306,0.21758956659960704,7.564359187676709,,8.280634156116903,200,7.851206113174103,7.851206113174103,7.6714813293209785,7.6714813293209785,0.17972478385312485,0.17972478385312485
2172,434400,rician,64,7.144386642155167,8.114015411571375,0.01692004756300036,8.097095364008371,,8.280634156116903,200,7.859193971381427,7.859193971381427,7.664756447211261,7.664756447211261,0.19443752417016658,0.19443752417016658
2173,434600,rician,64,7.762889498084121,9.17407920281047,0.39356113637313667,8.780518066437333,,8.280634156116903,200,7.8576261686144075,7.8576261686144075,7.675429863677091,7.675429863677091,0.18219630493731653,0.18219630493731653
2174,434800,rician,64,6.9614841944031,7.9091277596918825,0.2926706194565562,7.616457140235329,,8.280634156116903,200,7.8730188788725695,7.8730188788725695,7.6727152333118465,7.6727152333118465,0.200303645560723,0.200303645560723
2175,435000,rician,64,6.26750173497243,8.82042680667547,1.0406426946462686,7.7797841120291995,,8.280634156116903,200,7.835651548775917,7.835651548775917,7.680060578273576,7.680060578273576,0.15559097050234083,0.15559097050234083
2176,435200,rician,64,7.291724315633128,8.46574926147381,0.748116394604227,7.717632866869582,,8.280634156116903,200,7.731021567928631,7.731021567928631,7.667276196088219,7.667276196088219,0.06374537184041262,0.06374537184041262
2177,435400,rician,64,6.940039083353342,9.145544218863808,0.9921079922036116,8.153436226660197,,8.280634156116903,200,7.784611189729262,7.784611189729262,7.666152027347855,7.666152027347855,0.11845916238140664,0.11845916238140664
2178,435600,rician,64,7.496285420641608,8.53585927184555,0.6779409719088577,7.857918299936686,,8.280634156116903,200,7.692933338658081,7.692933338658081,7.739471362817386,7.739471362817386,0.04653802415930475,0.04653802415930475
2179,435800,rician,64,6.633885700248539,8.201952693632855,0.7550726496007876,7.446880044032068,,8.280634156116903,200,7.627499924662137,7.627499924662137,7.725299589397195,7.725299589397195,0.09779966473505741,0.09779966473505741
2180,436000,rician,64,8.592543735150556,9.157456321054333,0.22640316369190586,8.931053157362417,,8.280634156116903,200,7.6366557790656415,7.6366557790656415,7.736803274597468,7.736803274597468,0.10014749553182689,0.10014749553182689
2181,436200,rician,64,7.831794032178126,8.523934470436714,0.1502159322756231,8.373718538161087,,8.280634156116903,200,7.657068626642273,7.657068626642273,7.771658878935039,7.771658878935039,0.11459025229276598,0.11459025229276598
2182,436400,rician,64,4.092381904854532,8.056535704294701,3.5843178270072675,4.473795774644272,,8.280634156116903,200,7.461826623559249,7.461826623559249,7.731267185189007,7.731267185189007,0.26944056162975816,0.26944056162975816
2183,436600,rician,64,7.669051696548939,8.182901837816154,0.09050701184022678,8.092394825975925,,8.280634156116903,200,7.467522211629027,7.467522211629027,7.740734867642207,7.740734867642207,0.2732126560131798,0.2732126560131798
2184,436800,rician,64,6.799441254908411,8.14166719881774,0.9698516715179972,7.171815527299743,,8.280634156116903,200,7.5062797719717524,7.5062797719717524,7.730864139351597,7.730864139351597,0.22458436737984488,0.22458436737984488
2185,437000,rician,64,7.334013391409094,8.133826599974375,0.41661162099150867,7.717214978982866,,8.280634156116903,200,7.6518058169858865,7.6518058169858865,7.73514431541413,7.73514431541413,0.08333849842824392,0.08333849842824392
2186,437200,rician,64,9.023631996099503,9.687216457054252,0.10622986253025586,9.580986594523988,,8.280634156116903,200,7.723555772202218,7.723555772202218,7.7534259314687075,7.7534259314687075,0.029870159266489615,0.029870159266489615
2187,437400,rician,64,6.6582087509919425,9.109188694257432,2.108704736297247,7.000483957960179,,8.280634156116903,200,7.652956338901698,7.652956338901698,7.738736656161973,7.738736656161973,0.08578031726027469,0.08578031726027469
2188,437600,rician,64,7.498757814203176,8.152924818523742,0.3043330756917928,7.848591742831951,,8.280634156116903,200,7.8426170612182515,7.8426170612182515,7.744944410635265,7.744944410635265,0.0976726505829868,0.0976726505829868
2189,437800,rician,64,7.122603453308231,7.927574679498129,0.39257868713866223,7.534995992359469,,8.280634156116903,200,7.838088183636297,7.838088183636297,7.753641708052038,7.753641708052038,0.08444647558425888,0.08444647558425888
2190,438000,rician,64,6.640148486331753,8.47953865195039,0.8901265769972694,7.589412074953122,,8.280634156116903,200,7.766427223647024,7.766427223647024,7.765531807740132,7.765531807740132,0.0008954159068919054,0.0008954159068919054
2191,438200,rician,64,7.534921107226085,8.702815290613604,0.45516783804938094,8.247647452564216,,8.280634156116903,200,7.8005916368914,7.8005916368914,7.765509068913838,7.765509068913838,0.03508256797756193,0.03508256797756193
2192,438400,rician,64,7.719988942389188,9.083171817454591,0.8452430149023821,8.237928802552206,,8.280634156116903,200,7.807633308818592,7.807633308818592,7.768897698426855,7.768897698426855,0.03873561039173712,0.03873561039173712
2193,438600,rician,64,5.893045982189441,8.556341550508085,1.6831775526707438,6.87316399783735,,8.280634156116903,200,7.712265605388592,7.712265605388592,7.756455739099052,7.756455739099052,0.04419013371045999,0.04419013371045999
2194,438800,rician,64,7.8308019937498035,9.102545464462695,0.9355035561670271,8.167041908295674,,8.280634156116903,200,7.73979484379161,7.73979484379161,7.75745968644065,7.75745968644065,0.017664842649040224,0.017664842649040224
2195,439000,rician,64,3.044701935947686,8.475581490308983,3.7600105876210685,4.718184580333006,,8.280634156116903,200,7.586714867206799,7.586714867206799,7.737718960011668,7.737718960011668,0.15100409280486815,0.15100409280486815
2196,439200,rician,64,7.980492204585603,8.525886209226202,0.13552669236875314,8.390359516857451,,8.280634156116903,200,7.620351199706194,7.620351199706194,7.753708830402937,7.753708830402937,0.133357630696743,0.133357630696743
2197,439400,rician,64,7.276003324861072,8.458638034335912,0.7792415585877721,7.679396475748138,,8.280634156116903,200,7.596649212160591,7.596649212160591,7.757954666530376,7.757954666530376,0.16130545436978494,0.16130545436978494
2198,439600,rician,64,6.0190269695086265,7.720495601507465,1.3792129848403274,6.34128261666714,,8.280634156116903,200,7.520817427997114,7.520817427997114,7.746175670252029,7.746175670252029,0.22535824225491474,0.22535824225491474
2199,439800,rician,64,6.142803501033785,8.803046372964198,2.2384198371661355,6.564626535798063,,8.280634156116903,200,7.476704752585414,7.476704752585414,7.739010967443598,7.739010967443598,0.2623062148581834,0.2623062148581834
2200,440000,rician,64,4.552288931496502,8.501568566575324,3.5336449489050303,4.967923617670294,7.585622062218603,7.585622062218603,200,7.278548275600807,7.278548275600807,7.712341757939679,7.712341757939679,0.4337934823388725,0.4337934823388725
2201,440200,rician,64,4.518561501529609,7.979320270910817,2.8492428631583433,5.133371083168698,,7.585622062218603,200,7.116530902851187,7.116530902851187,7.67735200027194,7.67735200027194,0.560821097420753,0.560821097420753
2202,440400,rician,64,6.663348877998352,9.396006468907478,2.3856085715669075,7.0103978973405665,,7.585622062218603,200,7.243361008986002,7.243361008986002,7.67389960985657,7.67389960985657,0.43053860087056783,0.43053860087056783
2203,440600,rician,64,6.665538661245346,8.623080240563024,1.5948538998893316,7.028226340673684,,7.585622062218603,200,7.19015258472089,7.19015258472089,7.673484158525944,7.673484158525944,0.48333157380505387,0.48333157380505387
2204,440800,rician,64,7.826103389292939,8.5175306254879,0.35912242050811916,8.158408204979786,,7.585622062218603,200,7.239482218604893,7.239482218604893,7.677097949324727,7.677097949324727,0.43761573071983406,0.43761573071983406
2205,441000,rician,64,4.0288211246822305,7.673894428102363,2.5899301705651983,5.085251437430607,,7.585622062218603,200,7.10788404152728,7.10788404152728,7.654908635923143,7.654908635923143,0.5470245943958636,0.5470245943958636
2206,441200,rician,64,7.225080266004599,8.188647023326116,0.618903682433075,7.569743340893034,,7.585622062218603,200,7.007321878845731,7.007321878845731,7.643117522068179,7.643117522068179,0.6357956432224476,0.6357956432224476
2207,441400,rician,64,8.902641289871656,10.041434475776445,0.8250983550406726,9.216336120735777,,7.585622062218603,200,7.118114486984512,7.118114486984512,7.6639877186447265,7.6639877186447265,0.5458732316602148,0.5458732316602148
2208,441600,rician,64,6.136970774814179,8.307087290595277,1.2112083900568205,7.095878900538459,,7.585622062218603,200,7.080478844869836,7.080478844869836,7.643255720924466,7.643255720924466,0.5627768760546301,0.5627768760546301
2209,441800,rician,64,7.620424191819353,9.941640588711246,1.1017384500467928,8.839902138664453,,7.585622062218603,200,7.145724152185086,7.145724152185086,7.659420692161625,7.659420692161625,0.5136965399765385,0.5136965399765385
2210,442000,rician,64,8.0744378826742,9.271478809191422,0.8980865352706052,8.373392273920809,,7.585622062218603,200,7.184923162133471,7.184923162133471,7.662267285019318,7.662267285019318,0.4773441228858477,0.4773441228858477
2211,442200,rician,64,6.255092874327684,9.004436761123362,1.9190802398614535,7.085356521261912,,7.585622062218603,200,7.126808615568355,7.126808615568355,7.659864134207064,7.659864134207064,0.5330555186387089,0.5330555186387089
2212,442400,rician,64,5.581007687577813,8.478022180561377,2.4986646397372287,5.979421219060911,,7.585622062218603,200,7.013883236393791,7.013883236393791,7.630559067432395,7.630559067432395,0.616675831038604,0.616675831038604
2213,442600,rician,64,6.374976793916184,8.325433080703746,1.1686985840091053,7.156734496694641,,7.585622062218603,200,7.028061761336656,7.028061761336656,7.625031876939261,7.625031876939261,0.5969701156026046,0.5969701156026046
2214,442800,rician,64,6.961144207413705,8.609429705213634,0.6492330703456387,7.96019663486799,,7.585622062218603,200,7.017719497665271,7.017719497665271,7.623418114733337,7.623418114733337,0.6056986170680654,0.6056986170680654
2215,443000,rician,64,6.194134864951194,8.152706986815963,0.6010931077594638,7.5516138790564975,,7.585622062218603,200,7.159390962601447,7.159390962601447,7.619170829562041,7.619170829562041,0.45977986696059414,0.45977986696059414
2216,443200,rician,64,7.429395106411424,8.744464459513567,0.8061071663107152,7.938357293202856,,7.585622062218603,200,7.136790851418715,7.136790851418715,7.63110830145691,7.63110830145691,0.4943174500381957,0.4943174500381957
2217,443400,rician,64,4.021037597818714,8.079572731436125,3.7102751520363255,4.369297579399799,,7.585622062218603,200,6.971285906601298,6.971285906601298,7.598651697679969,7.598651697679969,0.6273657910786712,0.6273657910786712
2218,443600,rician,64,7.918282016708624,9.337238170668446,1.0990874904501666,8.238150680218276,,7.585622062218603,200,7.066129309778856,7.066129309778856,7.599990477814598,7.599990477814598,0.5338611680357417,0.5338611680357417
2219,443800,rician,64,7.896378999269716,8.624431844661688,0.4075115250721287,8.216920319589558,,7.585622062218603,200,7.14874399896843,7.14874399896843,7.590043465244687,7.590043465244687,0.4412994662762566,0.4412994662762566
2220,444000,rician,64,4.49951089915607,8.470230195849854,3.671232335431275,4.803813074486982,,7.585622062218603,200,7.140538471809265,7.140538471809265,7.556357408472736,7.556357408472736,0.41581893666347103,0.41581893666347103
2221,444200,rician,64,4.766002578438786,7.868953123405404,2.518152021618388,5.352169509383182,,7.585622062218603,200,7.151478393119987,7.151478393119987,7.52827840430846,7.52827840430846,0.3768000111884726,0.3768000111884726
2222,444400,rician,64,8.232195244391079,8.989288125475339,0.43721620480740203,8.552071920667936,,7.585622062218603,200,7.2285620942863575,7.2285620942863575,7.53469021776343,7.53469021776343,0.3061281234770723,0.3061281234770723
2223,444600,rician,64,6.601795211039821,8.883543326444496,1.919073789871891,6.964469536572598,,7.585622062218603,200,7.225374254081304,7.225374254081304,7.545342735609652,7.545342735609652,0.3199684815283481,0.3199684815283481
2224,444800,rician,64,7.57022720274193,8.279297662948842,0.36403656605416224,7.915261096894682,,7.585622062218603,200,7.213216898677048,7.213216898677048,7.527501121447952,7.527501121447952,0.31428422277090373,0.31428422277090373
2225,445000,rician,64,4.453637444683132,8.396099006980362,3.5805955707171786,4.827334012186592,,7.585622062218603,200,7.200321027414847,7.200321027414847,7.496907666751886,7.496907666751886,0.2965866393370389,0.2965866393370389
2226,445200,rician,64,4.1734991692140175,8.060255734322272,2.7906113410437703,5.2699831555519445,,7.585622062218603,200,7.085333018147793,7.085333018147793,7.478962933078395,7.478962933078395,0.3936299149306022,0.3936299149306022
2227,445400,rician,64,7.736286625991158,8.899989018631377,0.8483716765181759,8.0516173421132,,7.585622062218603,200,7.027097079216664,7.027097079216664,7.485732526988089,7.485732526988089,0.4586354477714254,0.4586354477714254
2228,445600,rician,64,8.188459525060951,9.319378806193065,0.5162628148809238,8.803115991312131,,7.585622062218603,200,7.112458933755347,7.112458933755347,7.524369546829592,7.524369546829592,0.41191061307424537,0.41191061307424537
2229,445800,rician,64,5.094778595290096,8.135590327396029,2.70299128000534,5.436013887962472,,7.585622062218603,200,6.942264521220248,6.942264521220248,7.500581694874132,7.500581694874132,0.5583171736538839,0.5583171736538839
2230,446000,rician,64,7.416476993335547,9.751819124407763,2.0121259850745257,7.739693139333239,,7.585622062218603,200,6.910579564490869,6.910579564490869,7.493606265211116,7.493606265211116,0.5830267007202465,0.5830267007202465
2231,446200,rician,64,7.1978369333462355,8.36378533458836,0.7712865179275449,7.592498816660816,,7.585622062218603,200,6.9359366792608155,6.9359366792608155,7.499994056920762,7.499994056920762,0.5640573776599469,0.5640573776599469
2232,446400,rician,64,8.959961665023036,10.598568031088039,1.3322801488659377,9.266287882222098,,7.585622062218603,200,7.100280012418875,7.100280012418875,7.5159362472424585,7.5159362472424585,0.41565623482358305,0.41565623482358305
2233,446600,rician,64,7.253805198694739,8.840946970298148,1.2644585396922317,7.576488430605919,,7.585622062218603,200,7.121267709114437,7.121267709114437,7.510814262075397,7.510814262075397,0.38954655296095986,0.38954655296095986
2234,446800,rician,64,7.543361387174533,8.96873913124717,1.0703973219883025,7.898341809258873,,7.585622062218603,200,7.118174967833984,7.118174967833984,7.510370298645334,7.510370298645334,0.39219533081134994,0.39219533081134994
2235,447000,rician,64,8.19558713790751,9.795514089941618,0.8342206348635137,8.961293455078113,,7.585622062218603,200,7.188658946635064,7.188658946635064,7.5208350489120726,7.5208350489120726,0.33217610227700867,0.33217610227700867
2236,447200,rician,64,9.229360735982267,9.73645195476404,0.11643756318533287,9.620014391578714,,7.585622062218603,200,7.272741801553856,7.272741801553856,7.527060788439372,7.527060788439372,0.254318986885516,0.254318986885516
2237,447400,rician,64,6.788864468080067,8.542729087573267,1.3481080682854876,7.194621019287779,,7.585622062218603,200,7.414007973548254,7.414007973548254,7.510575353452165,7.510575353452165,0.0965673799039104,0.0965673799039104
2238,447600,rician,64,4.710230433710496,8.842722484825865,3.710905836625072,5.131816648200789,,7.585622062218603,200,7.25869127194738,7.25869127194738,7.481363489493361,7.481363489493361,0.22267221754598143,0.22267221754598143
2239,447800,rician,64,7.399268019528507,8.50782293449704,0.6460628474651711,7.861760087031872,,7.585622062218603,200,7.240933260319497,7.240933260319497,7.481651531196305,7.481651531196305,0.2407182708768083,0.2407182708768083
2240,448000,rician,64,7.389659415386673,9.17442648696338,0.45599097437318875,8.718435512590192,,7.585622062218603,200,7.436664382224658,7.436664382224658,7.4809301350008095,7.4809301350008095,0.04426575277615186,0.04426575277615186
2241,448200,rician,64,3.6436528093462046,8.540116512457613,3.4401678924842964,5.0999486199733175,,7.585622062218603,200,7.424053337754164,7.424053337754164,7.4656588104351025,7.4656588104351025,0.041605472680938504,0.041605472680938504
2242,448400,rician,64,6.233627651835612,8.309226361811104,1.071792366011696,7.237433995799406,,7.585622062218603,200,7.3583214415107365,7.3583214415107365,7.459429462030706,7.459429462030706,0.1011080205199697,0.1011080205199697
2243,448600,rician,64,8.060576085312626,9.032523789624024,0.49928700514792873,8.533236784476093,,7.585622062218603,200,7.43675980390591,7.43675980390591,7.461310412498578,7.461310412498578,0.024550608592667444,0.024550608592667444
2244,448800,rician,64,6.848161686798673,8.050354375057182,0.24573380574506765,7.804620569312113,,7.585622062218603,200,7.431227777526783,7.431227777526783,7.446926363607314,7.446926363607314,0.015698586080531207,0.015698586080531207
2245,449000,rician,64,7.719606485990769,8.325327103921925,0.08174938830057864,8.243577715621356,,7.585622062218603,200,7.602039962698521,7.602039962698521,7.472377524605588,7.472377524605588,0.1296624380929332,0.1296624380929332
2246,449200,rician,64,7.09781709210057,8.566842131953313,0.7251842110754511,7.841657920877865,,7.585622062218603,200,7.730623700964818,7.730623700964818,7.475372112191264,7.475372112191264,0.2552515887735538,0.2552515887735538
2247,449400,rician,64,6.607625448124764,9.127846546855153,1.3340375739571761,7.79380897289798,,7.585622062218603,200,7.7177332825040565,7.7177332825040565,7.4594492060024615,7.4594492060024615,0.258284076501595,0.258284076501595
2248,449600,rician,64,7.874848607390968,8.78467365267881,0.4076977584336464,8.376975894245165,,7.585622062218603,200,7.69642627765071,7.69642627765071,7.462805786192162,7.462805786192162,0.2336204914585478,0.2336204914585478
2249,449800,rician,64,5.9855865471935665,7.697956189813427,0.6553164389130445,7.04263975090038,,7.585622062218603,200,7.776757570797605,7.776757570797605,7.46233094602954,7.46233094602954,0.31442662476806493,0.31442662476806493
2250,450000,rician,64,6.3760746278383555,8.818308492410942,1.1775099331532604,7.640798559257685,8.33010294521121,8.33010294521121,200,7.771812841793826,7.771812841793826,7.4611468141451045,7.4611468141451045,0.31066602764872187,0.31066602764872187
2251,450200,rician,64,6.569136707108528,8.27379042740946,0.3834424850410856,7.890347942368376,,8.33010294521121,200,7.786705298079205,7.786705298079205,7.500249668594777,7.500249668594777,0.28645562948442826,0.28645562948442826
2252,450400,rician,64,4.086305739147978,9.305377514429445,4.784416535924559,4.5209609785048865,,8.33010294521121,200,7.549438952893344,7.549438952893344,7.466085896381205,7.466085896381205,0.08335305651213876,0.08335305651213876
2253,450600,rician,64,8.022556389852966,8.815919781948454,0.3498821807661549,8.46603760118229,,8.33010294521121,200,7.593916411422162,7.593916411422162,7.462627531175251,7.462627531175251,0.13128888024691143,0.13128888024691143
2254,450800,rician,64,4.087724974655964,7.897409701625769,2.6255905763120104,5.271819125313761,,8.33010294521121,200,7.462590277224907,7.462590277224907,7.442259693077667,7.442259693077667,0.020330584147239428,0.020330584147239428
2255,451000,rician,64,7.8358953634424395,9.489806961692743,0.5841100697171433,8.905696891975602,,8.33010294521121,200,7.4598104490697805,7.4598104490697805,7.446045354857801,7.446045354857801,0.0137650942119798,0.0137650942119798
2256,451200,rician,64,4.493972373458364,7.701758516182334,2.0856721893670658,5.616086326815274,,8.33010294521121,200,7.259614045831609,7.259614045831609,7.4041038932878,7.4041038932878,0.14448984745619153,0.14448984745619153
2257,451400,rician,64,5.99720389199104,9.266645867004465,2.6114143189422356,6.656169800424535,,8.33010294521121,200,7.232691484888446,7.232691484888446,7.3998491533855715,7.3998491533855715,0.16715766849712566,0.16715766849712566
2258,451600,rician,64,8.040176596394804,8.817584458545557,0.027938201038742776,8.789646257506806,,8.33010294521121,200,7.415582965353747,7.415582965353747,7.390830862747035,7.390830862747035,0.0247521026067119,0.0247521026067119
2259,451800,rician,64,8.68834558163583,9.699062035486175,0.17190954421196103,9.527152491274212,,8.33010294521121,200,7.498852585565865,7.498852585565865,7.398546904420269,7.398546904420269,0.10030568114559646,0.10030568114559646
2260,452000,rician,64,6.810459038401643,9.38559884789973,1.3634180459326493,8.022180801967075,,8.33010294521121,200,7.464039850034709,7.464039850034709,7.391289351747016,7.391289351747016,0.07275049828769298,0.07275049828769298
2261,452200,rician,64,6.752585646409426,8.83840900997589,1.23130365912737,7.607105350848517,,8.33010294521121,200,7.589397686578468,7.589397686578468,7.3877057893892175,7.3877057893892175,0.2016918971892503,0.2016918971892503
2262,452400,rician,64,7.28353263458113,7.897339661332564,0.1535836493906792,7.743756011941883,,8.33010294521121,200,7.614713787385592,7.614713787385592,7.381356991145589,7.381356991145589,0.23335679624000338,0.23335679624000338
2263,452600,rician,64,7.277099734069095,8.729963197680263,0.9002893796477897,7.829673818032474,,8.33010294521121,200,7.579535639063411,7.579535639063411,7.37986889868011,7.37986889868011,0.199666740383301,0.199666740383301
2264,452800,rician,64,6.918581045441844,8.754248514443583,1.1470880058336004,7.607160508609979,,8.33010294521121,200,7.569662636028305,7.569662636028305,7.391973860561757,7.391973860561757,0.1776887754665477,0.1776887754665477
2265,453000,rician,64,8.277710762726459,9.10677144494216,0.41404062891519816,8.69273081602696,,8.33010294521121,200,7.592120291048585,7.592120291048585,7.430834227935024,7.430834227935024,0.16128606311356108,0.16128606311356108
2266,453200,rician,64,7.442563748566349,8.941950160650684,0.5765740625324702,8.365376098118208,,8.33010294521121,200,7.618306199910603,7.618306199910603,7.433028114014232,7.433028114014232,0.18527808589637118,0.18527808589637118
2267,453400,rician,64,5.66130876138897,7.5353431746260195,0.3714172015006218,7.163925973125394,,8.33010294521121,200,7.586812049921974,7.586812049921974,7.42054264750578,7.42054264750578,0.16626940241619437,0.16626940241619437
2268,453600,rician,64,4.219410451114983,8.438794563291234,3.1442409956627984,5.294553567628438,,8.33010294521121,200,7.432690933591138,7.432690933591138,7.432934410217055,7.432934410217055,0.00024347662591761576,0.00024347662591761576
2269,453800,rician,64,6.763380154677958,7.570077567036702,0.13330019459864223,7.4367773724380575,,8.33010294521121,200,7.452397814668022,7.452397814668022,7.431046448501451,7.431046448501451,0.021351366166570962,0.021351366166570962
2270,454000,rician,64,5.1443614621110045,9.293877727510779,3.468543301868562,5.828575702186358,,8.33010294521121,200,7.361786671814454,7.361786671814454,7.39910589277593,7.39910589277593,0.037319220961475885,0.037319220961475885
2271,454200,rician,64,7.729382089566677,8.71931281155484,0.5045266786034938,8.214786132951344,,8.33010294521121,200,7.378008581343602,7.378008581343602,7.405610162228676,7.405610162228676,0.02760158088507403,0.02760158088507403
2272,454400,rician,64,6.782799239871381,8.121623345634669,0.8693597567364287,7.2522635888982405,,8.33010294521121,200,7.514573711863269,7.514573711863269,7.397161844477575,7.397161844477575,0.11741186738569453,0.11741186738569453
2273,454600,rician,64,8.07928800201506,9.201419879884202,0.6033793968905984,8.598040482993603,,8.33010294521121,200,7.521173855953836,7.521173855953836,7.395337068643137,7.395337068643137,0.12583678731069892,0.12583678731069892
2274,454800,rician,64,6.755010019237191,7.920442568319411,0.5865508748033494,7.33389169351606,,8.33010294521121,200,7.624277484363951,7.624277484363951,7.392511414175943,7.392511414175943,0.23176607018800777,0.23176607018800777
2275,455000,rician,64,6.002015954333571,8.782087851620949,1.9200527724231535,6.862035079197791,,8.33010294521121,200,7.522094393725061,7.522094393725061,7.38333392384763,7.38333392384763,0.13876046987743074,0.13876046987743074
2276,455200,rician,64,4.4618332465409525,8.783183192470066,2.993949844799541,5.789835305888309,,8.33010294521121,200,7.530781842678712,7.530781842678712,7.364055948237817,7.364055948237817,0.16672589444089514,0.16672589444089514
2277,455400,rician,64,6.764406266557652,9.040719390345945,1.3039066610836254,7.736812729262319,,8.33010294521121,200,7.584813989120602,7.584813989120602,7.359889713263837,7.359889713263837,0.22492427585676467,0.22492427585676467
2278,455600,rician,64,8.190863921543997,9.527617850598821,0.906055467295093,8.62156238330373,,8.33010294521121,200,7.576409795410449,7.576409795410449,7.367526154097509,7.367526154097509,0.2088836413129398,0.2088836413129398
2279,455800,rician,64,6.431099318306377,9.417069953790595,1.9316707801796493,7.4853991736109515,,8.33010294521121,200,7.474322129527285,7.474322129527285,7.367911345393297,7.367911345393297,0.10641078413398741,0.10641078413398741
2280,456000,rician,64,8.038871740676749,8.692712289425273,0.24607621855603903,8.44663607086924,,8.33010294521121,200,7.495544892972393,7.495544892972393,7.363067174528365,7.363067174528365,0.13247771844402756,0.13247771844402756
2281,456200,rician,64,6.215953835708648,8.616051243796703,1.9905349531962,6.625516290600505,,8.33010294521121,200,7.446465439959992,7.446465439959992,7.34558515205276,7.34558515205276,0.10088028790723147,0.10088028790723147
2282,456400,rician,64,8.081380473318973,9.418933089883133,0.012006886815461556,9.406926203067666,,8.33010294521121,200,7.529623949516281,7.529623949516281,7.394916456336995,7.394916456336995,0.13470749317928554,0.13470749317928554
2283,456600,rician,64,5.88906569907415,8.17342263522712,1.0311003748737964,7.142322260353318,,8.33010294521121,200,7.495256371632324,7.495256371632324,7.3854157306807675,7.3854157306807675,0.10984064095155688,0.10984064095155688
2284,456800,rician,64,8.502896019734013,9.27965678827841,0.2269204058956822,9.052736382382724,,8.33010294521121,200,7.567535165320962,7.567535165320962,7.404224939231599,7.404224939231599,0.1633102260893624,0.1633102260893624
2285,457000,rician,64,6.428635060574781,7.6374928093465995,0.15697192437863441,7.4805208849679605,,8.33010294521121,200,7.506924668768012,7.506924668768012,7.401857998291449,7.401857998291449,0.10506667047656304,0.10506667047656304
2286,457200,rician,64,6.546466289758253,8.310312283533376,1.2529463479860035,7.057365935547375,,8.33010294521121,200,7.441524160639472,7.441524160639472,7.376621791701683,7.376621791701683,0.06490236893778878,0.06490236893778878
2287,457400,rician,64,9.462917127582003,10.059361744935245,0.2588168425627097,9.800544902372533,,8.33010294521121,200,7.573355107101827,7.573355107101827,7.404622401145806,7.404622401145806,0.16873270595602108,0.16873270595602108
2288,457600,rician,64,8.92350063706617,9.648921223027699,0.4006575273463567,9.248263695681338,,8.33010294521121,200,7.771040613504472,7.771040613504472,7.4186191206743,7.4186191206743,0.3524214928301719,0.3524214928301719
2289,457800,rician,64,6.566477633826467,9.112378950669159,1.8862298859279347,7.226149064741223,,8.33010294521121,200,7.760509198119631,7.760509198119631,7.415530651398118,7.415530651398118,0.34497854672151274,0.34497854672151274
2290,458000,rician,64,3.1565624008610573,8.395005382776093,4.882910676209628,3.516467502404258,,8.33010294521121,200,7.6449037881305255,7.6449037881305255,7.374801205672628,7.374801205672628,0.27010258245789753,0.27010258245789753
2291,458200,rician,64,4.287575856458606,7.909320943448115,2.376932156380391,5.532388787067728,,8.33010294521121,200,7.510783920836344,7.510783920836344,7.347648619017662,7.347648619017662,0.16313530181868163,0.16313530181868163
2292,458400,rician,64,5.394815384366423,7.910471844365548,1.9397584907956158,5.970790182384234,,8.33010294521121,200,7.446710250510643,7.446710250510643,7.324977232815984,7.324977232815984,0.12173301769465894,0.12173301769465894
2293,458600,rician,64,5.3065766919779085,8.811705823303217,2.649566524602357,6.162139298700857,,8.33010294521121,200,7.3249151912960055,7.3249151912960055,7.317866985824619,7.317866985824619,0.007048205471386737,0.007048205471386737
2294,458800,rician,64,6.354062215082044,10.063257611046504,3.3420120173171077,6.734760236530944,,8.33010294521121,200,7.294958618446749,7.294958618446749,7.303544169106972,7.303544169106972,0.008585550660222374,0.008585550660222374
2295,459000,rician,64,6.5649959192128975,8.610183299491464,1.608024669932487,7.002158629558973,,8.33010294521121,200,7.3019647959648095,7.3019647959648095,7.326383909599232,7.326383909599232,0.02441911363442273,0.02441911363442273
2296,459200,rician,64,6.951656092045011,7.8389671223099535,0.22792854384220373,7.611038578467761,,8.33010294521121,200,7.393024959593781,7.393024959593781,7.318590700215335,7.318590700215335,0.07443425937844594,0.07443425937844594
2297,459400,rician,64,5.256002512497384,7.5827306355259765,1.0912654542152513,6.491465181310721,,8.33010294521121,200,7.330757582196202,7.330757582196202,7.30671138727096,7.30671138727096,0.024046194925241515,0.024046194925241515
2298,459600,rician,64,7.377873795949243,8.120497536623938,0.1972919066354304,7.923205629988508,,8.33010294521121,200,7.295839744530442,7.295839744530442,7.3225306174041735,7.3225306174041735,0.02669087287373184,0.02669087287373184
2299,459800,rician,64,7.251399751770748,8.105746603038916,0.24745148720564425,7.858295115833283,,8.33010294521121,200,7.314484541641557,7.314484541641557,7.335467303204527,7.335467303204527,0.020982761562970076,0.020982761562970076
2300,460000,rician,64,7.094060910792754,9.81360190945842,2.2213052253297105,7.59229668412871,6.917400448305754,6.917400448305754,200,7.2717675723045305,7.2717675723045305,7.361711033869109,7.361711033869109,0.08994346156457844,0.08994346156457844
2301,460200,rician,64,7.994347922257429,8.729969084903916,0.07520791962461293,8.6547611652793,,6.917400448305754,200,7.37322981603847,7.37322981603847,7.396924934690216,7.396924934690216,0.023695118651746228,0.023695118651746228
2302,460400,rician,64,8.685022306466754,9.655609473328907,0.5180441185351922,9.137565354793713,,6.917400448305754,200,7.359761773624773,7.359761773624773,7.418196609264749,7.418196609264749,0.05843483563997598,0.05843483563997598
2303,460600,rician,64,8.017832188592125,9.05660431789209,0.574426149402719,8.48217816848937,,6.917400448305754,200,7.4267545690315755,7.4267545690315755,7.432736127542905,7.432736127542905,0.005981558511329865,0.005981558511329865
2304,460800,rician,64,8.231045399870364,8.779112924698378,0.12450446208615921,8.654608462612213,,6.917400448305754,200,7.40684817304305,7.40684817304305,7.43769813011923,7.43769813011923,0.03084995707617999,0.03084995707617999
2305,461000,rician,64,7.9087750008298325,8.956970699978806,0.5986331676241025,8.358337532354707,,6.917400448305754,200,7.450739005412387,7.450739005412387,7.470428991068471,7.470428991068471,0.019689985656083486,0.019689985656083486
2306,461200,rician,64,7.900103599187144,9.803603272662015,1.4661021707509254,8.337501101911094,,6.917400448305754,200,7.514745763730575,7.514745763730575,7.478106568678652,7.478106568678652,0.036639195051923146,0.036639195051923146
2307,461400,rician,64,5.440731281158203,7.9833663546179485,1.6828059616191633,6.300560392998782,,6.917400448305754,200,7.3397465382618865,7.3397465382618865,7.448948811401282,7.448948811401282,0.10920227313939534,0.10920227313939534
2308,461600,rician,64,7.758206750862329,8.823273731467657,0.6694691534448319,8.153804578022829,,6.917400448305754,200,7.285023582378962,7.285023582378962,7.459528068176124,7.459528068176124,0.17450448579716227,0.17450448579716227
2309,461800,rician,64,8.632846957956838,9.269609782531429,0.21106647430792627,9.058543308223511,,6.917400448305754,200,7.376643294553075,7.376643294553075,7.461714479871716,7.461714479871716,0.08507118531864144,0.08507118531864144
2310,462000,rician,64,6.206859078869379,8.672131466485924,1.3508088689578828,7.321322597528038,,6.917400448305754,200,7.566886049309264,7.566886049309264,7.451193783107788,7.451193783107788,0.11569226620147521,0.11569226620147521
2311,462200,rician,64,8.16565983327658,8.883714507072634,0.3195303348778671,8.564184172194766,,6.917400448305754,200,7.718475818565613,7.718475818565613,7.465982059617116,7.465982059617116,0.25249375894849724,0.25249375894849724
2312,462400,rician,64,5.548729763988769,8.317086362939056,2.355828739029475,5.961257623909583,,6.917400448305754,200,7.7179991906418834,7.7179991906418834,7.465800423665603,7.465800423665603,0.25219876697628063,0.25219876697628063
2313,462600,rician,64,8.456994408359176,9.343930297698593,0.514289596061858,8.82964070163673,,6.917400448305754,200,7.851374260788676,7.851374260788676,7.482529485715024,7.482529485715024,0.36884477507365165,0.36884477507365165
2314,462800,rician,64,7.500735370180086,8.16559810481534,0.32699463331718365,7.838603471498164,,6.917400448305754,200,7.906566422537037,7.906566422537037,7.481313554081326,7.481313554081326,0.4252528684557113,0.4252528684557113
2315,463000,rician,64,7.9568934834314815,9.368093673140034,0.7400174978130253,8.628076175327008,,6.917400448305754,200,7.987862299825439,7.987862299825439,7.49207817704403,7.49207817704403,0.4957841227814086,0.4957841227814086
2316,463200,rician,64,7.958633134564159,9.978335285112218,1.6218069575413947,8.356528327570826,,6.917400448305754,200,8.025136787280593,8.025136787280593,7.496259887387709,7.496259887387709,0.5288768998928832,0.5288768998928832
2317,463400,rician,64,5.804960059678546,9.190697295758403,2.86277039743332,6.327926898325076,,6.917400448305754,200,8.016959873131311,8.016959873131311,7.515846180576963,7.515846180576963,0.5011136925543482,0.5011136925543482
2318,463600,rician,64,7.810093634034449,9.198894555835286,0.7637339474484649,8.435160608386823,,6.917400448305754,200,8.042557622051225,8.042557622051225,7.517816279858648,7.517816279858648,0.5247413421925771,0.5247413421925771
2319,463800,rician,64,8.086366491260415,9.364824665994352,0.7365438862255339,8.628280779768819,,6.917400448305754,200,8.081056905248005,8.081056905248005,7.521929884460442,7.521929884460442,0.5591270207875629,0.5591270207875629
2320,464000,rician,64,5.715079104547026,8.352472839345719,1.7781081304317896,6.57436470891393,,6.917400448305754,200,8.030160306487263,8.030160306487263,7.53963540080471,7.53963540080471,0.4905249056825527,0.4905249056825527
2321,464200,rician,64,5.644534020189611,7.922781587758113,1.8817352099738887,6.041046377784228,,6.917400448305754,200,7.899474567112511,7.899474567112511,7.546524169488721,7.546524169488721,0.35295039762379066,0.35295039762379066
2322,464400,rician,64,5.691123443525256,7.829144753926991,0.1317352920171735,7.697409461909817,,6.917400448305754,200,7.827466772468315,7.827466772468315,7.53797754490114,7.53797754490114,0.28948922756717543,0.28948922756717543
2323,464600,rician,64,6.144956916989141,7.8677074851723745,1.3403255367932077,6.527381948379173,,6.917400448305754,200,7.729726961462805,7.729726961462805,7.533606669019207,7.533606669019207,0.19612029244359785,0.19612029244359785
2324,464800,rician,64,7.167786691796676,8.632184250140924,1.0615279766730716,7.570656273467847,,6.917400448305754,200,7.675529352005587,7.675529352005587,7.5301606207849385,7.5301606207849385,0.14536873122064886,0.14536873122064886
2325,465000,rician,64,7.937646226977767,8.687598178376412,0.2717236475399748,8.415874530836437,,6.917400448305754,200,7.678406201929674,7.678406201929674,7.566046025971437,7.566046025971437,0.11236017595823711,0.11236017595823711
2326,465200,rician,64,5.728447554983469,7.434859210513439,0.7007729201731655,6.734086290340276,,6.917400448305754,200,7.598235461351135,7.598235461351135,7.58068705731932,7.58068705731932,0.01754840403181479,0.01754840403181479
2327,465400,rician,64,0.11404656360939543,9.002092806414137,8.184316905342412,1.1094536441947291,,6.917400448305754,200,7.338680123910931,7.338680123910931,7.511265420340135,7.511265420340135,0.17258529642920362,0.17258529642920362
2328,465600,rician,64,8.982152162457831,9.682884565812918,0.34707809326711414,9.335806472545807,,6.917400448305754,200,7.397780218637081,7.397780218637081,7.51659232515247,7.51659232515247,0.11881210651538954,0.11881210651538954
2329,465800,rician,64,7.372359330102416,7.991960427978477,0.22044103655107747,7.7715193914274,,6.917400448305754,200,7.333429022797274,7.333429022797274,7.539947380187121,7.539947380187121,0.20651835738984659,0.20651835738984659
2330,466000,rician,64,7.013212058567491,7.96873789760424,0.4307919455954385,7.537945952008804,,6.917400448305754,200,7.344260190521313,7.344260190521313,7.537929908313876,7.537929908313876,0.19366971779256303,0.19366971779256303
2331,466200,rician,64,7.202220855640319,7.986939879639319,0.369473852474073,7.617466027165244,,6.917400448305754,200,7.296924283269837,7.296924283269837,7.538179580418921,7.538179580418921,0.24125529714908467,0.24125529714908467
2332,466400,rician,64,6.845952587445539,7.835020879944632,0.5578931870520057,7.277127692892628,,6.917400448305754,200,7.362717786718989,7.362717786718989,7.518287978525626,7.518287978525626,0.15557019180663723,0.15557019180663723
2333,466600,rician,64,7.124469263133225,8.431000590692065,0.042634132911707215,8.38836645778036,,6.917400448305754,200,7.340654074526171,7.340654074526171,7.52640675879737,7.52640675879737,0.18575268427119962,0.18575268427119962
2334,466800,rician,64,8.637498951812235,9.670567598985905,0.6184294219561026,9.0521381770298,,6.917400448305754,200,7.401330809802753,7.401330809802753,7.5379447224750775,7.5379447224750775,0.13661391267232492,0.13661391267232492
2335,467000,rician,64,8.408714271778495,9.548267035393733,0.6933924574586995,8.854874577935034,,6.917400448305754,200,7.4126707299331525,7.4126707299331525,7.536880533703647,7.536880533703647,0.12420980377049418,0.12420980377049418
2336,467200,rician,64,8.605275965516476,9.738920951200445,0.5915291941896482,9.147391757010789,,6.917400448305754,200,7.45221390140515,7.45221390140515,7.532154307357969,7.532154307357969,0.0799404059528186,0.0799404059528186
2337,467400,rician,64,7.965032556830843,8.78171852235405,0.3277454737597483,8.453973048594298,,6.917400448305754,200,7.558516208918611,7.558516208918611,7.544747827651034,7.544747827651034,0.01376838126757729,0.01376838126757729
2338,467600,rician,64,7.48988505859038,9.345509897670727,1.3322351498781435,8.013274747792583,,6.917400448305754,200,7.537421915888901,7.537421915888901,7.5735624086469535,7.5735624086469535,0.036140492758052645,0.036140492758052645
2339,467800,rician,64,5.212429869019119,7.671609208466218,1.9050140822977368,5.766595126168481,,6.917400448305754,200,7.394337633208885,7.394337633208885,7.552610759038319,7.552610759038319,0.1582731258294343,0.1582731258294343
2340,468000,rician,64,5.944483073450593,8.251310605629582,1.011973134254336,7.239337471375245,,6.917400448305754,200,7.42758627133195,7.42758627133195,7.5378197786261705,7.5378197786261705,0.11023350729422088,0.11023350729422088
2341,468200,rician,64,7.684353867751181,8.728295359261924,0.6428573627926134,8.085437996469315,,6.917400448305754,200,7.529805852266205,7.529805852266205,7.567674672391129,7.567674672391129,0.037868820124923985,0.037868820124923985
2342,468400,rician,64,8.442644007480983,9.524454608817523,0.6621592805203655,8.862295328297158,,6.917400448305754,200,7.588050145585571,7.588050145585571,7.583923285716107,7.583923285716107,0.004126859869463928,0.004126859869463928
2343,468600,rician,64,7.808338421303575,8.662640863010548,0.1534829100281508,8.509157952982404,,6.917400448305754,200,7.687138945815732,7.687138945815732,7.58368249740117,7.58368249740117,0.10345644841456281,0.10345644841456281
2344,468800,rician,64,6.7447876589297895,8.035940167265359,0.807745442376254,7.228194724889103,,6.917400448305754,200,7.670015868386796,7.670015868386796,7.577918238956941,7.577918238956941,0.09209762942985478,0.09209762942985478
2345,469000,rician,64,6.547637511516341,8.483818415797682,0.8825165916431154,7.601301824154564,,6.917400448305754,200,7.629287233052702,7.629287233052702,7.571495480042272,7.571495480042272,0.057791753010429936,0.057791753010429936
2346,469200,rician,64,6.433365817266472,7.721576874065246,0.572462084628125,7.149114789437124,,6.917400448305754,200,7.650038658007544,7.650038658007544,7.564570048727866,7.564570048727866,0.08546860927967792,0.08546860927967792
2347,469400,rician,64,7.22106751806461,8.633165426790798,0.14471168450512306,8.488453742285676,,6.917400448305754,200,8.018988662912092,8.018988662912092,7.571516496421742,7.571516496421742,0.4474721664903498,0.4474721664903498
2348,469600,rician,64,5.056678049684579,8.238517667096968,1.5102783265472823,6.728239340549681,,6.917400448305754,200,7.888610306312286,7.888610306312286,7.555029130884785,7.555029130884785,0.33358117542750065,0.33358117542750065
2349,469800,rician,64,8.541546217786417,9.312370621901623,0.1459484611562275,9.166422160745395,,6.917400448305754,200,7.958355444778185,7.958355444778185,7.576266954983236,7.576266954983236,0.382088489794949,0.382088489794949
2350,470000,rician,64,9.141178503151336,9.784216864292095,0.06669829318332156,9.717518571108773,7.724442147736387,7.724442147736387,200,8.067334075733182,8.067334075733182,7.597034155101747,7.597034155101747,0.4702999206314349,0.4702999206314349
2351,470200,rician,64,7.187601491645085,8.751331028587408,0.15561504225078687,8.59571598633662,,7.724442147736387,200,8.11624657369175,8.11624657369175,7.6040878355414305,7.6040878355414305,0.5121587381503199,0.5121587381503199
2352,470400,rician,64,7.815972899314116,8.477428656466612,0.09325460646898952,8.384174049997627,,7.724442147736387,200,8.171598891547001,8.171598891547001,7.642719966256358,7.642719966256358,0.528878925290643,0.528878925290643
2353,470600,rician,64,7.523299701843875,9.194028590675767,0.6258770056081902,8.568151585067579,,7.724442147736387,200,8.180588147911362,8.180588147911362,7.64374110609521,7.64374110609521,0.5368470418161513,0.5368470418161513
2354,470800,rician,64,7.2592376747940905,9.129604170951431,1.3831392828483553,7.746464888103069,,7.724442147736387,200,8.115304483465026,8.115304483465026,7.668487563723104,7.668487563723104,0.4468169197419227,0.4468169197419227
2355,471000,rician,64,5.68472977183613,7.706517526352737,0.706008751628521,7.000508774724219,,7.724442147736387,200,8.022586193304486,8.022586193304486,7.649435682550591,7.649435682550591,0.37315051075389505,0.37315051075389505
2356,471200,rician,64,4.577106936547313,8.02498024724995,1.6941972875108675,6.330782959739083,,7.724442147736387,200,7.881755753440899,7.881755753440899,7.656582648879828,7.656582648879828,0.22517310456107076,0.22517310456107076
2357,471400,rician,64,6.594671492643813,8.269557919716396,0.2770681504278624,7.99248976928854,,7.724442147736387,200,7.858681589475613,7.858681589475613,7.669945848568468,7.669945848568468,0.18873574090714484,0.18873574090714484
2358,471600,rician,64,8.731050799018114,9.42501734125219,0.15590890042627445,9.26910844082592,,7.724442147736387,200,7.921473274127278,7.921473274127278,7.67474047040166,7.67474047040166,0.24673280372561823,0.24673280372561823
2359,471800,rician,64,4.057277107643727,8.027400976783106,3.3491471828273154,4.693354193001745,,7.724442147736387,200,7.867811227468943,7.867811227468943,7.6264024874189325,7.6264024874189325,0.24140874005001045,0.24140874005001045
2360,472000,rician,64,6.371988149945747,7.864766036301733,0.38407210102215833,7.480693935279574,,7.724442147736387,200,7.879879050664158,7.879879050664158,7.620987618752058,7.620987618752058,0.25889143191210007,0.25889143191210007
2361,472200,rician,64,5.835858116540291,8.820979996348287,1.740568291691683,7.081540707688413,,7.724442147736387,200,7.829684186225113,7.829684186225113,7.615731972320457,7.615731972320457,0.21395221390465569,0.21395221390465569
2362,472400,rician,64,6.7601387821742795,8.733220849615728,0.5278067597296178,8.205414089886103,,7.724442147736387,200,7.796840124304559,7.796840124304559,7.620348553099899,7.620348553099899,0.17649157120465997,0.17649157120465997
2363,472600,rician,64,7.3716681850993355,7.987903502462033,0.12588952109506804,7.862013981366967,,7.724442147736387,200,7.7644829257237875,7.7644829257237875,7.620671954733244,7.620671954733244,0.1438109709905433,0.1438109709905433
2364,472800,rician,64,8.25063615659784,8.94224861901797,0.2585305418945657,8.683718077123403,,7.724442147736387,200,7.837259093335504,7.837259093335504,7.6314375304183795,7.6314375304183795,0.20582156291712472,0.20582156291712472
2365,473000,rician,64,6.821694069417251,8.00340893311885,0.7933482943523238,7.210060638766531,,7.724442147736387,200,7.817697034066102,7.817697034066102,7.616610828645776,7.616610828645776,0.20108620542032618,0.20108620542032618
2366,473200,rician,64,6.28921111275397,8.896437033788866,0.3102744193132464,8.586162614475619,,7.724442147736387,200,7.889549425318026,7.889549425318026,7.6188186938093505,7.6188186938093505,0.2707307315086753,0.2707307315086753
2367,473400,rician,64,6.321417492689842,9.287411313180206,2.3279556317000534,6.959455681480162,,7.724442147736387,200,7.813099522277751,7.813099522277751,7.616773990892897,7.616773990892897,0.1963255313848542,0.1963255313848542
2368,473600,rician,64,6.814800316302216,8.035603644184478,0.2595966375440401,7.776007006640438,,7.724442147736387,200,7.865487905582289,7.865487905582289,7.641588525283016,7.641588525283016,0.22389938029927325,0.22389938029927325
2369,473800,rician,64,7.418876189978541,8.858517294933414,0.3336945020160977,8.524822792917316,,7.724442147736387,200,7.833407937190886,7.833407937190886,7.652468979487809,7.652468979487809,0.1809389577030771,0.1809389577030771
2370,474000,rician,64,9.189987032579456,9.816521430565539,0.12140695134560998,9.695114479219928,,7.724442147736387,200,7.832287732596443,7.832287732596443,7.691134367258145,7.691134367258145,0.14115336533829836,0.14115336533829836
2371,474200,rician,64,7.2713567947081605,8.702889488698613,0.12114367203658248,8.581745816662028,,7.724442147736387,200,7.831589224112713,7.831589224112713,7.694803964095252,7.694803964095252,0.1367852600174615,0.1367852600174615
2372,474400,rician,64,8.526078989961306,9.508203194938254,0.5193813303437435,8.988821864594508,,7.724442147736387,200,7.861821614842557,7.861821614842557,7.7121695468522145,7.7121695468522145,0.1496520679903428,0.1496520679903428
2373,474600,rician,64,4.758641107196798,7.8121668247902445,1.9084736283036274,5.903693196486621,,7.724442147736387,200,7.72859869541351,7.72859869541351,7.685226073987145,7.685226073987145,0.04337262142636433,0.04337262142636433
2374,474800,rician,64,6.859886168910959,8.697909699304804,0.18252255162796072,8.515387147676835,,7.724442147736387,200,7.767044808392198,7.767044808392198,7.697041028528753,7.697041028528753,0.07000377986344475,0.07000377986344475
2375,475000,rician,64,6.946730385816909,8.629057003007821,0.38019794842399146,8.248859054583834,,7.724442147736387,200,7.8294623223851785,7.8294623223851785,7.710909268282613,7.710909268282613,0.11855305410256545,0.11855305410256545
2376,475200,rician,64,6.756366786435599,8.497359495696752,0.9801522170274292,7.51720727866933,,7.724442147736387,200,7.888783538331691,7.888783538331691,7.728182988010422,7.728182988010422,0.16060055032126908,0.16060055032126908
2377,475400,rician,64,7.917811931499682,8.714669621790607,0.32517501856940745,8.389494603221197,,7.724442147736387,200,7.908633780028325,7.908633780028325,7.734709806750011,7.734709806750011,0.17392397327831333,0.17392397327831333
2378,475600,rician,64,6.8886330803659925,7.854782166218902,0.4609962447521042,7.3937859214667965,,7.724442147736387,200,7.814867654060369,7.814867654060369,7.722432042131643,7.722432042131643,0.0924356119287264,0.0924356119287264
2379,475800,rician,64,6.559650409259472,8.694628894325628,1.663176422612191,7.03145247171344,,7.724442147736387,200,7.931772567995952,7.931772567995952,7.717892575112668,7.717892575112668,0.2138799928832844,0.2138799928832844
2380,476000,rician,64,6.3734113003275175,7.709305854298051,0.4739821526537934,7.235323701644262,,7.724442147736387,200,7.919504056314186,7.919504056314186,7.705779451420418,7.705779451420418,0.213724604893768,0.213724604893768
2381,476200,rician,64,6.742024062542258,7.899494774528807,0.6398523201330658,7.259642454395738,,7.724442147736387,200,7.928409143649551,7.928409143649551,7.712120713058371,7.712120713058371,0.21628843059118008,0.21628843059118008
2382,476400,rician,64,7.511570188962792,9.059247193050707,1.1383981867867783,7.920849006263933,,7.724442147736387,200,7.914180889468443,7.914180889468443,7.697259941090332,7.697259941090332,0.21692094837811116,0.21692094837811116
2383,476600,rician,64,6.948167228104297,8.913722965764533,1.6252674499162403,7.288455515848291,,7.724442147736387,200,7.88550296619251,7.88550296619251,7.6987212736452815,7.6987212736452815,0.18678169254722832,0.18678169254722832
2384,476800,rician,64,8.37563199938433,9.189016350598115,0.4915758928974117,8.697440457700708,,7.724442147736387,200,7.886189085221375,7.886189085221375,7.695168314398461,7.695168314398461,0.1910207708229139,0.1910207708229139
2385,477000,rician,64,8.118355854755377,9.275963587372466,0.5824960521833615,8.693467535189102,,7.724442147736387,200,7.960359430042504,7.960359430042504,7.707297780900675,7.707297780900675,0.25306164914182894,0.25306164914182894
2386,477200,rician,64,6.353599474441916,8.54938758902237,1.7535569457977627,6.795830643224603,,7.724442147736387,200,7.870842831479955,7.870842831479955,7.704682427977446,7.704682427977446,0.16616040350250838,0.16616040350250838
2387,477400,rician,64,6.763530720926027,8.099046090754067,0.18978667360530052,7.909259417148763,,7.724442147736387,200,7.918333018263385,7.918333018263385,7.685769573125208,7.685769573125208,0.23256344513817684,0.23256344513817684
2388,477600,rician,64,8.179163213115148,9.399664443870417,0.9178110382933813,8.481853405577034,,7.724442147736387,200,7.953625338210214,7.953625338210214,7.678105470224165,7.678105470224165,0.2755198679860493,0.2755198679860493
2389,477800,rician,64,6.083263051774492,8.848468576701137,1.8326174074475616,7.015851169253573,,7.724442147736387,200,7.878176757027028,7.878176757027028,7.676002491269288,7.676002491269288,0.20217426575773967,0.20217426575773967
2390,478000,rician,64,5.938979722847785,9.085116053269351,2.7965165583422884,6.288599494927067,,7.724442147736387,200,7.7078510078123825,7.7078510078123825,7.703723811194516,7.703723811194516,0.004127196617866424,0.004127196617866424
2391,478200,rician,64,3.9370163260418325,9.073839090232964,4.857661843461859,4.230414563992413,,7.724442147736387,200,7.490284445178903,7.490284445178903,7.690704068963765,7.690704068963765,0.2004196237848621,0.2004196237848621
2392,478400,rician,64,7.137934173246979,8.664962207705747,0.9566981782859483,7.708264029419792,,7.724442147736387,200,7.426256553420167,7.426256553420167,7.708078807434119,7.708078807434119,0.2818222540139521,0.2818222540139521
2393,478600,rician,64,1.3164591624536681,7.796166024854517,6.160267249684384,1.7803946755875582,,7.724442147736387,200,7.220091627375213,7.220091627375213,7.664261361202986,7.664261361202986,0.44416973382777325,0.44416973382777325
2394,478800,rician,64,7.045736666300854,8.132286270631496,0.6539190754874885,7.478367195144013,,7.724442147736387,200,7.1682406297485715,7.1682406297485715,7.671697430789116,7.671697430789116,0.5034568010405449,0.5034568010405449
2395,479000,rician,64,7.3133845430018,7.996507628096716,0.37675680047798055,7.619750827618737,,7.724442147736387,200,7.136785218400317,7.136785218400317,7.677873352769714,7.677873352769714,0.5410881343693967,0.5410881343693967
2396,479200,rician,64,6.537929223757334,8.430247318972977,1.3085405627900544,7.121706756182925,,7.724442147736387,200,7.117010192275998,7.117010192275998,7.672980034546865,7.672980034546865,0.5559698422708665,0.5559698422708665
2397,479400,rician,64,7.7241995894002695,8.08886443951315,0.03399588072480555,8.054868558788343,,7.724442147736387,200,7.100278890054355,7.100278890054355,7.688614068321642,7.688614068321642,0.588335178267287,0.588335178267287
2398,479600,rician,64,6.709595976200342,8.791981676819935,0.9477827231889709,7.844198953630962,,7.724442147736387,200,7.122799541662562,7.122799541662562,7.687824001558068,7.687824001558068,0.5650244598955068,0.5650244598955068
2399,479800,rician,64,3.484052449677317,9.017560675494384,4.6766251371725165,4.3409355383218635,,7.724442147736387,200,6.988273694992985,6.988273694992985,7.652650405782953,7.652650405782953,0.6643767107899681,0.6643767107899681
2400,480000,rician,64,8.206792750766013,9.483795240269616,0.9563544392143053,8.527440801055322,6.532973781927521,6.532973781927521,200,7.052879549963537,7.052879549963537,7.6620018469522195,7.6620018469522195,0.6091222969886827,0.6091222969886827
2401,480200,rician,64,6.9778992988130035,8.33754438896757,0.9475998198771844,7.3899445690903915,,6.532973781927521,200,7.05939465569827,7.05939465569827,7.649353680990332,7.649353680990332,0.5899590252920621,0.5899590252920621
2402,480400,rician,64,6.822167106793001,8.1418153254256,0.6120109569840106,7.529804368441582,,6.532973781927521,200,7.039842423807151,7.039842423807151,7.63327607112681,7.63327607112681,0.5934336473196584,0.5934336473196584
2403,480600,rician,64,6.680439261579436,8.054976186677946,1.0126038396045682,7.04237234707338,,6.532973781927521,200,7.027538265368406,7.027538265368406,7.618878012912649,7.618878012912649,0.591339747544243,0.591339747544243
2404,480800,rician,64,6.462759964093405,7.780315532484004,0.858362555314734,6.921952977169264,,6.532973781927521,200,6.938763891341834,6.938763891341834,7.6015514580582195,7.6015514580582195,0.6627875667163856,0.6627875667163856
2405,481000,rician,64,7.825858022483237,8.841686798465576,0.5267724358193708,8.314914362646205,,6.532973781927521,200,6.919836232714689,6.919836232714689,7.601117226361135,7.601117226361135,0.6812809936464452,0.6812809936464452
2406,481200,rician,64,8.016109796373039,8.616479731566118,0.2271446094056915,8.389335122160423,,6.532973781927521,200,6.99951145666148,6.99951145666148,7.601635566563627,7.601635566563627,0.6021241099021468,0.6021241099021468
2407,481400,rician,64,6.072515607259001,8.129367336497102,0.7958381991094505,7.333529137387663,,6.532973781927521,200,6.970724942673426,6.970724942673426,7.611965254007516,7.611965254007516,0.6412403113340899,0.6412403113340899
2408,481600,rician,64,7.526524041675457,8.358255252144788,0.49346041238113497,7.864794839763659,,6.532973781927521,200,6.939872014382756,6.939872014382756,7.609075156624925,7.609075156624925,0.6692031422421696,0.6692031422421696
2409,481800,rician,64,8.147796560115058,8.804434722328184,0.2679893707190945,8.536445351609096,,6.532973781927521,200,7.015901723500532,7.015901723500532,7.603854177058782,7.603854177058782,0.5879524535582501,0.5879524535582501
2410,482000,rician,64,7.747006594217691,9.458312161733922,0.9157202284133323,8.542591933320589,,6.532973781927521,200,7.1286013454202095,7.1286013454202095,7.616066870416706,7.616066870416706,0.4874655249964963,0.4874655249964963
2411,482200,rician,64,9.013272134458271,10.037636170406763,0.49209116057132574,9.545545009835442,,6.532973781927521,200,7.39435786771236,7.39435786771236,7.625880478793115,7.625880478793115,0.2315226110807549,0.2315226110807549
2412,482400,rician,64,9.141366455531749,9.932980230831728,0.2934695742744923,9.639510656557237,,6.532973781927521,200,7.490920199069232,7.490920199069232,7.66266300911959,7.66266300911959,0.17174281005035752,0.17174281005035752
2413,482600,rician,64,7.907832869281435,8.787894151897882,0.5060061578562628,8.281887994041622,,6.532973781927521,200,7.8159948649919375,7.8159948649919375,7.65718548204364,7.65718548204364,0.15880938294829772,0.15880938294829772
2414,482800,rician,64,7.160841408539723,8.178323610631463,0.6095524857773811,7.568771124854075,,6.532973781927521,200,7.820515061477439,7.820515061477439,7.654487158577198,7.654487158577198,0.1660279029002405,0.1660279029002405
2415,483000,rician,64,6.333288049668897,8.359744239856317,1.3073348502915443,7.052409389564765,,6.532973781927521,200,7.792147989574739,7.792147989574739,7.638730490719574,7.638730490719574,0.1534174988551653,0.1534174988551653
2416,483200,rician,64,6.4718980587603525,8.614728906573571,0.8629289253914749,7.751799981182098,,6.532973781927521,200,7.823652650824698,7.823652650824698,7.632683207255687,7.632683207255687,0.1909694435690108,0.1909694435690108
2417,483400,rician,64,5.888818772091904,7.9563032515359335,1.3069094588456147,6.649393792690308,,6.532973781927521,200,7.753378912519797,7.753378912519797,7.63589787619934,7.63589787619934,0.11748103632045748,0.11748103632045748
2418,483600,rician,64,8.763159818801762,9.451884382889784,0.2917224864074848,9.160161896482297,,6.532973781927521,200,7.819177059662364,7.819177059662364,7.6431478890802955,7.6431478890802955,0.17602917058206824,0.17602917058206824
2419,483800,rician,64,6.317677011171806,9.250987472302116,2.521240940475957,6.729746531826168,,6.532973781927521,200,7.938617609337579,7.938617609337579,7.624162546600868,7.624162546600868,0.31445506273671153,0.31445506273671153
2420,484000,rician,64,7.464833421490463,8.152923621760069,0.29308397688835386,7.85983964487172,,6.532973781927521,200,7.9052375515283995,7.9052375515283995,7.6370172959604465,7.6370172959604465,0.2682202555679529,0.2682202555679529
2421,484200,rician,64,6.80614765482447,8.41661741642895,1.0386002034770707,7.378017212951878,,6.532973781927521,200,7.904641183721473,7.904641183721473,7.650387004312124,7.650387004312124,0.25425417940934913,0.25425417940934913
2422,484400,rician,64,4.915895575876291,8.177440884572333,2.835369081266872,5.346108360660065,,6.532973781927521,200,7.7954563833323975,7.7954563833323975,7.626873993299626,7.626873993299626,0.1685823900327712,0.1685823900327712
2423,484600,rician,64,8.17017143494384,8.852549918363355,0.10663732431040522,8.745912594052944,,6.532973781927521,200,7.880633395681376,7.880633395681376,7.649059299756362,7.649059299756362,0.23157409592501388,0.23157409592501388
2424,484800,rician,64,6.485992488834525,8.018481021204403,0.7801690503906037,7.2383119708137995,,6.532973781927521,200,7.896451345363603,7.896451345363603,7.6457358567298215,7.6457358567298215,0.2507154886337819,0.2507154886337819
2425,485000,rician,64,9.122063701465184,10.324628024932549,0.45040586275979444,9.874222162172746,,6.532973781927521,200,7.974416735339931,7.974416735339931,7.660319333043185,7.660319333043185,0.31409740229674554,0.31409740229674554
2426,485200,rician,64,0.653165518462108,8.815285144688968,7.576775762550622,1.51375397590175,,6.532973781927521,200,7.630637678026997,7.630637678026997,7.608116009898799,7.608116009898799,0.022521668128198336,0.022521668128198336
2427,485400,rician,64,6.984552310572881,9.352706881593765,2.0409697822882253,7.311737099305534,,6.532973781927521,200,7.62954807612289,7.62954807612289,7.670138844449908,7.670138844449908,0.04059076832701791,0.04059076832701791
2428,485600,rician,64,9.044068561381668,9.585416718891857,0.17532625538130542,9.410090463510558,,6.532973781927521,200,7.706812857310235,7.706812857310235,7.670881684359554,7.670881684359554,0.03593117295068016,0.03593117295068016
2429,485800,rician,64,8.012191199187495,9.980244614776801,1.5509701333248866,8.429274481451918,,6.532973781927521,200,7.701454313802377,7.701454313802377,7.677459235259801,7.677459235259801,0.02399507854257621,0.02399507854257621
2430,486000,rician,64,7.165373768488836,9.178999594097343,1.0395206040613534,8.139478990035984,,6.532973781927521,200,7.681298666638146,7.681298666638146,7.683474565640073,7.683474565640073,0.0021758990019264957,0.0021758990019264957
2431,486200,rician,64,6.141944625118231,8.215402254078748,0.9451237614101327,7.270278492668612,,6.532973781927521,200,7.567535340779804,7.567535340779804,7.680002690295105,7.680002690295105,0.1124673495153008,0.1124673495153008
2432,486400,rician,64,6.44259891245877,8.781663557469559,2.005282013378405,6.776381544091148,,6.532973781927521,200,7.4243788851565,7.4243788851565,7.674995228807089,7.674995228807089,0.2506163436505888,0.2506163436505888
2433,486600,rician,64,6.687303797758592,7.773961391205411,0.7353540659233329,7.0386073252820704,,6.532973781927521,200,7.362214851718522,7.362214851718522,7.661497637482107,7.661497637482107,0.2992827857635847,0.2992827857635847
2434,486800,rician,64,5.881774733567292,9.453261600762008,2.4761784206436994,6.977083180118302,,6.532973781927521,200,7.332630454481733,7.332630454481733,7.640747087512993,7.640747087512993,0.30811663303125947,0.30811663303125947
2435,487000,rician,64,8.246180681038146,9.132050562221583,0.5858920099623488,8.546158552259234,,6.532973781927521,200,7.407317912616458,7.407317912616458,7.637659927256235,7.637659927256235,0.23034201463977677,0.23034201463977677
2436,487200,rician,64,7.185308391844599,8.673694802917483,0.8161226825328834,7.857572120384603,,6.532973781927521,200,7.412606519576582,7.412606519576582,7.624761730889974,7.624761730889974,0.21215521131339177,0.21215521131339177
2437,487400,rician,64,6.247741023112938,7.840621607631399,0.6524638740148327,7.188157733616563,,6.532973781927521,200,7.439544716622893,7.439544716622893,7.612103577740195,7.612103577740195,0.17255886111730145,0.17255886111730145
2438,487600,rician,64,7.663784758655168,8.057275533299237,0.07933705747174512,7.97793847582749,,6.532973781927521,200,7.3804335455901535,7.3804335455901535,7.611750215020545,7.611750215020545,0.23131666943039164,0.23131666943039164
2439,487800,rician,64,5.493559873071681,9.261678610516125,2.4548361705957857,6.80684243992034,,6.532973781927521,200,7.384288340994862,7.384288340994862,7.622152688158065,7.622152688158065,0.23786434716320226,0.23786434716320226
2440,488000,rician,64,5.502964849116856,8.084945849402658,1.8792066421204148,6.205739207282238,,6.532973781927521,200,7.301583319115389,7.301583319115389,7.611816705517134,7.611816705517134,0.3102333864017446,0.3102333864017446
2441,488200,rician,64,8.065793477538666,8.451219111986665,0.08048095248614831,8.370738159500513,,6.532973781927521,200,7.351219366442821,7.351219366442821,7.6146697071474465,7.6146697071474465,0.26345034070462514,0.26345034070462514
2442,488400,rician,64,7.434404672286237,8.986009011286558,0.958377440758665,8.027631570527895,,6.532973781927521,200,7.485295526936213,7.485295526936213,7.606323069569754,7.606323069569754,0.12102754263354143,0.12102754263354143
2443,488600,rician,64,7.319228535794517,7.725892753761413,0.04523310782529008,7.68065964593612,,6.532973781927521,200,7.432032879530371,7.432032879530371,7.59803808649929,7.59803808649929,0.16600520696891952,0.16600520696891952
2444,488800,rician,64,6.195306131636147,8.134967095732375,0.9087048874519826,7.226262208280394,,6.532973781927521,200,7.431430391403701,7.431430391403701,7.598018761333203,7.598018761333203,0.1665883699295021,0.1665883699295021
2445,489000,rician,64,3.435372019716721,8.71372845761559,4.700446353776841,4.019052738508444,,6.532973781927521,200,7.138671920220484,7.138671920220484,7.562196270476742,7.562196270476742,0.42352435025625734,0.42352435025625734
2446,489200,rician,64,6.646110086830402,7.89337757084757,0.7650550601221547,7.128322510725412,,6.532973781927521,200,7.419400346961669,7.419400346961669,7.561988347689624,7.561988347689624,0.1425880007279554,0.1425880007279554
2447,489400,rician,64,6.69396308299117,8.365659535317032,0.7975002550624408,7.568159280254591,,6.532973781927521,200,7.432221456009122,7.432221456009122,7.552785403069314,7.552785403069314,0.1205639470601918,0.1205639470601918
2448,489600,rician,64,7.143577811523975,7.970779001170876,0.5196031922701656,7.45117580890071,,6.532973781927521,200,7.334275723278628,7.334275723278628,7.560014767752824,7.560014767752824,0.2257390444741958,0.2257390444741958
2449,489800,rician,64,7.279704263820645,8.771371831359247,0.3938814615719591,8.377490369787283,,6.532973781927521,200,7.331686517695398,7.331686517695398,7.552125449843244,7.552125449843244,0.2204389321478457,0.2204389321478457
2450,490000,rician,64,3.5791600906675507,7.73819820725317,3.7297366076873626,4.019432642388929,8.267476410898409,8.267476410898409,200,7.125684200313044,7.125684200313044,7.495144590556045,7.495144590556045,0.3694603902430007,0.3694603902430007
2451,490200,rician,64,6.951265840007067,7.96267115375526,0.070244984488759,7.892426169266503,,8.267476410898409,200,7.1567915841429395,7.1567915841429395,7.488111692385344,7.488111692385344,0.3313201082424042,0.3313201082424042
2452,490400,rician,64,6.208752261479109,8.404169258803016,1.8627946125806456,6.54707420055512,,8.267476410898409,200,7.145326216966138,7.145326216966138,7.469740693890918,7.469740693890918,0.32441447692477965,0.32441447692477965
2453,490600,rician,64,5.853481397930192,8.57839791235036,2.174078546909711,6.404319365440649,,8.267476410898409,200,7.113611818974067,7.113611818974067,7.448102371694649,7.448102371694649,0.3344905527205819,0.3344905527205819
2454,490800,rician,64,7.123213431634286,8.203975855576243,0.5223602144965006,7.681615641079739,,8.267476410898409,200,7.148838442022138,7.148838442022138,7.447453879224415,7.447453879224415,0.2986154372022778,0.2986154372022778
2455,491000,rician,64,7.90279220971706,8.556571516347045,0.29864138494462916,8.257930131402414,,8.267476410898409,200,7.134427020979297,7.134427020979297,7.460028092791196,7.460028092791196,0.32560107181189935,0.32560107181189935
2456,491200,rician,64,7.213115113093024,7.783111978518363,0.1708400298270043,7.61227194869136,,8.267476410898409,200,7.122162012394635,7.122162012394635,7.47284298268072,7.47284298268072,0.3506809702860849,0.3506809702860849
2457,491400,rician,64,6.757993976291733,9.023473505211713,1.3587954255453398,7.664678079666377,,8.267476410898409,200,7.1459880296971265,7.1459880296971265,7.469564865784499,7.469564865784499,0.32357683608737275,0.32357683608737275
2458,491600,rician,64,7.494566937537882,9.35245010934401,1.4261538179997704,7.926296291344246,,8.267476410898409,200,7.143405920472963,7.143405920472963,7.456136744289681,7.456136744289681,0.31273082381671813,0.31273082381671813
2459,491800,rician,64,7.502935590208186,8.446781011885484,0.4861806284209977,7.960600383464491,,8.267476410898409,200,7.201093817650171,7.201093817650171,7.4888092061943095,7.4888092061943095,0.2877153885441386,0.2877153885441386
2460,492000,rician,64,7.656793464548489,8.369209323823902,0.2650116162495151,8.10419770757439,,8.267476410898409,200,7.296016742664778,7.296016742664778,7.495044243917257,7.495044243917257,0.1990275012524787,0.1990275012524787
2461,492200,rician,64,7.484519565516297,8.695699304210716,0.2577549363193716,8.437944367891344,,8.267476410898409,200,7.299377053084321,7.299377053084321,7.508608280519287,7.508608280519287,0.20923122743496592,0.20923122743496592
2462,492400,rician,64,8.628063300411448,9.253306319514058,0.25790012040376703,8.995406199110294,,8.267476410898409,200,7.347765784513442,7.347765784513442,7.516508201611527,7.516508201611527,0.1687424170980858,0.1687424170980858
2463,492600,rician,64,8.967349840287794,9.888911124751411,0.5758268629686761,9.31308426178273,,8.267476410898409,200,7.429387015305773,7.429387015305773,7.531018904415687,7.531018904415687,0.10163188910991394,0.10163188910991394
2464,492800,rician,64,8.730890922064379,9.70288855658528,0.5421154965371617,9.160773060048117,,8.267476410898409,200,7.526112557894157,7.526112557894157,7.5357894542449335,7.5357894542449335,0.00967689635077651,0.00967689635077651
2465,493000,rician,64,5.124823349949619,8.289965027562875,1.770722186651994,6.519242840910884,,8.267476410898409,200,7.65112206301428,7.65112206301428,7.528881276266378,7.528881276266378,0.12224078674790206,0.12224078674790206
2466,493200,rician,64,9.407942146494326,10.028231345151056,0.07599207210535106,9.952239273045707,,8.267476410898409,200,7.7923179011302945,7.7923179011302945,7.542542042852078,7.542542042852078,0.24977585827821613,0.24977585827821613
2467,493400,rician,64,6.867710255253867,7.756164979927666,0.42679228096662486,7.329372698961037,,8.267476410898409,200,7.780378572065617,7.780378572065617,7.546241213026888,7.546241213026888,0.234137359038729,0.234137359038729
2468,493600,rician,64,5.888973822331028,8.851497595971207,2.58148665874529,6.270010937225909,,8.267476410898409,200,7.721320328481878,7.721320328481878,7.531181252332742,7.531181252332742,0.19013907614913528,0.19013907614913528
2469,493800,rician,64,6.472364022712457,7.782782186342964,0.9294242561948955,6.8533579301480705,,8.267476410898409,200,7.645113706499916,7.645113706499916,7.514466603705049,7.514466603705049,0.13064710279486658,0.13064710279486658
2470,494000,rician,64,8.01714954592821,9.246795955965911,0.6337549021434632,8.613041053822451,,8.267476410898409,200,7.874794127071593,7.874794127071593,7.503645869451074,7.503645869451074,0.3711482576205185,0.3711482576205185
2471,494200,rician,64,4.269497037200838,8.569183141791031,3.0381065114220913,5.531076630368932,,8.267476410898409,200,7.756726650126714,7.756726650126714,7.473139177588145,7.473139177588145,0.283587472538569,0.283587472538569
2472,494400,rician,64,6.771250521471601,8.844206395730904,0.8136202790920675,8.030586116638839,,8.267476410898409,200,7.830902245930899,7.830902245930899,7.463556820108587,7.463556820108587,0.3673454258223119,0.3673454258223119
2473,494600,rician,64,6.054193225119652,7.87199667907235,1.386379592181987,6.485617086890362,,8.267476410898409,200,7.834967132003385,7.834967132003385,7.469376059012624,7.469376059012624,0.3655910729907612,0.3655910729907612
2474,494800,rician,64,6.813914788134631,8.208279902368801,0.7215338632944842,7.486746039074315,,8.267476410898409,200,7.825223651903113,7.825223651903113,7.459089647926598,7.459089647926598,0.36613400397651485,0.36613400397651485
2475,495000,rician,64,7.567544465139447,8.74724950436398,0.6136058599385839,8.133643644425398,,8.267476410898409,200,7.819009327554264,7.819009327554264,7.457937493825013,7.457937493825013,0.3610718337292509,0.3610718337292509
2476,495200,rician,64,6.765357344320178,8.059898040140505,0.885674520403691,7.174223519736815,,8.267476410898409,200,7.797106906106537,7.797106906106537,7.45450765623569,7.45450765623569,0.34259924987084656,0.34259924987084656
2477,495400,rician,64,7.67250973526237,9.779637493071268,1.7168594538438362,8.062778039227432,,8.267476410898409,200,7.817011904084589,7.817011904084589,7.451240490595752,7.451240490595752,0.36577141348883746,0.36577141348883746
2478,495600,rician,64,7.947846572353808,9.005663213844786,0.662688493472729,8.342974720372057,,8.267476410898409,200,7.837845825535979,7.837845825535979,7.460732378584805,7.460732378584805,0.37711344695117344,0.37711344695117344
2479,495800,rician,64,7.150507935346281,8.11110327931779,0.5795701959137574,7.531533083404022,,8.267476410898409,200,7.816392460532955,7.816392460532955,7.465733184701711,7.465733184701711,0.35065927583124434,0.35065927583124434
2480,496000,rician,64,6.149299540460373,8.589543558154018,1.9813308093812005,6.608212748772825,,8.267476410898409,200,7.741593212592877,7.741593212592877,7.459462075172996,7.459462075172996,0.2821311374198805,0.2821311374198805
2481,496200,rician,64,8.603954772922604,9.353530875367625,0.3451804069914299,9.008350468376197,,8.267476410898409,200,7.770113517617119,7.770113517617119,7.4769491553128,7.4769491553128,0.29316436230431897,0.29316436230431897
2482,496400,rician,64,6.617913324603755,7.785533549507531,0.11166189004763308,7.6738716594598975,,8.267476410898409,200,7.704036790634599,7.704036790634599,7.474479381844762,7.474479381844762,0.22955740878983733,0.22955740878983733
2483,496600,rician,64,7.232471445643715,9.299665640709975,1.6088014182026116,7.6908642225073605,,8.267476410898409,200,7.622925788670831,7.622925788670831,7.478503468911351,7.478503468911351,0.14442231975947983,0.14442231975947983
2484,496800,rician,64,7.470849718554911,8.440911798893056,0.5546429712103919,7.88626882768266,,8.267476410898409,200,7.55920057705256,7.55920057705256,7.470391752611171,7.470391752611171,0.08880882444138916,0.08880882444138916
2485,497000,rician,64,6.7291072874307165,8.206107339878152,1.0198476789845174,7.186259660893635,,8.267476410898409,200,7.592551418051697,7.592551418051697,7.455319673868217,7.455319673868217,0.13723174418348005,0.13723174418348005
2486,497200,rician,64,6.361901440002603,9.02446440254833,2.2509928591912134,6.773471543357122,,8.267476410898409,200,7.433613031567266,7.433613031567266,7.455096082869541,7.455096082869541,0.021483051302274347,0.021483051302274347
2487,497400,rician,64,5.895352886662253,7.847742504144873,0.9043418189062651,6.943400685238605,,8.267476410898409,200,7.414314430881144,7.414314430881144,7.44543749555044,7.44543749555044,0.031123064669295708,0.031123064669295708
2488,497600,rician,64,7.122951125530175,8.92514545410398,0.3813592657148586,8.543786188389117,,8.267476410898409,200,7.528003193439304,7.528003193439304,7.4460568233785605,7.4460568233785605,0.08194637006074323,0.08194637006074323
2489,497800,rician,64,7.954397964760548,9.15501334070475,0.8379736421075069,8.317039698597247,,8.267476410898409,200,7.6011872818617645,7.6011872818617645,7.459068708671998,7.459068708671998,0.14211857318976673,0.14211857318976673
2490,498000,rician,64,8.81387936547004,9.855942743898215,0.6598624937963883,9.196080250101824,,8.267476410898409,200,7.630339241675733,7.630339241675733,7.488143516223745,7.488143516223745,0.14219572545198833,0.14219572545198833
2491,498200,rician,64,8.176768215197479,8.873485743034122,0.3699236779834206,8.503562065050698,,8.267476410898409,200,7.778963513409822,7.778963513409822,7.530874991234327,7.530874991234327,0.24808852217549493,0.24808852217549493
2492,498400,rician,64,6.209637747988108,8.824770267938202,1.5950760757851072,7.229694192153097,,8.267476410898409,200,7.738918917185534,7.738918917185534,7.52608929286166,7.52608929286166,0.21282962432387365,0.21282962432387365
2493,498600,rician,64,7.586476798939199,8.701669173334334,0.6629432108616193,8.03872596247272,,8.267476410898409,200,7.816574360964651,7.816574360964651,7.588672605730512,7.588672605730512,0.22790175523413936,0.22790175523413936
2494,498800,rician,64,6.496913339304772,8.188850984120702,0.5392667320889778,7.649584252031728,,8.267476410898409,200,7.824716271612521,7.824716271612521,7.5903847762993895,7.5903847762993895,0.2343314953131319,0.2343314953131319
2495,499000,rician,64,7.993510075588042,8.698103602372026,0.11654279506170488,8.581560807310323,,8.267476410898409,200,7.847112129756769,7.847112129756769,7.600002876096305,7.600002876096305,0.2471092536604642,0.2471092536604642
2496,499200,rician,64,6.098532554813513,7.42707887479862,0.49580472769336725,6.9312741471052455,,8.267476410898409,200,7.834964661125191,7.834964661125191,7.5980985500055285,7.5980985500055285,0.23686611111966283,0.23686611111966283
2497,499400,rician,64,7.374635159276766,8.2116834063998,0.32006218360968436,7.891621222790113,,8.267476410898409,200,7.826406820303324,7.826406820303324,7.5964660766455445,7.5964660766455445,0.22994074365777983,0.22994074365777983
2498,499600,rician,64,8.591648819202554,9.682126043206845,0.7606166245304933,8.921509418676347,,8.267476410898409,200,7.85533355521854,7.85533355521854,7.607239181295999,7.607239181295999,0.24809437392254097,0.24809437392254097
2499,499800,rician,64,6.448056404568393,7.843161118406292,0.6138496680274035,7.229311450378885,,8.267476410898409,200,7.840222473567283,7.840222473567283,7.636122940416569,7.636122940416569,0.20409953315071405,0.20409953315071405
2500,500000,rician,64,7.144993131718267,7.854602799036523,0.13225884941633118,7.722343949620194,7.9055259084526055,7.9055259084526055,200,7.89592903360965,7.89592903360965,7.628071971902219,7.628071971902219,0.2678570617074305,0.2678570617074305
2501,500200,rician,64,8.049151237011367,8.603563784823834,0.24103755292520868,8.362526231898627,,7.9055259084526055,200,7.86363782178577,7.86363782178577,7.637797788530301,7.637797788530301,0.2258400332554693,0.2258400332554693
2502,500400,rician,64,6.665952629962835,9.488089509628498,2.102067654810217,7.386021854818272,,7.9055259084526055,200,7.849245331553691,7.849245331553691,7.636359963394068,7.636359963394068,0.21288536815962278,0.21288536815962278
2503,500600,rician,64,8.690291287416123,9.51399735627671,0.49692066859081707,9.017076687685892,,7.9055259084526055,200,7.915555954812618,7.915555954812618,7.656107006800194,7.656107006800194,0.259448948012424,0.259448948012424
2504,500800,rician,64,6.837245008880843,8.721907922184638,0.8759049459590106,7.846002976225632,,7.9055259084526055,200,7.913542662239766,7.913542662239766,7.6653475067907575,7.6653475067907575,0.24819515544900828,0.24819515544900828
2505,501000,rician,64,6.395008026291662,7.520981787372942,0.4473636503263456,7.0736181370466,,7.9055259084526055,200,7.907910586047414,7.907910586047414,7.652934544534761,7.652934544534761,0.25497604151265296,0.25497604151265296
2506,501200,rician,64,7.709677805406832,8.23955741583187,0.24291834269101423,7.996639073140855,,7.9055259084526055,200,7.969068962536602,7.969068962536602,7.649007584044565,7.649007584044565,0.32006137849203675,0.32006137849203675
2507,501400,rician,64,7.87978597637864,9.003017977178068,0.7137386954601466,8.289279281717928,,7.9055259084526055,200,8.036362892360568,8.036362892360568,7.658565085487868,7.658565085487868,0.37779780687270037,0.37779780687270037
2508,501600,rician,64,7.500303080720161,8.29152520844376,0.4708776985758143,7.820647509867944,,7.9055259084526055,200,8.000205958434508,8.000205958434508,7.658123612188911,7.658123612188911,0.3420823462455971,0.3420823462455971
2509,501800,rician,64,7.843903138739497,8.888895122270043,0.09818284073822214,8.790712281531825,,7.9055259084526055,200,8.023889587581237,8.023889587581237,7.660666281488137,7.660666281488137,0.3632233060931007,0.3632233060931007
2510,502000,rician,64,6.080980345327618,8.74720453545152,1.8529994166837749,6.894205118767741,,7.9055259084526055,200,7.908795831014532,7.908795831014532,7.64418241334261,7.64418241334261,0.2646134176719226,0.2646134176719226
2511,502200,rician,64,8.350318687149297,8.99957053038078,0.25024747334547126,8.74932305703531,,7.9055259084526055,200,7.921083880613763,7.921083880613763,7.636220193814609,7.636220193814609,0.2848636867991541,0.2848636867991541
2512,502400,rician,64,6.874737396539661,8.642306865047674,1.4592976558698403,7.183009209177844,,7.9055259084526055,200,7.918749631465,7.918749631465,7.611655179340816,7.611655179340816,0.3070944521241845,0.3070944521241845
2513,502600,rician,64,5.149188329345224,8.363511281440307,2.638372975454609,5.7251383059856975,,7.9055259084526055,200,7.8030702486406485,7.8030702486406485,7.586087682460256,7.586087682460256,0.21698256618039213,0.21698256618039213
2514,502800,rician,64,8.304729500843582,9.695804839794784,1.050079934752366,8.64572490504242,,7.9055259084526055,200,7.852877281291184,7.852877281291184,7.59685722026214,7.59685722026214,0.2560200610290435,0.2560200610290435
2515,503000,rician,64,7.4422901486648945,8.604671430827569,0.8451135622357822,7.759557868591784,,7.9055259084526055,200,7.811777134355256,7.811777134355256,7.603928705052409,7.603928705052409,0.20784842930284686,0.20784842930284686
2516,503200,rician,64,9.444619892885056,10.2475602495668,0.4835448880608479,9.764015361505962,,7.9055259084526055,200,7.953414195075292,7.953414195075292,7.6240508588556475,7.6240508588556475,0.32936333621964486,0.32936333621964486
2517,503400,rician,64,7.112788104492523,8.620819401937355,1.0336614234464658,7.587157978490894,,7.9055259084526055,200,7.938191032860333,7.938191032860333,7.633428500713653,7.633428500713653,0.3047625321466798,0.3047625321466798
2518,503600,rician,64,6.445621916719772,7.528070907386826,0.17646767270247396,7.351603234684354,,7.9055259084526055,200,7.8596957236607325,7.8596957236607325,7.615342914095675,7.615342914095675,0.24435280956505778,0.24435280956505778
2519,503800,rician,64,7.601158767323987,8.49240970490726,0.49961672540587204,7.992792979501392,,7.9055259084526055,200,7.897869800116858,7.897869800116858,7.627973378572426,7.627973378572426,0.2698964215444324,0.2698964215444324
2520,504000,rician,64,4.983796182445519,7.674045612341266,1.7867932262651054,5.887252386076164,,7.9055259084526055,200,7.806115221939658,7.806115221939658,7.608247505984471,7.608247505984471,0.19786771595518715,0.19786771595518715
2521,504200,rician,64,7.170635240255752,8.134541622378489,0.4735596283888553,7.660981993989638,,7.9055259084526055,200,7.771038010044208,7.771038010044208,7.611077153794847,7.611077153794847,0.15996085624936107,0.15996085624936107
2522,504400,rician,64,7.547988753785052,9.207281994571886,0.40978761615659043,8.797494378415292,,7.9055259084526055,200,7.841611636224059,7.841611636224059,7.6455910139724,7.6455910139724,0.19602062225165895,0.19602062225165895
2523,504600,rician,64,8.144239758599795,9.037363681989099,0.39315910705429535,8.644204574934804,,7.9055259084526055,200,7.822968030586504,7.822968030586504,7.644573933781219,7.644573933781219,0.1783940968052855,0.1783940968052855
2524,504800,rician,64,6.2092220641626215,8.120886198042333,0.690566319272277,7.4303198787700495,,7.9055259084526055,200,7.802183875713723,7.802183875713723,7.6464940128607815,7.6464940128607815,0.15568986285294173,0.15568986285294173
2525,505000,rician,64,7.491734305221146,8.71157474064149,0.8814298961817405,7.830144844459744,,7.9055259084526055,200,7.840010211084381,7.840010211084381,7.626053239683653,7.626053239683653,0.21395697140072745,0.21395697140072745
2526,505200,rician,64,8.409570012037973,9.762506154439077,0.9915264772100002,8.770979677229079,,7.9055259084526055,200,7.878727241288791,7.878727241288791,7.698625496696925,7.698625496696925,0.180101744591866,0.180101744591866
2527,505400,rician,64,5.560558498500919,8.17600950978521,2.202428347340366,5.973581162444837,,7.9055259084526055,200,7.762942335325137,7.762942335325137,7.685243937328316,7.685243937328316,0.0776983979968211,0.0776983979968211
2528,505600,rician,64,6.501329856904971,8.254291894898843,0.8344931321986617,7.419798762700184,,7.9055259084526055,200,7.742899897966751,7.742899897966751,7.665341020320214,7.665341020320214,0.07755887764653746,0.07755887764653746
2529,505800,rician,64,3.5502089319265666,7.96533352309661,4.038531187619694,3.93211928132773,,7.9055259084526055,200,7.499970247956547,7.499970247956547,7.620369468318972,7.620369468318972,0.12039922036242512,0.12039922036242512
2530,506000,rician,64,5.543047162700913,8.12629351070663,1.5099307182941928,6.616362792412435,,7.9055259084526055,200,7.4860781316387826,7.4860781316387826,7.605138306342736,7.605138306342736,0.11906017470395369,0.11906017470395369
2531,506200,rician,64,7.941670597397615,8.543791177205028,0.2262625703087665,8.317528606896262,,7.9055259084526055,200,7.46448840913183,7.46448840913183,7.615610807485013,7.615610807485013,0.1511223983531833,0.1511223983531833
2532,506400,rician,64,6.443678596409869,8.005863754571621,0.363629044056848,7.6422347105147725,,7.9055259084526055,200,7.487449684198675,7.487449684198675,7.624269339149249,7.624269339149249,0.1368196549505738,0.1368196549505738
2533,506600,rician,64,6.884721047395196,8.579327338583397,1.2495121187171168,7.32981521986628,,7.9055259084526055,200,7.5676835298927045,7.5676835298927045,7.627181418095092,7.627181418095092,0.05949788820238755,0.05949788820238755
2534,506800,rician,64,6.879312348170102,8.944100156746531,1.6159595661221786,7.328140590624349,,7.9055259084526055,200,7.5018043141718,7.5018043141718,7.630691992200153,7.630691992200153,0.12888767802835321,0.12888767802835321
2535,507000,rician,64,6.307654026399407,7.8494847375612995,0.25827506053378535,7.591209677027512,,7.9055259084526055,200,7.493386904593587,7.493386904593587,7.621142503447836,7.621142503447836,0.12775559885424936,0.12775559885424936
2536,507200,rician,64,6.9358331599659815,8.691894442071632,0.8024408109153148,7.889453631156318,,7.9055259084526055,200,7.399658818076103,7.399658818076103,7.621461318555553,7.621461318555553,0.22180250047944927,0.22180250047944927
2537,507400,rician,64,7.764661793625566,8.7943428495149,0.6375172762550655,8.156825573259832,,7.9055259084526055,200,7.428142197814552,7.428142197814552,7.631147996951984,7.631147996951984,0.20300579913743277,0.20300579913743277
2538,507600,rician,64,5.5727497070785,8.810655336421078,2.790837958168809,6.019817378252271,,7.9055259084526055,200,7.361552904992946,7.361552904992946,7.611566785976233,7.611566785976233,0.25001388098328725,0.25001388098328725
2539,507800,rician,64,7.387654585043881,7.9765956837229295,0.28384601884127536,7.692749664881661,,7.9055259084526055,200,7.34655073926196,7.34655073926196,7.620425858225847,7.620425858225847,0.27387511896388705,0.27387511896388705
2540,508000,rician,64,3.8054167360338904,8.04323579263035,3.8529147126672227,4.196660779644122,,7.9055259084526055,200,7.262021158940359,7.262021158940359,7.600335073949465,7.600335073949465,0.33831391500910524,0.33831391500910524
2541,508200,rician,64,5.821701062673874,8.247214629478675,1.133086568307767,7.114128061170914,,7.9055259084526055,200,7.2346784622994225,7.2346784622994225,7.587768972966169,7.587768972966169,0.3530905106667461,0.3530905106667461
2542,508400,rician,64,6.1109371033347575,8.262148956355897,1.7370062836349798,6.525142672720919,,7.9055259084526055,200,7.1210608770147035,7.1210608770147035,7.5727440839881,7.5727440839881,0.4516832069733967,0.4516832069733967
2543,508600,rician,64,7.75769780748937,8.915031254596487,0.07614307689062991,8.838888177705856,,7.9055259084526055,200,7.130795057153257,7.130795057153257,7.5843263693057965,7.5843263693057965,0.4535313121525393,0.4535313121525393
2544,508800,rician,64,7.666445394786102,9.1057772600227,0.6251366291514783,8.480640630871221,,7.9055259084526055,200,7.183311094758315,7.183311094758315,7.596870153531704,7.596870153531704,0.41355905877338905,0.41355905877338905
2545,509000,rician,64,7.624544456501196,9.408766974177938,1.3935438838810699,8.01583258192743,,7.9055259084526055,200,7.192595481631699,7.192595481631699,7.636837951965893,7.636837951965893,0.44424247033419384,0.44424247033419384
2546,509200,rician,64,6.305423473364943,7.973550552442009,0.5547033213054489,7.4188472311365565,,7.9055259084526055,200,7.124988859327074,7.124988859327074,7.639743199170004,7.639743199170004,0.5147543398429306,0.5147543398429306
2547,509400,rician,64,5.054715493701081,8.157452202795367,1.351543154349783,6.805909048445583,,7.9055259084526055,200,7.166605253627111,7.166605253627111,7.632120696851914,7.632120696851914,0.4655154432248034,0.4655154432248034
2548,509600,rician,64,7.873018809179662,8.931243474546093,0.6508183916450121,8.280425082901077,,7.9055259084526055,200,7.209636569637155,7.209636569637155,7.640413189591917,7.640413189591917,0.430776619954762,0.430776619954762
2549,509800,rician,64,5.608679734007832,8.139466678986379,0.8679575696841708,7.271509109302204,,7.9055259084526055,200,7.3766060610358775,7.3766060610358775,7.6293533769870665,7.6293533769870665,0.25274731595118904,0.25274731595118904
2550,510000,rician,64,6.976380097064952,8.575089417615317,1.1350759739148413,7.440013443700468,8.094022914001886,8.094022914001886,200,7.417788593600281,7.417788593600281,7.6635591850001825,7.6635591850001825,0.24577059139990176,0.24577059139990176
2551,510200,rician,64,8.484001636636144,9.388656412820149,0.43025318945607066,8.958403223364076,,8.094022914001886,200,7.449832324423672,7.449832324423672,7.674218955541159,7.674218955541159,0.22438663111748713,0.22438663111748713
2552,510400,rician,64,6.952118025186986,7.731618110355246,0.3275206746160864,7.4040974357391525,,8.094022914001886,200,7.43792546068489,7.43792546068489,7.682789187892999,7.682789187892999,0.24486372720810845,0.24486372720810845
2553,510600,rician,64,7.5852227735526245,8.073306029985849,0.06558203524964695,8.007723994736208,,8.094022914001886,200,7.471820899428385,7.471820899428385,7.698823234185954,7.698823234185954,0.22700233475756892,0.22700233475756892
2554,510800,rician,64,7.701013631135704,8.455083279119984,0.25557062396567326,8.19951265515431,,8.094022914001886,200,7.515389502654886,7.515389502654886,7.7040022043267005,7.7040022043267005,0.18861270167181488,0.18861270167181488
2555,511000,rician,64,8.886518768752431,10.301412854305712,0.9621236260534216,9.339289228252284,,8.094022914001886,200,7.602793480216123,7.602793480216123,7.7148157952952,7.7148157952952,0.11202231507907712,0.11202231507907712
2556,511200,rician,64,7.033767603542585,8.236970972025523,0.6093552429288267,7.627615729096692,,8.094022914001886,200,7.589701585113143,7.589701585113143,7.714969233099253,7.714969233099253,0.12526764798611012,0.12526764798611012
2557,511400,rician,64,6.324105055784659,8.033884481481177,0.15751522313267063,7.876369258348513,,8.094022914001886,200,7.575678769367576,7.575678769367576,7.717086144886073,7.717086144886073,0.14140737551849725,0.14140737551849725
2558,511600,rician,64,7.593455914592182,9.157705673838096,0.3581450134242679,8.799560660413832,,8.094022914001886,200,7.714665933475655,7.714665933475655,7.725818788576769,7.725818788576769,0.011152855101113524,0.011152855101113524
2559,511800,rician,64,8.526544546828816,10.413316891397308,1.4279707646334938,8.985346126763814,,8.094022914001886,200,7.779295756569762,7.779295756569762,7.736066246009763,7.736066246009763,0.04322951055999891,0.04322951055999891
2560,512000,rician,64,4.166377485570095,7.691054941704256,2.1219568165260974,5.569098125178158,,8.094022914001886,200,7.847917623846461,7.847917623846461,7.7107152501858005,7.7107152501858005,0.1372023736606609,0.1372023736606609
2561,512200,rician,64,7.3535748754717885,8.00095738017411,0.09980088254232093,7.901156497631802,,8.094022914001886,200,7.887269045669507,7.887269045669507,7.705347371483203,7.705347371483203,0.18192167418630412,0.18192167418630412
2562,512400,rician,64,0.8560436273929788,8.738868386127894,5.780498714168924,2.9616421884514237,,8.094022914001886,200,7.709094021456034,7.709094021456034,7.645009731376615,7.645009731376615,0.06408429007941852,0.06408429007941852
2563,512600,rician,64,6.977121454358857,8.40942369599824,0.8551547586935813,7.554268937304662,,8.094022914001886,200,7.644863059435974,7.644863059435974,7.627421578131834,7.627421578131834,0.01744148130414036,0.01744148130414036
2564,512800,rician,64,7.552438179535908,8.925823776836397,0.16015720824759144,8.765666568588804,,8.094022914001886,200,7.659114356321854,7.659114356321854,7.623470513217241,7.623470513217241,0.035643843104612216,0.035643843104612216
2565,513000,rician,64,8.202717825356988,8.84780530539558,0.20707675501496986,8.640728550380619,,8.094022914001886,200,7.690359154744513,7.690359154744513,7.644685370311939,7.644685370311939,0.04567378443257386,0.04567378443257386
2566,513200,rician,64,6.4223239797154505,8.462842358312184,0.05606402776919045,8.406778330542995,,8.094022914001886,200,7.739755709714835,7.739755709714835,7.629230760886913,7.629230760886913,0.11052494882792185,0.11052494882792185
2567,513400,rician,64,6.895948517955179,8.213744487205878,0.6883386860295468,7.525405801176327,,8.094022914001886,200,7.7757305473513725,7.7757305473513725,7.631191091909066,7.631191091909066,0.14453945544230606,0.14453945544230606
2568,513600,rician,64,7.638654154560237,8.652041489702075,0.38758178281587946,8.264459706886196,,8.094022914001886,200,7.774932278550628,7.774932278550628,7.651135579605669,7.651135579605669,0.12379669894495837,0.12379669894495837
2569,513800,rician,64,5.451237157818027,8.65337437304146,1.6443170251673676,7.0090573478740925,,8.094022914001886,200,7.761809690479221,7.761809690479221,7.652692573782931,7.652692573782931,0.10911711669628943,0.10911711669628943
2570,514000,rician,64,7.597638265519719,9.086821642940745,0.49067678014320065,8.596144862797553,,8.094022914001886,200,7.819616261434075,7.819616261434075,7.652523611872682,7.652523611872682,0.16709264956139336,0.16709264956139336
2571,514200,rician,64,3.5325053000835527,8.44063645047192,3.1544867170882727,5.286149733383651,,8.094022914001886,200,7.636003586935054,7.636003586935054,7.650074342902829,7.650074342902829,0.01407075596777485,0.01407075596777485
2572,514400,rician,64,6.088217831681266,8.125399380623767,0.7859295786460163,7.339469801977751,,8.094022914001886,200,7.632772205246984,7.632772205246984,7.643163179756218,7.643163179756218,0.010390974509234319,0.010390974509234319
2573,514600,rician,64,7.078033085813766,8.94505604497487,0.23874028379751872,8.70631576117735,,8.094022914001886,200,7.66770179356904,7.66770179356904,7.6653701664990885,7.6653701664990885,0.002331627069951381,0.002331627069951381
2574,514800,rician,64,6.649847203496379,8.661964250362608,0.46780270628552534,8.194161544077069,,8.094022914001886,200,7.667434238015178,7.667434238015178,7.672444321549116,7.672444321549116,0.005010083533937504,0.005010083533937504
2575,515000,rician,64,7.018828818006638,8.908200988793507,0.7617045423113439,8.146496446482168,,8.094022914001886,200,7.607794598926674,7.607794598926674,7.672572849569682,7.672572849569682,0.06477825064300813,0.06477825064300813
2576,515200,rician,64,4.905445906944406,7.687124888599929,0.26029205250627363,7.42683283609366,,8.094022914001886,200,7.5977554542765215,7.5977554542765215,7.675098942733252,7.675098942733252,0.07734348845673011,0.07734348845673011
2577,515400,rician,64,6.898460667223777,7.892306153674099,0.18803021893263208,7.704275934741471,,8.094022914001886,200,7.58915078809617,7.58915078809617,7.6715139216883905,7.6715139216883905,0.0823631335922208,0.0823631335922208
2578,515600,rician,64,6.205152439876941,9.491248845735212,2.589843925429271,6.9014049203059455,,8.094022914001886,200,7.4942430010907755,7.4942430010907755,7.657098223687728,7.657098223687728,0.16285522259695284,0.16285522259695284
2579,515800,rician,64,7.071965800689795,8.597946837124919,0.5551830454774028,8.04276379164752,,8.094022914001886,200,7.447113884334961,7.447113884334961,7.662210530770165,7.662210530770165,0.215096646435204,0.215096646435204
2580,516000,rician,64,6.749704331927902,7.780598995792381,0.46199779849069894,7.318601197301686,,8.094022914001886,200,7.534589037941137,7.534589037941137,7.669314415255452,7.669314415255452,0.13472537731431533,0.13472537731431533
2581,516200,rician,64,6.645638287761028,8.801909714005724,1.480266513635914,7.321643200369806,,8.094022914001886,200,7.505613373078037,7.505613373078037,7.652447342575388,7.652447342575388,0.14683396949735084,0.14683396949735084
2582,516400,rician,64,7.175055470493032,8.124935523972633,0.23357286199738522,7.891362661975247,,8.094022914001886,200,7.752099396754228,7.752099396754228,7.654622252600542,7.654622252600542,0.09747714415368591,0.09747714415368591
2583,516600,rician,64,6.37929906485669,8.094394873856237,1.1197422480939812,6.974652625762254,,8.094022914001886,200,7.723118581177109,7.723118581177109,7.647460136633091,7.647460136633091,0.07565844454401738,0.07565844454401738
2584,516800,rician,64,6.24858277114004,8.696635738594228,0.945370122506073,7.751265616088159,,8.094022914001886,200,7.672398533552075,7.672398533552075,7.646110104517146,7.646110104517146,0.026288429034928562,0.026288429034928562
2585,517000,rician,64,8.005850759848908,10.020160540714436,1.378951440105327,8.641209100609103,,8.094022914001886,200,7.672422561063499,7.672422561063499,7.660659598914301,7.660659598914301,0.011762962149197698,0.011762962149197698
2586,517200,rician,64,8.487022660094887,9.178927826683783,0.16862003886603102,9.010307787817752,,8.094022914001886,200,7.702599033927237,7.702599033927237,7.683027961358907,7.683027961358907,0.019571072568330017,0.019571072568330017
2587,517400,rician,64,4.87645077147879,9.824065693706187,3.4233509328625527,6.4007147608436314,,8.094022914001886,200,7.646364481910604,7.646364481910604,7.677601102114957,7.677601102114957,0.031236620204352583,0.031236620204352583
2588,517600,rician,64,7.585531426001854,9.090157233845364,0.9022452627520097,8.187911971093353,,8.094022914001886,200,7.64253709512096,7.64253709512096,7.674042359942,7.674042359942,0.03150526482103988,0.03150526482103988
2589,517800,rician,64,5.873784018652235,8.320214328577078,0.8704175161468758,7.449796812430198,,8.094022914001886,200,7.664574068348766,7.664574068348766,7.66536993108033,7.66536993108033,0.0007958627315645117,0.0007958627315645117
2590,518000,rician,64,8.663224628833797,9.289298033376815,0.120090456591059,9.169207576785752,,8.094022914001886,200,7.693227204048176,7.693227204048176,7.66510120434717,7.66510120434717,0.02812599970100571,0.02812599970100571
2591,518200,rician,64,6.322033615953709,7.749501853295054,0.8360796510400831,6.913422202254969,,8.094022914001886,200,7.774590827491743,7.774590827491743,7.649199805719213,7.649199805719213,0.12539102177252914,0.12539102177252914
2592,518400,rician,64,5.912135760854965,9.30908436287522,2.8944012479614893,6.4146831149137284,,8.094022914001886,200,7.7283514931385415,7.7283514931385415,7.641049694946819,7.641049694946819,0.08730179819172257,0.08730179819172257
2593,518600,rician,64,6.380127363912098,8.196078195132923,0.8794131684496207,7.316665026683306,,8.094022914001886,200,7.658868956413839,7.658868956413839,7.633829085588924,7.633829085588924,0.025039870824914878,0.025039870824914878
2594,518800,rician,64,9.169826914563014,10.140702696431228,0.4124272757357242,9.728275420695498,,8.094022914001886,200,7.73557465024476,7.73557465024476,7.654615997275561,7.654615997275561,0.08095865296919857,0.08095865296919857
2595,519000,rician,64,8.19293416396094,9.123643920268691,0.36117366910059207,8.7624702511681,,8.094022914001886,200,7.766373340479058,7.766373340479058,7.65642509171414,7.65642509171414,0.10994824876491816,0.10994824876491816
2596,519200,rician,64,1.0653708271180888,8.601992295608085,5.08845970314209,3.520473055484308,,8.094022914001886,200,7.57105535144859,7.57105535144859,7.622317080797931,7.622317080797931,0.051261729349341145,0.051261729349341145
2597,519400,rician,64,8.557529961025066,9.414644313658494,0.3066684589820213,9.10797585467647,,8.094022914001886,200,7.64124034744534,7.64124034744534,7.634480627116794,7.634480627116794,0.006759720328545882,0.006759720328545882
2598,519600,rician,64,7.365412162076519,8.036040188097545,0.16125984501767282,7.874780343079864,,8.094022914001886,200,7.689909118584036,7.689909118584036,7.624013336360831,7.624013336360831,0.06589578222320469,0.06589578222320469
2599,519800,rician,64,7.758089570752406,9.273295807199736,0.5256479225678685,8.74764788463187,,8.094022914001886,200,7.725153323233253,7.725153323233253,7.63919670070336,7.63919670070336,0.08595662252989289,0.08595662252989289
2600,520000,rician,64,7.657194380917929,8.576766135084204,0.3926096992447685,8.184156435839437,6.5672275194061855,6.5672275194061855,200,7.768431085160141,7.768431085160141,7.643814825565553,7.643814825565553,0.12461625959458811,0.12461625959458811
2601,520200,rician,64,9.555619691734831,10.275824760372261,0.23075520526850138,10.04506955510377,,6.5672275194061855,200,7.904602402896839,7.904602402896839,7.660640258797603,7.660640258797603,0.24396214409923633,0.24396214409923633
2602,520400,rician,64,6.465593932768177,8.938167055779088,0.7691890596062281,8.168977996172869,,6.5672275194061855,200,7.918483169606719,7.918483169606719,7.668469820211149,7.668469820211149,0.2500133493955703,0.2500133493955703
2603,520600,rician,64,6.7684198841740155,8.354006368552929,0.20745692159853818,8.146549446954383,,6.5672275194061855,200,7.977078010666325,7.977078010666325,7.6597645478038325,7.6597645478038325,0.31731346286249273,0.31731346286249273
2604,520800,rician,64,6.779086322035415,8.083088397998745,0.5496087983476505,7.533479599651102,,6.5672275194061855,200,7.966188709844474,7.966188709844474,7.656639314038087,7.656639314038087,0.3095493958063864,0.3095493958063864
2605,521000,rician,64,5.005870295809832,8.335435912694361,1.5115921147557878,6.823843797938572,,6.5672275194061855,200,7.875320444710947,7.875320444710947,7.654141570647008,7.654141570647008,0.22117887406393866,0.22117887406393866
2606,521200,rician,64,8.39947368613087,9.569614939158322,0.740086707182427,8.829528231975894,,6.5672275194061855,200,7.8662814669188545,7.8662814669188545,7.662470462235358,7.662470462235358,0.20381100468349622,0.20381100468349622
2607,521400,rician,64,5.779765991272349,8.011400942580531,1.5265499314315518,6.484851011148982,,6.5672275194061855,200,7.870488279434122,7.870488279434122,7.644426179529669,7.644426179529669,0.22606209990445336,0.22606209990445336
2608,521600,rician,64,7.115770259314011,8.289917133614077,0.023640691953094952,8.266276441660976,,6.5672275194061855,200,7.874406502962502,7.874406502962502,7.6488824688475985,7.6488824688475985,0.22552403411490385,0.22552403411490385
2609,521800,rician,64,6.7805542484876264,7.8333770733890296,0.5562008669967201,7.277176206392315,,6.5672275194061855,200,7.865775472660609,7.865775472660609,7.6337471080962045,7.6337471080962045,0.23202836456440412,0.23202836456440412
2610,522000,rician,64,7.911942004488079,9.256751556852798,0.10559393289063052,9.151157623962165,,6.5672275194061855,200,7.864872975019429,7.864872975019429,7.656316633148148,7.656316633148148,0.20855634187128125,0.20855634187128125
2611,522200,rician,64,7.181202562919923,9.419035103058961,1.5439446166380921,7.885306287222727,,6.5672275194061855,200,7.913467179267817,7.913467179267817,7.647676465450023,7.647676465450023,0.2657907138177942,0.2657907138177942
2612,522400,rician,64,7.455476759803173,8.972697934786842,1.0191296701392087,7.953568264647632,,6.5672275194061855,200,7.990411436754513,7.990411436754513,7.655382056004721,7.655382056004721,0.33502938074979216,0.33502938074979216
2613,522600,rician,64,6.782055984972525,8.38082680965133,1.1409313660931308,7.239895443558207,,6.5672275194061855,200,7.986572957598257,7.986572957598257,7.6705296273804455,7.6705296273804455,0.31604333021781184,0.31604333021781184
2614,522800,rician,64,7.244164385639498,9.44609219863563,1.2078649696627324,8.238227228972903,,6.5672275194061855,200,7.912070548012127,7.912070548012127,7.666454650619751,7.666454650619751,0.24561589739237633,0.24561589739237633
2615,523000,rician,64,6.550570099079663,7.853025767395637,0.6723856801517638,7.180640087243872,,6.5672275194061855,200,7.832979039815915,7.832979039815915,7.660665472806271,7.660665472806271,0.17231356700964362,0.17231356700964362
2616,523200,rician,64,7.91985423262247,9.215947656244087,0.052834814944185494,9.1631128412999,,6.5672275194061855,200,8.115111029106695,8.115111029106695,7.654656447604212,7.654656447604212,0.460454581502483,0.460454581502483
2617,523400,rician,64,7.655810529055163,9.379618421471994,0.5647091015909406,8.814909319881055,,6.5672275194061855,200,8.100457702366924,8.100457702366924,7.666933961018112,7.666933961018112,0.4335237413488118,0.4335237413488118
2618,523600,rician,64,4.637690020472812,8.514980654567303,2.479238838820127,6.035741815747175,,6.5672275194061855,200,8.008505776000288,8.008505776000288,7.653775346828741,7.653775346828741,0.3547304291715463,0.3547304291715463
2619,523800,rician,64,8.129535466915804,8.795191467759686,0.15842359394192526,8.636767873817755,,6.5672275194061855,200,8.002961775459584,8.002961775459584,7.660215095771905,7.660215095771905,0.3427466796876786,0.3427466796876786
2620,524000,rician,64,3.8078241808732805,8.438662735157603,4.083553661714928,4.359325368758969,,6.5672275194061855,200,7.811720222105559,7.811720222105559,7.644935825598733,7.644935825598733,0.1667843965068263,0.1667843965068263
2621,524200,rician,64,6.647313933040603,7.520872653788408,0.34355400991553064,7.1773186438728755,,6.5672275194061855,200,7.668332676544016,7.668332676544016,7.640099192097565,7.640099192097565,0.02823348444645113,0.02823348444645113
2622,524400,rician,64,8.196941602551673,9.31481481242186,0.03135988941603655,9.283454923005818,,6.5672275194061855,200,7.724056522885663,7.724056522885663,7.64495879754347,7.64495879754347,0.0790977253421925,0.0790977253421925
2623,524600,rician,64,6.090841447218403,7.564862898304052,0.3610766985855899,7.203786199718463,,6.5672275194061855,200,7.6769183605238664,7.6769183605238664,7.630554613791308,7.630554613791308,0.04636374673255883,0.04636374673255883
2624,524800,rician,64,7.819472298281824,9.69995286769929,0.8841326239275059,8.815820243771789,,6.5672275194061855,200,7.741035392729901,7.741035392729901,7.644409617441325,7.644409617441325,0.09662577528857597,0.09662577528857597
2625,525000,rician,64,1.6784775633081477,9.1030881352536,5.750685371679735,3.3682456720900094,,6.5672275194061855,200,7.568255486437474,7.568255486437474,7.599790625717626,7.599790625717626,0.031535139280151725,0.031535139280151725
2626,525200,rician,64,6.862011414519388,9.413605227737316,1.1972898027309153,8.216315425006394,,6.5672275194061855,200,7.537594846088998,7.537594846088998,7.5942439831954,7.5942439831954,0.05664913710640196,0.05664913710640196
2627,525400,rician,64,6.211948518894178,8.806213219556714,1.2374501688058697,7.568763050750846,,6.5672275194061855,200,7.5917904480690925,7.5917904480690925,7.610195802078461,7.610195802078461,0.018405354009368047,0.018405354009368047
2628,525600,rician,64,6.719277494676377,7.6937226286599385,0.37354498009156756,7.320177648568376,,6.5672275194061855,200,7.544485508414462,7.544485508414462,7.609199590937141,7.609199590937141,0.06471408252267885,0.06471408252267885
2629,525800,rician,64,7.138836747086519,8.390949262266332,0.8319116438882068,7.559037618378125,,6.5672275194061855,200,7.558578579013752,7.558578579013752,7.645468774307646,7.645468774307646,0.08689019529389341,0.08689019529389341
2630,526000,rician,64,6.613310134373912,9.08521738596855,1.518317586200317,7.566899799768231,,6.5672275194061855,200,7.479365687804057,7.479365687804057,7.654974144381203,7.654974144381203,0.1756084565771463,0.1756084565771463
2631,526200,rician,64,7.694451783463558,9.188249984762692,1.1512728461095896,8.0369771386531,,6.5672275194061855,200,7.486949230375575,7.486949230375575,7.652168629698772,7.652168629698772,0.16521939932319718,0.16521939932319718
2632,526400,rician,64,8.537860168995076,9.17333384238125,0.2133786605628934,8.95995518181835,,6.5672275194061855,200,7.53726857623411,7.53726857623411,7.665345834411808,7.665345834411808,0.1280772581776981,0.1280772581776981
2633,526600,rician,64,9.24001249745529,10.381659987335594,0.7903309854720714,9.591329001863524,,6.5672275194061855,200,7.654840254149377,7.654840254149377,7.687960972231781,7.687960972231781,0.03312071808240358,0.03312071808240358
2634,526800,rician,64,6.455639870547621,7.859657571689287,0.6691895254542642,7.19046804623502,,6.5672275194061855,200,7.602452295012483,7.602452295012483,7.686584246787887,7.686584246787887,0.08413195177540356,0.08413195177540356
2635,527000,rician,64,6.336342852833743,8.29413094577413,0.733871457138028,7.560259488636111,,6.5672275194061855,200,7.621433265082095,7.621433265082095,7.686274744903972,7.686274744903972,0.06484147982187771,0.06484147982187771
2636,527200,rician,64,8.685651109711596,9.458154273294241,0.19080940850320988,9.267344864791031,,6.5672275194061855,200,7.626644866256652,7.626644866256652,7.700053657240321,7.700053657240321,0.07340879098366937,0.07340879098366937
2637,527400,rician,64,7.792354433141814,9.369652589313345,1.2427792584375539,8.126873330875787,,6.5672275194061855,200,7.592243066806388,7.592243066806388,7.69975413481648,7.69975413481648,0.10751106801009236,0.10751106801009236
2638,527600,rician,64,7.70301533483083,8.569458904053562,0.5597123588210362,8.009746545232527,,6.5672275194061855,200,7.690943303280655,7.690943303280655,7.719653426486283,7.719653426486283,0.028710123205628157,0.028710123205628157
2639,527800,rician,64,5.9951313565312185,7.824068228436844,0.7489570691415808,7.075111159295261,,6.5672275194061855,200,7.612860467554531,7.612860467554531,7.713477041430419,7.713477041430419,0.10061657387588863,0.10061657387588863
2640,528000,rician,64,6.131760585648191,7.952205764150303,0.6782604094601344,7.273945354690169,,6.5672275194061855,200,7.758591466851091,7.758591466851091,7.744249887180879,7.744249887180879,0.014341579670212212,0.014341579670212212
2641,528200,rician,64,6.947096863921131,8.469290749702797,0.6944888800410987,7.7748018696616965,,6.5672275194061855,200,7.788465628140531,7.788465628140531,7.750856625265786,7.750856625265786,0.037609002874745556,0.037609002874745556
2642,528400,rician,64,7.300606966744442,9.252886379828578,1.1562582388527567,8.09662814097582,,6.5672275194061855,200,7.729124289039031,7.729124289039031,7.766571479948335,7.766571479948335,0.037447190909304595,0.037447190909304595
2643,528600,rician,64,1.0532752596406976,9.484580032338952,8.132158241676594,1.489764014534744,,6.5672275194061855,200,7.443423179779846,7.443423179779846,7.693080238316624,7.693080238316624,0.2496570585367781,0.2496570585367781
2644,528800,rician,64,6.298067647307761,8.545707297051345,1.5318561551643906,7.013851141886954,,6.5672275194061855,200,7.353324724685604,7.353324724685604,7.678412343426783,7.678412343426783,0.3250876187411791,0.3250876187411791
2645,529000,rician,64,5.010278527284501,8.112048173709109,2.7112114627992887,5.400836710909828,,6.5672275194061855,200,7.454954276626596,7.454954276626596,7.652262384716605,7.652262384716605,0.19730810809000854,0.19730810809000854
2646,529200,rician,64,8.622993203648102,9.963173163011177,0.9484906059080002,9.014682557103182,,6.5672275194061855,200,7.494872633231435,7.494872633231435,7.668220737976273,7.668220737976273,0.17334810474483753,0.17334810474483753
2647,529400,rician,64,6.935506563770189,9.31703665844292,1.4496950619770894,7.86734159646583,,6.5672275194061855,200,7.509801560517184,7.509801560517184,7.678835063456473,7.678835063456473,0.1690335029392891,0.1690335029392891
2648,529600,rician,64,5.186698691148047,7.687872447189639,1.2638588917842362,6.424013555405408,,6.5672275194061855,200,7.464993355859034,7.464993355859034,7.660270948181518,7.660270948181518,0.19527759232248432,0.19527759232248432
2649,529800,rician,64,6.351980966592048,9.336732274253821,1.7314835480572168,7.605248726196603,,6.5672275194061855,200,7.467303911249958,7.467303911249958,7.663608344350462,7.663608344350462,0.1963044331005035,0.1963044331005035
2650,530000,rician,64,7.463319947569601,8.639235039681996,0.8258361399627552,7.81339889971925,7.402328210804891,7.402328210804891,200,7.479628866247511,7.479628866247511,7.667342198910649,7.667342198910649,0.1877133326631384,0.1877133326631384
2651,530200,rician,64,5.763532007072758,8.39680384049329,1.4064493836983503,6.990354456794939,,7.402328210804891,200,7.427297732154602,7.427297732154602,7.647661711244958,7.647661711244958,0.2203639790903562,0.2203639790903562
2652,530400,rician,64,7.156210447032443,8.174046388699939,0.34889143919391324,7.825154949506026,,7.402328210804891,200,7.370557720538985,7.370557720538985,7.651872286382626,7.651872286382626,0.28131456584364134,0.28131456584364134
2653,530600,rician,64,5.072402438128898,8.449064517215511,2.9636022494609624,5.4950095192919575,,7.402328210804891,200,7.165741746410407,7.165741746410407,7.626745141628184,7.626745141628184,0.46100339521777745,0.46100339521777745
2654,530800,rician,64,6.744140310288831,8.764134122962549,1.34522080153368,7.418913321428874,,7.402328210804891,200,7.1771640101701,7.1771640101701,7.61893914829093,7.61893914829093,0.44177513812083014,0.44177513812083014
2655,531000,rician,64,5.534579101209002,8.76952289209088,2.3146780105538545,6.457864739951933,,7.402328210804891,200,7.1220442727358915,7.1220442727358915,7.590124903407927,7.590124903407927,0.4680806306720351,0.4680806306720351
2656,531200,rician,64,8.262320284388057,9.233871945540772,0.44314312786427296,8.790728817676499,,7.402328210804891,200,7.098213470380164,7.098213470380164,7.601756034293723,7.601756034293723,0.5035425639135598,0.5035425639135598
2657,531400,rician,64,5.699114472271102,8.467128073670134,2.439220057562449,6.027908016107684,,7.402328210804891,200,6.9932652046417605,6.9932652046417605,7.583271421871315,7.583271421871315,0.5900062172295542,0.5900062172295542
2658,531600,rician,64,7.492194241386355,8.702234976943137,0.8615794555202525,7.840655521422882,,7.402328210804891,200,6.984810653451277,6.984810653451277,7.5736823704814045,7.5736823704814045,0.5888717170301279,0.5888717170301279
2659,531800,rician,64,6.680827413571925,8.420294118895367,1.0909417286635363,7.339498409950789,,7.402328210804891,200,6.998030015984052,6.998030015984052,7.557223893313275,7.557223893313275,0.5591938773292231,0.5591938773292231
2660,532000,rician,64,5.9788621914879885,8.183229741791495,1.2900456414735764,6.893184100317922,,7.402328210804891,200,6.9789919532654405,6.9789919532654405,7.570464753064674,7.570464753064674,0.5914727997992335,0.5914727997992335
2661,532200,rician,64,7.611154688278268,8.335667100357375,0.3757797338972749,7.95988736646011,,7.402328210804891,200,6.988246228105363,6.988246228105363,7.571052061752957,7.571052061752957,0.5828058336475941,0.5828058336475941
2662,532400,rician,64,7.273885298673089,8.010959038221202,0.344175322900694,7.666783715320503,,7.402328210804891,200,6.966754006822596,6.966754006822596,7.618103477021649,7.618103477021649,0.6513494701990536,0.6513494701990536
2663,532600,rician,64,6.233187930278748,8.071020329121334,0.6338605935008443,7.437159735620486,,7.402328210804891,200,7.264123792876883,7.264123792876883,7.616932385004807,7.616932385004807,0.35280859212792404,0.35280859212792404
2664,532800,rician,64,6.447596758574418,8.99109392086157,2.1281223827986646,6.862971538062909,,7.402328210804891,200,7.256579812685681,7.256579812685681,7.597905434699547,7.597905434699547,0.3413256220138665,0.3413256220138665
2665,533000,rician,64,8.20772046874163,10.48218535973466,1.8885374312757799,8.593647928458878,,7.402328210804891,200,7.4162203735631325,7.4162203735631325,7.59743462848033,7.59743462848033,0.18121425491719734,0.18121425491719734
2666,533200,rician,64,6.967847398133873,8.52391930722755,0.5817757740677005,7.942143533159853,,7.402328210804891,200,7.362593422365968,7.362593422365968,7.592788280506499,7.592788280506499,0.2301948581405302,0.2301948581405302
2667,533400,rician,64,7.107853185394261,7.994791144102726,0.4948338854522666,7.4999572586504595,,7.402328210804891,200,7.344224205475198,7.344224205475198,7.59253379508124,7.59253379508124,0.2483095896060421,0.2483095896060421
2668,533600,rician,64,7.699945177014469,9.307549386051042,0.4803165013265799,8.827232884724461,,7.402328210804891,200,7.46438517194115,7.46438517194115,7.598161526859623,7.598161526859623,0.1337763549184725,0.1337763549184725
2669,533800,rician,64,7.725878084370252,8.806277925271884,0.6262851609484873,8.179992764323396,,7.402328210804891,200,7.4931223738474895,7.4931223738474895,7.609870881024116,7.609870881024116,0.11674850717662633,0.11674850717662633
2670,534000,rician,64,7.2348590124242405,8.171164721372424,0.026922370626117263,8.144242350746303,,7.402328210804891,200,7.509664546398843,7.509664546398843,7.605351855903604,7.605351855903604,0.09568730950476034,0.09568730950476034
2671,534200,rician,64,7.599664383872165,8.583133621844116,0.5960855650986875,7.987048056745435,,7.402328210804891,200,7.559499226396369,7.559499226396369,7.6323608391372195,7.6323608391372195,0.07286161274085057,0.07286161274085057
2672,534400,rician,64,8.269621222274774,9.636019449849572,1.0301124796751737,8.605906970174392,,7.402328210804891,200,7.598536827429787,7.598536827429787,7.6450252108191865,7.6450252108191865,0.046488383389399424,0.046488383389399424
2673,534600,rician,64,5.758015642896791,7.683677792006238,0.6953204686634774,6.988357323342757,,7.402328210804891,200,7.673204217632327,7.673204217632327,7.627845626440839,7.627845626440839,0.045358591191487996,0.045358591191487996
2674,534800,rician,64,7.724719238754181,8.35158374717313,0.2017496833457109,8.149834063827416,,7.402328210804891,200,7.709750254752255,7.709750254752255,7.627402351638343,7.627402351638343,0.08234790311391205,0.08234790311391205
2675,535000,rician,64,7.336782751783484,8.542144424297394,0.44710578000270607,8.095038644294693,,7.402328210804891,200,7.791608949969394,7.791608949969394,7.626887773616469,7.626887773616469,0.16472117635292527,0.16472117635292527
2676,535200,rician,64,6.803613647051386,10.43157607166089,3.263335375477301,7.168240696183593,,7.402328210804891,200,7.710484543894748,7.710484543894748,7.624301852217369,7.624301852217369,0.08618269167737935,0.08618269167737935
2677,535400,rician,64,6.452327748191823,8.254558512938036,1.4142176165610638,6.840340896376972,,7.402328210804891,200,7.751106187908212,7.751106187908212,7.615662501833724,7.615662501833724,0.13544368607448742,0.13544368607448742
2678,535600,rician,64,8.014331738499775,8.568903892445546,0.23341263390484862,8.335491258540696,,7.402328210804891,200,7.775847974764102,7.775847974764102,7.630003365216071,7.630003365216071,0.14584460954803102,0.14584460954803102
2679,535800,rician,64,5.526271295370016,7.824875566413833,1.9913836637790678,5.833491902634765,,7.402328210804891,200,7.7005476493983,7.7005476493983,7.607910646325946,7.607910646325946,0.09263700307235379,0.09263700307235379
2680,536000,rician,64,7.630222426892923,9.70832581451137,1.6153203727971541,8.093005441714215,,7.402328210804891,200,7.760538716468114,7.760538716468114,7.61565468877007,7.61565468877007,0.1448840276980441,0.1448840276980441
2681,536200,rician,64,6.885403602061347,8.154043654195121,0.3944491119466845,7.759594542248441,,7.402328210804891,200,7.75052407525753,7.75052407525753,7.620034202188857,7.620034202188857,0.1304898730686732,0.1304898730686732
2682,536400,rician,64,7.268372523115956,9.619584630561127,2.039821427257253,7.579763203303878,,7.402328210804891,200,7.7461730496567,7.7461730496567,7.6169182076021436,7.6169182076021436,0.12925484205455628,0.12925484205455628
2683,536600,rician,64,7.528675892928414,8.2426030423566,0.40354091601981706,7.839062126336782,,7.402328210804891,200,7.766268169192514,7.766268169192514,7.625562302607888,7.625562302607888,0.1407058665846268,0.1407058665846268
2684,536800,rician,64,6.506651779946445,8.70277466923862,1.8727596194629534,6.836030670836639,,7.402328210804891,200,7.764921125831201,7.764921125831201,7.616409953155372,7.616409953155372,0.14851117267582836,0.14851117267582836
2685,537000,rician,64,6.4372109136471325,9.103328469399626,2.349872830123254,6.753455639276368,,7.402328210804891,200,7.672911511372075,7.672911511372075,7.597532418542044,7.597532418542044,0.07537909283003152,0.07537909283003152
2686,537200,rician,64,4.436068294043881,9.769201883087646,5.032257095639638,4.73694478744801,,7.402328210804891,200,7.512651574086485,7.512651574086485,7.554798788538347,7.554798788538347,0.042147214451862425,0.042147214451862425
2687,537400,rician,64,7.5955465354005005,8.932490980666294,0.2865549636438325,8.645936017022466,,7.402328210804891,200,7.569950512005086,7.569950512005086,7.577251001100135,7.577251001100135,0.007300489095048768,0.007300489095048768
2688,537600,rician,64,6.685358654277589,8.947122314020948,1.2566636719500317,7.690458642070923,,7.402328210804891,200,7.513111799872408,7.513111799872408,7.57227646780991,7.57227646780991,0.059164667937502635,0.059164667937502635
2689,537800,rician,64,9.459483048686533,10.496336722617233,0.7109722840958195,9.785364438521404,,7.402328210804891,200,7.593380383582309,7.593380383582309,7.595632144070822,7.595632144070822,0.002251760488513277,0.002251760488513277
2690,538000,rician,64,7.872499688496689,8.71467130752344,0.4693811667283362,8.245290140795108,,7.402328210804891,200,7.598432773084748,7.598432773084748,7.586392969710915,7.586392969710915,0.012039803373832925,0.012039803373832925
2691,538200,rician,64,7.078828261891865,8.157829123778018,0.7689683031658516,7.3888608206121615,,7.402328210804891,200,7.568523411278084,7.568523411278084,7.591147355894488,7.591147355894488,0.022623944616404046,0.022623944616404046
2692,538400,rician,64,7.061535733202958,8.520067676361991,1.160830831588872,7.359236844773111,,7.402328210804891,200,7.50618990500802,7.50618990500802,7.600592893193082,7.600592893193082,0.09440298818506232,0.09440298818506232
2693,538600,rician,64,7.295309714444991,9.021637243791789,1.392966521477668,7.628670722314117,,7.402328210804891,200,7.538205574956588,7.538205574956588,7.603712950149392,7.603712950149392,0.06550737519280414,0.06550737519280414
2694,538800,rician,64,7.052926397711841,8.19450404630567,0.6640185572307168,7.5304854890749615,,7.402328210804891,200,7.507238146218965,7.507238146218965,7.581735050833187,7.581735050833187,0.07449690461422165,0.07449690461422165
2695,539000,rician,64,6.279757828567863,8.14562402749245,0.7891317050796592,7.356492322412788,,7.402328210804891,200,7.470310830124869,7.470310830124869,7.5676752715456335,7.5676752715456335,0.09736444142076461,0.09736444142076461
2696,539200,rician,64,7.814678603145077,10.053285252046495,1.914085450280598,8.139199801765898,,7.402328210804891,200,7.5188587854039834,7.5188587854039834,7.61386253900845,7.61386253900845,0.09500375360446611,0.09500375360446611
2697,539400,rician,64,7.289980744850952,8.155205482354901,0.5304457953660231,7.624759686988881,,7.402328210804891,200,7.558079724934579,7.558079724934579,7.599030377331572,7.599030377331572,0.040950652396992915,0.040950652396992915
2698,539600,rician,64,6.82848999335385,7.721765798787512,0.40852806388524787,7.313237734902266,,7.402328210804891,200,7.506967048752658,7.506967048752658,7.593414951249797,7.593414951249797,0.08644790249713896,0.08644790249713896
2699,539800,rician,64,6.15394928101626,7.926213506547937,0.6104166732363806,7.315796833311561,,7.402328210804891,200,7.581082295286498,7.581082295286498,7.579096440736594,7.579096440736594,0.001985854549904076,0.001985854549904076
2700,540000,rician,64,5.880586141928436,8.596900814993496,2.3545887962710847,6.2423120187224015,7.36647281141604,7.36647281141604,200,7.488547624136908,7.488547624136908,7.559677996565422,7.559677996565422,0.07113037242851394,0.07113037242851394
2701,540200,rician,64,4.783194722033252,8.55431194688277,3.226736196632755,5.329085741825347,,7.36647281141604,200,7.367022184115752,7.367022184115752,7.512518158432638,7.512518158432638,0.14549597431688532,0.14549597431688532
2702,540400,rician,64,8.126056148732648,8.493897084904013,0.023753313558378925,8.470143771345638,,7.36647281141604,200,7.411541212517841,7.411541212517841,7.515529816184366,7.515529816184366,0.10398860366652496,0.10398860366652496
2703,540600,rician,64,8.320026373992462,8.797571054532543,0.06940933125968418,8.728161723272859,,7.36647281141604,200,7.455996192364646,7.455996192364646,7.52134593894755,7.52134593894755,0.06534974658290427,0.06534974658290427
2704,540800,rician,64,6.989194479281686,8.87902234267167,0.6669627279926666,8.21205961467899,,7.36647281141604,200,7.524797639556762,7.524797639556762,7.52813173909783,7.52813173909783,0.003334099541068447,0.003334099541068447
2705,541000,rician,64,9.104268384223927,9.928498883589905,0.4494386954599781,9.47906018812993,,7.36647281141604,200,7.66107786699944,7.66107786699944,7.554683902999743,7.554683902999743,0.1063939639996967,0.1063939639996967
2706,541200,rician,64,7.134898935068103,8.421892800713213,0.19258396650870888,8.229308834204497,,7.36647281141604,200,7.835696069337264,7.835696069337264,7.548681709022029,7.548681709022029,0.28701436031523553,0.28701436031523553
2707,541400,rician,64,7.415223104866124,8.543684136269517,0.16120285180632643,8.38248128446319,,7.36647281141604,200,7.8225233327093004,7.8225233327093004,7.567658011755173,7.567658011755173,0.25486532095412784,0.25486532095412784
2708,541600,rician,64,6.779701615463999,8.134231097934325,0.9184132064696657,7.215817891464663,,7.36647281141604,200,7.798791295178988,7.798791295178988,7.55715342625321,7.55715342625321,0.24163786892577832,0.24163786892577832
2709,541800,rician,64,6.313971624113541,9.512267716526647,2.326416612454072,7.185851104072574,,7.36647281141604,200,7.668815628456547,7.668815628456547,7.556240175230012,7.556240175230012,0.11257545322653506,0.11257545322653506
2710,542000,rician,64,3.2333806087011268,7.8867961473168595,3.864162198381811,4.04841728910364,,7.36647281141604,200,7.458971985871974,7.458971985871974,7.505212771881426,7.505212771881426,0.04624078600945136,0.04624078600945136
2711,542200,rician,64,5.4859519407978885,8.759388428183964,1.8887395951063526,6.870648833077613,,7.36647281141604,200,7.433061386495247,7.433061386495247,7.495066197339976,7.495066197339976,0.062004810844729086,0.062004810844729086
2712,542400,rician,64,8.728667905205016,9.367274365698762,0.20874684102568203,9.158527524673074,,7.36647281141604,200,7.523025920490245,7.523025920490245,7.50711578994023,7.50711578994023,0.01591013055001511,0.01591013055001511
2713,542600,rician,64,7.172565685019479,8.273451277004266,0.6540342263892973,7.619417050614967,,7.36647281141604,200,7.522563236905287,7.522563236905287,7.510911006010798,7.510911006010798,0.01165223089448908,0.01165223089448908
2714,542800,rician,64,6.548151847064872,8.421021062486417,0.912472938514643,7.508548123971782,,7.36647281141604,200,7.521466368650128,7.521466368650128,7.503614214960786,7.503614214960786,0.017852153689342565,0.017852153689342565
2715,543000,rician,64,6.221152738100003,8.760444920666568,0.3962768620279455,8.364168058638624,,7.36647281141604,200,7.571850155461421,7.571850155461421,7.515449494674733,7.515449494674733,0.056400660786687595,0.056400660786687595
2716,543200,rician,64,7.042384778922842,7.993574807841761,0.44741643051581004,7.546158377325947,,7.36647281141604,200,7.542198084239423,7.542198084239423,7.4992799500349925,7.4992799500349925,0.04291813420443091,0.04291813420443091
2717,543400,rician,64,6.828195419665133,8.24563348295969,0.7146375306782761,7.530995952281415,,7.36647281141604,200,7.537509897504049,7.537509897504049,7.486440816358996,7.486440816358996,0.051069081145052486,0.051069081145052486
2718,543600,rician,64,4.093601217716369,9.091075236880721,3.5084289025182738,5.582646334362447,,7.36647281141604,200,7.450980327477059,7.450980327477059,7.481909861545149,7.481909861545149,0.030929534068089737,0.030929534068089737
2719,543800,rician,64,4.0237250730626615,8.382494488124946,3.3962973852154485,4.986590886129722,,7.36647281141604,200,7.334520030117966,7.334520030117966,7.44540809166827,7.44540809166827,0.11088806155030362,0.11088806155030362
2720,544000,rician,64,5.480950763586516,8.523583890793846,2.0233285415521136,6.5002553492417325,,7.36647281141604,200,7.347417196643933,7.347417196643933,7.466817391473097,7.466817391473097,0.11940019482916409,0.11940019482916409
2721,544200,rician,64,6.955214899109377,8.620171029553282,0.2610583924881025,8.359112637065175,,7.36647281141604,200,7.498918541405925,7.498918541405925,7.478635331405021,7.478635331405021,0.02028321000090383,0.02028321000090383
2722,544400,rician,64,5.949499974906959,8.341065920935673,1.1376948088431726,7.203371112092507,,7.36647281141604,200,7.435579908443268,7.435579908443268,7.457834493295888,7.457834493295888,0.022254584852619885,0.022254584852619885
2723,544600,rician,64,6.00478012680313,7.967875430453359,0.9057896328683198,7.062085797585035,,7.36647281141604,200,7.352276112158876,7.352276112158876,7.456417489274553,7.456417489274553,0.10414137711567761,0.10414137711567761
2724,544800,rician,64,8.240645421914243,8.942898295344328,0.16674887055640764,8.77614942478792,,7.36647281141604,200,7.380480602664323,7.380480602664323,7.456020781084715,7.456020781084715,0.07554017842039151,0.07554017842039151
2725,545000,rician,64,6.41863987369855,8.15278901485876,0.349359744889947,7.803429269968819,,7.36647281141604,200,7.2966990567562675,7.2966990567562675,7.500372617063502,7.500372617063502,0.2036735603072346,0.2036735603072346
2726,545200,rician,64,8.120286669059764,9.460710021008918,0.7549099063464056,8.705800114662509,,7.36647281141604,200,7.320523620779168,7.320523620779168,7.505267463960063,7.505267463960063,0.18474384318089498,0.18474384318089498
2727,545400,rician,64,7.675448554261646,9.385627864234658,0.9968863688603109,8.388741495374338,,7.36647281141604,200,7.320836631324726,7.320836631324726,7.513467248406299,7.513467248406299,0.1926306170815737,0.1926306170815737
2728,545600,rician,64,5.960619677253294,7.97357876481728,0.7710699251654471,7.202508839651834,,7.36647281141604,200,7.3201711787340855,7.3201711787340855,7.512290560317133,7.512290560317133,0.19211938158304775,0.19211938158304775
2729,545800,rician,64,6.702528636063849,7.701413461121795,0.15578285456877045,7.545630606553023,,7.36647281141604,200,7.338160153858108,7.338160153858108,7.5121564901988815,7.5121564901988815,0.17399633634077372,0.17399633634077372
2730,546000,rician,64,6.4717636414784,8.071834206039002,0.1905996827672619,7.881234523271734,,7.36647281141604,200,7.529801015566511,7.529801015566511,7.515299837433917,7.515299837433917,0.014501178132594106,0.014501178132594106
2731,546200,rician,64,2.4137696553093604,7.838385249462631,4.20349225640748,3.6607169213453803,,7.36647281141604,200,7.369304419979899,7.369304419979899,7.471537235260841,7.471537235260841,0.1022328152809413,0.1022328152809413
2732,546400,rician,64,7.597601016320389,8.623108882660086,0.5097725515947447,8.113336331065337,,7.36647281141604,200,7.317044860299513,7.317044860299513,7.46307104675331,7.46307104675331,0.14602618645379728,0.14602618645379728
2733,546600,rician,64,7.41492531949356,8.983638829011166,1.1062875359760724,7.877351293035096,,7.36647281141604,200,7.329941572420519,7.329941572420519,7.4459312696650235,7.4459312696650235,0.1159896972445047,0.1159896972445047
2734,546800,rician,64,7.497730657400178,8.332111196396493,0.3185210845623426,8.013590111834148,,7.36647281141604,200,7.3551936718136375,7.3551936718136375,7.454162490321015,7.454162490321015,0.0989688185073776,0.0989688185073776
2735,547000,rician,64,7.712287224734308,8.367067289901467,0.06528046179964028,8.301786828101825,,7.36647281141604,200,7.352074610286799,7.352074610286799,7.461577763715674,7.461577763715674,0.10950315342887507,0.10950315342887507
2736,547200,rician,64,5.550518797564356,9.614907048709236,3.5747779323362425,6.042744377436093,,7.36647281141604,200,7.2769039102923045,7.2769039102923045,7.429331758842124,7.429331758842124,0.15242784854981917,0.15242784854981917
2737,547400,rician,64,4.349482621668142,7.694512078792036,2.007458898022775,5.689506470627154,,7.36647281141604,200,7.184829436209592,7.184829436209592,7.404958090239639,7.404958090239639,0.2201286540300469,0.2201286540300469
2738,547600,rician,64,5.500920216935838,10.111636275694964,3.3549540118214143,6.756682263873552,,7.36647281141604,200,7.2435312326851475,7.2435312326851475,7.39242744742605,7.39242744742605,0.1488962147409021,0.1488962147409021
2739,547800,rician,64,6.949703910326645,7.739073956825294,0.28628137867369735,7.452792578151593,,7.36647281141604,200,7.36684131728624,7.36684131728624,7.396204261614613,7.396204261614613,0.02936294432837272,0.02936294432837272
2740,548000,rician,64,6.424268116599786,8.239153710422093,1.3103468637346933,6.928806846687406,,7.36647281141604,200,7.388268892158523,7.388268892158523,7.392752876534586,7.392752876534586,0.0044839843760628995,0.0044839843760628995
2741,548200,rician,64,6.4822351304702615,8.758831018360166,1.4529807384428826,7.308547451807405,,7.36647281141604,200,7.335740632895636,7.335740632895636,7.388090332356041,7.388090332356041,0.052349699460405574,0.052349699460405574
2742,548400,rician,64,6.28068723221242,8.643954825331624,1.6928780209086776,6.951076804422937,,7.36647281141604,200,7.323125917512156,7.323125917512156,7.376634818990513,7.376634818990513,0.05350890147835674,0.05350890147835674
2743,548600,rician,64,7.5135154582656005,9.094775601912785,0.5223991073490686,8.572376494563725,,7.36647281141604,200,7.398640452361091,7.398640452361091,7.447460943790801,7.447460943790801,0.048820491429709456,0.048820491429709456
2744,548800,rician,64,6.998180270684162,8.584630310066403,0.01809651466608244,8.56653379540032,,7.36647281141604,200,7.38815967089171,7.38815967089171,7.462987770325936,7.462987770325936,0.0748280994342263,0.0748280994342263
2745,549000,rician,64,5.3541452262006315,7.6892379939102735,1.1098307480512268,6.579407245859044,,7.36647281141604,200,7.326958569686222,7.326958569686222,7.474773475675428,7.474773475675428,0.14781490598920577,0.14781490598920577
2746,549200,rician,64,7.8169031010453445,8.963608215568682,0.6273521787977092,8.336256036770978,,7.36647281141604,200,7.308481365791647,7.308481365791647,7.467989210472107,7.467989210472107,0.15950784468045942,0.15950784468045942
2747,549400,rician,64,5.7081838015493656,8.319065024835096,1.2763978873660902,7.044359528154276,,7.36647281141604,200,7.241262267430642,7.241262267430642,7.45975938978899,7.45975938978899,0.21849712235834762,0.21849712235834762
2748,549600,rician,64,5.132432026251255,7.899736058836226,0.8928310248321859,7.006905034004042,,7.36647281141604,200,7.231482077148253,7.231482077148253,7.465588304574977,7.465588304574977,0.23410622742672427,0.23410622742672427
2749,549800,rician,64,6.10518423879446,7.6191698959819005,0.5689344602581429,7.050235435723761,,7.36647281141604,200,7.20671231860679,7.20671231860679,7.460038171670248,7.460038171670248,0.25332585306345745,0.25332585306345745
2750,550000,rician,64,6.45599046669085,8.631582091221569,0.7005248227649845,7.931057268456578,7.462397735114226,7.462397735114226,200,7.209203455866032,7.209203455866032,7.461214755357621,7.461214755357621,0.2520112994915893,0.2520112994915893
2751,550200,rician,64,7.590512930849486,8.599200091732953,0.5570556710963338,8.04214442063661,,7.462397735114226,200,7.428274830830594,7.428274830830594,7.471732654996037,7.471732654996037,0.043457824165443526,0.043457824165443526
2752,550400,rician,64,7.769693224028453,8.880949463190943,0.6091999132666027,8.271749549924337,,7.462397735114226,200,7.436195491773543,7.436195491773543,7.476198601000223,7.476198601000223,0.04000310922667971,0.04000310922667971
2753,550600,rician,64,7.225974712435862,8.229645752846466,0.539220209451289,7.690425543395177,,7.462397735114226,200,7.426849204291548,7.426849204291548,7.498152761241254,7.498152761241254,0.07130355694970625,0.07130355694970625
2754,550800,rician,64,7.745983203303163,8.44138589222532,0.2132511190545615,8.228134773170751,,7.462397735114226,200,7.437576437358378,7.437576437358378,7.506244975758672,7.506244975758672,0.06866853840029385,0.06866853840029385
2755,551000,rician,64,6.687528487131643,7.94272251687261,0.32098668758110865,7.621735829291505,,7.462397735114226,200,7.403573887417862,7.403573887417862,7.517883686652068,7.517883686652068,0.11430979923420637,0.11430979923420637
2756,551200,rician,64,8.193212851849712,9.523922392965535,0.8572648184441232,8.666657574521414,,7.462397735114226,200,7.53476954727213,7.53476954727213,7.516642974220518,7.516642974220518,0.018126573051612027,0.018126573051612027
2757,551400,rician,64,6.563330102096363,8.146614585894566,0.5509753473858774,7.59563923850868,,7.462397735114226,200,7.630076185666205,7.630076185666205,7.532320286444527,7.532320286444527,0.09775589922167782,0.09775589922167782
2758,551600,rician,64,7.866186196693935,8.369335667002511,0.03283156834404689,8.336504098658466,,7.462397735114226,200,7.70906727740545,7.70906727740545,7.537278772216882,7.537278772216882,0.1717885051885677,0.1717885051885677
2759,551800,rician,64,3.5934223514056884,7.781331191822504,2.997051231848068,4.78427995997443,,7.462397735114226,200,7.575641646496594,7.575641646496594,7.511726587717119,7.511726587717119,0.06391505877947523,0.06391505877947523
2760,552000,rician,64,7.811026533119892,9.432581297159912,1.215894844072523,8.216686453087393,,7.462397735114226,200,7.640035626816591,7.640035626816591,7.524961611244813,7.524961611244813,0.11507401557177754,0.11507401557177754
2761,552200,rician,64,2.609056143324576,8.149239202649593,4.370648936454296,3.7790284102580247,,7.462397735114226,200,7.463559674739123,7.463559674739123,7.483153021682793,7.483153021682793,0.019593346943669765,0.019593346943669765
2762,552400,rician,64,7.451993550674677,8.077407814121997,0.15860134093675485,7.918806473185245,,7.462397735114226,200,7.511946158177238,7.511946158177238,7.48567324926144,7.48567324926144,0.026272908915798254,0.026272908915798254
2763,552600,rician,64,6.694629243983955,8.703717447803918,0.964786293983663,7.738931153820254,,7.462397735114226,200,7.470273891140065,7.470273891140065,7.488690963443437,7.488690963443437,0.018417072303372528,0.018417072303372528
2764,552800,rician,64,8.562775724835157,9.992475632168144,1.0618838760185414,8.93059175614961,,7.462397735114226,200,7.488476789177528,7.488476789177528,7.509367165624303,7.509367165624303,0.020890376446774717,0.020890376446774717
2765,553000,rician,64,6.432051837036171,9.665134378072233,2.884134809238789,6.780999568833443,,7.462397735114226,200,7.498556405326248,7.498556405326248,7.49124068202805,7.49124068202805,0.007315723298197518,0.007315723298197518
2766,553200,rician,64,5.795605644172282,7.645353543553306,0.5066897931353745,7.138663750417923,,7.462397735114226,200,7.438676791008595,7.438676791008595,7.48320588420063,7.48320588420063,0.04452909319203524,0.04452909319203524
2767,553400,rician,64,6.8843622607278165,8.159350431015499,0.1526064638176563,8.006743967197838,,7.462397735114226,200,7.486796012960776,7.486796012960776,7.488273751286106,7.488273751286106,0.001477738325330158,0.001477738325330158
2768,553600,rician,64,8.147735248990378,9.411868485075685,0.5467364488323275,8.86513203624336,,7.462397735114226,200,7.57970736307274,7.57970736307274,7.4886527428012934,7.4886527428012934,0.0910546202714464,0.0910546202714464
2769,553800,rician,64,4.014087666914095,8.33598182875884,2.2917042643024357,6.0442775644564115,,7.462397735114226,200,7.529409469509372,7.529409469509372,7.467295590802625,7.467295590802625,0.06211387870674745,0.06211387870674745
2770,554000,rician,64,7.082741589749678,8.801714115723415,1.1033612745320012,7.698352841191417,,7.462397735114226,200,7.517774248146115,7.517774248146115,7.462836695707076,7.462836695707076,0.054937552439039194,0.054937552439039194
2771,554200,rician,64,6.52353917111321,8.322610823310772,0.45712326718495233,7.865487556125814,,7.462397735114226,200,7.5089414049205745,7.5089414049205745,7.461621090700879,7.461621090700879,0.047320314219695625,0.047320314219695625
2772,554400,rician,64,8.019641042225741,9.23794892238397,0.0370524898423997,9.200896432541574,,7.462397735114226,200,7.555398749051437,7.555398749051437,7.467570985324549,7.467570985324549,0.08782776372688783,0.08782776372688783
2773,554600,rician,64,1.90115371782468,9.698085821902392,7.495436642452804,2.24806506885929,,7.462397735114226,200,7.2832807253246425,7.2832807253246425,7.420168062779717,7.420168062779717,0.1368873374550743,0.1368873374550743
2774,554800,rician,64,8.624311904276073,9.687231191864115,0.7385250318733624,8.948706159990756,,7.462397735114226,200,7.319309294665642,7.319309294665642,7.428156783741349,7.428156783741349,0.10884748907570696,0.10884748907570696
2775,555000,rician,64,7.633734685127549,8.125657729253751,0.10756701598235943,8.018090713271393,,7.462397735114226,200,7.339127038864636,7.339127038864636,7.427387304431116,7.427387304431116,0.08826026556647992,0.08826026556647992
2776,555200,rician,64,6.645776995352523,8.018552428513374,0.9457746272189006,7.072777801294468,,7.462397735114226,200,7.25943305020329,7.25943305020329,7.426432675482225,7.426432675482225,0.16699962527893497,0.16699962527893497
2777,555400,rician,64,6.79966162921212,8.582119456391434,0.6794853257469001,7.902634130644527,,7.462397735114226,200,7.274782794810082,7.274782794810082,7.4370556078249,7.4370556078249,0.16227281301481788,0.16227281301481788
2778,555600,rician,64,7.740842203493867,8.462028611868117,0.4224517309785729,8.039576880889546,,7.462397735114226,200,7.259936433921635,7.259936433921635,7.43409646404839,7.43409646404839,0.17416003012675496,0.17416003012675496
2779,555800,rician,64,7.256707867281546,7.874649081785915,0.2917556137424977,7.58289346804341,,7.462397735114226,200,7.399867109325084,7.399867109325084,7.4515904797024755,7.4515904797024755,0.05172337037739183,0.05172337037739183
2780,556000,rician,64,4.9509328237207715,9.666177244713156,4.391675571609489,5.274501673103662,,7.462397735114226,200,7.252757870325898,7.252757870325898,7.423405442016371,7.423405442016371,0.1706475716904725,0.1706475716904725
2781,556200,rician,64,8.236977108202929,9.054192077465213,0.47836194139156624,8.57583013607365,,7.462397735114226,200,7.492597956616679,7.492597956616679,7.431567797954623,7.431567797954623,0.06103015866205652,0.06103015866205652
2782,556400,rician,64,7.991950184564696,9.080693738612931,0.13215843376796302,8.948535304844967,,7.462397735114226,200,7.544084398199665,7.544084398199665,7.445255518970035,7.445255518970035,0.09882887922962968,0.09882887922962968
2783,556600,rician,64,7.378415722180485,8.677969559055182,0.9213295086680406,7.756640050387136,,7.462397735114226,200,7.544969843028011,7.544969843028011,7.444431298210539,7.444431298210539,0.10053854481747226,0.10053854481747226
2784,556800,rician,64,8.366971099185474,9.653369701874901,0.9769890284031719,8.676380673471726,,7.462397735114226,200,7.532259288894116,7.532259288894116,7.462834798236888,7.462834798236888,0.06942449065722744,0.06942449065722744
2785,557000,rician,64,7.619904262786251,9.07062890887173,0.9894070776039318,8.081221831267799,,7.462397735114226,200,7.597270402015835,7.597270402015835,7.476112460156802,7.476112460156802,0.12115794185903273,0.12115794185903273
2786,557200,rician,64,6.390501414466787,7.694760828407286,0.3899864334792631,7.304774394928024,,7.462397735114226,200,7.6055759342413385,7.6055759342413385,7.501790756231602,7.501790756231602,0.10378517800973608,0.10378517800973608
2787,557400,rician,64,7.31592712827362,8.860888246879481,0.3724456194341234,8.488442627445352,,7.462397735114226,200,7.6296608672537145,7.6296608672537145,7.500215822335832,7.500215822335832,0.12944504491788233,0.12944504491788233
2788,557600,rician,64,4.856193436661947,8.837141692727682,3.58537300118513,5.255418695372574,,7.462397735114226,200,7.449175200210175,7.449175200210175,7.475865422868847,7.475865422868847,0.02669022265867227,0.02669022265867227
2789,557800,rician,64,6.466450400533589,7.847375326958367,0.2791212719676316,7.568254054990734,,7.462397735114226,200,7.525374024736893,7.525374024736893,7.453694319033541,7.453694319033541,0.07167970570335136,0.07167970570335136
2790,558000,rician,64,7.371059871584345,9.345766252824474,1.6040134479712984,7.741752804853184,,7.462397735114226,200,7.52754402291998,7.52754402291998,7.44865894567412,7.44865894567412,0.07888507724586002,0.07888507724586002
2791,558200,rician,64,7.330914573414391,8.635740764341744,0.5668555077760646,8.068885256565679,,7.462397735114226,200,7.537713907941972,7.537713907941972,7.455459190033656,7.455459190033656,0.08225471790831662,0.08225471790831662
2792,558400,rician,64,7.336203640385439,9.131407295197725,1.2486764126745589,7.88273088252317,,7.462397735114226,200,7.471805630441051,7.471805630441051,7.460694130411157,7.460694130411157,0.011111500029894472,0.011111500029894472
2793,558600,rician,64,7.490892995798739,9.131500824320218,0.8498923974032321,8.281608426916984,,7.462397735114226,200,7.773482798343937,7.773482798343937,7.467223507457184,7.467223507457184,0.30625929088675274,0.30625929088675274
2794,558800,rician,64,7.203614283544124,8.548220959777591,0.8667315962187728,7.681489363558817,,7.462397735114226,200,7.710121958522341,7.710121958522341,7.468733546202024,7.468733546202024,0.24138841232031627,0.24138841232031627
2795,559000,rician,64,5.3921952949226295,7.7990565085816455,1.161212669680886,6.637843838900761,,7.462397735114226,200,7.641109614803808,7.641109614803808,7.461547061366905,7.461547061366905,0.1795625534369032,0.1795625534369032
2796,559200,rician,64,6.321774787204274,8.163364829773434,1.2044716218702365,6.958893207903195,,7.462397735114226,200,7.635415385134246,7.635415385134246,7.4497439954282765,7.4497439954282765,0.18567138970596986,0.18567138970596986
2797,559400,rician,64,3.7959867884087144,8.09185168380837,3.7589569627758452,4.332894721032519,,7.462397735114226,200,7.456928414653644,7.456928414653644,7.416825345768713,7.416825345768713,0.04010306888493087,0.04010306888493087
2798,559600,rician,64,7.448608453651137,8.954068856386957,0.20806180059307378,8.746007055793884,,7.462397735114226,200,7.4922499233988615,7.4922499233988615,7.43115303897763,7.43115303897763,0.0610968844212314,0.0610968844212314
2799,559800,rician,64,5.708008201081609,8.368900144807158,1.63248766664387,6.736524118660968,,7.462397735114226,200,7.4499314559297405,7.4499314559297405,7.425360311831125,7.425360311831125,0.024571144098615605,0.024571144098615605
2800,560000,rician,64,-0.27456289616176244,9.061592478038975,9.686385751001172,0.3162611197444375,7.890335965875773,7.890335965875773,200,7.20201942826178,7.20201942826178,7.3660998028413465,7.3660998028413465,0.1640803745795667,0.1640803745795667
2801,560200,rician,64,7.092241771626995,8.24789964488031,0.6055135580475569,7.6423860868327536,,7.890335965875773,200,7.155347225799733,7.155347225799733,7.38923280629142,7.38923280629142,0.2338855804916875,0.2338855804916875
2802,560400,rician,64,8.02926863625216,9.090095817104666,0.22649143915014883,8.863604377954513,,7.890335965875773,200,7.15110067945521,7.15110067945521,7.393167412357508,7.393167412357508,0.2420667329022983,0.2420667329022983
2803,560600,rician,64,5.756073580091525,7.89753749070672,0.774273167122851,7.123264323583871,,7.890335965875773,200,7.119431893115046,7.119431893115046,7.3771184383606165,7.3771184383606165,0.2576865452455701,0.2576865452455701
2804,560800,rician,64,7.231999307546724,8.911629562538158,0.5500711553789378,8.361558407159217,,7.890335965875773,200,7.103690779799422,7.103690779799422,7.378613426285419,7.378613426285419,0.2749226464859973,0.2749226464859973
2805,561000,rician,64,4.877457080419583,8.469324179103467,3.1931285787446404,5.276195600358832,,7.890335965875773,200,6.963439468253972,6.963439468253972,7.3365847804077085,7.3365847804077085,0.3731453121537367,0.3731453121537367
2806,561200,rician,64,6.923875877822755,8.151672531670133,0.7908029063342087,7.360869625335926,,7.890335965875773,200,6.966244229774368,6.966244229774368,7.327900388319023,7.327900388319023,0.3616561585446547,0.3616561585446547
2807,561400,rician,64,7.077885110280167,7.954612608984821,0.42890389685461544,7.525708712130218,,7.890335965875773,200,6.9181075340086124,6.9181075340086124,7.319332662595693,7.319332662595693,0.4012251285870807,0.4012251285870807
2808,561600,rician,64,6.825775302145242,8.949171865108934,1.6808825202547515,7.268289344854188,,7.890335965875773,200,7.018751066482691,7.018751066482691,7.3198573771295905,7.3198573771295905,0.3011063106468992,0.3011063106468992
2809,561800,rician,64,5.8707411561358365,7.6321992945129,0.9153727459530515,6.716826548559857,,7.890335965875773,200,6.976179691161148,6.976179691161148,7.315167131574462,7.315167131574462,0.3389874404133142,0.3389874404133142
2810,562000,rician,64,8.056152994127372,8.740615053982841,0.2836945028527902,8.456920551130047,,7.890335965875773,200,7.0119380784749925,7.0119380784749925,7.359252164194726,7.359252164194726,0.34731408571973343,0.34731408571973343
2811,562200,rician,64,7.957313301649163,9.067000393594547,0.6591079502658789,8.407892443328667,,7.890335965875773,200,7.0288884378131415,7.0288884378131415,7.3746246002972375,7.3746246002972375,0.345736162484096,0.345736162484096
2812,562400,rician,64,7.801424360214429,9.346347489023287,0.7720857022476223,8.574261786775663,,7.890335965875773,200,7.063464983025765,7.063464983025765,7.368781942918262,7.368781942918262,0.3053169598924965,0.3053169598924965
2813,562600,rician,64,6.578914231213044,8.4279458875367,0.5132690753411937,7.9146768121955065,,7.890335965875773,200,7.045118402289691,7.045118402289691,7.371734540534066,7.371734540534066,0.3266161382443755,0.3266161382443755
2814,562800,rician,64,8.008124024582456,8.499943455761512,0.10635939274740625,8.393584063014105,,7.890335965875773,200,7.080723137262457,7.080723137262457,7.38058489992449,7.38058489992449,0.299861762662033,0.299861762662033
2815,563000,rician,64,7.26670690844,9.242493705082602,0.7520240363224715,8.49046966876013,,7.890335965875773,200,7.1733544287554265,7.1733544287554265,7.381847916025705,7.381847916025705,0.20849348727027817,0.20849348727027817
2816,563200,rician,64,8.063642311720706,9.369848977212733,0.14065940314307607,9.229189574069652,,7.890335965875773,200,7.28686924706375,7.28686924706375,7.398678227993144,7.398678227993144,0.11180898092939362,0.11180898092939362
2817,563400,rician,64,1.763387388766142,8.149595603221591,4.904329773505935,3.2508452787708073,,7.890335965875773,200,7.2327667749506634,7.2327667749506634,7.355876721258037,7.355876721258037,0.12310994630737326,0.12310994630737326
2818,563600,rician,64,7.596274032493289,8.10231479376749,0.10597428238646212,7.996340511381023,,7.890335965875773,200,7.195283447730018,7.195283447730018,7.3800136630282225,7.3800136630282225,0.18473021529820421,0.18473021529820421
2819,563800,rician,64,7.678450980310381,9.129082187327842,0.9546794157813682,8.174402771546475,,7.890335965875773,200,7.267177380374294,7.267177380374294,7.41189178188239,7.41189178188239,0.14471440150809567,0.14471440150809567
2820,564000,rician,64,6.988095084801408,7.701805801270656,0.17303511961876872,7.528770681651887,,7.890335965875773,200,7.627802858469667,7.627802858469667,7.422176935206491,7.422176935206491,0.20562592326317564,0.20562592326317564
2821,564200,rician,64,8.345351025722659,9.3917892721367,0.603030155603746,8.788759116532963,,7.890335965875773,200,7.685121509954678,7.685121509954678,7.42647340000117,7.42647340000117,0.2586481099535085,0.2586481099535085
2822,564400,rician,64,3.75583808209487,8.140142328398829,3.8597690888575933,4.28193715758272,,7.890335965875773,200,7.456038148936086,7.456038148936086,7.397259060456072,7.397259060456072,0.0587790884800139,0.0587790884800139
2823,564600,rician,64,9.681755891552092,10.333546639531786,0.24918151478418327,10.084365124747599,,7.890335965875773,200,7.6040931889942724,7.6040931889942724,7.427481853727698,7.427481853727698,0.1766113352665748,0.1766113352665748
2824,564800,rician,64,6.461613268371427,8.551345039891002,0.6610322420429523,7.8903127978480505,,7.890335965875773,200,7.580530908528715,7.580530908528715,7.4186234874583,7.4186234874583,0.16190742107041523,0.16190742107041523
2825,565000,rician,64,7.799077666395358,8.59477363820329,0.31067352319814373,8.284100115005144,,7.890335965875773,200,7.730926134261031,7.730926134261031,7.423430195908662,7.423430195908662,0.30749593835236855,0.30749593835236855
2826,565200,rician,64,5.356936070462297,7.6901712702373555,0.9032810146383796,6.7868902555989745,,7.890335965875773,200,7.7022271657741825,7.7022271657741825,7.404241097318028,7.404241097318028,0.2979860684561544,0.2979860684561544
2827,565400,rician,64,6.866367605104294,8.694684653979369,1.1918389173883042,7.5028457365910635,,7.890335965875773,200,7.701084016997226,7.701084016997226,7.395382139730194,7.395382139730194,0.30570187726703146,0.30570187726703146
2828,565600,rician,64,6.428607837707679,7.852169619728324,0.5053945117369565,7.346775107991367,,7.890335965875773,200,7.705008305154085,7.705008305154085,7.396824802413589,7.396824802413589,0.308183502740496,0.308183502740496
2829,565800,rician,64,6.0814930914292935,7.567454121975763,1.0183462806000736,6.5491078413756965,,7.890335965875773,200,7.696622369794876,7.696622369794876,7.386859574761815,7.386859574761815,0.3097627950330608,0.3097627950330608
2830,566000,rician,64,5.119472527151878,10.266825503092681,4.719756688194788,5.547068814897896,,7.890335965875773,200,7.55112978298327,7.55112978298327,7.363517917678077,7.363517917678077,0.18761186530519236,0.18761186530519236
2831,566200,rician,64,3.9185743586024273,8.500559456193923,3.4508516380584244,5.068233987045747,,7.890335965875773,200,7.384146860169123,7.384146860169123,7.3775930883350815,7.3775930883350815,0.0065537718340413775,0.0065537718340413775
2832,566400,rician,64,5.850146760870864,8.863360652448815,1.6950591188829203,7.168301533565893,,7.890335965875773,200,7.313848847508635,7.313848847508635,7.368142740360087,7.368142740360087,0.05429389285145181,0.05429389285145181
2833,566600,rician,64,7.398738309814071,9.077905514280348,0.5001468600129186,8.577758654267436,,7.890335965875773,200,7.34700293961223,7.34700293961223,7.37514681397241,7.37514681397241,0.028143874360180732,0.028143874360180732
2834,566800,rician,64,8.228293342303315,8.711350283936426,0.07237274662385944,8.638977537312565,,7.890335965875773,200,7.359272613327154,7.359272613327154,7.381400688227195,7.381400688227195,0.022128074900041206,0.022128074900041206
2835,567000,rician,64,7.063992766996299,8.231208737870553,0.5881740757779053,7.64303466209264,,7.890335965875773,200,7.316900862993781,7.316900862993781,7.374813166567103,7.374813166567103,0.057912303573322,0.057912303573322
2836,567200,rician,64,7.95553510435759,9.433353508358731,0.8412267661247379,8.592126742233978,,7.890335965875773,200,7.285047721401996,7.285047721401996,7.400306990215081,7.400306990215081,0.11525926881308468,0.11525926881308468
2837,567400,rician,64,5.031524246875936,8.717111113453589,3.179074485157362,5.5444564337467845,,7.890335965875773,200,7.399728279150795,7.399728279150795,7.398856489846278,7.398856489846278,0.0008717893045169234,0.0008717893045169234
2838,567600,rician,64,7.861596133097757,8.573390885079395,0.23228870351710595,8.341102181562286,,7.890335965875773,200,7.416966362659858,7.416966362659858,7.414700689023164,7.414700689023164,0.0022656736366943875,0.0022656736366943875
2839,567800,rician,64,5.024964485670355,8.561665043591598,1.9541218400720581,6.6075432035195405,,7.890335965875773,200,7.338623384258511,7.338623384258511,7.406248195276842,7.406248195276842,0.06762481101833107,0.06762481101833107
2840,568000,rician,64,6.0616666807562725,8.448851509189156,0.8776950512163203,7.571156457972838,,7.890335965875773,200,7.340742673074558,7.340742673074558,7.412671691389699,7.412671691389699,0.07192901831514042,0.07192901831514042
2841,568200,rician,64,7.745575118609626,9.250063730683665,0.13787938768060803,9.112184343003053,,7.890335965875773,200,7.356913934398065,7.356913934398065,7.430708060301655,7.430708060301655,0.07379412590359014,0.07379412590359014
2842,568400,rician,64,6.954820807419115,8.854812736848483,1.415473632737349,7.4393391041111325,,7.890335965875773,200,7.514784031724484,7.514784031724484,7.435590683298536,7.435590683298536,0.07919334842594772,0.07919334842594772
2843,568600,rician,64,7.353072232305693,8.163738133967932,0.266570358107447,7.897167775860477,,7.890335965875773,200,7.405424164280129,7.405424164280129,7.428838596111505,7.428838596111505,0.023414431831375815,0.023414431831375815
2844,568800,rician,64,6.655266276676466,8.527069344600301,1.0107348255274666,7.5163345190728394,,7.890335965875773,200,7.386725250341368,7.386725250341368,7.41833660334823,7.41833660334823,0.0316113530068618,0.0316113530068618
2845,569000,rician,64,6.069232381058966,7.787433778858057,1.0972684597409017,6.691288650628759,,7.890335965875773,200,7.307084677122549,7.307084677122549,7.419455417395927,7.419455417395927,0.11237074027337801,0.11237074027337801
2846,569200,rician,64,7.069892651001904,7.962524448030064,0.24884933321081254,7.713675114819244,,7.890335965875773,200,7.3534239200835625,7.3534239200835625,7.413229608176409,7.413229608176409,0.05980568809284659,0.05980568809284659
2847,569400,rician,64,7.315074590848958,9.736797107190382,1.918130014367775,7.818667092822607,,7.890335965875773,200,7.3692149878951385,7.3692149878951385,7.420972683823092,7.420972683823092,0.05175769592795376,0.05175769592795376
2848,569600,rician,64,7.63908620312473,8.343015519021733,0.20634110279282528,8.136674416228908,,7.890335965875773,200,7.408709953307017,7.408709953307017,7.432270377645341,7.432270377645341,0.023560424338323394,0.023560424338323394
2849,569800,rician,64,6.771539640428335,8.547188360248445,1.2501582066842647,7.297030153564186,,7.890335965875773,200,7.44610606891644,7.44610606891644,7.434738324823745,7.434738324823745,0.01136774409269492,0.01136774409269492
2850,570000,rician,64,6.154587813264787,7.836944824291599,0.8559729733621749,6.980971850929421,8.302008159191123,8.302008159191123,200,7.517801220718018,7.517801220718018,7.425237470648474,7.425237470648474,0.09256375006954354,0.09256375006954354
2851,570200,rician,64,8.91370326135097,9.597258384591722,0.21336396232442092,9.383894422267295,,8.302008159191123,200,7.733584242479094,7.733584242479094,7.43865497066478,7.43865497066478,0.29492927181431394,0.29492927181431394
2852,570400,rician,64,6.902997260525712,8.075978114490956,0.36710928972362056,7.7088688247673325,,8.302008159191123,200,7.7606126070391666,7.7606126070391666,7.433026163413212,7.433026163413212,0.3275864436259548,0.3275864436259548
2853,570600,rician,64,6.556445118428131,8.135994424324096,0.7712866946636109,7.364707729660485,,8.302008159191123,200,7.69996006080882,7.69996006080882,7.4297689852758655,7.4297689852758655,0.2701910755329546,0.2701910755329546
2854,570800,rician,64,5.859491934401188,7.979252887119637,1.1285154897241307,6.850737397395504,,8.302008159191123,200,7.610548053812967,7.610548053812967,7.415995011518113,7.415995011518113,0.19455304229485382,0.19455304229485382
2855,571000,rician,64,7.252753735171154,8.302583202120827,0.5693362313984336,7.733246970722398,,8.302008159191123,200,7.615058669244455,7.615058669244455,7.417110122932421,7.417110122932421,0.19794854631203407,0.19794854631203407
2856,571200,rician,64,7.513374216186625,9.347139446382513,1.2215694063606888,8.125570040021824,,8.302008159191123,200,7.591730834133846,7.591730834133846,7.411699247587424,7.411699247587424,0.1800315865464217,0.1800315865464217
2857,571400,rician,64,7.817087228627531,8.251199099490048,0.04787408752451205,8.203325011965534,,8.302008159191123,200,7.724674263044784,7.724674263044784,7.417776105321992,7.417776105321992,0.3068981577227925,0.3068981577227925
2858,571600,rician,64,6.790570882294785,7.740174238891784,0.5469903992690742,7.193183839622718,,8.302008159191123,200,7.667278345947805,7.667278345947805,7.406342902731635,7.406342902731635,0.26093544321617035,0.26093544321617035
2859,571800,rician,64,6.403541371888911,8.341902906081485,1.4879704726050131,6.853932433476473,,8.302008159191123,200,7.679597807445651,7.679597807445651,7.427039427466655,7.427039427466655,0.25255837997899633,0.25255837997899633
2860,572000,rician,64,7.172188491501711,9.025757521226659,1.128329564099098,7.897427957127563,,8.302008159191123,200,7.69591138240339,7.69591138240339,7.423846842507057,7.423846842507057,0.2720645398963324,0.2720645398963324
2861,572200,rician,64,5.1493437976841845,8.143955894492903,1.5856091140767106,6.558346780416186,,8.302008159191123,200,7.568219504274045,7.568219504274045,7.451640026208639,7.451640026208639,0.1165794780654057,0.1165794780654057
2862,572400,rician,64,6.739114465976331,8.184486976577656,1.0340751748846253,7.150411801693021,,8.302008159191123,200,7.553773139153139,7.553773139153139,7.443956079493717,7.443956079493717,0.1098170596594219,0.1098170596594219
2863,572600,rician,64,8.471265605135875,9.046129988328017,0.22040562619165635,8.825724362136363,,8.302008159191123,200,7.600200968466933,7.600200968466933,7.454824011576879,7.454824011576879,0.14537695689005403,0.14537695689005403
2864,572800,rician,64,7.275007307379034,8.536475909790925,0.7982601961413845,7.7382157136495335,,8.302008159191123,200,7.611295028195768,7.611295028195768,7.442900251151879,7.442900251151879,0.16839477704388894,0.16839477704388894
2865,573000,rician,64,8.062112555090073,9.456659311377264,0.9552276759694784,8.501431635407782,,8.302008159191123,200,7.701802177434719,7.701802177434719,7.460104571817621,7.460104571817621,0.24169760561709808,0.24169760561709808
2866,573200,rician,64,7.5058684376141125,10.194681270547315,2.05150400645677,8.143177264090543,,8.302008159191123,200,7.723277284898285,7.723277284898285,7.4701497069543485,7.4701497069543485,0.25312757794393637,0.25312757794393637
2867,573400,rician,64,5.188373509343412,8.8458319139207,3.247596406088099,5.598235507832599,,8.302008159191123,200,7.612255705648785,7.612255705648785,7.446064622360695,7.446064622360695,0.16619108328808974,0.16619108328808974
2868,573600,rician,64,5.157889416268638,8.198617682962176,1.656809211568458,6.541808471393718,,8.302008159191123,200,7.532512408407025,7.532512408407025,7.422831386712199,7.422831386712199,0.10968102169482652,0.10968102169482652
2869,573800,rician,64,6.365742523729016,7.865263856463811,0.5921380393078534,7.273125817155944,,8.302008159191123,200,7.531317191586614,7.531317191586614,7.435119869239193,7.435119869239193,0.09619732234742084,0.09619732234742084
2870,574000,rician,64,7.673310543579493,8.167129588295222,0.1355963556248637,8.03153323267036,,8.302008159191123,200,7.58384526067366,7.58384526067366,7.43845167315398,7.43845167315398,0.14539358751967946,0.14539358751967946
2871,574200,rician,64,7.5211651149250836,9.196217569134278,1.1037083403976233,8.09250922873666,,8.302008159191123,200,7.5192760009971265,7.5192760009971265,7.4407218898800895,7.4407218898800895,0.07855411111703692,0.07855411111703692
2872,574400,rician,64,7.254256461210317,9.04105273958268,0.9867327409755424,8.054319998607134,,8.302008159191123,200,7.536548559689118,7.536548559689118,7.429256125540746,7.429256125540746,0.10729243414837164,0.10729243414837164
2873,574600,rician,64,5.2038681909963795,8.27030287576566,1.2301261006941409,7.040176775071522,,8.302008159191123,200,7.520322011959669,7.520322011959669,7.477177242602869,7.477177242602869,0.04314476935680034,0.04314476935680034
2874,574800,rician,64,8.499042385574446,9.274552062868326,0.46487620038441363,8.809675862483898,,8.302008159191123,200,7.618268935214088,7.618268935214088,7.4757869396278,7.4757869396278,0.14248199558628816,0.14248199558628816
2875,575000,rician,64,6.976424947305021,8.025200013812903,0.7117067860781733,7.313493227734732,,8.302008159191123,200,7.597281248064705,7.597281248064705,7.468740964772435,7.468740964772435,0.12854028329227063,0.12854028329227063
2876,575200,rician,64,8.568248233734998,9.297478299644075,0.43498269385505944,8.862495605789013,,8.302008159191123,200,7.634127526353065,7.634127526353065,7.486638142817379,7.486638142817379,0.1474893835356852,0.1474893835356852
2877,575400,rician,64,7.0655279908487465,8.454932122694467,1.0365043722076406,7.4184277504868295,,8.302008159191123,200,7.5948826632791295,7.5948826632791295,7.481796079015803,7.481796079015803,0.11308658426332663,0.11308658426332663
2878,575600,rician,64,6.562029341498444,8.244305543735708,0.789599263350927,7.454706280384782,,8.302008159191123,200,7.607958785317234,7.607958785317234,7.475947373010755,7.475947373010755,0.13201141230647906,0.13201141230647906
2879,575800,rician,64,6.323639013158709,8.185976399576134,1.5307048412335156,6.655271558342615,,8.302008159191123,200,7.598025741560539,7.598025741560539,7.466671153913747,7.466671153913747,0.13135458764679164,0.13135458764679164
2880,576000,rician,64,8.46676642343662,9.186464735890711,0.4208713004151486,8.765593435475552,,8.302008159191123,200,7.641434015477939,7.641434015477939,7.501582071537467,7.501582071537467,0.13985194394047262,0.13985194394047262
2881,576200,rician,64,6.020321083160865,7.6847978087472155,0.5510687265376889,7.133729082209522,,8.302008159191123,200,7.6702031305676055,7.6702031305676055,7.487161060998825,7.487161060998825,0.18304206956878044,0.18304206956878044
2882,576400,rician,64,5.567260353442272,7.79851069545243,1.6677388710777135,6.130771824374722,,8.302008159191123,200,7.619221131701693,7.619221131701693,7.458983426194123,7.458983426194123,0.1602377055075701,0.1602377055075701
2883,576600,rician,64,4.164179773601535,8.191092500574552,3.5102861677567616,4.702937751310516,,8.302008159191123,200,7.413081801160399,7.413081801160399,7.428446403203355,7.428446403203355,0.015364602042955866,0.015364602042955866
2884,576800,rician,64,7.378228137898584,7.915513791782401,0.14041335120387918,7.775100440578526,,8.302008159191123,200,7.414926037506848,7.414926037506848,7.419433600874424,7.419433600874424,0.004507563367575962,0.004507563367575962
2885,577000,rician,64,6.4465772875734535,8.66316377964482,1.2075824616653332,7.455581317979492,,8.302008159191123,200,7.362633521635433,7.362633521635433,7.413177195741541,7.413177195741541,0.05054367410610805,0.05054367410610805
2886,577200,rician,64,7.488405486859898,8.82504500100477,0.43679403762727,8.388250963377498,,8.302008159191123,200,7.37488720659978,7.37488720659978,7.424011961426036,7.424011961426036,0.04912475482625567,0.04912475482625567
2887,577400,rician,64,5.992063173767858,8.742119494928554,1.4264460883035726,7.322039227491337,,8.302008159191123,200,7.461077392582718,7.461077392582718,7.412347927426496,7.412347927426496,0.048729465156221785,0.048729465156221785
2888,577600,rician,64,7.200067963547484,8.988762216737234,1.4635448564979734,7.525217360239259,,8.302008159191123,200,7.510247837024996,7.510247837024996,7.435045914075163,7.435045914075163,0.07520192294983286,0.07520192294983286
2889,577800,rician,64,7.6779716719821,8.38097564514391,0.3479458814433571,8.033029763700558,,8.302008159191123,200,7.548243034352225,7.548243034352225,7.439693671162261,7.439693671162261,0.10854936318996433,0.10854936318996433
2890,578000,rician,64,4.420260821933237,7.9146280943393865,2.4932120896200463,5.421416004719339,,8.302008159191123,200,7.417737172954675,7.417737172954675,7.4164903031609235,7.4164903031609235,0.0012468697937517703,0.0012468697937517703
2891,578200,rician,64,7.037857334062572,8.080350610093014,0.686951695098531,7.393398914994477,,8.302008159191123,200,7.382781657267564,7.382781657267564,7.409735439745211,7.409735439745211,0.026953782477646904,0.026953782477646904
2892,578400,rician,64,6.870838630320325,8.126017993525386,0.9345840526018426,7.191433940923547,,8.302008159191123,200,7.339637354383386,7.339637354383386,7.402822470329214,7.402822470329214,0.06318511594582787,0.06318511594582787
2893,578600,rician,64,1.7905216632924903,7.944913166958417,5.9778889093750855,2.1073278777312665,,8.302008159191123,200,7.092994909516375,7.092994909516375,7.3410796648373555,7.3410796648373555,0.2480847553209804,0.2480847553209804
2894,578800,rician,64,6.910472791364953,8.438008737517139,1.1893813583778194,7.248627379139318,,8.302008159191123,200,7.014942485349145,7.014942485349145,7.336751044993161,7.336751044993161,0.32180855964401545,0.32180855964401545
2895,579000,rician,64,8.825991379318662,9.494662496466466,0.10973121975517247,9.384931276711297,,8.302008159191123,200,7.118514387797973,7.118514387797973,7.364221919371266,7.364221919371266,0.24570753157329328,0.24570753157329328
2896,579200,rician,64,6.854117606388594,8.680491596769823,1.4543392579556926,7.226152338814131,,8.302008159191123,200,7.036697224449229,7.036697224449229,7.366894510680376,7.366894510680376,0.3301972862311464,0.3301972862311464
2897,579400,rician,64,5.885945767277607,8.621963484449774,0.6219594707133386,8.000004013736433,,8.302008159191123,200,7.06577603761171,7.06577603761171,7.403565603607416,7.403565603607416,0.3377895659957062,0.3377895659957062
2898,579600,rician,64,7.691190910584397,8.682427883621958,0.2518833838561358,8.43054449976582,,8.302008159191123,200,7.114567948580762,7.114567948580762,7.400410978047136,7.400410978047136,0.2858430294663741,0.2858430294663741
2899,579800,rician,64,7.542614627529975,9.390413728467921,1.3197215126135395,8.070692215854383,,8.302008159191123,200,7.18533898145635,7.18533898145635,7.413752659019069,7.413752659019069,0.22841367756271946,0.22841367756271946
2900,580000,rician,64,7.535666865845945,8.831709513759911,0.9331588940444535,7.898550619715458,7.456761495293544,7.456761495293544,200,7.141986840668343,7.141986840668343,7.48957555401878,7.48957555401878,0.3475887133504365,0.3475887133504365
2901,580200,rician,64,6.979715003994257,8.30319318889769,0.9779129976617007,7.325280191235981,,7.456761495293544,200,7.151564396119667,7.151564396119667,7.4864044950628115,7.4864044950628115,0.33484009894314415,0.33484009894314415
2902,580400,rician,64,5.398848113601636,8.749442771259568,3.019683735244581,5.740311499561478,,7.456761495293544,200,7.132041379879006,7.132041379879006,7.455171566278881,7.455171566278881,0.323130186399875,0.323130186399875
2903,580600,rician,64,6.81700721434427,8.777503083059402,0.7038072994676509,8.073695783591752,,7.456761495293544,200,7.300579281493067,7.300579281493067,7.464675880878961,7.464675880878961,0.1640965993858936,0.1640965993858936
2904,580800,rician,64,5.210828623952324,7.980273134622447,1.4850852370416363,6.495187897580818,,7.456761495293544,200,7.236583654343181,7.236583654343181,7.446012175783176,7.446012175783176,0.20942852143999513,0.20942852143999513
2905,581000,rician,64,8.26749675105619,9.717692079025797,0.48850061501469394,9.229191464011109,,7.456761495293544,200,7.325264161644763,7.325264161644763,7.485542134419699,7.485542134419699,0.16027797277493594,0.16027797277493594
2906,581200,rician,64,5.337435487301008,8.11191103318068,1.422042379239277,6.689868653941402,,7.456761495293544,200,7.240345046172959,7.240345046172959,7.478832124705755,7.478832124705755,0.2384870785327955,0.2384870785327955
2907,581400,rician,64,9.17722493333816,9.703820054616655,0.12833622274009493,9.575483831876554,,7.456761495293544,200,7.35301727639222,7.35301727639222,7.499329875903217,7.499329875903217,0.1463125995109973,0.1463125995109973
2908,581600,rician,64,6.9204513951519075,9.109789175635763,1.6875930359635312,7.422196139672229,,7.456761495293544,200,7.347866215363868,7.347866215363868,7.500868943851398,7.500868943851398,0.15300272848752972,0.15300272848752972
2909,581800,rician,64,7.241235393868876,8.858689686303086,0.5529946060257234,8.30569508027736,,7.456761495293544,200,7.361499481192707,7.361499481192707,7.516757629168573,7.516757629168573,0.15525814797586612,0.15525814797586612
2910,582000,rician,64,7.988221888241622,8.603077834887072,0.08325333612506694,8.519824498762011,,7.456761495293544,200,7.516419905894841,7.516419905894841,7.5173866686448925,7.5173866686448925,0.0009667627500515863,0.0009667627500515863
2911,582200,rician,64,7.349845994525104,8.142887150209095,0.35966515805276245,7.783221992156327,,7.456761495293544,200,7.535911059752932,7.535911059752932,7.511139964133168,7.511139964133168,0.024771095619763983,0.024771095619763983
2912,582400,rician,64,7.176467071397384,8.54461842551096,0.9405294329011292,7.6040889926098325,,7.456761495293544,200,7.556543812337248,7.556543812337248,7.501438236191509,7.501438236191509,0.05510557614573841,0.05510557614573841
2913,582600,rician,64,7.692590455453091,8.798897597966638,0.6952134741241353,8.10368412384251,,7.456761495293544,200,7.85636162464281,7.85636162464281,7.503328309307981,7.503328309307981,0.3530333153348293,0.3530333153348293
2914,582800,rician,64,4.689945753517144,7.83139873182614,2.403200286378216,5.428198445447929,,7.456761495293544,200,7.765340177958239,7.765340177958239,7.473674453132319,7.473674453132319,0.29166572482592024,0.29166572482592024
2915,583000,rician,64,6.745401838794002,7.885527953401183,0.5269852168697783,7.358542736531414,,7.456761495293544,200,7.664020750949246,7.664020750949246,7.462355183810031,7.462355183810031,0.2016655671392149,0.2016655671392149
2916,583200,rician,64,7.790043735068816,8.69401352679393,0.4878284686872873,8.206185058106644,,7.456761495293544,200,7.71302238691387,7.71302238691387,7.4521251386504,7.4521251386504,0.26089724826347016,0.26089724826347016
2917,583400,rician,64,7.526932857914431,8.464320703335934,0.41727399185922104,8.047046711476714,,7.456761495293544,200,7.715374521800887,7.715374521800887,7.500087152977459,7.500087152977459,0.2152873688234278,0.2152873688234278
2918,583600,rician,64,7.945855666712681,9.300256767463827,0.3342309092030177,8.966025858260815,,7.456761495293544,200,7.7421485897256375,7.7421485897256375,7.509784006446256,7.509784006446256,0.2323645832793817,0.2323645832793817
2919,583800,rician,64,6.883057728958272,8.04515925953957,0.7366770939381225,7.308482165601446,,7.456761495293544,200,7.70403808721299,7.70403808721299,7.501124800386807,7.501124800386807,0.20291328682618293,0.20291328682618293
2920,584000,rician,64,7.571407367461247,8.823088784427958,0.898121379818697,7.924967404609255,,7.456761495293544,200,7.70535892645768,7.70535892645768,7.50508676761638,7.50508676761638,0.20027215884130012,0.20027215884130012
2921,584200,rician,64,6.438979821938777,8.89296187208096,1.4390686478238923,7.453893224257074,,7.456761495293544,200,7.711789578108734,7.711789578108734,7.491738108693621,7.491738108693621,0.22005146941511278,0.22005146941511278
2922,584400,rician,64,6.401690918197465,8.220810032778292,0.2399253482269498,7.98088468455134,,7.456761495293544,200,7.823818237358227,7.823818237358227,7.528727583963308,7.528727583963308,0.2950906533949187,0.2950906533949187
2923,584600,rician,64,6.4879820931500305,7.825796300039895,0.16092869066552268,7.664867609374374,,7.456761495293544,200,7.803376828647359,7.803376828647359,7.504532608809576,7.504532608809576,0.29884421983778253,0.29884421983778253
2924,584800,rician,64,7.21439772140542,8.165203171017893,0.189485228038738,7.9757179429791405,,7.456761495293544,200,7.877403330917273,7.877403330917273,7.505386660260887,7.505386660260887,0.3720166706563859,0.3720166706563859
2925,585000,rician,64,2.679737030565859,7.835981817992531,4.11526776929934,3.7286516375720757,,7.456761495293544,200,7.602376339595322,7.602376339595322,7.459832175486557,7.459832175486557,0.1425441641087648,0.1425441641087648
2926,585200,rician,64,6.930805300594053,8.756810589673709,0.5302528858805408,8.226557703793164,,7.456761495293544,200,7.67921079208791,7.67921079208791,7.4742288499685,7.4742288499685,0.20498194211941012,0.20498194211941012
2927,585400,rician,64,6.045272061042611,8.267687485012605,0.9827874736425611,7.284900011370047,,7.456761495293544,200,7.564681601062586,7.564681601062586,7.47204939271629,7.47204939271629,0.09263220834629582,0.09263220834629582
2928,585600,rician,64,5.829622997694063,7.70713778693323,1.0537601569828587,6.653377629950365,,7.456761495293544,200,7.526240675576491,7.526240675576491,7.46511541793588,7.46511541793588,0.06112525764061161,0.06112525764061161
2929,585800,rician,64,6.650562819202195,9.02384059351144,1.971783816530966,7.052056776980467,,7.456761495293544,200,7.4635587604116465,7.4635587604116465,7.470144907291927,7.470144907291927,0.006586146880280808,0.006586146880280808
2930,586000,rician,64,2.3457040876716415,8.668325564008235,5.996089456828633,2.7350668788488677,,7.456761495293544,200,7.17432087941599,7.17432087941599,7.442024887931438,7.442024887931438,0.26770400851544807,0.26770400851544807
2931,586200,rician,64,6.209838908262165,8.320576374815513,0.6819134630687711,7.638662911746741,,7.456761495293544,200,7.167092925395511,7.167092925395511,7.467729177178447,7.467729177178447,0.3006362517829366,0.3006362517829366
2932,586400,rician,64,3.3592493427376304,7.650068181225668,3.4871956655384273,4.173466701525744,,7.456761495293544,200,6.9955618108413065,6.9955618108413065,7.437780828858045,7.437780828858045,0.4422190180167389,0.4422190180167389
2933,586600,rician,64,7.136225269748544,9.861676358942702,2.211039884999101,7.6506364739436,,7.456761495293544,200,6.97290942834636,6.97290942834636,7.428509607054807,7.428509607054807,0.4556001787084476,0.4556001787084476
2934,586800,rician,64,6.191167530736683,8.027782564132002,0.43748998495693797,7.590292579175059,,7.456761495293544,200,7.081014135032717,7.081014135032717,7.418022757473432,7.418022757473432,0.33700862244071494,0.33700862244071494
2935,587000,rician,64,7.278437756337284,8.940848278946142,1.157370701476074,7.783477577470073,,7.456761495293544,200,7.102260877079651,7.102260877079651,7.419427186627205,7.419427186627205,0.3171663095475541,0.3171663095475541
2936,587200,rician,64,8.956534786524962,9.606978844364027,0.195001812611968,9.411977031752059,,7.456761495293544,200,7.162550475761921,7.162550475761921,7.427625689522386,7.427625689522386,0.26507521376046483,0.26507521376046483
2937,587400,rician,64,6.986195638623526,9.211608241818348,0.8767470930248368,8.334861148793506,,7.456761495293544,200,7.17694119762776,7.17694119762776,7.455529736672853,7.455529736672853,0.27858853904509306,0.27858853904509306
2938,587600,rician,64,7.8357741441902276,9.987547263931297,1.6692733751071085,8.3182738888242,,7.456761495293544,200,7.1445535991559295,7.1445535991559295,7.455301453745473,7.455301453745473,0.31074785458954324,0.31074785458954324
2939,587800,rician,64,5.5165844470501035,8.984700174521906,2.481778593779832,6.502921580742069,,7.456761495293544,200,7.104275569912962,7.104275569912962,7.454255237517698,7.454255237517698,0.3499796676047362,0.3499796676047362
2940,588000,rician,64,6.641587182462773,8.301439742353088,0.38145825462483485,7.919981487728247,,7.456761495293544,200,7.10402627406891,7.10402627406891,7.457743487815253,7.457743487815253,0.3537172137463429,0.3537172137463429
2941,588200,rician,64,5.1925075207478075,7.7326633806348575,1.67532535354205,6.06159888894193,,7.456761495293544,200,7.034411557303153,7.034411557303153,7.427237633274642,7.427237633274642,0.392826075971489,0.392826075971489
2942,588400,rician,64,3.8916675589273075,9.454073802513518,5.012705864904055,4.455248195714042,,7.456761495293544,200,6.858129732861289,6.858129732861289,7.39739672419067,7.39739672419067,0.5392669913293808,0.5392669913293808
2943,588600,rician,64,8.033023067794677,9.584428684683067,0.9598508995318621,8.624577785151203,,7.456761495293544,200,6.90611524165013,6.90611524165013,7.4046708242835795,7.4046708242835795,0.49855558263344957,0.49855558263344957
2944,588800,rician,64,6.284108619777413,8.27883059380233,0.7592818908268781,7.519548702975448,,7.456761495293544,200,6.883306779649945,6.883306779649945,7.404702966122605,7.404702966122605,0.5213961864726606,0.5213961864726606
2945,589000,rician,64,6.851127865121175,9.434721815650846,1.2017919857096384,8.2329298299412,,7.456761495293544,200,7.108520689268401,7.108520689268401,7.420119377915729,7.420119377915729,0.31159868864732765,0.31159868864732765
2946,589200,rician,64,4.8424808534893575,8.446181109661213,2.926279118498015,5.5199019911631915,,7.456761495293544,200,6.973187903636902,6.973187903636902,7.398181646679169,7.398181646679169,0.42499374304226656,0.42499374304226656
2947,589400,rician,64,4.697771108092199,8.639580639462421,1.79051743835227,6.863906943036268,,7.456761495293544,200,6.952138250220213,6.952138250220213,7.3886340451813055,7.3886340451813055,0.43649579496109236,0.43649579496109236
2948,589600,rician,64,5.332155700572022,8.219791537204555,1.0130357336869809,7.2067558035175825,,7.456761495293544,200,6.979807158898575,6.979807158898575,7.379334859054191,7.379334859054191,0.3995277001556161,0.3995277001556161
2949,589800,rician,64,6.713971004131841,8.986992897928108,1.6129116635366092,7.374081234391501,,7.456761495293544,200,6.9959083817691265,6.9959083817691265,7.380105369862464,7.380105369862464,0.38419698809333713,0.38419698809333713
2950,590000,rician,64,7.010067039144975,8.550042375288353,0.9359999589891772,7.614042416299176,7.580678540331663,7.580678540331663,200,7.239857158641643,7.239857158641643,7.386436075516161,7.386436075516161,0.1465789168745184,0.1465789168745184
2951,590200,rician,64,7.261124029249604,8.431251887691673,0.47030744008194164,7.960944447609734,,7.580678540331663,200,7.255971235434792,7.255971235434792,7.372206575769585,7.372206575769585,0.11623534033479288,0.11623534033479288
2952,590400,rician,64,7.21650738479525,8.913994611448638,0.994758864881102,7.919235746567542,,7.580678540331663,200,7.443259687686881,7.443259687686881,7.374310244987588,7.374310244987588,0.06894944269929315,0.06894944269929315
2953,590600,rician,64,7.3231707183201795,8.211128926480665,0.23833933032877316,7.972789596151894,,7.580678540331663,200,7.459367343797297,7.459367343797297,7.380391063652501,7.380391063652501,0.0789762801447953,0.0789762801447953
2954,590800,rician,64,4.742321133109297,8.111405308040693,2.475490414235235,5.635914893805457,,7.580678540331663,200,7.361648459528816,7.361648459528816,7.368242838616601,7.368242838616601,0.0065943790877849295,0.0065943790877849295
2955,591000,rician,64,7.468285852567169,9.30227115450493,0.7287185299613838,8.57355262454354,,7.580678540331663,200,7.401152211882488,7.401152211882488,7.376645895154813,7.376645895154813,0.024506316727674893,0.024506316727674893
2956,591200,rician,64,4.5960733110975,8.949446302329987,2.6796129112604903,6.2698333910695005,,7.580678540331663,200,7.244045029848363,7.244045029848363,7.358088528665289,7.358088528665289,0.1140434988169261,0.1140434988169261
2957,591400,rician,64,5.50454322177546,7.7236862896534175,0.6279755903733982,7.095710699280018,,7.580678540331663,200,7.182087507372688,7.182087507372688,7.347012385538435,7.347012385538435,0.1649248781657473,0.1649248781657473
2958,591600,rician,64,7.253717868038601,9.460497050363028,0.6354884371977405,8.825008613165291,,7.580678540331663,200,7.207424243589742,7.207424243589742,7.363330633273862,7.363330633273862,0.1559063896841204,0.1559063896841204
2959,591800,rician,64,8.059709982649533,9.203191319439215,0.4463100209815571,8.756881298457657,,7.580678540331663,200,7.320122229475521,7.320122229475521,7.382360121923673,7.382360121923673,0.062237892448152365,0.062237892448152365
2960,592000,rician,64,7.755368100596912,9.290886512541128,0.6572340077870573,8.633652504754064,,7.580678540331663,200,7.355805780326811,7.355805780326811,7.389722367399938,7.389722367399938,0.033916587073126614,0.033916587073126614
2961,592200,rician,64,4.874622365944587,7.9542778640340615,1.3127824365001641,6.6414954275339,,7.580678540331663,200,7.384800607256409,7.384800607256409,7.390553853871114,7.390553853871114,0.005753246614704999,0.005753246614704999
2962,592400,rician,64,3.7444589727784265,8.106404440182548,2.179039771050045,5.927364669132508,,7.580678540331663,200,7.458406430927335,7.458406430927335,7.37832338254551,7.37832338254551,0.0800830483818249,0.0800830483818249
2963,592600,rician,64,6.531885339318743,8.022498599652193,0.09673171801224206,7.925766881639945,,7.580678540331663,200,7.423465885751773,7.423465885751773,7.369323807740545,7.369323807740545,0.05414207801122739,0.05414207801122739
2964,592800,rician,64,7.947246372912933,9.663055162709965,0.75516022491638,8.907894937793584,,7.580678540331663,200,7.492883197492678,7.492883197492678,7.3810205999819845,7.3810205999819845,0.11186259751069372,0.11186259751069372
2965,593000,rician,64,6.726211294478676,8.348171278481871,1.07327306866462,7.274898209817253,,7.580678540331663,200,7.44498161648648,7.44498161648648,7.36875526572608,7.36875526572608,0.07622635076039952,0.07622635076039952
2966,593200,rician,64,5.4149279525266865,8.29062371514993,1.6600878339596368,6.630535881190294,,7.580678540331663,200,7.500513310987836,7.500513310987836,7.353628851897078,7.353628851897078,0.1468844590907583,0.1468844590907583
2967,593400,rician,64,8.286940453601158,9.917649733503472,1.058959501308835,8.858690232194634,,7.580678540331663,200,7.600252475445754,7.600252475445754,7.386233399140699,7.386233399140699,0.21401907630505512,0.21401907630505512
2968,593600,rician,64,6.259695053749424,7.631845845266182,0.6988822116126588,6.932963633653525,,7.580678540331663,200,7.58656286695255,7.58656286695255,7.390144950763297,7.390144950763297,0.19641791618925364,0.19641791618925364
2969,593800,rician,64,6.3635373227198695,8.322183692505982,0.4072115345282257,7.914972157977752,,7.580678540331663,200,7.613607413131864,7.613607413131864,7.396563414171514,7.396563414171514,0.21704399896034943,0.21704399896034943
2970,594000,rician,64,7.480514987207064,8.25601629377863,0.20568859729348898,8.05032769648515,,7.580678540331663,200,7.635421677141162,7.635421677141162,7.396751358809663,7.396751358809663,0.23867031833149888,0.23867031833149888
2971,594200,rician,64,6.060254813395819,7.84274601761155,0.2005452755867763,7.642200742024778,,7.580678540331663,200,7.619484491861914,7.619484491861914,7.392248273942545,7.392248273942545,0.2272362179193692,0.2272362179193692
2972,594400,rician,64,7.327219422951194,8.335771363331032,0.14253790128711297,8.193233462043919,,7.580678540331663,200,7.633184377635733,7.633184377635733,7.393637408576913,7.393637408576913,0.23954696905882056,0.23954696905882056
2973,594600,rician,64,8.774974031700856,9.468201206620169,0.19116557505335793,9.277035631566811,,7.580678540331663,200,7.698396679406478,7.698396679406478,7.416005997141865,7.416005997141865,0.28239068226461317,0.28239068226461317
2974,594800,rician,64,8.441559990576314,10.200024213939335,0.28669297922778053,9.913331234711563,,7.580678540331663,200,7.9122674964517845,7.9122674964517845,7.427042550864141,7.427042550864141,0.4852249455876434,0.4852249455876434
2975,595000,rician,64,6.315252989145231,8.69858647526321,1.1072994607346818,7.591287014528529,,7.580678540331663,200,7.863154215951032,7.863154215951032,7.42982048873208,7.42982048873208,0.4333337272189519,0.4333337272189519
2976,595200,rician,64,7.917109560863188,8.628802922283795,0.024354861722874925,8.604448060560918,,7.580678540331663,200,7.979884949425603,7.979884949425603,7.427240013279799,7.427240013279799,0.5526449361458043,0.5526449361458043
2977,595400,rician,64,8.285197559842729,9.55909276591287,0.7539582807877222,8.805134485125148,,7.580678540331663,200,8.06535613871786,8.06535613871786,7.441107080626181,7.441107080626181,0.6242490580916789,0.6242490580916789
2978,595600,rician,64,8.487433786679091,9.68442977742331,0.6906535830115467,8.99377619441176,,7.580678540331663,200,8.073794517780183,8.073794517780183,7.456497779766452,7.456497779766452,0.6172967380137306,0.6172967380137306
2979,595800,rician,64,7.792128736103941,9.513220807517067,0.8118828152885506,8.70133799222852,,7.580678540331663,200,8.071017352468727,8.071017352468727,7.47695844410531,7.47695844410531,0.5940589083634178,0.5940589083634178
2980,596000,rician,64,7.061265333693502,9.274484144924676,1.1192917072026543,8.155192437722016,,7.580678540331663,200,8.047094349117126,8.047094349117126,7.470854434127774,7.470854434127774,0.576239914989352,0.576239914989352
2981,596200,rician,64,5.498443097239968,7.637126109178525,0.7036769108655233,6.933449198312998,,7.580678540331663,200,8.061692037656082,8.061692037656082,7.468851635288811,7.468851635288811,0.5928404023672709,0.5928404023672709
2982,596400,rician,64,8.127463869287052,9.769636157721562,1.128820620083443,8.640815537638115,,7.580678540331663,200,8.19736458108136,8.19736458108136,7.493952072421445,7.493952072421445,0.7034125086599143,0.7034125086599143
2983,596600,rician,64,7.4312995645687545,8.846623994147288,0.011533307990491572,8.835090686156796,,7.580678540331663,200,8.2428307713072,8.2428307713072,7.535273601769908,7.535273601769908,0.7075571695372931,0.7075571695372931
2984,596800,rician,64,7.4130022440813415,8.11949423950554,0.24428843655765567,7.875205802947891,,7.580678540331663,200,8.191196314564918,8.191196314564918,7.5362746553936,7.5362746553936,0.6549216591713174,0.6549216591713174
2985,597000,rician,64,7.771439715405171,8.707688808054868,0.38730011460452585,8.32038869345034,,7.580678540331663,200,8.243470838746575,8.243470838746575,7.54492272914831,7.54492272914831,0.6985481095982644,0.6985481095982644
2986,597200,rician,64,7.694041470476958,8.225697547453676,0.128438163867779,8.097259383585895,,7.580678540331663,200,8.316807013866354,8.316807013866354,7.542012813350393,7.542012813350393,0.7747942005159612,0.7747942005159612
2987,597400,rician,64,8.901309663628718,9.757603838208402,0.4609952488710771,9.29660858933733,,7.580678540331663,200,8.338702931723487,8.338702931723487,7.561758506968853,7.561758506968853,0.7769444247546344,0.7769444247546344
2988,597600,rician,64,8.688831134806874,9.581729099027358,0.452669833050095,9.129059265977267,,7.580678540331663,200,8.448507713339676,8.448507713339676,7.577796926026233,7.577796926026233,0.8707107873134436,0.8707107873134436
2989,597800,rician,64,7.134751261315503,8.779988412964407,0.2225832743701396,8.557405138594262,,7.580678540331663,200,8.480629362370502,8.480629362370502,7.58304067977517,7.58304067977517,0.8975886825953321,0.8975886825953321
2990,598000,rician,64,7.380748888321375,8.751138087201385,1.019412817265404,7.731725269935983,,7.580678540331663,200,8.464699241043043,8.464699241043043,7.606143772427336,7.606143772427336,0.8585554686157071,0.8585554686157071
2991,598200,rician,64,7.303111895574985,7.763776105516736,0.11235926132153333,7.651416844195204,,7.580678540331663,200,8.465160046151563,8.465160046151563,7.608723951719343,7.608723951719343,0.8564360944322207,0.8564360944322207
2992,598400,rician,64,3.036813642119287,8.721455538657276,3.9040129736726437,4.829512534770051,,7.580678540331663,200,8.296973999787872,8.296973999787872,7.585104737657807,7.585104737657807,0.7118692621300644,0.7118692621300644
2993,598600,rician,64,7.124222577568214,8.602164311212917,0.8468463669647834,7.755317944248148,,7.580678540331663,200,8.220888115421937,8.220888115421937,7.641584638322977,7.641584638322977,0.5793034770989607,0.5793034770989607
2994,598800,rician,64,7.63075552039098,8.949513748339722,0.7057046978188796,8.243809050520845,,7.580678540331663,200,8.1374120062124,8.1374120062124,7.651536455036793,7.651536455036793,0.48587555117560743,0.48587555117560743
2995,599000,rician,64,7.581574419379576,8.109272618865003,0.1371381484915482,7.972134470373457,,7.580678540331663,200,8.156454379004646,8.156454379004646,7.637408486973416,7.637408486973416,0.5190458920312304,0.5190458920312304
2996,599200,rician,64,7.978267299242009,8.76599342181181,0.3766476210315398,8.389345800780275,,7.580678540331663,200,8.145699266015615,8.145699266015615,7.649040421593075,7.649040421593075,0.49665884442253994,0.49665884442253994
2997,599400,rician,64,6.7970814747720985,7.695226075391079,0.3756468376725544,7.319579237718523,,7.580678540331663,200,8.071421503645283,8.071421503645283,7.642236173832897,7.642236173832897,0.4291853298123858,0.4291853298123858
2998,599600,rician,64,7.667411644390739,8.905033500566622,0.5149319448134598,8.390101555753164,,7.580678540331663,200,8.041237771712355,8.041237771712355,7.641831744392769,7.641831744392769,0.3994060273195865,0.3994060273195865
2999,599800,rician,64,5.650748038163707,8.262405108135042,1.9982397547184465,6.264165353416588,,7.580678540331663,200,7.919379139771758,7.919379139771758,7.6237664757683925,7.6237664757683925,0.2956126640033654,0.2956126640033654
3000,600000,rician,64,6.798269121920039,7.64035460738887,0.34448780334387474,7.295866804044996,8.38685696345998,8.38685696345998,200,7.876412858087908,7.876412858087908,7.617739637611686,7.617739637611686,0.2586732204762212,0.2586732204762212
