episode,agent,critic_loss,actor_loss,critic_grad_norm,actor_grad_norm,reward_mean,reward_std
3,bs_beamformer,74.35459899902344,0.0,1348.1390380859375,0.0,7.265052795410156,0.033095914870500565
3,uav_jammer,337.0310363769531,0.0,11522.03125,0.0,7.265222549438477,0.032728683203458786
4,bs_beamformer,43.13080978393555,0.2620992362499237,1023.7568359375,14.791769027709961,7.264951229095459,0.027769561856985092
4,uav_jammer,108.09075164794922,6.777446269989014,4583.45654296875,22.501665115356445,7.267427444458008,0.028583934530615807
5,bs_beamformer,21.14435577392578,0.0,708.0015258789062,0.0,7.264214992523193,0.027530653402209282
5,uav_jammer,98.87574768066406,0.0,4339.42138671875,0.0,7.265198707580566,0.033206623047590256
6,bs_beamformer,7.129997253417969,-3.03322696685791,410.5776062011719,11.874770164489746,7.264388084411621,0.027979744598269463
6,uav_jammer,90.77879333496094,14.943410873413086,4407.91357421875,23.946460723876953,7.263843536376953,0.02763344533741474
7,bs_beamformer,1.029381513595581,0.0,146.32421875,0.0,7.250898361206055,0.04431033879518509
7,uav_jammer,97.10935974121094,0.0,4623.73046875,0.0,7.253239154815674,0.04135964810848236
8,bs_beamformer,1.4312310218811035,-5.617942810058594,166.71551513671875,5.57461404800415,7.244527339935303,0.04459746927022934
8,uav_jammer,85.68162536621094,20.196794509887695,4630.4755859375,13.861563682556152,7.2440714836120605,0.047337595373392105
9,bs_beamformer,3.4487619400024414,0.0,271.2061462402344,0.0,7.200626850128174,0.17569714784622192
9,uav_jammer,272.6660461425781,0.0,14999.4345703125,0.0,7.208464622497559,0.12510716915130615
10,bs_beamformer,4.861745834350586,-6.22584342956543,324.93060302734375,5.714995861053467,7.18060302734375,0.17906919121742249
10,uav_jammer,182.39186096191406,29.675514221191406,12098.5537109375,14.20949935913086,7.188705921173096,0.14964444935321808
11,bs_beamformer,4.742102146148682,0.0,325.0957336425781,0.0,7.16288948059082,0.22669441998004913
11,uav_jammer,90.2490234375,0.0,7774.078125,0.0,7.15037727355957,0.23149321973323822
12,bs_beamformer,3.990999460220337,-5.746689796447754,295.3564453125,5.1465535163879395,7.1461029052734375,0.19373758137226105
12,uav_jammer,43.396400451660156,27.26225471496582,5055.12353515625,9.6355562210083,7.167463302612305,0.15476591885089874
13,bs_beamformer,2.656200408935547,0.0,235.95175170898438,0.0,7.1421589851379395,0.21167194843292236
13,uav_jammer,61.317405700683594,0.0,8760.9296875,0.0,7.152474403381348,0.21376754343509674
14,bs_beamformer,1.4637190103530884,-4.582444190979004,171.0678253173828,1.3282263278961182,7.148117542266846,0.1496274620294571
14,uav_jammer,71.83486938476562,23.813919067382812,9437.482421875,9.425880432128906,7.145579814910889,0.16648368537425995
15,bs_beamformer,0.6357372999191284,0.0,96.62820434570312,0.0,7.1476521492004395,0.1652630716562271
15,uav_jammer,57.933494567871094,0.0,6925.65625,0.0,7.14776086807251,0.15556170046329498
16,bs_beamformer,0.36641618609428406,-3.4498584270477295,67.65550231933594,1.0512958765029907,7.139410495758057,0.19251008331775665
16,uav_jammer,43.281463623046875,27.987586975097656,3608.029296875,11.617515563964844,7.1501617431640625,0.14153552055358887
17,bs_beamformer,0.7883678674697876,0.0,120.84783935546875,0.0,7.133429050445557,0.21449118852615356
17,uav_jammer,47.80418014526367,0.0,5467.6376953125,0.0,7.139618873596191,0.12981314957141876
18,bs_beamformer,1.3198128938674927,-3.3022313117980957,158.99618530273438,2.1779301166534424,7.1459479331970215,0.12175087630748749
18,uav_jammer,45.41669464111328,29.38791847229004,6380.43115234375,3.258655309677124,7.144807815551758,0.16171112656593323
19,bs_beamformer,1.512683629989624,0.0,171.1985321044922,0.0,7.1499834060668945,0.13590843975543976
19,uav_jammer,27.814748764038086,0.0,4679.78466796875,0.0,7.147919654846191,0.13287252187728882
20,bs_beamformer,1.1747524738311768,-3.8181018829345703,150.55026245117188,4.1568403244018555,7.1426849365234375,0.14167797565460205
20,uav_jammer,12.37898063659668,25.33147430419922,1089.7098388671875,0.9658715128898621,7.136939525604248,0.14485643804073334
21,bs_beamformer,0.5875720977783203,0.0,103.41410827636719,0.0,7.151488304138184,0.13907639682292938
21,uav_jammer,25.917484283447266,0.0,4420.60302734375,0.0,7.131086349487305,0.15704090893268585
22,bs_beamformer,0.11466006189584732,-4.766770362854004,25.34653091430664,4.307531833648682,7.128918647766113,0.13607913255691528
22,uav_jammer,39.971336364746094,22.657257080078125,5716.0859375,9.013907432556152,7.143884658813477,0.13082772493362427
23,bs_beamformer,0.3204960227012634,0.0,72.28357696533203,0.0,7.132842540740967,0.10794489085674286
23,uav_jammer,34.05839920043945,0.0,5212.25537109375,0.0,7.133254528045654,0.10457824170589447
24,bs_beamformer,0.8403452634811401,-5.248388767242432,124.80862426757812,3.690845489501953,7.135165691375732,0.10395678132772446
24,uav_jammer,15.715860366821289,29.2808837890625,1929.020263671875,4.533386707305908,7.133803844451904,0.10989777743816376
25,bs_beamformer,1.0288933515548706,0.0,138.9435272216797,0.0,7.129206657409668,0.17921514809131622
25,uav_jammer,19.357669830322266,0.0,3211.384033203125,0.0,7.137669086456299,0.10167651623487473
26,bs_beamformer,0.8354038000106812,-5.06452751159668,123.89816284179688,2.87650203704834,7.125922203063965,0.13733112812042236
26,uav_jammer,31.20635986328125,30.318662643432617,5425.7412109375,4.0034613609313965,7.116052627563477,0.1755005121231079
27,bs_beamformer,0.4294652044773102,0.0,87.04573059082031,0.0,7.12926721572876,0.10349567979574203
27,uav_jammer,27.128713607788086,0.0,4845.44921875,0.0,7.119157314300537,0.10477738827466965
28,bs_beamformer,0.10213364660739899,-4.345694541931152,31.672847747802734,1.0667250156402588,7.129151344299316,0.1043161153793335
28,uav_jammer,14.443920135498047,27.73175048828125,2687.31494140625,1.8804914951324463,7.1143059730529785,0.0991910845041275
29,bs_beamformer,0.17462843656539917,0.0,50.66343688964844,0.0,7.117629051208496,0.09868744015693665
29,uav_jammer,13.93585205078125,0.0,2303.414794921875,0.0,7.116955280303955,0.10389291495084763
30,bs_beamformer,0.4465356469154358,-3.9748849868774414,90.53494262695312,0.6481772065162659,7.120597839355469,0.09542495757341385
30,uav_jammer,21.440471649169922,30.261417388916016,4576.38720703125,4.173915863037109,7.107722759246826,0.12876132130622864
31,bs_beamformer,0.57045978307724,0.0,105.62286376953125,0.0,7.126230716705322,0.10286004841327667
31,uav_jammer,14.574272155761719,0.0,3762.593994140625,0.0,7.108547210693359,0.09690554440021515
32,bs_beamformer,0.38438335061073303,-4.269549369812012,84.70629119873047,0.9857235550880432,7.115509033203125,0.1000198945403099
32,uav_jammer,7.587672233581543,29.25125503540039,2012.2718505859375,6.579884052276611,7.117814064025879,0.09745044261217117
33,bs_beamformer,0.20843622088432312,0.0,60.18447494506836,0.0,7.120800018310547,0.101058229804039
33,uav_jammer,7.432661056518555,0.0,1886.59912109375,0.0,7.115509986877441,0.09647860378026962
34,bs_beamformer,0.07729575037956238,-4.992137432098389,25.98676872253418,1.7822482585906982,7.105923175811768,0.11019593477249146
34,uav_jammer,9.538702964782715,27.581830978393555,2479.2275390625,6.392763614654541,7.1102142333984375,0.09507089108228683
35,bs_beamformer,0.13007283210754395,0.0,43.678531646728516,0.0,7.111579895019531,0.09765630215406418
35,uav_jammer,8.52988052368164,0.0,2099.559326171875,0.0,7.108826160430908,0.11945312470197678
36,bs_beamformer,0.24815571308135986,-5.155850410461426,67.33930969238281,2.82421875,7.110835552215576,0.09352409839630127
36,uav_jammer,6.22997522354126,29.828357696533203,1090.385986328125,4.685914039611816,7.099597454071045,0.092018723487854
37,bs_beamformer,0.2149295210838318,0.0,61.29361343383789,0.0,7.106101989746094,0.09751630574464798
37,uav_jammer,6.91495418548584,0.0,1641.3055419921875,0.0,7.112339973449707,0.09447258710861206
38,bs_beamformer,0.11750437319278717,-4.715898513793945,42.838600158691406,3.045088291168213,7.101184844970703,0.10521155595779419
38,uav_jammer,5.892819404602051,25.65876007080078,733.0909423828125,1.411718487739563,7.099767684936523,0.12062036246061325
39,bs_beamformer,0.042843710631132126,0.0,15.414449691772461,0.0,7.092133045196533,0.17250947654247284
39,uav_jammer,8.879911422729492,0.0,2281.78369140625,0.0,7.0987138748168945,0.1006694883108139
40,bs_beamformer,0.0857996940612793,-4.690062999725342,34.4856071472168,1.2916009426116943,7.095937728881836,0.10360018908977509
40,uav_jammer,8.347406387329102,29.27204704284668,2576.02880859375,2.1777241230010986,7.085210800170898,0.12074904888868332
41,bs_beamformer,0.09625253081321716,0.0,38.1052360534668,0.0,7.095118522644043,0.10150624811649323
41,uav_jammer,3.6586360931396484,0.0,402.8572082519531,0.0,7.091640949249268,0.09840938448905945
42,bs_beamformer,0.030430346727371216,-5.02129602432251,7.161320209503174,1.4245572090148926,7.0893402099609375,0.09581777453422546
42,uav_jammer,4.885239601135254,28.18901252746582,1454.8116455078125,1.6706523895263672,7.087709426879883,0.09184955805540085
43,bs_beamformer,0.10388119518756866,0.0,36.69537353515625,0.0,7.070666313171387,0.18277214467525482
43,uav_jammer,4.967386245727539,0.0,847.3699951171875,0.0,7.085455417633057,0.09712205082178116
44,bs_beamformer,0.18976102769374847,-5.070916652679443,55.37029266357422,2.2461581230163574,7.072820663452148,0.17139077186584473
44,uav_jammer,5.6417951583862305,27.596158981323242,1668.573486328125,0.9212846755981445,7.0877532958984375,0.10450973361730576
45,bs_beamformer,0.07893101871013641,0.0,32.132320404052734,0.0,7.085524559020996,0.10088542103767395
45,uav_jammer,3.1727943420410156,0.0,928.40966796875,0.0,7.08421516418457,0.11459412425756454
46,bs_beamformer,0.024789191782474518,-4.919398784637451,6.53274393081665,3.839470863342285,7.090453624725342,0.0952545702457428
46,uav_jammer,3.7175228595733643,27.435016632080078,1217.2813720703125,0.48249536752700806,7.076240062713623,0.09778953343629837
47,bs_beamformer,0.05157533288002014,0.0,24.724721908569336,0.0,7.087223052978516,0.10153526812791824
47,uav_jammer,5.988584041595459,0.0,2083.4365234375,0.0,7.064708232879639,0.16671130061149597
48,bs_beamformer,0.029293207451701164,-5.243991851806641,10.922402381896973,3.2590794563293457,7.087158679962158,0.10278898477554321
48,uav_jammer,3.0530595779418945,26.788766860961914,594.522216796875,1.604656457901001,7.081084251403809,0.09439010173082352
49,bs_beamformer,0.03446541726589203,0.0,17.989463806152344,0.0,7.074833869934082,0.0993042066693306
49,uav_jammer,2.4991064071655273,0.0,945.5480346679688,0.0,7.07261848449707,0.1200806051492691
50,bs_beamformer,0.06370069086551666,-5.228572368621826,25.64678382873535,1.3043302297592163,7.080398082733154,0.170988991856575
50,uav_jammer,3.168001174926758,26.068763732910156,579.10009765625,1.2313220500946045,7.073190212249756,0.12483017146587372
51,bs_beamformer,0.026232486590743065,0.0,8.378643035888672,0.0,7.0762834548950195,0.09571650624275208
51,uav_jammer,3.133878707885742,0.0,898.9266357421875,0.0,7.072227954864502,0.14410319924354553
52,bs_beamformer,0.0487184002995491,-5.140207290649414,20.136613845825195,0.3302639424800873,7.0763115882873535,0.09355759620666504
52,uav_jammer,1.878340721130371,27.948261260986328,472.9488525390625,0.23658840358257294,7.074213981628418,0.12283311784267426
53,bs_beamformer,0.0394941121339798,0.0,19.66990852355957,0.0,7.072932243347168,0.09379713237285614
53,uav_jammer,2.9204375743865967,0.0,1253.6214599609375,0.0,7.071868896484375,0.09109693765640259
54,bs_beamformer,0.022297244518995285,-5.356581211090088,10.274333000183105,0.15291298925876617,7.073825359344482,0.12235596030950546
54,uav_jammer,4.4627685546875,26.453187942504883,1352.274658203125,0.3885975182056427,7.067441463470459,0.09319017827510834
55,bs_beamformer,0.0294206440448761,0.0,14.953962326049805,0.0,7.075174808502197,0.09132985025644302
55,uav_jammer,3.583575487136841,0.0,1214.539306640625,0.0,7.0642924308776855,0.11911377310752869
56,bs_beamformer,0.016608785837888718,-5.419305801391602,4.201206207275391,0.2351740598678589,7.077986717224121,0.10216338187456131
56,uav_jammer,3.0222179889678955,28.08642578125,1013.8040771484375,0.055539753288030624,7.060957908630371,0.12814265489578247
57,bs_beamformer,0.019287604838609695,0.0,5.951950550079346,0.0,7.068019866943359,0.12113689631223679
57,uav_jammer,3.1490869522094727,0.0,1343.9547119140625,0.0,7.047407627105713,0.1428726613521576
58,bs_beamformer,0.016051776707172394,-5.383471488952637,4.577272415161133,0.152776300907135,7.067877292633057,0.08298961818218231
58,uav_jammer,3.06022047996521,25.128150939941406,1293.5054931640625,0.17145591974258423,7.065963268280029,0.11785830557346344
59,bs_beamformer,0.0228499174118042,0.0,7.055683612823486,0.0,7.066379547119141,0.09212959557771683
59,uav_jammer,3.1159756183624268,0.0,1042.0450439453125,0.0,7.050440311431885,0.1539701223373413
60,bs_beamformer,0.03143680468201637,-5.502304553985596,15.79379653930664,0.24328747391700745,7.067850112915039,0.09529665112495422
60,uav_jammer,3.0327024459838867,27.545745849609375,1209.20263671875,1.1203339099884033,7.061440944671631,0.10571252554655075
61,bs_beamformer,0.026985136792063713,0.0,11.258386611938477,0.0,7.057590484619141,0.08489969372749329
61,uav_jammer,2.2424063682556152,0.0,541.429931640625,0.0,7.059542179107666,0.09464617073535919
62,bs_beamformer,0.02946486696600914,-5.465591907501221,13.973444938659668,0.46346038579940796,7.05425500869751,0.09097228199243546
62,uav_jammer,2.2387242317199707,25.240283966064453,763.1177978515625,0.24903544783592224,7.057794570922852,0.0850309357047081
63,bs_beamformer,0.02098637819290161,0.0,9.581711769104004,0.0,7.056987762451172,0.08470489084720612
63,uav_jammer,2.225480556488037,0.0,719.0617065429688,0.0,7.063735008239746,0.08762140572071075
64,bs_beamformer,0.04143848642706871,-5.717973232269287,20.755783081054688,1.0220646858215332,7.059811115264893,0.09016074985265732
64,uav_jammer,1.4038894176483154,25.97856903076172,366.3978576660156,0.15776881575584412,7.055173397064209,0.0894852727651596
65,bs_beamformer,0.034615833312273026,0.0,19.438745498657227,0.0,7.063221454620361,0.09304912388324738
65,uav_jammer,2.769200086593628,0.0,1319.0714111328125,0.0,7.055296897888184,0.11515865474939346
66,bs_beamformer,0.021081050857901573,-5.597079753875732,5.099314212799072,2.306014060974121,7.060442924499512,0.08678123354911804
66,uav_jammer,2.347270965576172,25.219684600830078,754.4482421875,0.4190075099468231,7.067376613616943,0.09181401133537292
67,bs_beamformer,0.03444439545273781,0.0,17.81626319885254,0.0,7.056488513946533,0.08590440452098846
67,uav_jammer,3.5689423084259033,0.0,1632.6395263671875,0.0,7.053469657897949,0.1144002303481102
68,bs_beamformer,0.02046964503824711,-5.775241374969482,2.963179111480713,2.5959584712982178,7.058516502380371,0.11523595452308655
68,uav_jammer,2.844667673110962,25.107221603393555,1386.7191162109375,0.15721407532691956,7.060927867889404,0.1141354963183403
69,bs_beamformer,0.05408603698015213,0.0,22.753780364990234,0.0,7.05979585647583,0.08663274347782135
69,uav_jammer,2.157641887664795,0.0,888.878662109375,0.0,7.063482761383057,0.08932280540466309
70,bs_beamformer,0.06287452578544617,-5.862988471984863,24.676000595092773,1.0324310064315796,7.0599260330200195,0.11969489604234695
70,uav_jammer,1.9236493110656738,24.462444305419922,885.5215454101562,0.29530906677246094,7.057924747467041,0.09383584558963776
71,bs_beamformer,0.029979625716805458,0.0,6.397702693939209,0.0,7.06867790222168,0.09268531948328018
71,uav_jammer,2.821120262145996,0.0,1171.5576171875,0.0,7.06322717666626,0.10527224838733673
72,bs_beamformer,0.03218352422118187,-5.856659889221191,10.037968635559082,0.24323797225952148,7.0594258308410645,0.08679353445768356
72,uav_jammer,2.0169315338134766,25.299501419067383,1087.9527587890625,1.1005877256393433,7.048218250274658,0.0908932164311409
73,bs_beamformer,0.032761938869953156,0.0,9.842447280883789,0.0,7.053959369659424,0.08082524687051773
73,uav_jammer,2.0184502601623535,0.0,1146.6617431640625,0.0,7.049095153808594,0.08385797590017319
74,bs_beamformer,0.03988306596875191,-5.977554798126221,6.582089900970459,0.12301575392484665,7.055759429931641,0.08227234333753586
74,uav_jammer,1.5832536220550537,25.2420597076416,1020.75146484375,6.607294082641602,7.053407669067383,0.08531536161899567
75,bs_beamformer,0.04067398980259895,0.0,15.549341201782227,0.0,7.065156936645508,0.09286966174840927
75,uav_jammer,1.8341879844665527,0.0,1025.787841796875,0.0,7.0535125732421875,0.08124028146266937
76,bs_beamformer,0.03525329381227493,-5.9402337074279785,7.7456254959106445,0.08797013014554977,7.056761741638184,0.08857594430446625
76,uav_jammer,1.7602239847183228,25.168498992919922,943.5762329101562,1.7347345352172852,7.062562465667725,0.09135475009679794
77,bs_beamformer,0.05408214032649994,0.0,21.73204803466797,0.0,7.053311824798584,0.11264926940202713
77,uav_jammer,1.8181617259979248,0.0,1074.6307373046875,0.0,7.052433490753174,0.09781442582607269
78,bs_beamformer,0.05847705155611038,-6.084376335144043,23.56805992126465,0.09566789865493774,7.057290554046631,0.08857133239507675
78,uav_jammer,1.4328899383544922,25.02734375,871.0476684570312,0.2738286256790161,7.0474534034729,0.08194659650325775
79,bs_beamformer,0.022520527243614197,0.0,4.343955039978027,0.0,7.05317497253418,0.08264536410570145
79,uav_jammer,2.449732780456543,0.0,1285.494873046875,0.0,7.056604385375977,0.08969143778085709
80,bs_beamformer,0.06934309005737305,-6.3604021072387695,32.374237060546875,0.057159822434186935,7.0561723709106445,0.08727370947599411
80,uav_jammer,2.0434234142303467,24.986745834350586,1106.6314697265625,0.3978163003921509,7.053494453430176,0.173750638961792
81,bs_beamformer,0.05878976359963417,0.0,28.041955947875977,0.0,7.055920124053955,0.08787001669406891
81,uav_jammer,1.4649128913879395,0.0,893.0222778320312,0.0,7.048894882202148,0.08307313174009323
82,bs_beamformer,0.022325601428747177,-5.93049955368042,7.55618953704834,0.07711122184991837,7.057257652282715,0.09405887871980667
82,uav_jammer,1.291001319885254,23.569551467895508,784.9808959960938,0.09702515602111816,7.0405120849609375,0.16361398994922638
83,bs_beamformer,0.1211700290441513,0.0,44.947025299072266,0.0,7.0463690757751465,0.08189155161380768
83,uav_jammer,2.3436198234558105,0.0,1224.802978515625,0.0,7.055647373199463,0.11380089819431305
84,bs_beamformer,0.17486229538917542,-5.93967342376709,56.36504364013672,0.1099785789847374,7.041221618652344,0.07607556134462357
84,uav_jammer,1.9265623092651367,24.500783920288086,1137.7684326171875,0.3146335482597351,7.042788505554199,0.11036340147256851
85,bs_beamformer,0.15118086338043213,0.0,50.85169219970703,0.0,7.04646635055542,0.07864177227020264
85,uav_jammer,1.8517180681228638,0.0,943.7155151367188,0.0,7.061688423156738,0.09479101747274399
86,bs_beamformer,0.029704097658395767,-6.584385395050049,15.176065444946289,0.20283660292625427,7.050658226013184,0.11237683892250061
86,uav_jammer,1.5749640464782715,23.134183883666992,782.9234619140625,0.30813464522361755,7.055704116821289,0.09012999385595322
87,bs_beamformer,0.08232321590185165,0.0,34.214996337890625,0.0,7.055607795715332,0.08857239782810211
87,uav_jammer,2.3642148971557617,0.0,1222.541015625,0.0,7.04531192779541,0.08915476500988007
88,bs_beamformer,0.196966290473938,-6.786411762237549,59.36663055419922,0.42943453788757324,7.053482532501221,0.08940237760543823
88,uav_jammer,2.08894419670105,25.123367309570312,1068.51513671875,0.6946051120758057,7.044867038726807,0.09110884368419647
89,bs_beamformer,0.15027551352977753,0.0,51.36708450317383,0.0,7.053116321563721,0.08883313834667206
89,uav_jammer,1.7188084125518799,0.0,1022.1038818359375,0.0,7.040441513061523,0.07691077142953873
90,bs_beamformer,0.06249449774622917,-6.311224460601807,27.330841064453125,1.1288444995880127,7.054311752319336,0.08735164999961853
90,uav_jammer,1.4284007549285889,23.405420303344727,946.7960815429688,0.25459080934524536,7.036423683166504,0.1639930009841919
91,bs_beamformer,0.05603133887052536,0.0,26.62683868408203,0.0,7.0413923263549805,0.10710073262453079
91,uav_jammer,1.3218265771865845,0.0,956.3089599609375,0.0,7.04849100112915,0.07952059060335159
92,bs_beamformer,0.12859033048152924,-6.24189567565918,45.55003356933594,2.984102964401245,7.050262928009033,0.08169881254434586
92,uav_jammer,1.0820658206939697,24.549358367919922,778.640380859375,0.43178117275238037,7.036718845367432,0.10375940054655075
93,bs_beamformer,0.117491215467453,0.0,43.94095230102539,0.0,7.039682388305664,0.07621816545724869
93,uav_jammer,2.2355332374572754,0.0,1249.587890625,0.0,7.048312664031982,0.08210999518632889
94,bs_beamformer,0.02839086763560772,-6.815449237823486,15.579505920410156,3.2140889167785645,7.042963027954102,0.07139203697443008
94,uav_jammer,1.745413064956665,23.019174575805664,1096.77099609375,0.3691204786300659,7.051036357879639,0.08307980746030807
95,bs_beamformer,0.048110149800777435,0.0,24.713573455810547,0.0,7.043819904327393,0.08038280159235
95,uav_jammer,1.3118901252746582,0.0,876.1990966796875,0.0,7.039395809173584,0.10329849272966385
96,bs_beamformer,0.1157483235001564,-6.943488597869873,44.34085464477539,1.0521998405456543,7.0390543937683105,0.07371444255113602
96,uav_jammer,1.118875503540039,24.197521209716797,855.250732421875,0.0901184156537056,7.045586585998535,0.07691344618797302
97,bs_beamformer,0.06308143585920334,0.0,30.675823211669922,0.0,7.04372501373291,0.07597126811742783
97,uav_jammer,1.4568541049957275,0.0,930.3751831054688,0.0,7.048367977142334,0.08185336738824844
98,bs_beamformer,0.019053101539611816,-6.4728102684021,3.4886317253112793,0.21203936636447906,7.037506103515625,0.07385274767875671
98,uav_jammer,1.3078315258026123,22.307621002197266,783.3763427734375,0.541225016117096,7.047865867614746,0.07532057166099548
99,bs_beamformer,0.12620417773723602,0.0,46.01619338989258,0.0,7.039429187774658,0.07481661438941956
99,uav_jammer,1.2316803932189941,0.0,1017.6324462890625,0.0,7.043460845947266,0.07763219624757767
100,bs_beamformer,0.22319340705871582,-6.434875011444092,63.97677230834961,0.05264021456241608,7.038486003875732,0.07054661959409714
100,uav_jammer,1.1830229759216309,22.873165130615234,796.9542236328125,0.3079685866832733,7.044404029846191,0.0779765248298645
101,bs_beamformer,0.19537487626075745,0.0,59.39813232421875,0.0,7.037540435791016,0.07265804708003998
101,uav_jammer,1.7354241609573364,0.0,1250.7989501953125,0.0,7.044798851013184,0.07874864339828491
102,bs_beamformer,0.06340224295854568,-6.981326103210449,30.531171798706055,0.029090095311403275,7.039927959442139,0.07692636549472809
102,uav_jammer,1.6515916585922241,23.153409957885742,1261.9112548828125,1.5072970390319824,7.035785675048828,0.07550470530986786
103,bs_beamformer,0.03215956315398216,0.0,14.024155616760254,0.0,7.033450126647949,0.07018591463565826
103,uav_jammer,0.8277064561843872,0.0,594.0130615234375,0.0,7.044421195983887,0.07985759526491165
104,bs_beamformer,0.10168543457984924,-7.156572341918945,40.40673828125,0.028102906420826912,7.029445171356201,0.10441574454307556
104,uav_jammer,0.9401823878288269,22.568899154663086,669.6893920898438,0.13430634140968323,7.035109519958496,0.07251092046499252
105,bs_beamformer,0.053860798478126526,0.0,27.57051658630371,0.0,7.031775951385498,0.06943827122449875
105,uav_jammer,1.6461020708084106,0.0,973.46337890625,0.0,7.04738187789917,0.07733569294214249
106,bs_beamformer,0.02434498816728592,-6.675498962402344,6.348351001739502,0.05952710658311844,7.030540466308594,0.10525745898485184
106,uav_jammer,0.7395204305648804,24.376506805419922,608.1641235351562,0.30468279123306274,7.034367561340332,0.07522626966238022
107,bs_beamformer,0.1219586506485939,0.0,44.78337097167969,0.0,7.032777309417725,0.13386912643909454
107,uav_jammer,2.469888210296631,0.0,1535.2967529296875,0.0,7.029378414154053,0.08148834109306335
108,bs_beamformer,0.1891578584909439,-6.614886283874512,58.19524383544922,0.08184988051652908,7.028414726257324,0.1038818433880806
108,uav_jammer,2.943772077560425,22.239078521728516,1698.81689453125,0.23773719370365143,7.042819976806641,0.08171684294939041
109,bs_beamformer,0.1839318722486496,0.0,57.336021423339844,0.0,7.03619909286499,0.07417590171098709
109,uav_jammer,0.7329744696617126,0.0,283.3723449707031,0.0,7.040246963500977,0.084052674472332
110,bs_beamformer,0.06113199144601822,-7.192264080047607,28.883787155151367,0.014910907484591007,7.0353193283081055,0.07266835123300552
110,uav_jammer,4.049267768859863,23.690736770629883,2091.188232421875,40.14992904663086,7.0379204750061035,0.0772150456905365
111,bs_beamformer,0.030277445912361145,0.0,14.532684326171875,0.0,7.031479358673096,0.1085551455616951
111,uav_jammer,4.894245624542236,0.0,2276.287353515625,0.0,7.042231559753418,0.07967249304056168
112,bs_beamformer,0.08455657958984375,-7.308297157287598,35.16237258911133,0.05612972751259804,7.02793550491333,0.09934873878955841
112,uav_jammer,1.1024448871612549,22.60123634338379,760.373046875,4.1123948097229,7.030462741851807,0.0987648069858551
113,bs_beamformer,0.058689191937446594,0.0,27.474773406982422,0.0,7.030649662017822,0.12543651461601257
113,uav_jammer,5.4098286628723145,0.0,2519.00634765625,0.0,7.036981105804443,0.07034077495336533
114,bs_beamformer,0.01767321676015854,-6.892418384552002,6.547603607177734,0.028146423399448395,7.0295939445495605,0.1053876131772995
114,uav_jammer,10.077027320861816,22.294208526611328,3456.604248046875,2.0629894733428955,7.037581443786621,0.08605067431926727
115,bs_beamformer,0.11596281826496124,0.0,44.61915588378906,0.0,7.0422563552856445,0.0738057792186737
115,uav_jammer,6.179237365722656,0.0,2656.673095703125,0.0,7.044009208679199,0.07612180709838867
116,bs_beamformer,0.1955915242433548,-6.846612930297852,58.218284606933594,0.03933343291282654,7.0323686599731445,0.10321303457021713
116,uav_jammer,0.7564893960952759,22.362876892089844,391.9222412109375,0.3036058843135834,7.0406389236450195,0.08763914555311203
117,bs_beamformer,0.2041814923286438,0.0,58.821533203125,0.0,7.0267653465271,0.12394864857196808
117,uav_jammer,7.659952640533447,0.0,2950.18896484375,0.0,7.039536476135254,0.08127138763666153
118,bs_beamformer,0.058494407683610916,-7.344322204589844,27.081865310668945,0.014078881591558456,7.031238079071045,0.09176580607891083
118,uav_jammer,14.522122383117676,22.20032501220703,4167.26953125,0.45457834005355835,7.037777900695801,0.07372036576271057
119,bs_beamformer,0.030316144227981567,0.0,17.119985580444336,0.0,7.027982711791992,0.06416670233011246
119,uav_jammer,9.628145217895508,0.0,3350.225341796875,0.0,7.0353193283081055,0.07266514003276825
120,bs_beamformer,0.09455358237028122,-7.551480293273926,39.38557052612305,0.026666687801480293,7.0340046882629395,0.06582152843475342
120,uav_jammer,1.6839869022369385,22.509143829345703,919.7109375,0.29169175028800964,7.045695781707764,0.0819956362247467
121,bs_beamformer,0.06776842474937439,0.0,31.58897590637207,0.0,7.031908988952637,0.06880608201026917
121,uav_jammer,7.988613605499268,0.0,3015.565673828125,0.0,7.033767223358154,0.07448826730251312
122,bs_beamformer,0.02298823371529579,-7.125570774078369,13.396988868713379,0.011111538857221603,7.028595447540283,0.06770636886358261
122,uav_jammer,17.332111358642578,22.417701721191406,4644.54345703125,0.2896730601787567,7.030815124511719,0.07095088064670563
123,bs_beamformer,0.07073629647493362,0.0,33.91924285888672,0.0,7.032430171966553,0.0632597878575325
123,uav_jammer,16.20597267150879,0.0,4463.353515625,0.0,7.029331684112549,0.07148933410644531
124,bs_beamformer,0.1297694593667984,-7.087575912475586,46.900203704833984,0.044239629060029984,7.03880500793457,0.07171747088432312
124,uav_jammer,5.7937331199646,22.14604949951172,2606.134521484375,0.1807955652475357,7.02775764465332,0.06663670390844345
125,bs_beamformer,0.11642395704984665,0.0,44.56125259399414,0.0,7.031214237213135,0.09635748714208603
125,uav_jammer,1.5141600370407104,0.0,878.951416015625,0.0,7.030302047729492,0.0765952467918396
126,bs_beamformer,0.025267906486988068,-7.6410017013549805,15.070621490478516,0.03088686242699623,7.0338521003723145,0.0644996166229248
126,uav_jammer,4.224201679229736,21.863012313842773,2135.861328125,0.3591192960739136,7.035989761352539,0.07106927782297134
127,bs_beamformer,0.06114165484905243,0.0,29.46834945678711,0.0,7.029421806335449,0.06879841536283493
127,uav_jammer,3.164119243621826,0.0,1882.928955078125,0.0,7.02350378036499,0.056158531457185745
128,bs_beamformer,0.13918401300907135,-7.816516876220703,49.3891487121582,0.06322243064641953,7.031256675720215,0.06987814605236053
128,uav_jammer,0.48356467485427856,20.533401489257812,302.21063232421875,3.0826640129089355,7.033997535705566,0.0702107697725296
129,bs_beamformer,0.1067449077963829,0.0,42.74678421020508,0.0,7.040914535522461,0.0773485079407692
129,uav_jammer,4.227550029754639,0.0,2122.9208984375,0.0,7.027335166931152,0.06120873987674713
130,bs_beamformer,0.03512635827064514,-7.372185707092285,20.368627548217773,0.06560094654560089,7.0341877937316895,0.07362356781959534
130,uav_jammer,4.142063140869141,22.271272659301758,1943.892333984375,3.5482892990112305,7.025017738342285,0.06925728917121887
131,bs_beamformer,0.05252202972769737,0.0,27.19706916809082,0.0,7.039418697357178,0.07538674771785736
131,uav_jammer,0.7731795310974121,0.0,456.4519958496094,0.0,7.022531032562256,0.057772304862737656
132,bs_beamformer,0.10642991214990616,-7.3369035720825195,40.42976379394531,0.05211927369236946,7.026336669921875,0.09202497452497482
132,uav_jammer,1.8995072841644287,21.93103790283203,1321.34912109375,1.1475110054016113,7.029861927032471,0.06406453996896744
133,bs_beamformer,0.08469900488853455,0.0,37.74436950683594,0.0,7.036217212677002,0.07448301464319229
133,uav_jammer,1.2239609956741333,0.0,976.0035400390625,0.0,7.030858993530273,0.07155230641365051
134,bs_beamformer,0.021429119631648064,-7.887322425842285,10.849249839782715,0.05478110909461975,7.0369415283203125,0.07475590705871582
134,uav_jammer,1.119888424873352,22.60338592529297,988.059814453125,4.237004280090332,7.023226737976074,0.05405813455581665
135,bs_beamformer,0.049922727048397064,0.0,26.910167694091797,0.0,7.041565895080566,0.08116193860769272
135,uav_jammer,1.8830902576446533,0.0,1264.43505859375,0.0,7.032844066619873,0.06179467961192131
136,bs_beamformer,0.14143924415111542,-7.9973320960998535,48.75924301147461,0.08249970525503159,7.032444477081299,0.10444887727499008
136,uav_jammer,0.6489446759223938,20.824323654174805,397.5119934082031,1.0209949016571045,7.029507160186768,0.061707496643066406
137,bs_beamformer,0.09268303215503693,0.0,39.31798553466797,0.0,7.042972087860107,0.08335570991039276
137,uav_jammer,0.64872807264328,0.0,557.7190551757812,0.0,7.025744438171387,0.06193334609270096
138,bs_beamformer,0.02706708014011383,-7.556153774261475,16.17530059814453,0.16071270406246185,7.034960746765137,0.07535456120967865
138,uav_jammer,1.6910964250564575,21.55060577392578,1114.6600341796875,0.13272389769554138,7.0272111892700195,0.06318039447069168
139,bs_beamformer,0.07935070991516113,0.0,36.08573913574219,0.0,7.028265953063965,0.06594306230545044
139,uav_jammer,0.7249950170516968,0.0,449.4148864746094,0.0,7.030097007751465,0.06681419909000397
140,bs_beamformer,0.14654068648815155,-7.452942371368408,51.5550537109375,0.3092881441116333,7.033138275146484,0.07781260460615158
140,uav_jammer,5.087375640869141,19.45073890686035,2331.528564453125,0.1973143070936203,7.025694370269775,0.0595652274787426
141,bs_beamformer,0.15542437136173248,0.0,53.06362533569336,0.0,7.032252788543701,0.07922656834125519
141,uav_jammer,5.7051801681518555,0.0,2500.143798828125,0.0,7.02821159362793,0.06418726593255997
142,bs_beamformer,0.05964948609471321,-7.935876369476318,30.393402099609375,0.8257452249526978,7.030247688293457,0.07272081822156906
142,uav_jammer,1.463390827178955,23.704526901245117,984.0105590820312,0.07943215221166611,7.029904365539551,0.06670250743627548
143,bs_beamformer,0.016091439872980118,0.0,6.397647857666016,0.0,7.027422904968262,0.06815642863512039
143,uav_jammer,5.575632572174072,0.0,2503.724853515625,0.0,7.02568244934082,0.06046092510223389
144,bs_beamformer,0.04945264011621475,-8.038028717041016,26.30738067626953,2.213503122329712,7.031210899353027,0.06867735087871552
144,uav_jammer,9.338418006896973,22.776729583740234,3298.35009765625,0.2545740604400635,7.026930809020996,0.06147698685526848
145,bs_beamformer,0.02013324946165085,0.0,14.629169464111328,0.0,7.027690887451172,0.06679326295852661
145,uav_jammer,4.452244281768799,0.0,2238.596435546875,0.0,7.026418685913086,0.06540367752313614
146,bs_beamformer,0.016438281163573265,-7.88753604888916,9.762596130371094,3.6866815090179443,7.019466876983643,0.07473094761371613
146,uav_jammer,1.69379460811615,20.770124435424805,1099.8167724609375,0.07023404538631439,7.03131628036499,0.07004231214523315
147,bs_beamformer,0.03260911628603935,0.0,17.491668701171875,0.0,7.029332160949707,0.06815610826015472
147,uav_jammer,3.5514674186706543,0.0,1818.4710693359375,0.0,7.0294084548950195,0.06889083981513977
148,bs_beamformer,0.015455760061740875,-8.14211368560791,4.707341194152832,1.1987887620925903,7.02578592300415,0.06801550090312958
148,uav_jammer,3.0109121799468994,22.84322166442871,1719.3431396484375,0.057883214205503464,7.026740074157715,0.06542897969484329
149,bs_beamformer,0.06264976412057877,0.0,27.617053985595703,0.0,7.016201019287109,0.10189331322908401
149,uav_jammer,1.3427246809005737,0.0,1030.726318359375,0.0,7.018804550170898,0.09708251804113388
150,bs_beamformer,0.037278205156326294,-8.124395370483398,21.559528350830078,0.17042189836502075,7.024165153503418,0.06862781941890717
150,uav_jammer,2.506659507751465,20.317955017089844,1605.369140625,0.0343860425055027,7.018546104431152,0.05704660713672638
151,bs_beamformer,0.020957360044121742,0.0,11.214364051818848,0.0,7.027507781982422,0.07506725192070007
151,uav_jammer,2.8839974403381348,0.0,1734.873291015625,0.0,7.0288496017456055,0.0698525682091713
152,bs_beamformer,0.028425369411706924,-8.172211647033691,11.34427547454834,0.06267151236534119,7.027266979217529,0.08955027908086777
152,uav_jammer,0.7226316928863525,23.738550186157227,546.9376220703125,0.058853182941675186,7.017963409423828,0.09918651729822159
153,bs_beamformer,0.03906446695327759,0.0,20.982206344604492,0.0,7.030548095703125,0.07377904653549194
153,uav_jammer,3.852276086807251,0.0,2031.5028076171875,0.0,7.023175239562988,0.05624282360076904
154,bs_beamformer,0.024440236389636993,-8.240092277526855,13.546673774719238,0.05919471010565758,7.026287078857422,0.07948949187994003
154,uav_jammer,3.667928695678711,20.805784225463867,1931.8880615234375,0.11045581102371216,7.018714427947998,0.10152622312307358
155,bs_beamformer,0.030059928074479103,0.0,18.706960678100586,0.0,7.024701118469238,0.0659584105014801
155,uav_jammer,0.6950658559799194,0.0,292.2442932128906,0.0,7.024696350097656,0.10685994476079941
156,bs_beamformer,0.038364097476005554,-8.217068672180176,19.401330947875977,0.09068434685468674,7.027919292449951,0.08377745002508163
156,uav_jammer,4.09467887878418,19.88827896118164,2094.741943359375,0.11350307613611221,7.023287773132324,0.06467275321483612
157,bs_beamformer,0.03587149456143379,0.0,19.966630935668945,0.0,7.016948699951172,0.0746627002954483
157,uav_jammer,3.7763729095458984,0.0,2013.955810546875,0.0,7.016778469085693,0.05940959230065346
158,bs_beamformer,0.03772689774632454,-8.358956336975098,19.370580673217773,0.13409946858882904,7.028466701507568,0.07727961987257004
158,uav_jammer,0.5419986844062805,21.535015106201172,454.70574951171875,0.1987132430076599,7.019128322601318,0.06533676385879517
159,bs_beamformer,0.024949584156274796,0.0,8.698673248291016,0.0,7.014521598815918,0.15344658493995667
159,uav_jammer,3.2353579998016357,0.0,1876.650390625,0.0,7.032440662384033,0.07211063802242279
160,bs_beamformer,0.016898974776268005,-8.303824424743652,6.641567230224609,0.07562818378210068,7.017931938171387,0.07114085555076599
160,uav_jammer,3.312349796295166,21.175750732421875,1914.1885986328125,0.24454669654369354,7.02725887298584,0.06823849678039551
161,bs_beamformer,0.0715952217578888,0.0,28.840089797973633,0.0,7.012917995452881,0.15453055500984192
161,uav_jammer,0.5807123780250549,0.0,540.050537109375,0.0,7.025609016418457,0.06543608754873276
162,bs_beamformer,0.05019524693489075,-8.363309860229492,23.323261260986328,0.1106715053319931,7.012270927429199,0.1551048755645752
162,uav_jammer,4.8615264892578125,20.992626190185547,2366.79296875,1.1764665842056274,7.019383907318115,0.10448147356510162
163,bs_beamformer,0.01763138175010681,0.0,5.200987339019775,0.0,7.025241851806641,0.06941112130880356
163,uav_jammer,8.351865768432617,0.0,3145.29052734375,0.0,7.023937702178955,0.1050986498594284
164,bs_beamformer,0.07723507285118103,-8.622139930725098,34.310882568359375,0.23115263879299164,7.027815341949463,0.06952784210443497
164,uav_jammer,4.154803276062012,21.036619186401367,2194.756103515625,1.32485032081604,7.019626617431641,0.10390043258666992
165,bs_beamformer,0.07596676796674728,0.0,34.343929290771484,0.0,7.025315761566162,0.07025603950023651
165,uav_jammer,0.5938449501991272,0.0,513.3120727539062,0.0,7.023589611053467,0.06782379001379013
166,bs_beamformer,0.0361938402056694,-8.415791511535645,19.41067886352539,0.21466782689094543,7.035755634307861,0.08469603210687637
166,uav_jammer,1.6109851598739624,20.24538803100586,1185.3138427734375,1.3243826627731323,7.025554656982422,0.1098615825176239
167,bs_beamformer,0.05455762520432472,0.0,26.939857482910156,0.0,7.025320053100586,0.07165025174617767
167,uav_jammer,0.45409607887268066,0.0,218.0623779296875,0.0,7.029219627380371,0.07453637570142746
168,bs_beamformer,0.07834377139806747,-8.328917503356934,33.661720275878906,0.1286710947751999,7.025078296661377,0.07056236267089844
168,uav_jammer,5.122948169708252,20.31997299194336,2399.494140625,0.7694054841995239,7.025815486907959,0.07760974019765854
169,bs_beamformer,0.058891937136650085,0.0,30.03500747680664,0.0,7.029724597930908,0.07896549999713898
169,uav_jammer,7.675520420074463,0.0,2996.736083984375,0.0,7.02734375,0.07467062026262283
170,bs_beamformer,0.030897365882992744,-8.730792045593262,17.508481979370117,0.028979357331991196,7.025215148925781,0.07601911574602127
170,uav_jammer,3.5972492694854736,20.540416717529297,1922.99462890625,1.27488112449646,7.032630920410156,0.07973530143499374
171,bs_beamformer,0.036915555596351624,0.0,21.08796501159668,0.0,7.033377170562744,0.07815307378768921
171,uav_jammer,1.0439320802688599,0.0,853.8035888671875,0.0,7.028160572052002,0.07729791849851608
172,bs_beamformer,0.04581674560904503,-8.624054908752441,25.579601287841797,0.27345550060272217,7.021713733673096,0.07005037367343903
172,uav_jammer,2.5266847610473633,19.917081832885742,1531.2760009765625,1.626932144165039,7.03389310836792,0.08018603175878525
173,bs_beamformer,0.040195103734731674,0.0,16.492177963256836,0.0,7.006521224975586,0.1530209481716156
173,uav_jammer,0.9372952580451965,0.0,720.9373168945312,0.0,7.03155517578125,0.08474204689264297
174,bs_beamformer,0.032547906041145325,-8.518721580505371,19.424463272094727,0.14196161925792694,7.026384353637695,0.07494325935840607
174,uav_jammer,3.1835060119628906,20.272817611694336,1863.913818359375,0.5908411145210266,7.021377086639404,0.10798359662294388
175,bs_beamformer,0.04553195834159851,0.0,24.816864013671875,0.0,7.023225784301758,0.07374664396047592
175,uav_jammer,4.446698188781738,0.0,2235.1572265625,0.0,7.0287885665893555,0.08485989272594452
176,bs_beamformer,0.03339172527194023,-8.75821304321289,7.5506744384765625,0.21366356313228607,7.015374660491943,0.15463578701019287
176,uav_jammer,1.2267718315124512,20.263341903686523,1088.9814453125,1.398619294166565,7.021637439727783,0.07304582744836807
177,bs_beamformer,0.07246609777212143,0.0,33.278656005859375,0.0,7.015720367431641,0.06587762385606766
177,uav_jammer,3.053846597671509,0.0,1739.0438232421875,0.0,7.017871856689453,0.0671742781996727
178,bs_beamformer,0.09711578488349915,-8.788864135742188,38.809242248535156,0.1816101372241974,7.017370700836182,0.062368057668209076
178,uav_jammer,5.312625408172607,20.465526580810547,2483.278076171875,1.3996505737304688,7.0190348625183105,0.06385744363069534
179,bs_beamformer,0.04338063299655914,0.0,19.795005798339844,0.0,7.010385513305664,0.14940299093723297
179,uav_jammer,2.245274305343628,0.0,1556.6571044921875,0.0,7.01554536819458,0.1051952913403511
180,bs_beamformer,0.0643535628914833,-8.638681411743164,30.228153228759766,0.06962896883487701,7.014037609100342,0.06425176560878754
180,uav_jammer,1.028656244277954,19.967041015625,965.2613525390625,0.11912675201892853,7.018561363220215,0.07251226902008057
181,bs_beamformer,0.09747232496738434,0.0,39.818260192871094,0.0,7.014889717102051,0.07139895856380463
181,uav_jammer,2.0513055324554443,0.0,1449.2509765625,0.0,7.023201942443848,0.07026717066764832
182,bs_beamformer,0.052511416375637054,-8.760639190673828,26.338560104370117,0.08890582621097565,7.015664100646973,0.07668368518352509
182,uav_jammer,0.7918198704719543,19.095674514770508,419.2933044433594,0.06066817045211792,7.02496337890625,0.07336592674255371
183,bs_beamformer,0.03714493289589882,0.0,20.51313591003418,0.0,7.026697158813477,0.07301507890224457
183,uav_jammer,4.204298973083496,0.0,2222.838134765625,0.0,7.0172319412231445,0.06400640308856964
184,bs_beamformer,0.05154942348599434,-8.955639839172363,27.800708770751953,0.048500508069992065,7.019120693206787,0.06330861896276474
184,uav_jammer,6.995733737945557,19.211061477661133,2852.32177734375,0.06212460249662399,7.023348331451416,0.0726984515786171
185,bs_beamformer,0.028399290516972542,0.0,18.251867294311523,0.0,7.0185346603393555,0.07047129422426224
185,uav_jammer,3.320676803588867,0.0,1935.579833984375,0.0,7.019515514373779,0.08016614615917206
186,bs_beamformer,0.03307037428021431,-8.75087833404541,18.77167320251465,0.3636534810066223,7.020853042602539,0.07079828530550003
186,uav_jammer,0.7579420804977417,20.521148681640625,692.548095703125,0.23049475252628326,7.012352466583252,0.05708405002951622
187,bs_beamformer,0.036993689835071564,0.0,22.29103660583496,0.0,7.015051364898682,0.059909943491220474
187,uav_jammer,1.5840827226638794,0.0,1209.74951171875,0.0,7.020527362823486,0.0643741562962532
188,bs_beamformer,0.027957119047641754,-8.97587776184082,15.195062637329102,0.015144160017371178,7.015695571899414,0.06623800098896027
188,uav_jammer,0.6234132051467896,20.742399215698242,463.6034851074219,0.19597108662128448,7.01930570602417,0.07015378028154373
189,bs_beamformer,0.038084641098976135,0.0,18.01984977722168,0.0,7.011232852935791,0.08957934379577637
189,uav_jammer,3.7005066871643066,0.0,2014.6143798828125,0.0,7.018857955932617,0.06500840932130814
190,bs_beamformer,0.0403040274977684,-9.010735511779785,22.856542587280273,0.02895580604672432,7.016005039215088,0.06815501302480698
190,uav_jammer,4.961791038513184,20.683584213256836,2424.769287109375,0.22473587095737457,7.01078987121582,0.058103665709495544
191,bs_beamformer,0.02128966897726059,0.0,13.058382987976074,0.0,7.015104293823242,0.0701851025223732
191,uav_jammer,1.1848719120025635,0.0,1013.9922485351562,0.0,7.019662857055664,0.0666266456246376
192,bs_beamformer,0.023874476552009583,-8.882155418395996,14.714997291564941,0.11773814260959625,7.022228240966797,0.07266318053007126
192,uav_jammer,3.41117000579834,18.91539764404297,1939.8665771484375,0.36702534556388855,7.011009693145752,0.05470949411392212
193,bs_beamformer,0.04031161963939667,0.0,22.18703842163086,0.0,7.019684314727783,0.07111632823944092
193,uav_jammer,6.1840410232543945,0.0,2768.081298828125,0.0,7.005243301391602,0.06230375915765762
194,bs_beamformer,0.016126524657011032,-9.024230003356934,7.21364164352417,0.2753586769104004,7.024431228637695,0.07369469106197357
194,uav_jammer,3.1989026069641113,20.74860191345215,1876.311767578125,1.9243121147155762,7.007510185241699,0.15440505743026733
195,bs_beamformer,0.022201374173164368,0.0,12.605813980102539,0.0,7.019775867462158,0.0693766176700592
195,uav_jammer,1.3073928356170654,0.0,992.9048461914062,0.0,7.011066436767578,0.07671519368886948
196,bs_beamformer,0.014690620824694633,-9.065194129943848,5.2258501052856445,0.23465216159820557,7.020777225494385,0.07619772851467133
196,uav_jammer,2.9111130237579346,18.6021671295166,1826.394287109375,0.9334166646003723,7.018521785736084,0.0683337077498436
197,bs_beamformer,0.0613730289041996,0.0,30.044204711914062,0.0,7.018778324127197,0.06979601085186005
197,uav_jammer,3.3201589584350586,0.0,1917.0235595703125,0.0,7.009835243225098,0.05954013392329216
198,bs_beamformer,0.06787959486246109,-9.093148231506348,31.956632614135742,0.1250346601009369,7.013628959655762,0.06459173560142517
198,uav_jammer,0.5263946056365967,21.42795753479004,445.53857421875,12.789058685302734,7.01612663269043,0.09600601345300674
199,bs_beamformer,0.02170611172914505,0.0,11.838724136352539,0.0,7.02189302444458,0.07078462094068527
199,uav_jammer,6.982054710388184,0.0,2744.194580078125,0.0,7.0112152099609375,0.10078310966491699
200,bs_beamformer,0.08957982063293457,-9.087581634521484,37.08310317993164,0.05295118689537048,7.0168070793151855,0.06752945482730865
200,uav_jammer,11.253974914550781,20.526580810546875,3535.406005859375,0.6428025364875793,7.018394947052002,0.07857172191143036
201,bs_beamformer,0.14737866818904877,0.0,49.8319206237793,0.0,7.009312629699707,0.061902087181806564
201,uav_jammer,4.813266754150391,0.0,2266.20068359375,0.0,7.024567127227783,0.07349079102277756
202,bs_beamformer,0.10071442276239395,-9.12033748626709,39.476806640625,0.022640882059931755,7.017868995666504,0.06471497565507889
202,uav_jammer,1.5219507217407227,18.826663970947266,1116.576416015625,0.06699740141630173,7.016404628753662,0.06494516879320145
203,bs_beamformer,0.015842415392398834,0.0,3.091153621673584,0.0,7.0173492431640625,0.061122823506593704
203,uav_jammer,3.4182991981506348,0.0,1884.4423828125,0.0,7.0159807205200195,0.07820399850606918
204,bs_beamformer,0.08941347897052765,-9.383706092834473,37.90456771850586,0.013387221843004227,7.016474723815918,0.06524822115898132
204,uav_jammer,2.4739322662353516,20.195846557617188,1556.2156982421875,0.07876457273960114,7.011911869049072,0.07107070833444595
205,bs_beamformer,0.13888898491859436,0.0,48.45733642578125,0.0,7.011538982391357,0.06254764646291733
205,uav_jammer,1.8362271785736084,0.0,1219.1976318359375,0.0,7.01490592956543,0.07326573878526688
206,bs_beamformer,0.07848378270864487,-9.209833145141602,35.04989242553711,0.006849858909845352,7.016672611236572,0.06455124914646149
206,uav_jammer,2.1138248443603516,18.22538948059082,1395.5123291015625,0.20620059967041016,7.024037837982178,0.06867249310016632
207,bs_beamformer,0.012966230511665344,0.0,3.141502857208252,0.0,7.015172004699707,0.06498250365257263
207,uav_jammer,2.6161346435546875,0.0,1554.9263916015625,0.0,7.009354591369629,0.07275975495576859
208,bs_beamformer,0.02823185920715332,-9.171503067016602,16.105440139770508,0.005981839261949062,7.01712703704834,0.060762688517570496
208,uav_jammer,0.918968677520752,21.358234405517578,727.9296264648438,0.0320248007774353,7.017417907714844,0.0656624361872673
209,bs_beamformer,0.01622890494763851,0.0,8.884346961975098,0.0,7.010801792144775,0.0562715120613575
209,uav_jammer,3.7451586723327637,0.0,1925.7281494140625,0.0,7.011129379272461,0.05701148882508278
210,bs_beamformer,0.03276905417442322,-9.418329238891602,20.892173767089844,0.0019296747632324696,7.012838363647461,0.056229665875434875
210,uav_jammer,4.21457052230835,18.826753616333008,2095.076416015625,0.1162324920296669,7.014050006866455,0.06383361667394638
211,bs_beamformer,0.0509365051984787,0.0,20.880746841430664,0.0,7.003941535949707,0.14561563730239868
211,uav_jammer,0.7288656830787659,0.0,314.7304992675781,0.0,7.002387523651123,0.14674808084964752
212,bs_beamformer,0.02919885888695717,-9.075535774230957,5.242382526397705,0.006477277260273695,7.00252628326416,0.1464681178331375
212,uav_jammer,9.558525085449219,16.12131690979004,3228.906494140625,0.08022422343492508,7.000632286071777,0.15168394148349762
213,bs_beamformer,0.10201363265514374,0.0,37.020687103271484,0.0,7.007106304168701,0.1483217477798462
213,uav_jammer,16.628299713134766,0.0,4326.50537109375,0.0,7.004444599151611,0.14745895564556122
214,bs_beamformer,0.12893766164779663,-9.124094009399414,47.450958251953125,0.007114668842405081,7.016111850738525,0.05950012803077698
214,uav_jammer,10.296072959899902,18.434900283813477,3370.817626953125,0.08598995953798294,7.017744541168213,0.05700425058603287
215,bs_beamformer,0.07237546145915985,0.0,34.05080032348633,0.0,7.0186872482299805,0.06305651366710663
215,uav_jammer,0.97147136926651,0.0,726.0618286132812,0.0,7.024794578552246,0.07056216150522232
216,bs_beamformer,0.01279766671359539,-9.485665321350098,3.925755023956299,0.014811469241976738,7.017572402954102,0.061481405049562454
216,uav_jammer,8.482715606689453,21.35655403137207,2994.651123046875,0.026511501520872116,7.0197014808654785,0.06680034846067429
217,bs_beamformer,0.02353242039680481,0.0,13.994762420654297,0.0,7.018564701080322,0.06397297978401184
217,uav_jammer,20.18869972229004,0.0,4741.43896484375,0.0,7.016207218170166,0.06295045465230942
218,bs_beamformer,0.012643052265048027,-9.205853462219238,6.4720354080200195,0.008199893869459629,7.00970458984375,0.06173260137438774
218,uav_jammer,16.127960205078125,18.7238826751709,4231.3515625,0.011126921512186527,7.007602691650391,0.15008924901485443
219,bs_beamformer,0.05058394372463226,0.0,27.654916763305664,0.0,7.017158031463623,0.06442902237176895
219,uav_jammer,5.0399088859558105,0.0,2324.710205078125,0.0,7.0126800537109375,0.058646585792303085
220,bs_beamformer,0.057627804577350616,-9.338093757629395,31.100080490112305,0.008359885774552822,7.015351295471191,0.06121530383825302
220,uav_jammer,2.7475616931915283,15.920361518859863,1557.6314697265625,0.010264494456350803,7.004001617431641,0.14451950788497925
221,bs_beamformer,0.025536317378282547,0.0,16.043315887451172,0.0,7.0187764167785645,0.06094389408826828
221,uav_jammer,7.367823600769043,0.0,2772.51025390625,0.0,7.022773265838623,0.06666797399520874
222,bs_beamformer,0.040457285940647125,-9.71147632598877,24.42569351196289,0.03266150504350662,7.016952037811279,0.061440322548151016
222,uav_jammer,6.801767826080322,18.276277542114258,2746.087646484375,0.07970057427883148,7.00620698928833,0.14940957725048065
223,bs_beamformer,0.06326640397310257,0.0,32.0029411315918,0.0,7.027809143066406,0.07131325453519821
223,uav_jammer,2.310121774673462,0.0,1529.2471923828125,0.0,7.020030498504639,0.06072518974542618
224,bs_beamformer,0.042667046189308167,-9.40385913848877,22.799034118652344,0.009181859903037548,7.009145259857178,0.08799949288368225
224,uav_jammer,2.736182451248169,18.714427947998047,1588.973388671875,0.06563612818717957,7.006490707397461,0.14765894412994385
225,bs_beamformer,0.023899974301457405,0.0,14.447831153869629,0.0,7.020203590393066,0.07652556896209717
225,uav_jammer,4.260707378387451,0.0,2174.217529296875,0.0,7.019673824310303,0.06529727578163147
226,bs_beamformer,0.031193239614367485,-9.477163314819336,20.291452407836914,0.01036186795681715,7.014998435974121,0.06159314885735512
226,uav_jammer,3.258044481277466,17.184833526611328,1869.0902099609375,0.09710987657308578,7.004528999328613,0.14587996900081635
227,bs_beamformer,0.025693746283650398,0.0,7.093312740325928,0.0,7.013002872467041,0.09849801659584045
227,uav_jammer,1.051770567893982,0.0,957.53369140625,0.0,7.015266418457031,0.05527551472187042
228,bs_beamformer,0.057730842381715775,-9.806010246276855,27.974178314208984,0.034068334847688675,7.019996166229248,0.0962802842259407
228,uav_jammer,3.0955376625061035,19.25861167907715,1833.8343505859375,0.0027661246713250875,7.015787601470947,0.054659731686115265
229,bs_beamformer,0.07383212447166443,0.0,35.25656509399414,0.0,7.022780895233154,0.07278276979923248
229,uav_jammer,4.741969585418701,0.0,2284.58154296875,0.0,7.012442588806152,0.055523891001939774
230,bs_beamformer,0.04254324734210968,-9.512307167053223,23.16208839416504,0.03785672411322594,7.022799491882324,0.08140242099761963
230,uav_jammer,1.2983670234680176,15.895782470703125,998.7991333007812,0.04314311221241951,7.0151777267456055,0.06019769236445427
231,bs_beamformer,0.02142138034105301,0.0,15.430713653564453,0.0,7.0202836990356445,0.06774657219648361
231,uav_jammer,3.2125320434570312,0.0,1756.7275390625,0.0,7.024112701416016,0.067637138068676
232,bs_beamformer,0.03962558135390282,-9.567071914672852,23.01967430114746,0.0005869053420610726,7.031042575836182,0.07453414052724838
232,uav_jammer,6.623610496520996,16.39036750793457,2653.458251953125,0.1767061948776245,7.0125412940979,0.05562301725149155
233,bs_beamformer,0.019272591918706894,0.0,12.223780632019043,0.0,7.019418716430664,0.08013639599084854
233,uav_jammer,3.1888575553894043,0.0,1652.747802734375,0.0,7.023024082183838,0.06769279390573502
234,bs_beamformer,0.04169587045907974,-9.878036499023438,23.487247467041016,0.060520026832818985,7.0176167488098145,0.07507413625717163
234,uav_jammer,1.244408130645752,18.350290298461914,959.5060424804688,0.1436896026134491,7.018918514251709,0.065261110663414
235,bs_beamformer,0.05711112916469574,0.0,29.369186401367188,0.0,7.019279479980469,0.06433814018964767
235,uav_jammer,2.3855762481689453,0.0,1561.0306396484375,0.0,7.017497539520264,0.06230244040489197
236,bs_beamformer,0.024619847536087036,-9.537107467651367,15.116402626037598,0.03112061507999897,7.016748428344727,0.06351351737976074
236,uav_jammer,0.8306952118873596,17.503402709960938,678.0283203125,0.1076296716928482,7.019614219665527,0.06347139924764633
237,bs_beamformer,0.0394633412361145,0.0,22.992578506469727,0.0,7.021315097808838,0.0676712766289711
237,uav_jammer,2.515471935272217,0.0,1552.5262451171875,0.0,7.020202159881592,0.06518580764532089
238,bs_beamformer,0.05941052734851837,-9.582243919372559,30.28020668029785,0.07385723292827606,7.0178680419921875,0.06100718304514885
238,uav_jammer,3.397494316101074,17.660961151123047,1891.40869140625,0.00738965068012476,7.0189127922058105,0.062219612300395966
239,bs_beamformer,0.03504233434796333,0.0,20.9927978515625,0.0,7.020453929901123,0.06568270921707153
239,uav_jammer,0.7944362163543701,0.0,783.07470703125,0.0,7.013949394226074,0.05900122597813606
240,bs_beamformer,0.01947854459285736,-9.88780403137207,13.822155952453613,0.014780092984437943,7.014183521270752,0.05157128721475601
240,uav_jammer,3.081531524658203,17.242177963256836,1790.8277587890625,0.004314133431762457,7.014891147613525,0.0639498382806778
241,bs_beamformer,0.029503904283046722,0.0,19.284069061279297,0.0,7.0228495597839355,0.06848248839378357
241,uav_jammer,5.30958366394043,0.0,2442.91796875,0.0,7.012563705444336,0.05630027875304222
242,bs_beamformer,0.01424078643321991,-9.571870803833008,6.011633396148682,0.07961023598909378,7.023653030395508,0.06784949451684952
242,uav_jammer,2.449307918548584,16.613670349121094,1509.7509765625,0.017507659271359444,7.020562171936035,0.06023206189274788
243,bs_beamformer,0.07028630375862122,0.0,33.56687545776367,0.0,7.02305793762207,0.06846914440393448
243,uav_jammer,0.965725839138031,0.0,916.3745727539062,0.0,7.016243934631348,0.060011401772499084
244,bs_beamformer,0.0926910787820816,-9.618043899536133,40.136417388916016,0.06029944121837616,7.016731262207031,0.058640748262405396
244,uav_jammer,2.313929319381714,18.191184997558594,1462.852294921875,0.04417884722352028,7.015383243560791,0.061194125562906265
245,bs_beamformer,0.06138192489743233,0.0,30.644134521484375,0.0,7.0191497802734375,0.0618344247341156
245,uav_jammer,0.5833680033683777,0.0,565.7232055664062,0.0,7.024326801300049,0.0700976550579071
246,bs_beamformer,0.01496689859777689,-9.974528312683105,6.334678649902344,0.024492839351296425,7.0189385414123535,0.06335385143756866
246,uav_jammer,2.890859842300415,16.477615356445312,1704.9744873046875,0.032042715698480606,7.017348289489746,0.06721773743629456
247,bs_beamformer,0.02966330014169216,0.0,18.949914932250977,0.0,7.012121200561523,0.05463347211480141
247,uav_jammer,4.053609371185303,0.0,2127.466064453125,0.0,7.016075611114502,0.09308148175477982
248,bs_beamformer,0.02101241797208786,-9.759682655334473,12.153103828430176,0.011121964082121849,7.021745204925537,0.06403513997793198
248,uav_jammer,1.5092124938964844,17.42776870727539,1059.9891357421875,0.1744319200515747,7.023237705230713,0.07738848030567169
249,bs_beamformer,0.03049451857805252,0.0,19.132963180541992,0.0,7.0217790603637695,0.06001700833439827
249,uav_jammer,2.1109354496002197,0.0,1437.33642578125,0.0,7.0182881355285645,0.06146550551056862
250,bs_beamformer,0.03634113073348999,-9.867890357971191,21.961523056030273,0.04241876304149628,7.01678466796875,0.05473450571298599
250,uav_jammer,4.339747905731201,17.43364715576172,2209.43701171875,0.08204251527786255,7.017912864685059,0.053525540977716446
251,bs_beamformer,0.022094905376434326,0.0,11.521395683288574,0.0,7.020651817321777,0.06230662763118744
251,uav_jammer,2.010361909866333,0.0,1337.4345703125,0.0,7.0155839920043945,0.054697852581739426
252,bs_beamformer,0.0405743233859539,-10.140243530273438,23.66907501220703,0.02146139182150364,7.022658348083496,0.0604223795235157
252,uav_jammer,1.2328554391860962,17.432313919067383,941.4617919921875,0.04976137354969978,7.021277904510498,0.058083780109882355
253,bs_beamformer,0.043299123644828796,0.0,25.232820510864258,0.0,7.019533157348633,0.05721205845475197
253,uav_jammer,2.1165077686309814,0.0,1422.5574951171875,0.0,7.02187442779541,0.06214490905404091
254,bs_beamformer,0.01728937216103077,-9.765134811401367,10.624237060546875,0.0004165416758041829,7.021198749542236,0.05611829087138176
254,uav_jammer,0.9314053058624268,16.334896087646484,643.9371337890625,0.026733923703432083,7.02131986618042,0.061692334711551666
255,bs_beamformer,0.05636455491185188,0.0,30.058429718017578,0.0,7.0165510177612305,0.052544333040714264
255,uav_jammer,2.535508632659912,0.0,1626.307373046875,0.0,7.013993740081787,0.08973489701747894
256,bs_beamformer,0.09774243831634521,-9.803289413452148,41.55361557006836,0.011219987645745277,7.020890235900879,0.06210950016975403
256,uav_jammer,4.097447872161865,16.171178817749023,2083.07275390625,0.0025011710822582245,7.021544933319092,0.06344951689243317
257,bs_beamformer,0.06186249107122421,0.0,31.248151779174805,0.0,7.017047882080078,0.05988451465964317
257,uav_jammer,1.2746100425720215,0.0,1076.06982421875,0.0,7.0181684494018555,0.09078048914670944
258,bs_beamformer,0.011514310725033283,-10.202939987182617,6.01714563369751,0.00542871979996562,7.021381378173828,0.06177600100636482
258,uav_jammer,1.9619026184082031,17.136470794677734,1390.86865234375,0.0144303934648633,7.019772529602051,0.09144027531147003
259,bs_beamformer,0.04939908906817436,0.0,25.91686248779297,0.0,7.018360137939453,0.06181952357292175
259,uav_jammer,4.19167947769165,0.0,2075.6962890625,0.0,7.017107009887695,0.09108266979455948
260,bs_beamformer,0.05211114510893822,-10.133451461791992,29.529457092285156,0.0004224398289807141,7.023114204406738,0.06216137856245041
260,uav_jammer,1.7003751993179321,16.092132568359375,1264.9462890625,0.009075754322111607,7.016834735870361,0.0890120416879654
261,bs_beamformer,0.014808088541030884,0.0,6.996983051300049,0.0,7.012905597686768,0.05579658970236778
261,uav_jammer,1.2186933755874634,0.0,980.7802734375,0.0,7.0259175300598145,0.07225392758846283
262,bs_beamformer,0.06938450038433075,-9.773193359375,33.73625183105469,0.022238222882151604,7.009726047515869,0.049373168498277664
262,uav_jammer,2.269563674926758,16.249755859375,1477.4674072265625,0.0195094496011734,7.021816253662109,0.07446517050266266
263,bs_beamformer,0.13686026632785797,0.0,49.9300651550293,0.0,7.01619815826416,0.0543786995112896
263,uav_jammer,0.8968436121940613,0.0,728.0330200195312,0.0,7.027318954467773,0.07397372275590897
264,bs_beamformer,0.09126065671443939,-10.046919822692871,39.08793640136719,0.020020727068185806,7.020971775054932,0.05474218726158142
264,uav_jammer,2.0523838996887207,15.565932273864746,1457.071533203125,0.006890076212584972,7.021958827972412,0.06508392095565796
265,bs_beamformer,0.026308152824640274,0.0,17.626981735229492,0.0,7.018515110015869,0.05476371571421623
265,uav_jammer,3.2543630599975586,0.0,1797.0247802734375,0.0,7.024017333984375,0.10107667744159698
266,bs_beamformer,0.058638766407966614,-10.498477935791016,30.578100204467773,0.008197253569960594,7.023972511291504,0.06150225177407265
266,uav_jammer,0.9630069732666016,15.98035717010498,822.8490600585938,0.027298156172037125,7.025328636169434,0.06890406459569931
267,bs_beamformer,0.10141806304454803,0.0,43.05464172363281,0.0,7.021441459655762,0.06061939522624016
267,uav_jammer,2.4733452796936035,0.0,1563.4615478515625,0.0,7.023184776306152,0.0974632129073143
268,bs_beamformer,0.08127857744693756,-10.27581787109375,38.67969512939453,0.0036759767681360245,7.013847827911377,0.050734326243400574
268,uav_jammer,4.827365875244141,15.921943664550781,2227.4677734375,0.03135532885789871,7.025729179382324,0.09559585154056549
269,bs_beamformer,0.015286130830645561,0.0,9.455422401428223,0.0,7.015895843505859,0.046188198029994965
269,uav_jammer,2.4962477684020996,0.0,1552.9207763671875,0.0,7.022104263305664,0.06382273882627487
270,bs_beamformer,0.07040942460298538,-9.886184692382812,34.51573944091797,0.005980995018035173,7.023317813873291,0.05954327806830406
270,uav_jammer,0.7793973684310913,15.492987632751465,712.756103515625,0.021885955706238747,7.013056755065918,0.14900372922420502
271,bs_beamformer,0.17882601916790009,0.0,57.97261047363281,0.0,7.022335529327393,0.06823516637086868
271,uav_jammer,1.634082555770874,0.0,1252.0101318359375,0.0,7.0195512771606445,0.08580246567726135
272,bs_beamformer,0.12676085531711578,-10.129066467285156,48.425846099853516,0.008845459669828415,7.021130561828613,0.05923974886536598
272,uav_jammer,0.7379912734031677,15.087361335754395,699.7466430664062,0.02031182311475277,7.018555164337158,0.054779183119535446
273,bs_beamformer,0.046817347407341,0.0,25.484066009521484,0.0,7.024513244628906,0.0571003220975399
273,uav_jammer,1.9077534675598145,0.0,1413.0775146484375,0.0,7.00904655456543,0.1465742588043213
274,bs_beamformer,0.03760453686118126,-10.594619750976562,23.23977279663086,0.000444250472355634,7.016043663024902,0.058575160801410675
274,uav_jammer,2.958195686340332,15.466379165649414,1734.6304931640625,0.006150335073471069,7.014328479766846,0.14785756170749664
275,bs_beamformer,0.07993113994598389,0.0,37.28335189819336,0.0,7.018600940704346,0.053869932889938354
275,uav_jammer,0.7160523533821106,0.0,654.0773315429688,0.0,7.025653839111328,0.06289312243461609
276,bs_beamformer,0.07615867257118225,-10.410928726196289,34.976104736328125,0.010601773858070374,7.0217695236206055,0.06304939836263657
276,uav_jammer,2.9751169681549072,16.464557647705078,1772.2835693359375,0.03858029469847679,7.023820877075195,0.06415268778800964
277,bs_beamformer,0.016611002385616302,0.0,11.537301063537598,0.0,7.02060604095459,0.057788457721471786
277,uav_jammer,5.32358455657959,0.0,2392.7666015625,0.0,7.018848419189453,0.060021016746759415
278,bs_beamformer,0.049238525331020355,-10.136736869812012,27.47916030883789,0.0004133007605560124,7.027315139770508,0.05922800675034523
278,uav_jammer,2.5708065032958984,15.583036422729492,1599.6201171875,0.007579683791846037,7.023520469665527,0.06657616049051285
279,bs_beamformer,0.09790130704641342,0.0,41.90719223022461,0.0,7.021108150482178,0.061024148017168045
279,uav_jammer,0.4458436369895935,0.0,569.7872314453125,0.0,7.01804256439209,0.05753925442695618
280,bs_beamformer,0.0526004433631897,-10.443737983703613,29.219480514526367,0.00262110261246562,7.020943641662598,0.057348474860191345
280,uav_jammer,1.5223363637924194,16.344881057739258,1180.92431640625,0.01621580682694912,7.019908905029297,0.058806296437978745
281,bs_beamformer,0.010855242609977722,0.0,6.693110466003418,0.0,7.014852523803711,0.054132603108882904
281,uav_jammer,0.46944424510002136,0.0,614.1416015625,0.0,7.017969608306885,0.0468103289604187
282,bs_beamformer,0.06373557448387146,-10.732312202453613,32.307403564453125,0.010300642810761929,7.021904945373535,0.054878588765859604
282,uav_jammer,2.427539110183716,14.99924087524414,1512.9024658203125,0.023288868367671967,7.028336524963379,0.06416061520576477
283,bs_beamformer,0.070607990026474,0.0,34.82294845581055,0.0,7.021825313568115,0.055108632892370224
283,uav_jammer,3.1879429817199707,0.0,1828.6905517578125,0.0,7.024351119995117,0.05416940525174141
284,bs_beamformer,0.0330994538962841,-10.412111282348633,21.65943717956543,0.004865825641900301,7.0244832038879395,0.05561457946896553
284,uav_jammer,0.8405381441116333,17.031103134155273,745.1215209960938,0.0111067034304142,7.025818824768066,0.05763407424092293
285,bs_beamformer,0.028878912329673767,0.0,19.704072952270508,0.0,7.020278453826904,0.05483342707157135
285,uav_jammer,2.7143311500549316,0.0,1627.453369140625,0.0,7.026926040649414,0.06180445849895477
286,bs_beamformer,0.04706548899412155,-10.403010368347168,27.209808349609375,0.004958635196089745,7.027050971984863,0.060247842222452164
286,uav_jammer,4.617605686187744,15.422269821166992,2201.337890625,0.066304512321949,7.021834850311279,0.06274300813674927
287,bs_beamformer,0.03542601317167282,0.0,21.7907772064209,0.0,7.025299549102783,0.055596280843019485
287,uav_jammer,2.086787700653076,0.0,1456.466552734375,0.0,7.0227508544921875,0.059957485646009445
288,bs_beamformer,0.019236352294683456,-10.724961280822754,13.400243759155273,0.0025829453952610493,7.016801834106445,0.04699556156992912
288,uav_jammer,0.9610778093338013,16.094905853271484,837.7509155273438,0.08316932618618011,7.024669647216797,0.06071258708834648
289,bs_beamformer,0.029863547533750534,0.0,19.503253936767578,0.0,7.027817726135254,0.06245525926351547
289,uav_jammer,2.0835695266723633,0.0,1413.659912109375,0.0,7.025617599487305,0.06238982826471329
290,bs_beamformer,0.021575823426246643,-10.51753044128418,13.846205711364746,0.0053525338880717754,7.0184502601623535,0.05348712578415871
290,uav_jammer,1.3997344970703125,15.23036003112793,1069.57763671875,0.051496341824531555,7.015805244445801,0.08939602226018906
291,bs_beamformer,0.025231298059225082,0.0,17.988195419311523,0.0,7.0177178382873535,0.04913286864757538
291,uav_jammer,0.8131142854690552,0.0,848.5464477539062,0.0,7.013453006744385,0.08341759443283081
292,bs_beamformer,0.03441203385591507,-10.633984565734863,21.78112030029297,0.0057173362001776695,7.017632961273193,0.05023035779595375
292,uav_jammer,1.2276753187179565,16.17508316040039,1105.5980224609375,0.012552711181342602,7.018529415130615,0.04846871271729469
293,bs_beamformer,0.013399804010987282,0.0,7.386127471923828,0.0,7.022097110748291,0.04737676680088043
293,uav_jammer,0.471333384513855,0.0,271.02984619140625,0.0,7.022564888000488,0.06690364331007004
294,bs_beamformer,0.0494835339486599,-10.933945655822754,27.055416107177734,0.006163240410387516,7.022691249847412,0.05341584235429764
294,uav_jammer,1.2195212841033936,15.019584655761719,1023.3988647460938,0.0028498293831944466,7.0215229988098145,0.0560479611158371
295,bs_beamformer,0.05436093360185623,0.0,29.453935623168945,0.0,7.023407459259033,0.053636644035577774
295,uav_jammer,0.22080478072166443,0.0,231.6987762451172,0.0,7.016866683959961,0.060532670468091965
296,bs_beamformer,0.027641693130135536,-10.59882926940918,17.712020874023438,0.006613094359636307,7.022840976715088,0.0539117157459259
296,uav_jammer,4.673582077026367,16.830533981323242,2109.716064453125,0.05487045645713806,7.021071434020996,0.06916648149490356
297,bs_beamformer,0.03360136225819588,0.0,21.20576286315918,0.0,7.01923942565918,0.04912795498967171
297,uav_jammer,6.430611610412598,0.0,2523.795166015625,0.0,7.021823883056641,0.05744136869907379
298,bs_beamformer,0.05525525286793709,-10.657205581665039,28.638330459594727,0.00457600736990571,7.02772855758667,0.060837194323539734
298,uav_jammer,1.5507164001464844,13.049707412719727,1141.053466796875,0.05770377442240715,7.0272216796875,0.06061878427863121
299,bs_beamformer,0.03350631147623062,0.0,21.126462936401367,0.0,7.020377159118652,0.05115671083331108
299,uav_jammer,2.811290740966797,0.0,1623.31494140625,0.0,7.025827407836914,0.06056375801563263
300,bs_beamformer,0.0166083462536335,-10.928144454956055,10.047685623168945,0.014361491426825523,7.021454811096191,0.049869462847709656
300,uav_jammer,5.749741077423096,14.306846618652344,2367.770263671875,0.07136328518390656,7.028998374938965,0.06591993570327759
301,bs_beamformer,0.02385304868221283,0.0,16.015209197998047,0.0,7.022563934326172,0.05193981155753136
301,uav_jammer,2.6027979850769043,0.0,1609.574462890625,0.0,7.022014141082764,0.06134902313351631
302,bs_beamformer,0.00999981164932251,-10.639814376831055,3.1058247089385986,0.007517038844525814,7.021430492401123,0.049048930406570435
302,uav_jammer,1.6752924919128418,15.290501594543457,1157.877685546875,0.023581206798553467,7.030086517333984,0.0662451684474945
303,bs_beamformer,0.08019593358039856,0.0,37.16158676147461,0.0,7.021751880645752,0.054296355694532394
303,uav_jammer,2.639373540878296,0.0,1560.3924560546875,0.0,7.0251240730285645,0.06351107358932495
304,bs_beamformer,0.10522134602069855,-10.684709548950195,43.646888732910156,0.005494747310876846,7.030132293701172,0.06218809634447098
304,uav_jammer,2.245218515396118,13.123723030090332,1447.3662109375,0.08417049795389175,7.022397994995117,0.06259727478027344
305,bs_beamformer,0.06861599534749985,0.0,34.442264556884766,0.0,7.024739742279053,0.058071985840797424
305,uav_jammer,1.541020393371582,0.0,1147.401611328125,0.0,7.020288467407227,0.06020678952336311
306,bs_beamformer,0.015072014182806015,-11.145364761352539,9.79944133758545,0.010244062170386314,7.018375396728516,0.057888928800821304
306,uav_jammer,1.3936046361923218,15.72896957397461,1103.1103515625,0.028392691165208817,7.021676063537598,0.05410570651292801
307,bs_beamformer,0.0520193874835968,0.0,28.976350784301758,0.0,7.018292427062988,0.06042163446545601
307,uav_jammer,2.1580262184143066,0.0,1442.1468505859375,0.0,7.025609493255615,0.058918267488479614
308,bs_beamformer,0.0907742902636528,-11.15440845489502,40.29241943359375,0.002668890170753002,7.016806602478027,0.054026905447244644
308,uav_jammer,0.7499308586120605,13.541976928710938,694.1429443359375,0.015736300498247147,7.0224528312683105,0.05608890950679779
309,bs_beamformer,0.04278716444969177,0.0,25.99079704284668,0.0,7.025327205657959,0.05288868024945259
309,uav_jammer,2.9657232761383057,0.0,1630.907470703125,0.0,7.025908946990967,0.06860651820898056
310,bs_beamformer,0.013222957029938698,-10.883358001708984,9.085824966430664,0.005411851219832897,7.019521236419678,0.05615994706749916
310,uav_jammer,4.090912342071533,13.900160789489746,1975.0804443359375,0.061635036021471024,7.023470878601074,0.06549859791994095
311,bs_beamformer,0.032835569232702255,0.0,21.629199981689453,0.0,7.02622127532959,0.05665784329175949
311,uav_jammer,0.7706046104431152,0.0,629.2560424804688,0.0,7.022936820983887,0.06454703211784363
312,bs_beamformer,0.014014832675457,-11.185606956481934,9.250595092773438,0.0111353425309062,7.024774551391602,0.05882071331143379
312,uav_jammer,5.4775166511535645,16.823484420776367,2243.64892578125,0.04970201849937439,7.029852390289307,0.06949329376220703
313,bs_beamformer,0.03435683995485306,0.0,17.131914138793945,0.0,7.020649433135986,0.095274917781353
313,uav_jammer,9.89763069152832,0.0,3134.1318359375,0.0,7.029444694519043,0.06710858643054962
314,bs_beamformer,0.048675358295440674,-11.135324478149414,24.156587600708008,0.002518169581890106,7.020467281341553,0.09730096161365509
314,uav_jammer,5.534513473510742,13.751352310180664,2301.66357421875,0.005492588970810175,7.029454708099365,0.06771060824394226
315,bs_beamformer,0.018815413117408752,0.0,4.32286262512207,0.0,7.021159648895264,0.09574273228645325
315,uav_jammer,0.5410794019699097,0.0,560.0084838867188,0.0,7.024470806121826,0.05900400131940842
316,bs_beamformer,0.052880335599184036,-10.887802124023438,29.22025489807129,0.01995413564145565,7.02564811706543,0.05755061283707619
316,uav_jammer,3.588214874267578,13.760187149047852,1914.597900390625,0.0118199922144413,7.019348621368408,0.06229521334171295
317,bs_beamformer,0.09038183838129044,0.0,40.026187896728516,0.0,7.022687911987305,0.056787945330142975
317,uav_jammer,4.983189582824707,0.0,2269.419189453125,0.0,7.025902271270752,0.06335261464118958
318,bs_beamformer,0.04287344589829445,-11.229101181030273,25.337190628051758,0.01811598613858223,7.023642063140869,0.05736476927995682
318,uav_jammer,2.220738649368286,15.091349601745605,1479.8756103515625,0.07326994091272354,7.023779392242432,0.06169159710407257
319,bs_beamformer,0.02012072131037712,0.0,12.913601875305176,0.0,7.03052282333374,0.061558324843645096
319,uav_jammer,1.020856261253357,0.0,913.3339233398438,0.0,7.025611400604248,0.060093361884355545
320,bs_beamformer,0.0529242679476738,-11.419934272766113,29.758729934692383,0.012587512843310833,7.018012046813965,0.04739883169531822
320,uav_jammer,2.534695625305176,13.247846603393555,1575.9971923828125,0.05202455446124077,7.0221943855285645,0.05252527818083763
321,bs_beamformer,0.056679993867874146,0.0,30.060522079467773,0.0,7.026126861572266,0.05724392458796501
321,uav_jammer,2.1363511085510254,0.0,1383.34375,0.0,7.028639793395996,0.056237295269966125
322,bs_beamformer,0.02221057564020157,-11.117507934570312,15.303731918334961,0.005907845217734575,7.028033256530762,0.055771395564079285
322,uav_jammer,0.44682005047798157,15.494166374206543,443.92706298828125,0.04812756925821304,7.023942947387695,0.053850043565034866
323,bs_beamformer,0.06256663054227829,0.0,32.13858413696289,0.0,7.024269104003906,0.05164718255400658
323,uav_jammer,3.142808198928833,0.0,1708.2984619140625,0.0,7.020208358764648,0.05557672306895256
324,bs_beamformer,0.10496421158313751,-11.07090950012207,43.03876495361328,0.010538851842284203,7.02748966217041,0.05183159187436104
324,uav_jammer,2.9754481315612793,14.127166748046875,1594.748779296875,0.02692404016852379,7.0250139236450195,0.057529207319021225
325,bs_beamformer,0.08536168932914734,0.0,35.7907829284668,0.0,7.01345682144165,0.09093903750181198
325,uav_jammer,0.2114669233560562,0.0,137.9393310546875,0.0,7.02420711517334,0.049647215753793716
326,bs_beamformer,0.020845778286457062,-11.508487701416016,13.853291511535645,0.004403629340231419,7.02382755279541,0.050712164491415024
326,uav_jammer,1.4563705921173096,13.867690086364746,1073.521728515625,0.07179495692253113,7.030858039855957,0.06220370531082153
327,bs_beamformer,0.036870382726192474,0.0,22.483888626098633,0.0,7.026615142822266,0.05918050557374954
327,uav_jammer,0.5358235836029053,0.0,543.66015625,0.0,7.024689197540283,0.06017839536070824
328,bs_beamformer,0.07172433286905289,-11.516587257385254,35.30979919433594,0.0004011332057416439,7.02546501159668,0.05084136500954628
328,uav_jammer,2.4799420833587646,14.78095531463623,1457.9459228515625,0.06855560094118118,7.024731159210205,0.06034919247031212
329,bs_beamformer,0.04145263135433197,0.0,21.770755767822266,0.0,7.018775939941406,0.0943116769194603
329,uav_jammer,2.8752193450927734,0.0,1567.5247802734375,0.0,7.03760290145874,0.07613056898117065
330,bs_beamformer,0.023592237383127213,-11.285429954528809,7.814808368682861,0.007877889089286327,7.021716117858887,0.0940050259232521
330,uav_jammer,0.6658110022544861,12.621163368225098,579.0756225585938,0.0007900152704678476,7.035547256469727,0.06662683188915253
331,bs_beamformer,0.033012259751558304,0.0,21.932275772094727,0.0,7.031099796295166,0.058518823236227036
331,uav_jammer,2.3784666061401367,0.0,1500.40966796875,0.0,7.022329807281494,0.057646457105875015
332,bs_beamformer,0.012557572685182095,-11.642991065979004,5.641561031341553,0.0056897723115980625,7.028885841369629,0.06007462739944458
332,uav_jammer,3.1203885078430176,14.096578598022461,1798.668701171875,0.0008711539558134973,7.020468711853027,0.05658270791172981
333,bs_beamformer,0.03782040625810623,0.0,23.353302001953125,0.0,7.030168533325195,0.06022806465625763
333,uav_jammer,1.0573225021362305,0.0,964.1762084960938,0.0,7.019960880279541,0.045403704047203064
334,bs_beamformer,0.06057969853281975,-11.614328384399414,31.823232650756836,0.004477372858673334,7.026758193969727,0.06093008443713188
334,uav_jammer,1.6504313945770264,13.39380931854248,1203.3709716796875,0.002849885728210211,7.027245044708252,0.05298282951116562
335,bs_beamformer,0.030052458867430687,0.0,14.42369556427002,0.0,7.025694847106934,0.09908697754144669
335,uav_jammer,2.8787617683410645,0.0,1671.7930908203125,0.0,7.026604652404785,0.05619846284389496
336,bs_beamformer,0.023388849571347237,-11.325862884521484,17.412256240844727,0.012920507229864597,7.02983283996582,0.05942634120583534
336,uav_jammer,1.061383843421936,13.367920875549316,937.580810546875,0.0035218806006014347,7.026173114776611,0.056271255016326904
337,bs_beamformer,0.06408233940601349,0.0,33.668148040771484,0.0,7.026814937591553,0.06171052157878876
337,uav_jammer,1.5849335193634033,0.0,1250.5875244140625,0.0,7.021062850952148,0.04969713091850281
338,bs_beamformer,0.025190699845552444,-11.634085655212402,18.50185775756836,0.00031036630389280617,7.025232315063477,0.05528741702437401
338,uav_jammer,2.8776347637176514,13.78336238861084,1703.4622802734375,0.01925763674080372,7.024201393127441,0.05479476973414421
339,bs_beamformer,0.015386862680315971,0.0,8.241180419921875,0.0,7.032419204711914,0.06350275874137878
339,uav_jammer,0.859737753868103,0.0,795.3550415039062,0.0,7.022629261016846,0.056097280234098434
340,bs_beamformer,0.027978479862213135,-11.629068374633789,18.77562141418457,0.004381342325359583,7.035683631896973,0.06979437917470932
340,uav_jammer,1.8959898948669434,12.647331237792969,1336.9437255859375,0.003578432369977236,7.030960559844971,0.05945250764489174
341,bs_beamformer,0.008886381052434444,0.0,3.563889265060425,0.0,7.028555870056152,0.06155367195606232
341,uav_jammer,3.592951774597168,0.0,1926.036376953125,0.0,7.025582313537598,0.05501486733555794
342,bs_beamformer,0.03758041560649872,-11.556056022644043,24.20818519592285,0.0002941582351922989,7.025172710418701,0.05933552235364914
342,uav_jammer,1.4818984270095825,13.720165252685547,1117.2254638671875,0.039852336049079895,7.031946659088135,0.0639026090502739
343,bs_beamformer,0.02516820654273033,0.0,18.367185592651367,0.0,7.030014514923096,0.06397271901369095
343,uav_jammer,1.2142809629440308,0.0,971.9321899414062,0.0,7.034703254699707,0.06908486038446426
344,bs_beamformer,0.021237296983599663,-11.7586030960083,15.06664752960205,0.0002839931403286755,7.027246475219727,0.06320314109325409
344,uav_jammer,2.315291166305542,13.262194633483887,1552.081787109375,0.006910110358148813,7.02531099319458,0.05710159242153168
345,bs_beamformer,0.0347515270113945,0.0,15.492108345031738,0.0,7.022733688354492,0.09850155562162399
345,uav_jammer,0.7937176823616028,0.0,807.5606689453125,0.0,7.026678562164307,0.06131817772984505
346,bs_beamformer,0.04282344505190849,-11.693233489990234,21.276647567749023,0.0054052057676017284,7.028263568878174,0.10274098813533783
346,uav_jammer,1.576815128326416,13.674481391906738,1247.8668212890625,0.0024630289990454912,7.022036075592041,0.04903266951441765
347,bs_beamformer,0.023126838728785515,0.0,15.425159454345703,0.0,7.030179500579834,0.06187080964446068
347,uav_jammer,2.8048839569091797,0.0,1653.7081298828125,0.0,7.027274131774902,0.05489882081747055
348,bs_beamformer,0.02098095417022705,-11.768486022949219,14.090760231018066,0.0020650792866945267,7.031411647796631,0.06133968383073807
348,uav_jammer,0.8404643535614014,13.99277114868164,808.20263671875,0.14438962936401367,7.01891565322876,0.05039132758975029
349,bs_beamformer,0.020906539633870125,0.0,15.050217628479004,0.0,7.029869079589844,0.06032237038016319
349,uav_jammer,2.021603584289551,0.0,1358.2183837890625,0.0,7.023715972900391,0.05017531290650368
350,bs_beamformer,0.03712528198957443,-11.834247589111328,22.599515914916992,0.00744204968214035,7.0282816886901855,0.057951174676418304
350,uav_jammer,3.6540439128875732,12.523540496826172,1918.474609375,0.01161263044923544,7.026991844177246,0.050485268235206604
351,bs_beamformer,0.03016948699951172,0.0,20.285526275634766,0.0,7.028224468231201,0.057259999215602875
351,uav_jammer,1.3706316947937012,0.0,1119.941650390625,0.0,7.0222487449646,0.057196132838726044
352,bs_beamformer,0.016395462676882744,-11.77472972869873,8.633673667907715,0.002098169643431902,7.033437252044678,0.06590502709150314
352,uav_jammer,1.0720739364624023,13.734139442443848,1000.3349609375,0.0006461180164478719,7.019806861877441,0.0441913977265358
353,bs_beamformer,0.030875638127326965,0.0,12.294805526733398,0.0,7.0221028327941895,0.09737622737884521
353,uav_jammer,2.3797945976257324,0.0,1524.9664306640625,0.0,7.023801803588867,0.05359742417931557
354,bs_beamformer,0.041668981313705444,-11.907384872436523,19.7327823638916,0.0010871365666389465,7.026323318481445,0.0983823612332344
354,uav_jammer,0.6047155857086182,13.618758201599121,704.3078002929688,0.0018119399901479483,7.02303409576416,0.05046997591853142
355,bs_beamformer,0.022876955568790436,0.0,8.440104484558105,0.0,7.021023750305176,0.09428633749485016
355,uav_jammer,2.0318965911865234,0.0,1405.0931396484375,0.0,7.021540641784668,0.05435676872730255
356,bs_beamformer,0.047111086547374725,-11.803503036499023,22.747976303100586,0.0011185555486008525,7.021111488342285,0.09603551030158997
356,uav_jammer,3.513967752456665,13.158529281616211,1915.7489013671875,0.0031091668643057346,7.022294044494629,0.045569732785224915
357,bs_beamformer,0.047933802008628845,0.0,27.31535530090332,0.0,7.0263991355896,0.057392191141843796
357,uav_jammer,1.219599962234497,0.0,1080.158203125,0.0,7.019517421722412,0.053203750401735306
358,bs_beamformer,0.024587050080299377,-11.991416931152344,10.756823539733887,0.0011580728460103273,7.021993637084961,0.09281226247549057
358,uav_jammer,1.322005271911621,14.041337966918945,1059.7296142578125,0.0023651367519050837,7.022866725921631,0.05738763511180878
359,bs_beamformer,0.027364198118448257,0.0,11.452434539794922,0.0,7.029777526855469,0.10020405054092407
359,uav_jammer,2.398886203765869,0.0,1585.177490234375,0.0,7.020548343658447,0.05151756480336189
360,bs_beamformer,0.015788013115525246,-11.920276641845703,13.76082992553711,0.0013284914894029498,7.028870582580566,0.053293123841285706
360,uav_jammer,0.7101279497146606,14.482599258422852,702.49462890625,0.0040344432927668095,7.0200347900390625,0.05639183893799782
361,bs_beamformer,0.01787634566426277,0.0,13.381842613220215,0.0,7.023437023162842,0.05352190136909485
361,uav_jammer,1.7819877862930298,0.0,1375.1490478515625,0.0,7.019670009613037,0.04279644414782524
362,bs_beamformer,0.025528015568852425,-12.00875473022461,17.714630126953125,0.005927742924541235,7.035459518432617,0.06171302869915962
362,uav_jammer,3.4046428203582764,12.983172416687012,1903.2374267578125,0.007767542731016874,7.02108097076416,0.05124490708112717
363,bs_beamformer,0.02413906157016754,0.0,7.091970443725586,0.0,7.023238658905029,0.09471547603607178
363,uav_jammer,1.1949611902236938,0.0,1072.0009765625,0.0,7.0251264572143555,0.05615469440817833
364,bs_beamformer,0.05824223905801773,-12.117290496826172,31.103729248046875,0.0020851334556937218,7.029842853546143,0.0599525049328804
364,uav_jammer,1.09633469581604,13.129408836364746,1044.4241943359375,0.0019425370264798403,7.0218682289123535,0.0458870530128479
365,bs_beamformer,0.08134829252958298,0.0,37.20915985107422,0.0,7.032092094421387,0.06105698645114899
365,uav_jammer,2.506685495376587,0.0,1517.3597412109375,0.0,7.02634334564209,0.05564706772565842
366,bs_beamformer,0.019788898527622223,-12.014851570129395,11.843501091003418,0.00449212733656168,7.035538673400879,0.06672614067792892
366,uav_jammer,0.5749990940093994,12.855857849121094,685.3787231445312,0.004853755235671997,7.021683216094971,0.04247889667749405
367,bs_beamformer,0.0787186473608017,0.0,37.381752014160156,0.0,7.021380424499512,0.04369499161839485
367,uav_jammer,1.853098750114441,0.0,1358.5390625,0.0,7.02357292175293,0.055208299309015274
368,bs_beamformer,0.15716980397701263,-11.980895042419434,54.07023239135742,0.008135796524584293,7.024532794952393,0.04888174682855606
368,uav_jammer,3.4049856662750244,12.936042785644531,1852.1680908203125,0.023113775998353958,7.027202606201172,0.05308564379811287
369,bs_beamformer,0.08111897110939026,0.0,37.09971237182617,0.0,7.0299506187438965,0.05668381601572037
369,uav_jammer,1.3410484790802002,0.0,1098.3043212890625,0.0,7.032639503479004,0.05940956622362137
370,bs_beamformer,0.012389316223561764,-12.294163703918457,5.74163818359375,0.006293215323239565,7.030219554901123,0.05937765911221504
370,uav_jammer,0.9736788868904114,12.06290054321289,907.3261108398438,0.0039387112483382225,7.028188705444336,0.05432979390025139
371,bs_beamformer,0.0522226020693779,0.0,29.741182327270508,0.0,7.027994155883789,0.060106951743364334
371,uav_jammer,1.9315671920776367,0.0,1386.706298828125,0.0,7.029926776885986,0.054714106023311615
372,bs_beamformer,0.06376373767852783,-12.290557861328125,33.33450698852539,0.006844456773251295,7.027919769287109,0.05352002754807472
372,uav_jammer,0.7050835490226746,12.244362831115723,615.9308471679688,0.003954204730689526,7.0278730392456055,0.056281086057424545
373,bs_beamformer,0.021935071796178818,0.0,16.549819946289062,0.0,7.0252766609191895,0.0600493960082531
373,uav_jammer,2.0302622318267822,0.0,1436.3150634765625,0.0,7.026669502258301,0.0558139942586422
374,bs_beamformer,0.031362131237983704,-11.969664573669434,21.06752586364746,0.008263410069048405,7.02604866027832,0.05229479447007179
374,uav_jammer,3.6768977642059326,12.091165542602539,1899.4659423828125,0.024030638858675957,7.031213283538818,0.05779558792710304
375,bs_beamformer,0.06124414503574371,0.0,32.3834228515625,0.0,7.0246405601501465,0.05143866315484047
375,uav_jammer,1.5615757703781128,0.0,1105.75341796875,0.0,7.0332489013671875,0.06438765674829483
376,bs_beamformer,0.0419502891600132,-12.251690864562988,25.111913681030273,0.008234433829784393,7.025876522064209,0.04869043827056885
376,uav_jammer,1.202515959739685,12.028313636779785,884.45947265625,0.0034294298384338617,7.032897472381592,0.058862973004579544
377,bs_beamformer,0.01866772212088108,0.0,12.336141586303711,0.0,7.022572040557861,0.05011647194623947
377,uav_jammer,2.1204652786254883,0.0,1400.8536376953125,0.0,7.025540828704834,0.05872855708003044
378,bs_beamformer,0.0675228089094162,-12.452953338623047,34.066192626953125,0.012154658325016499,7.022946357727051,0.047635767608881
378,uav_jammer,0.661903977394104,12.44162368774414,653.5227661132812,0.002238302957266569,7.028449058532715,0.061102475970983505
379,bs_beamformer,0.07722372561693192,0.0,36.936405181884766,0.0,7.027373313903809,0.0490432009100914
379,uav_jammer,2.0347647666931152,0.0,1368.690673828125,0.0,7.0381855964660645,0.06251616775989532
380,bs_beamformer,0.03195858746767044,-12.199104309082031,20.12664222717285,0.020864270627498627,7.0240349769592285,0.049573495984077454
380,uav_jammer,3.3804385662078857,12.48557186126709,1864.0228271484375,0.0007650167099200189,7.026277542114258,0.04901229217648506
381,bs_beamformer,0.042170628905296326,0.0,25.44374656677246,0.0,7.021439075469971,0.03943284600973129
381,uav_jammer,1.3886462450027466,0.0,1079.8138427734375,0.0,7.022696495056152,0.04682987183332443
382,bs_beamformer,0.07352126389741898,-12.16269302368164,36.32453536987305,0.04374375194311142,7.018263816833496,0.039024364203214645
382,uav_jammer,1.1100362539291382,12.488906860351562,969.69384765625,9.31210452108644e-05,7.026777744293213,0.056060440838336945
383,bs_beamformer,0.042088136076927185,0.0,25.60786247253418,0.0,7.026721954345703,0.04943370074033737
383,uav_jammer,2.182633638381958,0.0,1459.5235595703125,0.0,7.029651641845703,0.0575624518096447
384,bs_beamformer,0.02204424887895584,-12.481195449829102,15.842691421508789,0.10611317306756973,7.023231506347656,0.05071663856506348
384,uav_jammer,0.7663747072219849,12.149028778076172,753.52490234375,0.0002576924453023821,7.0302019119262695,0.06037883460521698
385,bs_beamformer,0.029302453622221947,0.0,20.325088500976562,0.0,7.021645545959473,0.043856941163539886
385,uav_jammer,1.5955772399902344,0.0,1225.2667236328125,0.0,7.025838851928711,0.05418528616428375
386,bs_beamformer,0.024930831044912338,-12.324390411376953,18.02242088317871,0.2599676251411438,7.023691177368164,0.04663950577378273
386,uav_jammer,2.9282093048095703,12.27408218383789,1692.9921875,0.0012130417162552476,7.023418426513672,0.04835077375173569
387,bs_beamformer,0.026092763990163803,0.0,18.680389404296875,0.0,7.0229291915893555,0.04255732521414757
387,uav_jammer,1.119983434677124,0.0,971.6749877929688,0.0,7.023116111755371,0.049321677535772324
388,bs_beamformer,0.031597383320331573,-12.37153434753418,19.320938110351562,0.7720315456390381,7.027980804443359,0.0544402115046978
388,uav_jammer,1.3278716802597046,12.238885879516602,1060.11669921875,0.00011285681830486283,7.0262556076049805,0.05939510837197304
389,bs_beamformer,0.05099431052803993,0.0,15.254556655883789,0.0,7.018653392791748,0.14580854773521423
389,uav_jammer,2.5293338298797607,0.0,1521.5113525390625,0.0,7.028785228729248,0.060579877346754074
390,bs_beamformer,0.022255947813391685,-12.553930282592773,14.872143745422363,2.23445463180542,7.023878574371338,0.04788334667682648
390,uav_jammer,0.7417898774147034,11.845986366271973,773.6922607421875,0.0002361537772230804,7.028722763061523,0.058746203780174255
391,bs_beamformer,0.05315878987312317,0.0,17.5466251373291,0.0,7.0130839347839355,0.14251607656478882
391,uav_jammer,1.6294074058532715,0.0,1178.9949951171875,0.0,7.034695148468018,0.06157459691166878
392,bs_beamformer,0.010301552712917328,-12.521706581115723,3.5191941261291504,0.432792603969574,7.024819374084473,0.05334548279643059
392,uav_jammer,2.9166338443756104,11.145174026489258,1666.4024658203125,0.0008173865498974919,7.033265590667725,0.06343194842338562
393,bs_beamformer,0.03901759162545204,0.0,2.7888400554656982,0.0,7.015828609466553,0.14387254416942596
393,uav_jammer,1.0408127307891846,0.0,907.9378662109375,0.0,7.031827926635742,0.06150076910853386
394,bs_beamformer,0.03874750807881355,-12.594436645507812,22.48645782470703,0.02669883333146572,7.023662567138672,0.04939261078834534
394,uav_jammer,1.2714704275131226,11.672940254211426,997.7158203125,0.0001736404956318438,7.032486915588379,0.0644145980477333
395,bs_beamformer,0.05758458375930786,0.0,19.37967300415039,0.0,7.012879371643066,0.14273297786712646
395,uav_jammer,2.2685067653656006,0.0,1488.775390625,0.0,7.02778959274292,0.054298050701618195
396,bs_beamformer,0.030740534886717796,-12.514057159423828,14.41434097290039,0.016951464116573334,7.0269856452941895,0.04903949797153473
396,uav_jammer,0.6236751079559326,10.961747169494629,723.8387451171875,0.0001182161140604876,7.031247138977051,0.05508820712566376
397,bs_beamformer,0.024849820882081985,0.0,14.577951431274414,0.0,7.02023983001709,0.03551410883665085
397,uav_jammer,1.549820899963379,0.0,1264.0791015625,0.0,7.0222883224487305,0.049114566296339035
398,bs_beamformer,0.017836350947618484,-12.62344741821289,10.024191856384277,0.01266505941748619,7.0239410400390625,0.04811912775039673
398,uav_jammer,2.951934337615967,11.403170585632324,1726.890380859375,0.0004753434914164245,7.025233745574951,0.046641819179058075
399,bs_beamformer,0.013632560148835182,0.0,5.230132579803467,0.0,7.023280143737793,0.051585111767053604
399,uav_jammer,1.1959582567214966,0.0,1016.241455078125,0.0,7.029912948608398,0.060037560760974884
400,bs_beamformer,0.05676952376961708,-12.575636863708496,29.007020950317383,0.031283147633075714,7.025786876678467,0.05261463299393654
400,uav_jammer,0.9651974439620972,11.133828163146973,924.0157470703125,0.0002010984462685883,7.028547286987305,0.048853158950805664
401,bs_beamformer,0.07714015990495682,0.0,29.033679962158203,0.0,7.0150346755981445,0.14575397968292236
401,uav_jammer,1.9870586395263672,0.0,1389.4765625,0.0,7.026909828186035,0.04803912341594696
402,bs_beamformer,0.018872614949941635,-12.774968147277832,6.163315773010254,0.005338913761079311,7.029845237731934,0.05759161338210106
402,uav_jammer,0.47887855768203735,11.351284980773926,608.9406127929688,0.0007574038463644683,7.026861190795898,0.0491911917924881
403,bs_beamformer,0.0778106227517128,0.0,34.88289260864258,0.0,7.028822898864746,0.0510803759098053
403,uav_jammer,1.7866911888122559,0.0,1317.608154296875,0.0,7.027064323425293,0.04811090603470802
404,bs_beamformer,0.1281665861606598,-12.793482780456543,42.35628890991211,0.011263959109783173,7.018550872802734,0.14564180374145508
404,uav_jammer,3.287919282913208,11.644790649414062,1796.7667236328125,0.0016093748854473233,7.0287909507751465,0.04889391362667084
405,bs_beamformer,0.04025246202945709,0.0,23.878948211669922,0.0,7.028881549835205,0.051684316247701645
405,uav_jammer,1.3025391101837158,0.0,1072.0965576171875,0.0,7.0298638343811035,0.05850851163268089
406,bs_beamformer,0.03297396004199982,-12.533742904663086,20.59317970275879,0.019999787211418152,7.022000789642334,0.047409407794475555
406,uav_jammer,1.0601511001586914,11.739009857177734,884.1759033203125,0.018090233206748962,7.028354644775391,0.058676645159721375
407,bs_beamformer,0.06118535250425339,0.0,29.367679595947266,0.0,7.024152755737305,0.053131017833948135
407,uav_jammer,1.9986249208450317,0.0,1341.36962890625,0.0,7.0243635177612305,0.06583606451749802
408,bs_beamformer,0.056212302297353745,-12.734192848205566,18.58606719970703,0.011089470237493515,7.017275810241699,0.14721684157848358
408,uav_jammer,0.3961033523082733,11.779240608215332,550.5596313476562,0.0005938280373811722,7.023130416870117,0.04563617333769798
409,bs_beamformer,0.03825182467699051,0.0,23.230243682861328,0.0,7.027545928955078,0.04992393031716347
409,uav_jammer,2.0645253658294678,0.0,1424.39208984375,0.0,7.027347564697266,0.05143342539668083
410,bs_beamformer,0.05016258731484413,-12.894305229187012,27.95970916748047,0.006254782900214195,7.027242183685303,0.05033380165696144
410,uav_jammer,3.7684485912323,12.243770599365234,1966.9344482421875,0.01992981880903244,7.029373645782471,0.05649607256054878
411,bs_beamformer,0.0625711977481842,0.0,21.88479995727539,0.0,7.017063140869141,0.14319077134132385
411,uav_jammer,1.5175782442092896,0.0,1147.5426025390625,0.0,7.028448104858398,0.06818121671676636
412,bs_beamformer,0.028618399053812027,-12.630256652832031,17.252531051635742,0.006977281998842955,7.031980514526367,0.05574550852179527
412,uav_jammer,0.7096989154815674,12.063879013061523,732.2037963867188,0.2542240023612976,7.026409149169922,0.06024426594376564
413,bs_beamformer,0.05643269792199135,0.0,20.095478057861328,0.0,7.020623207092285,0.1454841047525406
413,uav_jammer,1.510833740234375,0.0,1219.846435546875,0.0,7.021724224090576,0.040398597717285156
414,bs_beamformer,0.054204657673835754,-12.84096908569336,16.89897918701172,0.007638409733772278,7.016744613647461,0.1461348980665207
414,uav_jammer,0.31063809990882874,11.281087875366211,467.98260498046875,0.000519988068845123,7.028618335723877,0.04980558902025223
415,bs_beamformer,0.016424763947725296,0.0,10.578926086425781,0.0,7.02488899230957,0.049187272787094116
415,uav_jammer,2.3419189453125,0.0,1540.107421875,0.0,7.026118278503418,0.04427183046936989
416,bs_beamformer,0.05681206285953522,-12.87635326385498,29.858314514160156,0.015063866041600704,7.022991180419922,0.04736711084842682
416,uav_jammer,3.8645403385162354,10.7971773147583,1964.2349853515625,0.019877951592206955,7.0285139083862305,0.05311882868409157
417,bs_beamformer,0.050375062972307205,0.0,28.56338119506836,0.0,7.024332046508789,0.056944962590932846
417,uav_jammer,1.619394063949585,0.0,1246.5943603515625,0.0,7.0298004150390625,0.058437805622816086
418,bs_beamformer,0.01981961540877819,-12.763284683227539,6.911085605621338,0.00995612796396017,7.0284528732299805,0.05315348133444786
418,uav_jammer,0.640323281288147,10.911294937133789,700.4922485351562,0.0003977663582190871,7.030970573425293,0.06402670592069626
419,bs_beamformer,0.1262064278125763,0.0,47.15143585205078,0.0,7.02811336517334,0.04935167729854584
419,uav_jammer,1.446518063545227,0.0,1147.0108642578125,0.0,7.030911922454834,0.05391653999686241
420,bs_beamformer,0.19137133657932281,-12.780750274658203,59.063865661621094,0.011752774938941002,7.026392936706543,0.04867539554834366
420,uav_jammer,0.490547776222229,12.411898612976074,574.3099365234375,0.001088262302801013,7.030155181884766,0.05468809977173805
421,bs_beamformer,0.1388172060251236,0.0,50.139495849609375,0.0,7.023824691772461,0.04049555957317352
421,uav_jammer,1.9597325325012207,0.0,1357.899658203125,0.0,7.027410507202148,0.05117558687925339
422,bs_beamformer,0.019264185801148415,-12.938882827758789,11.281393051147461,0.02103586494922638,7.024010181427002,0.04252466559410095
422,uav_jammer,2.915219783782959,10.818178176879883,1672.2528076171875,0.011038683354854584,7.032072067260742,0.05855022370815277
423,bs_beamformer,0.12134435027837753,0.0,46.75211715698242,0.0,7.025391101837158,0.04994184151291847
423,uav_jammer,0.9786943793296814,0.0,922.7482299804688,0.0,7.028245449066162,0.06120184436440468
424,bs_beamformer,0.29624873399734497,-13.023490905761719,75.46582794189453,0.02975294180214405,7.020839214324951,0.04577195271849632
424,uav_jammer,1.4042658805847168,10.806380271911621,1077.60546875,0.00013590045273303986,7.030736923217773,0.05934572219848633
425,bs_beamformer,0.2900010049343109,0.0,70.53717041015625,0.0,7.021903038024902,0.14697381854057312
425,uav_jammer,2.461125135421753,0.0,1576.4476318359375,0.0,7.0252814292907715,0.055385444313287735
426,bs_beamformer,0.10457899421453476,-12.950472831726074,43.20825958251953,0.039622578769922256,7.023100852966309,0.04216993227601051
426,uav_jammer,1.177255392074585,10.284893989562988,1029.669677734375,0.007241851184517145,7.032652854919434,0.062483273446559906
427,bs_beamformer,0.025174826383590698,0.0,14.293702125549316,0.0,7.024971961975098,0.045803602784872055
427,uav_jammer,0.6360700130462646,0.0,768.6392822265625,0.0,7.026089668273926,0.0486510805785656
428,bs_beamformer,0.07540898770093918,-12.860210418701172,35.69486618041992,0.019782744348049164,7.021111488342285,0.04352521896362305
428,uav_jammer,1.2860137224197388,12.253975868225098,1102.138427734375,0.00571276294067502,7.028812408447266,0.050111185759305954
429,bs_beamformer,0.0687846839427948,0.0,33.35702896118164,0.0,7.021853923797607,0.04313426837325096
429,uav_jammer,0.15537112951278687,0.0,235.4674530029297,0.0,7.025047779083252,0.04203611984848976
430,bs_beamformer,0.043357476592063904,-13.134014129638672,6.610287666320801,0.021019870415329933,7.016036510467529,0.14314137399196625
430,uav_jammer,2.8593053817749023,11.018523216247559,1673.9862060546875,0.000685283390339464,7.027984619140625,0.04780137911438942
431,bs_beamformer,0.06461165845394135,0.0,23.423019409179688,0.0,7.018839359283447,0.14416761696338654
431,uav_jammer,3.73153018951416,0.0,1923.7191162109375,0.0,7.032703399658203,0.06198517233133316
432,bs_beamformer,0.08103453367948532,-13.07672119140625,28.59518051147461,0.02418336644768715,7.017894268035889,0.1441674679517746
432,uav_jammer,1.1574839353561401,11.4677734375,1044.533203125,0.0024054385721683502,7.030011177062988,0.052473463118076324
433,bs_beamformer,0.015010997653007507,0.0,9.561453819274902,0.0,7.031606197357178,0.05312006175518036
433,uav_jammer,1.3118585348129272,0.0,1071.725830078125,0.0,7.025127410888672,0.04137890413403511
434,bs_beamformer,0.04400158300995827,-12.84648323059082,25.004636764526367,0.0069191791117191315,7.035078525543213,0.05524540692567825
434,uav_jammer,2.5488452911376953,10.198776245117188,1628.255859375,0.03329329192638397,7.019494533538818,0.03815295547246933
435,bs_beamformer,0.08687981218099594,0.0,32.992366790771484,0.0,7.015962600708008,0.14236299693584442
435,uav_jammer,1.7523391246795654,0.0,1260.8695068359375,0.0,7.028524398803711,0.05019792914390564
436,bs_beamformer,0.053398095071315765,-13.230281829833984,15.760319709777832,0.005546689964830875,7.021726131439209,0.14927998185157776
436,uav_jammer,0.29428479075431824,12.182345390319824,433.78631591796875,0.0001052872758009471,7.025352478027344,0.04839174821972847
437,bs_beamformer,0.030566876754164696,0.0,19.693435668945312,0.0,7.02951717376709,0.05102987959980965
437,uav_jammer,1.173705816268921,0.0,1005.0957641601562,0.0,7.026988983154297,0.042788900434970856
438,bs_beamformer,0.08614754676818848,-13.219078063964844,32.53694152832031,0.017836393788456917,7.019310474395752,0.14364516735076904
438,uav_jammer,0.12179266661405563,11.662359237670898,78.2616958618164,0.0002922392450273037,7.022091865539551,0.04271567240357399
439,bs_beamformer,0.027257878333330154,0.0,14.24907398223877,0.0,7.026089191436768,0.052167072892189026
439,uav_jammer,2.260286331176758,0.0,1499.24267578125,0.0,7.02357816696167,0.03982521966099739
440,bs_beamformer,0.03246856480836868,-12.933222770690918,20.180522918701172,0.012883346527814865,7.027188777923584,0.052717238664627075
440,uav_jammer,2.835731267929077,10.657227516174316,1639.813720703125,0.04010533168911934,7.030180931091309,0.04703698307275772
441,bs_beamformer,0.082433320581913,0.0,30.29001235961914,0.0,7.017880916595459,0.1437743902206421
441,uav_jammer,0.9195811152458191,0.0,693.07958984375,0.0,7.02639102935791,0.0536964014172554
442,bs_beamformer,0.02275293692946434,-13.297601699829102,16.68967056274414,0.019268549978733063,7.027804851531982,0.05130155012011528
442,uav_jammer,1.9629974365234375,11.300416946411133,1394.8941650390625,0.004920732229948044,7.023984909057617,0.044507578015327454
443,bs_beamformer,0.06014501303434372,0.0,17.79800796508789,0.0,7.022390365600586,0.1478094607591629
443,uav_jammer,3.537503719329834,0.0,1884.1834716796875,0.0,7.028122425079346,0.04741348698735237
444,bs_beamformer,0.06021682173013687,-13.283191680908203,26.474599838256836,0.020262328907847404,7.0267252922058105,0.05741949751973152
444,uav_jammer,2.183354377746582,10.441980361938477,1274.861328125,0.00043672535684891045,7.028532028198242,0.055074676871299744
445,bs_beamformer,0.019453851506114006,0.0,11.770317077636719,0.0,7.028228759765625,0.049765221774578094
445,uav_jammer,1.349379539489746,0.0,621.9990844726562,0.0,7.026978492736816,0.05561567842960358
446,bs_beamformer,0.046258993446826935,-13.018721580505371,22.64464569091797,0.022692300379276276,7.027183532714844,0.05698757246136665
446,uav_jammer,1.3917396068572998,11.120504379272461,1145.81787109375,0.00041774960118345916,7.0283942222595215,0.05064653977751732
447,bs_beamformer,0.06459122151136398,0.0,33.06636428833008,0.0,7.026098728179932,0.050820354372262955
447,uav_jammer,1.1836247444152832,0.0,594.1239624023438,0.0,7.0304789543151855,0.05410563200712204
448,bs_beamformer,0.04975570738315582,-13.3831787109375,15.046988487243652,0.017701350152492523,7.014126300811768,0.14416374266147614
448,uav_jammer,1.4954733848571777,10.264434814453125,1063.600830078125,0.0006123294588178396,7.027801513671875,0.04912708327174187
449,bs_beamformer,0.023529574275016785,0.0,16.1718807220459,0.0,7.027327537536621,0.04834916442632675
449,uav_jammer,1.8921599388122559,0.0,1302.4681396484375,0.0,7.029486179351807,0.05621953308582306
450,bs_beamformer,0.045818034559488297,-13.376762390136719,26.394351959228516,0.010828179307281971,7.027658462524414,0.05714675784111023
450,uav_jammer,0.26078832149505615,10.720855712890625,360.4945068359375,0.09919479489326477,7.027942180633545,0.0457577258348465
451,bs_beamformer,0.04522385820746422,0.0,12.885782241821289,0.0,7.020239353179932,0.1449873298406601
451,uav_jammer,3.1146719455718994,0.0,1742.3984375,0.0,7.026650428771973,0.04365774989128113
452,bs_beamformer,0.059196002781391144,-13.109854698181152,20.226924896240234,0.008738442324101925,7.018380165100098,0.14395110309123993
452,uav_jammer,5.956409931182861,10.911953926086426,2466.923095703125,0.013356345705688,7.0215044021606445,0.04002070426940918
453,bs_beamformer,0.06348884105682373,0.0,32.42267608642578,0.0,7.029303073883057,0.04743034020066261
453,uav_jammer,3.7269911766052246,0.0,1833.3553466796875,0.0,7.0282697677612305,0.04725038632750511
454,bs_beamformer,0.025556154549121857,-13.45971393585205,17.753509521484375,0.0059546311385929585,7.027249813079834,0.04938196390867233
454,uav_jammer,0.47791793942451477,11.231010437011719,340.2733459472656,0.08329007774591446,7.033923149108887,0.05270795151591301
455,bs_beamformer,0.02207973413169384,0.0,14.786704063415527,0.0,7.0308146476745605,0.05224141478538513
455,uav_jammer,5.576906204223633,0.0,2251.887939453125,0.0,7.030013084411621,0.05451240763068199
456,bs_beamformer,0.046397194266319275,-13.457976341247559,26.319461822509766,0.005364567507058382,7.027925968170166,0.04264061525464058
456,uav_jammer,10.202481269836426,11.588168144226074,3131.40478515625,0.06831800937652588,7.033555507659912,0.05360964313149452
457,bs_beamformer,0.016614846885204315,0.0,8.24311637878418,0.0,7.02738618850708,0.04663807526230812
457,uav_jammer,7.186765193939209,0.0,2649.363037109375,0.0,7.031854629516602,0.05263705551624298
458,bs_beamformer,0.03806355223059654,-13.165590286254883,24.186159133911133,0.008331077173352242,7.019900321960449,0.03457384929060936
458,uav_jammer,1.9308637380599976,9.383464813232422,1297.08544921875,0.044505976140499115,7.027373313903809,0.04533632844686508
459,bs_beamformer,0.07006385922431946,0.0,35.02891540527344,0.0,7.028477668762207,0.04517661780118942
459,uav_jammer,2.705292224884033,0.0,1459.3631591796875,0.0,7.027194023132324,0.045310962945222855
460,bs_beamformer,0.03144080936908722,-13.545433044433594,19.97875213623047,0.00822487473487854,7.02598762512207,0.045886166393756866
460,uav_jammer,5.399415493011475,10.920245170593262,2271.012451171875,0.07827828079462051,7.030399322509766,0.05197906121611595
461,bs_beamformer,0.028923144564032555,0.0,12.048395156860352,0.0,7.023630142211914,0.046801868826150894
461,uav_jammer,5.711663246154785,0.0,2250.2333984375,0.0,7.028442859649658,0.05332311615347862
462,bs_beamformer,0.04119224473834038,-13.540430068969727,24.446706771850586,0.004467122722417116,7.025340557098389,0.03646659106016159
462,uav_jammer,1.8527315855026245,9.611346244812012,1176.0853271484375,0.058723922818899155,7.030603408813477,0.05208606645464897
463,bs_beamformer,0.014559401199221611,0.0,6.658201217651367,0.0,7.023844242095947,0.049852270632982254
463,uav_jammer,1.7880444526672363,0.0,1182.329345703125,0.0,7.029799938201904,0.055106304585933685
464,bs_beamformer,0.04080186039209366,-13.250255584716797,25.046035766601562,0.005752859637141228,7.025445938110352,0.03898059204220772
464,uav_jammer,4.138424873352051,9.742168426513672,1993.6395263671875,0.002789916703477502,7.026278018951416,0.04538121074438095
465,bs_beamformer,0.08081730455160141,0.0,37.83555603027344,0.0,7.023382186889648,0.04416999593377113
465,uav_jammer,2.198056221008301,0.0,1395.13671875,0.0,7.028443336486816,0.05251751095056534
466,bs_beamformer,0.034514330327510834,-13.616874694824219,22.607229232788086,0.0029412435833364725,7.030011177062988,0.05391763895750046
466,uav_jammer,0.8931078910827637,10.432389259338379,724.8363037109375,0.007715117651969194,7.02818489074707,0.04986133053898811
467,bs_beamformer,0.011993879452347755,0.0,8.046581268310547,0.0,7.031890869140625,0.053856343030929565
467,uav_jammer,2.1701252460479736,0.0,1408.62841796875,0.0,7.032485008239746,0.05456828698515892
468,bs_beamformer,0.032996322959661484,-13.61711311340332,20.95009994506836,0.007168973330408335,7.024476528167725,0.049910906702280045
468,uav_jammer,2.3698296546936035,9.891457557678223,1482.585693359375,0.0010947432601824403,7.035659313201904,0.05004214122891426
469,bs_beamformer,0.014958376064896584,0.0,6.324990749359131,0.0,7.029808521270752,0.052193570882081985
469,uav_jammer,0.5016629695892334,0.0,277.89862060546875,0.0,7.030172824859619,0.04949632287025452
470,bs_beamformer,0.04167841747403145,-13.42143726348877,24.738330841064453,0.006911208853125572,7.036100387573242,0.059994325041770935
470,uav_jammer,4.291492462158203,10.782572746276855,1959.0601806640625,0.015024934895336628,7.032845973968506,0.056980643421411514
471,bs_beamformer,0.07452365756034851,0.0,36.092342376708984,0.0,7.028037071228027,0.04615231975913048
471,uav_jammer,7.696019172668457,0.0,2729.58935546875,0.0,7.0298004150390625,0.05557145178318024
472,bs_beamformer,0.02451431006193161,-13.749692916870117,18.003334045410156,0.0032861961517482996,7.028583526611328,0.049200449138879776
472,uav_jammer,5.263149261474609,10.78370189666748,2252.200927734375,0.008209273219108582,7.029314041137695,0.057699140161275864
473,bs_beamformer,0.02325340360403061,0.0,16.114809036254883,0.0,7.0292768478393555,0.05143208056688309
473,uav_jammer,1.0227789878845215,0.0,796.4425048828125,0.0,7.031892776489258,0.05486303195357323
474,bs_beamformer,0.0512978658080101,-13.811020851135254,28.334941864013672,0.004591536242514849,7.0329461097717285,0.05346755310893059
474,uav_jammer,3.125591516494751,10.717906951904297,1692.2392578125,0.036644671112298965,7.025315284729004,0.053659457713365555
475,bs_beamformer,0.037248916923999786,0.0,15.805625915527344,0.0,7.028698921203613,0.05803821235895157
475,uav_jammer,7.222531318664551,0.0,2664.974365234375,0.0,7.028217792510986,0.05436129495501518
476,bs_beamformer,0.017972178757190704,-13.56844425201416,13.213149070739746,0.002045207656919956,7.023717880249023,0.03806062042713165
476,uav_jammer,5.943824291229248,10.721200942993164,2445.716796875,0.015250413678586483,7.024174690246582,0.05039992928504944
477,bs_beamformer,0.0360754132270813,0.0,21.305200576782227,0.0,7.0263166427612305,0.049234967678785324
477,uav_jammer,1.076517939567566,0.0,946.6199951171875,0.0,7.030195236206055,0.04719299450516701
478,bs_beamformer,0.019616905599832535,-13.864288330078125,10.550057411193848,0.0053945500403642654,7.027239799499512,0.04864755645394325
478,uav_jammer,2.4387989044189453,9.021589279174805,1510.653076171875,0.0022448289673775434,7.0307936668396,0.05277407914400101
479,bs_beamformer,0.04658384621143341,0.0,21.25749397277832,0.0,7.0273919105529785,0.05248287320137024
479,uav_jammer,6.733583450317383,0.0,2574.01611328125,0.0,7.026795864105225,0.04357972741127014
480,bs_beamformer,0.04943734407424927,-13.801968574523926,23.48917007446289,0.006439084652811289,7.022879600524902,0.04722238704562187
480,uav_jammer,5.610085964202881,10.66687297821045,2335.99560546875,0.12943094968795776,7.026517391204834,0.0454985648393631
481,bs_beamformer,0.009859099984169006,0.0,1.5383992195129395,0.0,7.030832290649414,0.05148770287632942
481,uav_jammer,1.2062697410583496,0.0,1049.07373046875,0.0,7.0247063636779785,0.04318208247423172
482,bs_beamformer,0.09938837587833405,-13.482589721679688,39.29928207397461,0.0023093398194760084,7.026785373687744,0.046230148524045944
482,uav_jammer,1.7468693256378174,9.1195650100708,1285.6405029296875,0.07054292410612106,7.032757759094238,0.057679999619722366
483,bs_beamformer,0.14957700669765472,0.0,53.55741882324219,0.0,7.029067516326904,0.04615168645977974
483,uav_jammer,4.961852550506592,0.0,2205.87646484375,0.0,7.027596950531006,0.05348684638738632
484,bs_beamformer,0.11329757422208786,-13.726198196411133,42.65153503417969,0.0016127435956150293,7.023664951324463,0.04732722416520119
484,uav_jammer,3.695976734161377,9.571706771850586,1865.6910400390625,0.01966310292482376,7.026863098144531,0.04759356379508972
485,bs_beamformer,0.02877650037407875,0.0,18.45282554626465,0.0,7.023671627044678,0.04953848943114281
485,uav_jammer,0.278300017118454,0.0,452.14385986328125,0.0,7.026331424713135,0.04563358798623085
486,bs_beamformer,0.0588841512799263,-14.186570167541504,29.961448669433594,0.0024251954164355993,7.026556015014648,0.04648055136203766
486,uav_jammer,4.348511695861816,9.730220794677734,2051.440673828125,0.004543505143374205,7.026338577270508,0.0471881702542305
487,bs_beamformer,0.10468927025794983,0.0,44.08439636230469,0.0,7.02983283996582,0.0438365675508976
487,uav_jammer,9.31474781036377,0.0,3070.501953125,0.0,7.024967670440674,0.0474444180727005
488,bs_beamformer,0.08723680675029755,-13.9998197555542,38.83820724487305,0.003553464775905013,7.029705047607422,0.04660709574818611
488,uav_jammer,7.663741111755371,9.00265121459961,2776.844482421875,0.019583938643336296,7.030453681945801,0.049639418721199036
489,bs_beamformer,0.021539879962801933,0.0,13.214375495910645,0.0,7.027114391326904,0.04493843764066696
489,uav_jammer,2.1640701293945312,0.0,1453.041015625,0.0,7.026342391967773,0.045721083879470825
490,bs_beamformer,0.05046983063220978,-13.646124839782715,28.692733764648438,0.0023761154152452946,7.0347771644592285,0.055344145745038986
490,uav_jammer,0.9299526214599609,10.038278579711914,941.2052612304688,0.045847631990909576,7.020780086517334,0.04529964178800583
491,bs_beamformer,0.1269330382347107,0.0,48.31357192993164,0.0,7.02830171585083,0.04680516943335533
491,uav_jammer,3.7572743892669678,0.0,1947.8294677734375,0.0,7.028273582458496,0.05188651755452156
492,bs_beamformer,0.0829232856631279,-13.919474601745605,37.42660140991211,0.0021312932949513197,7.033858299255371,0.05351458117365837
492,uav_jammer,2.8652732372283936,9.489757537841797,1656.3255615234375,0.008898377418518066,7.027306079864502,0.043417789041996
493,bs_beamformer,0.01896565407514572,0.0,13.13408374786377,0.0,7.027949333190918,0.04563744366168976
493,uav_jammer,0.3009061813354492,0.0,311.45709228515625,0.0,7.028061866760254,0.04440619423985481
494,bs_beamformer,0.09799857437610626,-14.384061813354492,37.67577362060547,0.002975715324282646,7.029136657714844,0.05559922382235527
494,uav_jammer,4.170320987701416,9.675110816955566,2036.6749267578125,0.056968897581100464,7.032618522644043,0.053722135722637177
495,bs_beamformer,0.18149235844612122,0.0,54.057151794433594,0.0,7.02946662902832,0.08460161089897156
495,uav_jammer,8.993818283081055,0.0,3005.124755859375,0.0,7.028386116027832,0.04564276710152626
496,bs_beamformer,0.14517387747764587,-14.232415199279785,52.402408599853516,0.0018266976112499833,7.027491569519043,0.044234875589609146
496,uav_jammer,7.583801746368408,9.426819801330566,2736.136962890625,0.03190961480140686,7.029928207397461,0.046770431101322174
497,bs_beamformer,0.03737061098217964,0.0,22.948762893676758,0.0,7.030262470245361,0.050939902663230896
497,uav_jammer,2.02384352684021,0.0,1372.651611328125,0.0,7.0307111740112305,0.04975965991616249
498,bs_beamformer,0.034663185477256775,-13.840056419372559,19.013715744018555,0.00341950380243361,7.033036231994629,0.053777098655700684
498,uav_jammer,1.0269193649291992,8.891257286071777,974.7991943359375,0.01772739738225937,7.028546333312988,0.05112120881676674
499,bs_beamformer,0.08484161645174026,0.0,39.334022521972656,0.0,7.023927688598633,0.03298633545637131
499,uav_jammer,4.029220104217529,0.0,1961.71435546875,0.0,7.0360870361328125,0.05977446213364601
500,bs_beamformer,0.07698723673820496,-14.039565086364746,32.12837219238281,0.0016116121551021934,7.024703502655029,0.044733211398124695
500,uav_jammer,3.3810226917266846,9.500683784484863,1783.1455078125,0.0007521309889853001,7.030193328857422,0.052762147039175034
501,bs_beamformer,0.04397456347942352,0.0,11.4010009765625,0.0,7.019323348999023,0.0763273760676384
501,uav_jammer,0.37994620203971863,0.0,462.5298767089844,0.0,7.027893543243408,0.04513812065124512
502,bs_beamformer,0.06837277859449387,-14.485552787780762,33.960716247558594,0.001555374707095325,7.025343418121338,0.04188528656959534
502,uav_jammer,3.6043033599853516,8.923919677734375,1859.4549560546875,0.021426675841212273,7.0324625968933105,0.05078969523310661
503,bs_beamformer,0.12154940515756607,0.0,47.54169464111328,0.0,7.033792972564697,0.04869867488741875
503,uav_jammer,8.16119384765625,0.0,2828.77099609375,0.0,7.028227806091309,0.04222681745886803
504,bs_beamformer,0.09943119436502457,-14.26344108581543,42.66603469848633,0.0012340157991275191,7.027645111083984,0.03996823728084564
504,uav_jammer,7.0481157302856445,9.400592803955078,2626.4912109375,0.053852323442697525,7.030283451080322,0.046465951949357986
505,bs_beamformer,0.018396133556962013,0.0,12.357528686523438,0.0,7.027478218078613,0.040848035365343094
505,uav_jammer,1.6725162267684937,0.0,1208.0142822265625,0.0,7.0304155349731445,0.049595050513744354
506,bs_beamformer,0.06541933119297028,-13.849751472473145,34.024349212646484,0.002210998209193349,7.024352550506592,0.03911077231168747
506,uav_jammer,1.369340181350708,9.386069297790527,1129.44580078125,0.011915161274373531,7.032447814941406,0.04833834618330002
507,bs_beamformer,0.16235871613025665,0.0,55.853851318359375,0.0,7.030391693115234,0.051171161234378815
507,uav_jammer,4.4155659675598145,0.0,2069.318603515625,0.0,7.0325493812561035,0.05314652994275093
508,bs_beamformer,0.16580064594745636,-14.060059547424316,50.74987030029297,0.0028963549993932247,7.027061462402344,0.08601707220077515
508,uav_jammer,3.390390157699585,8.848980903625488,1785.110107421875,0.007134424988180399,7.031181812286377,0.05062282085418701
509,bs_beamformer,0.05062759295105934,0.0,28.06944465637207,0.0,7.0327839851379395,0.05140533298254013
509,uav_jammer,0.4041263461112976,0.0,573.089111328125,0.0,7.028580188751221,0.04380800947546959
510,bs_beamformer,0.050486043095588684,-14.53260612487793,19.337160110473633,0.0014046438736841083,7.024718761444092,0.08346333354711533
510,uav_jammer,3.47655987739563,8.263845443725586,1818.4666748046875,0.00628872262313962,7.029762268066406,0.053328737616539
511,bs_beamformer,0.09245549142360687,0.0,33.624290466308594,0.0,7.031544208526611,0.0885910615324974
511,uav_jammer,7.511414527893066,0.0,2726.15380859375,0.0,7.030494689941406,0.04650196433067322
512,bs_beamformer,0.06186692789196968,-14.357545852661133,32.028560638427734,0.002410607412457466,7.0257134437561035,0.04296404868364334
512,uav_jammer,6.307125568389893,9.368773460388184,2471.90576171875,0.03651644289493561,7.032807350158691,0.05162244290113449
513,bs_beamformer,0.016323750838637352,0.0,7.551169395446777,0.0,7.029074668884277,0.049609407782554626
513,uav_jammer,1.6384212970733643,0.0,1231.4288330078125,0.0,7.032550811767578,0.04720138758420944
514,bs_beamformer,0.0708659440279007,-14.089228630065918,29.553634643554688,0.0023316682782024145,7.021022796630859,0.0756497010588646
514,uav_jammer,1.1747249364852905,8.1001615524292,1045.2379150390625,0.03996355086565018,7.032171249389648,0.04476853087544441
515,bs_beamformer,0.12176833301782608,0.0,47.16166305541992,0.0,7.028441429138184,0.05152449011802673
515,uav_jammer,4.0544819831848145,0.0,1980.263671875,0.0,7.030848026275635,0.04617560654878616
516,bs_beamformer,0.07158728688955307,-14.357722282409668,31.218162536621094,0.001844119164161384,7.019693374633789,0.07708241790533066
516,uav_jammer,3.144643783569336,8.654441833496094,1715.7896728515625,0.03184627741575241,7.030325412750244,0.04770738631486893
517,bs_beamformer,0.012788627296686172,0.0,5.853330612182617,0.0,7.027632236480713,0.045608039945364
517,uav_jammer,0.2949088215827942,0.0,384.3769836425781,0.0,7.029428482055664,0.051353394985198975
518,bs_beamformer,0.10260659456253052,-14.756917953491211,38.09660720825195,0.0022888099774718285,7.023998260498047,0.07823295891284943
518,uav_jammer,3.632524013519287,9.230384826660156,1893.3310546875,0.03320066258311272,7.027828216552734,0.04955052211880684
519,bs_beamformer,0.13544845581054688,0.0,47.10675811767578,0.0,7.030021667480469,0.05695156753063202
519,uav_jammer,8.069535255432129,0.0,2831.2265625,0.0,7.0279130935668945,0.050908759236335754
520,bs_beamformer,0.08973219990730286,-14.512813568115234,40.324851989746094,0.001920266542583704,7.031172275543213,0.05395832657814026
520,uav_jammer,6.617707252502441,8.680009841918945,2527.275390625,0.01544872485101223,7.033389091491699,0.0550379641354084
521,bs_beamformer,0.03455636650323868,0.0,9.853931427001953,0.0,7.032828330993652,0.05908031761646271
521,uav_jammer,1.620306372642517,0.0,1190.46533203125,0.0,7.029783725738525,0.05295150354504585
522,bs_beamformer,0.07889197021722794,-14.10982894897461,37.578224182128906,0.0017754578730091453,7.031773567199707,0.05369289219379425
522,uav_jammer,1.262948751449585,8.362405776977539,1055.8243408203125,0.001092117978259921,7.0336103439331055,0.0586356595158577
523,bs_beamformer,0.18802309036254883,0.0,59.44503402709961,0.0,7.0296125411987305,0.050011131912469864
523,uav_jammer,4.355409622192383,0.0,2051.947509765625,0.0,7.034142971038818,0.05482499673962593
524,bs_beamformer,0.16410015523433685,-14.316102981567383,53.64990997314453,0.0016760359285399318,7.032956600189209,0.06003517284989357
524,uav_jammer,3.4140334129333496,8.33133316040039,1801.0096435546875,0.015822634100914,7.030848979949951,0.04997088015079498
525,bs_beamformer,0.08715667575597763,0.0,30.316884994506836,0.0,7.028086185455322,0.09028322994709015
525,uav_jammer,0.4777061343193054,0.0,511.3235778808594,0.0,7.036590576171875,0.056193675845861435
526,bs_beamformer,0.02650865726172924,-14.789054870605469,16.6210880279541,0.0023774253204464912,7.033753871917725,0.05328993499279022
526,uav_jammer,3.1636412143707275,8.306378364562988,1723.4066162109375,0.03892103582620621,7.036223411560059,0.05225267633795738
527,bs_beamformer,0.05756109207868576,0.0,30.650951385498047,0.0,7.03005313873291,0.047042980790138245
527,uav_jammer,7.1549553871154785,0.0,2596.602783203125,0.0,7.032781600952148,0.08866649121046066
528,bs_beamformer,0.05307203531265259,-14.623042106628418,28.581501007080078,0.0024720889050513506,7.032273292541504,0.049992430955171585
528,uav_jammer,6.110854148864746,9.434244155883789,2464.463623046875,0.0026001688092947006,7.022952079772949,0.08092120289802551
529,bs_beamformer,0.014284763485193253,0.0,6.471924781799316,0.0,7.030787467956543,0.048276137560606
529,uav_jammer,1.2155392169952393,0.0,1017.1886596679688,0.0,7.033394813537598,0.05510512739419937
530,bs_beamformer,0.04310978204011917,-14.45425796508789,25.892072677612305,0.0018954402767121792,7.032047748565674,0.04763269051909447
530,uav_jammer,1.7453891038894653,8.138965606689453,1224.7344970703125,0.0005834593321196735,7.032617568969727,0.056191422045230865
531,bs_beamformer,0.09193305671215057,0.0,35.141170501708984,0.0,7.026520729064941,0.08330291509628296
531,uav_jammer,5.00870418548584,0.0,2166.7099609375,0.0,7.035857200622559,0.05537645146250725
532,bs_beamformer,0.01952342316508293,-14.791593551635742,13.39326286315918,0.0020801089704036713,7.034085750579834,0.05219196155667305
532,uav_jammer,4.034748077392578,8.368453025817871,1972.873291015625,0.00037334547960199416,7.029667854309082,0.04804832115769386
533,bs_beamformer,0.05808515474200249,0.0,24.037616729736328,0.0,7.029913425445557,0.08383379131555557
533,uav_jammer,0.7505326867103577,0.0,734.836181640625,0.0,7.031661033630371,0.057057540863752365
534,bs_beamformer,0.09668887406587601,-14.85462474822998,36.62312316894531,0.007631462998688221,7.024806976318359,0.0834110677242279
534,uav_jammer,2.4239330291748047,8.171807289123535,1495.1795654296875,0.0013857583981007338,7.0395941734313965,0.05964801833033562
535,bs_beamformer,0.03346036747097969,0.0,21.529197692871094,0.0,7.0351104736328125,0.055145688354969025
535,uav_jammer,6.220278739929199,0.0,2435.203369140625,0.0,7.034592151641846,0.05381977558135986
536,bs_beamformer,0.019199246540665627,-14.582437515258789,13.863383293151855,0.0018172154668718576,7.034181594848633,0.05024126172065735
536,uav_jammer,5.025731086730957,8.731194496154785,2165.36474609375,0.0015955675626173615,7.029587745666504,0.05512281507253647
537,bs_beamformer,0.03962303325533867,0.0,24.458993911743164,0.0,7.028057098388672,0.045663271099328995
537,uav_jammer,0.8619723916053772,0.0,864.1275024414062,0.0,7.025121688842773,0.041826032102108
538,bs_beamformer,0.03733355179429054,-14.778667449951172,23.146089553833008,0.003120817244052887,7.0260820388793945,0.041979510337114334
538,uav_jammer,1.9601249694824219,8.232001304626465,1359.3531494140625,0.005682545248419046,7.028934001922607,0.04434958100318909
539,bs_beamformer,0.014340227469801903,0.0,6.581528663635254,0.0,7.0350518226623535,0.051467180252075195
539,uav_jammer,5.70905876159668,0.0,2334.634521484375,0.0,7.031937599182129,0.04854544252157211
540,bs_beamformer,0.06516831368207932,-15.004895210266113,33.30052185058594,0.003323997836560011,7.029679298400879,0.03992187976837158
540,uav_jammer,4.6563873291015625,8.933819770812988,2108.7177734375,0.01266224030405283,7.031235694885254,0.052664827555418015
541,bs_beamformer,0.13330350816249847,0.0,43.465057373046875,0.0,7.028022766113281,0.08900664001703262
541,uav_jammer,0.8610877990722656,0.0,846.6885986328125,0.0,7.029023170471191,0.045076221227645874
542,bs_beamformer,0.05738987773656845,-14.809715270996094,24.294954299926758,0.009707222692668438,7.025792598724365,0.079043447971344
542,uav_jammer,1.9725518226623535,8.242524147033691,1331.208984375,0.0013890095287933946,7.027453422546387,0.051606565713882446
543,bs_beamformer,0.0727279782295227,0.0,17.303102493286133,0.0,7.022019386291504,0.14467746019363403
543,uav_jammer,5.211126327514648,0.0,2218.01416015625,0.0,7.032571315765381,0.04828902706503868
544,bs_beamformer,0.04967954754829407,-14.741098403930664,27.573816299438477,0.0035529774613678455,7.02589225769043,0.04561122879385948
544,uav_jammer,4.053894996643066,8.811306953430176,1974.881103515625,0.0008518603863194585,7.032531261444092,0.05578019097447395
545,bs_beamformer,0.027902081608772278,0.0,18.320575714111328,0.0,7.030196666717529,0.04424992576241493
545,uav_jammer,0.6514751315116882,0.0,629.8108520507812,0.0,7.037224769592285,0.056946758180856705
546,bs_beamformer,0.02391250804066658,-15.01486873626709,16.031389236450195,0.002185356803238392,7.025888442993164,0.04474927857518196
546,uav_jammer,2.9723782539367676,8.775603294372559,1645.8466796875,0.00058735441416502,7.031928539276123,0.061747994273900986
547,bs_beamformer,0.02139117941260338,0.0,14.674308776855469,0.0,7.032052516937256,0.043695662170648575
547,uav_jammer,7.1330885887146,0.0,2644.672119140625,0.0,7.032469749450684,0.057965267449617386
548,bs_beamformer,0.07842454314231873,-14.867752075195312,23.006057739257812,0.005832932889461517,7.024969100952148,0.144952192902565
548,uav_jammer,5.447774887084961,8.620392799377441,2295.31103515625,0.00047138516674749553,7.032207012176514,0.04890673980116844
549,bs_beamformer,0.023867860436439514,0.0,16.293386459350586,0.0,7.034153938293457,0.053130216896533966
549,uav_jammer,1.3140190839767456,0.0,1063.2012939453125,0.0,7.030783653259277,0.04986758902668953
550,bs_beamformer,0.06621623039245605,-15.004764556884766,16.908721923828125,0.005646553821861744,7.021726608276367,0.14543327689170837
550,uav_jammer,1.7164610624313354,8.751016616821289,1208.28466796875,0.0032964679412543774,7.026129722595215,0.04048127308487892
551,bs_beamformer,0.023770129308104515,0.0,15.608214378356934,0.0,7.0320024490356445,0.05114780366420746
551,uav_jammer,4.620795249938965,0.0,2045.4383544921875,0.0,7.032200813293457,0.05062364041805267
552,bs_beamformer,0.03476200997829437,-15.094021797180176,21.104188919067383,0.0054231672547757626,7.031496524810791,0.04860315099358559
552,uav_jammer,3.5443637371063232,8.543400764465332,1817.696533203125,0.0031428567599505186,7.031872749328613,0.04776919260621071
553,bs_beamformer,0.02687222883105278,0.0,17.206220626831055,0.0,7.026941299438477,0.038161613047122955
553,uav_jammer,0.3054346740245819,0.0,425.4904479980469,0.0,7.03317928314209,0.04668613150715828
554,bs_beamformer,0.0126239825040102,-15.058425903320312,4.216564655303955,0.0034709791652858257,7.032745838165283,0.0463063046336174
554,uav_jammer,3.820263385772705,8.054754257202148,1872.41259765625,0.012691892683506012,7.028116226196289,0.0484200082719326
555,bs_beamformer,0.013141919858753681,0.0,5.408751487731934,0.0,7.032346725463867,0.04733160883188248
555,uav_jammer,8.653274536132812,0.0,2840.560302734375,0.0,7.031090259552002,0.058958884328603745
556,bs_beamformer,0.07678180187940598,-15.211627960205078,23.92926597595215,0.006464221980422735,7.0238518714904785,0.1441294401884079
556,uav_jammer,8.750038146972656,8.561251640319824,2749.097412109375,0.0002224153431598097,7.0349650382995605,0.04960627853870392
557,bs_beamformer,0.020008523017168045,0.0,14.861920356750488,0.0,7.03413200378418,0.048554982990026474
557,uav_jammer,2.494546413421631,0.0,1386.048828125,0.0,7.030585289001465,0.061020199209451675
558,bs_beamformer,0.013752620667219162,-15.035872459411621,7.407800674438477,0.009989305399358273,7.02996301651001,0.042197927832603455
558,uav_jammer,1.219585657119751,7.689516544342041,882.7901611328125,0.0009014140232466161,7.034195423126221,0.0613722950220108
559,bs_beamformer,0.02384871244430542,0.0,17.791139602661133,0.0,7.024759292602539,0.03972014784812927
559,uav_jammer,3.176119089126587,0.0,1641.6768798828125,0.0,7.035055160522461,0.060048606246709824
560,bs_beamformer,0.01837605983018875,-15.2725191116333,13.250828742980957,0.006328288000077009,7.029246807098389,0.04608810320496559
560,uav_jammer,2.9819695949554443,8.128083229064941,1531.4813232421875,0.001658181892707944,7.033459663391113,0.061464305967092514
561,bs_beamformer,0.02032318338751793,0.0,13.36941909790039,0.0,7.027895927429199,0.04339393228292465
561,uav_jammer,1.8318099975585938,0.0,488.02203369140625,0.0,7.03197717666626,0.04965924844145775
562,bs_beamformer,0.022253038361668587,-15.172389030456543,15.289671897888184,0.0016732411459088326,7.029062747955322,0.04069073498249054
562,uav_jammer,3.3197176456451416,8.232401847839355,1717.2855224609375,0.0007395247230306268,7.033014297485352,0.05877495929598808
563,bs_beamformer,0.016360489651560783,0.0,9.593863487243652,0.0,7.030015468597412,0.043165046721696854
563,uav_jammer,6.375964164733887,0.0,2345.021728515625,0.0,7.034623146057129,0.05432010069489479
564,bs_beamformer,0.01605435647070408,-15.301583290100098,9.011160850524902,0.0016146284760907292,7.031439781188965,0.04753047972917557
564,uav_jammer,7.365361213684082,8.46968936920166,2179.4033203125,0.0008347677648998797,7.030858993530273,0.05081123113632202
565,bs_beamformer,0.04369160905480385,0.0,17.228986740112305,0.0,7.030682563781738,0.05010955035686493
565,uav_jammer,5.476578712463379,0.0,1097.670654296875,0.0,7.037946701049805,0.05634680762887001
566,bs_beamformer,0.03648814931511879,-15.243535041809082,12.540969848632812,0.001691386103630066,7.034150123596191,0.0570385605096817
566,uav_jammer,3.823956251144409,8.687828063964844,1553.0736083984375,0.0004913088050670922,7.031867504119873,0.050823621451854706
567,bs_beamformer,0.021925345063209534,0.0,15.080824851989746,0.0,7.029565811157227,0.04326513409614563
567,uav_jammer,6.6653594970703125,0.0,2515.277099609375,0.0,7.030299663543701,0.04642058163881302
568,bs_beamformer,0.01995766907930374,-15.343561172485352,13.496174812316895,0.0014604213647544384,7.029531955718994,0.047798041254282
568,uav_jammer,7.011325359344482,7.958017349243164,2387.678466796875,0.0007319649448618293,7.0293121337890625,0.044454820454120636
569,bs_beamformer,0.028091074898838997,0.0,19.012439727783203,0.0,7.032966613769531,0.05038885399699211
569,uav_jammer,1.627032995223999,0.0,881.8613891601562,0.0,7.032692909240723,0.048897095024585724
570,bs_beamformer,0.024294879287481308,-15.410998344421387,17.08552360534668,0.0015393246430903673,7.035217761993408,0.052494216710329056
570,uav_jammer,2.631443977355957,7.3851728439331055,1324.8525390625,0.02004096284508705,7.034610271453857,0.05250919237732887
571,bs_beamformer,0.02991349808871746,0.0,8.371339797973633,0.0,7.036462306976318,0.060814280062913895
571,uav_jammer,10.157658576965332,0.0,2146.478759765625,0.0,7.028109550476074,0.05232573673129082
572,bs_beamformer,0.01606861874461174,-15.418781280517578,9.15218448638916,0.001327795092947781,7.02964973449707,0.04791652411222458
572,uav_jammer,6.763064861297607,7.880030632019043,2011.9676513671875,0.017373347654938698,7.03693151473999,0.06358862668275833
573,bs_beamformer,0.03488229215145111,0.0,13.002299308776855,0.0,7.027425289154053,0.049744121730327606
573,uav_jammer,5.5468363761901855,0.0,943.116943359375,0.0,7.029277324676514,0.055327802896499634
574,bs_beamformer,0.022168688476085663,-15.443562507629395,13.264140129089355,0.0015654561575502157,7.0287604331970215,0.04523623362183571
574,uav_jammer,1.4095121622085571,7.926923751831055,963.2156372070312,0.0001454642042517662,7.036499977111816,0.05672808364033699
575,bs_beamformer,0.009855246171355247,0.0,5.867049217224121,0.0,7.027082443237305,0.04052683338522911
575,uav_jammer,2.826873540878296,0.0,1303.285400390625,0.0,7.035256385803223,0.05396191403269768
576,bs_beamformer,0.024080516770482063,-15.513187408447266,16.33422088623047,0.0014217924326658249,7.035386085510254,0.04875081032514572
576,uav_jammer,3.4350991249084473,7.876109600067139,731.651611328125,0.00016291267820633948,7.032954692840576,0.05617180094122887
577,bs_beamformer,0.016103722155094147,0.0,8.962953567504883,0.0,7.029900550842285,0.03573664650321007
577,uav_jammer,4.1003546714782715,0.0,960.7222900390625,0.0,7.028925895690918,0.050854794681072235
578,bs_beamformer,0.05797123163938522,-15.524015426635742,31.12358283996582,0.0013789506629109383,7.024828910827637,0.05278380215167999
578,uav_jammer,2.116910219192505,7.203365802764893,1073.4879150390625,0.0005634483532048762,7.037749767303467,0.05450768396258354
579,bs_beamformer,0.062044333666563034,0.0,31.305795669555664,0.0,7.029332160949707,0.05124834179878235
579,uav_jammer,2.023848533630371,0.0,488.1866149902344,0.0,7.035968780517578,0.05415036156773567
580,bs_beamformer,0.013391818851232529,-15.558692932128906,7.23910665512085,0.0015863657463341951,7.026194095611572,0.0350303053855896
580,uav_jammer,1.8695287704467773,7.40540075302124,1314.21630859375,0.00347437197342515,7.030064105987549,0.05027109384536743
581,bs_beamformer,0.11290145665407181,0.0,45.75703430175781,0.0,7.032555103302002,0.04379543289542198
581,uav_jammer,3.235088586807251,0.0,1591.1177978515625,0.0,7.032763481140137,0.05141855776309967
582,bs_beamformer,0.18992158770561218,-15.62281322479248,60.17617416381836,0.0014087890740484,7.030466556549072,0.04260783642530441
582,uav_jammer,2.7153820991516113,7.414736270904541,945.931640625,0.0016700485721230507,7.031173229217529,0.051801618188619614
583,bs_beamformer,0.14800579845905304,0.0,52.960418701171875,0.0,7.024262428283691,0.03282480686903
583,uav_jammer,1.9316630363464355,0.0,967.1864624023438,0.0,7.031659126281738,0.056879885494709015
584,bs_beamformer,0.045143626630306244,-15.63815689086914,12.631292343139648,0.001295880414545536,7.030678749084473,0.0797048881649971
584,uav_jammer,3.2041282653808594,6.845249176025391,1443.1220703125,0.0019723332952708006,7.033970355987549,0.047249685972929
585,bs_beamformer,0.11893393099308014,0.0,47.600948333740234,0.0,7.035918235778809,0.05171820521354675
585,uav_jammer,3.7465667724609375,0.0,805.43798828125,0.0,7.034752368927002,0.057669807225465775
586,bs_beamformer,0.3070230185985565,-15.702020645141602,78.8481216430664,0.0015650797868147492,7.034824848175049,0.0456303171813488
586,uav_jammer,1.9753174781799316,6.795748710632324,787.7802734375,0.21363039314746857,7.035950660705566,0.05481008440256119
587,bs_beamformer,0.25762540102005005,0.0,71.84027099609375,0.0,7.036379814147949,0.053430091589689255
587,uav_jammer,1.700591802597046,0.0,1026.777587890625,0.0,7.034488677978516,0.05554261431097984
588,bs_beamformer,0.09865178912878036,-15.748859405517578,42.439788818359375,0.0013829185627400875,7.031041622161865,0.05125981569290161
588,uav_jammer,0.3011569082736969,7.610739707946777,388.4791259765625,0.00733138807117939,7.0353217124938965,0.04614460840821266
589,bs_beamformer,0.02295610122382641,0.0,16.619821548461914,0.0,7.027196884155273,0.03627670928835869
589,uav_jammer,3.385793685913086,0.0,1665.7852783203125,0.0,7.0372138023376465,0.05606850981712341
590,bs_beamformer,0.07744821161031723,-15.800508499145508,36.59843444824219,0.00112170132342726,7.036696910858154,0.052685413509607315
590,uav_jammer,4.686047077178955,6.514191627502441,1955.240234375,0.05702146515250206,7.039800643920898,0.06262443959712982
591,bs_beamformer,0.0576290525496006,0.0,31.66387367248535,0.0,7.03066873550415,0.03852980211377144
591,uav_jammer,3.7822952270507812,0.0,1428.8416748046875,0.0,7.039490699768066,0.056652702391147614
592,bs_beamformer,0.013115959241986275,-15.86539077758789,3.2161648273468018,0.007234917022287846,7.034222602844238,0.04743737354874611
592,uav_jammer,2.06528902053833,8.104508399963379,921.8351440429688,0.03736477717757225,7.033755779266357,0.059135906398296356
593,bs_beamformer,0.010743401944637299,0.0,2.420267105102539,0.0,7.035272598266602,0.04923781752586365
593,uav_jammer,3.7694501876831055,0.0,1448.9630126953125,0.0,7.035806179046631,0.08810142427682877
594,bs_beamformer,0.025679219514131546,-15.814611434936523,17.23434066772461,0.000999201089143753,7.038125514984131,0.051650673151016235
594,uav_jammer,4.341785907745361,7.2908501625061035,1787.105224609375,0.09738955646753311,7.031294345855713,0.08599497377872467
595,bs_beamformer,0.023318469524383545,0.0,15.663923263549805,0.0,7.0308027267456055,0.05049474537372589
595,uav_jammer,1.1778420209884644,0.0,714.9132690429688,0.0,7.030404090881348,0.04730665311217308
596,bs_beamformer,0.032052431255578995,-15.956055641174316,19.1857852935791,0.0013465909287333488,7.034749984741211,0.050526782870292664
596,uav_jammer,2.936326026916504,6.217773914337158,1547.543212890625,0.016364336013793945,7.034076690673828,0.054775893688201904
597,bs_beamformer,0.028509769588708878,0.0,18.955341339111328,0.0,7.037245273590088,0.056750595569610596
597,uav_jammer,4.4485578536987305,0.0,1992.8486328125,0.0,7.0291337966918945,0.04066944867372513
598,bs_beamformer,0.009529497474431992,-15.897684097290039,4.026223659515381,0.001107804593630135,7.028562068939209,0.045290593057870865
598,uav_jammer,3.171607494354248,7.5176801681518555,1704.4696044921875,0.006846945732831955,7.033769607543945,0.04996087774634361
599,bs_beamformer,0.009953672997653484,0.0,4.024477958679199,0.0,7.037116050720215,0.058057259768247604
599,uav_jammer,1.3770804405212402,0.0,1021.056884765625,0.0,7.039974212646484,0.05581405758857727
600,bs_beamformer,0.0500301830470562,-16.093822479248047,29.06118392944336,0.0009978216839954257,7.032686233520508,0.049002647399902344
600,uav_jammer,2.2440152168273926,5.824340343475342,1345.090087890625,0.02226107195019722,7.031806945800781,0.05025230720639229
601,bs_beamformer,0.03413010388612747,0.0,23.08158302307129,0.0,7.03885555267334,0.05062348023056984
601,uav_jammer,3.8953704833984375,0.0,1827.5716552734375,0.0,7.035338401794434,0.04841113090515137
602,bs_beamformer,0.01079750806093216,-15.723424911499023,1.202866792678833,0.004827167838811874,7.038363456726074,0.06263648718595505
602,uav_jammer,1.5898886919021606,7.6468505859375,1078.89990234375,0.022217124700546265,7.031209468841553,0.045607734471559525
603,bs_beamformer,0.10932167619466782,0.0,45.5703239440918,0.0,7.032524585723877,0.05597535893321037
603,uav_jammer,2.777207851409912,0.0,1055.2027587890625,0.0,7.031124114990234,0.03857245296239853
604,bs_beamformer,0.1621411144733429,-15.748326301574707,56.01674270629883,0.0008649796363897622,7.034796237945557,0.045827072113752365
604,uav_jammer,3.139552593231201,5.894476413726807,1276.72216796875,0.0013095191679894924,7.034671783447266,0.05088284611701965
605,bs_beamformer,0.11372274160385132,0.0,45.37371826171875,0.0,7.0322723388671875,0.04493916779756546
605,uav_jammer,2.5689985752105713,0.0,1486.927001953125,0.0,7.030452251434326,0.043982695788145065
606,bs_beamformer,0.028052257373929024,-16.40850257873535,6.017476558685303,0.0014715641736984253,7.0350141525268555,0.050134576857089996
606,uav_jammer,0.2703096270561218,8.549809455871582,365.5589294433594,0.002106874482706189,7.0365891456604,0.051215484738349915
607,bs_beamformer,0.12363971024751663,0.0,47.1126823425293,0.0,7.032736301422119,0.04890362545847893
607,uav_jammer,6.459232807159424,0.0,2398.196044921875,0.0,7.028836727142334,0.04461992532014847
608,bs_beamformer,0.265124648809433,-16.554027557373047,72.23211669921875,0.001841464196331799,7.026914119720459,0.04804760590195656
608,uav_jammer,10.162054061889648,7.358330726623535,2967.846435546875,0.02386043407022953,7.039144992828369,0.05231787636876106
609,bs_beamformer,0.2050463855266571,0.0,64.16613006591797,0.0,7.029056072235107,0.04168575629591942
609,uav_jammer,5.110629081726074,0.0,2147.978515625,0.0,7.028261661529541,0.046286482363939285
610,bs_beamformer,0.08153916895389557,-16.034591674804688,38.405757904052734,0.0007837077137082815,7.03086519241333,0.05398666858673096
610,uav_jammer,2.9875848293304443,5.44338846206665,1586.68408203125,0.00019351067021489143,7.029829978942871,0.042817793786525726
611,bs_beamformer,0.02422340400516987,0.0,15.336479187011719,0.0,7.030706882476807,0.04208400100469589
611,uav_jammer,3.6485421657562256,0.0,1607.492919921875,0.0,7.034030914306641,0.04426456242799759
612,bs_beamformer,0.06897680461406708,-15.939863204956055,35.27825927734375,0.00082171376561746,7.028419494628906,0.04107959195971489
612,uav_jammer,3.235746383666992,7.914437770843506,1574.218505859375,0.0007431634585373104,7.030317783355713,0.05019395798444748
613,bs_beamformer,0.06582244485616684,0.0,33.90773391723633,0.0,7.032710075378418,0.04674786329269409
613,uav_jammer,4.7391157150268555,0.0,1997.26025390625,0.0,7.034852981567383,0.05465329810976982
614,bs_beamformer,0.011922312900424004,-16.46662139892578,4.785418510437012,0.0007252161158248782,7.035434722900391,0.049706343561410904
614,uav_jammer,2.1629116535186768,5.719995498657227,1197.015869140625,0.01984822191298008,7.031652927398682,0.052762288600206375
615,bs_beamformer,0.08875756710767746,0.0,40.60108184814453,0.0,7.030892848968506,0.0373409278690815
615,uav_jammer,2.2259654998779297,0.0,1279.376953125,0.0,7.034882068634033,0.05189350247383118
616,bs_beamformer,0.17191728949546814,-16.53266143798828,58.41933059692383,0.0008315377053804696,7.029560565948486,0.050462838262319565
616,uav_jammer,3.9134604930877686,6.029813289642334,1849.9561767578125,0.0008786150719970465,7.03359317779541,0.05315786972641945
617,bs_beamformer,0.11835956573486328,0.0,47.37396240234375,0.0,7.030806064605713,0.056096870452165604
617,uav_jammer,1.2862485647201538,0.0,1026.018310546875,0.0,7.029040336608887,0.04086127132177353
618,bs_beamformer,0.021953903138637543,-15.988314628601074,12.176847457885742,0.003101714886724949,7.0280351638793945,0.04356184974312782
618,uav_jammer,1.7840148210525513,6.756387233734131,1195.428466796875,9.349981701234356e-05,7.032023906707764,0.043162401765584946
619,bs_beamformer,0.10158318281173706,0.0,43.08433151245117,0.0,7.032102584838867,0.04144349694252014
619,uav_jammer,1.9509930610656738,0.0,1347.401611328125,0.0,7.028761386871338,0.04172125458717346
620,bs_beamformer,0.22265632450580597,-15.854606628417969,66.53945922851562,0.0007675021188333631,7.029984951019287,0.049547094851732254
620,uav_jammer,2.5465383529663086,5.737720489501953,1479.68603515625,3.519633173709735e-05,7.028918743133545,0.041841406375169754
621,bs_beamformer,0.24313808977603912,0.0,66.7852554321289,0.0,7.0276570320129395,0.054606154561042786
621,uav_jammer,1.0132100582122803,0.0,796.3865966796875,0.0,7.033207416534424,0.04649697244167328
622,bs_beamformer,0.0884280800819397,-16.37541389465332,39.83866500854492,0.0016275207744911313,7.03769063949585,0.05116834118962288
622,uav_jammer,3.334601879119873,7.9359211921691895,1633.4554443359375,0.025451702997088432,7.035091400146484,0.04920868203043938
623,bs_beamformer,0.034616898745298386,0.0,9.216859817504883,0.0,7.030786991119385,0.05159081146121025
623,uav_jammer,4.921006202697754,0.0,2075.404541015625,0.0,7.026889801025391,0.04936505854129791
624,bs_beamformer,0.08705674111843109,-16.679462432861328,40.28276443481445,0.0010423330822959542,7.034806728363037,0.048721540719270706
624,uav_jammer,1.3061786890029907,4.7511420249938965,1000.2391357421875,0.032245468348264694,7.028297424316406,0.04193864017724991
625,bs_beamformer,0.0944516658782959,0.0,42.16564178466797,0.0,7.0336761474609375,0.04587600380182266
625,uav_jammer,2.939009666442871,0.0,1528.6903076171875,0.0,7.031580924987793,0.047056056559085846
626,bs_beamformer,0.05008366331458092,-16.342575073242188,28.917753219604492,0.002358065452426672,7.035254955291748,0.04904155433177948
626,uav_jammer,3.232675790786743,7.007528305053711,1701.438232421875,0.0006885048351250589,7.028173923492432,0.047289710491895676
627,bs_beamformer,0.02158285118639469,0.0,15.49237060546875,0.0,7.034279823303223,0.05036356300115585
627,uav_jammer,2.346318006515503,0.0,1471.58544921875,0.0,7.032243251800537,0.04401373118162155
628,bs_beamformer,0.0367872454226017,-16.363258361816406,23.618484497070312,0.000780299655161798,7.0328168869018555,0.05067017674446106
628,uav_jammer,1.913822054862976,5.775937080383301,1286.16943359375,0.0033853284548968077,7.035445213317871,0.04719911888241768
629,bs_beamformer,0.023226656019687653,0.0,16.22313690185547,0.0,7.03621244430542,0.05516018345952034
629,uav_jammer,0.7607254385948181,0.0,814.6685791015625,0.0,7.028846263885498,0.04604993760585785
630,bs_beamformer,0.04311508685350418,-16.691158294677734,24.9929256439209,0.0011437518987804651,7.0361223220825195,0.052610281854867935
630,uav_jammer,1.9615185260772705,5.5084428787231445,1319.846435546875,0.02559194341301918,7.032690048217773,0.03743169084191322
631,bs_beamformer,0.047917962074279785,0.0,27.434499740600586,0.0,7.037583827972412,0.05089244991540909
631,uav_jammer,0.19069236516952515,0.0,344.41217041015625,0.0,7.0310163497924805,0.03706781938672066
632,bs_beamformer,0.019335132092237473,-16.353206634521484,13.478357315063477,0.000999065232463181,7.035187721252441,0.04987918585538864
632,uav_jammer,6.119288444519043,8.416549682617188,2318.06298828125,0.002344883745536208,7.030644416809082,0.039573509246110916
633,bs_beamformer,0.08029016852378845,0.0,33.33578109741211,0.0,7.037696838378906,0.059414755553007126
633,uav_jammer,9.321903228759766,0.0,2876.437744140625,0.0,7.03159761428833,0.041916437447071075
634,bs_beamformer,0.08926032483577728,-16.363344192504883,40.66365051269531,0.0011236248537898064,7.036842346191406,0.05175023525953293
634,uav_jammer,3.3885498046875,4.567337512969971,1761.5255126953125,0.0012077157152816653,7.031113147735596,0.03846057131886482
635,bs_beamformer,0.0763540267944336,0.0,31.826297760009766,0.0,7.035492897033691,0.055378202348947525
635,uav_jammer,2.472602605819702,0.0,1427.48779296875,0.0,7.032673358917236,0.04365249350667
636,bs_beamformer,0.034675586968660355,-16.7430477142334,10.864160537719727,0.0010328891221433878,7.0331244468688965,0.04930679872632027
636,uav_jammer,3.8064510822296143,6.2001824378967285,1835.83642578125,0.0076081338338553905,7.028823375701904,0.04653811454772949
637,bs_beamformer,0.036260418593883514,0.0,23.180641174316406,0.0,7.037287712097168,0.05232752859592438
637,uav_jammer,2.1775314807891846,0.0,1357.08349609375,0.0,7.032192707061768,0.04772220179438591
638,bs_beamformer,0.03312195837497711,-16.58570098876953,22.52316665649414,0.0011351698776707053,7.032174110412598,0.051760245114564896
638,uav_jammer,3.1460893154144287,7.052127838134766,1652.0728759765625,0.008275559172034264,7.032468795776367,0.0419088639318943
639,bs_beamformer,0.03751011937856674,0.0,10.36782455444336,0.0,7.037085056304932,0.056230176240205765
639,uav_jammer,1.6381815671920776,0.0,1151.8157958984375,0.0,7.032486438751221,0.046110689640045166
640,bs_beamformer,0.03409694880247116,-16.641395568847656,22.031211853027344,0.0009678672649897635,7.031789302825928,0.04171675071120262
640,uav_jammer,1.9519202709197998,4.589200019836426,1304.7869873046875,0.04841965436935425,7.031753063201904,0.0498516745865345
641,bs_beamformer,0.03629619628190994,0.0,10.159156799316406,0.0,7.031376838684082,0.04883672297000885
641,uav_jammer,3.259754180908203,0.0,1682.360595703125,0.0,7.035341739654541,0.049306437373161316
642,bs_beamformer,0.04153186455368996,-16.804874420166016,25.134965896606445,0.0011177902342751622,7.0332841873168945,0.04686994105577469
642,uav_jammer,0.5543619990348816,8.744830131530762,474.304931640625,0.11584164947271347,7.024574279785156,0.07806453853845596
643,bs_beamformer,0.0618291050195694,0.0,31.177379608154297,0.0,7.035277843475342,0.052609845995903015
643,uav_jammer,6.3481526374816895,0.0,2364.738525390625,0.0,7.032954216003418,0.05015221983194351
644,bs_beamformer,0.01648617535829544,-16.58083724975586,8.732486724853516,0.0017620198195800185,7.029607772827148,0.04141245037317276
644,uav_jammer,10.441819190979004,7.538048267364502,3078.707763671875,0.022601112723350525,7.028364658355713,0.04364490509033203
645,bs_beamformer,0.07231166213750839,0.0,36.28714370727539,0.0,7.035769462585449,0.04248887300491333
645,uav_jammer,5.613630294799805,0.0,2161.177978515625,0.0,7.032783508300781,0.048359110951423645
646,bs_beamformer,0.13376644253730774,-16.590667724609375,51.32878112792969,0.0011495569488033652,7.030059814453125,0.03760330751538277
646,uav_jammer,2.3324570655822754,3.995696544647217,1330.6412353515625,0.0075005581602454185,7.032524585723877,0.047059062868356705
647,bs_beamformer,0.07373273372650146,0.0,36.769012451171875,0.0,7.029889106750488,0.040376827120780945
647,uav_jammer,3.996445417404175,0.0,1790.92919921875,0.0,7.030949592590332,0.04787818714976311
648,bs_beamformer,0.0119090024381876,-17.012996673583984,5.161845684051514,0.001926481374539435,7.033699989318848,0.04376569762825966
648,uav_jammer,2.950674057006836,7.143110275268555,1537.029296875,0.020609181374311447,7.031889915466309,0.04171464219689369
649,bs_beamformer,0.057605013251304626,0.0,30.910884857177734,0.0,7.035905838012695,0.047294408082962036
649,uav_jammer,3.4231812953948975,0.0,1711.089599609375,0.0,7.0300397872924805,0.04908620938658714
650,bs_beamformer,0.08308133482933044,-16.988800048828125,38.583438873291016,0.0035162584390491247,7.036774158477783,0.04786950349807739
650,uav_jammer,2.4706318378448486,5.988842487335205,1460.2908935546875,0.008845068514347076,7.026324272155762,0.04466492682695389
651,bs_beamformer,0.027230726554989815,0.0,18.9382381439209,0.0,7.037086009979248,0.04439730942249298
651,uav_jammer,0.865680992603302,0.0,756.3800048828125,0.0,7.030712127685547,0.0391346774995327
652,bs_beamformer,0.031491510570049286,-16.654335021972656,20.1136474609375,0.004097276367247105,7.030988693237305,0.03814234957098961
652,uav_jammer,2.4845356941223145,4.584225177764893,1374.973388671875,0.018154175952076912,7.035537242889404,0.04613769054412842
653,bs_beamformer,0.06397534906864166,0.0,33.6775016784668,0.0,7.036784648895264,0.046297378838062286
653,uav_jammer,0.6284694075584412,0.0,540.7137451171875,0.0,7.029393196105957,0.045680731534957886
654,bs_beamformer,0.0326540581882,-16.98299217224121,21.930740356445312,0.0009372334461659193,7.034938335418701,0.0449623242020607
654,uav_jammer,4.431386947631836,7.812543869018555,1927.680908203125,0.01916566863656044,7.036106109619141,0.04454187676310539
655,bs_beamformer,0.01809125579893589,0.0,11.757264137268066,0.0,7.037299633026123,0.0463889054954052
655,uav_jammer,6.909213066101074,0.0,2451.331298828125,0.0,7.030773639678955,0.03980929031968117
656,bs_beamformer,0.042076848447322845,-17.03214454650879,26.297901153564453,0.0009958699811249971,7.032806396484375,0.042421042919158936
656,uav_jammer,1.908631682395935,3.5682201385498047,1195.269775390625,0.000649560650344938,7.031488418579102,0.03395618125796318
657,bs_beamformer,0.030997591093182564,0.0,18.355300903320312,0.0,7.039173126220703,0.05359455943107605
657,uav_jammer,3.417048215866089,0.0,1626.7508544921875,0.0,7.039515972137451,0.04916205629706383
658,bs_beamformer,0.02126225456595421,-16.90943717956543,12.123405456542969,0.0031529786065220833,7.036835670471191,0.05258931592106819
658,uav_jammer,6.143184185028076,4.3310627937316895,2270.700927734375,0.0731661319732666,7.033975601196289,0.04180358350276947
659,bs_beamformer,0.025484928861260414,0.0,17.699161529541016,0.0,7.03590726852417,0.04972219839692116
659,uav_jammer,2.178084373474121,0.0,1346.1309814453125,0.0,7.031499862670898,0.046019427478313446
660,bs_beamformer,0.011020110920071602,-16.987499237060547,4.869836330413818,0.003473981749266386,7.032790660858154,0.04627375304698944
660,uav_jammer,2.694664716720581,7.69490909576416,1537.0025634765625,0.007028955966234207,7.027052879333496,0.03269600868225098
661,bs_beamformer,0.01506432518362999,0.0,5.4070844650268555,0.0,7.035301685333252,0.04198187217116356
661,uav_jammer,3.9451651573181152,0.0,1844.698974609375,0.0,7.026944637298584,0.039974700659513474
662,bs_beamformer,0.019465714693069458,-17.069602966308594,12.988028526306152,0.0014108660398051143,7.032820701599121,0.045226264744997025
662,uav_jammer,1.1361720561981201,3.5094616413116455,948.3485717773438,0.0031222798861563206,7.033720016479492,0.04681718721985817
663,bs_beamformer,0.011087467893958092,0.0,5.699249744415283,0.0,7.033939838409424,0.0418681874871254
663,uav_jammer,3.1787047386169434,0.0,1654.2335205078125,0.0,7.033228397369385,0.04512453451752663
664,bs_beamformer,0.03144365921616554,-16.99947738647461,22.160425186157227,0.0014600192662328482,7.0325541496276855,0.04695051535964012
664,uav_jammer,3.598505973815918,5.568285942077637,1763.9893798828125,0.001063444302417338,7.028550624847412,0.033401843160390854
665,bs_beamformer,0.025970948860049248,0.0,18.545440673828125,0.0,7.036404609680176,0.05286318436264992
665,uav_jammer,0.6255689859390259,0.0,734.035400390625,0.0,7.0326738357543945,0.04647737368941307
666,bs_beamformer,0.014630613848567009,-17.16963005065918,10.270903587341309,0.005401527974754572,7.034332275390625,0.04061032459139824
666,uav_jammer,2.5033516883850098,5.856931209564209,1441.5640869140625,0.0024418446701020002,7.037301063537598,0.04921639338135719
667,bs_beamformer,0.018108174204826355,0.0,10.191099166870117,0.0,7.0383687019348145,0.05358058214187622
667,uav_jammer,1.5319044589996338,0.0,1098.8580322265625,0.0,7.030920505523682,0.03749321401119232
668,bs_beamformer,0.029470115900039673,-17.092329025268555,20.305749893188477,0.0028323049191385508,7.036687850952148,0.05121654272079468
668,uav_jammer,1.6101372241973877,3.997159004211426,1171.63623046875,0.009255255572497845,7.034524917602539,0.044892728328704834
669,bs_beamformer,0.02525487169623375,0.0,17.580121994018555,0.0,7.0358805656433105,0.047023873776197433
669,uav_jammer,2.103292226791382,0.0,1258.63427734375,0.0,7.035180568695068,0.04983814060688019
670,bs_beamformer,0.014195221476256847,-17.233537673950195,9.288284301757812,0.004410432651638985,7.032138347625732,0.04602249711751938
670,uav_jammer,0.4988507032394409,6.287874221801758,561.00341796875,0.0033678319305181503,7.031578540802002,0.04741440340876579
671,bs_beamformer,0.012549308128654957,0.0,7.142664432525635,0.0,7.038408279418945,0.048120420426130295
671,uav_jammer,1.1337130069732666,0.0,860.5149536132812,0.0,7.035253524780273,0.056829843670129776
672,bs_beamformer,0.03368041291832924,-17.134443283081055,22.120515823364258,0.003112530568614602,7.035739421844482,0.045711226761341095
672,uav_jammer,0.559616208076477,5.168940544128418,545.5609130859375,0.0031343824230134487,7.0400004386901855,0.053748659789562225
673,bs_beamformer,0.027275392785668373,0.0,18.899234771728516,0.0,7.034584999084473,0.043806686997413635
673,uav_jammer,0.24587133526802063,0.0,241.05921936035156,0.0,7.031988620758057,0.05033152177929878
674,bs_beamformer,0.014791703782975674,-17.322256088256836,10.11347770690918,0.0016624305862933397,7.030975341796875,0.03903309628367424
674,uav_jammer,3.2613449096679688,7.289998531341553,1659.0701904296875,0.02763480320572853,7.033668518066406,0.055401984602212906
675,bs_beamformer,0.014256359077990055,0.0,11.172865867614746,0.0,7.027075290679932,0.031388022005558014
675,uav_jammer,3.516409397125244,0.0,1746.3101806640625,0.0,7.027360916137695,0.03720066323876381
676,bs_beamformer,0.027687598019838333,-17.22550392150879,20.056655883789062,0.0008178186253644526,7.031745433807373,0.03850558400154114
676,uav_jammer,0.38017988204956055,3.5967354774475098,448.9410400390625,0.05051204934716225,7.028552055358887,0.03575325757265091
677,bs_beamformer,0.02234046906232834,0.0,13.921411514282227,0.0,7.039306640625,0.052208974957466125
677,uav_jammer,3.9052703380584717,0.0,1770.7467041015625,0.0,7.0324273109436035,0.04486453905701637
678,bs_beamformer,0.018850451335310936,-17.37700080871582,12.088726997375488,0.006681747268885374,7.034477710723877,0.04592794552445412
678,uav_jammer,5.133976459503174,4.939450263977051,2051.823486328125,0.013326622545719147,7.037755966186523,0.0466865599155426
679,bs_beamformer,0.019957978278398514,0.0,8.96313762664795,0.0,7.029436111450195,0.049568165093660355
679,uav_jammer,2.110442638397217,0.0,1316.0765380859375,0.0,7.031809329986572,0.049889449030160904
680,bs_beamformer,0.04287382960319519,-17.327505111694336,24.77325439453125,0.005188683979213238,7.035373210906982,0.05916305631399155
680,uav_jammer,1.9804208278656006,6.049966812133789,1224.5836181640625,0.0015062028542160988,7.032828330993652,0.04243061691522598
681,bs_beamformer,0.037578035145998,0.0,21.793302536010742,0.0,7.028017044067383,0.04950832203030586
681,uav_jammer,2.1771068572998047,0.0,1320.2115478515625,0.0,7.032349109649658,0.047385118901729584
682,bs_beamformer,0.016367675736546516,-17.46307373046875,6.686855792999268,0.0019224354764446616,7.031445503234863,0.052461810410022736
682,uav_jammer,2.646732807159424,4.025660037994385,1499.2509765625,0.0011020032688975334,7.032220363616943,0.048400186002254486
683,bs_beamformer,0.019681308418512344,0.0,14.144597053527832,0.0,7.034032821655273,0.04948711395263672
683,uav_jammer,2.0424904823303223,0.0,1185.8529052734375,0.0,7.034333229064941,0.04725078120827675
684,bs_beamformer,0.030531805008649826,-17.412322998046875,19.85597801208496,0.0032811854034662247,7.032086372375488,0.051842544227838516
684,uav_jammer,0.7390653491020203,5.80039119720459,650.8765869140625,0.14110180735588074,7.038131237030029,0.047926194965839386
685,bs_beamformer,0.014978830702602863,0.0,11.293780326843262,0.0,7.034635543823242,0.04505038261413574
685,uav_jammer,2.0055086612701416,0.0,1191.2899169921875,0.0,7.034486770629883,0.04807927459478378
686,bs_beamformer,0.015893826261162758,-17.487083435058594,11.58592700958252,0.00239079468883574,7.038464546203613,0.052862826734781265
686,uav_jammer,0.3753513991832733,2.8701744079589844,291.6200256347656,0.0018766418797895312,7.035611629486084,0.04787977412343025
687,bs_beamformer,0.014290772378444672,0.0,9.666267395019531,0.0,7.036362648010254,0.052461449056863785
687,uav_jammer,5.085483551025391,0.0,2047.830810546875,0.0,7.031882286071777,0.046843238174915314
688,bs_beamformer,0.04036515951156616,-17.547914505004883,25.543081283569336,0.0012652522418648005,7.033236980438232,0.04730302095413208
688,uav_jammer,7.427134990692139,3.383543014526367,2507.22509765625,0.0015557617880403996,7.032747268676758,0.04429681971669197
689,bs_beamformer,0.03790681064128876,0.0,24.681245803833008,0.0,7.0321784019470215,0.04615272954106331
689,uav_jammer,2.7932167053222656,0.0,1441.0606689453125,0.0,7.035419940948486,0.04430311918258667
690,bs_beamformer,0.01304599642753601,-17.372068405151367,2.1665403842926025,0.003336477093398571,7.0366926193237305,0.0524313747882843
690,uav_jammer,2.174140453338623,6.953741073608398,1222.0103759765625,0.005406911950558424,7.03383207321167,0.04546123743057251
691,bs_beamformer,0.11167285591363907,0.0,46.81327819824219,0.0,7.039824962615967,0.053209684789180756
691,uav_jammer,4.320558071136475,0.0,1832.01123046875,0.0,7.03570032119751,0.04571889340877533
692,bs_beamformer,0.18231071531772614,-17.356721878051758,60.943931579589844,0.00766169186681509,7.033514976501465,0.03765023499727249
692,uav_jammer,1.6756656169891357,3.556492328643799,1158.6512451171875,0.04067591205239296,7.032185077667236,0.03825317323207855
693,bs_beamformer,0.13802668452262878,0.0,51.442901611328125,0.0,7.0333356857299805,0.05206706374883652
693,uav_jammer,1.921090006828308,0.0,1230.4267578125,0.0,7.03781795501709,0.052068501710891724
694,bs_beamformer,0.019277937710285187,-17.763132095336914,14.156055450439453,0.0020585213787853718,7.032670021057129,0.04027441516518593
694,uav_jammer,2.4276816844940186,5.3580708503723145,1406.8458251953125,0.11208002269268036,7.031461715698242,0.0419904962182045
695,bs_beamformer,0.08668121695518494,0.0,39.48792266845703,0.0,7.029825687408447,0.043596796691417694
695,uav_jammer,1.3727442026138306,0.0,957.2678833007812,0.0,7.037919044494629,0.0505351647734642
696,bs_beamformer,0.21387767791748047,-17.94402313232422,65.72572326660156,0.013405830599367619,7.031938552856445,0.038777027279138565
696,uav_jammer,1.6790107488632202,4.922401428222656,1122.0164794921875,0.09577449411153793,7.031099796295166,0.03339375928044319
697,bs_beamformer,0.1553070992231369,0.0,55.3117790222168,0.0,7.032804489135742,0.03903701901435852
697,uav_jammer,1.4106779098510742,0.0,839.8238525390625,0.0,7.031652927398682,0.04926247149705887
698,bs_beamformer,0.059646740555763245,-17.58855628967285,31.643335342407227,0.0030083279125392437,7.029499530792236,0.03380853310227394
698,uav_jammer,2.252298355102539,3.8734567165374756,1378.9752197265625,0.041507527232170105,7.029865741729736,0.03242279961705208
699,bs_beamformer,0.045027174055576324,0.0,25.690494537353516,0.0,7.033717632293701,0.051776766777038574
699,uav_jammer,1.8827482461929321,0.0,1197.3533935546875,0.0,7.036983489990234,0.053175244480371475
700,bs_beamformer,0.12635886669158936,-17.426477432250977,44.9193000793457,0.0029868122655898333,7.030522346496582,0.04041687771677971
700,uav_jammer,0.8644893169403076,5.574167251586914,658.5302124023438,0.04086929187178612,7.035313606262207,0.04798810929059982
701,bs_beamformer,0.10030615329742432,0.0,43.118656158447266,0.0,7.0333428382873535,0.04191877320408821
701,uav_jammer,1.2172819375991821,0.0,923.2644653320312,0.0,7.033885955810547,0.04588605463504791
702,bs_beamformer,0.031132735311985016,-17.852497100830078,21.451961517333984,0.002851394936442375,7.032052040100098,0.0404975451529026
702,uav_jammer,0.5065603852272034,4.658243656158447,459.5941162109375,0.03338826447725296,7.034891128540039,0.049887172877788544
703,bs_beamformer,0.050231557339429855,0.0,21.311887741088867,0.0,7.029399871826172,0.04629017040133476
703,uav_jammer,0.089301198720932,0.0,150.89297485351562,0.0,7.035439968109131,0.05092864856123924
704,bs_beamformer,0.07289955765008926,-17.945838928222656,35.56203079223633,0.0019499287009239197,7.032931804656982,0.043427783995866776
704,uav_jammer,3.1075401306152344,6.193225860595703,1579.6177978515625,0.023438474163413048,7.034643650054932,0.0477755106985569
705,bs_beamformer,0.062392234802246094,0.0,26.068248748779297,0.0,7.033083438873291,0.05089152604341507
705,uav_jammer,3.2684149742126465,0.0,1611.2523193359375,0.0,7.038479328155518,0.05864341929554939
706,bs_beamformer,0.037628740072250366,-17.638757705688477,11.76364803314209,0.005909301340579987,7.031431198120117,0.05058987811207771
706,uav_jammer,0.34099894762039185,3.2027735710144043,366.4034729003906,0.00986295286566019,7.035577297210693,0.04655851796269417
707,bs_beamformer,0.04699015989899635,0.0,27.620676040649414,0.0,7.0347208976745605,0.051525186747312546
707,uav_jammer,3.0866775512695312,0.0,1612.1484375,0.0,7.03621244430542,0.04931636154651642
708,bs_beamformer,0.05960655212402344,-17.845653533935547,31.78225326538086,0.011238301172852516,7.037442207336426,0.0477294996380806
708,uav_jammer,4.272251605987549,5.420346736907959,1975.3160400390625,0.000917940167710185,7.0281267166137695,0.04289828985929489
709,bs_beamformer,0.042430803179740906,0.0,11.217958450317383,0.0,7.031679153442383,0.05750412866473198
709,uav_jammer,1.8500797748565674,0.0,1162.1695556640625,0.0,7.0328779220581055,0.048304956406354904
710,bs_beamformer,0.06217658892273903,-18.05025863647461,33.235137939453125,0.016732461750507355,7.02971887588501,0.03673798590898514
710,uav_jammer,1.4887099266052246,5.338618755340576,1108.3572998046875,0.0005573653616011143,7.028461456298828,0.039428893476724625
711,bs_beamformer,0.11390963196754456,0.0,47.593631744384766,0.0,7.032994270324707,0.03000844456255436
711,uav_jammer,2.140045166015625,0.0,1357.5557861328125,0.0,7.0343451499938965,0.043446313589811325
712,bs_beamformer,0.0658363401889801,-17.906251907348633,32.326629638671875,0.005646413192152977,7.0352630615234375,0.05728938803076744
712,uav_jammer,2.2033157348632812,3.0495615005493164,1333.119873046875,0.014957768842577934,7.039402484893799,0.04802395775914192
713,bs_beamformer,0.03146633133292198,0.0,6.206190586090088,0.0,7.0335822105407715,0.050073545426130295
713,uav_jammer,1.1776318550109863,0.0,844.651123046875,0.0,7.031257629394531,0.042488209903240204
714,bs_beamformer,0.04536107927560806,-17.903902053833008,17.07651138305664,0.011486116796731949,7.029095649719238,0.04171371087431908
714,uav_jammer,1.689509630203247,5.8671183586120605,1139.1429443359375,0.005140388384461403,7.033094882965088,0.04832513630390167
715,bs_beamformer,0.04146520793437958,0.0,11.4468412399292,0.0,7.029489040374756,0.04665101319551468
715,uav_jammer,2.9053659439086914,0.0,1505.02978515625,0.0,7.030457496643066,0.04899272695183754
716,bs_beamformer,0.020049627870321274,-18.017385482788086,14.061060905456543,0.0023813783191144466,7.032598495483398,0.043761808425188065
716,uav_jammer,0.39998066425323486,3.415499210357666,547.8419799804688,0.05488736182451248,7.03311824798584,0.04542643204331398
717,bs_beamformer,0.026759572327136993,0.0,2.789903163909912,0.0,7.031899452209473,0.05307171121239662
717,uav_jammer,3.057164192199707,0.0,1614.353515625,0.0,7.0334086418151855,0.04679308459162712
718,bs_beamformer,0.03755498677492142,-17.831443786621094,23.153377532958984,0.0008424030966125429,7.029657363891602,0.04081312194466591
718,uav_jammer,5.703852653503418,3.90023136138916,2255.4697265625,0.016327649354934692,7.030512809753418,0.03916243463754654
719,bs_beamformer,0.04470326751470566,0.0,26.920042037963867,0.0,7.033984661102295,0.04517499729990959
719,uav_jammer,2.692035675048828,0.0,1504.79052734375,0.0,7.0352935791015625,0.04793259873986244
720,bs_beamformer,0.030200064182281494,-18.298587799072266,4.2732462882995605,0.0008173128589987755,7.034536361694336,0.05364178493618965
720,uav_jammer,1.1373835802078247,5.249640941619873,829.8936157226562,0.025093665346503258,7.033274173736572,0.04095492139458656
721,bs_beamformer,0.08496645092964172,0.0,36.21288299560547,0.0,7.028306484222412,0.04682384431362152
721,uav_jammer,1.8433464765548706,0.0,1243.40966796875,0.0,7.03264045715332,0.03684138506650925
722,bs_beamformer,0.16845153272151947,-18.36197280883789,54.394657135009766,0.006768860388547182,7.029787063598633,0.049268536269664764
722,uav_jammer,2.173086643218994,3.6074461936950684,1384.56103515625,0.013837957754731178,7.033693790435791,0.05080002173781395
723,bs_beamformer,0.0945989191532135,0.0,42.00706481933594,0.0,7.029820919036865,0.04478295519948006
723,uav_jammer,1.2199881076812744,0.0,950.256103515625,0.0,7.028351783752441,0.03738199174404144
724,bs_beamformer,0.017342595383524895,-17.830852508544922,7.961400508880615,0.005302618257701397,7.031726837158203,0.03810688480734825
724,uav_jammer,0.9926327466964722,5.197378158569336,873.337646484375,0.012256362475454807,7.031408309936523,0.03534657508134842
725,bs_beamformer,0.14405901730060577,0.0,50.078819274902344,0.0,7.031949996948242,0.05164516344666481
725,uav_jammer,1.970724105834961,0.0,1279.1644287109375,0.0,7.028187274932861,0.03792399540543556
726,bs_beamformer,0.2399914264678955,-17.703189849853516,69.59117889404297,0.00204488099552691,7.031496047973633,0.04070189222693443
726,uav_jammer,0.41872960329055786,3.04848051071167,456.5819396972656,0.011630441062152386,7.033175945281982,0.04761657118797302
727,bs_beamformer,0.24493399262428284,0.0,70.9421615600586,0.0,7.035149574279785,0.043178774416446686
727,uav_jammer,3.166165828704834,0.0,1649.4913330078125,0.0,7.033984184265137,0.04171193018555641
728,bs_beamformer,0.12289387732744217,-18.182893753051758,46.34033966064453,0.003615298308432102,7.0316362380981445,0.04790656641125679
728,uav_jammer,5.15622615814209,3.1612348556518555,2115.521728515625,0.007171634119004011,7.03364372253418,0.04267898574471474
729,bs_beamformer,0.012421085499227047,0.0,4.099361896514893,0.0,7.031142234802246,0.04638306424021721
729,uav_jammer,2.2261199951171875,0.0,1285.0289306640625,0.0,7.03598165512085,0.04875676706433296
730,bs_beamformer,0.15446697175502777,-18.77490997314453,56.221065521240234,0.0006379034603014588,7.035112380981445,0.04274686425924301
730,uav_jammer,1.4755258560180664,5.475938320159912,1037.7802734375,0.05441934987902641,7.027859210968018,0.03191126510500908
731,bs_beamformer,0.3046531677246094,0.0,80.72711181640625,0.0,7.032901763916016,0.03948139771819115
731,uav_jammer,2.7190537452697754,0.0,1460.017333984375,0.0,7.03214168548584,0.04504147917032242
732,bs_beamformer,0.3132537603378296,-18.639543533325195,82.24491119384766,0.0005440343520604074,7.0323076248168945,0.041948359459638596
732,uav_jammer,1.6706433296203613,3.1612563133239746,1156.3388671875,0.03428320959210396,7.034537315368652,0.04904123395681381
733,bs_beamformer,0.16458255052566528,0.0,54.357383728027344,0.0,7.032362937927246,0.0467718243598938
733,uav_jammer,1.1006169319152832,0.0,868.752685546875,0.0,7.035802841186523,0.0501304566860199
734,bs_beamformer,0.017048219218850136,-17.928390502929688,9.76965618133545,0.002821455243974924,7.032935619354248,0.03725385293364525
734,uav_jammer,1.143538475036621,4.837587833404541,969.72509765625,0.131192147731781,7.031135082244873,0.04545387998223305
735,bs_beamformer,0.17936936020851135,0.0,58.549251556396484,0.0,7.03141975402832,0.038827814161777496
735,uav_jammer,1.628913402557373,0.0,1127.4468994140625,0.0,7.033980846405029,0.04559749737381935
736,bs_beamformer,0.3940107524394989,-17.681169509887695,90.3478012084961,0.008372736163437366,7.035324573516846,0.03263769671320915
736,uav_jammer,0.43672820925712585,2.2743163108825684,389.93060302734375,0.0520758256316185,7.032381057739258,0.04191547632217407
737,bs_beamformer,0.485757052898407,0.0,101.3142318725586,0.0,7.03269100189209,0.041848842054605484
737,uav_jammer,2.582942485809326,0.0,1483.6805419921875,0.0,7.030149459838867,0.03984113782644272
738,bs_beamformer,0.3258762061595917,-18.069944381713867,82.2610855102539,0.0052389176562428474,7.033742904663086,0.03637505695223808
738,uav_jammer,3.4882118701934814,4.034660816192627,1694.83154296875,0.002130619017407298,7.027286529541016,0.0353836789727211
739,bs_beamformer,0.12402844429016113,0.0,47.285099029541016,0.0,7.039099216461182,0.052647776901721954
739,uav_jammer,0.20945343375205994,0.0,248.4876708984375,0.0,7.033262729644775,0.042999111115932465
740,bs_beamformer,0.02049090899527073,-18.711097717285156,13.595364570617676,0.002464745892211795,7.038983345031738,0.050470203161239624
740,uav_jammer,6.3599467277526855,6.47539758682251,2260.89208984375,0.06148114055395126,7.04158878326416,0.056381259113550186
741,bs_beamformer,0.08027683198451996,0.0,39.582908630371094,0.0,7.035198211669922,0.038238488137722015
741,uav_jammer,12.367453575134277,0.0,3275.352294921875,0.0,7.0308837890625,0.03750992193818092
742,bs_beamformer,0.0990336537361145,-18.59890365600586,44.08266830444336,0.0008600972360000014,7.035912990570068,0.0484907329082489
742,uav_jammer,7.572807788848877,3.8512208461761475,2530.91357421875,0.13680291175842285,7.032966613769531,0.046319589018821716
743,bs_beamformer,0.030407646670937538,0.0,20.324047088623047,0.0,7.032820224761963,0.040133606642484665
743,uav_jammer,1.2927329540252686,0.0,864.0816040039062,0.0,7.039815902709961,0.05154533311724663
744,bs_beamformer,0.032974790781736374,-18.243144989013672,21.675039291381836,0.004064229782670736,7.033907413482666,0.04187001660466194
744,uav_jammer,5.763217926025391,1.0511205196380615,2146.55224609375,0.022959332913160324,7.033538818359375,0.04342665523290634
745,bs_beamformer,0.0857662558555603,0.0,39.28932571411133,0.0,7.030771255493164,0.0416613407433033
745,uav_jammer,11.116898536682129,0.0,3093.8017578125,0.0,7.0340118408203125,0.04021733999252319
746,bs_beamformer,0.0483684316277504,-18.532573699951172,28.86198616027832,0.0013655440416187048,7.03281831741333,0.03621918335556984
746,uav_jammer,8.464128494262695,3.0121161937713623,2718.1484375,0.09916239231824875,7.0359272956848145,0.04480767995119095
747,bs_beamformer,0.011268995702266693,0.0,3.463618516921997,0.0,7.030824661254883,0.0405891016125679
747,uav_jammer,2.309770107269287,0.0,1472.323486328125,0.0,7.03021764755249,0.037056468427181244
748,bs_beamformer,0.0729074478149414,-18.681060791015625,35.556156158447266,0.001312962849624455,7.0318708419799805,0.04276484623551369
748,uav_jammer,2.9472527503967285,5.365339756011963,1536.621826171875,0.002803024835884571,7.033037185668945,0.0400334931910038
749,bs_beamformer,0.0639336034655571,0.0,32.95626449584961,0.0,7.033252239227295,0.042297374457120895
749,uav_jammer,5.09461784362793,0.0,2137.48486328125,0.0,7.0279459953308105,0.03249319642782211
750,bs_beamformer,0.021830368787050247,-18.44463348388672,12.322325706481934,0.0012324502458795905,7.033491134643555,0.042913056910037994
750,uav_jammer,4.005637168884277,2.481621503829956,1895.1611328125,0.009966550394892693,7.034923076629639,0.04390573874115944
751,bs_beamformer,0.08745536208152771,0.0,39.89031982421875,0.0,7.034587860107422,0.041030753403902054
751,uav_jammer,2.811744213104248,0.0,1521.41162109375,0.0,7.035828590393066,0.04932898283004761
752,bs_beamformer,0.15502223372459412,-18.398893356323242,55.12236785888672,0.0024774321354925632,7.0338134765625,0.03939835727214813
752,uav_jammer,1.9677133560180664,3.808509588241577,1235.042724609375,0.052139762789011,7.035130023956299,0.04267003387212753
753,bs_beamformer,0.12061495333909988,0.0,47.624916076660156,0.0,7.033924579620361,0.042001206427812576
753,uav_jammer,1.9139771461486816,0.0,1330.006591796875,0.0,7.031222343444824,0.03851993381977081
754,bs_beamformer,0.02244499698281288,-18.842212677001953,12.095026969909668,0.0020562908612191677,7.036744117736816,0.051235392689704895
754,uav_jammer,3.0499422550201416,4.447367191314697,1638.00634765625,0.12750694155693054,7.03602409362793,0.04432786628603935
755,bs_beamformer,0.06434231996536255,0.0,34.63886642456055,0.0,7.03161096572876,0.04144800081849098
755,uav_jammer,1.6618229150772095,0.0,1080.77099609375,0.0,7.03733491897583,0.04848342016339302
756,bs_beamformer,0.15224695205688477,-18.985309600830078,55.78596878051758,0.0029265382327139378,7.033875942230225,0.03815305233001709
756,uav_jammer,1.1499748229980469,2.5526907444000244,876.4740600585938,0.011576861143112183,7.036020755767822,0.047983188182115555
757,bs_beamformer,0.10530051589012146,0.0,45.595970153808594,0.0,7.035213947296143,0.044418755918741226
757,uav_jammer,2.201854944229126,0.0,1332.4554443359375,0.0,7.0321736335754395,0.03949092701077461
758,bs_beamformer,0.025349248200654984,-18.534042358398438,19.26765251159668,0.0011593267554417253,7.032118797302246,0.037995729595422745
758,uav_jammer,0.4614139199256897,5.109532356262207,446.6595764160156,0.0017933160997927189,7.034444332122803,0.04697130247950554
759,bs_beamformer,0.0673467367887497,0.0,34.740318298339844,0.0,7.031760215759277,0.03897608071565628
759,uav_jammer,3.469208240509033,0.0,1696.35205078125,0.0,7.038585662841797,0.05233198031783104
760,bs_beamformer,0.1300986409187317,-18.45787811279297,51.244239807128906,0.0029168459586799145,7.038540363311768,0.04499880224466324
760,uav_jammer,6.03311824798584,4.817930221557617,2269.65771484375,0.04583258181810379,7.033607006072998,0.043548550456762314
761,bs_beamformer,0.11633196473121643,0.0,48.25191116333008,0.0,7.030490875244141,0.03226476162672043
761,uav_jammer,2.4039502143859863,0.0,1439.3453369140625,0.0,7.03473424911499,0.04101855307817459
762,bs_beamformer,0.03742607310414314,-18.945520401000977,23.245922088623047,0.008858385495841503,7.0365071296691895,0.04871264472603798
762,uav_jammer,1.0879511833190918,2.5257818698883057,856.0917358398438,0.05784238502383232,7.036419868469238,0.0431470163166523
763,bs_beamformer,0.03409125283360481,0.0,22.18891716003418,0.0,7.038992881774902,0.0509776771068573
763,uav_jammer,2.0910744667053223,0.0,1356.911376953125,0.0,7.032559394836426,0.03391852229833603
764,bs_beamformer,0.08921151608228683,-19.043718338012695,42.118778228759766,0.005626913625746965,7.035278797149658,0.04872256517410278
764,uav_jammer,1.3335312604904175,4.238286972045898,1060.1995849609375,1.2325206171226455e-06,7.032024383544922,0.041251495480537415
765,bs_beamformer,0.05457959696650505,0.0,31.518104553222656,0.0,7.030402183532715,0.03940320387482643
765,uav_jammer,1.0402292013168335,0.0,922.4214477539062,0.0,7.027205467224121,0.029270241037011147
766,bs_beamformer,0.013040503486990929,-18.6505126953125,8.379990577697754,0.004462380427867174,7.038383960723877,0.046032801270484924
766,uav_jammer,1.071154236793518,2.4174392223358154,942.2633056640625,0.005888201296329498,7.033371925354004,0.034790169447660446
767,bs_beamformer,0.08452311158180237,0.0,39.38370895385742,0.0,7.03676700592041,0.04350126162171364
767,uav_jammer,1.177672266960144,0.0,978.8021240234375,0.0,7.0290117263793945,0.029846172779798508
768,bs_beamformer,0.14861515164375305,-18.6434326171875,54.969810485839844,0.002090597990900278,7.038143157958984,0.05150609090924263
768,uav_jammer,0.5721386671066284,4.07323694229126,580.185546875,0.003623724216595292,7.036443710327148,0.040817465633153915
769,bs_beamformer,0.10228435695171356,0.0,44.7784309387207,0.0,7.036777496337891,0.04523392766714096
769,uav_jammer,1.9089348316192627,0.0,1254.34130859375,0.0,7.035728931427002,0.048102039843797684
770,bs_beamformer,0.016492702066898346,-19.184467315673828,11.537881851196289,0.009086363017559052,7.038374900817871,0.045798659324645996
770,uav_jammer,2.8534882068634033,3.6046361923217773,1425.731689453125,0.0027837662491947412,7.032453536987305,0.03910424932837486
771,bs_beamformer,0.0919734388589859,0.0,42.4442024230957,0.0,7.032364368438721,0.035720646381378174
771,uav_jammer,0.1666729748249054,0.0,54.84994888305664,0.0,7.033507347106934,0.04321746155619621
772,bs_beamformer,0.21306277811527252,-19.356441497802734,67.24768829345703,0.006153760477900505,7.033064842224121,0.039738722145557404
772,uav_jammer,7.310267925262451,-0.31669265031814575,2427.284912109375,0.0077870008535683155,7.036769866943359,0.050521370023489
773,bs_beamformer,0.18684616684913635,0.0,62.5976448059082,0.0,7.036175727844238,0.04772128909826279
773,uav_jammer,12.742376327514648,0.0,3250.60107421875,0.0,7.03187370300293,0.04380474612116814
774,bs_beamformer,0.07537216693162918,-18.95081329345703,37.5179328918457,0.003975685685873032,7.034988880157471,0.047031622380018234
774,uav_jammer,8.173330307006836,2.257117748260498,2560.13134765625,0.00215088645927608,7.034733772277832,0.03910757601261139
775,bs_beamformer,0.018653977662324905,0.0,13.99180793762207,0.0,7.032078742980957,0.04537440091371536
775,uav_jammer,0.7238221764564514,0.0,573.5842895507812,0.0,7.034050941467285,0.042124561965465546
776,bs_beamformer,0.056206196546554565,-18.84787368774414,31.764995574951172,0.0029939222149550915,7.038248062133789,0.047964777797460556
776,uav_jammer,7.982446193695068,6.828420162200928,2537.465576171875,0.013208079151809216,7.034506797790527,0.04525526240468025
777,bs_beamformer,0.06494353711605072,0.0,34.60670852661133,0.0,7.032265663146973,0.04271616041660309
777,uav_jammer,18.99638557434082,0.0,3893.97900390625,0.0,7.041584014892578,0.05394871160387993
778,bs_beamformer,0.013491588644683361,-19.268014907836914,9.505581855773926,0.004546059295535088,7.03411865234375,0.04187546670436859
778,uav_jammer,17.051843643188477,5.298769950866699,3754.77587890625,0.037981949746608734,7.037411689758301,0.04430001229047775
779,bs_beamformer,0.04118431359529495,0.0,26.529386520385742,0.0,7.035088062286377,0.04598070681095123
779,uav_jammer,6.235330104827881,0.0,2303.593994140625,0.0,7.02994441986084,0.027944428846240044
780,bs_beamformer,0.09023096412420273,-19.264659881591797,42.01682662963867,0.008189961314201355,7.036867141723633,0.04596131667494774
780,uav_jammer,1.011725664138794,1.0460656881332397,800.9953002929688,0.0016416424186900258,7.032761096954346,0.04283536225557327
781,bs_beamformer,0.03379801660776138,0.0,22.050586700439453,0.0,7.037435531616211,0.04665420576930046
781,uav_jammer,4.789310932159424,0.0,1934.824462890625,0.0,7.037864685058594,0.054556604474782944
782,bs_beamformer,0.01523214764893055,-18.991127014160156,12.196381568908691,0.008436613716185093,7.035525321960449,0.04840245842933655
782,uav_jammer,5.84120512008667,2.4848861694335938,2204.396728515625,0.014561994932591915,7.037988185882568,0.04548555612564087
783,bs_beamformer,0.04342229291796684,0.0,27.432825088500977,0.0,7.0350470542907715,0.0399433933198452
783,uav_jammer,2.9984216690063477,0.0,1541.8997802734375,0.0,7.038118362426758,0.04939240217208862
784,bs_beamformer,0.014513679780066013,-19.333391189575195,9.210551261901855,0.004341206047683954,7.039580821990967,0.05319906026124954
784,uav_jammer,1.6667016744613647,3.4562017917633057,1072.3638916015625,0.03751786798238754,7.036782264709473,0.04687487706542015
785,bs_beamformer,0.03173133730888367,0.0,21.68502426147461,0.0,7.035399436950684,0.04711650684475899
785,uav_jammer,2.494903802871704,0.0,1437.92236328125,0.0,7.036974906921387,0.049615148454904556
786,bs_beamformer,0.05533066764473915,-19.28795051574707,31.226821899414062,0.004956426564604044,7.037018775939941,0.04897695407271385
786,uav_jammer,2.7270920276641846,2.0226869583129883,1560.563232421875,0.019828200340270996,7.032003402709961,0.03535927087068558
787,bs_beamformer,0.016318662092089653,0.0,10.006712913513184,0.0,7.03477668762207,0.04220801964402199
787,uav_jammer,1.8946292400360107,0.0,1230.3511962890625,0.0,7.030184745788574,0.044494494795799255
788,bs_beamformer,0.040275972336530685,-18.97591209411621,25.641117095947266,0.005483157932758331,7.034372806549072,0.04114001244306564
788,uav_jammer,0.9588944911956787,3.2140347957611084,812.833251953125,0.023407092317938805,7.03922700881958,0.04577234759926796
789,bs_beamformer,0.0829617977142334,0.0,39.853004455566406,0.0,7.037902355194092,0.051879435777664185
789,uav_jammer,1.9304478168487549,0.0,1257.811279296875,0.0,7.037684440612793,0.042437225580215454
790,bs_beamformer,0.03690046817064285,-19.30866050720215,24.341888427734375,0.0055724382400512695,7.031557559967041,0.034923654049634933
790,uav_jammer,1.888902187347412,3.0698721408843994,1252.9017333984375,0.004097519908100367,7.032412052154541,0.040654756128787994
791,bs_beamformer,0.016626637428998947,0.0,9.05107307434082,0.0,7.034699440002441,0.04765971377491951
791,uav_jammer,0.3406938314437866,0.0,415.28094482421875,0.0,7.0350341796875,0.04155927523970604
792,bs_beamformer,0.03263453021645546,-19.345062255859375,22.03777503967285,0.00604260852560401,7.036651611328125,0.049148935824632645
792,uav_jammer,2.0516865253448486,1.1675969362258911,1270.6173095703125,0.03150740638375282,7.035539627075195,0.04429064691066742
793,bs_beamformer,0.01179722510278225,0.0,4.629666805267334,0.0,7.0335283279418945,0.05176708847284317
793,uav_jammer,1.7781922817230225,0.0,1138.6978759765625,0.0,7.035984992980957,0.044116828590631485
794,bs_beamformer,0.040492068976163864,-19.111278533935547,26.28015899658203,0.006065170280635357,7.034132480621338,0.03694642335176468
794,uav_jammer,0.49245142936706543,3.296523094177246,417.4234313964844,0.04009352996945381,7.035918712615967,0.041479576379060745
795,bs_beamformer,0.074239581823349,0.0,36.75714874267578,0.0,7.035282135009766,0.04331882297992706
795,uav_jammer,0.8971145153045654,0.0,767.337646484375,0.0,7.0333051681518555,0.041212812066078186
796,bs_beamformer,0.022047940641641617,-19.485021591186523,16.135297775268555,0.00217032409273088,7.036263465881348,0.04558752104640007
796,uav_jammer,0.38126012682914734,2.2795023918151855,459.036376953125,0.04185285046696663,7.034076690673828,0.0402749739587307
797,bs_beamformer,0.0215922798961401,0.0,15.07509708404541,0.0,7.030126571655273,0.04046744853258133
797,uav_jammer,0.4798569977283478,0.0,484.4961853027344,0.0,7.032647609710693,0.03820069879293442
798,bs_beamformer,0.047251030802726746,-19.476621627807617,27.6898250579834,0.006317046005278826,7.033442497253418,0.03903437405824661
798,uav_jammer,0.4324505627155304,2.9041647911071777,515.6787719726562,0.012861804105341434,7.028916835784912,0.03931085020303726
799,bs_beamformer,0.019627032801508904,0.0,10.804972648620605,0.0,7.034117221832275,0.03790602460503578
799,uav_jammer,0.34121769666671753,0.0,470.2493591308594,0.0,7.035272598266602,0.03368498384952545
800,bs_beamformer,0.0287539791315794,-19.220407485961914,20.336938858032227,0.008373741060495377,7.0326828956604,0.03591585159301758
800,uav_jammer,0.2358810007572174,3.879525661468506,273.2066345214844,0.0016653211787343025,7.0352301597595215,0.04670822247862816
801,bs_beamformer,0.06001978740096092,0.0,33.066654205322266,0.0,7.035109519958496,0.04072234407067299
801,uav_jammer,1.3002424240112305,0.0,1021.3988647460938,0.0,7.031815052032471,0.04122501239180565
802,bs_beamformer,0.01964111253619194,-19.59947967529297,15.368252754211426,0.009884942322969437,7.032394886016846,0.03700551390647888
802,uav_jammer,0.8568381071090698,2.263824939727783,773.7099609375,0.012324526906013489,7.033830642700195,0.04533002898097038
803,bs_beamformer,0.02247948758304119,0.0,17.520477294921875,0.0,7.031011581420898,0.03561553731560707
803,uav_jammer,1.0140436887741089,0.0,818.714599609375,0.0,7.037126541137695,0.05024207383394241
804,bs_beamformer,0.048300161957740784,-19.59152603149414,28.544551849365234,0.00575589993968606,7.032411575317383,0.03671026974916458
804,uav_jammer,0.970629096031189,3.42348313331604,823.75537109375,0.021832354366779327,7.035761833190918,0.050099052488803864
805,bs_beamformer,0.01841973327100277,0.0,10.839705467224121,0.0,7.034891128540039,0.039463479071855545
805,uav_jammer,0.41314896941185,0.0,510.9219665527344,0.0,7.033079147338867,0.04714490845799446
806,bs_beamformer,0.0324682891368866,-19.31131362915039,22.047088623046875,0.0013584966072812676,7.035107612609863,0.04015998914837837
806,uav_jammer,0.7728375196456909,1.904463291168213,518.6661987304688,0.026963911950588226,7.034500598907471,0.040215201675891876
807,bs_beamformer,0.06732598692178726,0.0,35.38587951660156,0.0,7.035553932189941,0.03890709578990936
807,uav_jammer,1.0104451179504395,0.0,856.5986938476562,0.0,7.036176681518555,0.050639450550079346
808,bs_beamformer,0.026624154299497604,-19.688514709472656,18.77100944519043,0.005437012296169996,7.037026882171631,0.04461289197206497
808,uav_jammer,0.9160910248756409,3.9028494358062744,709.35498046875,0.013194390572607517,7.032317161560059,0.0461445152759552
809,bs_beamformer,0.020765576511621475,0.0,14.497761726379395,0.0,7.034543991088867,0.03913674131035805
809,uav_jammer,1.2181503772735596,0.0,866.8968505859375,0.0,7.031879425048828,0.037608612328767776
810,bs_beamformer,0.04128751531243324,-19.667457580566406,25.939180374145508,0.0005460421671159565,7.037437438964844,0.04794957861304283
810,uav_jammer,1.1350138187408447,1.7576229572296143,894.9638671875,0.02587619237601757,7.039355278015137,0.05200815200805664
811,bs_beamformer,0.01320796087384224,0.0,6.048968315124512,0.0,7.037308692932129,0.04441756382584572
811,uav_jammer,0.41852715611457825,0.0,457.3960266113281,0.0,7.0375189781188965,0.04614909365773201
812,bs_beamformer,0.04847162961959839,-19.385648727416992,28.292184829711914,0.0032307046931236982,7.036706447601318,0.04628142714500427
812,uav_jammer,0.4487627148628235,3.832862615585327,541.2515258789062,0.0024008627515286207,7.031358242034912,0.04343049228191376
813,bs_beamformer,0.09087977558374405,0.0,41.48129653930664,0.0,7.038737773895264,0.05178017541766167
813,uav_jammer,0.78670334815979,0.0,736.972412109375,0.0,7.032032012939453,0.036594048142433167
814,bs_beamformer,0.03956884890794754,-19.721290588378906,25.847135543823242,0.0038964294362813234,7.0310492515563965,0.04127134755253792
814,uav_jammer,0.47620993852615356,1.523866891860962,481.73516845703125,0.006161100696772337,7.033726692199707,0.04229064658284187
815,bs_beamformer,0.012702802196145058,0.0,6.414606094360352,0.0,7.030970096588135,0.03383754938840866
815,uav_jammer,1.239974021911621,0.0,988.8993530273438,0.0,7.032408714294434,0.035145264118909836
816,bs_beamformer,0.030266884714365005,-19.761829376220703,20.466482162475586,0.009243792854249477,7.034603595733643,0.041704803705215454
816,uav_jammer,1.0645925998687744,2.7634825706481934,890.6046752929688,0.01931324042379856,7.036888599395752,0.04318145290017128
817,bs_beamformer,0.010985501110553741,0.0,5.372687339782715,0.0,7.032112121582031,0.037710122764110565
817,uav_jammer,0.5923277139663696,0.0,555.5568237304688,0.0,7.039157867431641,0.050413478165864944
818,bs_beamformer,0.044849008321762085,-19.528648376464844,27.409910202026367,0.0017710747197270393,7.034458160400391,0.045058462768793106
818,uav_jammer,0.5633567571640015,1.5809791088104248,535.9201049804688,0.06064890697598457,7.034695625305176,0.045777905732393265
819,bs_beamformer,0.08190306276082993,0.0,38.5506706237793,0.0,7.039591312408447,0.05180460214614868
819,uav_jammer,0.627325713634491,0.0,611.6107177734375,0.0,7.033958911895752,0.043864186853170395
820,bs_beamformer,0.030891381204128265,-19.882728576660156,18.221141815185547,0.007756197825074196,7.038156986236572,0.04059911146759987
820,uav_jammer,0.4553626477718353,3.1781837940216064,435.1203918457031,0.023523706942796707,7.038498878479004,0.051091279834508896
821,bs_beamformer,0.021771645173430443,0.0,15.748699188232422,0.0,7.034130573272705,0.039309062063694
821,uav_jammer,1.566786527633667,0.0,1084.7352294921875,0.0,7.035786151885986,0.04592436924576759
822,bs_beamformer,0.0468011349439621,-19.930984497070312,27.254398345947266,0.006544926669448614,7.03830099105835,0.04868708550930023
822,uav_jammer,1.7326977252960205,1.979428768157959,1092.8621826171875,0.1261335164308548,7.032929420471191,0.03635933995246887
823,bs_beamformer,0.022549014538526535,0.0,17.150571823120117,0.0,7.033385276794434,0.03921347111463547
823,uav_jammer,0.22665482759475708,0.0,244.6955108642578,0.0,7.0412774085998535,0.05116729065775871
824,bs_beamformer,0.016955535858869553,-19.74032974243164,10.521520614624023,0.0037560344208031893,7.033208847045898,0.034335870295763016
824,uav_jammer,0.5168620944023132,2.0044291019439697,593.9008178710938,0.06807637959718704,7.036874771118164,0.04962196573615074
825,bs_beamformer,0.0254693403840065,0.0,17.6879825592041,0.0,7.036886215209961,0.0429927222430706
825,uav_jammer,0.19475582242012024,0.0,322.3515930175781,0.0,7.031131744384766,0.03990808501839638
826,bs_beamformer,0.01491618249565363,-19.953571319580078,10.445857048034668,0.002239757450297475,7.037448406219482,0.047735460102558136
826,uav_jammer,0.941884458065033,1.8890950679779053,898.1741333007812,0.00015943952894303948,7.034579277038574,0.040933333337306976
827,bs_beamformer,0.027539070695638657,0.0,19.135589599609375,0.0,7.035523891448975,0.04509733244776726
827,uav_jammer,0.7127660512924194,0.0,699.7279052734375,0.0,7.035715579986572,0.047974593937397
828,bs_beamformer,0.014566579833626747,-19.816638946533203,8.790287971496582,0.0019033864373341203,7.031099319458008,0.03568599000573158
828,uav_jammer,0.5997430086135864,1.9701346158981323,571.1157836914062,0.020634377375245094,7.035660743713379,0.041000280529260635
829,bs_beamformer,0.04403932765126228,0.0,26.429119110107422,0.0,7.034856796264648,0.04288671165704727
829,uav_jammer,0.6634260416030884,0.0,558.9779663085938,0.0,7.036715984344482,0.051071133464574814
830,bs_beamformer,0.05441182479262352,-19.906328201293945,30.062885284423828,0.005941782146692276,7.034544467926025,0.03964689373970032
830,uav_jammer,0.4366663098335266,1.8352327346801758,540.3682250976562,0.03453991562128067,7.035611152648926,0.04620866850018501
831,bs_beamformer,0.013461478054523468,0.0,9.80799388885498,0.0,7.035782814025879,0.04813671112060547
831,uav_jammer,0.462658166885376,0.0,403.4612121582031,0.0,7.036507606506348,0.05028925836086273
832,bs_beamformer,0.05341539531946182,-20.216289520263672,31.119709014892578,0.0015129328239709139,7.0396294593811035,0.049552202224731445
832,uav_jammer,0.952264666557312,2.2364888191223145,850.9815063476562,0.051344018429517746,7.036459445953369,0.04348995164036751
833,bs_beamformer,0.07811157405376434,0.0,38.478912353515625,0.0,7.04184103012085,0.053371820598840714
833,uav_jammer,1.0868648290634155,0.0,843.2081298828125,0.0,7.039259910583496,0.05284169688820839
834,bs_beamformer,0.033911097794771194,-19.934293746948242,22.25876808166504,0.0019976261537522078,7.034640789031982,0.04548686370253563
834,uav_jammer,0.5158459544181824,2.4420456886291504,461.63287353515625,0.015029811300337315,7.034783363342285,0.04864904284477234
835,bs_beamformer,0.024949587881565094,0.0,18.275035858154297,0.0,7.034625053405762,0.04128091782331467
835,uav_jammer,0.48127079010009766,0.0,562.0712890625,0.0,7.033271312713623,0.0382535345852375
836,bs_beamformer,0.04513750970363617,-19.924968719482422,27.46816635131836,0.0009308509761467576,7.0326313972473145,0.04386896267533302
836,uav_jammer,0.23872967064380646,1.0644277334213257,326.05621337890625,0.007085980847477913,7.035379409790039,0.04136491194367409
837,bs_beamformer,0.026459095999598503,0.0,19.441654205322266,0.0,7.040018558502197,0.05087665095925331
837,uav_jammer,0.47283488512039185,0.0,462.9459533691406,0.0,7.038204669952393,0.05536402761936188
838,bs_beamformer,0.022013118490576744,-20.20809555053711,15.822402954101562,0.002101915655657649,7.031898498535156,0.03183024004101753
838,uav_jammer,0.45654308795928955,1.3303440809249878,401.3645324707031,0.05383678898215294,7.0419511795043945,0.05393620952963829
839,bs_beamformer,0.02234778180718422,0.0,15.820231437683105,0.0,7.032331466674805,0.03513847291469574
839,uav_jammer,0.23180340230464935,0.0,298.22357177734375,0.0,7.036991596221924,0.04236224293708801
840,bs_beamformer,0.018047768622636795,-20.011266708374023,12.622267723083496,0.001672151149250567,7.0377516746521,0.04962082952260971
840,uav_jammer,0.6500690579414368,1.5265305042266846,667.72509765625,0.020437786355614662,7.038097858428955,0.048955220729112625
841,bs_beamformer,0.032262615859508514,0.0,21.195463180541992,0.0,7.035458564758301,0.039791371673345566
841,uav_jammer,0.16314078867435455,0.0,237.97132873535156,0.0,7.0343546867370605,0.04628755524754524
842,bs_beamformer,0.026900071650743484,-20.18034553527832,18.472312927246094,0.0010212021879851818,7.034285545349121,0.043209340423345566
842,uav_jammer,1.2548577785491943,2.128920316696167,973.037109375,0.046269748359918594,7.036114692687988,0.05026468634605408
843,bs_beamformer,0.011399690061807632,0.0,4.0509352684021,0.0,7.0388078689575195,0.04904177784919739
843,uav_jammer,1.2316783666610718,0.0,1007.0587768554688,0.0,7.038471698760986,0.048763588070869446
844,bs_beamformer,0.013168778270483017,-20.164323806762695,10.766999244689941,0.0010749392677098513,7.039363861083984,0.04459834098815918
844,uav_jammer,0.3807806968688965,2.1574082374572754,261.39019775390625,0.027948126196861267,7.039932727813721,0.046467192471027374
845,bs_beamformer,0.02445719949901104,0.0,17.881702423095703,0.0,7.03404426574707,0.0441310815513134
845,uav_jammer,0.9175638556480408,0.0,848.2499389648438,0.0,7.031388759613037,0.03643364831805229
846,bs_beamformer,0.01156438235193491,-20.243408203125,6.9620161056518555,0.0010256211971864104,7.040709018707275,0.047807369381189346
846,uav_jammer,0.7005319595336914,1.541567325592041,590.5117797851562,0.022320711985230446,7.0386176109313965,0.044411517679691315
847,bs_beamformer,0.040699101984500885,0.0,24.06366729736328,0.0,7.038810729980469,0.053410351276397705
847,uav_jammer,0.9472603797912598,0.0,902.8068237304688,0.0,7.033376216888428,0.03769618645310402
848,bs_beamformer,0.04514128714799881,-20.28386688232422,27.498306274414062,0.001512796152383089,7.040790557861328,0.046089667826890945
848,uav_jammer,1.2202754020690918,1.1974507570266724,1033.7509765625,0.1059698686003685,7.03489351272583,0.03947503864765167
849,bs_beamformer,0.012035917490720749,0.0,5.239661693572998,0.0,7.036369323730469,0.041689418256282806
849,uav_jammer,0.248010516166687,0.0,57.47108840942383,0.0,7.040424346923828,0.05554744228720665
850,bs_beamformer,0.010530038736760616,-20.17289924621582,4.890042304992676,0.0008442786056548357,7.035218238830566,0.035530757158994675
850,uav_jammer,0.9809505343437195,1.9390530586242676,667.8794555664062,0.002986542647704482,7.029794692993164,0.032673824578523636
851,bs_beamformer,0.03184666857123375,0.0,20.6977596282959,0.0,7.032430648803711,0.04381581395864487
851,uav_jammer,0.9889888763427734,0.0,224.11634826660156,0.0,7.034628868103027,0.04505693167448044
852,bs_beamformer,0.019357409328222275,-20.416114807128906,12.900629043579102,0.0009953121189028025,7.038417816162109,0.046446021646261215
852,uav_jammer,2.993023157119751,1.7065837383270264,1119.855712890625,0.013882819563150406,7.032393455505371,0.03824272006750107
853,bs_beamformer,0.014053723774850368,0.0,9.928601264953613,0.0,7.03901481628418,0.04909704625606537
853,uav_jammer,1.543776035308838,0.0,1021.762451171875,0.0,7.036074638366699,0.04211002588272095
854,bs_beamformer,0.019954249262809753,-20.299556732177734,14.202792167663574,0.001347445766441524,7.038707256317139,0.044049739837646484
854,uav_jammer,0.2566305100917816,1.51199471950531,141.38232421875,0.025355610996484756,7.035765171051025,0.04118071496486664
855,bs_beamformer,0.023049436509609222,0.0,15.315974235534668,0.0,7.0340423583984375,0.03968258574604988
855,uav_jammer,0.36834102869033813,0.0,303.1647033691406,0.0,7.039230823516846,0.042960263788700104
856,bs_beamformer,0.019269395619630814,-20.46333122253418,12.804147720336914,0.0008478150703012943,7.036378860473633,0.04657861590385437
856,uav_jammer,0.9118852019309998,0.9547702074050903,694.1714477539062,0.0008091879426501691,7.033150672912598,0.034325551241636276
857,bs_beamformer,0.01751508004963398,0.0,11.26810073852539,0.0,7.036414623260498,0.041364334523677826
857,uav_jammer,0.6612623333930969,0.0,313.8540344238281,0.0,7.037054538726807,0.03954467177391052
858,bs_beamformer,0.01606927439570427,-20.352567672729492,11.995582580566406,0.0009101117611862719,7.03606653213501,0.0430963896214962
858,uav_jammer,2.9540164470672607,2.3304102420806885,1132.8365478515625,0.0006082028266973794,7.028120040893555,0.030302055180072784
859,bs_beamformer,0.020627813413739204,0.0,15.432498931884766,0.0,7.033064842224121,0.0397777296602726
859,uav_jammer,3.2989602088928223,0.0,1142.8026123046875,0.0,7.034064292907715,0.035451121628284454
860,bs_beamformer,0.01734881103038788,-20.487607955932617,13.471172332763672,0.0008393669268116355,7.032790660858154,0.037255626171827316
860,uav_jammer,1.2418078184127808,1.3922767639160156,461.004150390625,0.051445428282022476,7.033751010894775,0.04051810875535011
861,bs_beamformer,0.011666389182209969,0.0,3.4333763122558594,0.0,7.033247470855713,0.0398738831281662
861,uav_jammer,1.6164673566818237,0.0,916.76611328125,0.0,7.038003921508789,0.04383641853928566
862,bs_beamformer,0.00861879251897335,-20.45964813232422,2.52036714553833,0.0009258613572455943,7.034175872802734,0.04399973154067993
862,uav_jammer,1.3028473854064941,1.6741657257080078,946.3438720703125,0.0003948835947085172,7.033501148223877,0.03817371651530266
863,bs_beamformer,0.04494176805019379,0.0,28.060880661010742,0.0,7.031772613525391,0.03577232360839844
863,uav_jammer,1.180881142616272,0.0,331.4171142578125,0.0,7.038066864013672,0.04345468059182167
864,bs_beamformer,0.037051402032375336,-20.512964248657227,24.132728576660156,0.0008800592040643096,7.0329742431640625,0.03896860405802727
864,uav_jammer,1.0628317594528198,1.082418441772461,789.0687255859375,0.00023603078443557024,7.03529691696167,0.042776402086019516
865,bs_beamformer,0.012383835390210152,0.0,6.197207450866699,0.0,7.036821365356445,0.04244254529476166
865,uav_jammer,0.9533295631408691,0.0,430.86187744140625,0.0,7.031253814697266,0.03875454515218735
866,bs_beamformer,0.019570685923099518,-20.56890869140625,13.527650833129883,0.0018808786990121007,7.033825874328613,0.04293010011315346
866,uav_jammer,1.7851275205612183,2.207824468612671,1021.5355834960938,0.048040930181741714,7.0321550369262695,0.0281904898583889
867,bs_beamformer,0.01874883472919464,0.0,15.024654388427734,0.0,7.032701015472412,0.04094367101788521
867,uav_jammer,2.6559226512908936,0.0,1162.6983642578125,0.0,7.038022518157959,0.042135581374168396
868,bs_beamformer,0.011311725713312626,-20.691633224487305,5.211183071136475,0.001333917141892016,7.03482723236084,0.04214128851890564
868,uav_jammer,0.6528580188751221,1.0701555013656616,153.01229858398438,0.003510979702696204,7.035693645477295,0.04933207109570503
869,bs_beamformer,0.02514536678791046,0.0,17.013084411621094,0.0,7.031684875488281,0.035893477499485016
869,uav_jammer,4.542444229125977,0.0,745.5635375976562,0.0,7.0414228439331055,0.04758118838071823
870,bs_beamformer,0.024490974843502045,-20.57533073425293,16.75322723388672,0.0006986604421399534,7.034051418304443,0.04723665490746498
870,uav_jammer,0.6751915216445923,0.9693942666053772,466.9505310058594,0.03915815055370331,7.034782409667969,0.041859760880470276
871,bs_beamformer,0.023961614817380905,0.0,18.098129272460938,0.0,7.040855884552002,0.04685530439019203
871,uav_jammer,0.5307695865631104,0.0,260.4077453613281,0.0,7.0348052978515625,0.039559103548526764
872,bs_beamformer,0.02152429148554802,-20.670673370361328,15.19510269165039,0.0016772864619269967,7.03489351272583,0.042847808450460434
872,uav_jammer,0.9268628358840942,1.293183445930481,605.2334594726562,0.028485272079706192,7.0379838943481445,0.04380575940012932
873,bs_beamformer,0.016321301460266113,0.0,10.19081974029541,0.0,7.0391316413879395,0.04771353304386139
873,uav_jammer,0.5242736339569092,0.0,300.1083068847656,0.0,7.039690971374512,0.05027005448937416
874,bs_beamformer,0.02135174721479416,-20.759658813476562,15.997434616088867,0.00386436958797276,7.032691955566406,0.033587682992219925
874,uav_jammer,1.9771525859832764,0.8188021779060364,959.1310424804688,0.020128954201936722,7.035632133483887,0.04539449140429497
875,bs_beamformer,0.016989562660455704,0.0,12.971081733703613,0.0,7.035705089569092,0.04028847813606262
875,uav_jammer,1.8100742101669312,0.0,951.6265258789062,0.0,7.036773681640625,0.05186449736356735
876,bs_beamformer,0.02158588171005249,-20.641773223876953,15.190797805786133,0.0009059446747414768,7.032017707824707,0.03511396795511246
876,uav_jammer,2.1024889945983887,1.608965516090393,354.2896728515625,0.1690257489681244,7.034924507141113,0.04455256462097168
877,bs_beamformer,0.021008387207984924,0.0,15.50236701965332,0.0,7.032950401306152,0.03251241147518158
877,uav_jammer,0.5911808609962463,0.0,603.3267822265625,0.0,7.035896301269531,0.04163356125354767
878,bs_beamformer,0.01749493181705475,-20.828022003173828,10.434431076049805,0.00432197330519557,7.036549091339111,0.03858599439263344
878,uav_jammer,0.46188873052597046,0.3177395164966583,183.1171417236328,0.012661692686378956,7.036488056182861,0.041326962411403656
879,bs_beamformer,0.012510177679359913,0.0,5.971492767333984,0.0,7.035243511199951,0.04131847620010376
879,uav_jammer,1.1298744678497314,0.0,654.0973510742188,0.0,7.037271976470947,0.04437306523323059
880,bs_beamformer,0.0463852658867836,-20.68888282775879,27.81819725036621,0.0007234796066768467,7.0330071449279785,0.03398437052965164
880,uav_jammer,0.8833961486816406,2.4658360481262207,249.54141235351562,0.01982441172003746,7.038482666015625,0.047078557312488556
881,bs_beamformer,0.04104280471801758,0.0,26.32398223876953,0.0,7.033003807067871,0.03955453261733055
881,uav_jammer,2.012270927429199,0.0,1201.836181640625,0.0,7.03366756439209,0.04018014296889305
882,bs_beamformer,0.012025412172079086,-20.989105224609375,7.037030220031738,0.0007707622717134655,7.034077167510986,0.03606646507978439
882,uav_jammer,2.7711455821990967,1.14998459815979,1185.9248046875,0.00015095512208063155,7.037783145904541,0.047149792313575745
883,bs_beamformer,0.03688892349600792,0.0,24.105350494384766,0.0,7.033436298370361,0.03706255555152893
883,uav_jammer,2.2225472927093506,0.0,423.64263916015625,0.0,7.035416603088379,0.04354628920555115
884,bs_beamformer,0.04986657202243805,-20.93861198425293,29.08545684814453,0.0019070934504270554,7.038222312927246,0.04673449695110321
884,uav_jammer,1.870875597000122,1.074108600616455,897.6088256835938,0.00010768491483759135,7.034636497497559,0.04339182376861572
885,bs_beamformer,0.014787595719099045,0.0,9.819246292114258,0.0,7.03434419631958,0.040932219475507736
885,uav_jammer,0.5706976652145386,0.0,509.9783935546875,0.0,7.035228252410889,0.038996342569589615
886,bs_beamformer,0.03840513527393341,-20.689311981201172,24.728660583496094,0.0010718004778027534,7.039302825927734,0.05051692947745323
886,uav_jammer,0.9674078822135925,0.7515519857406616,835.52880859375,0.017881443724036217,7.040006637573242,0.04226307570934296
887,bs_beamformer,0.0753885954618454,0.0,38.766929626464844,0.0,7.036439895629883,0.03562011942267418
887,uav_jammer,1.7693531513214111,0.0,904.26220703125,0.0,7.0272064208984375,0.07496041804552078
888,bs_beamformer,0.027255818247795105,-21.051572799682617,20.41120147705078,0.0005757547914981842,7.03770637512207,0.04133908450603485
888,uav_jammer,0.9678670763969421,1.006019115447998,350.68438720703125,0.0036878662649542093,7.037680149078369,0.04631636664271355
889,bs_beamformer,0.04570271074771881,0.0,12.892352104187012,0.0,7.035439491271973,0.05062217637896538
889,uav_jammer,1.2105858325958252,0.0,898.0791625976562,0.0,7.03448486328125,0.036518894135951996
890,bs_beamformer,0.043743032962083817,-21.026126861572266,27.169849395751953,0.000801971647888422,7.0323591232299805,0.03610444813966751
890,uav_jammer,0.9041868448257446,0.3028811812400818,616.7167358398438,0.026849763467907906,7.038591384887695,0.05206810310482979
891,bs_beamformer,0.04042421281337738,0.0,5.7091522216796875,0.0,7.038501739501953,0.05276746675372124
891,uav_jammer,0.8541198372840881,0.0,783.381103515625,0.0,7.039491653442383,0.05210300534963608
892,bs_beamformer,0.0448080338537693,-20.746797561645508,27.69629669189453,0.0005331816500984132,7.035171985626221,0.03646920621395111
892,uav_jammer,1.1135494709014893,0.9938826560974121,863.1991577148438,0.024600105360150337,7.036701202392578,0.050651490688323975
893,bs_beamformer,0.0850251168012619,0.0,40.78203201293945,0.0,7.035709381103516,0.040725622326135635
893,uav_jammer,0.37222737073898315,0.0,256.2082214355469,0.0,7.038451194763184,0.047620419412851334
894,bs_beamformer,0.04036600515246391,-21.11181640625,25.4594669342041,0.0018634991720318794,7.032656669616699,0.03464243561029434
894,uav_jammer,0.5946137309074402,0.7246693968772888,399.8503723144531,0.06824367493391037,7.034721374511719,0.04542127996683121
895,bs_beamformer,0.014588253572583199,0.0,7.986813068389893,0.0,7.039380073547363,0.048800110816955566
895,uav_jammer,0.5250058770179749,0.0,452.5232849121094,0.0,7.03827428817749,0.04954156279563904
896,bs_beamformer,0.03745460510253906,-21.10053825378418,21.728872299194336,0.0009342916309833527,7.036044597625732,0.045839954167604446
896,uav_jammer,0.48854997754096985,1.4828585386276245,124.24903869628906,0.10173030942678452,7.038726806640625,0.048981212079524994
897,bs_beamformer,0.015793003141880035,0.0,6.6103644371032715,0.0,7.037133693695068,0.05138227716088295
897,uav_jammer,0.9987531900405884,0.0,684.2783203125,0.0,7.030760765075684,0.041133083403110504
898,bs_beamformer,0.03801359236240387,-20.94654655456543,24.744144439697266,0.0005822326638735831,7.039728164672852,0.042972713708877563
898,uav_jammer,0.251762717962265,0.5500643849372864,203.75682067871094,0.06405267119407654,7.033608913421631,0.04204797372221947
899,bs_beamformer,0.04527366906404495,0.0,27.67050552368164,0.0,7.034554481506348,0.043508194386959076
899,uav_jammer,1.654578447341919,0.0,852.8120727539062,0.0,7.032427787780762,0.03893594443798065
900,bs_beamformer,0.013531968928873539,-21.352310180664062,7.568747043609619,0.0010308142518624663,7.036032199859619,0.043391093611717224
900,uav_jammer,0.3976830840110779,0.1982482224702835,524.7040405273438,0.010713448747992516,7.03574800491333,0.03801986202597618
901,bs_beamformer,0.05840497463941574,0.0,32.813987731933594,0.0,7.0386786460876465,0.04513467475771904
901,uav_jammer,0.8104601502418518,0.0,783.2294311523438,0.0,7.03693962097168,0.049076247960329056
902,bs_beamformer,0.1037231981754303,-21.3872127532959,46.25779342651367,0.0007591299945488572,7.033905982971191,0.042977169156074524
902,uav_jammer,1.5898771286010742,0.5762799978256226,912.7178344726562,0.03497714921832085,7.0357561111450195,0.04663476347923279
903,bs_beamformer,0.0749124065041542,0.0,30.795320510864258,0.0,7.0377960205078125,0.05505615845322609
903,uav_jammer,1.5831842422485352,0.0,202.69619750976562,0.0,7.036450386047363,0.04772675782442093
904,bs_beamformer,0.011495977640151978,-21.010177612304688,7.662831783294678,0.00047881578211672604,7.037031173706055,0.04129602015018463
904,uav_jammer,0.8930002450942993,1.030455470085144,548.5761108398438,0.053616736084222794,7.032038688659668,0.03740943968296051
905,bs_beamformer,0.09281142055988312,0.0,36.0762939453125,0.0,7.035532474517822,0.045862749218940735
905,uav_jammer,1.1275160312652588,0.0,291.0589294433594,0.0,7.035011291503906,0.04814065620303154
906,bs_beamformer,0.08007794618606567,-21.12518882751465,39.129478454589844,0.0008462879923172295,7.0336737632751465,0.042760204523801804
906,uav_jammer,0.8106034994125366,1.0999704599380493,352.93463134765625,0.05638206750154495,7.034755706787109,0.040290988981723785
907,bs_beamformer,0.061858952045440674,0.0,24.01266098022461,0.0,7.038232803344727,0.050614599138498306
907,uav_jammer,1.3788820505142212,0.0,579.3010864257812,0.0,7.038047790527344,0.04090464487671852
908,bs_beamformer,0.06233219802379608,-21.47572898864746,22.70097541809082,0.0010322944726794958,7.0362548828125,0.05077730119228363
908,uav_jammer,1.9146240949630737,0.45628511905670166,251.8050994873047,0.02060924656689167,7.034195899963379,0.0432635173201561
909,bs_beamformer,0.05610217899084091,0.0,32.09312438964844,0.0,7.038702964782715,0.044183868914842606
909,uav_jammer,3.0186052322387695,0.0,874.2098388671875,0.0,7.036821365356445,0.04218773543834686
910,bs_beamformer,0.030066031962633133,-21.248149871826172,21.77313995361328,0.0007823185878805816,7.0404276847839355,0.04636956378817558
910,uav_jammer,1.7119340896606445,0.6830491423606873,771.7552490234375,0.0029744203202426434,7.032078266143799,0.03530848026275635
911,bs_beamformer,0.03198365867137909,0.0,20.59973907470703,0.0,7.037859916687012,0.04082323610782623
911,uav_jammer,0.7640461325645447,0.0,555.1211547851562,0.0,7.035233497619629,0.04208444058895111
912,bs_beamformer,0.03959847241640091,-21.25990867614746,25.947711944580078,0.003993593156337738,7.03988790512085,0.04524538666009903
912,uav_jammer,0.910478413105011,-0.20977242290973663,521.1058349609375,0.006054470781236887,7.036733150482178,0.03931983932852745
913,bs_beamformer,0.024295145645737648,0.0,16.345491409301758,0.0,7.034705638885498,0.04395562782883644
913,uav_jammer,1.5065035820007324,0.0,489.4639892578125,0.0,7.037712097167969,0.05346138775348663
914,bs_beamformer,0.034922316670417786,-21.553327560424805,22.89871597290039,0.0006410846253857017,7.036403179168701,0.04039216414093971
914,uav_jammer,4.436540603637695,0.4156308174133301,625.6871948242188,0.0034991989377886057,7.037309646606445,0.042336005717515945
915,bs_beamformer,0.03630560636520386,0.0,24.62836265563965,0.0,7.0335493087768555,0.03559025004506111
915,uav_jammer,0.8705970048904419,0.0,598.1463623046875,0.0,7.034719467163086,0.0438607856631279
916,bs_beamformer,0.018160264939069748,-21.254680633544922,12.319725036621094,0.004389562644064426,7.034461498260498,0.04270310699939728
916,uav_jammer,0.5718185901641846,0.08539251983165741,463.6817626953125,0.0023587453179061413,7.035113334655762,0.04225114360451698
917,bs_beamformer,0.041467949748039246,0.0,26.98442268371582,0.0,7.035294532775879,0.04158638045191765
917,uav_jammer,0.8485345840454102,0.0,581.382080078125,0.0,7.033597469329834,0.03525247424840927
918,bs_beamformer,0.06140045449137688,-21.329248428344727,34.267234802246094,0.001231781905516982,7.034872531890869,0.03866252303123474
918,uav_jammer,0.8154023885726929,-0.1605326533317566,469.0390625,0.011237476952373981,7.033522605895996,0.036895543336868286
919,bs_beamformer,0.029354171827435493,0.0,21.090255737304688,0.0,7.035070419311523,0.03658709302544594
919,uav_jammer,1.4761773347854614,0.0,684.756591796875,0.0,7.038293838500977,0.04408624395728111
920,bs_beamformer,0.023558612912893295,-21.646686553955078,18.143192291259766,0.0016756317345425487,7.0341715812683105,0.04489562287926674
920,uav_jammer,0.9666991233825684,-0.0806971937417984,587.12841796875,0.002587541239336133,7.038856029510498,0.049206823110580444
921,bs_beamformer,0.04109577834606171,0.0,26.3375301361084,0.0,7.035579681396484,0.04382912814617157
921,uav_jammer,0.7785313725471497,0.0,579.68505859375,0.0,7.039426326751709,0.04532454162836075
922,bs_beamformer,0.01913113333284855,-21.360456466674805,13.532452583312988,0.004614580888301134,7.037727355957031,0.04437480866909027
922,uav_jammer,0.6344770789146423,-0.23138660192489624,515.24755859375,0.013017220422625542,7.037121772766113,0.047324031591415405
923,bs_beamformer,0.03976516053080559,0.0,26.272130966186523,0.0,7.034834861755371,0.03724940866231918
923,uav_jammer,0.8043138980865479,0.0,687.5687866210938,0.0,7.033945560455322,0.040750499814748764
924,bs_beamformer,0.062162019312381744,-21.428123474121094,34.04593276977539,0.0012820380507037044,7.04053258895874,0.045450661331415176
924,uav_jammer,0.6876543760299683,0.3156413435935974,650.0895385742188,4.899135547020705e-06,7.031069278717041,0.033510252833366394
925,bs_beamformer,0.0328805111348629,0.0,22.6385555267334,0.0,7.037703990936279,0.04613117873668671
925,uav_jammer,0.8040624856948853,0.0,497.28192138671875,0.0,7.036336421966553,0.03621837869286537
926,bs_beamformer,0.0193403922021389,-21.744298934936523,15.591045379638672,0.0020129894837737083,7.035446643829346,0.03798011317849159
926,uav_jammer,0.4830138087272644,-0.03241950646042824,483.1802062988281,0.05238453671336174,7.033105850219727,0.03587361052632332
927,bs_beamformer,0.029799923300743103,0.0,22.309675216674805,0.0,7.033955097198486,0.04144814983010292
927,uav_jammer,0.6913816928863525,0.0,673.1779174804688,0.0,7.033375263214111,0.03540598973631859
928,bs_beamformer,0.01470518670976162,-21.430578231811523,9.595458984375,0.001180370687507093,7.034446716308594,0.03695716708898544
928,uav_jammer,0.5642299652099609,0.1007736474275589,533.5443115234375,0.04038937762379646,7.037565231323242,0.041550636291503906
929,bs_beamformer,0.0550195649266243,0.0,30.608243942260742,0.0,7.039379119873047,0.05273711308836937
929,uav_jammer,0.6476085186004639,0.0,625.2315063476562,0.0,7.034705638885498,0.04545730724930763
930,bs_beamformer,0.06530530750751495,-21.51890754699707,35.280982971191406,0.001833831425756216,7.037360668182373,0.04166106879711151
930,uav_jammer,0.8772038221359253,-0.30896586179733276,680.2110595703125,0.013949507847428322,7.0354766845703125,0.04469314217567444
931,bs_beamformer,0.037169165909290314,0.0,22.831018447875977,0.0,7.036296367645264,0.038820672780275345
931,uav_jammer,0.6139523386955261,0.0,477.0771484375,0.0,7.032361030578613,0.029004577547311783
932,bs_beamformer,0.019626010209321976,-21.85068130493164,15.286515235900879,0.002601878484711051,7.036850452423096,0.04541409760713577
932,uav_jammer,0.8083406686782837,0.12600307166576385,480.11602783203125,0.008462723344564438,7.038393020629883,0.04348011687397957
933,bs_beamformer,0.03304630517959595,0.0,23.093425750732422,0.0,7.036685466766357,0.04232041537761688
933,uav_jammer,0.6155349016189575,0.0,469.7808532714844,0.0,7.036775588989258,0.04713951051235199
934,bs_beamformer,0.014875685796141624,-21.54926872253418,10.438042640686035,0.004220062866806984,7.035905361175537,0.03324190899729729
934,uav_jammer,0.6233826875686646,0.5209306478500366,364.07635498046875,0.06712406873703003,7.038752555847168,0.04430372640490532
935,bs_beamformer,0.04169514402747154,0.0,26.0880126953125,0.0,7.034617900848389,0.038612186908721924
935,uav_jammer,0.9851081967353821,0.0,837.6819458007812,0.0,7.03520393371582,0.04015546292066574
936,bs_beamformer,0.06544613093137741,-21.60009765625,35.749351501464844,0.0011291689006611705,7.0344319343566895,0.033463254570961
936,uav_jammer,0.6253284215927124,-1.0204914808273315,628.1390991210938,0.00023697323922533542,7.039334774017334,0.04769725725054741
937,bs_beamformer,0.03305899351835251,0.0,22.87204360961914,0.0,7.041709899902344,0.05334359407424927
937,uav_jammer,0.6217106580734253,0.0,613.1341552734375,0.0,7.036480903625488,0.042681582272052765
938,bs_beamformer,0.022074725478887558,-21.940410614013672,15.272976875305176,0.002420045668259263,7.0380539894104,0.04442073404788971
938,uav_jammer,1.1119673252105713,0.131568044424057,620.3678588867188,0.00012307323049753904,7.041203498840332,0.05506133288145065
939,bs_beamformer,0.031800754368305206,0.0,21.48157501220703,0.0,7.033222675323486,0.03926023468375206
939,uav_jammer,0.8002867102622986,0.0,579.7552490234375,0.0,7.033266067504883,0.0414733961224556
940,bs_beamformer,0.014279126189649105,-21.632247924804688,10.668272972106934,0.002227499382570386,7.0339674949646,0.03648378327488899
940,uav_jammer,0.5514512062072754,-1.0071946382522583,468.0728454589844,3.16424630000256e-05,7.037699222564697,0.041705239564180374
941,bs_beamformer,0.07824351638555527,0.0,29.990617752075195,0.0,7.033159255981445,0.0474429726600647
941,uav_jammer,0.6865969896316528,0.0,707.0552368164062,0.0,7.034628391265869,0.03709772601723671
942,bs_beamformer,0.0677105188369751,-21.69940185546875,35.496543884277344,0.01713368110358715,7.038816928863525,0.04684923589229584
942,uav_jammer,0.5440104007720947,-0.10106181353330612,590.5670776367188,7.460542110493407e-05,7.036164283752441,0.0438532680273056
943,bs_beamformer,0.03410588204860687,0.0,24.123821258544922,0.0,7.033127307891846,0.03941963240504265
943,uav_jammer,0.6196281909942627,0.0,641.958984375,0.0,7.034736633300781,0.03053346462547779
944,bs_beamformer,0.019014015793800354,-22.0242977142334,13.99544906616211,0.005494494456797838,7.03510856628418,0.03735487535595894
944,uav_jammer,0.708571195602417,-0.8828862309455872,630.8201293945312,0.00015595521836075932,7.034506320953369,0.04551571235060692
945,bs_beamformer,0.034145060926675797,0.0,21.194602966308594,0.0,7.037531852722168,0.03962068259716034
945,uav_jammer,0.5163084268569946,0.0,545.6939086914062,0.0,7.040127277374268,0.04203600808978081
946,bs_beamformer,0.039263106882572174,-21.697072982788086,6.876407146453857,0.0018940691370517015,7.031883716583252,0.04374748468399048
946,uav_jammer,0.43087273836135864,0.033511847257614136,564.0732421875,0.00018504480249248445,7.037025451660156,0.03845894709229469
947,bs_beamformer,0.07271024584770203,0.0,30.66581153869629,0.0,7.037049770355225,0.05169649049639702
947,uav_jammer,0.8986787796020508,0.0,520.9666137695312,0.0,7.033031940460205,0.04210377484560013
948,bs_beamformer,0.1001603901386261,-21.783166885375977,38.83848571777344,0.008076554164290428,7.034546375274658,0.04334191977977753
948,uav_jammer,0.6413414478302002,-0.2755453288555145,460.5693054199219,6.7635946834343486e-06,7.0334296226501465,0.04366957023739815
949,bs_beamformer,0.04215264320373535,0.0,26.707664489746094,0.0,7.039211750030518,0.04762382432818413
949,uav_jammer,0.44247427582740784,0.0,442.8547058105469,0.0,7.039024829864502,0.045674487948417664
950,bs_beamformer,0.016723085194826126,-22.103580474853516,11.147953033447266,0.0048256609588861465,7.032444953918457,0.037061143666505814
950,uav_jammer,0.6847330927848816,-0.6908215284347534,222.05833435058594,0.00011288238601991907,7.037445545196533,0.047917671501636505
951,bs_beamformer,0.04547116905450821,0.0,18.02560806274414,0.0,7.0336198806762695,0.046802766621112823
951,uav_jammer,1.405071496963501,0.0,1045.5833740234375,0.0,7.037435054779053,0.039930857717990875
952,bs_beamformer,0.017003925517201424,-21.877649307250977,11.592531204223633,0.012759624980390072,7.038331508636475,0.041451409459114075
952,uav_jammer,1.9286141395568848,-0.019653871655464172,1029.8306884765625,0.00021756436035502702,7.036206245422363,0.04239758849143982
953,bs_beamformer,0.07265767455101013,0.0,29.36837387084961,0.0,7.0316009521484375,0.045179352164268494
953,uav_jammer,0.5135713815689087,0.0,270.5675964355469,0.0,7.037422180175781,0.04387596249580383
954,bs_beamformer,0.05398170277476311,-21.97604751586914,30.820344924926758,0.006852342281490564,7.036236763000488,0.039179835468530655
954,uav_jammer,0.49941983819007874,-0.9316520094871521,455.7757263183594,0.00025511777494102716,7.033109188079834,0.03831742703914642
955,bs_beamformer,0.041553739458322525,0.0,13.548151969909668,0.0,7.0373735427856445,0.04594477266073227
955,uav_jammer,0.5293312668800354,0.0,478.3429870605469,0.0,7.035872936248779,0.04403187707066536
956,bs_beamformer,0.0626792162656784,-22.324493408203125,34.041351318359375,0.0481337271630764,7.032665729522705,0.03288847953081131
956,uav_jammer,0.11734806001186371,-0.6870387196540833,132.9769287109375,0.00018825972802005708,7.038069248199463,0.04480067268013954
957,bs_beamformer,0.09225036203861237,0.0,42.207366943359375,0.0,7.038813591003418,0.04983173683285713
957,uav_jammer,1.709112524986267,0.0,1128.8343505859375,0.0,7.033083438873291,0.032030198723077774
958,bs_beamformer,0.0747198835015297,-22.086742401123047,31.056766510009766,0.06381714344024658,7.035182952880859,0.04858173057436943
958,uav_jammer,1.839293122291565,-0.6840153336524963,1246.064697265625,6.553090497618541e-05,7.0318756103515625,0.034929048269987106
959,bs_beamformer,0.02249998226761818,0.0,16.951541900634766,0.0,7.036372184753418,0.03881116956472397
959,uav_jammer,0.41686952114105225,0.0,249.65548706054688,0.0,7.037477493286133,0.04688550904393196
960,bs_beamformer,0.03935910761356354,-22.00228500366211,24.29247283935547,0.06888454407453537,7.033817291259766,0.034686166793107986
960,uav_jammer,3.207803726196289,-0.6726611256599426,1673.2926025390625,0.0002793569292407483,7.033711910247803,0.045638445764780045
961,bs_beamformer,0.04221714287996292,0.0,27.213438034057617,0.0,7.033677577972412,0.037504252046346664
961,uav_jammer,6.033773422241211,0.0,2330.350341796875,0.0,7.039225101470947,0.0491219237446785
962,bs_beamformer,0.011249205097556114,-22.31850814819336,8.801551818847656,0.13405795395374298,7.033601760864258,0.042223330587148666
962,uav_jammer,4.526249408721924,-0.8105062246322632,1876.795166015625,0.023071089759469032,7.03966760635376,0.04326000064611435
963,bs_beamformer,0.06538832932710648,0.0,34.98868179321289,0.0,7.035665988922119,0.03813017159700394
963,uav_jammer,0.9752459526062012,0.0,425.62225341796875,0.0,7.037632942199707,0.04129525646567345
964,bs_beamformer,0.11735112220048904,-22.318584442138672,43.528465270996094,0.09497631341218948,7.033446311950684,0.04418732970952988
964,uav_jammer,4.8246259689331055,-1.4060595035552979,2068.4755859375,0.044195663183927536,7.03767204284668,0.029828237369656563
965,bs_beamformer,0.036333706229925156,0.0,24.761085510253906,0.0,7.033410549163818,0.03875918686389923
965,uav_jammer,10.423559188842773,0.0,3124.066650390625,0.0,7.034650802612305,0.042817700654268265
966,bs_beamformer,0.03657597675919533,-22.093563079833984,24.292186737060547,0.053880177438259125,7.036543846130371,0.040064387023448944
966,uav_jammer,9.32145881652832,-1.0948729515075684,2877.503173828125,0.059769172221422195,7.042020320892334,0.04639345780014992
967,bs_beamformer,0.06671664118766785,0.0,35.91936492919922,0.0,7.034511566162109,0.03959685191512108
967,uav_jammer,3.337425470352173,0.0,1656.8896484375,0.0,7.040017604827881,0.04631928354501724
968,bs_beamformer,0.03642887622117996,-22.271160125732422,23.81964874267578,0.023073159158229828,7.031540870666504,0.03381660208106041
968,uav_jammer,0.4460555911064148,-0.9838646650314331,492.9949035644531,0.00011749685654649511,7.036149501800537,0.04188099876046181
969,bs_beamformer,0.03226349502801895,0.0,22.455411911010742,0.0,7.033504486083984,0.03435095399618149
969,uav_jammer,2.2817013263702393,0.0,1412.790771484375,0.0,7.037297248840332,0.04516452178359032
970,bs_beamformer,0.04560605064034462,-22.42806053161621,27.944252014160156,0.018826894462108612,7.0322394371032715,0.036943219602108
970,uav_jammer,1.6264188289642334,-0.8702245950698853,1126.3817138671875,0.00018569058738648891,7.031658172607422,0.04273910075426102
971,bs_beamformer,0.02690845914185047,0.0,18.109651565551758,0.0,7.0384416580200195,0.03716622665524483
971,uav_jammer,0.3375936448574066,0.0,206.98484802246094,0.0,7.030949592590332,0.04101646691560745
972,bs_beamformer,0.026762625202536583,-22.205730438232422,18.856443405151367,0.05792754143476486,7.036524295806885,0.04619502276182175
972,uav_jammer,0.31774115562438965,-1.4672281742095947,373.8765563964844,0.011398066766560078,7.03812313079834,0.044526357203722
973,bs_beamformer,0.03593604639172554,0.0,23.165822982788086,0.0,7.03380012512207,0.035463977605104446
973,uav_jammer,0.5329811573028564,0.0,532.6484375,0.0,7.03712797164917,0.03416427597403526
974,bs_beamformer,0.02322624996304512,-22.45956802368164,16.83403968811035,0.048011478036642075,7.0355916023254395,0.03952088579535484
974,uav_jammer,0.5683630108833313,-0.4758498966693878,177.25515747070312,0.026179371401667595,7.036418437957764,0.03581971302628517
975,bs_beamformer,0.03984776884317398,0.0,10.647789001464844,0.0,7.035106658935547,0.046724166721105576
975,uav_jammer,1.8766306638717651,0.0,1123.456298828125,0.0,7.028702259063721,0.034078288823366165
976,bs_beamformer,0.07131554186344147,-22.431476593017578,28.889291763305664,0.038863129913806915,7.033576488494873,0.05013995245099068
976,uav_jammer,1.9963306188583374,-0.7999796867370605,1197.6458740234375,0.031062524765729904,7.032859802246094,0.03384331613779068
977,bs_beamformer,0.05788429081439972,0.0,21.893747329711914,0.0,7.031854152679443,0.041884299367666245
977,uav_jammer,0.6844051480293274,0.0,252.63980102539062,0.0,7.034289360046387,0.036924540996551514
978,bs_beamformer,0.01641983538866043,-22.433338165283203,11.648697853088379,0.01001205574721098,7.0392608642578125,0.04290330410003662
978,uav_jammer,2.361875534057617,-0.9809106588363647,1312.822021484375,0.022113509476184845,7.037595272064209,0.050340816378593445
979,bs_beamformer,0.02309866063296795,0.0,14.584039688110352,0.0,7.0396552085876465,0.045985061675310135
979,uav_jammer,3.097271203994751,0.0,1582.2890625,0.0,7.044388294219971,0.05459410324692726
980,bs_beamformer,0.022762861102819443,-22.50589942932129,16.9193058013916,0.005965419579297304,7.035447120666504,0.042214445769786835
980,uav_jammer,0.9786239266395569,-1.220430612564087,825.6976318359375,0.010791162960231304,7.037088871002197,0.03873472660779953
981,bs_beamformer,0.01678006909787655,0.0,8.75840950012207,0.0,7.035553932189941,0.03268678858876228
981,uav_jammer,1.23050856590271,0.0,929.9811401367188,0.0,7.034669399261475,0.03676970675587654
982,bs_beamformer,0.0331534780561924,-22.420177459716797,22.815488815307617,0.014003441669046879,7.034232139587402,0.02891426347196102
982,uav_jammer,2.639996290206909,-1.4459874629974365,1435.6947021484375,0.006464512553066015,7.034945487976074,0.04006153717637062
983,bs_beamformer,0.04523531347513199,0.0,28.676496505737305,0.0,7.035079479217529,0.03555961698293686
983,uav_jammer,1.132566213607788,0.0,736.8339233398438,0.0,7.039606094360352,0.051435381174087524
984,bs_beamformer,0.014557757414877415,-22.675140380859375,7.399348735809326,0.023953506723046303,7.039927959442139,0.042148858308792114
984,uav_jammer,1.5742446184158325,-1.157631754875183,883.6930541992188,0.08174502104520798,7.040626525878906,0.05323527380824089
985,bs_beamformer,0.028928227722644806,0.0,20.571420669555664,0.0,7.033247947692871,0.038086965680122375
985,uav_jammer,2.4121882915496826,0.0,1322.5870361328125,0.0,7.038934707641602,0.04454125091433525
986,bs_beamformer,0.032173849642276764,-22.58592987060547,21.645980834960938,0.022435244172811508,7.039993762969971,0.043654248118400574
986,uav_jammer,0.7035586833953857,-1.6471457481384277,604.4085083007812,3.308074712753296,7.037906646728516,0.04189430549740791
987,bs_beamformer,0.01715778186917305,0.0,13.10878849029541,0.0,7.037473678588867,0.04334152862429619
987,uav_jammer,1.5847842693328857,0.0,1108.083251953125,0.0,7.038976669311523,0.043425552546978
988,bs_beamformer,0.023278404027223587,-22.575212478637695,15.695557594299316,0.009498224593698978,7.041507720947266,0.04717835411429405
988,uav_jammer,2.7403128147125244,-1.2421084642410278,1560.67041015625,0.012527483515441418,7.032797336578369,0.035227466374635696
989,bs_beamformer,0.019471745938062668,0.0,10.573050498962402,0.0,7.037627220153809,0.04734605550765991
989,uav_jammer,2.5985817909240723,0.0,806.1166381835938,0.0,7.036344051361084,0.04338633641600609
990,bs_beamformer,0.025236323475837708,-22.791744232177734,18.306461334228516,0.02217058278620243,7.038739204406738,0.04576844722032547
990,uav_jammer,2.361837387084961,-1.2172560691833496,841.892578125,0.05483735352754593,7.038764476776123,0.04416728392243385
991,bs_beamformer,0.025242019444704056,0.0,19.14645767211914,0.0,7.037347316741943,0.044604718685150146
991,uav_jammer,1.6525852680206299,0.0,1164.9140625,0.0,7.039961814880371,0.04528981074690819
992,bs_beamformer,0.018185235559940338,-22.531814575195312,10.426496505737305,0.016123197972774506,7.036810874938965,0.04174317046999931
992,uav_jammer,0.4438760280609131,-1.5166560411453247,483.7657165527344,0.0019267256138846278,7.033524990081787,0.033197250217199326
993,bs_beamformer,0.038126133382320404,0.0,24.740798950195312,0.0,7.032814025878906,0.040965087711811066
993,uav_jammer,1.8234306573867798,0.0,1193.3463134765625,0.0,7.036256790161133,0.04658634960651398
994,bs_beamformer,0.03713425621390343,-22.703279495239258,23.681888580322266,0.010956501588225365,7.036637306213379,0.044588103890419006
994,uav_jammer,3.1050033569335938,-1.1386148929595947,1614.3441162109375,0.003068638499826193,7.034987449645996,0.04394375905394554
995,bs_beamformer,0.010123944841325283,0.0,2.2519288063049316,0.0,7.038398265838623,0.04995006322860718
995,uav_jammer,1.2268515825271606,0.0,906.6887817382812,0.0,7.037528038024902,0.03950364142656326
996,bs_beamformer,0.11724740266799927,-23.09369468688965,49.72947311401367,0.00990409217774868,7.038947105407715,0.041694533079862595
996,uav_jammer,0.9238011837005615,-1.624526023864746,771.8734741210938,0.00022294491645880044,7.032355785369873,0.03453207388520241
997,bs_beamformer,0.1843087524175644,0.0,63.52627944946289,0.0,7.034348487854004,0.03994997590780258
997,uav_jammer,2.490654945373535,0.0,1210.8397216796875,0.0,7.034022331237793,0.03708498924970627
998,bs_beamformer,0.1434173882007599,-22.92189598083496,54.733787536621094,0.007014230825006962,7.036355018615723,0.03925620764493942
998,uav_jammer,0.7806791663169861,-1.7322945594787598,623.9786376953125,0.0016887581441551447,7.043817043304443,0.053768716752529144
999,bs_beamformer,0.028629546985030174,0.0,20.496562957763672,0.0,7.036050319671631,0.037567153573036194
999,uav_jammer,1.4522922039031982,0.0,973.8897094726562,0.0,7.041359901428223,0.050881195813417435
1000,bs_beamformer,0.05482862889766693,-22.50299072265625,30.672637939453125,0.0447249561548233,7.041234970092773,0.04488801211118698
1000,uav_jammer,3.3357088565826416,-0.9348523616790771,1532.5411376953125,0.0009477455168962479,7.0340962409973145,0.0391489677131176
