episode,global_step,fading_model,noise_std,noise_type,control_mode,role_switching,user_mobile,use_los_model,observation_mode,normalize_observations,enable_energy_harvesting,observation_has_eh,enable_ntn,satellite_altitude_km,episode_reward_bps_step,avg_shaped_reward,avg_R_legit_mbps,avg_R_eve_mbps,avg_R_sec_mbps,episode_secrecy_mbits,avg_energy_j,avg_jammer_power_w,steps,relay_path_m,jammer_path_m,relay_displacement_m,jammer_displacement_m,role_switch_count,final_d_UR_m,final_d_RB_m,final_d_UE_m,final_d_JE_m,rolling20_avg_R_sec_mbps,rolling100_avg_R_sec_mbps,convergence_gap20_100_mbps
1,200,rician,0.249204,ou,velocity,False,False,False,full,True,False,False,False,500.0,1087.914809208225,5.439574046041125,9.920104928482006,4.524466078880234,5.947268606489406,118.94537212978811,4.003432094033722,0.23492565171793103,200,203.76809197058535,213.78953485882892,148.23922076017024,192.95354209630898,0,211.77233478734098,134.77853203479847,235.35173450521734,857.5484414078763,5.947268606489406,5.947268606489406,0.0
2,400,rician,0.248404,ou,velocity,False,False,False,full,True,False,False,False,500.0,515.9984402574024,2.5799922012870122,9.414026739370794,7.392398365283177,2.9491726992306853,58.98345398461371,3.24588227790442,0.17532667099498211,200,123.10144966913339,165.290011931617,51.14106481310801,124.43936956151708,0,305.6673948926209,172.6848843646363,19.84590758268788,75.79625877252391,4.448220652860045,4.448220652860045,0.0
3,600,rician,0.247604,ou,velocity,False,False,False,full,True,False,False,False,500.0,1027.3912942137624,5.136956471068812,8.323212425408068,3.516514015577681,5.833468112372419,116.66936224744839,3.58221452033898,0.16257799044251442,200,149.5750413084481,170.76410543337695,63.57296451069869,135.60726108933434,0,667.5786858176333,449.45884994541575,796.2000063806325,830.6121375663118,4.909969806030836,4.909969806030836,0.0
4,800,rician,0.246804,ou,velocity,False,False,False,full,True,False,False,False,500.0,1383.1242712342257,6.915621356171129,9.835888069256608,2.97255396123955,7.291797244531398,145.83594489062796,3.366491496290594,0.22764940834604203,200,117.0960257680825,190.39438767913566,74.5221386709321,156.19961975091462,0,159.62986713556094,206.42155817406177,232.5672805592268,330.47528482188113,5.5054266656559765,5.5054266656559765,0.0
5,1000,rician,0.246004,ou,velocity,False,False,False,full,True,False,False,False,500.0,1428.6731646336957,7.1433658231684785,9.037669862674463,1.709229284251357,7.5233772464229425,150.46754492845886,3.253170809595903,0.20233722592703998,200,134.4776717253742,162.7522725485204,95.56882773934734,74.93689177893782,0,430.3237347048733,294.8047593405611,610.0036129199158,670.4498092807138,5.9090167818093695,5.9090167818093695,0.0
6,1200,rician,0.245204,ou,velocity,False,False,False,full,True,False,False,False,500.0,852.2549642088935,4.261274821044467,7.863216545100784,5.163005732322513,5.273702344927839,105.47404689855678,5.993424316229809,0.2691225455701351,200,317.3667044736287,321.6753306413318,271.1573202563818,82.31997940752717,0,962.0659895757583,502.5685766769404,743.1690044203472,214.35224088240108,5.803131042329114,5.803131042329114,0.0
7,1400,rician,0.244404,ou,velocity,False,False,False,full,True,False,False,False,500.0,1490.8465344187946,7.454232672093973,8.2655966636528,0.05404145135432493,8.211555212298475,164.23110424596953,6.508924670076361,0.4794792024046183,200,351.7363313023816,367.8696889010788,300.47779868441876,362.25168606481674,0,611.3007528487334,252.10535085718945,673.3774774878026,292.4206602065455,6.147191638039023,6.147191638039023,0.0
8,1600,rician,0.243604,ou,velocity,False,False,False,full,True,False,False,False,500.0,1148.9053456117756,5.744526728058878,8.090733835814545,0.9230261327265745,7.167707703087976,143.35415406175954,5.759499221646361,0.43020542778074744,200,271.3277913151349,324.4001889804905,168.60211167201942,205.672543162628,0,760.3814499470918,505.65019374929693,722.2388361094027,1043.3378143277007,6.274756146170143,6.274756146170143,0.0
9,1800,rician,0.242804,ou,velocity,False,False,False,full,True,False,False,False,500.0,1587.1842292555853,7.935921146277926,9.06382268963961,0.3689371132192769,8.694885576420331,173.89771152840663,6.578219998011625,0.46157214015722275,200,354.8579679149086,371.0605829056566,303.7533687847696,366.52551586789946,0,244.11621642532089,265.43895075047976,511.7249298124075,406.81150887976565,6.543659416197942,6.543659416197942,0.0
10,2000,rician,0.242004,ou,velocity,False,False,False,full,True,False,False,False,500.0,1532.117359978347,7.6605867998917345,8.8704721210649,0.43648674095407175,8.433985380110823,168.6797076022165,6.714082235734966,0.46287974461913106,200,376.7671288575533,364.89178325285843,372.07647177720355,361.5375036994607,0,459.56282197380733,237.47020882644563,796.3959545126337,644.966388157635,6.73269201258923,6.73269201258923,0.0
11,2200,rician,0.241204,ou,velocity,False,False,False,full,True,False,False,False,500.0,1083.3400767483367,5.416700383741683,8.037922536961203,0.5108240270262393,7.52709850993497,150.5419701986994,6.75209615620994,0.4319641713798046,200,281.4506925569966,313.9792131133493,264.7065324986296,293.1564922698041,0,679.9166761271706,528.4040562363351,171.30048033661186,121.09407153999096,6.804910785075207,6.804910785075207,0.0
12,2400,rician,0.240404,ou,velocity,False,False,False,full,True,False,False,False,500.0,1199.8116803474493,5.999058401737247,8.069604289532482,0.780969942017023,7.28863434751546,145.7726869503092,6.734783609700913,0.4531536936759949,200,369.4918613967577,349.7548702536541,358.206389146607,219.91747753926492,0,857.503317216878,550.8283696694413,384.6384470838767,522.8205640532296,6.845221081945227,6.845221081945227,0.0
13,2600,rician,0.239604,ou,velocity,False,False,False,full,True,False,False,False,500.0,1024.9363952598826,5.124681976299413,8.049934609356296,1.683353274415423,6.366581334940883,127.33162669881767,6.493267546590715,0.41527139462530616,200,344.2679361293521,335.3733305549729,336.945653868351,314.11651155662156,0,785.910945299597,465.00244777385865,394.5532364076397,939.7392374398567,6.80840263986797,6.80840263986797,0.0
14,2800,rician,0.238804,ou,velocity,False,False,False,full,True,False,False,False,500.0,1438.02475690154,7.1901237845077,8.102437152144603,0.12189552423378652,7.980541627910822,159.61083255821643,6.858539334771689,0.4648303996771574,200,378.10048122934313,376.7031102306869,371.27399317678413,369.67252852401367,0,938.2313101138227,397.08077452660154,1183.090818161053,487.2598236916653,6.892126853299603,6.892126853299603,0.0
15,3000,rician,0.238004,ou,velocity,False,False,False,full,True,False,False,False,500.0,700.6251506802867,3.503125753401433,8.134455340160018,2.4833429860247835,5.652842576580265,113.0568515316053,6.800300845910333,0.47933001942932607,200,176.53412561129358,231.74698465001543,162.70791128393782,207.92213412840078,0,769.676858736223,708.8723439378913,402.7089709310457,1293.3978005117524,6.809507901518314,6.809507901518314,0.0
16,3200,rician,0.237204,ou,velocity,False,False,False,full,True,False,False,False,500.0,1495.4922661368362,7.477461330684181,8.766992228861813,0.5234436278584818,8.243548601003333,164.8709720200667,6.539639380320685,0.4679299480468035,200,349.508090513334,373.18586949219264,339.2490239017797,365.38398734919775,0,327.3956972703638,237.55134986408748,716.2307212370365,821.4813253189851,6.899135445236126,6.899135445236126,0.0
17,3400,rician,0.236404,ou,velocity,False,False,False,full,True,False,False,False,500.0,1599.8950679166994,7.999475339583497,9.863181279423113,1.0892842632492115,8.773897016173903,175.47794032347807,6.602083826579393,0.4766402644664049,200,364.00066632952803,365.937589118733,362.0278947807491,360.58398467485756,0,223.48607942420102,224.17786818467687,355.54261542124226,432.9154249559966,7.009415537644231,7.009415537644231,0.0
18,3600,rician,0.235604,ou,velocity,False,False,False,full,True,False,False,False,500.0,1071.3367984388317,5.356683992194158,7.921346463993332,0.552807304322375,7.368539159670967,147.37078319341936,6.780358584791623,0.4338844146579504,200,295.0295763550779,372.03280526444314,294.67856899103,356.9369070323902,0,954.938766951292,696.0684831228976,732.8265365118618,770.0071754264668,7.02936684997905,7.02936684997905,0.0
19,3800,rician,0.234804,ou,velocity,False,False,False,full,True,False,False,False,500.0,1483.6515234671676,7.418257617335838,8.928776751753421,0.6632917265925713,8.265485025160853,165.3097005032171,6.7737794893783345,0.45177919045090675,200,370.91471603502777,375.53890548816037,366.249672394148,373.8383238421365,0,269.68982518872593,176.92256096187756,598.3587189740349,458.90464169914827,7.0944257013044085,7.0944257013044085,0.0
20,4000,rician,0.234004,ou,velocity,False,False,False,full,True,False,False,False,500.0,931.1301867165885,4.655650933582942,7.921972855378384,1.3992161390592457,6.522756716319141,130.45513432638282,6.723103516291856,0.45314188085496426,200,270.4842582725791,368.0048243441305,251.00011785291912,347.8324366970667,0,809.162164052079,512.0353920488058,477.8541354619322,995.93300780462,7.065842252055146,7.065842252055146,0.0
21,4200,rician,0.233204,ou,velocity,False,False,False,full,True,False,False,False,500.0,1131.4732294560824,5.657366147280412,7.676904763633312,0.23261759488467007,7.444287168748636,148.88574337497272,6.847609173513371,0.4667994451522827,200,111.3704962308532,375.9486034645574,107.24151170961798,373.41389676422995,0,1004.4196930993903,708.8723439378913,764.7771184040137,488.7635846061248,7.140693180168107,7.08386343856436,0.056829741603746875
22,4400,rician,0.232404,ou,velocity,False,False,False,full,True,False,False,False,500.0,1136.6898059551338,5.6834490297756695,8.26283579947289,0.9253719092795755,7.340194648159099,146.80389296318197,6.734754103938412,0.45243962995707987,200,262.92248658671076,373.0949941792508,254.91372671222913,367.9630493547397,0,699.1778276798063,507.94526202635967,369.5882963936816,604.8609670120817,7.360244277614527,7.095514857182303,0.26472942043222414
23,4600,rician,0.231604,ou,velocity,False,False,False,full,True,False,False,False,500.0,1026.0500268076596,5.130250134038298,8.832960029884095,2.2311719474052145,6.601788082478885,132.0357616495777,6.720217733417293,0.4414063300192356,200,355.79791681170946,331.06727247018455,343.78255988169343,308.09433311639003,0,562.7376831602105,634.2743625187873,256.26250678363994,778.8858340819787,7.39866027611985,7.074048475673458,0.3246118004463918
24,4800,rician,0.230804,ou,velocity,False,False,False,full,True,False,False,False,500.0,1158.4168485856073,5.792084242928037,7.922871220348928,0.799347219208052,7.123524001140878,142.47048002281758,6.503392378177503,0.4779641168564558,200,294.44889574244434,365.1078770849148,263.5330540023372,362.2193139477333,0,893.686272891306,656.8723559966622,625.319657062979,893.8587613448797,7.390246613950325,7.076109955901266,0.3141366580490583
25,5000,rician,0.230004,ou,velocity,False,False,False,full,True,False,False,False,500.0,1061.236235850017,5.3061811792500855,7.51622521063555,0.11162009425042996,7.404605116385121,148.09210232770243,6.843390807352035,0.4454634355008602,200,342.0571839248913,294.5914196864217,322.14919292081584,287.27588631145676,0,1296.9054797168894,664.8050760176989,967.4159277088207,399.5855375953127,7.384308007448434,7.0892497623206205,0.2950582451278132
26,5200,rician,0.229204,ou,velocity,False,False,False,full,True,False,False,False,500.0,1458.19707687672,7.2909853843836006,9.058460169759954,0.7680084718980803,8.290451697861872,165.80903395723746,6.796934054228483,0.4654094886779785,200,380.21944203374125,356.2405440300541,378.5829895051343,344.82636768910686,0,358.37911892727186,493.34920685410987,762.3361080466098,976.1672859698867,7.535145475095135,7.135449836764514,0.3996956383306207
27,5400,rician,0.228404,ou,velocity,False,False,False,full,True,False,False,False,500.0,1153.806303461547,5.769031517307735,9.220951915782399,2.6726137408181905,6.548338174964215,130.9667634992843,6.7283739786114065,0.4623445188254118,200,375.65583494363057,365.02739251266456,370.9096384100547,360.238247288191,0,346.6637203384667,53.37167016421516,166.19139428018062,764.8294060716095,7.451984623228422,7.113704960401541,0.3382796628268814
28,5600,rician,0.227604,ou,velocity,False,False,False,full,True,False,False,False,500.0,1126.8143405724868,5.634071702862434,9.26190604868734,0.9797050126168446,8.282201036070504,165.6440207214101,6.614009046674414,0.4647352357953787,200,270.0584088854982,288.7697573685058,269.214469246598,267.02697121871523,0,290.59892937526735,549.3355814629858,863.4517797469582,1059.6659529885073,7.507709289877548,7.155436963104003,0.35227232677354525
29,5800,rician,0.226804,ou,velocity,False,False,False,full,True,False,False,False,500.0,1321.419997078907,6.607099985394536,8.534758000823846,0.3024033374386483,8.232354663385195,164.6470932677039,6.697599246904471,0.4168847943097353,200,135.44360945829652,368.18360568963163,126.32500825449243,364.9114003090332,0,544.8151787238011,708.8723439378913,644.5774978894934,267.7763346844651,7.48458274422579,7.192572056217148,0.2920106880086424
30,6000,rician,0.22600399999999998,ou,velocity,False,False,False,full,True,False,False,False,500.0,1575.9106276974273,7.879553138487137,9.047920650844674,0.392803958794751,8.655116692049925,173.1023338409985,6.745659660511668,0.4727421447634697,200,376.05533953889073,368.3070171691106,374.5605503658096,366.5395672833052,0,207.6811935146143,283.4408798545472,509.9231834253594,230.5585130277264,7.495639309822745,7.24132354407824,0.2543157657445052
31,6200,rician,0.225204,ou,velocity,False,False,False,full,True,False,False,False,500.0,1434.3252723047476,7.171626361523738,9.001022587302703,0.6115728624641821,8.38944972483852,167.78899449677044,6.675633291497684,0.4491633017361164,200,362.42158377747813,344.8923647539062,354.4079581433738,321.42755039462656,0,549.8286947851112,571.7880453431079,737.6401186992364,796.6733997281939,7.538756870567925,7.278359872489862,0.26039699807806294
32,6400,rician,0.224404,ou,velocity,False,False,False,full,True,False,False,False,500.0,1457.7016353464876,7.288508176732438,8.889771150043638,0.9266453440598296,8.051392715564015,161.02785431128032,6.04813852688074,0.39524406839162113,200,303.2023778796715,365.79602712947957,175.00067265348187,297.1521183307288,0,425.0199177846137,263.326517928556,568.0899575294942,658.0696956993694,7.576894788970352,7.302517148835929,0.2743776401344231
33,6600,rician,0.223604,ou,velocity,False,False,False,full,True,False,False,False,500.0,1244.6545715130321,6.223272857565161,8.434677321629806,1.1551165351127426,7.358222485601228,147.16444971202455,6.219084207771893,0.28802535552531483,200,333.7220458584722,293.19471845769925,257.53731281564023,234.60574979625045,0,581.4697314447297,289.30848292793655,640.421500255061,725.5658999346762,7.62647684650337,7.304205189343969,0.3222716571594013
34,6800,rician,0.222804,ou,velocity,False,False,False,full,True,False,False,False,500.0,1213.19652037792,6.0659826018896,8.54912421071972,1.0180248422972682,7.531099368422452,150.62198736844903,5.344286975692109,0.31606078417564276,200,248.69056514424022,131.75846022502637,203.3459504659604,108.11331783115583,0,440.21754115595024,161.4104860639046,334.1822897389637,364.76706099632304,7.60400473352895,7.310878547552159,0.2931261859767913
35,7000,rician,0.222004,ou,velocity,False,False,False,full,True,False,False,False,500.0,620.6024320602517,3.103012160301258,8.184739807030287,4.768119312555457,3.6953700328862777,73.90740065772556,4.963265523325564,0.3647823494626209,200,212.69342438362506,324.61163358898995,98.0949508369976,310.3773279611138,0,721.2653032696298,474.82991049417336,127.87483123978974,870.8027621596311,7.506131106344251,7.207578304275991,0.29855280206825974
36,7200,rician,0.221204,ou,velocity,False,False,False,full,True,False,False,False,500.0,1721.8938195774379,8.609469097887189,9.572761121267476,0.36566143197962997,9.301888426391395,186.0377685278279,5.8961539016212114,0.32127335706027227,200,313.46560903975444,344.19386533537914,224.90658417147668,337.266464580927,0,191.49622338293528,451.56593839414495,667.6590433463779,203.8576354029895,7.559048097613653,7.265753585445863,0.29329451216779034
37,7400,rician,0.220404,ou,velocity,False,False,False,full,True,False,False,False,500.0,1324.1708676317721,6.6208543381588605,7.995044353245577,0.13778154229942238,7.857262810946153,157.14525621892307,6.056429665380031,0.3688809842057526,200,311.85301938962084,232.28627358197235,287.31111258829924,203.78719994163058,0,956.5401283663617,591.4289183237998,1064.4121877904602,320.9911060362195,7.5132163873522675,7.281740321270195,0.23147606608207205
38,7600,rician,0.219604,ou,velocity,False,False,False,full,True,False,False,False,500.0,1094.153979169677,5.4707698958483855,8.39351287031142,1.7736481667266601,6.619864703584757,132.39729407169517,4.860620343624329,0.44257835697382686,200,202.56480418111332,184.34789901226523,147.6851747029446,146.04259890689806,0,663.6742833566934,269.5594909808286,380.0150082760414,857.1836286494686,7.475782664547955,7.264322541857421,0.21146012269053394
39,7800,rician,0.218804,ou,velocity,False,False,False,full,True,False,False,False,500.0,1631.9809202193546,8.159904601096773,9.5988427562607,0.635268489980468,8.963574266280235,179.2714853256047,6.6352503007281305,0.3710354085545987,200,358.4859940631922,376.1366102240086,335.5318574337387,372.3474493202635,0,299.6195301228459,234.55246397266743,395.11202057763813,300.9558531557439,7.510687126603925,7.307893098893904,0.20279402771002086
40,8000,rician,0.218004,ou,velocity,False,False,False,full,True,False,False,False,500.0,1479.1791599582411,7.395895799791206,8.595724040141306,0.7308475194838095,8.01521160883599,160.3042321767198,5.3750768976233925,0.30065669876988976,200,242.85440253419063,348.5476378468964,121.86068771878045,338.98520500795456,0,459.22255337690274,286.5971932972059,490.9585736613092,222.4596661598708,7.585309871229768,7.3255760616424554,0.2597338095873125
41,8200,rician,0.217204,ou,velocity,False,False,False,full,True,False,False,False,500.0,1460.5769138250769,7.302884569125385,8.25059902112595,0.28257246073354897,8.016310416738492,160.3262083347698,6.194304986151042,0.30516553157474846,200,335.77870972006895,347.95051967638904,299.9253658370489,327.8346860950647,0,514.6528198720197,137.75626672849822,415.65888490716463,175.86109427804962,7.61391103362926,7.342423241035041,0.2714877925942192
42,8400,rician,0.21640399999999999,ou,velocity,False,False,False,full,True,False,False,False,500.0,1358.3175080819137,6.7915875404095685,8.229678280867176,0.64368750806199,7.656116412277405,153.1223282455481,6.836422546418042,0.3446780606545508,200,376.5705602126833,377.502980003017,371.32248118181536,372.2198504292774,0,755.6164553187999,252.7515482096262,969.4707754498369,506.4187008962312,7.629707121835176,7.3498921260646215,0.2798149957705549
43,8600,rician,0.215604,ou,velocity,False,False,False,full,True,False,False,False,500.0,869.8482243168784,4.349241121584392,8.167179713230494,3.080967364237523,5.369069767527927,107.38139535055855,5.695880514458107,0.24934557359199971,200,254.17807451623793,365.5570627934543,124.79107401444402,355.8034910869764,0,749.9762109770854,478.16152140766366,237.983625419114,729.0077219915554,7.568071206087628,7.303826489819582,0.26424471626804547
44,8800,rician,0.214804,ou,velocity,False,False,False,full,True,False,False,False,500.0,1011.7105214796217,5.058552607398108,8.5056401153674,2.7508952631999404,5.754744852167466,115.09489704334932,6.0177638325642056,0.29137520227814095,200,336.0987496334501,339.1379226241937,283.6379557694383,332.01923445917913,0,575.2456680893401,349.24352430697405,291.9247085489536,888.4922054167399,7.4996322486389575,7.268620088963852,0.2310121596751058
45,9000,rician,0.214004,ou,velocity,False,False,False,full,True,False,False,False,500.0,1744.9912199711687,8.724956099855843,10.410079361735866,1.1580715692511028,9.409522393417838,188.19044786835673,5.945405900336547,0.1900869336538017,200,347.86923107081486,318.590669745439,345.0247699004077,309.38518639979003,0,165.20262137661192,205.75783158323614,479.0155460264611,492.635846498046,7.599878112490593,7.316195695729496,0.2836824167610974
46,9200,rician,0.213204,ou,velocity,False,False,False,full,True,False,False,False,500.0,1200.1882551563006,6.000941275781503,7.9678995711048195,1.3278323375090388,6.734376327627159,134.6875265525432,6.151891340124832,0.3198732395889238,200,356.02601730316485,328.40047691598596,351.52149788800216,315.2387868463057,0,689.9825580785028,212.62233455502624,596.9631209004824,532.7230909762952,7.522074343978858,7.303547448596836,0.21852689538202164
47,9400,rician,0.21240399999999998,ou,velocity,False,False,False,full,True,False,False,False,500.0,1345.3154593295428,6.726577296647714,8.692947752072714,0.38801037186376885,8.304937380208955,166.09874760417912,5.97265593380512,0.44514714343473316,200,244.72184287342833,330.9544991999288,223.96108344919506,301.7750486806465,0,379.6791209181616,503.2599661890984,450.1791462924711,274.15931208132497,7.609904304241096,7.324853617354541,0.28505068688655477
48,9600,rician,0.211604,ou,velocity,False,False,False,full,True,False,False,False,500.0,1208.4791829299263,6.0423959146496315,8.736745037211424,1.1653885492847755,7.787496704528029,155.74993409056057,6.647899555053282,0.2705198293039575,200,266.7087970487664,358.1363542922259,262.21260489957905,334.1215269232337,0,597.2558559518242,591.6315065965321,810.5537959161427,759.8086219935124,7.585169087663969,7.334492015003991,0.2506770726599781
49,9800,rician,0.210804,ou,velocity,False,False,False,full,True,False,False,False,500.0,855.6049313970012,4.278024656985006,8.42366038062758,3.722417157867435,5.143386005212598,102.86772010425197,6.66656241531375,0.1779408924235031,200,373.1296378556191,366.98926259729717,370.3355381787623,362.90718896147285,0,403.2488181559299,243.48921318648516,251.47165253068954,415.92343683472814,7.430720654755339,7.289775565824575,0.14094508893076352
50,10000,rician,0.210004,ou,velocity,False,False,False,full,True,False,False,False,500.0,1208.1395385504202,6.040697692752101,8.257904022259202,1.2974451771493152,6.960458845109892,139.20917690219784,5.89911622903804,0.2965394030604511,200,311.83040606451414,324.25739371490425,264.41204933828726,285.11752861947525,0,685.1389757277184,543.93193036892,488.8555581909143,782.6067811381829,7.345987762408339,7.283189231410281,0.06279853099805788
51,10200,rician,0.209204,ou,velocity,False,False,False,full,True,False,False,False,500.0,1676.5844608711154,8.382922304355578,9.91913971607532,0.8857280115400586,9.03341170453526,180.6682340907052,5.654917515784172,0.30149602867197245,200,281.881790270206,343.2078203088789,181.65196286318098,328.6694759967758,0,142.76204220525483,170.79969977184487,215.10437586747713,81.25213366431227,7.378185861393176,7.317507319118613,0.060678542274562375
52,10400,rician,0.208404,ou,velocity,False,False,False,full,True,False,False,False,500.0,1784.5286049814342,8.92264302490717,10.264423635236616,0.6425444370798739,9.621879198156742,192.43758396313484,6.06458446526069,0.24744358231895602,200,362.2044297858358,316.9497132849976,359.24345698521404,296.73031985128017,0,105.53605392212039,116.4623192856669,367.85683182204843,331.30383427368696,7.4567101855228115,7.36182216294627,0.09488802257654161
53,10600,rician,0.207604,ou,velocity,False,False,False,full,True,False,False,False,500.0,1190.4204503238027,5.952102251619014,8.067793632789433,2.577282014361037,6.623016096334731,132.46032192669463,5.839889360790172,0.23610967863351107,200,258.33067020157097,375.5073119479566,213.11806913341263,371.2728917185931,0,761.6719290907613,386.5246422383943,410.3399295857297,376.38771992640744,7.419949866059487,7.347882425840392,0.0720674402190955
54,10800,rician,0.206804,ou,velocity,False,False,False,full,True,False,False,False,500.0,1238.3335801562982,6.191667900781491,7.78043374580345,0.5624461410733883,7.4593283623744275,149.18656724748857,6.3138406825785385,0.3612390870787203,200,272.79923495424265,362.26716545208285,212.15100264865598,327.81840367629326,0,962.5520582824478,571.6605167604805,578.5394164304519,272.5839731695285,7.4163613157570865,7.3499462394799115,0.06641507627717491
55,11000,rician,0.206004,ou,velocity,False,False,False,full,True,False,False,False,500.0,1079.4544038243098,5.397272019121549,8.69333233940666,3.2053023214035465,6.262190247021772,125.24380494043544,6.67977867388545,0.1568279605731368,200,363.8872706718179,375.1139754089546,362.6641642243772,365.5880637603252,0,589.7049248238833,516.1250477293103,447.3083093030018,722.1736874694554,7.544702326463861,7.330168857798854,0.21453346866500755
56,11200,rician,0.205204,ou,velocity,False,False,False,full,True,False,False,False,500.0,435.46047426319547,2.177302371315977,8.229626027554929,4.301733090116845,3.9297132225754536,78.59426445150908,6.380639650028031,0.33471025081118566,200,356.7115238317623,223.08198286519755,285.1835545867651,177.98297032751935,0,663.8686568563302,370.66250742300366,162.6551101672951,863.0486657816567,7.276093566273066,7.269446435741293,0.006647130531773016
57,11400,rician,0.204404,ou,velocity,False,False,False,full,True,False,False,False,500.0,1339.8307077754928,6.699153538877464,8.601527928886657,1.0460833088608206,7.555444620025837,151.10889240051674,6.202526397537915,0.40306047469377515,200,349.68691487498796,323.9549262172432,325.63694245411017,288.81932775950656,0,681.7756478859319,377.405350472693,421.6332424679294,645.9134094783702,7.261002656727048,7.274463947746285,0.013461291019236654
58,11600,rician,0.203604,ou,velocity,False,False,False,full,True,False,False,False,500.0,1151.7445355848604,5.758722677924302,8.01618458700463,0.6642426834337931,7.351941903570839,147.03883807141676,6.7639262237744076,0.4616669894754887,200,372.33762153779725,255.8746456290911,366.93917273218557,242.21720793022936,0,993.696882469929,431.1689878759735,814.2092714004048,898.3545720701568,7.297606516726352,7.275799774570846,0.021806742155506598
59,11800,rician,0.20280399999999998,ou,velocity,False,False,False,full,True,False,False,False,500.0,1159.068201011819,5.795341005059095,8.294477827294353,1.7828679151416253,6.511609912152728,130.23219824305457,6.215517112498542,0.3918725652107969,200,338.3759507729956,353.59773169369475,189.28767713239483,328.6667955910523,0,670.3514820051374,408.9191413987013,166.77195394081033,255.29798723240253,7.175008299019976,7.262847404021386,0.08783910500141001
60,12000,rician,0.202004,ou,velocity,False,False,False,full,True,False,False,False,500.0,1305.8077115697718,6.529038557848859,8.684012279734656,0.6176604117479542,8.0663518679867,161.32703735973402,6.690049769995743,0.44470520097762345,200,328.5553172583525,336.3333508326117,302.6100059304117,330.49126400960637,0,389.82959403092656,502.71277723061905,776.8939484938858,659.4418135611538,7.177565311977512,7.276239145087475,0.09867383310996303
61,12200,rician,0.201204,ou,velocity,False,False,False,full,True,False,False,False,500.0,1371.2892266149856,6.856446133074928,9.248808382849328,1.34608851195177,8.252515041280803,165.0503008256161,6.348730178269473,0.26146922012092544,200,269.99771315877655,330.8555803631827,189.40942005383732,317.68625110813474,0,210.65477252988285,547.9012847041097,282.55403040346516,133.3653097989391,7.189375543204628,7.29224366797589,0.10286812477126173
62,12400,rician,0.200404,ou,velocity,False,False,False,full,True,False,False,False,500.0,867.4186358492434,4.337093179246217,8.310812150364686,2.491787738096955,6.067036182148988,121.34072364297977,6.05325013323945,0.278679600849282,200,280.6712172500148,290.03874486413946,270.9388551327818,204.7654393210548,0,486.9997154762146,533.6501947025531,215.76528012421525,500.0706719403535,7.109921531698208,7.272482256914166,0.16256072521595755
63,12600,rician,0.199604,ou,velocity,False,False,False,full,True,False,False,False,500.0,1342.9456060995858,6.714728030497929,7.76778535700915,0.2758091654775532,7.4919761915315926,149.83952383063186,6.702210988105377,0.3820667157508433,200,372.3005406467474,366.57075666165895,369.4408229148503,357.7954146433004,0,968.4538649196475,413.8437364560616,803.8241151360861,419.3774593847,7.216066852898392,7.275966287622379,0.05989943472398718
64,12800,rician,0.198804,ou,velocity,False,False,False,full,True,False,False,False,500.0,1163.9161668271768,5.819580834135884,8.076670294280683,1.9150729049108361,6.683149491473973,133.66298982947944,6.686976441708951,0.1767531341686845,200,371.0337011222383,370.8402511007047,366.75736662625116,363.43254391721115,0,682.6628827158297,277.6282672374683,450.0225457101292,396.8010503107817,7.262487084863716,7.26670352518256,0.00421644031884405
65,13000,rician,0.198004,ou,velocity,False,False,False,full,True,False,False,False,500.0,605.2594032479947,3.0262970162399734,8.358155632952045,7.925739645004369,3.804902809698925,76.09805619397851,6.606921125802325,0.05996981732547283,200,374.69502017751205,359.7626694624141,369.7583624570905,331.65479286707614,0,434.70132034549954,198.91463461089506,664.2227723941755,360.0573533469652,6.982256105677772,7.213445052636659,0.2311889469588868
66,13200,rician,0.197204,ou,velocity,False,False,False,full,True,False,False,False,500.0,1406.8227100802876,7.034113550401438,8.641424919030777,1.5874516167273767,7.7589291102022475,155.17858220404494,5.833513421078854,0.29807317402912303,200,320.45793100116987,322.00458347541013,247.73520887337162,213.10677568590134,0,672.8503529399693,434.3030471622517,685.024534408123,174.21719316452376,7.033483744806524,7.221709962599774,0.18822621779324944
67,13400,rician,0.196404,ou,velocity,False,False,False,full,True,False,False,False,500.0,766.6057538936253,3.8330287694681267,7.985011141212711,4.811728591055551,4.477265417174589,89.54530834349178,5.1870755793167005,0.2062515905383043,200,229.40794017141928,325.01252509278527,71.98669960516618,280.95783345039035,0,775.921826292014,438.97778301907186,217.70904702638106,547.3159999550284,6.842100146654806,7.18074810371283,0.33864795705802386
68,13600,rician,0.195604,ou,velocity,False,False,False,full,True,False,False,False,500.0,1236.3849383235242,6.181924691617621,9.329640503448553,2.78602048189023,6.935925790818277,138.71851581636554,6.4508367567440015,0.1683769471384585,200,368.5389344036064,352.1546679080194,348.24561991754234,321.80359176036615,0,257.02062758697866,506.2996843119925,362.0580454990192,331.1108099517722,6.799521600969319,7.177147775582028,0.37762617461270853
69,13800,rician,0.194804,ou,velocity,False,False,False,full,True,False,False,False,500.0,1062.4845008886534,5.312422504443267,8.711828059459279,1.7177805790706047,6.9974769916780675,139.94953983356137,6.5607015385743015,0.2774429967836477,200,222.08351346628862,364.01694968672655,161.2161067313428,333.5401644865782,0,440.4844894064218,563.2354550388616,127.00046217172088,244.41770448560519,6.8922261502925934,7.1745438511776225,0.28231770088502905
70,14000,rician,0.194004,ou,velocity,False,False,False,full,True,False,False,False,500.0,1105.5432952157555,5.527716476078777,9.0235673442669,3.8142197242384595,6.288049015725665,125.7609803145133,6.578289227942065,0.16886550576426088,200,366.3999262602536,363.6532657973788,345.42963728875003,353.2691587270864,0,234.2249351408486,236.8280596423891,170.12218551012742,372.5386286094771,6.8586056588233815,7.161879639242595,0.3032739804192133
71,14200,rician,0.193204,ou,velocity,False,False,False,full,True,False,False,False,500.0,1150.0490527053796,5.750245263526898,8.596167364119498,2.7007942230996567,6.505985745039809,130.1197149007962,6.513456238625391,0.17504333923454396,200,375.02093943727044,350.3959244713144,371.9409853221758,308.047010152229,0,395.907829116197,378.1480384421961,732.2723891054203,541.6074924790282,6.73223436084861,7.152641697070725,0.420407336222115
72,14400,rician,0.192404,ou,velocity,False,False,False,full,True,False,False,False,500.0,1491.5328253518728,7.457664126759364,8.950665903827993,0.516625604214847,8.43404029961315,168.68080599226303,6.165725668406887,0.46113907143473626,200,324.18816277317944,322.9405899600983,301.0753730368842,304.02611023974526,0,445.6061088723503,700.3928980671756,587.3784482790657,525.347632523979,6.672842415921428,7.1704388998838136,0.4975964839623854
73,14600,rician,0.191604,ou,velocity,False,False,False,full,True,False,False,False,500.0,1564.2479995666595,7.821239997833297,8.810228525419282,0.5366883565934712,8.515412869401027,170.3082573880205,6.041686202287694,0.28846103153657165,200,358.33579344591396,308.2264188799682,315.79677195290566,191.62539007688616,0,502.47883250327726,304.8100033812469,718.0288680807257,182.7566643808788,6.767462254574743,7.188863200836105,0.42140094626136193
74,14800,rician,0.190804,ou,velocity,False,False,False,full,True,False,False,False,500.0,1235.4382285615427,6.177191142807714,8.17397522570141,1.4443706246606551,6.94314850185749,138.86297003714978,5.937794459235812,0.25336380194406954,200,370.2709165009224,284.5117264220727,367.4073529110291,90.24575840208738,0,719.4379941889038,346.7799456415835,1020.7204902614413,887.2559586670179,6.741653261548896,7.185542731930989,0.4438894703820928
75,15000,rician,0.190004,ou,velocity,False,False,False,full,True,False,False,False,500.0,1595.5273566140722,7.977636783070361,9.017973307700027,0.3443062396684754,8.804913305513486,176.09826611026972,6.580974315037646,0.3566323086305056,200,368.2900435817539,361.92255309239164,301.3395930506068,356.2844632954821,0,454.91240738708433,527.6722087892988,486.203470859059,244.61495003427157,6.868789414473483,7.207134339578756,0.3383449251052735
76,15200,rician,0.189204,ou,velocity,False,False,False,full,True,False,False,False,500.0,1503.7439971213328,7.518719985606664,9.304435850735581,1.0691434547490188,8.235292395986566,164.70584791973133,5.557605632566001,0.3859992657229304,200,374.46650468781746,230.75713150590144,322.3210804096863,132.55501699208506,0,420.5974328374254,452.027990070085,665.645143930923,849.2981807730062,7.084068373144038,7.2206627350578065,0.13659436191376884
77,15400,rician,0.18840400000000002,ou,velocity,False,False,False,full,True,False,False,False,500.0,1394.2853408627607,6.971426704313803,9.164187019543528,0.7716767315554284,8.392510287988102,167.85020575976205,6.2834284848000195,0.4413228064030409,200,277.710603937876,331.1098355283205,101.14928603936325,322.65126687727405,0,240.27824106887303,520.5813385584124,196.19973819393297,349.65445802682206,7.125921656542151,7.235881534446511,0.10995987790435979
78,15600,rician,0.187604,ou,velocity,False,False,False,full,True,False,False,False,500.0,1526.9107263146645,7.634553631573323,9.141800601950653,0.6197736894449699,8.572563733391553,171.45127466783106,6.360747297498332,0.4372027506772429,200,356.5030777723588,333.640368680462,253.93623629339464,325.0705938617367,0,369.6075046781767,590.3388936236847,283.5676168026713,228.63967542792545,7.186952748033187,7.253018485715038,0.06606573768185076
79,15800,rician,0.186804,ou,velocity,False,False,False,full,True,False,False,False,500.0,1202.1730873271545,6.010865436635772,8.263468364395468,0.905284246794415,7.388369016223677,147.76738032447352,6.387433278871982,0.2625704294629395,200,361.7081970995604,270.26344271458214,358.0378399722223,220.75177230012187,0,499.33871732880095,160.317976746821,917.1058803423962,630.096426033812,7.230790703236734,7.254731783569578,0.023941080332844145
80,16000,rician,0.186004,ou,velocity,False,False,False,full,True,False,False,False,500.0,1568.7912987042218,7.843956493521109,8.805613924362456,0.3863490888501592,8.419264835512296,168.3852967102459,5.030659205885505,0.3580750894639641,200,235.80727863837728,305.6600452921272,122.43751958506816,251.2894303821625,0,486.8745248125578,125.16395071494932,525.2624087213771,255.26465927915046,7.248436351613014,7.2692884467188605,0.020852095105846402
81,16200,rician,0.18520399999999998,ou,velocity,False,False,False,full,True,False,False,False,500.0,1577.1871396149209,7.885935698074604,9.657002860612923,1.0109905571948221,8.646012303418098,172.92024606836196,5.453712730160072,0.4558408512547612,200,360.80199091231293,221.99985959099803,315.3695843995448,95.51471416136755,0,375.06610621678203,355.24297759835133,416.8704391507616,464.9821163284515,7.2681112147198785,7.286285037542307,0.018173822822428853
82,16400,rician,0.184404,ou,velocity,False,False,False,full,True,False,False,False,500.0,1305.1076351419615,6.525538175709808,8.287725871924344,1.0839265789563477,7.203799292967992,144.07598585935983,5.587482749060321,0.3479751120507717,200,337.2618874140042,274.4755541031429,274.91519569867046,94.65125467140182,0,551.1696098905002,411.4098104026388,614.4274354034574,853.4957127022341,7.32494937026083,7.285279113827987,0.039670256432843054
83,16600,rician,0.183604,ou,velocity,False,False,False,full,True,False,False,False,500.0,1361.2197284604076,6.806098642302038,8.590921982011313,0.5415032297970851,8.049418752214226,160.98837504428454,4.906634881142417,0.4064203889854252,200,249.73920732811868,235.52874164014648,146.70365406802793,178.16095744242512,0,513.0921345207995,628.4721690293628,964.616288265425,831.7289324320187,7.3528214982949605,7.294485615495291,0.05833588279966939
84,16800,rician,0.182804,ou,velocity,False,False,False,full,True,False,False,False,500.0,1144.1297195645984,5.720648597822992,7.9706345582625735,1.2426616346587855,6.875492147234644,137.5098429446929,6.181651549284709,0.3053033079463057,200,359.33269092310866,298.34668772238876,330.86616654353566,269.9610110368956,0,686.6330240158824,520.0187545323287,516.889411929523,712.4150846337382,7.362438631082995,7.289497598015998,0.0729410330669964
85,17000,rician,0.182004,ou,velocity,False,False,False,full,True,False,False,False,500.0,-53.103322385896064,-0.26551661192948034,9.054817393039363,7.691889659872388,2.057655856129773,41.15311712259546,6.480414909729742,0.2722148254141212,200,229.80568423333878,296.1328922346936,150.71766139005007,283.1866553588933,0,352.9606531168338,502.70472421863593,31.541244543690325,341.3279413905384,7.275076283404536,7.2279465186996905,0.0471297647048452
86,17200,rician,0.18120399999999998,ou,velocity,False,False,False,full,True,False,False,False,500.0,1456.9690297718234,7.284845148859117,9.261176787342391,0.7362206379948519,8.524956149347538,170.4991229869508,5.817794584535014,0.39244538962841036,200,285.8544772374462,288.51767186709094,157.1456801924414,205.7529646837133,0,235.61974554399754,521.3453678732209,708.1514481606797,700.0245897053858,7.3133776353618005,7.243028026032805,0.07034960932899548
87,17400,rician,0.180404,ou,velocity,False,False,False,full,True,False,False,False,500.0,1383.5886784904194,6.917943392452097,8.522749131326481,0.654722424029797,7.868026707296678,157.36053414593357,5.432834808730308,0.4346243589278311,200,232.4507521083996,310.71976152411924,119.3733013916153,268.04084373487296,0,582.1590343573614,527.1316994357411,407.9079710753083,364.8789761531183,7.482915699867905,7.250211918920895,0.23270378094701005
88,17600,rician,0.17960399999999999,ou,velocity,False,False,False,full,True,False,False,False,500.0,1629.4023875844669,8.147011937922334,9.273000609544003,0.5143283997551729,8.758672209788825,175.1734441957765,4.982391693185328,0.29739036723040047,200,350.21716570061886,181.04737091687596,323.19785960241245,107.27149642497845,0,369.1310149126979,497.85562064622746,557.4136445216424,342.17758373344054,7.574053020816433,7.267353513135301,0.30669950768113186
89,17800,rician,0.178804,ou,velocity,False,False,False,full,True,False,False,False,500.0,1437.604540004996,7.1880227000249795,8.28099782255198,0.38952089713438043,7.891476925417599,157.82953850835202,5.979763177584348,0.2709448257554323,200,353.8133431767341,312.7784732368112,349.10396351801245,294.6164315656261,0,598.0491682704619,385.5904929232162,523.8140881484344,180.2770195828826,7.61875301750341,7.274366135745214,0.3443868817581963
90,18000,rician,0.178004,ou,velocity,False,False,False,full,True,False,False,False,500.0,284.3297741201492,1.421648870600746,9.43098753273311,7.337332977977114,2.7215932606474857,54.431865212949724,5.981410936946649,0.20316155091510155,200,372.08891407703214,190.34798256689837,368.7061457210908,174.43845881609926,0,146.53966789888895,518.7399176006602,105.82777104213332,942.5122984181279,7.4404302297495,7.223779770466351,0.21665045928314974
91,18200,rician,0.17720399999999997,ou,velocity,False,False,False,full,True,False,False,False,500.0,1576.1636686975764,7.880818343487882,8.699737758940639,0.404438392550691,8.295299366389955,165.9059873277991,3.59832895648322,0.3186512945452705,200,221.17118062997048,116.66166687459133,48.11364769137351,20.190911977933293,0,520.6558271346828,437.1915640018025,476.8435645982854,285.4940543135579,7.529895910817009,7.235554711080896,0.29434119973611317
92,18400,rician,0.176404,ou,velocity,False,False,False,full,True,False,False,False,500.0,975.2919174653123,4.876459587326561,8.756307250050261,3.602220330240623,5.4694241969255835,109.38848393851167,5.170795503260389,0.23465803717030212,200,312.60064087119144,264.9318295356943,142.28758186630807,206.77868202362626,0,444.651848472263,220.40952168402745,109.98959884016865,225.7280031403726,7.381665105682631,7.21635764027486,0.16530746540777042
93,18600,rician,0.17560399999999998,ou,velocity,False,False,False,full,True,False,False,False,500.0,970.4587403090952,4.852293701545476,8.574669642586649,3.0020760422427126,5.572593600343938,111.45187200687876,5.251606533562704,0.426444617304951,200,350.7065986874894,226.06340089970277,332.30643148867523,219.244809378834,0,510.6629482552139,172.303397531294,137.15239249674664,590.3207065008983,7.234524142229776,7.198682758125065,0.03584138410471116
94,18800,rician,0.17480400000000001,ou,velocity,False,False,False,full,True,False,False,False,500.0,838.587637557272,4.1929381877863605,9.339035483817801,4.458865114886765,5.302785726176463,106.05571452352928,6.02496072859391,0.24278686608187855,200,245.30016716915486,334.28591523568696,212.2961017891023,326.64970929979245,0,254.71651480668797,513.2779187284808,221.46681472737157,792.3892370566285,7.152506003445724,7.17851364076391,0.026007637318185672
95,19000,rician,0.174004,ou,velocity,False,False,False,full,True,False,False,False,500.0,1129.758097677646,5.64879048838823,8.979048742270365,3.096404135059923,6.568571491389793,131.37142982779585,5.058351308304131,0.16284178383648396,200,293.2089551743,249.94548669431916,270.24845421215906,51.65459309255802,0,176.99420522663735,388.47104920913,479.92953015557663,580.6433283970906,7.04068891273954,7.172093197086287,0.1314042843467469
96,19200,rician,0.173204,ou,velocity,False,False,False,full,True,False,False,False,500.0,1614.3277919598088,8.071638959799044,9.411339178893277,0.875292746826556,8.611003144879588,172.22006289759173,4.69967348495279,0.2504942497098818,200,221.7547409258921,290.54763231851246,18.55817776528537,250.93002093772756,0,284.0592872172656,370.61587386347526,437.5678272133947,438.87415227312636,7.05947445018419,7.187081842375801,0.127607392191611
97,19400,rician,0.172404,ou,velocity,False,False,False,full,True,False,False,False,500.0,1506.6208319824896,7.5331041599124475,9.664616748153263,1.4922213883597435,8.172395359793517,163.44790719587033,4.833834360583453,0.36600776535924523,200,303.8789236940925,236.2654865591267,278.7985678205775,179.49754079478765,0,189.65906192196158,458.0253423619815,385.1698384789477,607.8231394183804,7.048468703774461,7.197239713689386,0.14877100991492576
98,19600,rician,0.17160399999999998,ou,velocity,False,False,False,full,True,False,False,False,500.0,1138.9831647870494,5.694915823935247,8.402174436440202,1.310689116137319,7.091485320302877,141.82970640605757,4.812830094364499,0.31499393336707726,200,228.5389795419287,237.0222663112431,195.85183080912392,218.63494905094348,0,490.1408835077141,288.62935741251493,323.4388515790979,515.6119631154492,6.974414783120027,7.1961605872262595,0.22174580410623257
99,19800,rician,0.170804,ou,velocity,False,False,False,full,True,False,False,False,500.0,1575.7857610044823,7.8789288050224116,9.107690786327515,0.3362566986804416,8.771434087647073,175.4286817529415,5.497249866561906,0.38923953129909933,200,335.8534434787313,260.5838607926247,315.91238712763067,239.37012987353688,0,420.04153911204776,432.1472948873035,562.1018910550093,194.8334976513424,7.043568036691196,7.212072440765864,0.1685044040746675
100,20000,rician,0.170004,ou,velocity,False,False,False,full,True,False,False,False,500.0,1364.534323921045,6.822671619605225,9.043449694383007,0.8717233289860865,8.171726365396925,163.4345273079385,6.8038008941876065,0.4795789152383804,200,329.06741775219626,373.6943336370119,306.00450214348865,368.684320854922,0,486.22048366870297,509.974468908759,453.4541134876727,667.1073385691102,7.031191113185429,7.221668980012174,0.19047786682674506
101,20200,rician,0.169204,ou,velocity,False,False,False,full,True,False,False,False,500.0,1148.3555579942788,5.741777789971394,8.031132832598292,3.17712410193581,6.404355920645137,128.08711841290275,5.596480888673162,0.175004152150359,200,356.83251925422525,267.62444968401854,345.0449499652514,246.76522800871604,0,601.8266280159472,167.49639300714173,198.93585755464076,220.83553891620824,6.919108294046781,7.226239853153731,0.3071315591069501
102,20400,rician,0.168404,ou,velocity,False,False,False,full,True,False,False,False,500.0,1534.4060946740544,7.672030473370272,9.120141727796664,0.8700600486054597,8.250081679191208,165.00163358382414,5.046173521754541,0.244677612753585,200,261.3007914521518,287.40532779172224,254.30635324681947,273.8594455167066,0,319.0136694603439,104.43395924249491,441.5511859787127,412.4219026745383,6.97142241335794,7.279248942953336,0.30782652959539547
103,20600,rician,0.16760399999999998,ou,velocity,False,False,False,full,True,False,False,False,500.0,784.4091299326628,3.922045649663314,9.332015414295315,4.75557095239476,4.638031755896159,92.76063511792317,6.193070288752794,0.2651729653053917,200,354.00867402884666,332.26382481848435,308.3632030352154,308.09280136593014,0,240.6500406420477,382.3310454750493,97.60621496151913,388.07657123724726,6.8008530635420374,7.267294579388573,0.4664415158465358
104,20800,rician,0.166804,ou,velocity,False,False,False,full,True,False,False,False,500.0,1497.0329185245484,7.485164592622742,9.255988583557532,0.7979679913884962,8.458020592169035,169.1604118433807,6.543432722866936,0.4769569669663906,200,351.1419833947591,364.29114313899873,327.1106177764785,356.50391775360714,0,432.292942921227,597.8166566330393,627.2675936242875,757.4385307751301,6.879979485788757,7.278956812864949,0.3989773270761914
105,21000,rician,0.16600399999999998,ou,velocity,False,False,False,full,True,False,False,False,500.0,1419.4782497035033,7.097391248517516,8.516561081284108,0.7494426342887863,7.767118446995318,155.34236893990635,5.701776103185778,0.35317440001294015,200,357.9104481896281,268.7388745924922,350.71880423105216,254.2492206115385,0,501.3510021640235,355.5998505233358,871.1016943921162,931.1230354921005,7.165452615332034,7.281394224870675,0.1159416095386403
106,21200,rician,0.165204,ou,velocity,False,False,False,full,True,False,False,False,500.0,1505.2870262417105,7.526435131208553,8.506171004864193,0.401250041142474,8.104920963721723,162.09841927443443,4.876882542544175,0.28774223741609606,200,200.67674821216804,310.1391236974321,152.61435014056804,293.8934235626588,0,541.4700690724889,423.9278311184026,561.1908803145202,313.5830678005441,7.144450856050744,7.309706411058612,0.16525555500786826
107,21400,rician,0.164404,ou,velocity,False,False,False,full,True,False,False,False,500.0,1396.4582678972608,6.982291339486304,9.120977229085904,0.5843685165672792,8.536608712518621,170.73217425037242,6.306454414509825,0.47043355960398914,200,377.5606292381684,233.36889607337702,374.2000934948729,198.20959801750308,0,308.44792558142365,248.90760186702465,780.708945998835,682.5522219702015,7.177879956311839,7.312956946060815,0.13507698974897586
108,21600,rician,0.163604,ou,velocity,False,False,False,full,True,False,False,False,500.0,1606.3187421240514,8.031593710620257,9.91189366540251,0.544702289847422,9.3671913755551,187.34382751110198,5.357579478505115,0.46021748702973125,200,279.0615357854092,284.45962548213635,256.7734511095808,254.0040188816663,0,208.34421898737395,341.6548766702868,652.5804942877214,701.6762691874968,7.208305914600155,7.334951782785485,0.12664586818532975
109,21800,rician,0.162804,ou,velocity,False,False,False,full,True,False,False,False,500.0,1405.8951594745104,7.029475797372552,8.208882700158584,0.7318695523833473,7.688649395455765,153.77298790911527,5.7161551031457645,0.29030893807765096,200,361.24637404093147,269.9841652111505,314.9647340858802,238.09044845380419,0,572.9466258751033,107.0455577281263,748.5778340319534,488.9842849835442,7.1981645381020645,7.32488942097584,0.12672488287377526
110,22000,rician,0.16200399999999998,ou,velocity,False,False,False,full,True,False,False,False,500.0,1389.76659918537,6.948832995926851,8.083030725488735,0.49288543581602423,7.590145289672698,151.80290579345396,5.581904276620401,0.29500472436193376,200,302.6082969071425,317.5237232747291,259.7804976948209,288.823414331092,0,651.672396943669,170.59096087884714,944.3989753701021,571.8241017565274,7.441592139553324,7.316451020071457,0.12514111948186724
111,22200,rician,0.16120400000000001,ou,velocity,False,False,False,full,True,False,False,False,500.0,1445.8608486438366,7.2293042432191825,8.72544735636856,0.9172278658315193,7.863050455628255,157.26100911256512,5.529774572965633,0.2538683633506298,200,310.31923480765676,297.94913697898295,249.8199663400712,277.3849870287345,0,350.90568723364214,113.05162526850496,540.8528275861698,332.6902414455588,7.41997969401524,7.31981053952839,0.10016915448684927
112,22400,rician,0.160404,ou,velocity,False,False,False,full,True,False,False,False,500.0,1734.5971202623684,8.672985601311842,9.42910501308829,0.16756744000173093,9.26153757308656,185.2307514617312,5.133755589960416,0.3974430222902447,200,276.9145292138655,274.718977660521,222.777258902926,233.69973462972592,0,453.5315954772477,146.0056461872095,509.0943549390902,160.43684542224653,7.609585362823289,7.3395395717841,0.27004579103918847
113,22600,rician,0.159604,ou,velocity,False,False,False,full,True,False,False,False,500.0,1513.6625856612245,7.568312928306122,8.609974791011094,0.4159154801155472,8.19405931089555,163.88118621791102,5.4494902158073835,0.29053572518052534,200,277.7167016674456,321.70526336087477,163.84371258682773,305.2522355463903,0,490.61851384133,263.5951371926849,784.3109162070796,525.3991684135193,7.740658648350869,7.357814351543649,0.3828442968072201
114,22800,rician,0.158804,ou,velocity,False,False,False,full,True,False,False,False,500.0,1606.022707387496,8.03011353693748,9.255331939303838,0.5532134337163593,8.783023697319509,175.66047394639017,5.6770765320190195,0.20550505311926826,200,316.3857269748356,313.53372984624997,129.4774497955544,252.1883545260996,0,278.42358714181444,268.038819703244,595.188579891882,311.9060696822322,7.914670546908022,7.365839172237736,0.5488313746702858
115,23000,rician,0.15800399999999998,ou,velocity,False,False,False,full,True,False,False,False,500.0,802.019480182213,4.010097400911065,8.205411763818212,3.0613506832983846,5.144061080519831,102.88122161039662,4.606838532108743,0.2847309848223813,200,188.5420532343909,203.78506237706088,144.7349071121549,143.98465127091524,0,699.9544946899289,606.1424337915012,145.27351781239022,467.47856774619373,7.843445026364523,7.360751357277133,0.4826936690873902
116,23200,rician,0.157204,ou,velocity,False,False,False,full,True,False,False,False,500.0,1727.6963577403837,8.638481788701919,9.47864397601253,0.33381644864033866,9.216130043257605,184.3226008651521,4.550765561856083,0.16089153221982996,200,246.31918867218684,255.50853720200203,13.568413112423597,223.9209316789587,0,209.98239814725338,372.1498654202999,560.5098602057235,201.00097314972237,7.873701371283424,7.370477171699673,0.5032241995837508
117,23400,rician,0.156404,ou,velocity,False,False,False,full,True,False,False,False,500.0,792.8241938255901,3.9641209691279506,8.66201164362435,2.5157407488748897,6.257464923384282,125.14929846768564,5.767992628858294,0.255731081077829,200,290.2648909704656,294.06178031012587,286.44946346678546,272.45949325393565,0,314.5066140714124,514.5927670623602,329.24814227563286,534.1569537961777,7.7779548494629624,7.345312850771777,0.43264199869118514
118,23600,rician,0.155604,ou,velocity,False,False,False,full,True,False,False,False,500.0,1348.271102892466,6.74135551446233,8.157482584980364,0.809176983725152,7.429150946897038,148.58301893794078,5.417066835785903,0.31070587535155936,200,328.98559547508586,276.90818046994093,276.8547630001947,270.4200010314592,0,765.7911593270122,457.87024517714553,675.3349117386076,436.0060354471352,7.7948381307926695,7.345918968644038,0.4489191621486315
119,23800,rician,0.154804,ou,velocity,False,False,False,full,True,False,False,False,500.0,1557.5348972002785,7.787674486001392,9.526868998003136,0.8502744000370464,8.676594597966083,173.5318919593217,6.4937414813793275,0.3043691388587467,200,366.032862071531,357.2225453887609,348.3056020850297,337.492958363471,0,101.79421727633849,535.7628110598324,971.5680996054062,815.6849028949878,7.7900961563086195,7.35003006437209,0.44006609193652935
120,24000,rician,0.15400399999999997,ou,velocity,False,False,False,full,True,False,False,False,500.0,1593.8920212874943,7.969460106437472,9.395260437237486,0.857221144680646,8.53803929255684,170.7607858511368,4.753038148205563,0.2416634476836771,200,299.7401558923066,212.7003453479513,240.15257994844032,147.88982120048317,0,220.93270393936984,169.08431768822493,630.5126822250015,581.5500426195847,7.808411802666616,7.370182890134467,0.438228912532149
121,24200,rician,0.153204,ou,velocity,False,False,False,full,True,False,False,False,500.0,1400.1189832119837,7.000594916059919,10.189994738355846,2.3905240508338,7.799470687522055,155.98941375044112,6.549366975371491,0.4303575456701219,200,378.18678042479337,348.43842746247327,374.2118497752095,329.86622017420115,0,317.06248532523676,337.5120956529144,163.30124941244839,354.6374118889081,7.878167541010461,7.373734725322201,0.5044328156882596
122,24400,rician,0.15240399999999998,ou,velocity,False,False,False,full,True,False,False,False,500.0,1641.7449925196654,8.208724962598327,9.472044597644182,0.6440312612041327,8.933584488473864,178.67168976947727,5.81987343663668,0.3260098105436191,200,309.75497668213046,339.20537451759975,243.9646380902304,308.18479311030137,0,364.22045116639106,297.98359844039305,588.3854737684571,115.94020732585112,7.912342681474594,7.389668623725349,0.5226740577492448
123,24600,rician,0.15160400000000002,ou,velocity,False,False,False,full,True,False,False,False,500.0,1406.4834746655356,7.032417373327678,8.290460443042173,0.5889733259861903,7.701487117055987,154.02974234111974,5.808204299391641,0.30648450609762223,200,327.03598079092967,324.8372317491763,245.51556595075786,288.509092374188,0,551.4892076994295,225.2449812217492,653.5985584787132,370.28349256659413,8.065515449532587,7.400665614071122,0.6648498354614647
124,24800,rician,0.150804,ou,velocity,False,False,False,full,True,False,False,False,500.0,1519.0310213421535,7.595155106710767,9.190749703804359,0.9817959170717544,8.208953786732605,164.17907573465214,4.714267873821174,0.2685850126086734,200,224.10775067806466,278.6792351395583,183.82811231739927,260.57356847333494,0,299.93295186239504,225.32114119677868,490.37258646507547,599.8109977489236,8.053062109260763,7.411519911927039,0.6415421973337239
125,25000,rician,0.150004,ou,velocity,False,False,False,full,True,False,False,False,500.0,1406.2382136198269,7.031191068099134,9.587907387229038,1.5278674399431944,8.060039947285842,161.20079894571685,6.308103213970923,0.2584174416726455,200,368.50886305225,316.66758167249026,363.0243719027885,293.07981191690686,0,300.6280720024783,438.2608116040007,518.4088388441825,683.4731499520899,8.06770818427529,7.418074260236047,0.649633924039243
126,25200,rician,0.149204,ou,velocity,False,False,False,full,True,False,False,False,500.0,1514.3899425556162,7.571949712778081,8.290146464471391,0.13921745292861976,8.150929011542772,163.01858023085543,5.081764287350908,0.2706598313443828,200,361.80721706678605,185.77742035425248,357.15178727060527,55.15702959393293,0,753.7429947964719,475.37191244380125,850.9714211370701,235.60788133173867,8.070008586666344,7.416679033372855,0.6533295532934886
127,25400,rician,0.14840399999999998,ou,velocity,False,False,False,full,True,False,False,False,500.0,1234.8130085509813,6.174065042754907,7.9755935384326575,1.1354916167766864,6.840101921655972,136.80203843311944,4.715629475461733,0.3589128425717354,200,280.22507191118854,220.36137080572297,240.24381670649888,150.5780982706658,0,722.1440129327871,386.02521676146296,852.4669472528927,1169.543542045082,7.985183247123208,7.419596670839773,0.5655865762834349
128,25600,rician,0.147604,ou,velocity,False,False,False,full,True,False,False,False,500.0,1277.4440202357537,6.387220101178769,8.673122907876598,1.5432460838657738,7.16183100091317,143.23662001826344,5.963846046473249,0.28954053805675356,200,377.1577786457196,282.17993978752804,370.38580255406765,244.98547459939877,0,373.4801457235574,303.7390949716071,767.9735838871628,977.3720679294503,7.874915228391113,7.408392970488198,0.46652225790291446
129,25800,rician,0.146804,ou,velocity,False,False,False,full,True,False,False,False,500.0,1450.3998227894724,7.251999113947362,8.701032535111624,0.9990541546343239,7.847361506422953,156.94723012845907,5.1721211773414995,0.22287873605266215,200,257.5202464629589,307.39018280999306,123.09078420999624,250.54077309981994,0,543.7389579287957,370.55256238140873,790.2727216778363,574.9421804297277,7.882850833939473,7.404543038918576,0.47830779502089715
130,26000,rician,0.146004,ou,velocity,False,False,False,full,True,False,False,False,500.0,769.6631541204638,3.8483157706023188,9.305636296848498,3.908772229054966,5.524212520469337,110.48425040938676,5.902791744549681,0.3339368475344963,200,364.9048761050014,152.11030847927574,354.94086340452543,66.67267713802687,0,167.55372847837683,117.3620750005345,86.58213517868249,353.20966306333173,7.779554195479305,7.373233997202769,0.40632019827653565
131,26200,rician,0.145204,ou,velocity,False,False,False,full,True,False,False,False,500.0,1363.1633079464743,6.815816539732372,9.766114755684315,1.264289004803075,8.501825750881236,170.03651501762474,6.718404552751106,0.4701249777153134,200,375.09615258881183,230.50782060984568,373.4320695081722,209.26763664112875,0,292.2404375236258,240.55454378316875,592.8163718564573,957.3104916398337,7.811492960241955,7.374357757463198,0.43713520277875695
132,26400,rician,0.14440399999999998,ou,velocity,False,False,False,full,True,False,False,False,500.0,1363.7020265735766,6.818510132867883,8.60101852761929,1.2629344178236195,7.424609257532492,148.49218515064985,5.264423334030262,0.2621728443261236,200,318.1176793098517,259.8271080415904,223.0308753638271,223.39438128889407,0,417.9272601617539,337.98311566357074,669.6357603975877,637.2591576775229,7.7196465444642515,7.3680899228828824,0.351556621581369
133,26600,rician,0.143604,ou,velocity,False,False,False,full,True,False,False,False,500.0,1196.5744237598049,5.982872118799024,8.201587063734644,1.1723879961572043,7.029199067577441,140.58398135154883,5.782434171871607,0.28204141519963744,200,306.5527032739202,315.79675600993687,202.34658246949417,293.0687406766933,0,731.2821004778441,449.73996780365985,784.3956168407068,904.461265066716,7.661403532298347,7.364799688702643,0.2966038435957037
134,26800,rician,0.142804,ou,velocity,False,False,False,full,True,False,False,False,500.0,1058.743800595697,5.293719002978484,8.367750608517316,3.8925139089051872,5.955974257790685,119.11948515581369,5.611811398650844,0.18338249485474079,200,338.14042860005213,292.2724639164753,288.36730962917517,206.4653311944948,0,485.0963896855846,219.57147975803045,870.6173091556819,647.1306678002372,7.520051060321904,7.349048437596326,0.1710026227255783
135,27000,rician,0.142004,ou,velocity,False,False,False,full,True,False,False,False,500.0,1323.545133318606,6.617725666593031,8.680516912262982,1.7039761025313767,7.310841478440118,146.21682956880235,5.722057826557801,0.1853676335606724,200,342.4297830518537,293.19411240969373,91.40377637217073,250.4447961934496,0,481.59575917777005,268.9627958058324,241.48423382346135,182.04453696974605,7.628390080217919,7.385203152051864,0.2431869281660548
136,27200,rician,0.141204,ou,velocity,False,False,False,full,True,False,False,False,500.0,1384.5679967891317,6.922839983945659,8.644475677642259,1.0938690449954738,7.5506066326467804,151.0121326529356,4.741956750820304,0.25529326546005904,200,301.16546973821056,226.06158015483382,138.77494366058693,181.54478482128422,0,471.6608785378657,347.74398451545176,477.4776153768593,455.91433633325465,7.545113909687378,7.367690334114419,0.1774235755729583
137,27400,rician,0.14040399999999997,ou,velocity,False,False,False,full,True,False,False,False,500.0,1483.2334454413171,7.416167227206586,8.74799593050367,1.0622261196878289,8.03206529112195,160.64130582243902,5.357747785518511,0.14297696178080513,200,301.96592149215655,287.51133937259385,113.8405059605066,241.68661137125827,0,378.5493533966272,155.7627853246836,677.8519685857391,305.469345812825,7.633843928074261,7.369438358916177,0.26440556915808333
138,27600,rician,0.139604,ou,velocity,False,False,False,full,True,False,False,False,500.0,1463.6921537212863,7.318460768606432,8.532786151211699,0.6185499244603381,7.914236226751358,158.28472453502718,5.183196644667698,0.2816363353212364,200,360.29789219009047,202.96413606433993,337.4332149360448,180.39839945226566,0,374.53585133302136,66.8525427384893,367.04343375545557,346.27721577908227,7.658098192066977,7.382382074147842,0.275716117919135
139,27800,rician,0.13880399999999998,ou,velocity,False,False,False,full,True,False,False,False,500.0,1336.0426181862038,6.6802130909310184,8.568148224222435,0.4993278188105933,8.06882040541184,161.3764081082368,5.067885414210258,0.36020833243150263,200,265.1208663673164,245.25825735213428,221.7778774662154,225.1963862638711,0,443.15848335362006,204.43682257270598,571.9089933532838,464.47540177516413,7.627709482439263,7.373434535539158,0.25427494690010466
140,28000,rician,0.138004,ou,velocity,False,False,False,full,True,False,False,False,500.0,1303.6774648000767,6.518387324000384,7.9135396349425005,1.0706194881363704,7.065060205852929,141.3012041170586,4.75745216355861,0.1735113514540717,200,284.327642545231,236.30013496167953,274.7222612868504,176.0367045489536,0,879.0640269140339,399.7495060624141,1178.3812479824182,632.335272175758,7.554060528104069,7.363933021509328,0.19012750659474076
141,28200,rician,0.137204,ou,velocity,False,False,False,full,True,False,False,False,500.0,1360.89996487611,6.80449982438055,8.894333262651505,1.9921685811184546,7.504061150860089,150.08122301720178,6.074165021546236,0.16828033726429567,200,334.23733021023617,339.05039007838116,314.42926448554516,310.60203261836705,0,522.5616351545893,107.28104225994078,792.972142834815,211.85426869689536,7.53929005127097,7.358810528850544,0.1804795224204261
142,28400,rician,0.13640399999999997,ou,velocity,False,False,False,full,True,False,False,False,500.0,1649.1491324573608,8.245745662286804,9.134217907302716,0.1375323451245336,9.026371379749701,180.527427594994,6.299858193597805,0.39240305015817284,200,336.18192656168037,359.88271191665723,268.5301519191565,355.41786387498036,0,212.9896603878766,161.82161176569224,535.2497435448134,211.43047415573625,7.543929395834762,7.372513078525267,0.17141631730949491
143,28600,rician,0.135604,ou,velocity,False,False,False,full,True,False,False,False,500.0,1774.534660697055,8.872673303485275,9.931224181210508,0.4566768908550064,9.54880890866338,190.9761781732676,5.864696186771969,0.27617509990930555,200,303.35311800034555,354.7297527606349,139.5275451583716,345.84723629905284,0,132.88551590238217,302.55877472524395,432.9848269088644,198.25223642528562,7.636295485415131,7.414310469936621,0.22198501547851013
144,28800,rician,0.13480399999999998,ou,velocity,False,False,False,full,True,False,False,False,500.0,1351.7384182186402,6.7586920910932005,8.76847079404327,0.7628050070022322,8.005665787041035,160.11331574082072,5.42518559727115,0.3018648342322558,200,222.11092236727544,262.8755071851927,182.65015810210366,147.74052032736236,0,435.4288777166441,617.0096288396537,865.9844063708485,701.932534267655,7.626131085430553,7.436819679285358,0.1893114061451957
145,29000,rician,0.13400399999999998,ou,velocity,False,False,False,full,True,False,False,False,500.0,1166.982797360005,5.834913986800025,8.956310018678364,2.4110209215522973,6.596575010756636,131.9315002151327,6.596425776313937,0.3164009371749125,200,377.03152803208195,355.83714070926385,373.17129935897907,337.9120001111859,0,388.710420283621,223.25918769779523,284.83059375490717,500.4833358301994,7.552957838604094,7.408690205458746,0.14426763314534785
146,29200,rician,0.133204,ou,velocity,False,False,False,full,True,False,False,False,500.0,1179.1902065568675,5.895951032784337,8.794716420639187,3.13440174406393,6.570369383260745,131.4073876652149,5.846053676337281,0.08289441383909434,200,307.2798636468092,344.15350719656425,240.67986571778354,339.2312431282687,0,373.4043359439182,302.480846497504,730.3383501031735,431.88035911720834,7.473929857189992,7.407050136015082,0.06687972117491015
147,29400,rician,0.13240400000000002,ou,velocity,False,False,False,full,True,False,False,False,500.0,653.2979592903914,3.2664897964519573,8.36512819605469,5.717324390976731,4.448394560803316,88.96789121606635,4.741643570685561,0.16016007370548324,200,223.3777023782001,257.2257338889489,189.7745802103858,224.1298282096943,0,513.4661373625936,520.5905851552176,269.7031322411827,446.61381128576176,7.354344489147358,7.3684847078210245,0.014140218673666105
148,29600,rician,0.131604,ou,velocity,False,False,False,full,True,False,False,False,500.0,938.2918754214434,4.691459377107217,8.570672647014643,3.2024075262939267,5.443986705408145,108.8797341081629,5.435903446629149,0.28845173318288286,200,297.91218855112163,296.87680217962713,258.4379141408381,278.46184289619225,0,481.6236056206203,190.37316352338297,142.38404596651105,394.163246400178,7.268452274372109,7.345049607829826,0.07659733345771702
149,29800,rician,0.130804,ou,velocity,False,False,False,full,True,False,False,False,500.0,1233.7995760493507,6.168997880246753,8.028702366718957,0.8302344401948902,7.1984679265240725,143.96935853048146,5.807401514840587,0.3793356598960236,200,334.8782840774186,270.19930599949987,319.2146099218268,122.36451094343087,0,770.0047918392368,514.3850913966487,469.87598217917645,408.69420485178983,7.236007595377164,7.365600427042941,0.12959283166577684
150,30000,rician,0.130004,ou,velocity,False,False,False,full,True,False,False,False,500.0,889.194742993027,4.4459737149651355,9.386770395510379,3.605409226489833,5.781361169020552,115.62722338041105,6.526866887359947,0.44919094258919356,200,365.33297792235203,315.8829624751341,362.71394757519806,293.8336114881135,0,424.6086105221966,340.1027721020165,186.99280767923625,998.9446046183062,7.248865027804726,7.353809450282046,0.10494442247732039
151,30200,rician,0.12920399999999999,ou,velocity,False,False,False,full,True,False,False,False,500.0,1634.7807864542647,8.173903932271323,9.092772930023896,0.30208271441842355,8.917037842845152,178.34075685690308,4.715484035593902,0.19686014936305582,200,277.64487509672057,240.8061120243613,200.3439273445798,144.8573988521893,0,146.9912546455245,633.7581039229839,534.1447878768583,101.86809113132435,7.2696256324029225,7.352645711665146,0.08302007926222377
152,30400,rician,0.12840400000000002,ou,velocity,False,False,False,full,True,False,False,False,500.0,1038.599763013326,5.19299881506663,8.851252917337794,4.049869743772856,5.893058941268963,117.86117882537926,5.83987076814157,0.16256276303902267,200,286.3925372437981,359.0280436652449,256.34656214944664,313.9724254028731,0,589.2798575179195,217.23679834291647,784.8394093383879,669.6032600066234,7.193048116589746,7.315357509096268,0.12230939250652195
153,30600,rician,0.127604,ou,velocity,False,False,False,full,True,False,False,False,500.0,1623.9094245690603,8.119547122845301,9.558013595676275,0.6361265137104373,8.921887081965824,178.4377416393165,5.909903723904927,0.3899933027755469,200,340.39503688410963,306.5229907443611,208.52143612523884,226.8125368401917,0,343.081996614915,345.50530549894535,586.0233974337505,606.4078401027637,7.287682517309165,7.338346218952579,0.050663701643414605
154,30800,rician,0.126804,ou,velocity,False,False,False,full,True,False,False,False,500.0,1498.3198228491194,7.491599114245597,9.330761132508117,1.0861545431343451,8.244606589373767,164.89213178747534,6.264879817911236,0.43734821209684016,200,348.9367896078346,344.1228469012771,292.1169136583356,311.7786633944298,0,114.05044047979028,263.6088865047962,311.0439630598849,448.38300775609014,7.402114133888318,7.346199001222573,0.05591513266574566
155,31000,rician,0.126004,ou,velocity,False,False,False,full,True,False,False,False,500.0,1393.1029097262683,6.965514548631342,9.722391789881447,2.421186344826163,7.5997825180605485,151.99565036121098,5.481622153915595,0.09627563338726759,200,279.8560501817519,334.4181559279928,172.36605908634053,310.5629976608544,0,330.9387537445612,133.71005906805598,625.9046495418193,408.77484627925907,7.416561185869339,7.359574923932961,0.05698626193637857
156,31200,rician,0.12520399999999998,ou,velocity,False,False,False,full,True,False,False,False,500.0,1289.883637102747,6.449418185513735,8.385499972107752,1.256715012679067,7.128784959428691,142.57569918857382,5.179202133763053,0.37451560992747546,200,293.449097409231,276.0812089696222,180.50095092777778,245.9178737132332,0,557.3952598394884,279.23979364213403,462.42140866995425,706.5796057117872,7.395470102208435,7.391565641301494,0.0039044609069414093
157,31400,rician,0.12440399999999999,ou,velocity,False,False,False,full,True,False,False,False,500.0,994.2561299242197,4.971280649621098,8.818081190943708,5.087736973819679,5.923089413673238,118.46178827346475,5.989187728326928,0.1556933798082173,200,318.93465625641375,345.67038504747427,156.34033665499393,334.3628465678779,0,306.78531818122855,317.56153671164134,377.3634870663162,177.97701475548544,7.290021308335999,7.375242089237966,0.08522078090196761
158,31600,rician,0.12360399999999999,ou,velocity,False,False,False,full,True,False,False,False,500.0,1177.371840600731,5.886859203003655,8.973032716058341,2.196046431534155,7.269962352122634,145.39924704245266,6.498345537959323,0.3782483161240816,200,357.4505730043584,344.6858353320144,341.873078217081,309.7533783644665,0,257.35854494727863,134.80483935477045,654.714256535475,753.0441540253076,7.257807614604563,7.374422293723485,0.11661467911892132
159,31800,rician,0.122804,ou,velocity,False,False,False,full,True,False,False,False,500.0,1535.0004371750165,7.6750021858750825,8.627841655526554,0.1798346684803368,8.448006987046213,168.96013974092426,6.645261427902787,0.4552856273576617,200,369.79245958917744,366.1747488890663,287.61087532843544,318.0203125589011,0,443.91233395545464,221.9519775638088,302.9156313742106,95.27833450663063,7.2767669436862805,7.3937862644724195,0.11701932078613897
160,32000,rician,0.122004,ou,velocity,False,False,False,full,True,False,False,False,500.0,1345.034162519752,6.72517081259876,8.294754421616185,0.9855493852038633,7.418311057800192,148.36622115600386,5.955088857742765,0.3293330055847764,200,321.7944184629983,337.4266677199179,286.24087707731877,336.43961753670635,0,534.5111757665794,116.85857435220007,933.131810533645,700.2859446226557,7.294429486283645,7.3873058563705545,0.09287637008690908
161,32200,rician,0.121204,ou,velocity,False,False,False,full,True,False,False,False,500.0,1496.016719275596,7.4800835963779795,8.606704240105204,0.297029155808488,8.309675084296721,166.19350168593442,6.489803660429938,0.45209287110716107,200,368.56969457161154,350.88582344721823,346.5133745607782,330.97234330727235,0,330.25824542773984,279.804936443532,478.98144916946137,110.83059188487158,7.334710182955476,7.387877456800714,0.05316727384523823
162,32400,rician,0.12040399999999998,ou,velocity,False,False,False,full,True,False,False,False,500.0,1482.1658861759686,7.410829430879843,8.926507758334761,1.0336422815176878,8.18465061874565,163.69301237491297,6.063901954199524,0.32166314859874545,200,315.48806725140656,352.385210372408,187.31379662489087,323.48813001099523,0,330.46707858836777,286.61545447628373,350.15448412880926,179.8369914067333,7.292624144905273,7.409053601166681,0.11642945626140833
163,32600,rician,0.11960399999999999,ou,velocity,False,False,False,full,True,False,False,False,500.0,1593.9822791696652,7.969911395848325,9.074090779820155,0.3871570658851645,8.73092321018314,174.61846420366285,6.459294150497189,0.3536040552938357,200,373.21753282746886,344.3149285365787,350.60679752070257,286.09375494570537,0,284.34433887734315,157.7309821594521,308.16535120753184,300.7191353415887,7.251729859981262,7.421443071353196,0.16971321137193396
164,32800,rician,0.11880399999999999,ou,velocity,False,False,False,full,True,False,False,False,500.0,1415.6885644444212,7.078442822222106,8.479419580209067,0.5530328779740646,7.926386702235,158.5277340447,6.387460856058497,0.482015443071723,200,358.7180387025597,346.81104290338794,345.9296694877308,332.64574174484363,0,675.6988020518169,272.04180648478916,907.5271611993846,793.2326124099459,7.24776590574096,7.433875443460807,0.1861095377198474
165,33000,rician,0.118004,ou,velocity,False,False,False,full,True,False,False,False,500.0,1327.5453331552146,6.637726665776073,8.218033814248157,0.174778062617218,8.043255751630944,160.86511503261892,5.797460931780263,0.4789301075786352,200,328.9987121497445,194.03811614592794,312.1046366484097,150.63510526654298,0,726.679988777312,227.18784864587224,1007.8193477642646,507.14935730347275,7.320099942784675,7.476258972880126,0.15615903009545118
166,33200,rician,0.117204,ou,velocity,False,False,False,full,True,False,False,False,500.0,1354.0637145249177,6.770318572624588,8.269756120449461,0.6589009435531399,7.610855176896325,152.21710353792653,6.74467995732844,0.42064627080224454,200,373.824457572289,367.4789002457229,365.2011808752904,354.5842145602519,0,493.1249370985954,238.91931631139812,928.8651613494168,957.4285774866896,7.372124232466454,7.474778233547068,0.10265400108061318
167,33400,rician,0.11640399999999998,ou,velocity,False,False,False,full,True,False,False,False,500.0,1489.5761748360208,7.447880874180104,9.772758533944042,1.7264091914098838,8.046349342534157,160.92698685068316,5.2151226783417926,0.2605858405609615,200,279.02641810488643,289.9064630173308,165.31083398079906,209.59722706075584,0,283.4030260589206,197.30504293246562,375.9113543463951,704.3630941027991,7.552021971552998,7.510469072800662,0.04155289875233592
168,33600,rician,0.11560399999999998,ou,velocity,False,False,False,full,True,False,False,False,500.0,1515.4964486765068,7.577482243382534,8.724981591478905,0.39376865626627894,8.331212935212617,166.62425870425236,6.48682881859488,0.46374153926968575,200,363.098539545011,356.1940699406299,348.512855725763,315.3599616704643,0,580.6141179473944,430.90152205756624,531.0781899720649,482.2748436333028,7.69638328304322,7.524421944244605,0.17196133879861453
169,33800,rician,0.11480399999999999,ou,velocity,False,False,False,full,True,False,False,False,500.0,1375.8256360913906,6.879128180456953,8.58473024538315,0.7913147783565735,7.79341546702658,155.8683093405316,6.646196292109855,0.2998039314057678,200,362.7009824741229,362.18438334353755,338.851134188994,349.6786600066928,0,447.5738937990142,129.45676168021313,877.6936492066775,810.3759280155883,7.726130660068348,7.532381328998091,0.19374933107025694
170,34000,rician,0.114004,ou,velocity,False,False,False,full,True,False,False,False,500.0,931.417509193903,4.657087545969515,8.787383358387757,3.0486745457611644,5.738708812626597,114.77417625253196,4.782995656678557,0.41106624496169386,200,198.38566917721985,226.22168024824376,49.20903471778978,158.7609665669547,0,438.78585106740053,509.0959205849323,146.17009606560325,483.5261364093753,7.723998042248648,7.526887926967101,0.19711011528154732
171,34200,rician,0.113204,ou,velocity,False,False,False,full,True,False,False,False,500.0,1291.2666102066846,6.456333051033423,7.855544900847785,0.2686497219814006,7.586895178866389,151.73790357732778,6.280883706695989,0.36748771330807356,200,361.91799848768295,303.57598270775634,312.3202922162,288.10975362856436,0,914.6386203979595,391.74523439041945,687.9681509820715,349.4833768064637,7.65749090904971,7.537697021305365,0.11979388774434518
172,34400,rician,0.11240399999999998,ou,velocity,False,False,False,full,True,False,False,False,500.0,1154.818490348588,5.77409245174294,9.007721492104263,2.5641277825818425,6.7367483082815385,134.7349661656308,5.218089835351759,0.19204160772729664,200,257.106490138244,330.6609398069002,129.84435808853266,246.13325566882403,0,366.4900255723524,540.8272372949278,542.3698636883919,656.3342064325553,7.699675377400338,7.520724101392049,0.17895127600828875
173,34600,rician,0.11160399999999998,ou,velocity,False,False,False,full,True,False,False,False,500.0,1508.0962248869453,7.540481124434726,8.779197194836486,0.5706281225079812,8.248398306596743,164.96796613193484,6.132553223752812,0.4136712242849171,200,349.2814838293944,335.31846444248106,331.52094930057916,302.9552272812801,0,422.30599675754377,62.703174800664975,580.4502540698519,269.5026367261551,7.666000938631885,7.518053955764007,0.14794698286787789
174,34800,rician,0.11080399999999999,ou,velocity,False,False,False,full,True,False,False,False,500.0,1299.2019320226634,6.496009660113317,9.384827248215187,1.2626919860882457,8.122135262126939,162.4427052425388,6.364820590176208,0.48209847571328285,200,344.36495639214246,201.00554958920833,267.2988957615173,50.78763794233291,0,315.38770489531294,233.43026598895617,417.209726561041,728.115316101223,7.659877372269543,7.5298438233667015,0.13003354890284147
175,35000,rician,0.11000399999999999,ou,velocity,False,False,False,full,True,False,False,False,500.0,1649.7068755718851,8.248534377859425,9.320068224367809,0.3222903780168876,8.997777846350916,179.95555692701834,6.463833469129107,0.4626101897843182,200,360.6907361346074,354.3823304485633,316.2214154425248,306.0570199329022,0,375.79267831000567,293.535730665572,871.5148236301067,697.351669320614,7.729777138684062,7.531772468775077,0.19800466990898524
176,35200,rician,0.109204,ou,velocity,False,False,False,full,True,False,False,False,500.0,1447.811253022681,7.239056265113406,8.719095141493383,0.7911161907309066,7.927978950762477,158.55957901524954,5.891612726188113,0.4623570736497641,200,320.87016876085374,329.4262767841103,253.53455432443343,271.58326805748237,0,541.0790503015515,471.1879936411289,410.4718645743404,335.75194471603953,7.769736838250751,7.528699334322836,0.2410375039279149
177,35400,rician,0.10840399999999997,ou,velocity,False,False,False,full,True,False,False,False,500.0,1551.4660703823042,7.757330351911521,9.034672645853911,0.5538418174463514,8.480830828407557,169.6166165681512,6.17991069204733,0.40764171072049066,200,361.7674283574762,327.16168869296143,309.3998050427601,319.1229774171353,0,485.59734379079345,76.58863137098028,264.01122269027553,229.71346534082073,7.897623908987467,7.529582539727029,0.36804136926043807
178,35600,rician,0.107604,ou,velocity,False,False,False,full,True,False,False,False,500.0,1623.93155157554,8.1196577578777,8.867393503938711,0.2099247998169759,8.693997601546943,173.87995203093885,4.9939774614453265,0.2451620590221137,200,363.3048924854923,161.86322698538154,338.14518777220263,72.80673744633714,0,313.4234089433822,327.9103762964588,986.9136781884357,121.57777757612239,7.968825671458683,7.530796878408584,0.43802879305009945
179,35800,rician,0.10680400000000001,ou,velocity,False,False,False,full,True,False,False,False,500.0,1482.9632934063088,7.414816467031544,8.845711564792179,0.6893543480971436,8.156357216695037,163.1271443339008,6.337866382132432,0.42241041976958515,200,343.70528029965556,362.6156859247294,239.7395424104796,348.3055530320011,0,576.4466748051558,257.72830639741704,571.9456431777523,579.8462726718911,7.954243182941123,7.538476760413297,0.4157664225278257
180,36000,rician,0.10600400000000001,ou,velocity,False,False,False,full,True,False,False,False,500.0,1414.1155640704353,7.0705778203521765,8.286085845686484,0.470306198530878,7.815779647155605,156.3155929431121,6.447758082924041,0.4751267053931951,200,372.61900223032853,340.9848722802402,296.20985640655596,315.58160164442563,0,734.2185903076582,357.9273480116482,630.7100349006473,351.6495228194227,7.974116612408894,7.532441908529731,0.44167470387916286
181,36200,rician,0.10520399999999999,ou,velocity,False,False,False,full,True,False,False,False,500.0,1266.0581155440866,6.330290577720433,8.570003623124453,0.5275513755791277,8.042452247545324,160.8490449509065,6.315768411227342,0.4235772309731692,200,368.267517171473,165.9752193094621,319.4191037865449,87.76199060189472,0,558.5514674086377,166.6577963656229,709.1224981905801,604.9005562609311,7.960755470571324,7.526406307971002,0.43434916260032175
182,36400,rician,0.104404,ou,velocity,False,False,False,full,True,False,False,False,500.0,417.0435548487094,2.085217774243547,7.958950023211693,6.817329367545814,3.5927812070698653,71.85562414139731,5.819283251694377,0.09809424317441881,200,180.1509814236585,324.1957362452171,103.1363165506891,313.4667698749486,0,790.0366766104054,600.8713590126872,800.2807161286468,818.0308370671246,7.731161999987535,7.49029612711202,0.24086587287551442
183,36600,rician,0.103604,ou,velocity,False,False,False,full,True,False,False,False,500.0,1538.9080685739088,7.694540342869544,10.046439601264689,1.70464094687811,8.341798654386583,166.8359730877317,5.6315898102844155,0.24045024086255581,200,368.2798595046543,256.71718716112116,354.7796834501773,227.81986065887838,0,67.15852126396632,222.4847319393317,414.7015633892667,404.5746803472586,7.711705772197708,7.493219926133744,0.21848584606396404
184,36800,rician,0.102804,ou,velocity,False,False,False,full,True,False,False,False,500.0,878.9026458181163,4.394513229090581,8.058675954237678,1.4845950441413989,6.607923523904729,132.15847047809459,5.698194874650973,0.3810313176969066,200,270.7178738477745,215.8622460312829,265.1547113284643,145.57097260105596,0,629.0717147116698,550.4788020260953,690.6653683641262,1043.0818158085726,7.6457826132811935,7.490544239900445,0.1552383733807483
185,37000,rician,0.10200400000000001,ou,velocity,False,False,False,full,True,False,False,False,500.0,1035.25467961932,5.1762733980966,8.17913577055211,2.2256967039981803,5.971874403249961,119.43748806499923,5.896298500221668,0.35226281292270867,200,380.01363378605373,255.92959768988985,378.8736996523364,173.02872279539736,0,643.6422507459902,463.8605020797684,303.6690386816096,738.4616869880631,7.542213545862145,7.529686425371648,0.01252712049049709
186,37200,rician,0.10120399999999999,ou,velocity,False,False,False,full,True,False,False,False,500.0,1444.5355341118125,7.2226776705590625,8.946732944758068,0.2828412029975941,8.663891741760473,173.2778348352095,6.666312086606496,0.37166270924033595,200,366.00839587795787,307.22473842968594,349.1194987467727,287.8659106561309,0,594.2680475797756,493.45368398743545,518.5815800607105,389.803368840364,7.594865374105352,7.531075781295778,0.06378959280957375
187,37400,rician,0.100404,ou,velocity,False,False,False,full,True,False,False,False,500.0,1251.6517147541026,6.258258573770513,9.211331712499401,2.6631562240092346,6.925375122772948,138.50750245545896,5.167451275956677,0.19098859849385919,200,354.38298063502384,204.0196514580601,344.91991996818376,71.88098813349181,0,510.45435048891653,496.2438240647806,266.0976048142099,388.1367221860934,7.538816663117291,7.52164926545054,0.017167397666750794
188,37600,rician,0.099604,ou,velocity,False,False,False,full,True,False,False,False,500.0,970.3843431638521,4.851921715819261,8.197943166126192,2.1426159246953134,6.119017252165338,122.38034504330676,6.337811297746645,0.38238666355144235,200,340.28999946142176,293.96941133231684,259.93599657822625,157.41403014441553,0,547.0643230365615,151.20004373930638,306.1617908015759,778.5522295037055,7.428206878964927,7.495252715874305,0.06704583690937849
189,37800,rician,0.098804,ou,velocity,False,False,False,full,True,False,False,False,500.0,1268.151541362683,6.340757706813415,8.51365438363832,0.8064157877777646,7.707238595860563,154.14477191721127,6.725116128714862,0.38983415049966424,200,372.0694961748708,307.9248592014492,363.9244705371851,276.012049775878,0,353.7560013537724,132.9819894759064,722.2883593054246,762.8974220194823,7.423898035406627,7.493410332578735,0.06951229717210783
190,38000,rician,0.09800399999999998,ou,velocity,False,False,False,full,True,False,False,False,500.0,1374.9193623613044,6.874596811806522,8.807097334465102,1.1063586235483671,7.821696613206283,156.43393226412567,6.743303891689719,0.251765055488795,200,357.13681793757416,373.04269615504677,351.0460614326972,356.8558313442324,0,383.982883729362,504.2496509147642,748.3526138761353,662.9524679154936,7.528047425435611,7.544411366104323,0.01636394066871194
191,38200,rician,0.09720399999999998,ou,velocity,False,False,False,full,True,False,False,False,500.0,1753.710242850793,8.768551214253966,9.666985131314263,0.19241271757840556,9.474572413735858,189.4914482747172,5.755136206113711,0.44080119949765506,200,260.63892024154524,378.7537128301001,172.6771757229221,375.46398930067824,0,116.68348237479016,414.7313749305059,450.2317287196391,79.74259403381262,7.622431287179085,7.5562040965777815,0.06622719060130322
192,38400,rician,0.09640399999999999,ou,velocity,False,False,False,full,True,False,False,False,500.0,1535.9362425002305,7.679681212501152,9.232007863939955,0.8244751013882142,8.44837046080912,168.9674092161824,6.034163845653004,0.3586798108741641,200,369.84956420048763,291.0482768178829,361.53852776922304,251.38873603094387,0,105.50221676912388,277.4101978322674,829.9817103911549,819.3609502905574,7.708012394805463,7.585993559216616,0.12201883558884674
193,38600,rician,0.095604,ou,velocity,False,False,False,full,True,False,False,False,500.0,1110.0234795953904,5.550117397976952,7.448110333505434,0.7686985623980953,6.679411771107345,133.5882354221469,5.284880238854812,0.39985923131462187,200,288.5873394625139,197.70788352140585,191.0535083066195,123.02245848299187,0,1225.9318223231435,687.8728326774711,875.4954616488769,859.2312365070793,7.629563068030994,7.59706174092425,0.03250132710674425
194,38800,rician,0.094804,ou,velocity,False,False,False,full,True,False,False,False,500.0,170.22658426711962,0.8511329213355981,8.423454199394559,7.940522223367104,1.9927209981985423,39.85441996397085,6.7067548226054,0.3938846652582288,200,378.4410246502702,345.60169930099784,377.9658450443605,331.5204873304065,0,508.5473867047394,87.74110409045474,66.29887903495703,918.7740392324406,7.323092354834573,7.563961093644472,0.24086873880989845
195,39000,rician,0.09400399999999998,ou,velocity,False,False,False,full,True,False,False,False,500.0,1531.5867223052592,7.657933611526296,9.228914387567347,0.40147089507999195,8.827443492487356,176.54886984974712,6.559549686581415,0.47861868254840373,200,374.43723323856966,311.96211156691845,372.62193342440594,269.5079706919896,0,476.5335501755957,312.32127254624976,534.3172927473194,471.9586572614051,7.314575637141395,7.586549813655447,0.27197417651405154
196,39200,rician,0.09320399999999998,ou,velocity,False,False,False,full,True,False,False,False,500.0,1676.283220486701,8.381416102433505,10.607979724835069,1.4597920912401112,9.14818763359496,182.9637526718992,6.6423309173928535,0.3133405958698131,200,378.40792487971726,358.55775556886084,375.8804533043631,328.48219411667964,0,163.24400745280394,129.91481828579677,83.48957064838606,266.64687634075887,7.37558607128302,7.591921658542601,0.21633558725958135
197,39400,rician,0.09240399999999999,ou,velocity,False,False,False,full,True,False,False,False,500.0,1004.076061440713,5.020380307203565,8.442316657306266,1.077388825452758,7.3649278318535005,147.29855663707002,6.656587639932507,0.38615824450040237,200,215.94063752911208,289.2286814837429,92.51930704067674,271.3059528805276,0,479.7029427392806,641.3443968578682,300.1430371162125,383.4582305663099,7.319790921455317,7.583846983263201,0.2640560618078842
198,39600,rician,0.09160399999999999,ou,velocity,False,False,False,full,True,False,False,False,500.0,873.326348949253,4.366631744746265,9.376871686970361,5.4819071193015825,5.168904686193772,103.37809372387547,5.3325940776568315,0.07749282178469002,200,273.66285949813056,311.3935379994204,181.01512496916118,277.44187954874735,0,280.95219989761205,426.22191756632753,471.8769925298616,814.9633010933404,7.143536275687659,7.56462117692211,0.4210849012344511
199,39800,rician,0.090804,ou,velocity,False,False,False,full,True,False,False,False,500.0,1072.8064676260362,5.3640323381301815,8.800046347467749,3.1236796049529483,6.156858013363899,123.13716026727799,6.777533979393346,0.24503052193671465,200,370.8053444563798,378.6699364165674,305.53347043807577,372.7292768120639,0,456.4460093980032,258.79917456312313,143.39166848723195,251.1536366626996,7.0435613155211,7.538475416179279,0.4949141006581783
200,40000,rician,0.09000399999999997,ou,velocity,False,False,False,full,True,False,False,False,500.0,1288.1760107157309,6.440880053578654,8.44828651657042,0.36791510700169316,8.080371409568722,161.60742819137442,6.876139866739168,0.4811936003342271,200,379.55471809307204,264.2445792012316,378.84685993154704,231.4567433338423,0,708.6718570476849,326.351244083094,672.4503308699086,412.3433609629311,7.056790903641757,7.537561866620996,0.48077096297923827
201,40200,rician,0.08920399999999998,ou,velocity,False,False,False,full,True,False,False,False,500.0,1439.805913528979,7.199029567644896,8.086069134162846,0.11441731252030517,7.971651821642532,159.43303643285066,6.644601563365833,0.26759652523323896,200,369.62273118344285,367.1925828059126,328.7014733166183,323.4357154776592,0,852.7217674182823,382.7960213095568,824.9145120704061,67.00375402118993,7.053250882346617,7.5532348256309705,0.49998394328435314
202,40400,rician,0.08840399999999998,ou,velocity,False,False,False,full,True,False,False,False,500.0,1333.3196539372934,6.666598269686467,8.407393052061401,0.49996994555171687,7.907423106509684,158.14846213019368,6.723025375964371,0.4376923757512122,200,370.5881638933847,309.07307997722273,302.2532073163823,176.2389497631966,0,742.1252610312371,438.58969883118704,454.99041480749736,383.8821187376389,7.268982977318609,7.549808239904155,0.2808252625855454
203,40600,rician,0.08760399999999999,ou,velocity,False,False,False,full,True,False,False,False,500.0,1033.5258087557363,5.167629043778682,7.837753181597036,1.4217851473673138,6.415968034229718,128.3193606845944,6.596253719602031,0.44325531588634476,200,365.6983221592019,340.8845918171048,251.98626316751486,175.4623582789327,0,951.50030582647,455.7534204379098,478.51740035318875,882.9376850666496,7.172691446310765,7.5675876026874915,0.3948961563767268
204,40800,rician,0.08680399999999999,ou,velocity,False,False,False,full,True,False,False,False,500.0,842.6551046728011,4.213275523364006,8.674217404749978,2.9512706884109017,5.781495897247931,115.62991794495862,6.628655658421848,0.20650791444582864,200,376.16928625814927,161.9017024462014,369.61240209647866,115.19039911174842,0,305.23347602402794,211.4732565542148,209.8952943684636,424.1843882081171,7.131370064977927,7.54082235573828,0.4094522907603535
205,41000,rician,0.08600399999999997,ou,velocity,False,False,False,full,True,False,False,False,500.0,1476.1749835451571,7.3808749177257855,9.557389232023777,1.1795399727283111,8.377849259295465,167.5569851859093,5.725195350003687,0.3431481632264331,200,320.0150300063224,251.81187686111502,296.01716880467484,156.61656330975333,0,87.51148041587234,507.2503961171808,345.0206982524418,384.716413964452,7.2516688077802005,7.546929663861281,0.29526085608108055
206,41200,rician,0.08520399999999997,ou,velocity,False,False,False,full,True,False,False,False,500.0,1174.653201366494,5.87326600683247,8.64022170567714,2.163314638900976,7.368556662918301,147.37113325836603,5.133595476385585,0.1558293525245972,200,329.7473010734873,138.47703957764526,323.6177139555652,35.68357660160526,0,612.6200886208061,480.4157396126997,775.5878033284228,135.1676761081597,7.186902053838094,7.539566020853247,0.352663967015153
207,41400,rician,0.08440399999999998,ou,velocity,False,False,False,full,True,False,False,False,500.0,1761.9444991286562,8.80972249564328,9.895219886072779,0.3938739060742816,9.501345979998499,190.02691959996997,5.899576875657107,0.3962293401127681,200,367.8213694325893,270.94682169617033,360.69320047401766,231.79170066154938,0,138.22916540109938,307.7831168775092,442.8544544234133,356.67614708599996,7.31570059669937,7.549213393528046,0.2335127968286761
208,41600,rician,0.08360399999999998,ou,velocity,False,False,False,full,True,False,False,False,500.0,976.9220577194557,4.884610288597278,7.2253671946173945,0.2903407345021605,6.93502646011523,138.7005292023046,6.714434973349631,0.48405059561133384,200,148.13057537076673,328.6003183872124,142.21404733521192,265.79071620617555,0,1399.6534231031692,708.8723439378913,812.5394142179667,610.4406151110034,7.356501057096864,7.524891744373646,0.16839068727678175
209,41800,rician,0.08280399999999999,ou,velocity,False,False,False,full,True,False,False,False,500.0,556.3226959160288,2.781613479580144,7.759965513570182,3.0918446711851395,4.763610657311509,95.27221314623019,6.677600286537172,0.3743807673896663,200,336.8752038136888,246.4096436959548,293.04092814094224,139.91238205869368,0,999.5661892910176,480.8669318890552,207.70723985188505,735.0298117686152,7.209319660169411,7.495641356992204,0.2863216968227924
210,42000,rician,0.082004,ou,velocity,False,False,False,full,True,False,False,False,500.0,1697.5661343782497,8.487830671891249,9.453195378882258,0.36121257068118723,9.091982808201072,181.8396561640215,5.2825175010420296,0.43307020170614124,200,285.7405516612561,287.5126153436513,154.30835547228506,249.2088967874799,0,340.1276845290559,321.279613828015,357.34907220285294,126.69915659536763,7.272833969919151,7.510659732177487,0.2378257622583364
211,42200,rician,0.081204,ou,velocity,False,False,False,full,True,False,False,False,500.0,1302.6349319812596,6.513174659906298,8.214972469319532,0.7815493151386469,7.433423154180884,148.6684630836177,6.499728114890406,0.2771979465184268,200,349.5291601445291,368.9677700831076,202.99246363836303,337.528556905764,0,706.0990506847679,559.5232429513457,541.7573669332836,273.0463205546757,7.170776506941401,7.506363459163014,0.33558695222161283
212,42400,rician,0.080404,ou,velocity,False,False,False,full,True,False,False,False,500.0,1537.3587239995022,7.686793619997511,9.06088347010972,0.6764511167847683,8.384432353324954,167.68864706649907,5.226822855274722,0.3722588780685328,200,288.83212897529796,287.060836783902,113.31949002672955,257.5322103977177,0,338.5095599987339,492.96136728142034,958.884447951124,816.2066589451873,7.167579601567192,7.497592406965399,0.33001280539820677
213,42600,rician,0.07960400000000001,ou,velocity,False,False,False,full,True,False,False,False,500.0,1710.6266440900074,8.553133220450038,9.718821110960988,0.464893357018772,9.253927753942214,185.0785550788443,5.542789222964449,0.41491064156405627,200,367.0751699977926,231.32426546033312,346.91917969345866,208.9729685109902,0,230.29892202647736,203.89079219040673,569.1855915367177,470.36067057207896,7.2963054007089365,7.508191091395865,0.21188569068692864
214,42800,rician,0.07880399999999999,ou,velocity,False,False,False,full,True,False,False,False,500.0,1267.7995162810607,6.3389975814053034,8.037205999266382,0.9318410872357915,7.105364912030595,142.10729824061187,6.547506310269391,0.33582247809506954,200,376.8352344828241,346.35035803115255,298.6817815757763,312.11832490715665,0,622.4821651725332,68.47860259479204,843.7569121750679,1082.2014757631555,7.55193759640054,7.491414503542976,0.06052309285756419
215,43000,rician,0.07800399999999999,ou,velocity,False,False,False,full,True,False,False,False,500.0,1683.0590467565144,8.415295233782572,9.838631453497534,0.6779268063970257,9.160704647100518,183.21409294201038,6.369770246367051,0.45143361993599684,200,373.35506435095573,330.0840328410036,363.8325931490007,314.36308806826975,0,217.6528064386467,245.9906597831389,678.4485424368788,534.3884569552921,7.568600654131198,7.531580939208782,0.03701971492241629
216,43200,rician,0.077204,ou,velocity,False,False,False,full,True,False,False,False,500.0,997.2380368766276,4.986190184383138,8.039351680170526,2.1141832015540247,5.9251684786165,118.50336957233,5.5463276006761415,0.47481207135133446,200,316.4705074836762,256.05336693694306,242.31881032540133,185.36701235610784,0,883.0700531393087,616.189700616636,186.94433500798806,554.6268670081512,7.407449696382277,7.498671323562371,0.09122162718009452
217,43400,rician,0.076404,ou,velocity,False,False,False,full,True,False,False,False,500.0,1554.1265374925974,7.770632687462987,8.641573834319523,0.18504947497439972,8.456524359345119,169.1304871869024,5.854149540064833,0.41381484040990474,200,380.67057332727893,266.88667501185324,380.0122736302106,210.37921979408029,0,590.8349602852597,228.25739670327593,885.5881859349358,365.43677210046684,7.462029522756856,7.52066191792198,0.058632395165123974
218,43600,rician,0.075604,ou,velocity,False,False,False,full,True,False,False,False,500.0,1477.052789944379,7.385263949721894,9.058484006822956,0.984955198654687,8.073528808168271,161.47057616336545,5.495079104683763,0.37176062546670435,200,355.79638910408175,236.66631214092396,257.583310401276,149.85340552023544,0,307.8020737937989,335.5219664159284,539.0145845866422,530.9547250023717,7.607260728855581,7.527105696534691,0.08015503232089038
219,43800,rician,0.07480399999999998,ou,velocity,False,False,False,full,True,False,False,False,500.0,550.7234950840896,2.7536174754204477,8.516219163903616,4.664657467759857,3.8515616961437655,77.03123392287532,6.781055496695298,0.47696751601994036,200,376.2807531960307,348.6165104041942,304.1598730208849,241.4530877762434,0,555.6794599556885,363.8538703734104,49.26985150296948,428.6478528968696,7.4919959129945735,7.478855367516469,0.013140545478104393
220,44000,rician,0.07400399999999999,ou,velocity,False,False,False,full,True,False,False,False,500.0,1266.937073566742,6.33468536783371,7.863270428778117,0.8611009652236221,7.002169463554492,140.04338927108986,5.71668315979314,0.32976473407354207,200,338.425167446331,285.16217488317227,321.47037898402266,24.7851903516912,0,722.9094481425215,255.21189234354716,600.6980107281015,646.7750643659745,7.438085815693863,7.463496669226446,0.02541085353258321
221,44200,rician,0.07320399999999999,ou,velocity,False,False,False,full,True,False,False,False,500.0,1135.7453623092958,5.678726811546479,8.472787069073963,2.038646955763753,6.434140113310218,128.68280226620436,6.448448713574762,0.3973085780162364,200,351.4919151211379,362.1682383514738,240.76707807484834,356.78779828745843,0,639.0982504835445,183.28862676476476,377.09129063124243,635.3670126118352,7.361210230277246,7.4498433634843275,0.08863313320708155
222,44400,rician,0.072404,ou,velocity,False,False,False,full,True,False,False,False,500.0,1115.9680368685401,5.579840184342701,7.560362117476416,0.8005713565426382,6.877001497909119,137.5400299581824,6.0790341263010195,0.4440544318780303,200,268.0690393450288,298.10968113163625,169.80084135073827,263.3939657141968,0,1138.490048686816,686.2515957971129,1041.4279498644944,962.3094019168022,7.309689149847218,7.429277533578681,0.11958838373146286
223,44600,rician,0.071604,ou,velocity,False,False,False,full,True,False,False,False,500.0,1215.6886444633587,6.0784432223167935,7.7610854449103295,0.20251160673124857,7.558573838179078,151.17147676358158,5.970164627325779,0.26792070151655933,200,306.84396910414983,273.33722183318065,282.8371369180001,86.05608222273352,0,846.1651351188984,549.9007460341757,741.7125177114815,273.1263796057956,7.3668194400446865,7.4278484007899115,0.061028960745225014
224,44800,rician,0.07080399999999998,ou,velocity,False,False,False,full,True,False,False,False,500.0,1530.9189247621332,7.654594623810666,8.9173488789585,0.6829544987321547,8.234394380226354,164.68788760452708,5.067340992952333,0.20508152828202583,200,313.8622809842838,239.84384827622137,155.4188447460093,162.87297503674873,0,499.46057819252985,184.98962581035164,759.7894597545429,420.90958842502414,7.4894643641936085,7.428102806724849,0.06136155746875982
225,45000,rician,0.07000399999999998,ou,velocity,False,False,False,full,True,False,False,False,500.0,1522.42796847198,7.6121398423599,8.553749211508716,0.2135936718813378,8.340155539627375,166.8031107925475,6.242648298043456,0.27405877093900927,200,371.0342660465925,327.05680742217174,355.1261610092644,299.7877985547746,0,571.6393119048788,385.2178282054141,584.1202163016792,90.54490677978956,7.487579678210203,7.430903962648264,0.056675715561938844
226,45200,rician,0.06920399999999999,ou,velocity,False,False,False,full,True,False,False,False,500.0,1318.5929590837084,6.592964795418542,7.756171948312699,0.43435842833710514,7.321813519975598,146.43627039951195,5.372975199571257,0.15944792327005416,200,367.36403692416627,214.7494372298808,354.56673861579986,81.48492199335058,0,1003.6742422633712,525.2759892081668,527.8457808349199,230.91056144718468,7.485242521063067,7.422612807732593,0.06262971333047407
227,45400,rician,0.06840399999999999,ou,velocity,False,False,False,full,True,False,False,False,500.0,1627.5760873436564,8.137880436718282,9.141829543071207,0.32863531821545167,8.813194224855762,176.26388449711524,5.8710887339771265,0.2108305888622999,200,373.34652455031176,276.54904364908003,340.14384380179916,217.91807044700076,0,265.32458367983315,102.70056316588402,648.421697623451,308.37369048407504,7.45083493330593,7.442343730764592,0.008491202541337728
228,45600,rician,0.067604,ou,velocity,False,False,False,full,True,False,False,False,500.0,1410.6574658411134,7.053287329205567,8.47830343219046,0.3110417633511902,8.167261668839268,163.3452333767854,4.976729724847796,0.19589520995505155,200,222.6935272873517,171.73839943655236,190.1341000185727,82.79131066780583,0,593.9419185690331,597.453382370245,1012.8291873227506,415.84279638215526,7.512446693742133,7.452398037443852,0.06004865629828071
229,45800,rician,0.06680399999999997,ou,velocity,False,False,False,full,True,False,False,False,500.0,1371.7798412199,6.858899206099499,9.436973483817946,1.123117670806158,8.31385581301179,166.2771162602358,6.131608631475318,0.28991414546500893,200,288.60286366404097,302.1120074007076,267.3218126882267,252.21113358653108,0,121.27692540109629,548.3926434097721,820.0970433117884,1009.9023997911564,7.689958951527148,7.45706298050974,0.2328959710174079
230,46000,rician,0.06600399999999998,ou,velocity,False,False,False,full,True,False,False,False,500.0,1289.4968599731246,6.447484299865623,8.321562190044615,1.0999644276807043,7.221597762363903,144.43195524727807,6.155747307137299,0.36862523891963067,200,318.6898652823795,367.24605110568547,194.88703612650852,282.03086139294857,0,705.8602782337528,453.1839016737049,580.9735830328611,618.8954297847047,7.5964396992352885,7.474036832928684,0.12240286630660435
231,46200,rician,0.06520399999999998,ou,velocity,False,False,False,full,True,False,False,False,500.0,1112.3946295587386,5.561973147793693,8.024784172637434,1.4452579277886033,6.579526244848833,131.59052489697666,5.612263331537614,0.41760934561025354,200,372.2443783138929,213.34895462069932,345.47870163456616,172.30314354886275,0,762.597220107323,502.5410442285586,287.7182266269238,343.8006711596704,7.553744853768687,7.45481383786836,0.09893101590032671
232,46400,rician,0.06440399999999999,ou,velocity,False,False,False,full,True,False,False,False,500.0,1342.577236035752,6.71288618017876,8.327751729223383,0.11519876292692538,8.21255296629646,164.25105932592922,6.592794450097781,0.43565200452696445,200,331.0039960913898,258.6753883400275,217.91524500964746,194.06739758642186,0,653.8650086643511,503.1002054030435,510.79430812308505,133.82071165749988,7.545150884417263,7.462693274955999,0.08245760946126346
233,46600,rician,0.063604,ou,velocity,False,False,False,full,True,False,False,False,500.0,830.1413627439059,4.1507068137195295,7.554603288093764,2.38729786468982,5.482994737376537,109.65989474753076,5.474539505519243,0.126907277777791,200,294.02436447314363,240.29644036636023,273.9190075271863,178.6570039376671,0,1050.6831271938674,544.80135444399,956.1574022826217,817.3655504117402,7.356604233588979,7.447231231653991,0.0906269980650114
234,46800,rician,0.06280399999999997,ou,velocity,False,False,False,full,True,False,False,False,500.0,1484.8873269282342,7.424436634641171,8.791069381555909,0.5232599727227778,8.267809408833127,165.35618817666256,6.5204302971068895,0.36234316929941995,200,364.8655693453693,359.8196795568604,313.80448214587796,302.1007457720282,0,384.7908446326019,249.47489789387492,690.8503325051304,336.49332699760913,7.414726458429105,7.470349583164416,0.055623124735310725
235,47000,rician,0.062003999999999976,ou,velocity,False,False,False,full,True,False,False,False,500.0,1154.1154298584747,5.770577149292373,8.446978560070328,1.9612990035026496,6.485679556567673,129.71359113135344,6.1496886419128,0.49043558962643147,200,356.723898223557,326.50783654561235,291.2337247625313,218.3362577951225,0,472.4144736221892,189.73321835410167,149.89327417615982,378.54107638536533,7.280975203902462,7.462097963945691,0.18112276004322947
236,47200,rician,0.06120399999999998,ou,velocity,False,False,False,full,True,False,False,False,500.0,1621.0538793985436,8.105269396992718,9.607407409449523,0.7494861975508683,9.047858272072403,180.95716544144807,5.7637798335018555,0.23933831693895627,200,356.21285463872084,280.25513074412066,316.1019840748562,244.47370917174882,0,124.92919450821415,540.8554873592076,881.4325010494581,232.2745063119735,7.437109693575257,7.477070480339948,0.039960786764690504
237,47400,rician,0.060403999999999985,ou,velocity,False,False,False,full,True,False,False,False,500.0,1535.8926615945393,7.679463307972696,9.551436556576489,1.0435243027046694,8.507912253871819,170.1582450774364,6.04481454747571,0.2035779519402422,200,364.0209921045532,308.57556283688615,329.9868388709927,200.2280714026049,0,298.04336906862034,229.92799152187703,911.3987493533061,959.4293937663876,7.439679088301593,7.481828949967446,0.04214986166585355
238,47600,rician,0.05960399999999999,ou,velocity,False,False,False,full,True,False,False,False,500.0,1586.194303536116,7.93097151768058,9.341726684623858,0.40886571834510504,8.932860966278762,178.65721932557523,6.740264764860684,0.4747749137878418,200,379.25730887726564,329.5344804704849,378.85847251199453,275.9991435465995,0,456.76370769902985,148.51793704781957,962.2461146845006,636.763607441939,7.482645696207117,7.492015197362721,0.009369501155604532
239,47800,rician,0.05880399999999997,ou,velocity,False,False,False,full,True,False,False,False,500.0,1404.8156859930757,7.024078429965378,9.779359538631011,1.972693209199807,7.8066663294312,156.133326588624,6.828139243888248,0.478721734136343,200,380.99686040023835,371.1717497680492,380.89153966206106,316.13386199026,0,301.4648868259711,278.7484055742101,259.61335520078745,523.7064614532338,7.680400927871489,7.489393656602914,0.19100727126857464
240,48000,rician,0.05800399999999997,ou,velocity,False,False,False,full,True,False,False,False,500.0,1548.6997862520184,7.743498931260092,9.181903224206044,0.6420938590891637,8.539809365116872,170.79618730233747,6.833323263410563,0.43626469464972617,200,371.1706381988086,380.16129655968,353.5884727748616,379.0081874354656,0,265.0663216470955,126.04802867373229,881.7973827033878,821.9587229653431,7.7572829229496065,7.504141148195554,0.2531417747540523
241,48200,rician,0.057204000000000005,ou,velocity,False,False,False,full,True,False,False,False,500.0,1116.7525141815045,5.583762570907522,9.497010146406371,3.1295133452552575,6.367496801151111,127.34993602302224,6.780268441505334,0.2573164775595069,200,371.57914786497804,377.905014147849,308.46219435825543,368.43368198796577,0,294.18494091373645,297.53367578801823,311.4900186361632,702.9218302117521,7.753950757341651,7.4927755046984625,0.26117525264318875
242,48400,rician,0.05640400000000001,ou,velocity,False,False,False,full,True,False,False,False,500.0,1355.4170845251347,6.777085422625674,8.316299911767059,0.8347725004525756,7.481527411314483,149.63054822628965,5.80681930616438,0.4554845003038645,200,364.87449580794043,273.3528519400139,346.6137420576823,261.68213513527246,0,602.3868023866993,398.7204986679558,712.0222360500629,746.1482504348884,7.784177053011921,7.477327065014111,0.3068499879978095
243,48600,rician,0.05560399999999999,ou,velocity,False,False,False,full,True,False,False,False,500.0,1031.704499797611,5.158522498988056,8.654958567232832,1.081586618510578,7.573371948722253,151.4674389744451,6.80878529033118,0.47315556403249504,200,287.2350613714352,314.83529617310387,270.1627048275175,309.53279869029376,0,527.7406494145206,518.2047158656263,393.7808292712493,473.71733867887514,7.784916958539078,7.4575726954147,0.32734426312437837
244,48800,rician,0.05480399999999999,ou,velocity,False,False,False,full,True,False,False,False,500.0,1461.938864401235,7.309694322006175,9.507589823018016,0.8172408146856374,8.690349008332387,173.80698016664778,6.6637592240779675,0.4829878294840455,200,376.5812694067633,317.62225723456845,352.59540286531717,247.20558503620094,0,204.5126674731352,430.4088164235681,568.776890056747,545.5327376566321,7.807714689944381,7.464419527627614,0.3432951623167666
245,49000,rician,0.054003999999999996,ou,velocity,False,False,False,full,True,False,False,False,500.0,1489.2240905762865,7.446120452881432,8.321883546607452,0.09735949800335471,8.224524048604094,164.4904809720819,6.4548390981092245,0.22659869492053986,200,374.19413127145106,340.9748797108547,346.34980942009776,238.76022903296112,0,491.5063209853271,260.1333961736989,556.1512960354587,146.4215577186221,7.801933115393216,7.480699018006087,0.32123409738712905
246,49200,rician,0.053204,ou,velocity,False,False,False,full,True,False,False,False,500.0,1497.7468861414902,7.488734430707451,9.148495661343922,0.9365305873515197,8.211965073992413,164.23930147984828,5.675623150911855,0.36115536610595883,200,356.6380728182296,273.37718694801487,133.53403653140714,214.7645788940407,0,258.60883831665194,404.5408873305879,441.6171750230351,597.5768728154558,7.846440693094057,7.497114974913404,0.34932571818065306
247,49400,rician,0.052404000000000006,ou,velocity,False,False,False,full,True,False,False,False,500.0,1177.4262471685029,5.8871312358425145,8.383728821282505,1.712330808376375,6.671398012906129,133.4279602581226,6.7836962667613205,0.4248163720336743,200,372.0017727428439,376.7581761275692,313.56965282338746,323.05569337329666,0,515.5527284569307,170.01448188263362,282.52683111775065,409.8492604014456,7.739350882496576,7.519345009434431,0.2200058730621448
248,49600,rician,0.05160399999999998,ou,velocity,False,False,False,full,True,False,False,False,500.0,1255.009945505816,6.27504972752908,8.758738833897702,1.9607020196767373,6.966628167513494,139.33256335026988,5.951143842738947,0.13738570667221212,200,325.141553608825,331.4806759279881,279.711005792899,268.9154024303302,0,364.4826561725085,231.61530032290375,207.07154280448052,249.342465146889,7.679319207430288,7.5345714240554855,0.1447477833748021
249,49800,rician,0.05080399999999999,ou,velocity,False,False,False,full,True,False,False,False,500.0,920.9866546917953,4.604933273458976,9.261171081524013,3.7036943641396554,5.557476717384367,111.14953434768735,6.827393492103646,0.30603194805735257,200,379.86054127031645,373.9844902112519,377.99998849015316,353.69130092316755,0,175.4127484761218,227.68705994800808,168.2719451266915,601.9405428017924,7.541500252648916,7.518161511964089,0.02333874068482711
250,50000,rician,0.05000399999999999,ou,velocity,False,False,False,full,True,False,False,False,500.0,959.150731561399,4.795753657806995,9.08597094306762,2.4856262298154976,6.600344713252124,132.0068942650425,6.129539578392402,0.22951619828352704,200,351.6336042414709,242.30139340894905,271.4089657293574,218.299099143291,0,274.6340123514748,510.05890971270316,476.9491441813114,1009.7355249076801,7.5104376001933275,7.526351347406404,0.01591374721307659
251,50200,rician,0.05,ou,velocity,False,False,False,full,True,False,False,False,500.0,385.67074631149507,1.9283537315574752,9.2874461760379,5.740443403854376,3.549536126448065,70.9907225289613,6.775743232644304,0.2486382602673257,200,380.204543248413,339.295343336636,379.96271098759473,316.64181856048873,0,513.3413950071717,386.74640535275995,128.78427356963195,984.8902098270207,7.358938094273289,7.472676330242433,0.11373823596914434
252,50400,rician,0.05,ou,velocity,False,False,False,full,True,False,False,False,500.0,1637.754093434011,8.188770467170055,9.253566938453053,0.4554025977578717,8.838009800045912,176.76019600091823,5.4854765760741495,0.40518133306410165,200,264.71326666084644,337.81425992085275,126.36102529369813,314.15904561418233,0,281.1209588276787,491.7549749141817,538.8717450536128,138.3564221965966,7.390210935960761,7.502125838830203,0.11191490286944195
253,50600,rician,0.05,ou,velocity,False,False,False,full,True,False,False,False,500.0,1618.0645083225688,8.090322541612844,9.249549773687123,0.46983798889222533,8.779711784794898,175.59423569589796,5.9561107031702765,0.22514211910543963,200,346.841297633975,312.6554624201206,292.09356148472125,278.1845470040536,0,183.37325824156474,416.3170249551022,848.182636758913,548.5867091642148,7.555046788331678,7.5007040858584935,0.05434270247318462
254,50800,rician,0.05,ou,velocity,False,False,False,full,True,False,False,False,500.0,654.9175930929608,3.274587965464804,8.940372232675491,4.819889034175358,4.133686640020162,82.67373280040326,6.860457579867673,0.2337724516657181,200,380.7853168671258,376.4067715588658,380.5127404356881,351.7136107272291,0,331.571365700348,257.5224303396728,131.26870910654526,787.1719664049361,7.34834064989103,7.459594886364958,0.11125423647392818
255,51000,rician,0.05,ou,velocity,False,False,False,full,True,False,False,False,500.0,1506.833776590992,7.534168882954961,9.170477157572352,0.8563608646138053,8.314116292958545,166.28232585917092,6.7772240736289655,0.3178721918864176,200,368.23065832602634,380.9896054133381,338.77087772569195,380.92671205610566,0,330.71589069783727,371.84671828737834,449.47757168195756,485.6729767692558,7.439762486710573,7.46673822411394,0.026975737403367006
256,51200,rician,0.05,ou,velocity,False,False,False,full,True,False,False,False,500.0,1333.1733215371096,6.6658666076855475,8.390048619191983,0.9942680528058266,7.395780566386162,147.91561132772324,6.194755317475084,0.3248371317656711,200,329.40237071680485,352.1308696174024,188.34054819430784,295.429186445408,0,518.5238218943806,390.3374181800769,200.05748015127634,94.00391493746658,7.357158601426262,7.469408180183512,0.11224957875725039
257,51400,rician,0.05,ou,velocity,False,False,False,full,True,False,False,False,500.0,1468.5910951706835,7.342955475853418,8.763871605489326,0.8574749237409134,7.906396681748417,158.12793363496837,4.91315215710749,0.38280087649123745,200,255.8192333625331,273.1368346636257,123.6245303489186,60.6245238108851,0,374.78000275853674,203.78641862849528,656.6924311164942,690.2435725165534,7.327082822820091,7.489241252864266,0.16215843004417518
258,51600,rician,0.05,ou,velocity,False,False,False,full,True,False,False,False,500.0,788.0790463187747,3.9403952315938735,8.35455527076913,3.3692214246063568,4.985333846162777,99.70667692325556,5.999587411311564,0.4755186039954424,200,317.2567289665587,336.694152955963,166.74189943984666,264.95076886323176,0,589.273121474202,460.8017158191338,201.22673762531667,809.5548852088987,7.129706466814293,7.466394967804666,0.3366885009903733
259,51800,rician,0.05,ou,velocity,False,False,False,full,True,False,False,False,500.0,1615.9715560832535,8.079857780416267,9.339128393106185,0.5405955768343662,8.798532816271809,175.9706563254362,6.2318308305432115,0.2611951752123423,200,347.1594036639394,337.60738857620953,191.20381642666905,45.6129432413795,0,281.0446660037289,271.16302265222413,430.0324627726547,248.10532490836727,7.179299791156323,7.469900226096924,0.2906004349406013
260,52000,rician,0.05,ou,velocity,False,False,False,full,True,False,False,False,500.0,1585.6677907077,7.928338953538501,9.799638292577868,1.1748045568802594,8.624833735697605,172.49667471395213,5.854287933080343,0.33546137874480336,200,314.29543255863217,339.31792540952154,204.62008891870164,279.26616296964977,0,175.84162183296988,313.9798176657421,618.6032616600536,578.04245567126,7.18355100968536,7.481965452875897,0.2984144431905378
261,52200,rician,0.05,ou,velocity,False,False,False,full,True,False,False,False,500.0,986.8549661461778,4.934274830730889,8.876601272042944,1.7823185185303536,7.094282753512588,141.8856550702518,5.8694764508990405,0.2238943441049196,200,271.40254538875763,235.1306950902254,123.90975338269122,116.69598007171525,0,357.0632911118172,656.2545141604653,538.1596615963894,768.1210924053864,7.219890307303435,7.469811529568057,0.24992122226462232
262,52400,rician,0.05,ou,velocity,False,False,False,full,True,False,False,False,500.0,1232.0851467113243,6.160425733556622,9.036379249845472,1.5393226346774218,7.4970566151680575,149.94113230336114,6.693194118831809,0.37111258109565826,200,376.9628817023899,223.59152807371703,371.30914700445913,164.19392089138015,0,199.07951554321477,120.15797012031166,204.4771138049398,412.3693990958646,7.2206667674961125,7.46293558953228,0.2422688220361673
263,52600,rician,0.05,ou,velocity,False,False,False,full,True,False,False,False,500.0,1551.3164561002295,7.7565822805011475,9.311282389793465,0.4966834180734127,8.81459897172005,176.29197943440104,6.835431442883662,0.4911967960745096,200,380.2060369478138,348.6443818520537,378.51301940003196,245.30831298114356,0,190.40994350521018,319.3337923796049,626.203762823213,628.5090770940254,7.282728118646003,7.463772347147649,0.18104422850164603
264,52800,rician,0.05,ou,velocity,False,False,False,full,True,False,False,False,500.0,1621.4960322022464,8.107480161011232,8.759109818266756,0.04957530356397846,8.709534514702778,174.19069029405557,5.268969176520524,0.4312205504742451,200,291.1572243116773,284.9965930131897,192.22527189796415,93.58104955768407,0,508.98205326482713,344.2756400929349,470.7653596732714,96.71754195212596,7.283687393964522,7.471603825272326,0.1879164313078041
265,53000,rician,0.05,ou,velocity,False,False,False,full,True,False,False,False,500.0,1596.6407099561595,7.983203549780797,9.515212759270407,0.5887199980255973,8.926492761244809,178.52985522489618,6.436143685988107,0.4295317676081322,200,337.37865322057957,356.649927459947,285.52029412626865,278.40044829696177,0,382.29264441901665,201.97797915402,798.590143002216,627.4630107219009,7.318785829596559,7.4804361953684655,0.16165036577190683
266,53200,rician,0.05,ou,velocity,False,False,False,full,True,False,False,False,500.0,1189.7515384576081,5.948757692288041,8.39335978510072,0.7276482248632706,7.665711560237443,153.31423120474886,6.581355242791821,0.48063989156391473,200,369.24120480831095,265.51592483159754,299.2898071857625,130.75874666490284,0,551.142679070228,70.5951003418232,589.7815231768601,649.2490299399403,7.291473153908809,7.480984759201877,0.18951160529306765
267,53400,rician,0.05,ou,velocity,False,False,False,full,True,False,False,False,500.0,1020.4546062250604,5.102273031125302,7.8015150701223055,0.6780550813951626,7.164108434723509,143.2821686944702,6.724794155439381,0.37032786980737,200,348.25459643152226,327.8042938753922,325.2197241935389,305.34433128488206,0,948.104792859064,502.93754212733796,1134.9850332287988,651.0472428476168,7.316108674999678,7.47216235012377,0.15605367512409174
268,53600,rician,0.05,ou,velocity,False,False,False,full,True,False,False,False,500.0,1221.4369082024934,6.107184541012467,8.503591382557278,1.4899436725624076,7.0136477099948715,140.27295419989744,6.797610064270551,0.26536804272094744,200,375.74262678189564,375.7469813924375,364.67930492328895,317.2668254737706,0,392.07892414564134,211.50878374188525,459.54121032083754,509.5491954904735,7.318459652123748,7.458986697871592,0.14052704574784425
269,53800,rician,0.05,ou,velocity,False,False,False,full,True,False,False,False,500.0,1199.3820409171076,5.996910204585538,8.264319603250284,1.1451267230139612,7.119192880236325,142.38385760472653,6.048005241103137,0.20236148743424565,200,296.7410679326839,335.9087988523555,191.40200198862266,248.24777464542592,0,725.1624417885705,391.8911819441074,714.1745763325395,560.2323230205067,7.396545460266346,7.45224447200369,0.05569901173734415
270,54000,rician,0.05,ou,velocity,False,False,False,full,True,False,False,False,500.0,1456.2615781125303,7.281307890562651,8.300535222078981,0.3885194526256608,7.912015769453324,158.2403153890665,5.43330094710877,0.4621825069468468,200,305.17640849884,277.71256131429516,134.68859725865008,218.505439484459,0,622.2334297075796,432.01417768877945,347.09552924985104,127.36893976769478,7.462129013076405,7.473977541571957,0.011848528495551847
271,54200,rician,0.05,ou,velocity,False,False,False,full,True,False,False,False,500.0,1423.0752697050025,7.115376348525013,9.537088988360813,1.4408850588838589,8.096203929476959,161.92407858953916,5.781922890160554,0.19923564545897535,200,305.54382427572534,320.888234823749,152.026695859879,144.47845361812827,0,109.92436773585305,397.45733297431246,621.1993603805158,789.8088900380824,7.68946240322785,7.479070629078063,0.21039177414978738
272,54400,rician,0.05,ou,velocity,False,False,False,full,True,False,False,False,500.0,909.2982705619413,4.546491352809706,7.864060600205502,2.2078794901031515,5.656181110102357,113.12362220204714,6.305036803341777,0.15313324896385894,200,313.68124341602305,377.80193515628986,131.95617620194074,300.1514278214397,0,833.766955273968,578.5268511255185,366.96216727600705,371.92142743073845,7.530370968730672,7.46826495709627,0.06210601163440188
273,54600,rician,0.05,ou,velocity,False,False,False,full,True,False,False,False,500.0,1116.5688412415054,5.582844206207527,8.44094546143673,1.0411910659216732,7.399754395515054,147.9950879103011,6.705391236634829,0.25558153374586257,200,380.8335205483868,84.56065628956871,380.61287659112367,4.955096509337808,0,403.52583638956827,510.8769552171042,491.56437616571685,513.2264521070927,7.46137309926668,7.459778517985453,0.0015945812812274696
274,54800,rician,0.05,ou,velocity,False,False,False,full,True,False,False,False,500.0,1087.2239183099005,5.436119591549502,7.78630610715883,1.1248852348132268,6.742651334059617,134.85302668119235,6.604471650242731,0.2785890491493046,200,368.9404644027585,247.75009342559363,345.1317632355766,168.48898164869243,0,808.9783218884343,270.7411103332258,913.0516757567701,766.0459102087826,7.591821333968653,7.44598367870478,0.1458376552638727
275,55000,rician,0.05,ou,velocity,False,False,False,full,True,False,False,False,500.0,1344.6825382531888,6.723412691265944,8.730373784263636,1.0727768066237315,7.6575969776399,153.151939552798,5.488461012674385,0.3780539097962901,200,307.64951102873664,252.34579135772117,272.9839547869614,180.9933203410606,0,500.17604577885703,326.82889324545647,599.4579873105312,741.2431632122298,7.558995368202721,7.432581870017669,0.12641349818505176
276,55200,rician,0.05,ou,velocity,False,False,False,full,True,False,False,False,500.0,909.0863459237888,4.545431729618944,8.40608507762894,2.5995016656664713,6.051870742246124,121.03741484492248,5.493634423285442,0.14791903426172212,200,272.40165683477187,254.43084566496174,59.37804332081187,121.88842558961426,0,642.6461799397516,498.18730519072443,419.7204552373269,560.379224806948,7.491799876995721,7.413820787932505,0.07797908906321549
277,55400,rician,0.05,ou,velocity,False,False,False,full,True,False,False,False,500.0,1172.5437614088296,5.862718807044148,8.918509376522,2.182201818839788,6.7363075576822125,134.72615115364425,6.54549011438089,0.36711211506277325,200,370.7691236431804,355.2116188992573,332.7325251791431,298.1196789787436,0,255.41114605618708,141.3019068641185,235.40719788671512,405.05266361096227,7.43329542079241,7.396375555225254,0.036919865567155874
278,55600,rician,0.05,ou,velocity,False,False,False,full,True,False,False,False,500.0,1433.0499847874337,7.165249923937169,9.058759811970452,0.3012038908422831,8.75755592112818,175.1511184225636,6.507445227152643,0.48982668325304984,200,375.19708102645143,267.82564468844384,292.51724684882834,33.23650094957016,0,358.0070699513464,422.22449889768814,1037.6373223064654,639.906490900903,7.621906524540679,7.397011138421066,0.22489538611961368
279,55800,rician,0.05,ou,velocity,False,False,False,full,True,False,False,False,500.0,1638.4320624165314,8.192160312082656,9.821875660156179,0.4418080380528277,9.380067622103349,187.60135244206697,5.306847169519471,0.4854578296095133,200,365.4185590118617,177.550882060255,334.9737180982872,77.16855762721939,0,153.20519634795323,357.0141778633714,523.4599307407075,398.7070213096702,7.6509832648322575,7.409248242475148,0.2417350223571093
280,56000,rician,0.05,ou,velocity,False,False,False,full,True,False,False,False,500.0,87.28120563250616,0.43640602816253077,9.357621060050558,7.5933152248180935,2.047293127843161,40.945862556863226,6.575462891465113,0.2262354821152985,200,364.86556815871535,251.78383220555628,274.790799110871,110.3548085479835,0,367.77969525937635,432.0896516963383,83.37667564444835,1013.0409595108537,7.322106234439533,7.351563377282025,0.029457142842491457
281,56200,rician,0.05,ou,velocity,False,False,False,full,True,False,False,False,500.0,1408.5862358272186,7.042931179136093,9.166010841108376,1.4057377949718461,7.760273046136528,155.20546092273057,4.899341523170694,0.20640490616904572,200,227.27543658182879,304.5684164046759,83.6894783755372,158.7547872298045,0,300.6736568792671,83.7995835871124,428.56027266729706,361.5053383590647,7.355405749070729,7.348741585267935,0.006664163802794221
282,56400,rician,0.05,ou,velocity,False,False,False,full,True,False,False,False,500.0,1409.2578400683556,7.046289200341778,9.119542397182151,1.4704329201729867,7.649109477009163,152.98218954018327,5.2291822997797475,0.42170028686523436,200,254.14121100164155,316.70743050785717,76.12917960755883,292.9029586286644,0,365.24348349072045,119.12699452020223,280.39527366229544,339.0915651277931,7.363008392162786,7.389304867967329,0.02629647580454364
283,56600,rician,0.05,ou,velocity,False,False,False,full,True,False,False,False,500.0,1280.6123734009275,6.403061867004637,8.14575103410146,0.9529125369966417,7.192838497104816,143.85676994209632,6.570768814062792,0.409497316662455,200,376.84115311965564,344.44186348849735,299.4922901109571,330.07377544817246,0,748.8374730600935,469.36635104915086,604.8342991531493,631.9930499591459,7.281920368432024,7.377815266394512,0.09589489796248785
284,56800,rician,0.05,ou,velocity,False,False,False,full,True,False,False,False,500.0,998.2532215981842,4.991266107990921,8.270963616442373,2.0056785224953364,6.265285093947042,125.30570187894085,6.839538313727023,0.35655714362161234,200,375.34683987040796,303.8797922555734,327.8819140812864,278.3208709046648,0,660.3681429318945,242.9788609324072,275.3621831674235,706.5833302921338,7.159707897394237,7.374388882094933,0.21468098470069563
285,57000,rician,0.05,ou,velocity,False,False,False,full,True,False,False,False,500.0,1606.1659983448305,8.030829991724152,9.861162647148019,1.1930379201523778,8.668124726995648,173.36249453991297,5.5458441113460655,0.4804513509944081,200,340.6176711974105,269.72789862169094,259.04535577252483,199.42981056776617,0,156.89374774935897,205.0916849308153,276.6950298657484,420.56638142710364,7.1467894956817775,7.40135138533239,0.25456188965061255
286,57200,rician,0.05,ou,velocity,False,False,False,full,True,False,False,False,500.0,645.8204877813878,3.229102438906939,8.61733876799344,4.626212092889348,4.002140015881987,80.04280031763976,6.714779545060526,0.3839027190115303,200,374.35550891751575,368.67269745343395,314.3809047302176,310.3110536916969,0,400.44478375951036,109.60729450500455,71.64348142331555,523.9686909524925,6.963610918464008,7.354733868073606,0.39112294960959826
287,57400,rician,0.05,ou,velocity,False,False,False,full,True,False,False,False,500.0,1127.1010004022123,5.635505002011062,7.948472007485514,0.6800477160210026,7.268424291464507,145.36848582929017,5.57224245239188,0.2667046132683754,200,232.23356873522314,224.3158102069929,188.25563344574545,220.04070636504326,0,761.2630699274221,379.95990119650145,842.6092183018383,521.5838723373962,6.968826711301057,7.35816435976052,0.3893376484594633
288,57600,rician,0.05,ou,velocity,False,False,False,full,True,False,False,False,500.0,1414.7427292550512,7.073713646275256,8.535600966128344,0.7009349660416268,7.834666000086713,156.6933200017343,5.794646040111574,0.16046989005059004,200,367.4208646350581,271.3014560614617,359.2652991345425,155.89381090587722,0,434.45100044895423,282.11950288763256,550.57644324027,238.64485616482924,7.0098776258056485,7.375320847239736,0.36544322143408703
289,57800,rician,0.05,ou,velocity,False,False,False,full,True,False,False,False,500.0,1267.179003280653,6.335895016403265,8.0378108045793,0.5952869073199476,7.442523897259346,148.85047794518695,6.73027667355894,0.4084466302394867,200,371.14787721471606,325.582859400722,289.4590743062331,198.52712071913166,0,681.888976376563,206.8308150328671,742.8675228421364,658.9474122807235,7.026044176656801,7.372673700253723,0.34662952359692234
290,58000,rician,0.05,ou,velocity,False,False,False,full,True,False,False,False,500.0,1251.8509988414392,6.259254994207196,9.825177634399015,2.91133086247633,6.913846771922691,138.27693543845382,5.227847122077374,0.39309896342922,200,279.8866691638385,300.8888451303571,254.5332828900103,293.58573413908294,0,130.78087903614897,219.47395903205603,175.49547580105147,751.8547372136455,6.976135726780268,7.363595201840887,0.38745947506061906
291,58200,rician,0.05,ou,velocity,False,False,False,full,True,False,False,False,500.0,1091.4479649051725,5.457239824525862,8.333654552223205,1.7590452325090007,6.5746093197142015,131.49218639428403,5.382105941495899,0.20309206531150267,200,298.58059462775947,264.6090235758446,66.5529012002533,55.1373814651304,0,594.9984792669609,499.1900972564216,521.6841903544698,625.3179695190312,6.90005599629213,7.334595570900671,0.4345395746085412
292,58400,rician,0.05,ou,velocity,False,False,False,full,True,False,False,False,500.0,1171.877987693656,5.85938993846828,8.267363483570522,1.0916970659825853,7.175666417587939,143.5133283517588,5.179823125098356,0.317325808997266,200,253.13454640569273,238.00772166362216,234.46064383631466,74.25185781208847,0,596.16816199201,389.57309344790156,963.9232888617024,1153.2273545376095,6.976030261666409,7.321868530468459,0.3458382688020496
293,58600,rician,0.05,ou,velocity,False,False,False,full,True,False,False,False,500.0,1418.498266746427,7.092491333732134,9.33131553426592,1.781775160495265,7.786872772310851,155.73745544621704,6.007058081881129,0.3720449639670551,200,359.5205580640788,309.3692881662159,349.70587772105205,123.39770213863542,0,507.9894453897079,293.87634627632366,667.1350336352583,745.8965016839504,6.995386180506199,7.332943140480495,0.3375569599742958
294,58800,rician,0.05,ou,velocity,False,False,False,full,True,False,False,False,500.0,1699.2507933755917,8.496253966877958,9.617844612402278,0.3801465665376227,9.23769804586465,184.75396091729303,5.541853199530652,0.17526998594170437,200,281.4305899483023,326.47415164100465,101.08862478156665,266.2232539470784,0,265.47915408468526,276.3142523135792,888.5624143152768,297.7732180440164,7.120138516096451,7.405392910957158,0.2852543948607069
295,59000,rician,0.05,ou,velocity,False,False,False,full,True,False,False,False,500.0,1306.455332201138,6.53227666100569,9.607240377366137,1.5939038775912546,8.253728818146621,165.07457636293245,6.800287147560733,0.15412003356032072,200,380.9510009607413,250.0882635656201,380.7579545353778,160.21537687148364,0,137.39694061112857,401.4057121484607,617.1819250214695,254.7230022934847,7.149945108121786,7.39965576421375,0.2497106560919642
296,59200,rician,0.05,ou,velocity,False,False,False,full,True,False,False,False,500.0,678.3887047948589,3.3919435239742945,8.479573641344714,4.683874859543016,5.120138776308148,102.40277552616298,6.746000975953072,0.0588186375296209,200,257.3327240378833,370.97645924088397,246.91127029845862,363.8605756173783,0,546.5864119551862,515.3609957809452,698.5449801108309,467.9146602608239,7.103358509824888,7.359375275640883,0.2560167658159944
297,59400,rician,0.05,ou,velocity,False,False,False,full,True,False,False,False,500.0,1232.908863763888,6.1645443188194395,7.890465162754965,0.3888156293402402,7.501649533414725,150.03299066829453,5.107712784635822,0.2901581339165568,200,92.72265133733814,329.8014911473547,53.25043786558755,295.26008276848415,0,881.1666492361124,579.6949699772497,973.4915511676538,396.5685123620668,7.141625608611514,7.3607424926564935,0.2191168840449791
298,59600,rician,0.05,ou,velocity,False,False,False,full,True,False,False,False,500.0,1073.307913452972,5.3665395672648595,8.172482091684666,1.4687078791700754,6.703774212514593,134.07548425029185,5.569232875979295,0.3640717596700415,200,262.046469914723,329.79869982467324,182.23800650914896,282.5254741113329,0,621.9956366810571,489.8572572444567,472.6054858309836,802.5930238807539,7.038936523180834,7.376091187919702,0.33715466473886746
299,59800,rician,0.05,ou,velocity,False,False,False,full,True,False,False,False,500.0,1470.7876386977412,7.353938193488705,9.49819315185746,1.4960926157759111,8.127222301343915,162.5444460268783,6.69388820954174,0.18956250139977782,200,372.48377421002095,370.3190160768525,319.306535059929,312.5405480792383,0,165.2166006112308,430.7303955421741,897.9606350594944,494.76196938435146,6.976294257142864,7.395794830799502,0.41950057365663795
300,60000,rician,0.05,ou,velocity,False,False,False,full,True,False,False,False,500.0,1113.0126619884375,5.565063309942187,8.650006215466911,2.351383868326364,6.298622347140545,125.97244694281089,6.100284993231928,0.3787391375936568,200,368.7549001119686,310.62581746975945,322.44386545563816,221.55825114804398,0,540.708017590861,390.8160417137797,148.9042465785312,304.7752657219692,7.1888607181077315,7.377977340175218,0.1891166220674867
301,60200,rician,0.05,ou,velocity,False,False,False,full,True,False,False,False,500.0,1141.3043207816872,5.7065216039084365,9.567436863626696,3.0159295789659133,6.705772551878879,134.11545103757757,6.432727820743963,0.08829949563369155,200,328.90736552599583,366.83517140282027,247.26699848205928,292.36935024875623,0,129.5642708849581,528.5435454759971,641.7203989724208,847.3140487049963,7.1361356933948485,7.365318547477582,0.2291828540827332
302,60400,rician,0.05,ou,velocity,False,False,False,full,True,False,False,False,500.0,1455.5793389021292,7.277896694510646,8.769457972352779,0.74419154127948,8.025266431073296,160.50532862146596,6.475658191002904,0.34684895612765104,200,351.9203984080385,366.0058890675476,309.0560372988318,330.43680163515234,0,401.3961653201935,235.18081318551884,1116.0788127737574,827.7021255002838,7.154943541098056,7.366496980723218,0.2115534396251615
303,60600,rician,0.05,ou,velocity,False,False,False,full,True,False,False,False,500.0,1281.137757386963,6.405688786934815,8.537474798151385,1.582029926724981,7.075383327180903,141.50766654361806,5.660870732649471,0.23727993799722755,200,314.86887882959445,308.07209861085676,211.6990485516202,259.67233486668914,0,652.8033738152164,423.1746227789994,678.1459354737069,623.8806826035845,7.149070782601861,7.37309113365273,0.2240203510508696
304,60800,rician,0.05,ou,velocity,False,False,False,full,True,False,False,False,500.0,1128.6906077623185,5.643453038811592,9.576824944100247,2.321122599006396,7.2557023450938605,145.11404690187723,6.763107771488486,0.49492416106164455,200,380.96587921070574,280.6502082598132,380.83529244128147,249.09602307124428,0,273.02469161865224,211.47557745162837,266.4968423351151,854.8488951928889,7.1985916451592,7.387833198131189,0.18924155297198908
305,61000,rician,0.05,ou,velocity,False,False,False,full,True,False,False,False,500.0,1299.5127813333002,6.4975639066665005,8.286759117080264,1.015138599441821,7.27162051763844,145.4324103527688,6.687293350869899,0.486380056142807,200,368.183695502947,369.9638516217185,323.35340489160217,339.6993227400122,0,462.2257427692491,152.85062003797856,611.8716687771276,590.6065829048806,7.12876643469134,7.376770910714619,0.24800447602327846
306,61200,rician,0.05,ou,velocity,False,False,False,full,True,False,False,False,500.0,1512.1521306167817,7.560760653083909,9.458508737344408,0.7006780357403174,8.75783070160409,175.15661403208182,5.214784385978857,0.36455940746702253,200,218.20018916897158,322.56816017749946,179.013645266373,197.47713936667841,0,252.52090961287897,504.30436557279324,864.7274542570779,850.9615244462391,7.366550968977445,7.390663651101478,0.024112682124032503
307,61400,rician,0.05,ou,velocity,False,False,False,full,True,False,False,False,500.0,1329.5468896610173,6.647734448305086,8.34625251096559,1.0932006305921693,7.328218234453166,146.5643646890633,5.914907970658008,0.3889549693558365,200,365.37592322017036,296.89828476027014,293.3409530679234,149.15647417800224,0,518.5628067713099,182.25926921513246,877.5627615104792,884.1878454762806,7.3695406661268805,7.3689323736460235,0.0006082924808570311
308,61600,rician,0.05,ou,velocity,False,False,False,full,True,False,False,False,500.0,1268.8526719613096,6.344263359806548,10.049592241148328,2.3357972145789088,7.713795026569422,154.27590053138846,6.913971496551593,0.4917307647317648,200,378.62230329785837,321.5529184550246,377.0723829538465,297.2609669764127,0,83.6504917985164,96.93405496737867,280.3543052228554,842.5140269863441,7.363497117451014,7.376720059310567,0.013222941859552861
309,61800,rician,0.05,ou,velocity,False,False,False,full,True,False,False,False,500.0,1518.4338690233533,7.592169345116766,9.067279267949443,0.7218508247074719,8.345428443241971,166.90856886483942,6.3404408538190005,0.44441073819994925,200,337.67141696820886,365.70260972338565,291.7695284065079,247.2094307524345,0,252.86983789917437,199.94039228703383,701.9643768603637,589.7429364377036,7.408642344750146,7.412538237169871,0.003895892419724767
310,62000,rician,0.05,ou,velocity,False,False,False,full,True,False,False,False,500.0,1366.3544604952697,6.831772302476349,8.937088975762405,1.4534403037669372,7.483648671995474,149.6729734399095,5.671291843986702,0.49245112754404546,200,290.7115129891747,329.8389908806711,217.53409007055947,255.48628051809555,0,351.4966607986441,350.34902205854894,315.2606827319026,515.3950125648727,7.437132439753785,7.396454895807816,0.040677543945968786
311,62200,rician,0.05,ou,velocity,False,False,False,full,True,False,False,False,500.0,1138.690603676791,5.693453018383955,8.447896264605031,1.8798156184342762,6.568080646170761,131.3616129234152,6.68966331315765,0.42310371047933587,200,367.9958065886844,370.6655855917048,351.2897314575878,352.9796487142347,0,432.2483596298596,192.9096868740764,289.1056724309122,462.21349319914054,7.436806006076613,7.387801470727714,0.04900453534889859
312,62400,rician,0.05,ou,velocity,False,False,False,full,True,False,False,False,500.0,1291.6385970357483,6.458192985178742,7.868517628544364,0.795306024312467,7.0732116042319,141.464232084638,4.72908195622424,0.49248944491147995,200,294.16618595248,218.34917994485016,272.2316171492733,156.64991595621828,0,972.5119050130531,487.65158240375126,282.05556369774627,309.93438653035446,7.43168326540881,7.374689263236785,0.05699400217202477
313,62600,rician,0.05,ou,velocity,False,False,False,full,True,False,False,False,500.0,1211.7789667886784,6.058894833943392,8.39496621926633,1.2043826116373053,7.190583607629031,143.81167215258063,6.60392545460084,0.2662459729192779,200,347.0468546727934,361.54044674075624,270.2148618158556,337.6736898385987,0,716.3905392055661,610.084495594017,691.3895532634758,570.6720879941712,7.401868807174718,7.3540558217736525,0.047812985401065156
314,62800,rician,0.05,ou,velocity,False,False,False,full,True,False,False,False,500.0,1367.896682137105,6.839483410685525,8.539912726443209,0.20596146912608085,8.333951257317127,166.67902514634252,6.851099772185896,0.44372983165085317,200,373.88918683166514,306.7699846892533,345.5265674980117,283.0732100379426,0,470.7566056897815,282.3403964935497,701.5646685415609,265.75589207312834,7.356681467747343,7.3663416852265176,0.009660217479174449
315,63000,rician,0.05,ou,velocity,False,False,False,full,True,False,False,False,500.0,1448.7008065008793,7.243504032504396,8.983363020401553,0.21062607893990143,8.77273694146165,175.454738829233,5.676809105373187,0.4883388304710388,200,288.45970634211903,240.89442864269847,270.2652452503146,209.20626671558523,0,304.2307079590884,548.9173363645407,886.3989027773076,610.8994560179927,7.382631873913096,7.3624620081701275,0.020169865742968085
316,63200,rician,0.05,ou,velocity,False,False,False,full,True,False,False,False,500.0,1442.3618471000448,7.2118092355002235,8.867823449277806,0.7695399225454743,8.098283526732335,161.96567053464673,6.891462098131406,0.472679288033396,200,379.1581669509311,377.6519803612084,376.956276263997,375.627806309951,0,497.45795545374614,189.76901227846497,464.9163503484179,638.7515227190843,7.531539111434304,7.384193158651287,0.14734595278301743
317,63400,rician,0.05,ou,velocity,False,False,False,full,True,False,False,False,500.0,1344.6205477132612,6.723102738566306,8.529832525722293,0.9424514115793821,7.587381114142916,151.74762228285834,5.848481890253031,0.3263016623724252,200,323.64973831391535,290.72688406958923,264.3091129779949,263.8534825933723,0,700.8039401409748,502.96413236281364,436.3943252485462,370.7743427442844,7.5358256904707135,7.375501726199263,0.16032396427145024
318,63600,rician,0.05,ou,velocity,False,False,False,full,True,False,False,False,500.0,1151.64995032051,5.75824975160255,7.770808569479105,1.2059127097837292,6.631825476571416,132.63650953142835,6.398566915256744,0.36707055051112547,200,380.69881044185126,321.2323082564324,380.55257236190533,186.67175609479466,0,706.623217151927,202.18007715615911,880.2875660951546,931.3733206200985,7.532228253673554,7.361084692883295,0.17114356079025939
319,63800,rician,0.05,ou,velocity,False,False,False,full,True,False,False,False,500.0,863.5325983627195,4.317662991813597,9.056131747450607,3.7814941091805103,5.292146678762342,105.84293357524685,6.253949889603275,0.25954626239370554,200,356.3999170221639,316.67482129101563,317.8706749068551,304.2344727045968,0,567.346703869677,348.6060957002638,238.4969509595889,1018.7707827264109,7.390474472544476,7.37549054270948,0.014983929834995635
320,64000,rician,0.05,ou,velocity,False,False,False,full,True,False,False,False,500.0,1458.5518699791955,7.292759349895977,8.764389867835607,0.8741209331780811,8.052941975289365,161.05883950578732,6.6457590798208415,0.3082828939286992,200,380.76683654837,353.98636213238655,380.6709435796392,257.02822621354807,0,284.9272264291828,130.2904293357604,644.8366212112152,245.49631785165363,7.4781904539519175,7.385998267826831,0.09219218612508673
321,64200,rician,0.05,ou,velocity,False,False,False,full,True,False,False,False,500.0,1708.7665122120166,8.543832561060082,9.661154385517015,0.5348776675176073,9.216363972346704,184.3272794469341,5.855914114913577,0.10497856671921908,200,371.148236907416,268.6362056623166,355.1198281835796,189.96682707918606,0,70.16305214574733,314.6944953862462,339.87026222037565,115.40562660248942,7.603720024975308,7.413820506417195,0.18989951855811338
322,64400,rician,0.05,ou,velocity,False,False,False,full,True,False,False,False,500.0,1137.5372593415705,5.687686296707852,8.489499825292057,1.7325105728544634,6.756989252437592,135.13978504875183,5.924880524378696,0.2774414037913084,200,364.79170566112515,296.4721917410722,352.00005267971125,248.18478889748016,0,601.9735308393867,454.5726232318701,780.71078153583,969.4790058446964,7.540306166043523,7.41262038396248,0.1276857820810431
323,64600,rician,0.05,ou,velocity,False,False,False,full,True,False,False,False,500.0,1398.9412372610045,6.994706186305023,8.081058616664025,0.40462197622477564,7.713727803200015,154.27455606400034,5.217643955842634,0.3836288903816603,200,329.6827204300012,232.46600678145268,266.6741195899148,67.7090903988874,0,780.1528234688979,568.0616523596655,906.3879641829035,486.4439927729628,7.572223389844479,7.414171923612689,0.15805146623178956
324,64800,rician,0.05,ou,velocity,False,False,False,full,True,False,False,False,500.0,275.84193615437175,1.3792096807718588,8.650538849509356,4.948039026679668,3.882814503793539,77.65629007587079,6.231589534568595,0.14043585949577392,200,289.3509951407183,222.64481638754538,284.0456473841714,204.39073189726608,0,362.3497302016599,502.97028022838134,182.49313703773586,723.1499447555091,7.403578997779462,7.37065612484836,0.03292287293110174
325,65000,rician,0.05,ou,velocity,False,False,False,full,True,False,False,False,500.0,1392.1351078408495,6.960675539204248,9.004126021606059,0.5027885612345843,8.501337460371472,170.02674920742945,6.481091997669889,0.40787593292072416,200,354.67580410492604,291.68472945469057,289.18797021596913,273.0622504255049,0,400.64260459835066,471.4066584091058,798.8305060481306,660.9322876941125,7.465064844916114,7.372267944055801,0.09279690086031245
326,65200,rician,0.05,ou,velocity,False,False,False,full,True,False,False,False,500.0,1311.3503707576238,6.556751853788119,8.111676114745563,0.6717281473656749,7.439947967379892,148.79895934759784,6.209931106873255,0.4156490745069459,200,345.28530321781574,341.3253253881214,319.9546658032181,340.4988240632428,0,610.866243465308,512.8623845570672,783.2217723529719,634.9306042228209,7.399170708204903,7.3734492885298435,0.02572141967505992
327,65400,rician,0.05,ou,velocity,False,False,False,full,True,False,False,False,500.0,1548.6110280689957,7.743055140344978,9.437050476972221,1.1139417730718655,8.412655324000728,168.25310648001457,5.821849163446098,0.12098444564267993,200,371.9071345673461,258.5013314493627,342.56979045977045,205.42411144203396,0,157.33803701324388,348.2046603222801,352.3850162013357,301.3410663954619,7.453392562682282,7.369443899521294,0.08394866316098781
328,65600,rician,0.05,ou,velocity,False,False,False,full,True,False,False,False,500.0,566.0619587494292,2.830309793747146,7.809977541612008,3.3527201347838913,4.496400072844379,89.92800145688757,6.716297503935023,0.4153482000157237,200,281.226754049807,364.0539302368151,263.18328689536247,286.0400142758061,0,786.2973994994124,490.9855465755771,215.19721488166272,666.1427370443041,7.292522814996031,7.3327352835613455,0.04021246856531491
329,65800,rician,0.05,ou,velocity,False,False,False,full,True,False,False,False,500.0,803.2119854172041,4.016059927086021,7.847728100389949,4.280898554544035,5.1587456604769715,103.17491320953943,6.568165488519005,0.18019394217059015,200,281.7255103291604,354.6827647901761,273.36674530284455,343.6399007064127,0,962.5477539737535,708.8723439378913,814.2801921086954,414.0512370581625,7.133188675857781,7.301184182035997,0.16799550617821613
330,66000,rician,0.05,ou,velocity,False,False,False,full,True,False,False,False,500.0,63.15273243740529,0.31576366218702645,7.852996452487495,5.661708903925329,2.2776235055624867,45.55247011124974,6.625586806943154,0.45314266859553753,200,267.60211105196385,330.3366268867919,258.79454728579134,318.1303406987679,0,897.6349395696357,505.65152034659764,72.57651053188552,874.640984065201,6.87288741753613,7.251744439467983,0.37885702193185367
331,66200,rician,0.05,ou,velocity,False,False,False,full,True,False,False,False,500.0,1587.3475770181137,7.936737885090569,9.487770853351634,0.5029991755563296,8.984771677795308,179.69543355590616,6.067143307446952,0.4226118240552023,200,299.03076334282554,328.29842353838194,173.81228567131782,60.497930300277176,0,116.3336799262986,457.73640611927993,612.4056332291722,482.07588558620034,6.993721969117357,7.275796893797446,0.28207492468008954
332,66400,rician,0.05,ou,velocity,False,False,False,full,True,False,False,False,500.0,1615.2372419599171,8.076186209799586,9.09343095065192,0.055412459753745875,9.03801849089817,180.76036981796338,6.3617082697332545,0.489227332174778,200,373.3031987180982,300.84206294855755,293.6191110548175,264.4692028121562,0,518.8847365299783,353.7008944216935,727.8087808241753,286.95165570604087,7.091962313450672,7.284051549043463,0.19208923559279079
333,66600,rician,0.05,ou,velocity,False,False,False,full,True,False,False,False,500.0,1564.8649218521366,7.824324609260683,8.876682553098451,0.2738632480712757,8.602819305027179,172.05638610054362,6.34446073314797,0.4903996926546097,200,365.5497502466652,332.04154115171747,308.61615133003454,127.80238163382758,0,583.7133211412698,455.33969299761054,996.5595488417631,650.4063133208382,7.162574098320579,7.315249794719971,0.1526756963993927
334,66800,rician,0.05,ou,velocity,False,False,False,full,True,False,False,False,500.0,1410.7332147125062,7.053666073562531,8.112639344735495,0.27554817831366685,7.837091166421825,156.74182332843648,6.790324200423742,0.4908902134746313,200,377.639001560155,371.24774580509074,373.9766186917471,321.58955318650777,0,677.8981822721404,298.1266949176154,907.510862923644,694.1410573623601,7.137731093775814,7.310942612295857,0.17321151852004313
335,67000,rician,0.05,ou,velocity,False,False,False,full,True,False,False,False,500.0,1357.6860824206897,6.788430412103448,8.412961929961046,0.26772328908263343,8.145238640878413,162.90477281756827,5.935195360798229,0.4972497194260359,200,370.9026357050951,211.98090751958202,296.0198689058676,52.8988304590594,0,498.78002136179356,239.164985332032,438.79498440167595,266.0686743693214,7.106356178746651,7.327538203138967,0.2211820243923155
336,67200,rician,0.05,ou,velocity,False,False,False,full,True,False,False,False,500.0,999.5890384083108,4.997945192041554,8.40723586737979,1.3985479494686912,7.008687917911097,140.17375835822196,6.69478343074524,0.48692441910505296,200,280.28995095121695,355.7133174650987,255.4648144188354,320.69823709167645,0,558.41775486424,517.8426619262685,371.38936154108984,776.2848293956788,7.05187639830559,7.307146499597353,0.25527010129176286
337,67400,rician,0.05,ou,velocity,False,False,False,full,True,False,False,False,500.0,1270.9036800610147,6.354518400305073,8.369627860747098,0.8870076048899319,7.482620255857171,149.65240511714342,6.412197848138204,0.2669365577283315,200,268.0548927678455,339.6987100842198,254.43962645767124,225.64691307310875,0,676.6736277782279,522.989838353693,592.6822465179766,611.6496738636561,7.046638355391304,7.296893579617206,0.25025522422590196
338,67600,rician,0.05,ou,velocity,False,False,False,full,True,False,False,False,500.0,950.2007509257439,4.751003754628719,9.28740999463878,3.035715404493198,6.551079899984162,131.02159799968325,5.5596838753996725,0.09063592824153602,200,354.4372631469578,171.02724546920888,291.44771401063497,151.55751621194105,0,320.4064631593218,523.2360464246447,244.73381888693342,355.4585806516526,7.042601076561941,7.273075768954261,0.23047469239231955
339,67800,rician,0.05,ou,velocity,False,False,False,full,True,False,False,False,500.0,1772.290936671376,8.861454683356879,9.799637739984782,0.37267879108506724,9.426958948899713,188.53917897799428,4.95606391824183,0.4393594677979127,200,282.86209744822554,263.9301103901346,166.6604125837159,180.40929406462496,0,204.69862982764312,302.88615664345,769.0286547670813,499.46066819554295,7.249341690068809,7.289278695148946,0.03993700508013731
340,68000,rician,0.05,ou,velocity,False,False,False,full,True,False,False,False,500.0,1285.2137174272134,6.426068587136067,7.714862541383423,0.4555051425695406,7.259357398813885,145.18714797627769,6.716489528245112,0.48590523671358826,200,367.3703122314466,373.0206975467266,289.5835537525337,326.8564334645468,0,1087.9111126025646,494.2852495855688,587.4156547795983,479.5324038228199,7.209662461245034,7.276474175485918,0.06681171424088372
341,68200,rician,0.05,ou,velocity,False,False,False,full,True,False,False,False,500.0,1383.474164905686,6.9173708245284296,8.800487307374782,0.5800003376094696,8.220486969765302,164.40973939530608,5.16577777288153,0.2724589049606584,200,315.3685877123838,181.62863815991204,211.59717780029754,109.57294851430116,0,427.256417869703,321.17572050186806,544.3227275363121,306.62954399808825,7.1598686111159635,7.295004077172058,0.13513546605609417
342,68400,rician,0.05,ou,velocity,False,False,False,full,True,False,False,False,500.0,1529.8100730303797,7.649050365151899,9.224645658435207,0.8834077951933546,8.34123786324185,166.824757264837,6.029547986540601,0.25415385657339357,200,376.6331362608772,292.1375103855138,371.151574327283,174.4040825485053,0,162.84402213291722,320.3210514509694,998.8024517958268,963.769535879225,7.239081041656176,7.303601181691331,0.06452014003515494
343,68600,rician,0.05,ou,velocity,False,False,False,full,True,False,False,False,500.0,440.20462660867986,2.201023133043399,8.02940705711815,5.201619579699082,2.8884410278887414,57.76882055777484,5.964248002661751,0.4266015410330147,200,356.7706350404325,293.7784885780618,331.98665381510756,279.7148074888301,0,679.7005653103812,271.3201025316273,92.61017817633638,760.9585142277396,6.997816702890614,7.256751872482995,0.2589351695923803
344,68800,rician,0.05,ou,velocity,False,False,False,full,True,False,False,False,500.0,56.35320300954927,0.28176601504774634,9.730027268842047,9.39134091400274,0.9327483145225687,18.654966290451373,5.525178306910771,0.3192694828985259,200,380.85683225604487,216.97054947455277,380.6367936877254,188.66289957425806,0,263.9257900849017,209.53195428799188,21.48676817939357,525.315168675266,6.850313393427067,7.179175865544896,0.32886247211782926
345,69000,rician,0.05,ou,velocity,False,False,False,full,True,False,False,False,500.0,1335.2020685765804,6.676010342882901,9.006769583150245,1.5946779622195035,7.412091620930741,148.24183241861485,6.115084385129617,0.26729844506829975,200,298.7810092625461,375.42861039893995,89.25473011493077,373.5542868886131,0,423.9278914301031,443.75380419132097,649.5384782769513,728.5238354147335,6.795851101455028,7.171051541268163,0.3752004398131348
346,69200,rician,0.05,ou,velocity,False,False,False,full,True,False,False,False,500.0,1545.3261125200384,7.726630562600191,9.119093516434033,0.5855873841993072,8.53350613223472,170.67012264469446,6.578801917093614,0.4499756466643885,200,375.70296499467287,346.68784336703465,338.19394647345956,309.8287643876909,0,496.1763914791161,322.1365293774054,615.3637852187894,594.1338807120567,6.850529009697771,7.174266951850585,0.32373794215281393
347,69400,rician,0.05,ou,velocity,False,False,False,full,True,False,False,False,500.0,26.001901656959838,0.13000950828479918,8.886625241274736,12.05343035358925,0.809349905328749,16.18699810657498,5.935887875532241,0.018841421008110048,200,379.8363640453141,264.99812209484037,379.1400141220836,215.39182369712358,0,490.7443325743095,173.28512717873895,116.90615158109371,638.7011852437747,6.470363738764172,7.115646470774813,0.6452827320106405
348,69600,rician,0.05,ou,velocity,False,False,False,full,True,False,False,False,500.0,1273.5521578893245,6.367760789446622,8.469001781635598,1.106559454056072,7.362442327579524,147.2488465515905,4.910467562766594,0.3829240138269961,200,286.0142978510661,214.41181933546318,252.3758137480196,151.68489423829084,0,665.7459253790669,622.4181802968988,397.08462426572527,548.1432320209999,6.613665851500929,7.119604612375473,0.5059387608745443
349,69800,rician,0.05,ou,velocity,False,False,False,full,True,False,False,False,500.0,751.198486435362,3.7559924321768103,8.513070977362252,5.388580695240528,4.507833452433789,90.15666904867578,6.16235863851961,0.1161475548427552,200,330.1740554203378,352.86910202262857,93.66897584556978,200.6004877731365,0,599.3028647293121,570.5293091178645,163.13449740278463,255.7909376719479,6.581120241098771,7.109108179725968,0.5279879386271977
350,70000,rician,0.05,ou,velocity,False,False,False,full,True,False,False,False,500.0,1487.1019254943571,7.435509627471785,9.113404812391465,0.8446847812616286,8.268720031129844,165.37440062259688,6.548602090687108,0.4660853163897991,200,368.0670833536947,353.49891859539673,363.74582156641674,300.96641690669315,0,202.87131635041075,255.40473348640128,455.8406105039466,642.9430098973492,6.880675067377138,7.125791932904747,0.24511686552760903
351,70200,rician,0.05,ou,velocity,False,False,False,full,True,False,False,False,500.0,1394.4886124409236,6.972443062204618,9.014203561926287,0.8008763143078912,8.213327247618398,164.26654495236795,6.1043318151810535,0.48974522709846496,200,326.09378104834093,284.58578284286637,301.86524145600896,204.98031766805454,0,364.7910917597328,517.1991745969821,620.3138386769059,757.5441849901241,6.8421028458682915,7.172429844116449,0.33032699824815737
352,70400,rician,0.05,ou,velocity,False,False,False,full,True,False,False,False,500.0,659.8931349311048,3.299465674655524,7.812972081099275,2.0690199590856277,5.743952122013642,114.87904244027287,5.377992501133145,0.19009720892179757,200,158.4658045682699,323.5556476216986,143.53328234453312,320.9610748755953,0,802.7947981732356,562.322560315588,584.6310895599288,844.598079304037,6.677399527424065,7.141489267336126,0.46408973991206093
353,70600,rician,0.05,ou,velocity,False,False,False,full,True,False,False,False,500.0,1285.4194596258149,6.427097298129074,8.971198684131826,1.7212601524767523,7.249938531655069,144.99877063310137,6.227921822522749,0.487328593544662,200,376.9143589245937,308.44672185355984,353.34314574461405,89.14804995297486,0,241.33541095836404,167.25645634251828,284.419532519095,565.2435403611782,6.609755488755459,7.126191534804729,0.5164360460492698
354,70800,rician,0.05,ou,velocity,False,False,False,full,True,False,False,False,500.0,1325.3385275871178,6.626692637935589,8.251213285985909,0.8855111877905499,7.412205212537224,148.2441042507445,6.833505206253364,0.47801434198394416,200,377.30714379599425,375.2047977905902,358.7569214397534,366.442814205677,0,855.7812061341054,267.9835822873774,607.0070506689259,585.1605269145301,6.5885111910612295,7.158976720529898,0.5704655294686685
355,71000,rician,0.05,ou,velocity,False,False,False,full,True,False,False,False,500.0,1403.5124989286116,7.017562494643058,9.150438669773875,0.046797875717248964,9.103640794056625,182.07281588113256,6.8967455366907435,0.48706479676067826,200,285.57829456088655,325.04945847333636,91.33122364340728,301.3831379423141,0,112.12558899730573,587.7214864979679,992.6985336318984,339.2604656142501,6.63643129872014,7.166871965540878,0.5304406668207378
356,71200,rician,0.05,ou,velocity,False,False,False,full,True,False,False,False,500.0,1434.9219036839165,7.174609518419583,8.622202360910894,0.6250940138806367,7.997108347030253,159.94216694060506,6.802805731186515,0.49322115078568457,200,373.9427163737073,375.98865784278604,304.09309505763775,347.95854054840004,0,540.5839869230981,478.19868035977976,532.105830535258,596.9292699293725,6.685852320176099,7.17288524334732,0.4870329231712214
357,71400,rician,0.05,ou,velocity,False,False,False,full,True,False,False,False,500.0,1281.2515909681724,6.4062579548408625,8.841286579873689,1.9070863267499456,7.29883710089406,145.9767420178812,6.50657664005744,0.1879019328020513,200,372.7702587684308,352.1323474102742,360.5731270300323,293.0830734098092,0,547.2964701685368,510.43220744663114,422.05768101736805,225.09666748880497,6.676663162427943,7.166809647538777,0.49014648511083436
358,71600,rician,0.05,ou,velocity,False,False,False,full,True,False,False,False,500.0,1317.6580765363444,6.5882903826817225,8.393454239564633,0.8593420816543414,7.534112157910288,150.68224315820578,6.754537374389844,0.4954002507030964,200,380.9689536290596,353.3077171701361,380.87246953921704,327.0369684289371,0,421.0548885977463,191.6692377900404,332.8516819566163,589.4694245361922,6.72581477532425,7.192297430656251,0.4664826553320012
359,71800,rician,0.05,ou,velocity,False,False,False,full,True,False,False,False,500.0,979.5863238380151,4.897931619190076,8.75964283013492,3.483763874956429,5.744921398213713,114.89842796427428,6.773008898560971,0.138512338984292,200,372.25008732385606,377.6633687327655,357.6323621670796,375.8759288040828,0,357.71279896339456,340.1662982137305,392.96430324499875,746.7573178614249,6.5417128977899495,7.16176131647567,0.6200484186857205
360,72000,rician,0.05,ou,velocity,False,False,False,full,True,False,False,False,500.0,1513.582289534484,7.5679114476724205,9.037887311866069,0.5837948348820655,8.454092476984,169.08184953968,6.871506493283662,0.4896953561902046,200,374.805755765016,380.9144521057141,276.9556977739495,380.7442047667726,0,326.3812222868536,224.1319343151332,779.4628741226122,542.4344251651212,6.601449651698455,7.160053903888535,0.5586042521900803
361,72200,rician,0.05,ou,velocity,False,False,False,full,True,False,False,False,500.0,1349.1720627511443,6.745860313755721,8.023274339786603,0.48895576250711775,7.534318577279488,150.68637154558976,6.730646428294185,0.49536575615406037,200,361.87789844245106,379.2609894922857,322.54641648588023,378.9375535609864,0,599.6428334196826,173.46539052882838,998.7674583415867,913.7028956670389,6.567141232074164,7.164454262126203,0.5973130300520388
362,72400,rician,0.05,ou,velocity,False,False,False,full,True,False,False,False,500.0,791.715203225907,3.958576016129535,7.974021960711446,4.43259906074205,5.079155143703555,101.5831028740711,6.0154733398192946,0.08433969237841665,200,347.71092561497755,310.57927860729035,313.22744713811755,263.70149360888644,0,852.4127808717009,486.007604485506,709.2964836711418,511.5282383465087,6.404037096097251,7.140275247411559,0.7362381513143079
363,72600,rician,0.05,ou,velocity,False,False,False,full,True,False,False,False,500.0,1588.8326649607109,7.944163324803554,9.468979099517732,0.7704559989796514,8.698523100538083,173.97046201076165,6.588490978034599,0.49552038304507734,200,380.9745058013634,346.5887109465784,380.78661888183586,304.99370929389056,0,297.3163065556651,77.56509572668728,267.55748571963943,435.2933106354381,6.694541199729717,7.1391144886997395,0.44457328897002224
364,72800,rician,0.05,ou,velocity,False,False,False,full,True,False,False,False,500.0,972.6183561976479,4.863091780988239,8.086637677326497,3.1606300474796756,5.542114072571401,110.84228145142804,5.865621133418788,0.30473563363775613,200,294.7272594618224,352.00819751705717,143.84565321327614,337.07338645540153,0,813.4910647136709,440.6814486286758,208.42226744365297,300.9512436453871,6.925009487632158,7.107440284278425,0.18243079664626727
365,73000,rician,0.05,ou,velocity,False,False,False,full,True,False,False,False,500.0,1086.3928073556654,5.431964036778327,7.983405179376449,0.5901804629226093,7.3932247164538385,147.86449432907676,5.67654109778115,0.45493364484980703,200,220.34118207143862,301.01934768213073,189.20570728041545,279.94154556160254,0,767.1736226145724,502.844347392906,513.0871973579227,404.74693177834297,6.9240661424083125,7.092107603830516,0.16804146142220322
366,73200,rician,0.05,ou,velocity,False,False,False,full,True,False,False,False,500.0,937.8768793502403,4.689384396751201,8.322248050695476,2.3545256494321705,5.96988731239607,119.3977462479214,4.9567807189242155,0.3631732906273101,200,284.4578493936652,218.09147017310755,247.30607400214845,175.1943532711835,0,661.9996142045409,352.2620391008475,277.9585828396837,593.6142593129534,6.795885201416381,7.075149361352101,0.2792641599357202
367,73400,rician,0.05,ou,velocity,False,False,False,full,True,False,False,False,500.0,1108.1539615111924,5.540769807555962,8.009006376507912,3.3145072714254518,6.214917332254715,124.2983466450943,5.375503238509597,0.19738308383035474,200,285.63890861326075,287.0581728616578,227.05759526807037,275.07425837873075,0,880.2598445495797,568.0124624169963,679.3056500006176,334.37151628872795,7.066163572762679,7.065657450327413,0.000506122435265155
368,73600,rician,0.05,ou,velocity,False,False,False,full,True,False,False,False,500.0,1483.4667335219085,7.417333667609543,9.001873824284916,0.5859538127150754,8.471186306306414,169.42372612612832,4.189953172245916,0.14326817774679512,200,167.6084701601923,235.85724425228747,79.8734447076754,176.71628192757063,0,314.9244952923855,484.4445856125961,682.712304499346,305.7617806896252,7.121600771699024,7.080232836290528,0.041367935408495704
369,73800,rician,0.05,ou,velocity,False,False,False,full,True,False,False,False,500.0,1370.2737987894423,6.8513689939472115,8.328676098933952,0.6823387457092921,7.64633735322466,152.9267470644932,6.85491072731374,0.43919220023555683,200,373.91499158038897,380.9697019298165,310.2528461578778,380.70502659142323,0,505.15987557952036,281.90932653774007,754.773489648819,736.575998042566,7.278525966738566,7.0855042810204125,0.19302168571815326
370,74000,rician,0.05,ou,velocity,False,False,False,full,True,False,False,False,500.0,782.7759924018309,3.9138799620091542,9.101818710554324,4.03800522735039,5.228620679196859,104.57241358393716,6.626838426952832,0.10281961095752194,200,295.2206324308515,369.46434589057657,244.34815677779113,366.4021092927324,0,376.3519521060971,565.4109212705016,460.7258816879157,1190.3279807054823,7.126520999141917,7.058670330117849,0.06785066902406811
371,74200,rician,0.05,ou,velocity,False,False,False,full,True,False,False,False,500.0,1581.572411797103,7.907862058985516,9.514734083474538,0.85351136513631,8.661222718338225,173.22445436676452,6.532786791329853,0.48342732675373556,200,375.8551016469488,343.78853487240195,284.08698512816693,185.197987896485,0,127.86299715541351,262.7770316309828,423.9613626090765,426.0109025127768,7.148915772677908,7.064320518006461,0.0845952546714468
372,74400,rician,0.05,ou,velocity,False,False,False,full,True,False,False,False,500.0,1348.8376290469944,6.744188145234972,8.200410987707219,0.7367213496318051,7.592687766819458,151.85375533638916,6.748558480535689,0.1259958688216284,200,375.4551998025729,371.6897412963025,298.5728001435967,289.4842418523364,0,716.6459984807882,343.22920542567255,564.7435611117886,181.93065289261767,7.241352554918201,7.083685584573632,0.157666970344569
373,74600,rician,0.05,ou,velocity,False,False,False,full,True,False,False,False,500.0,706.6515672740699,3.5332578363703493,8.45831856823241,5.670551969909288,4.272520424735021,85.45040849470041,6.143207067642002,0.07301942822523415,200,367.62499873102263,319.6095174597478,302.84276889913275,224.65254628410685,0,569.9559779899795,454.83549081337156,705.5138292376762,621.3527810454586,7.092481649572198,7.052413244865831,0.040068404706366856
374,74800,rician,0.05,ou,velocity,False,False,False,full,True,False,False,False,500.0,952.9629021384997,4.764814510692498,8.319182979675842,2.9392614572006424,6.058180735163217,121.16361470326434,5.496516314728999,0.17599123274441808,200,236.79450016999658,305.31431151025976,90.33838070699503,263.52652979623406,0,514.7854137503115,367.0432014201476,742.0884862496114,683.6177150148824,7.024780425703497,7.045568538876869,0.020788113173371592
375,75000,rician,0.05,ou,velocity,False,False,False,full,True,False,False,False,500.0,748.4313852718017,3.742156926359008,8.127706838998732,4.163320023684262,4.485191796129043,89.70383592258086,6.472824039453332,0.28859574704896657,200,342.401018436411,374.85512650658643,74.26717184462507,287.0852172287849,0,739.06666161419,178.44384531471644,199.65385430743228,545.3708024974901,6.793857975807117,7.01384448706176,0.21998651125464264
376,75200,rician,0.05,ou,velocity,False,False,False,full,True,False,False,False,500.0,1542.7332244695383,7.713666122347692,8.741944202559228,0.24407945934903283,8.497864743210195,169.9572948642039,6.75272936212229,0.48866634860634806,200,371.13430026248375,373.72124451646135,335.22911814216985,292.5380648957637,0,374.5685087648233,446.87109781668954,589.56983539626,455.6796435136318,6.818895795616115,7.038304427071401,0.21940863145528589
377,75400,rician,0.05,ou,velocity,False,False,False,full,True,False,False,False,500.0,1595.6020527366395,7.978010263683197,9.487821815503136,0.5612805727875181,8.926541242715613,178.5308248543123,6.278220405854686,0.48163481408730147,200,356.12094939105737,326.88601827314574,280.984546863385,229.35229846707838,0,177.6452510888863,510.0426341561192,797.0929057256959,692.8531919547607,6.900281002707193,7.060206763921734,0.1599257612145406
378,75600,rician,0.05,ou,velocity,False,False,False,full,True,False,False,False,500.0,1651.6367319757487,8.258183659878744,9.3721193324834,0.30404443048255136,9.068074902000856,181.36149804001712,6.711862039166676,0.48797397650778296,200,380.9915553249452,357.67235897362644,380.8525504852759,336.2281653836864,0,61.08810369524508,409.6390353927285,1017.4643751515237,601.0578797376271,6.976979139911721,7.0633119537304605,0.08633281381873914
379,75800,rician,0.05,ou,velocity,False,False,False,full,True,False,False,False,500.0,941.2764480540203,4.706382240270101,8.314842085420382,2.781604762125984,6.048211668873464,120.9642333774693,5.429332722275428,0.3245452023827238,200,297.90290062305445,231.38757646673037,281.5423831974681,201.1378748119019,0,525.2582976624864,168.45328034520998,467.3481115855341,757.8659227127328,6.9921436534447095,7.029993394198161,0.03784974075345193
380,76000,rician,0.05,ou,velocity,False,False,False,full,True,False,False,False,500.0,1501.5552838968606,7.507776419484303,9.013593611498315,0.5810140859802407,8.465972012016376,169.31944024032754,6.844521645303436,0.41955290718004107,200,377.36918661984197,376.8791253473788,361.27877720523276,370.7106090988255,0,246.08338561023976,257.8505405854404,687.997418207955,652.3300894150454,6.992737630196328,7.094180183039893,0.10144255284356518
381,76200,rician,0.05,ou,velocity,False,False,False,full,True,False,False,False,500.0,1429.007330202701,7.1450366510135055,8.798701194428714,1.3776154702885526,7.94842680107578,158.9685360215156,6.276018112208186,0.25140428497921674,200,350.0258424217519,351.5797270372107,338.5800699951143,253.93912777121554,0,656.9109113670298,159.235475641632,958.3020679337486,270.5417108786046,7.013443041386142,7.096061720589286,0.08261867920314359
382,76400,rician,0.05,ou,velocity,False,False,False,full,True,False,False,False,500.0,1351.58551591209,6.75792757956045,8.230626065058903,0.8656185381706922,7.36500752688821,147.30015053776418,5.27481748118422,0.47643694657832386,200,355.9993659540422,203.28636637651914,303.2165149476391,119.32724678752484,0,817.2155779624844,431.068956165748,406.0454081175084,550.8865799811222,7.127735660545374,7.093220701088077,0.03451495945729732
383,76600,rician,0.05,ou,velocity,False,False,False,full,True,False,False,False,500.0,1542.6667501619027,7.713333750809514,9.330884022608322,0.8894479162616287,8.441436106346695,168.8287221269339,6.321899325821743,0.48427372811362146,200,356.46518976846625,344.40609188673045,330.99518706481683,279.3510443843955,0,100.16941373790233,468.8526978949813,327.05140585593114,417.0204430246491,7.1148813108358056,7.105706677180495,0.009174633655310238
384,76800,rician,0.05,ou,velocity,False,False,False,full,True,False,False,False,500.0,190.81429130272957,0.9540714565136479,8.759260988853802,7.486114098309673,2.568527987651332,51.37055975302663,6.744800188708252,0.25932618017774073,200,380.9952169912499,266.14629559564617,380.79803403060436,246.3681225815182,0,269.7469956941442,148.11638454513263,143.0360517415326,1039.094026308034,6.966202006589801,7.068739106117539,0.10253709952773793
385,77000,rician,0.05,ou,velocity,False,False,False,full,True,False,False,False,500.0,569.8635878174304,2.8493179390871517,7.775672620618449,3.613474925073941,4.162197695544504,83.24395391089008,6.368019975359789,0.45555738349445163,200,337.09507109440136,334.1286349580418,248.17219345721963,231.86416999720325,0,1019.1209962612841,525.3195199027598,106.72224426615134,648.1525551592622,6.804650655544334,7.023679835803027,0.21902918025869322
386,77200,rician,0.05,ou,velocity,False,False,False,full,True,False,False,False,500.0,1338.8396200654533,6.694198100327267,8.773001860423019,1.3658512225684036,7.407150637854614,148.1430127570923,6.094001766905553,0.36292986482847484,200,316.0000049650856,357.11609533554355,87.76195451610181,194.37913031661736,0,510.5077945653548,201.65301023293614,368.7782408686671,457.66496053663803,6.876513821817262,7.057729942022754,0.18121612020549183
387,77400,rician,0.05,ou,velocity,False,False,False,full,True,False,False,False,500.0,1388.3802112631868,6.941901056315934,8.439231534214851,0.9044319953426542,7.534799538872191,150.69599077744382,5.153602479767527,0.4673631286388263,200,259.2553174515685,313.3873611912585,210.15188731801592,277.7507990322815,0,587.7600522360385,299.1093451974807,659.1227874268247,924.9907793571142,6.942507932148137,7.060393694496831,0.11788576234869375
388,77600,rician,0.05,ou,velocity,False,False,False,full,True,False,False,False,500.0,1516.5189197662269,7.582594598831134,9.190167824196394,0.9288345218013143,8.261333302395087,165.22666604790174,5.532106895928902,0.4506089200923452,200,274.9734732809401,315.02121155643164,169.1120894321183,308.42412605798023,0,281.94364980141347,343.2416759473714,478.0114487779664,475.6048020284593,6.93201528195257,7.064660367519914,0.13264508556734356
389,77800,rician,0.05,ou,velocity,False,False,False,full,True,False,False,False,500.0,1636.2138210496685,8.181069105248342,9.102430591399486,0.2565247283304085,8.845905863069076,176.9181172613815,5.549645073897443,0.33702146641910075,200,288.4242675880623,325.18515234888275,241.41096487351916,258.9403440901676,0,241.57851942729323,257.3775306673361,466.5314444776433,126.33706687999599,6.99199370744479,7.078694187178012,0.08670047973322248
390,78000,rician,0.05,ou,velocity,False,False,False,full,True,False,False,False,500.0,-16.90105868924065,-0.08450529344620325,7.8450657714222025,7.697777583553929,0.6631156143490191,13.262312286980382,6.223840249748954,0.41899891797220334,200,358.5975343523181,332.62375658091094,343.85761157383484,318.7651300723152,0,952.2727580085588,472.7065794854754,36.749834556332054,674.311398171874,6.763718454202397,7.016186875602275,0.252468421399878
391,78200,rician,0.05,ou,velocity,False,False,False,full,True,False,False,False,500.0,908.5246770807355,4.542623385403678,8.887516350631293,3.940311532603615,5.760683994215055,115.21367988430113,6.589630185314036,0.09481297944672405,200,357.2244198800881,339.50930606298044,342.2498049282396,313.27958697526094,0,290.1436968764055,149.26076572975,623.0416656337014,809.3951687593305,6.618691517996242,7.0080476223472825,0.38935610435104095
392,78400,rician,0.05,ou,velocity,False,False,False,full,True,False,False,False,500.0,1329.849524229866,6.649247621149329,7.934681919193126,0.4895421099872153,7.445139809205916,148.90279618411833,6.639794025802888,0.24969772977055982,200,367.5144059701693,369.44365600255634,355.2156307627873,334.79979931782447,0,661.711854285842,191.0191422988813,805.6272280642931,320.9315718228079,6.611314120115564,7.010742356263463,0.3994282361478989
393,78600,rician,0.05,ou,velocity,False,False,False,full,True,False,False,False,500.0,1131.0249675805599,5.655124837902799,8.256347347997913,1.074912095071768,7.181435252926145,143.6287050585229,6.878137768657009,0.4806745861470699,200,281.3126775124368,378.4072089942316,252.09351801620093,365.50979087757554,0,662.7868615731794,504.74533662896425,284.1781910053424,460.15401683002233,6.7567598615251185,7.004687981069615,0.2479281195444969
394,78800,rician,0.05,ou,velocity,False,False,False,full,True,False,False,False,500.0,1361.5736881485814,6.807868440742907,7.824299812846362,0.17461908795152695,7.649680724894826,152.99361449789652,6.839097845791567,0.49111680142581465,200,372.04669770376506,380.9862517536753,307.9878887257487,380.83921807405625,0,762.2383354548656,235.20595335171762,797.674884216823,557.2257730903544,6.8363348610117,6.988807807859916,0.15247294684821622
395,79000,rician,0.05,ou,velocity,False,False,False,full,True,False,False,False,500.0,1038.3682106150993,5.191841053075496,8.202487428183277,3.1179924503212217,5.7458295554427945,114.9165911088559,4.695173544700744,0.16079787366557866,200,318.1684256004974,194.3596069774507,195.98674827472632,185.1337102908936,0,714.4748049338688,521.8704956891945,447.4011727418817,580.6439127435739,6.899366748977387,6.963728815232878,0.0643620662554909
396,79200,rician,0.05,ou,velocity,False,False,False,full,True,False,False,False,500.0,1451.2620635988858,7.256310317994429,8.564387715386548,0.8270982880803922,7.7372894273061545,154.74578854612312,4.246924205292712,0.180111650461331,200,249.63942096723022,192.38204451953843,68.24349035671298,45.132293979030116,0,532.8602429202529,170.05758912753848,288.9399617444553,184.7790419680011,6.861337983182186,6.989900321742859,0.12856233856067245
397,79400,rician,0.05,ou,velocity,False,False,False,full,True,False,False,False,500.0,1098.9207204094932,5.494603602047466,8.067106157192434,1.803246132849744,6.263860024342694,125.2772004868539,6.57048209443759,0.33870081558590753,200,377.4543325484003,351.51730495674786,375.42538529272446,313.0205480595358,0,910.3189199959329,625.2313498843885,346.18162191497663,501.27906219744136,6.728203922263541,6.977522426652138,0.24931850438859726
398,79600,rician,0.05,ou,velocity,False,False,False,full,True,False,False,False,500.0,1604.520131870908,8.02260065935454,9.190912610581858,0.5487350878283104,8.642177522753546,172.84355045507095,5.4329097436728455,0.3579731906671077,200,274.7313319729021,304.72165112562374,230.7349021226508,264.64337783155185,0,415.8265873425585,354.3123712633391,613.0893541789233,393.0587064021147,6.706909053301175,6.996906459754526,0.2899974064533515
399,79800,rician,0.05,ou,velocity,False,False,False,full,True,False,False,False,500.0,1525.033730031488,7.625168650157439,10.207559690035357,2.2419747732454955,8.349397046600249,166.98794093200502,6.323951267996744,0.353449720966164,200,350.9286054854133,352.27782528758996,333.65228496972935,341.5188466281035,0,308.0546946840971,342.5558061293021,413.60275585587175,552.7366186015906,6.821968322187513,6.99912820720709,0.17715988501957725
400,80000,rician,0.05,ou,velocity,False,False,False,full,True,False,False,False,500.0,1536.8400421943634,7.684200210971817,9.237608386781778,0.8531779169580002,8.384430469823773,167.68860939647547,6.042446827973361,0.3454550157499034,200,354.12434230074405,323.30381572241214,327.5722843041257,266.7497126964327,0,190.0990351362508,65.08755374096648,740.2678840194391,630.1716455116149,6.817891245077883,7.019986288433923,0.20209504335604045
401,80200,rician,0.05,ou,velocity,False,False,False,full,True,False,False,False,500.0,1003.9870152574825,5.019935076287413,7.759554339176557,0.5802130777516934,7.179341261424865,143.5868252284973,5.914444277759974,0.3833000509859994,200,335.53491564859655,158.24403663723842,322.8666976068736,83.29410489610694,0,908.3778486690162,608.1574408390677,523.2584229689178,448.77934239191507,6.779436968095337,7.024721975529383,0.24528500743404624
402,80400,rician,0.05,ou,velocity,False,False,False,full,True,False,False,False,500.0,1343.8558928361401,6.7192794641807,8.140376990849504,0.5750669540397555,7.565310036809754,151.30620073619505,6.428961731463361,0.4898575154691935,200,380.97620423674397,328.78132522943537,380.8375845331351,313.81360072573534,0,710.978062486072,345.98716400694724,750.6045397983942,777.9011676321542,6.789452093591414,7.0201224115867475,0.2306703179953331
403,80600,rician,0.05,ou,velocity,False,False,False,full,True,False,False,False,500.0,1192.516057429922,5.96258028714961,8.49902752387272,0.9630615125505702,7.535966011322153,150.71932022644305,6.261380383648945,0.49501797527074815,200,291.37945169672923,301.2462595138861,275.12967664179286,131.6608985052723,0,455.25553794199755,509.7411935082616,790.4955950808351,1154.3823368673723,6.744178588840187,7.0247282384281595,0.28054964958797246
404,80800,rician,0.05,ou,velocity,False,False,False,full,True,False,False,False,500.0,1102.979736130947,5.514898680654735,8.484483735723677,2.0713042415637544,6.413179494159926,128.26358988319853,6.708020916205498,0.4895523350685835,200,380.9938159735576,360.16201065081646,380.94031618135904,353.3416747095963,0,388.77064461440386,267.792576499327,304.87364145921924,656.9782796250348,6.936411164165617,7.01630300991882,0.0798918457532034
405,81000,rician,0.05,ou,velocity,False,False,False,full,True,False,False,False,500.0,1408.319647963499,7.041598239817494,8.433074346290235,0.7673248364426569,7.665749509847572,153.31499019695144,5.231784147341997,0.38658335206098854,200,317.1385116989894,235.1771020228857,289.57428956713164,162.4064445287278,0,588.538878004794,370.5120804521665,417.3894587468165,326.64512446607137,7.111588754880771,7.020244299840912,0.09134445503985855
406,81200,rician,0.05,ou,velocity,False,False,False,full,True,False,False,False,500.0,770.2754557625511,3.851377278812756,8.136463696115511,4.412296223357035,5.110288808839449,102.205776176789,5.711682572632139,0.10383733786642552,200,213.57485440251304,286.9693431298735,197.59158145888415,267.3552697029606,0,752.56456827628,708.8723439378913,638.349075786947,478.2113900512881,6.996745663430012,6.983768880913265,0.01297678251674661
407,81400,rician,0.05,ou,velocity,False,False,False,full,True,False,False,False,500.0,1468.4437216325443,7.342218608162722,9.577710615578338,1.3694030670042923,8.344640955436246,166.89281910872495,5.5032274580686105,0.2994989429414272,200,286.902822814674,305.65308972653656,186.3081696865747,277.22064056950734,0,311.0771041820102,297.98152335246897,336.1477171414448,376.96470965624485,7.037237734258214,6.993933108123098,0.04330462613511621
408,81600,rician,0.05,ou,velocity,False,False,False,full,True,False,False,False,500.0,944.2235625022931,4.721117812511466,8.886287835272288,3.282878049301938,6.043869880966612,120.87739761933223,6.740784614918142,0.30725139313843103,200,377.7811351231732,320.44979385713674,369.6076892722356,298.5296277769995,0,511.1511476201161,253.06977976221714,443.1694191898492,1034.8491519082456,6.92636456318679,6.977233856667069,0.0508692934802788
409,81800,rician,0.05,ou,velocity,False,False,False,full,True,False,False,False,500.0,1198.332487386383,5.991662436931915,8.877518598736238,1.702717731391669,7.252897872961904,145.05795745923808,5.085055264665841,0.2550670400168747,200,370.38194836582096,163.6017198119024,352.53685841702617,26.513792187696236,0,383.70363847385545,314.4167286470715,747.1392701745451,958.0648373765787,6.846714163681433,6.966308550964268,0.11959438728283445
410,82000,rician,0.05,ou,velocity,False,False,False,full,True,False,False,False,500.0,1860.1399298470642,9.300699649235321,10.446496475439742,0.3850123943486968,10.06148408109104,201.2296816218208,6.596771995772058,0.34144145065918563,200,370.7635727867419,360.6195416916196,347.3515825897592,329.4374661773519,0,151.44924896416498,140.69395305028655,484.8911361159316,288.8228806864203,7.3166325870185345,6.992086905055224,0.32454568196331035
411,82200,rician,0.05,ou,velocity,False,False,False,full,True,False,False,False,500.0,947.1685828762444,4.735842914381222,7.695882342335701,1.7785585449864973,5.917323797349203,118.34647594698409,5.916263413231025,0.39629188247490676,200,278.40765026746055,326.99063668670817,218.05059285864706,205.01614070335623,0,1027.5462023057053,437.6639083108726,390.18112655665874,834.9170453248406,7.324464577175242,6.985579336567009,0.33888524060823233
412,82400,rician,0.05,ou,velocity,False,False,False,full,True,False,False,False,500.0,1472.83383776703,7.36416918883515,8.748267647868039,0.5944891493464084,8.158270649370419,163.16541298740836,6.922952468258107,0.4581996295345016,200,380.44768267985336,380.2725141758099,380.21828831968617,377.26303654436737,0,340.8839593503182,242.9564124023006,949.1942898211847,905.6478477420559,7.360121119183466,6.996429927018393,0.3636911921650734
413,82600,rician,0.05,ou,velocity,False,False,False,full,True,False,False,False,500.0,1093.8526797737209,5.469263398868605,8.140681902573519,2.642769417306383,6.285679566906236,125.71359133812474,5.700542055378817,0.331634253449738,200,379.8256015684472,240.78039232517602,378.8109849467457,191.04775212485723,0,838.1809676511652,512.6935161502867,686.3222449636488,516.2100696823279,7.31533333488247,6.987380886611166,0.3279524482713043
414,82800,rician,0.05,ou,velocity,False,False,False,full,True,False,False,False,500.0,1522.1948617456874,7.610974308728437,8.734926894617823,0.43430310698163055,8.300623787636194,166.0124757527239,5.819097698174849,0.37646068333415317,200,326.8915412357709,322.55537842370427,129.8456631398012,290.2436417398085,0,454.4054414134678,418.37229646221726,411.79803622020694,291.9279994849033,7.3478804880195385,6.987047611914355,0.36083287610518333
415,83000,rician,0.05,ou,velocity,False,False,False,full,True,False,False,False,500.0,1232.7737429386636,6.163868714693319,8.048787407348167,0.9532213363961891,7.099361827474598,141.98723654949197,6.326694715397094,0.397313292264007,200,318.1277173082952,375.6905787644869,118.85409850169964,332.18186061651795,0,744.4232915015953,404.87100614230746,466.3379623955894,525.6533512494162,7.41555710162113,6.970313860774485,0.44524324084664535
416,83200,rician,0.05,ou,velocity,False,False,False,full,True,False,False,False,500.0,788.6587572813654,3.943293786406827,9.500041922862481,4.400169386145509,5.19501247715608,103.9002495431216,6.798357056306912,0.3879197844187729,200,380.9913693769435,365.92609635306496,380.6926809827731,318.7603600834567,0,396.3853984004556,161.71457409796955,201.24355392276635,889.5803749516954,7.288443254113625,6.941281150278721,0.3471621038349042
417,83400,rician,0.05,ou,velocity,False,False,False,full,True,False,False,False,500.0,1039.783481248019,5.198917406240095,9.182664330061543,5.00314046368311,5.76963180756789,115.39263615135783,5.038025014508734,0.17782093935646118,200,380.6330068084276,139.51623489176916,380.37029181877915,128.98413205201769,0,301.62053016937114,148.115204662723,1020.2764358898933,718.31661983437,7.263731843274885,6.923103657212971,0.34062818606191403
418,83600,rician,0.05,ou,velocity,False,False,False,full,True,False,False,False,500.0,1103.2387255558178,5.5161936277790895,8.458485718267513,1.5341164799855884,6.924369238281923,138.48738476563844,6.731408897372717,0.35583076988346873,200,360.6269672473683,320.69390732425353,348.50307283722685,296.0258937691981,0,402.90127231592083,268.72121858536264,415.48530489871973,704.6468446881324,7.177841429051303,6.926029094830077,0.25181233422122595
419,83800,rician,0.05,ou,velocity,False,False,False,full,True,False,False,False,500.0,1088.7702381774795,5.443851190887398,8.870241604739908,2.6341961621072687,6.23604544263263,124.72090885265261,6.919317431737352,0.48261910818517206,200,379.1076133448343,380.2379172155876,378.8856341842978,379.9304836245857,0,570.0608475293591,278.0264078251001,207.2176201968399,819.009825792842,7.0721738488529216,6.93546808246878,0.13670576638414111
420,84000,rician,0.05,ou,velocity,False,False,False,full,True,False,False,False,500.0,1581.79785990198,7.9089892995099005,9.164771633864023,0.5260107952585495,8.63876083860547,172.77521677210945,6.35113973068932,0.4336931122932583,200,349.464913122559,354.39924409714223,272.371250687478,210.79659571407075,0,348.56202874942403,100.80819984020381,353.27990354008506,368.7535804124697,7.084890367292009,6.941326271101941,0.14356409619006794
421,84200,rician,0.05,ou,velocity,False,False,False,full,True,False,False,False,500.0,966.3776092030075,4.831888046015037,8.252818131532928,0.9925656107096684,7.260252520823266,145.20505041646533,6.873334337807258,0.48820632487535476,200,336.8203121850567,227.2868334310907,284.12472415113,227.19330522431818,0,560.5025186713835,488.03725938966784,261.5289167855505,370.17992809779,7.088935930261928,6.921765156586707,0.16717077367522126
422,84400,rician,0.05,ou,velocity,False,False,False,full,True,False,False,False,500.0,1665.3792523210411,8.326896261605206,9.317830854181365,0.2008846040086149,9.116946250172752,182.33892500345505,6.89387781701169,0.4836481352895498,200,380.9135973898082,377.1129402803212,380.8233354344387,366.2353973113933,0,384.63428929966364,308.42457986472283,805.6022243988772,343.03495091462753,7.166517740930078,6.94536472656406,0.22115301436601786
423,84600,rician,0.05,ou,velocity,False,False,False,full,True,False,False,False,500.0,1408.8058267937317,7.0440291339686585,9.411992179587445,1.0597889004335737,8.35220327915387,167.0440655830774,6.220626961010855,0.4899456255324185,200,241.79620318890613,364.66773213626385,181.55766234753105,338.4114653087829,0,241.83367907804032,506.6345869788605,344.3385314166903,621.7242176570549,7.207329604321663,6.951749481323599,0.25558012299806343
424,84800,rician,0.05,ou,velocity,False,False,False,full,True,False,False,False,500.0,1325.0221356754882,6.625110678377442,8.667929477698957,1.3333388156064148,7.380531031304684,147.6106206260937,6.463645204104211,0.3117783583351411,200,328.0486639472864,380.51817207663197,225.9853979106661,378.89210208195806,0,484.11412869088883,322.1549107547068,609.1942174789219,630.1770228734979,7.255697181178901,6.98672664659871,0.26897053458019116
425,85000,rician,0.05,ou,velocity,False,False,False,full,True,False,False,False,500.0,1657.9144283613584,8.289572141806792,10.081661576026296,0.4375964925786539,9.644065083447641,192.88130166895283,5.77985260425423,0.4935059182345867,200,341.37819260188354,254.63944967193947,171.94131410085635,121.91944010783352,0,118.22234972584272,318.8490095011427,448.58746574957604,298.1342399250494,7.354612959858905,6.998153922829472,0.35645903702943293
426,85200,rician,0.05,ou,velocity,False,False,False,full,True,False,False,False,500.0,1728.0907647365254,8.640453823682627,9.313126338083558,0.1097787576602459,9.203347580423307,184.06695160846616,4.881355094392756,0.46929270423483105,200,248.29260243386435,272.72861348054585,51.143737361521744,188.79320482488984,0,307.1694286718581,236.59071871579496,875.2835163491197,421.9945115122971,7.559265898438096,7.015787918959905,0.5434779794781912
427,85400,rician,0.05,ou,velocity,False,False,False,full,True,False,False,False,500.0,1737.7795657857005,8.688897828928502,9.603359155467027,0.2512602643947799,9.352098891072249,187.041977821445,5.78918966761064,0.38962236215826124,200,332.1596660147914,300.8530065295072,326.56962565324096,187.69347956032814,0,331.93817254760535,62.84885746811032,362.51830454880076,107.96861257747507,7.609638795219898,7.025182354630621,0.5844564405892774
428,85600,rician,0.05,ou,velocity,False,False,False,full,True,False,False,False,500.0,1590.6187398680336,7.953093699340168,8.887558229470377,0.30336501796355414,8.584193211506822,171.68386423013644,5.374050275043249,0.48486041754484177,200,370.83427634971383,205.66895607331418,334.989844036382,61.28623267192344,0,550.4646364553255,363.71506662369086,247.7622915838255,134.8023338002425,7.736654961746909,7.066060286017245,0.6705946757296646
429,85800,rician,0.05,ou,velocity,False,False,False,full,True,False,False,False,500.0,1608.8125366975503,8.044062683487752,9.243939383790671,0.49499926632668567,8.855417783310338,177.10835566620682,6.86098883236139,0.46734255822375415,200,380.6295592809806,374.3169880690149,380.2257921237185,361.7473928344749,0,97.294792462699,254.2793413533393,606.8766574630976,283.69173225788126,7.8167809572643305,7.103027007245579,0.7137539500187513
430,86000,rician,0.05,ou,velocity,False,False,False,full,True,False,False,False,500.0,1238.6686602382083,6.1933433011910415,9.05841109699493,2.166959861822053,7.83089232488606,156.6178464977212,6.203362515676048,0.3992917109001428,200,288.23129824574346,310.8180860765452,277.96275952718827,268.7379526797257,0,480.31196275142213,507.1025039050138,691.6007269819527,223.77702935555592,7.705251369454082,7.1585596954388135,0.5466916740152685
431,86200,rician,0.05,ou,velocity,False,False,False,full,True,False,False,False,500.0,884.804853788312,4.42402426894156,8.600246662304443,2.4862603986570035,6.1182056288328095,122.36411257665621,6.755067894566911,0.49145627386868,200,343.03597482361147,329.50994290029,314.83451056798253,304.600967581766,0,465.5749993474884,524.6710603910996,177.39181674586308,595.0354600835342,7.715295461028262,7.129894034949189,0.5854014260790734
432,86400,rician,0.05,ou,velocity,False,False,False,full,True,False,False,False,500.0,1267.1098611896348,6.335549305948174,8.517291345135718,0.6549876799665781,7.8623036651691365,157.24607330338273,6.819812068886981,0.48080645404756067,200,378.91778345754443,311.6390450050368,377.48468636698055,292.8464412293348,0,508.7871743111453,227.59100289160298,701.3755725505503,640.5770019226384,7.7004971118181995,7.118136886691899,0.5823602251263003
433,86600,rician,0.05,ou,velocity,False,False,False,full,True,False,False,False,500.0,1097.3836372177705,5.486918186088852,7.808584444455972,0.27883737537525616,7.529747069080723,150.59494138161443,6.824653767416039,0.4879734245687723,200,280.20611970120615,333.923446756643,275.7707575249927,313.8525374318169,0,978.950201088227,503.01377659637046,1098.7909379654714,579.5620705196918,7.7627004869269225,7.107406164332434,0.6552943225944885
434,86800,rician,0.05,ou,velocity,False,False,False,full,True,False,False,False,500.0,1322.8879986967593,6.6144399934837965,8.667115562197134,1.3709708407494992,7.29614472144763,145.92289442895262,5.92365748927181,0.24437470665434374,200,310.6746698319809,346.341909666671,260.65441603015927,293.2498677138876,0,570.4568112202733,328.11397875101926,224.5837474321627,278.00827462944505,7.712476533617495,7.101996699882693,0.6104798337348019
435,87000,rician,0.05,ou,velocity,False,False,False,full,True,False,False,False,500.0,988.0138212469657,4.940069106234828,8.406052461024363,2.7041733920937565,6.593020115019604,131.86040230039208,6.6493337750199535,0.3566985542420298,200,328.0554028364831,327.35619122983803,305.8967225615148,308.82412890187135,0,756.0092601326309,512.0552152576728,657.6882945827805,729.5878665121905,7.687159447994743,7.086474514624104,0.6006849333706388
436,87200,rician,0.05,ou,velocity,False,False,False,full,True,False,False,False,500.0,1318.2991483799115,6.591495741899557,8.604226699928454,1.1666338389974564,7.437592860931,148.75185721862,6.930469975069575,0.3861127520375885,200,380.9891981090242,380.9769457957932,380.87775287745507,380.8166261818525,0,395.99947913453235,192.69674831001262,378.32551950250286,260.18846863206466,7.799288467183492,7.090763564054303,0.7085249031291889
437,87400,rician,0.05,ou,velocity,False,False,False,full,True,False,False,False,500.0,1259.8272724215165,6.299136362107582,7.998606992342715,0.09857977301386704,7.900027219328853,158.00054438657708,6.932702783935765,0.4924257869273424,200,380.2877201616636,293.8624004958257,379.8896590716464,274.2902952090675,0,891.8161104687318,434.16234656289066,813.9800726232958,217.7049737799934,7.90580823777154,7.09493763368902,0.8108706040825195
438,87600,rician,0.05,ou,velocity,False,False,False,full,True,False,False,False,500.0,1561.7988702780967,7.808994351390484,9.106246900496277,0.5495140313421865,8.556732869154093,171.13465738308187,6.51291105788539,0.4859828798472881,200,352.4921693163253,368.6038401438637,220.85897013449633,364.18912260228245,0,342.1266150661538,109.13258101917081,446.674362345005,250.99868571187415,7.987426419315147,7.114994163380719,0.8724322559344282
439,87800,rician,0.05,ou,velocity,False,False,False,full,True,False,False,False,500.0,422.70394893899885,2.1135197446949943,8.027998922444926,7.741348664261672,2.7981834675040846,55.963669350081695,5.529284632360504,0.17025730882771314,200,273.9755557077798,328.8185663744972,96.07358625714949,245.9743887593217,0,764.7342211570727,373.671597273562,157.83495320699035,651.0727204325523,7.815533320558719,7.048706408566762,0.7668269119919575
440,88000,rician,0.05,ou,velocity,False,False,False,full,True,False,False,False,500.0,1029.2350541559122,5.146175270779561,8.245572752890235,1.732581788051139,6.512990964839097,130.25981929678196,6.766562166575466,0.48772153317928313,200,347.370903650707,380.8558213187066,330.8097387179869,380.62851255286404,0,658.5218110691463,516.0897910603778,217.8904935138804,642.6368291249343,7.709244826870401,7.041242744227016,0.668002082643385
441,88200,rician,0.05,ou,velocity,False,False,False,full,True,False,False,False,500.0,1292.147082245548,6.46073541122774,8.330669831444757,0.7237713690786779,7.606898462366072,152.13796924732145,4.707370377527907,0.37501280013588256,200,282.5547191646817,151.7730347773158,233.11779233646064,88.14819193130838,0,554.5426121541007,522.0923634311727,537.6103922205644,544.6231032216275,7.726577123947543,7.035106859153022,0.6914702647945203
442,88400,rician,0.05,ou,velocity,False,False,False,full,True,False,False,False,500.0,1091.8188707899883,5.459094353949942,8.000376343434606,0.8630940572552299,7.13728228617938,142.74564572358761,6.562907023759732,0.42046296841697767,200,372.9043288044286,250.59136560819655,335.9777123021716,240.23498629588912,0,849.4623624470266,326.1860868007056,513.2907383682556,529.9087337712095,7.627593925747874,7.023067303382398,0.6045266223654764
443,88600,rician,0.05,ou,velocity,False,False,False,full,True,False,False,False,500.0,1737.3390119771345,8.686695059885672,9.934979070865456,0.06369543085232014,9.87128364001313,197.42567280026262,5.758777148890293,0.48636225149035456,200,313.78391179098065,277.21023596670506,146.60955859365455,213.30758361625354,0,169.00181912017632,315.2660289246511,659.430503641413,195.56031243226363,7.703547943790836,7.092895729503641,0.6106522142871951
444,88800,rician,0.05,ou,velocity,False,False,False,full,True,False,False,False,500.0,1195.1397781291284,5.975698890645642,8.409052009351196,1.3393241546683945,7.127562259599128,142.55124519198256,5.996452518433614,0.45152824983466416,200,322.0619137222667,314.9163761837813,136.1382733608134,204.21858098348258,0,569.3517359955896,297.03950631641186,282.7311508795006,295.9523673666894,7.690899505205557,7.1548438689544085,0.5360556362511488
445,89000,rician,0.05,ou,velocity,False,False,False,full,True,False,False,False,500.0,1117.957127854227,5.589785639271136,8.054975681980622,0.2157269175599199,7.83924876442071,156.78497528841422,6.741756947426512,0.48998059771955016,200,302.8982489075199,289.3896703442794,281.1501330077653,205.04827019722262,0,737.4971890678914,544.2409043423072,502.20324789985114,282.0401333644587,7.600658689254212,7.159115440389306,0.4415432488649058
446,89200,rician,0.05,ou,velocity,False,False,False,full,True,False,False,False,500.0,1246.7592087296503,6.233796043648251,7.963922480608931,1.4208208371000872,6.972769658665223,139.45539317330446,6.446762221298951,0.41612292900681497,200,372.7150807398994,334.1068520802605,300.8338260284827,245.51448706782116,0,737.5060519724129,270.2512931095706,797.6442072567434,569.4335554286185,7.489129793166308,7.143508075653613,0.345621717512695
447,89400,rician,0.05,ou,velocity,False,False,False,full,True,False,False,False,500.0,1665.0246301440297,8.325123150720149,9.823475005214291,0.8443979124653934,8.979077092748895,179.5815418549779,5.622467198245492,0.4666304472181946,200,295.3798233134239,308.53549370236954,245.25051395550716,299.8692283795131,0,305.0491452088123,284.2195295192556,238.26512692722426,178.9042532931404,7.47047870325014,7.225205347527815,0.24527335572232456
448,89600,rician,0.05,ou,velocity,False,False,False,full,True,False,False,False,500.0,1654.7533601621226,8.273766800810613,9.470198457265335,0.46720184441409607,9.00299661285124,180.05993225702483,6.340212221169407,0.36228102223714814,200,328.17902419788726,368.87633511486,227.54413485171972,134.29852697691155,0,213.15120685385762,260.23768026599413,789.1576488415895,532.8022189699991,7.49141887331736,7.241610890380532,0.2498079829368285
449,89800,rician,0.05,ou,velocity,False,False,False,full,True,False,False,False,500.0,622.6517170603902,3.113258585301951,8.863098337895863,7.602222144151633,3.7639007791696133,75.27801558339227,5.650743007500761,0.20094031267799436,200,349.1936392788187,273.19072077424283,345.0937842808855,144.1001963666716,0,292.6293429080703,104.06438689058926,201.77543784040125,537.7249845005421,7.236843023110325,7.234171563647888,0.0026714594624364096
450,90000,rician,0.05,ou,velocity,False,False,False,full,True,False,False,False,500.0,1349.4661468174247,6.747330734087123,8.669196627969098,1.6003913263430882,7.552973030134111,151.0594606026822,6.7626048889373696,0.14617981692776083,200,374.44651255052145,374.97369730244276,341.8713041636839,349.8020263672014,0,378.2101191926535,275.0104009666936,908.0204142010613,333.6064447958073,7.222947058372727,7.227014093637931,0.004067035265204133
451,90200,rician,0.05,ou,velocity,False,False,False,full,True,False,False,False,500.0,1440.740624801248,7.20370312400624,8.218288358127973,0.25502419019218514,7.963264167935783,159.26528335871566,6.527013649800408,0.4116417726874351,200,356.87083713921885,367.9948147622089,193.10090017060855,353.6725828941532,0,793.8102285861812,318.04197935483427,584.3334388716863,472.9469743809343,7.315199985327875,7.224513462841106,0.09068652248676923
452,90400,rician,0.05,ou,velocity,False,False,False,full,True,False,False,False,500.0,1251.256753820798,6.25628376910399,8.15006771873616,1.3846866682150765,7.044386398942846,140.88772797885693,6.43096569386062,0.3237747714528814,200,368.2429285747416,347.70787531953897,298.72041155286183,145.65229955215307,0,886.7787619688535,374.29802204980194,669.28916327355,481.09975305257007,7.274304122016561,7.237517805610398,0.03678631640616281
453,90600,rician,0.05,ou,velocity,False,False,False,full,True,False,False,False,500.0,1052.9610431649658,5.264805215824829,7.896950034730795,1.7355521036256931,6.161397931105102,123.22795862210205,5.044532262642029,0.41117554922471755,200,293.94215075011914,256.0524549205432,163.47991566951313,134.04484600694815,0,753.5403922100321,422.677268050761,334.28371698200556,575.0450849409859,7.205886665117779,7.226632399604898,0.020745734487118916
454,90800,rician,0.05,ou,velocity,False,False,False,full,True,False,False,False,500.0,1364.146872390666,6.82073436195333,8.043066092484006,0.13626469003596242,7.906801402448045,158.1360280489609,6.7207253731433605,0.46124801083467903,200,343.5339142951348,376.90653291904613,304.79327375897526,360.622495668873,0,891.4352703019547,508.95552890397346,885.3082850935294,454.136700219203,7.236419499167802,7.231578361504006,0.0048411376637957915
455,91000,rician,0.05,ou,velocity,False,False,False,full,True,False,False,False,500.0,1690.9037357167065,8.454518678583533,9.64773931370984,0.45356098973552395,9.194178323974317,183.88356647948635,6.422382261095652,0.4527740468923003,200,340.1018847347904,374.217712247839,232.73118844487928,361.99341334344206,0,207.8424465399106,319.3156257149086,336.0835710337149,393.55608931848474,7.366477409615537,7.232483736803184,0.13399367281235275
456,91200,rician,0.05,ou,velocity,False,False,False,full,True,False,False,False,500.0,1557.2651713200876,7.786325856600438,8.693643443255242,0.12933558752381583,8.564307855731425,171.28615711462848,6.751916473350007,0.49028973452746866,200,371.75406296005207,373.45071588731145,347.7184319554461,367.99435635506995,0,632.7292856952057,264.85540678236976,550.2865722617057,148.9826341236948,7.422813159355556,7.2381557318901955,0.1846574274653605
457,91400,rician,0.05,ou,velocity,False,False,False,full,True,False,False,False,500.0,1634.6504686747944,8.173252343373973,9.131884498495253,0.17040010312150577,8.961484395373748,179.22968790747498,6.890394220399737,0.48043791092932225,200,380.688216120469,376.96908248979736,380.34000758826335,352.32970337735645,0,561.8637222219647,84.89248973069631,779.8223072439799,448.84436409727516,7.475886018157803,7.254782204834993,0.22110381332281026
458,91600,rician,0.05,ou,velocity,False,False,False,full,True,False,False,False,500.0,1216.8919378800856,6.084459689400428,8.659470276584644,0.8638032617941622,7.795667014790475,155.91334029580952,6.510524417211407,0.4243888723105192,200,225.4059109943895,363.0144744561377,184.56351478997416,346.5724893252442,0,432.43117688404556,532.972491253051,442.9305959637865,554.487952659982,7.4378327254396215,7.2573977534037954,0.18043497203582604
459,91800,rician,0.05,ou,velocity,False,False,False,full,True,False,False,False,500.0,1103.4983361644695,5.5174916808223475,8.275420144254223,2.896590469772901,6.247201318012349,124.944026360247,6.0414983579212596,0.2433444475242868,200,349.4786994729417,323.85498221148134,341.21907097529095,252.0655392903075,0,549.6337403176016,210.68093245910788,845.2768651662495,582.6375169175825,7.610283617965034,7.262420552601781,0.34786306536325284
460,92000,rician,0.05,ou,velocity,False,False,False,full,True,False,False,False,500.0,1428.3469486062982,7.141734743031491,9.138505161276614,0.32794582204390593,8.810559339232702,176.21118678465405,6.671235902741844,0.38930430219508705,200,216.0861723137691,362.9393248619682,200.17883594244327,320.12009870945707,0,139.2866354363564,568.0942186755301,505.6994999416358,250.2946085810751,7.725162036684713,7.265985221224267,0.4591768154604461
461,92200,rician,0.05,ou,velocity,False,False,False,full,True,False,False,False,500.0,728.9389677752921,3.6446948388764606,7.719568103037094,2.5472222486135783,5.340089738481671,106.80179476963345,6.261797055335932,0.3531010626675561,200,144.7841950325926,331.07972914194363,119.8215241144522,273.70501833738837,0,944.8621694244995,539.3321263541425,285.0011828809686,479.1948092177003,7.611821600490494,7.244042932836289,0.3677786676542043
462,92400,rician,0.05,ou,velocity,False,False,False,full,True,False,False,False,500.0,1484.809631137414,7.42404815568707,8.70458615091388,0.572023051083796,8.132563099830083,162.65126199660168,6.169048365861736,0.4423742746934295,200,326.09475822631447,355.42820651535203,303.8261410382568,276.26381713630417,0,351.56960556233014,224.9010551596669,322.29002500389413,266.53302428561824,7.661585641173031,7.274577012397555,0.3870086287754759
463,92600,rician,0.05,ou,velocity,False,False,False,full,True,False,False,False,500.0,1043.7481378315954,5.218740689157977,7.975111105738643,1.8942393253405658,6.080871780398073,121.61743560796148,6.327268829365111,0.4262045430857688,200,325.83345885988,369.58309906287997,258.8937722141536,295.33822296386916,0,806.4997865937526,443.42613828316496,269.46526846524284,483.9476964842307,7.4720650481922775,7.248400499196155,0.22366454899612265
464,92800,rician,0.05,ou,velocity,False,False,False,full,True,False,False,False,500.0,1393.9363703176205,6.969681851588103,8.901598893842827,1.2323069577476837,7.669291936095143,153.38583872190284,5.947955020661869,0.4438420690363273,200,310.97580387519054,352.8456489649633,224.3991038179528,254.10240383329406,0,398.55070946168235,217.8444219334812,634.195077783268,1059.3799645832182,7.499151532017078,7.269672277831392,0.22947925418568627
465,93000,rician,0.05,ou,velocity,False,False,False,full,True,False,False,False,500.0,1336.640067259158,6.683200336295791,8.130459199816618,0.9116367304193889,7.3254060380250134,146.50812076050028,5.489448866644706,0.43297363493591545,200,305.7560381937769,297.60114402638067,197.76679276856984,207.77565085462206,0,642.3622433420587,277.74153443279295,562.8366819794363,601.1325945151526,7.473459395697293,7.268994091047104,0.20446530465018853
466,93200,rician,0.05,ou,velocity,False,False,False,full,True,False,False,False,500.0,876.7077760357552,4.383538880178776,9.960920994570273,7.290113897313493,5.1161830198911105,102.3236603978222,6.266782131896566,0.10847513353452086,200,335.2478121547809,363.6454562247149,286.67664394836606,328.9556416110224,0,139.5577955606798,105.3920698800064,426.7939088210271,462.1527006236427,7.380630063758586,7.260457048122054,0.12017301563653238
467,93400,rician,0.05,ou,velocity,False,False,False,full,True,False,False,False,500.0,582.3089688733381,2.9115448443666905,8.363248536533778,4.931603535849476,4.1966372863628685,83.93274572725738,6.523763279427973,0.34246790065430105,200,353.2933111017461,256.0121178397768,314.3749895668173,177.40507329135767,0,551.3372994570392,234.3508599957503,224.29230274502444,1006.1160834574082,7.141508073439286,7.240274247663135,0.09876617422384903
468,93600,rician,0.05,ou,velocity,False,False,False,full,True,False,False,False,500.0,1277.1664613508044,6.385832306754022,7.990904293061837,1.1544364397022833,6.943747395799667,138.87494791599335,4.797418231075164,0.2707007499935571,200,313.38179085617867,211.16935329813074,18.84182400181263,145.4377812768298,0,744.023899784419,451.33385207522633,236.34855913040397,139.58376628449682,7.038545612586707,7.224999858558066,0.18645424597135918
469,93800,rician,0.05,ou,velocity,False,False,False,full,True,False,False,False,500.0,1105.1334377721469,5.5256671888607345,7.8111443923911565,0.9136124491827164,6.897531943208435,137.9506388641687,6.480749698739654,0.47187042425386605,200,297.098181107144,371.8248551775714,233.32590932727342,291.0877610396202,0,853.1293804468578,465.2721888014551,477.02549567133445,473.25633238748435,7.195227170788648,7.217511804457904,0.022284633669255705
470,94000,rician,0.05,ou,velocity,False,False,False,full,True,False,False,False,500.0,1492.3762573405024,7.461881286702512,8.445557532738913,0.22386414507948033,8.221693387659439,164.4338677531888,6.644757161848516,0.4950092866271734,200,374.84026493118574,356.6051431390007,372.89300254412433,285.03947091489687,0,780.3244391797526,221.50131137564742,1213.2925373145072,557.3695824631361,7.228663188664915,7.2474425315425295,0.018779342877614624
471,94200,rician,0.05,ou,velocity,False,False,False,full,True,False,False,False,500.0,1513.3631560888882,7.566815780444441,8.430568007096365,0.05251550820311422,8.378052498893245,167.5610499778649,6.748762102477275,0.48765083722770214,200,380.88417056728537,362.96699912246044,380.4504494574912,340.8830121989118,0,766.6239391262516,389.58046180967307,737.6835501754836,229.4498126798166,7.249402605212788,7.24461082934808,0.00479177586470847
472,94400,rician,0.05,ou,velocity,False,False,False,full,True,False,False,False,500.0,1277.1934208523012,6.385967104261506,9.114398186246628,2.9302682052193747,7.0294836875534,140.589673751068,5.603095981684078,0.26982861625961957,200,238.2222739148945,376.8041240159693,146.83318965862287,351.6703791448386,0,438.08947691214314,148.65135146778096,459.7116450344269,305.86038052829093,7.248657469643317,7.2389787885554195,0.009678681087897267
473,94600,rician,0.05,ou,velocity,False,False,False,full,True,False,False,False,500.0,1603.5267428386976,8.017633714193488,9.398573707233947,0.5626759456556393,8.835897761578307,176.71795523156612,6.811893334435284,0.4065368845546618,200,374.3723508953007,377.26400973205614,328.10443479570154,354.91676835323824,0,339.93573280655306,576.1982233001178,908.364107001057,573.5874989565646,7.382382461166976,7.284612561923852,0.09776989924312396
474,94800,rician,0.05,ou,velocity,False,False,False,full,True,False,False,False,500.0,1353.4131508024248,6.7670657540121235,8.680857021191336,0.1240829317258166,8.556774089465524,171.13548178931046,6.928446874227927,0.49254247434437276,200,379.89207655832286,267.3347343347664,379.4486013466174,266.68071450846384,0,689.032243558486,156.51804928019163,755.2529350321943,390.04126530015026,7.414881095517851,7.309598495466876,0.105282600050975
475,95000,rician,0.05,ou,velocity,False,False,False,full,True,False,False,False,500.0,1155.8300037489357,5.779150018744678,7.834206903993882,0.35577213561540355,7.47843476837848,149.56869536756963,6.398389385220768,0.4297563964361325,200,251.49918065239396,363.72614525511943,232.91821821570554,178.92641524980027,0,829.7417455410131,516.910059374918,367.5219872263407,295.5113598591694,7.329093917738058,7.33953092518937,0.010437007451312041
476,95200,rician,0.05,ou,velocity,False,False,False,full,True,False,False,False,500.0,1444.46776036633,7.22233880183165,8.697377622167707,0.739101486826987,7.958276135340721,159.16552270681444,6.374249479622324,0.44819243903271855,200,349.4364533640744,360.3172231290927,242.45492761567186,326.48766502767904,0,577.2784082264112,251.86033227849921,645.4162236705946,591.354035748383,7.2987923317185235,7.334135039110675,0.03534270739215195
477,95400,rician,0.05,ou,velocity,False,False,False,full,True,False,False,False,500.0,1281.4599377211996,6.407299688605998,9.438643994340591,1.3457872724712137,8.092856721869374,161.8571344373875,6.929793452207429,0.4841383869200945,200,380.1449289842652,293.79519018085375,379.6305506349715,278.58153940544184,0,202.13053590620265,369.7623718124171,431.28001523567013,752.1509114682443,7.255360948043304,7.325798193902213,0.07043724585890931
478,95600,rician,0.05,ou,velocity,False,False,False,full,True,False,False,False,500.0,1501.5293767947421,7.5076468839737105,8.836341115245157,0.5620061000695626,8.274335015175593,165.48670030351187,6.69769823989942,0.4905418258160353,200,374.90207918227344,356.8149223375612,304.4343606559264,344.60860276517326,0,336.9527857560731,161.64438483708247,720.3131057039901,596.9707855568566,7.2792943480625585,7.317860795033961,0.038566446971402435
479,95800,rician,0.05,ou,velocity,False,False,False,full,True,False,False,False,500.0,1101.0498574632509,5.505249287316254,7.801634916317092,0.667674145138428,7.1339607711786615,142.67921542357323,6.503157548879739,0.34948434346937574,200,274.02901890358044,373.909830172795,219.74182716388952,339.1736627402299,0,797.6227976627868,474.4491820544184,875.9707024227912,535.9379738101983,7.3236323207208756,7.328718286057011,0.0050859653361357005
480,96000,rician,0.05,ou,velocity,False,False,False,full,True,False,False,False,500.0,1291.0815107390633,6.455407553695316,8.549093899719775,1.3479421681851458,7.201151731534629,144.02303463069256,6.393096810847294,0.2693918679218041,200,370.3218061380973,336.64412033530624,342.1724067037013,225.43005052921285,0,665.4247340504421,595.2798305308155,526.3069081217732,477.71204282900413,7.243161940335971,7.316070083252194,0.07290814291622372
481,96200,rician,0.05,ou,velocity,False,False,False,full,True,False,False,False,500.0,1662.096252062752,8.31048126031376,9.970589051938077,1.0122518117587056,9.089250736125397,181.78501472250795,6.802671585107271,0.46144171625375746,200,374.2617678335,375.22657743662387,290.5780023815731,305.0350500615749,0,339.4212230931206,179.8432832432364,509.9366635783879,654.2027224533405,7.430619990218157,7.327478322602692,0.10314166761546506
482,96400,rician,0.05,ou,velocity,False,False,False,full,True,False,False,False,500.0,1189.8150936072814,5.949075468036407,8.336318541898617,1.0869138451421845,7.249404696756435,144.9880939351287,6.383012106800108,0.4847248422494158,200,306.15186151973353,338.9264189201318,222.68510997401472,316.9657944633086,0,638.0917998604957,565.760208239568,248.01059766835928,273.43923200582236,7.386462070064477,7.326322294301375,0.06013977576310214
483,96600,rician,0.05,ou,velocity,False,False,False,full,True,False,False,False,500.0,1237.659558576213,6.188297792881064,8.873195709374636,1.1687279397473347,7.704467769627295,154.0893553925459,6.463590567455968,0.483449134901166,200,362.8682439392525,285.0085152650694,315.84090067383505,255.61901386916085,0,357.73657635049136,454.8961474105698,522.3130011623233,716.718196850451,7.467641869525937,7.318952610934181,0.14868925859175608
484,96800,rician,0.05,ou,velocity,False,False,False,full,True,False,False,False,500.0,1610.2038500533097,8.051019250266549,9.087359231123667,0.07855455516700445,9.008804675956661,180.17609351913322,6.581956887076959,0.4225913329748437,200,353.70733986298507,360.6661046267988,287.9792468316574,280.6023738900053,0,376.014471766497,624.5736514703649,644.9654540685873,71.4548894366627,7.534617506519012,7.383355377817233,0.15126212870177902
485,97000,rician,0.05,ou,velocity,False,False,False,full,True,False,False,False,500.0,1302.3645521161386,6.511822760580693,7.867451019608183,0.5441264291536845,7.323324590454497,146.46649180908994,5.014388388465195,0.4858746127039194,200,326.72677649614633,208.87858740177163,191.253155513711,164.956959297398,0,910.6945959012088,533.6059015538535,649.5875957366097,548.7071434735003,7.534513434140488,7.414966646766333,0.11954678737415492
486,97200,rician,0.05,ou,velocity,False,False,False,full,True,False,False,False,500.0,1443.2075394493836,7.216037697246918,8.359898520373864,0.36144580028479434,7.998452720089082,159.96905440178165,6.790666313155876,0.4803468456864357,200,367.77830949617004,380.9793629230995,340.36872044834394,380.829449686779,0,548.8864108747467,391.4821239370687,692.3508501221659,603.9812152175864,7.678626919150386,7.420879667588678,0.2577472515617085
487,97400,rician,0.05,ou,velocity,False,False,False,full,True,False,False,False,500.0,857.3846912106775,4.286923456053388,8.359380489031912,4.760493748558867,5.025398705148693,100.50797410297388,6.350163562497251,0.1373757080361247,200,366.7333699850227,342.30441988897456,359.5142410053845,280.53139471977835,0,778.4660610529305,505.079701429359,419.16491168387006,483.78162482675526,7.720064990089677,7.395785659251443,0.3242793308382339
488,97600,rician,0.05,ou,velocity,False,False,False,full,True,False,False,False,500.0,1383.4903321315462,6.917451660657731,8.18421782092988,0.11042733115254935,8.073790489777341,161.47580979554684,6.649345068597309,0.487660728469491,200,353.948163528999,347.0731907935286,284.54470415364585,328.52693188706894,0,548.7149130225503,388.9203217511431,524.4038692474028,182.21533371324995,7.776567144788561,7.393910231125266,0.38265691366329513
489,97800,rician,0.05,ou,velocity,False,False,False,full,True,False,False,False,500.0,1055.024396491004,5.27512198245502,8.652295918663897,2.608834543160573,6.043461375503321,120.86922751006642,6.677468884010369,0.4621220924379304,200,373.233273608899,363.056714443027,337.6573041746366,348.8701603400725,0,514.7708688173111,180.72058896464873,109.68737068200326,477.591697374103,7.733863616403305,7.365885786249607,0.36797783015369756
490,98000,rician,0.05,ou,velocity,False,False,False,full,True,False,False,False,500.0,1440.8687709968654,7.204343854984327,8.548748799890738,0.8365128600042808,8.000214225751254,160.0042845150251,6.346512922754963,0.44791495116427543,200,327.5722836504963,369.64461952029546,242.1367570156556,312.55313646432234,0,432.60747415114764,364.73004794579816,356.52905475033344,291.9017092311049,7.722789658307894,7.439256772363631,0.28353288594426296
491,98200,rician,0.05,ou,velocity,False,False,False,full,True,False,False,False,500.0,318.62711367690525,1.5931355683845263,9.073800897166677,8.205501329006829,2.623056887222691,52.461137744453815,6.625873721070143,0.16323672396596522,200,339.7741571479434,365.214499035247,238.61420117585956,320.3885496092121,0,469.56563085460976,502.90284726815383,69.07488083711938,337.7013387689402,7.4350398777243685,7.4078805012937075,0.02715937643066102
492,98400,rician,0.05,ou,velocity,False,False,False,full,True,False,False,False,500.0,1138.7378734596598,5.693689367298299,8.386297696218147,3.2629976066104933,6.429431927994997,128.58863855989995,5.526872689287221,0.30593677822500465,200,342.38057121686717,264.3299006469946,155.66427754076304,243.47191408427625,0,525.9999565438703,284.2067323261913,256.5652116188971,186.13176397505583,7.405037289746448,7.397723422481597,0.007313867264850948
493,98600,rician,0.05,ou,velocity,False,False,False,full,True,False,False,False,500.0,1352.025618360512,6.76012809180256,7.899566535348827,0.32350677379443316,7.57605976155439,151.5211952310878,5.946795288450066,0.45968114511109887,200,287.8470398742352,340.5647351125972,275.9786762655964,326.05546208888444,0,896.0312657931779,374.3852561711074,642.1184331107175,302.8395595264347,7.342045389745252,7.401669667567879,0.05962427782262747
494,98800,rician,0.05,ou,velocity,False,False,False,full,True,False,False,False,500.0,509.13823084838117,2.545691154241906,9.807180457710814,6.356190381982335,3.6814020528409808,73.62804105681961,6.410068902796877,0.3319831696269102,200,331.8786111670303,343.20909097645983,200.57601953752072,323.7253034799705,0,105.09726201629253,348.99835862830474,102.85786721515598,1033.73401742668,7.098276787914024,7.361986880847341,0.2637100929333167
495,99000,rician,0.05,ou,velocity,False,False,False,full,True,False,False,False,500.0,1315.8156078122124,6.579078039061062,8.754318934680205,0.6712975698814649,8.083021364798741,161.6604272959748,6.701410719317949,0.46329970797989517,200,370.6999875879313,268.89522776268336,362.4858387816503,123.4987107256511,0,297.40528294444397,194.27483837985227,421.880951348925,465.23672132331615,7.128506117735038,7.3853587989409,0.2568526812058618
496,99200,rician,0.05,ou,velocity,False,False,False,full,True,False,False,False,500.0,891.8782273888105,4.459391136944053,7.919661872523388,2.6782630866069943,5.69426138451581,113.88522769031623,5.783058041402594,0.4005707494425587,200,238.25907188482265,380.2682093639049,109.2970571098378,379.8197566365734,0,863.9913504126345,541.481470405446,316.77743125543685,650.9670877862219,7.015305380193793,7.364928518512996,0.34962313831920344
497,99400,rician,0.05,ou,velocity,False,False,False,full,True,False,False,False,500.0,147.60644090978158,0.7380322045489079,8.171790586249902,7.782203080279055,2.951975831121676,59.039516622433524,6.894139660447713,0.06323482872918249,200,340.43612073983866,284.65591942380246,319.0208602609072,280.26507164429734,0,790.0860516177249,546.400052671831,454.57765042073873,687.1523732349126,6.758261335656407,7.331809676580787,0.57354834092438
498,99600,rician,0.05,ou,velocity,False,False,False,full,True,False,False,False,500.0,1072.3842082400863,5.361921041200431,9.159060891613754,4.757226831013601,6.136800459145594,122.73600918291187,6.757211781268551,0.2764562153816223,200,377.2134991152241,370.5144663094363,325.21104975849437,278.2589797053555,0,408.1139162051001,242.57274158503833,223.7721127073417,156.21240433859435,6.651384607854908,7.306755905944707,0.6553712980897988
499,99800,rician,0.05,ou,velocity,False,False,False,full,True,False,False,False,500.0,394.7799034718976,1.9738995173594882,8.155161203351282,8.507959333620649,2.9253411126080686,58.50682225216138,6.653246227235055,0.0608582690381445,200,380.97956966744744,355.17970654472896,380.68509914087923,344.3492335813535,0,599.1806607668378,321.3525351726189,431.5920810226265,555.1615625975418,6.440953624926378,7.252515346604786,0.8115617216784079
500,100000,rician,0.05,ou,velocity,False,False,False,full,True,False,False,False,500.0,1457.5994663374372,7.287997331687186,8.94799293425674,1.3173278689821994,8.054627109244676,161.09254218489352,6.486211221015107,0.4494159991107881,200,345.5836722231585,367.7232641968634,249.8744674496904,364.4533912815392,0,551.8812342430596,124.58007937687849,449.7242642842569,311.39230153021185,6.483627393811879,7.249217312998993,0.7655899191871134
