episode,agent,policy_loss,value_loss,entropy,approx_kl,grad_norm,reward_mean,reward_std,pre_tanh_mean,pre_tanh_std,pre_tanh_max,adv_mean,adv_std,adv_max,output_weight_norm,output_bias_norm
6,bs_beamformer,3.739260137081146e-08,4.026518392562866,56.75573577880859,0.0,4.864568710327148,0.07566072791814804,0.7255129218101501,0.7876099225650736,0.9858336702154757,4.003566741943359,-3.213062882423401e-08,2.003086805343628,1.787378191947937,0.06324555724859238,0.0
6,uav_trajectory,-5.261972546577454e-09,2.590018463134766,21.284474754333495,0.0,7.258907270431519,0.047353461384773254,0.7217259407043457,0.7958077366826538,0.9965298648758296,4.20100212097168,3.725290298461914e-09,1.5767852067947388,2.0351033210754395,0.03872983902692795,0.0
6,jammer_beamformer,-3.546010702848435e-08,5.098262882232666,56.76029586791992,0.0,11.039830446243286,0.0845174565911293,0.7075473666191101,0.7958251186654961,1.0008334609484046,4.2083740234375,3.818422555923462e-08,2.159475088119507,2.1756246089935303,0.06324554979801178,0.0
7,bs_beamformer,-3.3853575587272645e-08,3.014942240715027,56.751030349731444,0.0,4.961316156387329,0.059533584862947464,0.7065868973731995,0.811328874074854,1.0133479039887907,3.738192081451416,3.725290298461914e-08,1.7287665605545044,2.0480990409851074,0.11749464273452759,0.006336035672575235
7,uav_trajectory,-3.5157427191734314e-08,2.762897086143494,21.284607887268066,0.0,7.036607313156128,0.048355840146541595,0.7410970330238342,0.787945184290409,0.9683549431067853,3.3911070823669434,4.0978193283081055e-08,1.6948906183242798,2.1550159454345703,0.07166735082864761,0.003896325593814254
7,jammer_beamformer,-9.778887033462524e-09,8.34626317024231,56.765417861938474,0.0,30.540938949584962,0.0057718632742762566,0.734233558177948,0.8178666939679533,1.0298115962270973,4.866492748260498,8.847564458847046e-09,2.378013849258423,2.210421085357666,0.11644270271062851,0.006284747738391161
8,bs_beamformer,-6.100162863731384e-09,4.470275402069092,56.746555709838866,0.0,13.695056200027466,-0.0008436394855380058,0.7671648263931274,0.8117821078654379,1.010718127425269,3.5307092666625977,6.05359673500061e-09,2.0031912326812744,2.3705637454986572,0.17030726373195648,0.009841443970799446
8,uav_trajectory,-2.271262928843498e-08,3.668030095100403,21.285191535949707,0.0,6.577723407745362,0.022607633844017982,0.7648432850837708,0.7760619307135542,0.9844092913645799,3.0761003494262695,2.3748725652694702e-08,1.9940223693847656,2.3040621280670166,0.10541463643312454,0.0065343016758561134
8,jammer_beamformer,2.6309862732887268e-08,6.250142383575439,56.76962509155273,0.0,30.56085948944092,-0.059681035578250885,0.7787326574325562,0.8273562636636198,1.0372942358118973,3.44510555267334,-2.7241185307502747e-08,1.8786354064941406,2.199951171875,0.1623479574918747,0.009190868586301804
9,bs_beamformer,-5.541369318962097e-09,4.992460298538208,56.74497833251953,0.0,7.337488222122192,0.010115464217960835,0.7347856760025024,0.834123165632831,1.0351680560168033,3.414642810821533,3.725290298461914e-09,2.243030071258545,3.226264238357544,0.2089850902557373,0.012409073300659657
9,uav_trajectory,-1.0058283805847169e-08,4.235072755813599,21.28533515930176,0.0,8.587066698074342,-0.004795713350176811,0.7325432896614075,0.8237299644996723,1.0081737279185787,3.2501723766326904,1.0244548320770264e-08,2.1320462226867676,2.5565967559814453,0.12532950937747955,0.0073606101796031
9,jammer_beamformer,7.264316082000732e-08,4.493423938751221,56.76981735229492,0.0,10.33961591720581,-0.0986977219581604,0.7767753601074219,0.8231745407115668,1.0323540338929524,3.6134438514709473,-7.636845111846924e-08,2.0418875217437744,2.369760036468506,0.18029476702213287,0.00983184203505516
10,bs_beamformer,-2.6170164346694948e-08,5.200308418273925,56.7459831237793,0.0,22.244207286834715,0.08429088443517685,0.7226946353912354,0.8339909312883392,1.0372372292080219,3.798029899597168,2.468004822731018e-08,2.017482280731201,2.4583516120910645,0.2315102368593216,0.0136717539280653
10,uav_trajectory,3.6088749766349792e-09,3.0890411376953124,21.287716674804688,0.0,8.108484077453614,0.007892288267612457,0.7712479829788208,0.8536293569654226,1.0698982742815666,4.184689521789551,3.725290298461914e-09,1.766051173210144,2.6523048877716064,0.14087890088558197,0.008024587295949459
10,jammer_beamformer,9.313225746154785e-10,9.840375614166259,56.763421630859376,0.0,40.54355583190918,0.006583127658814192,0.761087954044342,0.8121325416953769,1.0245411517114178,3.3514716625213623,-3.4924596548080444e-10,2.3153293132781982,2.1486806869506836,0.2010408341884613,0.010839846916496754
11,bs_beamformer,-1.4249235391616822e-08,4.136944103240967,56.74763870239258,0.0,11.655808067321777,0.06460969895124435,0.718852698802948,0.806909317471087,1.017817832139941,3.2713372707366943,1.4435499906539917e-08,1.9742320775985718,2.1785244941711426,0.24559800326824188,0.014203588478267193
11,uav_trajectory,1.869630068540573e-08,3.7066134452819823,21.289974403381347,0.0,6.521650934219361,0.02791396901011467,0.761539101600647,0.8221623817260066,1.0366623720740256,3.242354154586792,-1.7695128917694092e-08,1.9862675666809082,2.6934139728546143,0.15587428212165833,0.008905940689146519
11,jammer_beamformer,1.8812716007232665e-08,4.633269143104553,56.760092163085936,0.0,25.414765453338624,0.02919664792716503,0.7389435172080994,0.8283691839836538,1.0427334990387822,3.9697723388671875,-1.862645149230957e-08,1.6502820253372192,2.333005666732788,0.23194445669651031,0.012910478748381138
12,bs_beamformer,-1.993030309677124e-08,4.490623569488525,56.74789314270019,0.0,6.908261680603028,0.04227833449840546,0.7134233713150024,0.8407283826777712,1.0410072455825548,3.417536735534668,2.2351741790771484e-08,2.0914852619171143,2.1256680488586426,0.25980985164642334,0.014853209257125854
12,uav_trajectory,1.4621764421463012e-08,2.264166021347046,21.29192008972168,0.0,5.861853551864624,0.01567303016781807,0.7566813230514526,0.8375784178723892,1.0612913522858765,3.435326337814331,-1.3504177331924438e-08,1.549625277519226,2.4051895141601562,0.17763157188892365,0.010738199576735497
12,jammer_beamformer,5.4948031902313236e-09,5.907233810424804,56.75522880554199,0.0,6.704567575454712,-0.02535070851445198,0.714688241481781,0.8321788254268467,1.0446655138420102,4.368098735809326,-9.89530235528946e-10,2.4205543994903564,2.346116781234741,0.25126349925994873,0.014185450039803982
13,bs_beamformer,2.328888513147831e-08,6.082233238220215,56.748918533325195,0.0,9.034056377410888,0.05505265295505524,0.7648017406463623,0.8436659337342717,1.0416618638751993,3.578558921813965,-2.1187588572502136e-08,2.453366279602051,2.4924519062042236,0.2908797562122345,0.01699681580066681
13,uav_trajectory,3.4412369132041934e-08,7.671125316619873,21.295712280273438,0.0,10.741289806365966,0.06337738037109375,0.7863473296165466,0.8558434754808744,1.0788121930371228,3.6293563842773438,-3.3527612686157227e-08,2.815657377243042,2.1375892162323,0.2060171216726303,0.013035940937697887
13,jammer_beamformer,5.131587386131287e-08,4.3830411195755,56.74801940917969,0.0,23.358174133300782,0.08037416636943817,0.739608883857727,0.8751390848271549,1.0901066588445967,3.474198579788208,-5.029141902923584e-08,1.6729730367660522,2.0458285808563232,0.2788124680519104,0.01593097671866417
14,bs_beamformer,2.8312206268310546e-08,3.436870646476746,56.74784355163574,0.0,7.487884092330932,0.09276635944843292,0.7558414936065674,0.9199745655292645,1.1434136693217443,3.8809032440185547,-3.3527612686157227e-08,1.8523682355880737,2.877575635910034,0.32972511649131775,0.0196018535643816
14,uav_trajectory,3.69735062122345e-08,4.90904598236084,21.294572257995604,0.0,15.09865951538086,0.1431380808353424,0.7946553826332092,0.9218114246775707,1.1366747765011158,3.2252488136291504,-2.60770320892334e-08,2.1339080333709717,2.1407899856567383,0.2350555658340454,0.01516097690910101
14,jammer_beamformer,2.3632310330867767e-08,5.290116548538208,56.741831588745114,0.0,14.525092697143554,0.11015297472476959,0.7722427248954773,0.9031519595892169,1.1339399456608281,3.8634746074676514,-2.153683453798294e-08,2.173095703125,2.4529223442077637,0.3135874569416046,0.018063146620988846
15,bs_beamformer,3.883615136146546e-08,5.460099363327027,56.745977783203124,0.0,6.058156681060791,0.13952267169952393,0.7475869655609131,0.9317268851492554,1.1408103231125182,4.1761322021484375,-4.190951585769653e-08,2.349736452102661,2.37935209274292,0.37971407175064087,0.02296365052461624
15,uav_trajectory,-1.51805579662323e-08,3.920793390274048,21.2920503616333,0.0,16.574485778808594,0.08464609086513519,0.751283586025238,0.9021254662473996,1.1390718552296193,3.742220401763916,2.0023435354232788e-08,1.7698326110839844,2.209616184234619,0.26030147075653076,0.016950221732258797
15,jammer_beamformer,-4.512257874011994e-08,4.188363695144654,56.7298583984375,0.0,7.103042268753052,0.10306873917579651,0.7829649448394775,0.92392317557754,1.1528378492744762,3.983461856842041,4.7963112592697144e-08,2.0511269569396973,2.5289089679718018,0.3604034185409546,0.021012254059314728
16,bs_beamformer,1.3690441846847534e-08,4.632637023925781,56.750945281982425,0.0,13.633445739746094,0.21089120209217072,0.7806450724601746,0.9595014098556712,1.1802891760222438,4.179086685180664,-1.5832483768463135e-08,2.0716745853424072,2.361523151397705,0.4223853051662445,0.025716077536344528
16,uav_trajectory,-5.490146577358246e-08,2.265876317024231,21.290638732910157,0.0,7.493167161941528,0.13527348637580872,0.7594069838523865,0.9250727251271407,1.1559275152004642,3.9046969413757324,5.8673322200775146e-08,1.4908705949783325,2.770268440246582,0.27797988057136536,0.01810319721698761
16,jammer_beamformer,-2.4028122425079346e-08,7.076678657531739,56.71734046936035,0.0,6.780595779418945,0.13896161317825317,0.7845204472541809,0.9741688987091184,1.2104637388825066,3.861931562423706,2.0489096641540527e-08,2.6832122802734375,2.047700881958008,0.43480849266052246,0.025760596618056297
17,bs_beamformer,8.288770914077759e-09,2.72711718082428,56.75014877319336,0.0,10.280523490905761,0.22661110758781433,0.7550193667411804,1.017482408238342,1.2404446795895385,4.521612167358398,-9.313225746154785e-09,1.671913981437683,2.3256709575653076,0.45798176527023315,0.02795175276696682
17,uav_trajectory,-8.936040103435517e-08,2.0442692160606386,21.291946792602538,0.0,6.779021787643432,0.15098190307617188,0.7766082286834717,0.9530608011235794,1.1864343837274125,4.414272308349609,9.12696123123169e-08,1.4631561040878296,2.375469446182251,0.2925054728984833,0.018903696909546852
17,jammer_beamformer,-2.5657936930656434e-08,10.093586826324463,56.71316375732422,0.0,29.486334609985352,0.23888328671455383,0.7925966382026672,1.1093224366540089,1.3732917171519068,4.458703994750977,2.1420419216156006e-08,2.7414135932922363,2.529317617416382,0.5170106291770935,0.030944060534238815
18,bs_beamformer,-1.0249204933643341e-07,4.929445886611939,56.739053344726564,0.0,6.205118417739868,0.25536060333251953,0.749090313911438,1.075534777310677,1.3057577882564926,4.3573784828186035,1.0244548320770264e-07,2.240285873413086,1.9947733879089355,0.5177616477012634,0.031858593225479126
18,uav_trajectory,3.152526915073395e-08,4.463176107406616,21.29316062927246,0.0,7.740916967391968,0.1429302841424942,0.7234761118888855,0.8988593833955626,1.1141291573401098,3.8407790660858154,-3.4458935260772705e-08,2.1491265296936035,2.091646909713745,0.31611084938049316,0.020470991730690002
18,jammer_beamformer,-2.7474015951156616e-08,4.783130931854248,56.7068675994873,0.0,9.021147155761719,0.20567691326141357,0.7502481937408447,1.1633154963282868,1.4259539820584255,4.688427925109863,2.561137080192566e-08,2.21455979347229,2.857422113418579,0.5762989521026611,0.034561801701784134
19,bs_beamformer,-1.0933727025985718e-07,5.626080322265625,56.72463531494141,0.0,7.180209064483643,0.2692391872406006,0.7443375587463379,1.206511501720175,1.4569406086513814,4.529904365539551,1.0989606380462646e-07,2.380121946334839,2.0114476680755615,0.5914709568023682,0.03641998767852783
19,uav_trajectory,1.0812655091285705e-07,5.374419164657593,21.29374122619629,0.0,21.935103988647462,0.22239693999290466,0.7476136684417725,0.9226046736141046,1.1578321809385872,4.120942115783691,-1.0384246706962585e-07,1.9025459289550781,2.1820507049560547,0.34123116731643677,0.022180108353495598
19,jammer_beamformer,-7.315538823604583e-08,7.78557071685791,56.68827018737793,0.0,15.93803243637085,0.14296793937683105,0.7575019598007202,1.309032196466811,1.593246729376433,5.116846084594727,6.612390279769897e-08,2.7107181549072266,2.1107900142669678,0.6530945301055908,0.03923053294420242
20,bs_beamformer,3.101304173469543e-08,3.95472092628479,56.717050552368164,0.0,23.04297981262207,0.21315240859985352,0.7805930376052856,1.3066215608157217,1.5879628901448364,5.091804504394531,-3.3527612686157227e-08,1.6593364477157593,3.4165353775024414,0.6516276597976685,0.03989240154623985
20,uav_trajectory,-6.242189556360245e-08,3.694451856613159,21.29368305206299,0.0,6.986271905899048,0.17590758204460144,0.8100681304931641,1.0527817834615707,1.2760492678000426,3.5313644409179688,6.007030606269836e-08,1.9851850271224976,3.3906614780426025,0.35779863595962524,0.023201853036880493
20,jammer_beamformer,3.9534643292427066e-08,7.185466241836548,56.66572189331055,0.0,6.873254442214966,0.15693789720535278,0.8470184206962585,1.3891093929763882,1.6836739662791467,5.160085678100586,-4.0978193283081055e-08,2.6862683296203613,1.773903727531433,0.726167619228363,0.04354805499315262
21,bs_beamformer,-1.6102567315101624e-07,5.376212453842163,56.71280746459961,0.0,18.462339401245117,0.30656248331069946,0.8023890852928162,1.3634733908325434,1.6374240457411868,4.884601593017578,1.6670674085617065e-07,2.189509391784668,2.0224533081054688,0.6918029189109802,0.04214123263955116
21,uav_trajectory,-8.149072527885437e-09,6.905393314361572,21.292168807983398,0.0,9.013742637634277,0.21946750581264496,0.810139000415802,1.0097761639257272,1.2276867071556787,3.840773820877075,1.0244548320770264e-08,2.6725265979766846,2.6162056922912598,0.37441185116767883,0.024297112599015236
21,jammer_beamformer,1.3562384992837906e-07,5.033525514602661,56.64009132385254,0.0,20.661568260192873,0.21157363057136536,0.8303051590919495,1.4940060345232486,1.7750626042206128,4.953954696655273,-1.341104507446289e-07,2.0018465518951416,2.1866397857666016,0.7887409329414368,0.046932369470596313
22,bs_beamformer,2.759043127298355e-09,4.631287145614624,56.70825881958008,0.0,7.235647344589234,0.2693933844566345,0.8230253458023071,1.3751295737284235,1.6499367678705013,5.78547477722168,-5.587935447692871e-09,2.171328067779541,2.349491834640503,0.7093880772590637,0.04304208979010582
22,uav_trajectory,4.898756742477417e-08,9.227556514739991,21.29022636413574,0.0,15.627772808074951,0.16437928378582,0.7415416836738586,1.045927058150371,1.2657777254074256,3.750087022781372,-4.563480615615845e-08,3.0688233375549316,2.042987823486328,0.39509618282318115,0.025594592094421387
22,jammer_beamformer,1.0153744369745255e-07,5.216218328475952,56.61466522216797,0.0,19.508778953552245,0.2163529247045517,0.813270092010498,1.6436348033174872,1.952037603246631,5.600162029266357,-1.0523945093154907e-07,2.3076415061950684,1.8463959693908691,0.8513704538345337,0.05030973255634308
23,bs_beamformer,-5.029141902923584e-09,5.257721471786499,56.69313087463379,0.0,14.919681453704834,0.325077623128891,0.7598114609718323,1.4223629310233519,1.674365275257092,5.46975040435791,8.381903171539307e-09,2.2596919536590576,2.412900686264038,0.7431630492210388,0.0449267216026783
23,uav_trajectory,-1.7436686903238296e-07,9.091089248657227,21.285986518859865,0.0,35.47068328857422,0.32365328073501587,0.7752106785774231,1.1433185975253581,1.3751361450016117,4.084012031555176,1.778826117515564e-07,2.142070770263672,2.2133429050445557,0.4175524115562439,0.027113888412714005
23,jammer_beamformer,1.4929100871086122e-07,6.282395601272583,56.57842674255371,0.0,16.723946380615235,0.2528125047683716,0.816798985004425,1.762611482910812,2.0841394044834987,6.569767951965332,-1.5087425708770752e-07,2.4402568340301514,2.279738664627075,0.9444286823272705,0.05537714064121246
24,bs_beamformer,1.0100193321704865e-07,6.085283613204956,56.668066787719724,0.0,8.966677474975587,0.3001387417316437,0.8092437386512756,1.5684909576363861,1.8308477796402896,5.735030174255371,-1.0104849934577942e-07,2.507995367050171,2.4460675716400146,0.8050500154495239,0.0484904982149601
24,uav_trajectory,-1.1534430086612701e-07,5.3403534412384035,21.281444358825684,0.0,12.388066864013672,0.26685988903045654,0.8166180849075317,1.0946046762764454,1.307846225113547,4.27995491027832,1.1362135410308838e-07,2.2610816955566406,3.5302252769470215,0.4381677210330963,0.028602229431271553
24,jammer_beamformer,1.8263235688209533e-07,5.239103889465332,56.538949966430664,0.0,14.1196533203125,0.2621368169784546,0.7574441432952881,1.8467382501140237,2.162510956097264,6.538055419921875,-1.8440186977386475e-07,2.3116519451141357,2.3973352909088135,1.044683575630188,0.060760799795389175
25,bs_beamformer,-1.7182901501655579e-07,7.676198101043701,56.63694114685059,0.0,13.42226619720459,0.29476529359817505,0.7793722152709961,1.694917395371478,1.9369318428132103,5.56813907623291,1.7136335372924805e-07,2.804086208343506,2.180284023284912,0.8898904323577881,0.05322616174817085
25,uav_trajectory,1.3504177331924438e-08,4.673061990737915,21.276254844665527,0.0,10.527243709564209,0.2602439820766449,0.7971218228340149,1.1697034098605315,1.4069182608871467,3.8093175888061523,-1.30385160446167e-08,2.2007579803466797,2.3669912815093994,0.45964133739471436,0.030191276222467422
25,jammer_beamformer,-5.9464946389198305e-08,7.368648433685303,56.50086364746094,0.0,24.39204216003418,0.34458768367767334,0.8153586387634277,2.016928817808628,2.360545371458187,6.730783462524414,5.029141902923584e-08,2.4894540309906006,1.6026487350463867,1.155735731124878,0.0668470710515976
26,bs_beamformer,-1.6905833035707474e-07,6.21050910949707,56.605208206176755,0.0,21.57502975463867,0.34680962562561035,0.7753379344940186,1.9353768008658663,2.191518895022981,7.278081893920898,1.7229467630386353e-07,2.33564829826355,2.2167956829071045,0.984988808631897,0.05853278562426567
26,uav_trajectory,-5.969777703285217e-08,3.842334008216858,21.26872329711914,0.0,9.818131065368652,0.30068886280059814,0.7946529388427734,1.1420687675277392,1.3855179357799852,4.405992031097412,5.8673322200775146e-08,1.9717251062393188,2.2720937728881836,0.47853583097457886,0.03145156800746918
26,jammer_beamformer,-5.7695433497428897e-08,4.593954277038574,56.47032623291015,0.0,19.544343376159667,0.3377682566642761,0.765460729598999,2.0202596976608036,2.3467774182036263,6.640392303466797,5.587935447692871e-08,2.153230667114258,2.123750686645508,1.2363100051879883,0.07132301479578018
27,bs_beamformer,-1.6369158402085303e-07,3.48310182094574,56.57554397583008,0.0,10.68627872467041,0.3443692624568939,0.7965965270996094,2.0957213024809027,2.352577737524534,6.691572666168213,1.6577541828155518e-07,1.8529163599014282,1.9980357885360718,1.0689053535461426,0.06319592893123627
27,uav_trajectory,2.584420144557953e-09,3.131671929359436,21.256102561950684,0.0,9.679658317565918,0.280126690864563,0.7580152153968811,1.224083464846015,1.4675290928238163,4.573821067810059,0.0,1.808254361152649,2.2536394596099854,0.5114474296569824,0.033830590546131134
27,jammer_beamformer,2.9336661100387572e-09,6.502450037002563,56.43233108520508,0.0,18.276577949523926,0.30059266090393066,0.7686412334442139,2.13976770619303,2.4857084238608445,6.092715740203857,-4.6566128730773926e-09,2.5219004154205322,2.166125774383545,1.3197550773620605,0.07603400945663452
28,bs_beamformer,2.076849341392517e-08,7.525130891799927,56.539763641357425,0.0,21.907664108276368,0.32107987999916077,0.7699919939041138,2.1861617910265925,2.434875478109449,6.970611572265625,-2.1187588572502136e-08,2.7454209327697754,2.089750289916992,1.1481716632843018,0.0675027146935463
28,uav_trajectory,-1.9450671970844268e-07,5.223355484008789,21.24457244873047,0.0,14.757434558868407,0.3709138333797455,0.7441223859786987,1.2285806638474266,1.4771792136143058,4.253870964050293,1.8812716007232666e-07,2.234585762023926,1.8475524187088013,0.5545248985290527,0.03699612244963646
28,jammer_beamformer,6.682239472866058e-08,3.4538179874420165,56.39783210754395,0.0,20.001495170593262,0.3442142605781555,0.8208678960800171,2.218433045215905,2.5676500810721037,6.787509918212891,-7.031485438346863e-08,1.7988003492355347,2.410571575164795,1.4084596633911133,0.08076433837413788
29,bs_beamformer,1.253560185432434e-07,9.104604816436767,56.49943542480469,0.0,21.705206298828124,0.26447248458862305,0.8332445621490479,2.506944299116731,2.739089119065403,6.835394859313965,-1.2852251529693604e-07,2.9179422855377197,2.1946802139282227,1.2381935119628906,0.07241728156805038
29,uav_trajectory,-1.261010766029358e-07,6.944786214828492,21.232703399658202,0.0,14.91296157836914,0.3227241337299347,0.7442607283592224,1.4121631279786429,1.642797476512889,5.669517993927002,1.3085082173347473e-07,2.68009090423584,1.949049711227417,0.5975813269615173,0.04008609056472778
29,jammer_beamformer,1.0193325579166413e-07,6.153496360778808,56.37919158935547,0.0,13.360436534881591,0.34936046600341797,0.7690250873565674,2.2744311082847415,2.620072988513905,6.864919185638428,-1.0011717677116394e-07,2.431901693344116,2.5723142623901367,1.4662660360336304,0.08360680937767029
30,bs_beamformer,-6.183981895446778e-08,7.180700874328613,56.4651481628418,0.0,28.973662757873534,0.38157349824905396,0.7345789670944214,2.6321708594039084,2.846823980467458,7.22662353515625,6.426125764846802e-08,2.2329232692718506,2.217942714691162,1.3173476457595825,0.0765952542424202
30,uav_trajectory,-6.980262696743012e-08,7.09427285194397,21.22213077545166,0.0,15.499300956726074,0.2989083528518677,0.7339426875114441,1.3467190452838937,1.558213668281442,4.562395095825195,7.171183824539185e-08,2.6705479621887207,1.8307108879089355,0.6389610767364502,0.04296031594276428
30,jammer_beamformer,-2.0889565348625184e-07,3.8698601961135863,56.363254928588866,0.0,36.99448776245117,0.3470282554626465,0.7452699542045593,2.202130522311665,2.532339823435486,6.584754943847656,2.086162567138672e-07,1.9430264234542847,2.9041366577148438,1.5033501386642456,0.08540578186511993
31,bs_beamformer,-1.2349337339401245e-07,3.4267650604248048,56.42935981750488,0.0,27.62505970001221,0.35772719979286194,0.7414438724517822,2.8082191856503487,3.0197982111995754,7.244739532470703,1.30385160446167e-07,1.6441938877105713,2.007807970046997,1.3849592208862305,0.08010907471179962
31,uav_trajectory,2.7101486921310426e-08,4.143225002288818,21.210738372802734,0.0,15.440209293365479,0.2893518805503845,0.7200688719749451,1.3904723330189785,1.6044665199968167,4.246878147125244,-2.7008354663848877e-08,2.1254022121429443,2.5604429244995117,0.6788804531097412,0.04557519033551216
31,jammer_beamformer,-2.4370383471250535e-07,3.0115166902542114,56.337829971313475,0.0,30.979862022399903,0.3809760808944702,0.7542164325714111,2.1683564343191684,2.498555671350844,6.437660217285156,2.430751919746399e-07,1.6631816625595093,2.214247226715088,1.5482293367385864,0.08783857524394989
32,bs_beamformer,3.127148374915123e-07,4.573473072052002,56.3887393951416,0.0,15.889546298980713,0.3839018642902374,0.7318360805511475,2.907273549415171,3.110500160857424,7.644931793212891,-3.096647560596466e-07,1.971529483795166,1.9544678926467896,1.4616539478302002,0.08404956012964249
32,uav_trajectory,-1.962296664714813e-07,6.262400054931641,21.199277687072755,0.0,31.816066169738768,0.3989012539386749,0.6650277376174927,1.505096674064795,1.726233234668862,4.699826240539551,1.9650906324386597e-07,1.7693531513214111,1.9806092977523804,0.7185961008071899,0.04798184335231781
32,jammer_beamformer,1.4156103134155273e-07,6.721730041503906,56.29617347717285,0.0,27.443259620666502,0.40846678614616394,0.7232025265693665,2.500122233815491,2.864469549843001,6.565363883972168,-1.4062970876693726e-07,2.3577980995178223,2.239337205886841,1.623747706413269,0.09189502894878387
33,bs_beamformer,1.6675330698490144e-07,4.7480676651000975,56.359213256835936,0.0,25.30324058532715,0.39945095777511597,0.6937164664268494,2.849118422493339,3.0605075225075504,7.471174240112305,-1.6298145055770874e-07,2.1474592685699463,2.831500291824341,1.514803409576416,0.08681434392929077
33,uav_trajectory,2.4721957743167876e-07,4.155686211585999,21.189735984802248,0.0,18.977027702331544,0.41142529249191284,0.6986365914344788,1.5282421229680379,1.798357049545721,5.025943756103516,-2.4586915969848633e-07,1.9180948734283447,1.8036417961120605,0.7527797222137451,0.0500452034175396
33,jammer_beamformer,5.713663995265961e-08,8.528753852844238,56.25562019348145,0.0,44.59330062866211,0.4657064974308014,0.7738291025161743,2.6452305306978525,3.0119162174275798,7.218770980834961,-5.075708031654358e-08,2.6521787643432617,2.21358585357666,1.7134878635406494,0.09654717892408371
34,bs_beamformer,-2.4712644517421725e-07,5.350261688232422,56.31755027770996,0.0,29.010909843444825,0.3689027428627014,0.7459883689880371,2.8725626756325364,3.0807074310442824,7.569877624511719,2.4400651454925537e-07,2.2362172603607178,1.9328057765960693,1.578128457069397,0.09011147916316986
34,uav_trajectory,4.6053901314735415e-08,5.041834878921509,21.180484199523924,0.0,20.30848388671875,0.3328724503517151,0.779567539691925,1.5080910133918126,1.7425809513782204,5.354794025421143,-4.423782229423523e-08,2.162466049194336,2.304656744003296,0.7854096293449402,0.05191875621676445
34,jammer_beamformer,1.7029233276844024e-07,6.373030519485473,56.215951156616214,0.0,32.1239408493042,0.40128904581069946,0.7832472920417786,2.627844779426232,3.0314910630868517,8.07655143737793,-1.7229467630386353e-07,2.5673351287841797,1.7868704795837402,1.794517159461975,0.10091157257556915
35,bs_beamformer,2.319924533367157e-07,4.092106056213379,56.275125122070314,0.0,30.519889068603515,0.40196874737739563,0.7065504789352417,3.0776113324016334,3.294966538471717,7.704890727996826,-2.3189932107925415e-07,2.05025315284729,2.072002410888672,1.6564967632293701,0.09434733539819717
35,uav_trajectory,-2.1369196474552153e-07,3.591046857833862,21.16960220336914,0.0,28.329117393493654,0.2997871935367584,0.7685557007789612,1.4588451920213799,1.668232269595798,4.699314117431641,2.0954757928848267e-07,1.6686463356018066,2.4822475910186768,0.8217976689338684,0.053875137120485306
35,jammer_beamformer,7.404014468193054e-08,11.468288326263428,56.16470184326172,0.0,53.52741966247559,0.4583268463611603,0.7191988825798035,2.7993495520530267,3.1896142227285043,7.445981025695801,-7.404014468193054e-08,3.3665120601654053,1.632753849029541,1.8932530879974365,0.10630583018064499
36,bs_beamformer,1.1119991540908814e-07,4.377151346206665,56.22454147338867,0.0,20.864463233947752,0.3661218285560608,0.6997271776199341,3.3431121874041856,3.540769259635,8.51192855834961,-1.1455267667770386e-07,2.101787567138672,2.0232183933258057,1.7482478618621826,0.09925331920385361
36,uav_trajectory,6.351619958877564e-08,6.799859714508057,21.155938720703126,0.0,29.782758903503417,0.3916841447353363,0.7504175901412964,1.6064082190593083,1.8058158549870793,5.179879188537598,-6.123445928096771e-08,2.4958643913269043,2.011093854904175,0.862199068069458,0.056262463331222534
36,jammer_beamformer,1.925509423017502e-08,7.4002509117126465,56.114020919799806,0.0,61.76166610717773,0.40555310249328613,0.6820307374000549,2.3797441468723117,2.7255134215234094,6.627336502075195,-2.1420419216156006e-08,2.7155439853668213,1.8689709901809692,1.9975030422210693,0.11189258843660355
37,bs_beamformer,4.819594323635101e-08,2.407578229904175,56.17401809692383,0.0,30.072093200683593,0.35331958532333374,0.6871683597564697,3.420974427934736,3.632798618990048,8.17846965789795,-4.563480615615845e-08,1.5630145072937012,2.419448137283325,1.8496336936950684,0.1045166403055191
37,uav_trajectory,1.6959384083747863e-07,6.351626873016357,21.141686248779298,0.0,25.933620262145997,0.3583061099052429,0.6917211413383484,1.6444070400595665,1.877175139590512,5.101823806762695,-1.7136335372924805e-07,2.586944341659546,2.4670181274414062,0.9045923352241516,0.05887255817651749
37,jammer_beamformer,-8.419156074523926e-08,5.7605537414550785,56.06555709838867,0.0,39.30874176025391,0.462968647480011,0.698865532875061,3.7305910618677736,4.115481957840883,9.009248733520508,8.66129994392395e-08,2.046271800994873,1.956239104270935,2.0918385982513428,0.1169930249452591
38,bs_beamformer,-1.7317943274974822e-07,4.721373653411865,56.12818946838379,0.0,31.622672271728515,0.38142284750938416,0.6817196011543274,3.441212511688471,3.65414270699659,8.217485427856445,1.7136335372924805e-07,2.149017572402954,1.7510486841201782,1.9441089630126953,0.10933659225702286
38,uav_trajectory,-4.3190084397792816e-08,4.368594598770142,21.12616558074951,0.0,25.70109119415283,0.40943872928619385,0.6581943035125732,1.8229157801195979,2.037001877820139,5.137136459350586,4.563480615615845e-08,1.9255443811416626,3.0950002670288086,0.9513620734214783,0.06166577339172363
38,jammer_beamformer,-2.9033981263637543e-08,5.240417528152466,56.01475448608399,0.0,35.59212303161621,0.48239970207214355,0.6875556707382202,4.208827677130699,4.6310463013364265,9.560733795166016,2.7008354663848877e-08,1.8655775785446167,2.0305073261260986,2.1854610443115234,0.12206462025642395
39,bs_beamformer,-1.8603168427944185e-08,3.360442876815796,56.08512992858887,0.0,30.012864112854004,0.3606783449649811,0.6787083148956299,3.484070008970797,3.665200714837048,8.468836784362793,2.1420419216156006e-08,1.8411146402359009,1.9929194450378418,2.02960467338562,0.11382819712162018
39,uav_trajectory,3.532040864229202e-08,7.037553358078003,21.110555839538574,0.0,30.614116287231447,0.381887286901474,0.7249535322189331,1.8606699903296928,2.1125677719431315,5.290868282318115,-3.771856427192688e-08,2.746990442276001,2.117656946182251,0.9953210949897766,0.06432700902223587
39,jammer_beamformer,2.6635825634002687e-08,5.774206256866455,55.96056976318359,0.0,64.98390617370606,0.4526069164276123,0.6279508471488953,3.8365239164680243,4.260623896058084,9.06006145477295,-2.9802322387695312e-08,2.259873628616333,2.2432868480682373,2.2894692420959473,0.12767407298088074
40,bs_beamformer,3.726687282323837e-07,2.7508042812347413,56.04026870727539,0.0,71.52363739013671,0.38911503553390503,0.6692923307418823,3.7720356081277133,3.964313199747429,8.29325008392334,-3.7439167499542236e-07,1.6135821342468262,2.6224660873413086,2.1190974712371826,0.11856500059366226
40,uav_trajectory,-1.802109181880951e-07,3.254001498222351,21.094002151489256,0.0,39.56728019714355,0.3857511878013611,0.7045822739601135,1.9550174993971983,2.1840360617071903,5.888312339782715,1.778826117515564e-07,1.7889673709869385,1.7107648849487305,1.0410499572753906,0.06703589111566544
40,jammer_beamformer,-5.797483026981354e-08,4.794034099578857,55.916394805908205,0.0,57.88802490234375,0.4559532701969147,0.64079749584198,3.513768098652363,3.90817769496928,9.223349571228027,5.448237061500549e-08,2.0607519149780273,2.3803038597106934,2.3796417713165283,0.13236546516418457
41,bs_beamformer,-1.3089738786220552e-07,5.577212619781494,55.996151733398435,0.0,48.80285911560058,0.36719900369644165,0.6963822245597839,3.8260648621320725,4.003938223631833,8.252178192138672,1.2898817658424377e-07,2.3990890979766846,1.9842256307601929,2.196192741394043,0.12251941859722137
41,uav_trajectory,1.7993152141571044e-07,3.077179431915283,21.080064010620116,0.0,36.73816184997558,0.4038097560405731,0.6560148596763611,1.8938783282364409,2.0973819196932473,5.916457176208496,-1.7974525690078735e-07,1.7513399124145508,2.090121269226074,1.0834459066390991,0.06934190541505814
41,jammer_beamformer,4.0046870708465576e-08,7.62060055732727,55.881853866577146,0.0,130.29826889038085,0.3921571373939514,0.7219356894493103,3.4737066485248507,3.8954901063154725,8.67503833770752,-3.818422555923462e-08,2.5958824157714844,1.9405993223190308,2.4444754123687744,0.13572798669338226
42,bs_beamformer,1.3639219105243682e-07,3.5469057321548463,55.94435768127441,0.0,84.86366958618164,0.40614643692970276,0.6259697675704956,3.7600968933105468,3.968942630481064,8.461254119873047,-1.327134668827057e-07,1.8234946727752686,2.15813946723938,2.2785327434539795,0.12674254179000854
42,uav_trajectory,2.7779024094343183e-07,3.8152073860168456,21.065715408325197,0.0,49.15049591064453,0.3810667395591736,0.6604088544845581,1.9651448265363773,2.1837270433182234,5.699225425720215,-2.7101486921310425e-07,1.9644407033920288,2.376152992248535,1.1218360662460327,0.07137861847877502
42,jammer_beamformer,1.1944212019443511e-08,4.28785252571106,55.848256301879886,0.0,102.85757980346679,0.39509499073028564,0.6182376146316528,3.639511105157435,4.063199654577411,8.603240966796875,-1.210719347000122e-08,1.977798342704773,1.7556489706039429,2.4975643157958984,0.13862302899360657
43,bs_beamformer,-9.816139936447144e-08,3.017148232460022,55.89279441833496,0.0,44.49695510864258,0.32342806458473206,0.6609628796577454,3.834141349444166,4.042061733729883,8.782807350158691,9.452924132347107e-08,1.6188851594924927,2.2938435077667236,2.364398717880249,0.13118717074394226
43,uav_trajectory,-3.573950380086899e-08,4.5361284732818605,21.051047706604002,0.0,49.404248809814455,0.4015301465988159,0.6870709657669067,2.0383698898678024,2.2595761994900085,5.689119338989258,3.073364496231079e-08,2.132624626159668,1.8029142618179321,1.1603611707687378,0.07355111092329025
43,jammer_beamformer,1.3029202818870545e-07,7.055217981338501,55.79954566955566,0.0,64.10398139953614,0.32460519671440125,0.6617652177810669,3.1883655748367308,3.6649400017995606,8.985193252563477,-1.2665987014770508e-07,2.2487833499908447,2.2234766483306885,2.5654890537261963,0.142323836684227
44,bs_beamformer,2.1862797439098358e-07,4.207393980026245,55.843360137939456,0.0,63.77745056152344,0.39410823583602905,0.6646100282669067,3.8125549268499017,4.021043520463723,8.898477554321289,-2.169981598854065e-07,1.9972481727600098,2.0204131603240967,2.455160140991211,0.13598433136940002
44,uav_trajectory,-5.788169801235199e-08,2.9867926836013794,21.03566780090332,0.0,43.893014907836914,0.38716769218444824,0.6444230675697327,2.151314790904522,2.362576531922222,6.188304901123047,5.587935447692871e-08,1.7529247999191284,1.9761844873428345,1.199466586112976,0.07582546025514603
44,jammer_beamformer,1.6693957149982452e-07,4.564426469802856,55.74034118652344,0.0,74.04431610107422,0.37219664454460144,0.7023856043815613,2.7893420805390923,3.275775880577228,8.848625183105469,-1.648440957069397e-07,2.1600825786590576,2.2186787128448486,2.662116765975952,0.14731813967227936
45,bs_beamformer,-6.156042218208312e-08,5.527415418624878,55.804467010498044,0.0,80.10154495239257,0.4329005181789398,0.5689225792884827,4.306187023792416,4.493093829024641,9.141722679138184,5.9138983488082886e-08,2.1126785278320312,1.6410644054412842,2.5291712284088135,0.13992100954055786
45,uav_trajectory,-8.405186235904694e-08,6.443206071853638,21.019380378723145,0.0,53.932757186889646,0.32554471492767334,0.6857045292854309,2.403442807371418,2.6185479420457445,6.229573726654053,8.638016879558563e-08,2.517423629760742,2.4780614376068115,1.240767240524292,0.07820095121860504
45,jammer_beamformer,-7.32019543647766e-08,8.029890489578246,55.68709259033203,0.0,168.8388931274414,0.43163180351257324,0.6587405204772949,4.889582103416323,5.356137301750736,10.968820571899414,8.009374141693115e-08,2.6872143745422363,1.7728265523910522,2.7611923217773438,0.15239742398262024
46,bs_beamformer,-7.660128176212311e-08,3.5224560260772706,55.76115188598633,0.0,74.78887557983398,0.35504212975502014,0.5998976230621338,4.205551378227771,4.38553622724845,9.11762809753418,7.82310962677002e-08,1.8901842832565308,2.074953556060791,2.595385789871216,0.1432386040687561
46,uav_trajectory,8.96630808711052e-08,3.31658935546875,21.00363254547119,0.0,68.66761093139648,0.37164029479026794,0.600267231464386,2.3082867444232105,2.5351666333310523,6.400609016418457,-9.406358003616333e-08,1.8463008403778076,2.162548065185547,1.2814290523529053,0.08034054934978485
46,jammer_beamformer,-2.6077032089233397e-09,5.8796251773834225,55.65610618591309,0.0,108.054638671875,0.43356001377105713,0.6210845708847046,4.559071179032326,5.028718827131769,9.635405540466309,2.3283064365386963e-09,2.10908842086792,2.8937621116638184,2.825441598892212,0.15566056966781616
47,bs_beamformer,-2.3888424038887023e-08,3.1104976892471314,55.71219711303711,0.0,67.15002822875977,0.39720019698143005,0.5989428162574768,4.088479948550463,4.2661873772283245,9.360794067382812,2.2351741790771484e-08,1.7835406064987183,2.329895496368408,2.66896915435791,0.14695914089679718
47,uav_trajectory,2.5406479835510255e-07,3.7855135440826415,20.989768981933594,0.0,75.9234848022461,0.3931733965873718,0.5993244051933289,2.144359190106392,2.3471279031612937,5.452121734619141,-2.5937333703041077e-07,1.8853869438171387,2.432044744491577,1.3185948133468628,0.08222860097885132
47,jammer_beamformer,-9.341165423393249e-08,6.282687187194824,55.628530502319336,0.0,50.47752456665039,0.38992705941200256,0.605104923248291,3.599544740807265,4.102741185975382,9.957813262939453,9.592622518539429e-08,2.5234756469726562,1.7876836061477661,2.8678150177001953,0.15799245238304138
48,bs_beamformer,4.8964284360408786e-08,5.487347602844238,55.657256317138675,0.0,61.123551559448245,0.4505806863307953,0.6302676796913147,4.161242397870868,4.34602277036268,8.913660049438477,-4.7963112592697144e-08,1.9917508363723755,2.036729574203491,2.756218194961548,0.1514054834842682
48,uav_trajectory,-1.430511474609375e-07,4.683372879028321,20.9786226272583,0.0,76.26477966308593,0.3705064654350281,0.5617592334747314,2.2203660666942597,2.4267219970223577,6.122296333312988,1.4016404747962952e-07,2.2327890396118164,2.0546016693115234,1.3490420579910278,0.08378645777702332
48,jammer_beamformer,-1.9373837858438492e-07,6.5838751792907715,55.589961242675784,0.0,89.0347068786621,0.45414218306541443,0.5171424150466919,5.497593532467261,5.97556133098768,11.282215118408203,1.9604340195655823e-07,2.2879600524902344,2.4189789295196533,2.9291348457336426,0.16124919056892395
49,bs_beamformer,-2.3944303393363955e-07,5.004148721694946,55.61108551025391,0.0,195.06243286132812,0.39675650000572205,0.6414511203765869,3.8556982374936344,4.044010531503243,8.194663047790527,2.39349901676178e-07,2.230254888534546,1.7178096771240234,2.844855785369873,0.15601545572280884
49,uav_trajectory,-2.877321094274521e-07,2.922064995765686,20.968379974365234,0.0,78.29601097106934,0.4133782982826233,0.5676310658454895,2.2357270652403436,2.447049273527456,5.592903137207031,2.859160304069519e-07,1.5288523435592651,2.0928409099578857,1.376322865486145,0.0851355791091919
49,jammer_beamformer,-3.837049007415772e-08,6.783473348617553,55.56082038879394,0.0,182.05099334716797,0.472513884305954,0.5090123414993286,5.017269806869328,5.529941055795185,12.217123985290527,3.91155481338501e-08,2.282460927963257,1.6602039337158203,2.9875919818878174,0.1643103063106537
50,bs_beamformer,-2.8219074010849e-08,3.9245681762695312,55.57894592285156,0.0,73.24006881713868,0.43359705805778503,0.5819265842437744,3.413771116795018,3.6017815841496614,7.97772741317749,2.8172507882118225e-08,1.9745359420776367,2.1299901008605957,2.900960922241211,0.15889234840869904
50,uav_trajectory,-1.0104849934577942e-07,4.382922887802124,20.959596824645995,0.0,68.98109092712403,0.3801306188106537,0.531484842300415,2.127939876181384,2.356046659614433,5.866312026977539,1.0337680578231812e-07,2.136234760284424,2.1416661739349365,1.3978707790374756,0.08608356863260269
50,jammer_beamformer,1.667765900492668e-07,3.4040059089660644,55.54043312072754,0.0,45.85341911315918,0.44716328382492065,0.5444304943084717,4.518852524884045,5.014571610339542,9.826549530029297,-1.6344711184501648e-07,1.7220075130462646,2.6439476013183594,3.0190720558166504,0.1659378856420517
51,bs_beamformer,1.9767321646213531e-07,4.350819444656372,55.53535194396973,0.0,74.83803176879883,0.39597833156585693,0.5879340171813965,3.0529001080496236,3.224227708855851,7.132598400115967,-2.0023435354232788e-07,2.070148229598999,2.7566702365875244,2.960933208465576,0.16179193556308746
51,uav_trajectory,4.391185939311981e-08,3.044500136375427,20.94920482635498,0.0,53.68677673339844,0.4234704375267029,0.5410720705986023,2.037392880608638,2.260292167459765,5.806236267089844,-4.377216100692749e-08,1.6161333322525024,1.8395320177078247,1.4189225435256958,0.08701890707015991
51,jammer_beamformer,1.1648517102003098e-07,2.7507575035095213,55.5048583984375,0.0,126.43145751953125,0.4318469166755676,0.5552693009376526,3.747341202560812,4.276309808749283,9.541091918945312,-1.1455267667770386e-07,1.6520941257476807,3.717177152633667,3.0651469230651855,0.16831029951572418
52,bs_beamformer,1.3364478945732117e-07,2.9701032876968383,55.4964298248291,0.0,167.8932632446289,0.4315255582332611,0.5237735509872437,2.7317692292463036,2.9412188194958215,7.517285346984863,-1.3504177331924438e-07,1.7054860591888428,2.1756813526153564,3.0280709266662598,0.16501247882843018
52,uav_trajectory,-3.655906766653061e-07,3.269156575202942,20.934481620788574,0.0,78.25506629943848,0.41829001903533936,0.583885908126831,2.1684988431433836,2.372414342253709,5.927679061889648,3.641471266746521e-07,1.7414898872375488,1.664591670036316,1.4530941247940063,0.08884232491254807
52,jammer_beamformer,2.4677719920873644e-07,2.1520194530487062,55.46543922424316,0.0,169.8687973022461,0.42119210958480835,0.5374133586883545,3.573719366334379,4.036197645542067,9.694713592529297,-2.523884177207947e-07,1.4569041728973389,1.6580355167388916,3.130662202835083,0.17172610759735107
53,bs_beamformer,-3.089196979999542e-07,4.559140157699585,55.4715015411377,0.0,311.51881713867186,0.39630037546157837,0.5436413884162903,2.4837312114425005,2.6676940980493025,6.221698760986328,3.0919909477233887e-07,2.1379380226135254,1.440847635269165,3.07372784614563,0.16711510717868805
53,uav_trajectory,-1.0486692190170288e-07,5.861505746841431,20.921323394775392,0.0,103.45787734985352,0.3327919840812683,0.58951735496521,2.2760814731121064,2.491623960429148,5.977049350738525,1.0291114449501038e-07,2.3385252952575684,2.5815927982330322,1.4886623620986938,0.09081143885850906
53,jammer_beamformer,3.4226104617118835e-07,3.592968153953552,55.426198196411136,0.0,133.82671127319335,0.4570360481739044,0.55350661277771,3.2947403604201972,3.6443672432518213,8.139669418334961,-3.46451997756958e-07,1.8565573692321777,1.8096578121185303,3.193240165710449,0.17505300045013428
54,bs_beamformer,5.192123353481293e-08,3.031561350822449,55.45433235168457,0.0,112.43705902099609,0.405102401971817,0.5827339887619019,2.515697255190462,2.713810816994038,6.379485130310059,-5.4016709327697754e-08,1.6941184997558594,1.7695751190185547,3.105898857116699,0.16883906722068787
54,uav_trajectory,-4.936009645462036e-09,2.835219669342041,20.90929260253906,0.0,77.86902618408203,0.37060725688934326,0.5554303526878357,2.273873761276404,2.4667363368110093,5.938568115234375,3.725290298461914e-09,1.7159427404403687,2.5437707901000977,1.5162813663482666,0.09219944477081299
54,jammer_beamformer,2.3324973881244658e-07,4.142924213409424,55.393517684936526,0.0,90.41127395629883,0.4261033833026886,0.5867722630500793,3.3091892862487584,3.6885693923959133,7.843222141265869,-2.3469328880310059e-07,2.0298209190368652,1.9036459922790527,3.2476022243499756,0.17808650434017181
55,bs_beamformer,-1.640990376472473e-07,4.43670334815979,55.446092987060545,0.0,204.93594360351562,0.35230615735054016,0.6000879406929016,2.464182247389108,2.6619910650202154,6.624111652374268,1.5972182154655457e-07,1.8749818801879883,2.1590042114257812,3.1218745708465576,0.16957879066467285
55,uav_trajectory,3.273598849773407e-08,1.968476366996765,20.89311237335205,0.0,106.14532699584962,0.37989500164985657,0.5955508351325989,2.312849709009131,2.53370468465042,6.686191558837891,-3.3527612686157227e-08,1.4549778699874878,2.4089603424072266,1.5521043539047241,0.09409119933843613
55,jammer_beamformer,-1.7243437469005585e-07,3.675999879837036,55.365199661254884,0.0,313.7387298583984,0.42317086458206177,0.5327637791633606,3.03672980036214,3.4587552610009706,8.181052207946777,1.7182901501655579e-07,1.921766996383667,1.928278923034668,3.2938873767852783,0.18054595589637756
56,bs_beamformer,-2.60770320892334e-08,3.8789502143859864,55.4412353515625,0.0,215.125439453125,0.39698922634124756,0.5819222927093506,2.1700005941353737,2.3854435556658373,5.5755109786987305,2.514570951461792e-08,1.9641903638839722,1.933061957359314,3.1245675086975098,0.16932883858680725
56,uav_trajectory,-1.21118500828743e-07,6.039950037002564,20.87611789703369,0.0,97.96950149536133,0.42244401574134827,0.5489028096199036,2.411936763693889,2.625462563822076,6.130189418792725,1.2246891856193542e-07,2.3180291652679443,2.0163402557373047,1.5939174890518188,0.09647347033023834
56,jammer_beamformer,-2.0274892449378966e-07,2.2497583627700806,55.34179039001465,0.0,196.01465911865233,0.3985080122947693,0.5548920035362244,3.098191440470517,3.5228679727254417,8.515588760375977,2.05356627702713e-07,1.4421535730361938,2.3557703495025635,3.3338398933410645,0.18277232348918915
57,bs_beamformer,-1.5068799257278443e-07,3.787029242515564,55.43142814636231,0.0,161.33830795288085,0.36616256833076477,0.5525907278060913,2.048638433407992,2.2615639331685635,5.708477020263672,1.494772732257843e-07,1.8557542562484741,2.2284939289093018,3.132878303527832,0.16952922940254211
57,uav_trajectory,9.370269253849983e-08,2.813270854949951,20.859197425842286,0.0,119.79458847045899,0.3916657865047455,0.580993115901947,2.5553057093421616,2.788020657804277,6.311653137207031,-9.033828973770142e-08,1.7077778577804565,2.278968572616577,1.6352241039276123,0.09869617223739624
57,jammer_beamformer,-1.253560185432434e-07,2.7274706840515135,55.313314819335936,0.0,49.43136901855469,0.3800477087497711,0.6036837100982666,3.39029524852708,3.8231656404318444,9.404834747314453,1.2526288628578186e-07,1.48443603515625,1.9299890995025635,3.3681373596191406,0.18465979397296906
58,bs_beamformer,-2.2398307919502258e-07,3.4818060874938963,55.41468963623047,0.0,127.57709579467773,0.36272677779197693,0.5676791071891785,2.2464641602318736,2.445668693792728,5.5813703536987305,2.2025778889656067e-07,1.8091179132461548,1.6782593727111816,3.153806686401367,0.17079021036624908
58,uav_trajectory,-2.1113082766532897e-07,4.175796604156494,20.844418907165526,0.0,112.54034271240235,0.4025701880455017,0.5790755152702332,2.536157681584358,2.7700618012909355,6.180699348449707,2.1606683731079102e-07,2.066638946533203,2.0519490242004395,1.6733083724975586,0.10061514377593994
58,jammer_beamformer,-1.077074557542801e-07,3.0593417167663572,55.26191291809082,0.0,139.0587905883789,0.3716099262237549,0.5645754337310791,3.2890747261196376,3.683013841906364,8.772379875183105,1.0803341865539551e-07,1.6367392539978027,2.0120975971221924,3.436466932296753,0.18825016915798187
59,bs_beamformer,3.958120942115784e-08,4.38781156539917,55.39365196228027,0.0,212.2991729736328,0.36500200629234314,0.5611976385116577,2.3377809799741955,2.5400269124566317,6.096085548400879,-4.516914486885071e-08,2.066164016723633,2.6791789531707764,3.1836886405944824,0.17238105833530426
59,uav_trajectory,1.0314397513866424e-08,3.951917362213135,20.832102012634277,0.0,148.6153221130371,0.31978777050971985,0.5721844434738159,2.499810129627585,2.6832204661333914,6.50241756439209,-5.122274160385132e-09,1.7668789625167847,2.178696870803833,1.7035342454910278,0.10208552330732346
59,jammer_beamformer,-2.2281892597675323e-07,3.6274818181991577,55.22255249023438,0.0,268.2331481933594,0.36174440383911133,0.5590587258338928,4.156078379945829,4.575484138041696,10.515824317932129,2.2351741790771484e-07,1.83975088596344,2.3692209720611572,3.5075671672821045,0.19223079085350037
60,bs_beamformer,-9.457580745220184e-08,2.601103115081787,55.37187576293945,0.0,287.54234771728517,0.38042593002319336,0.5460803508758545,2.314808264451101,2.5084907719458984,6.123833656311035,9.872019290924072e-08,1.6454694271087646,2.3997554779052734,3.2157061100006104,0.17417512834072113
60,uav_trajectory,-4.709232598543167e-07,2.775920867919922,20.820127487182617,0.0,136.99383544921875,0.351441890001297,0.5737203359603882,2.256787240927418,2.467928614527021,5.965852737426758,4.684552550315857e-07,1.6784813404083252,1.5455652475357056,1.7312206029891968,0.1034790575504303
60,jammer_beamformer,2.859625965356827e-07,4.563795566558838,55.19985008239746,0.0,127.3824478149414,0.4170977473258972,0.5445106029510498,3.371607995014638,3.770235146373178,8.580602645874023,-2.8777867555618286e-07,2.064871311187744,1.9028494358062744,3.5463356971740723,0.19438976049423218
61,bs_beamformer,3.594905138015747e-08,3.6545667171478273,55.340660095214844,0.0,72.41344909667968,0.38755205273628235,0.5325689911842346,2.644167557410896,2.8372211548240673,6.977757453918457,-3.818422555923462e-08,1.928982138633728,1.543890357017517,3.252629518508911,0.17641164362430573
61,uav_trajectory,-9.26665961742401e-09,3.144347620010376,20.808968544006348,0.0,123.86230773925782,0.3182346224784851,0.5974405407905579,2.305119536280632,2.5132416369624386,6.072274684906006,1.0244548320770264e-08,1.615018367767334,2.8678131103515625,1.7576429843902588,0.10466531664133072
61,jammer_beamformer,2.8475187718868255e-08,3.7301690101623537,55.173360443115236,0.0,86.6831787109375,0.36451253294944763,0.542613685131073,3.944846038542688,4.353401039461173,9.56379222869873,-3.026798367500305e-08,1.9393744468688965,2.523085355758667,3.5805602073669434,0.19634884595870972
62,bs_beamformer,-2.606771886348724e-07,3.309810519218445,55.292188262939455,0.0,182.57740631103516,0.38134509325027466,0.5622901320457458,3.0017889885008335,3.18732250568111,7.204964637756348,2.5937333703041077e-07,1.8313864469528198,1.7437548637390137,3.324345111846924,0.18080058693885803
62,uav_trajectory,-3.185123205184937e-08,4.08817732334137,20.7993803024292,0.0,94.7271240234375,0.44093602895736694,0.529083251953125,2.0315321430775026,2.2398282693133695,5.836211204528809,3.632158041000366e-08,1.6537883281707764,1.739237904548645,1.7794456481933594,0.10549516975879669
62,jammer_beamformer,-1.559033989906311e-07,3.887311267852783,55.13663902282715,0.0,82.23100967407227,0.3889293670654297,0.5779212117195129,3.215408340573311,3.600060246674552,7.7988810539245605,1.564621925354004e-07,2.0042641162872314,1.5998687744140625,3.6283750534057617,0.19913966953754425
63,bs_beamformer,-1.2726522982120514e-07,3.4635454416275024,55.25313034057617,0.0,61.876237106323245,0.3690316677093506,0.5151326060295105,3.291742117142305,3.4591202347473278,7.859578609466553,1.2759119272232056e-07,1.839726448059082,1.653239369392395,3.391267776489258,0.1847844123840332
63,uav_trajectory,2.925284206867218e-07,4.142975544929504,20.7908727645874,0.0,149.4613510131836,0.4293317496776581,0.49865061044692993,1.7885632752527794,1.9798322418243672,4.972781181335449,-2.9243528842926025e-07,1.7916512489318848,2.3830461502075195,1.7992477416992188,0.10625579208135605
63,jammer_beamformer,-4.0046870708465576e-08,2.6283734321594237,55.09588394165039,0.0,136.959375,0.4001048505306244,0.4908061921596527,2.5551917323935776,2.8909451397464174,7.002439498901367,4.190951585769653e-08,1.6142672300338745,2.134105682373047,3.691429853439331,0.20286773145198822
64,bs_beamformer,-1.3676472008228301e-07,2.8453126192092895,55.213436126708984,0.0,92.77899703979492,0.39058905839920044,0.5123777389526367,3.283206971950829,3.4578025599905127,7.439496040344238,1.3131648302078247e-07,1.6793617010116577,1.7465217113494873,3.4474635124206543,0.18760807812213898
64,uav_trajectory,6.151385605335235e-08,4.009284162521363,20.78542881011963,0.0,163.62407684326172,0.3590753674507141,0.6008533835411072,1.769817633257558,1.964580363843659,5.187266826629639,-6.146728992462158e-08,2.007532835006714,2.3433635234832764,1.8117595911026,0.10665326565504074
64,jammer_beamformer,-9.620562195777893e-08,6.2722455024719235,55.06553001403809,0.0,195.97252502441407,0.41791895031929016,0.49267151951789856,3.577164397120476,4.021746736181073,10.126521110534668,9.592622518539429e-08,2.4290771484375,1.833510160446167,3.745471239089966,0.20599468052387238
65,bs_beamformer,2.1141022443771362e-07,4.106165742874145,55.17544784545898,0.0,185.56663970947267,0.4556317925453186,0.523260235786438,2.9197639728859066,3.1069391532944515,6.669271469116211,-2.0489096641540527e-07,1.7266907691955566,2.3316168785095215,3.503814935684204,0.1901179999113083
65,uav_trajectory,6.738118827342987e-08,2.5730655193328857,20.777558708190917,0.0,124.15214385986329,0.3660843074321747,0.5723956823348999,1.7907478776822487,1.9930183353683937,5.992330551147461,-7.450580596923828e-08,1.5948662757873535,2.271576404571533,1.8243584632873535,0.10721016675233841
65,jammer_beamformer,2.101995050907135e-07,3.9004808187484743,55.04480514526367,0.0,270.8844055175781,0.4450315237045288,0.5259944200515747,2.980604402255267,3.408266013194153,9.207319259643555,-2.0908191800117493e-07,1.7914621829986572,2.171786069869995,3.782581090927124,0.20800690352916718
66,bs_beamformer,-2.0971056073904039e-07,4.834706163406372,55.149222946166994,0.0,57.89743881225586,0.40766453742980957,0.5081265568733215,2.716249013006687,2.897571592394848,6.862509250640869,2.0908191800117493e-07,2.194504976272583,1.8143889904022217,3.5387003421783447,0.1915738731622696
66,uav_trajectory,-1.3832468539476395e-07,5.361224126815796,20.766407203674316,0.0,132.51030654907225,0.41510480642318726,0.5608144402503967,1.7487699710962672,1.975534652207371,5.39497184753418,1.4295801520347595e-07,2.2433345317840576,2.020970582962036,1.8467291593551636,0.10833316296339035
66,jammer_beamformer,2.0812731236219406e-07,2.3774442195892336,55.02729187011719,0.0,153.07488098144532,0.3795100450515747,0.4974750578403473,3.6525458300858737,4.125954909755762,9.927545547485352,-2.123415470123291e-07,1.508110761642456,2.068291425704956,3.811365842819214,0.20942212641239166
67,bs_beamformer,8.707866072654724e-08,1.8637491464614868,55.1098518371582,0.0,90.78697662353515,0.43689408898353577,0.5173921585083008,2.4427921727485953,2.6247337140500626,6.54135274887085,-7.82310962677002e-08,1.236406683921814,2.061840534210205,3.5834743976593018,0.19346915185451508
67,uav_trajectory,-6.53788447380066e-08,2.604307460784912,20.756603050231934,0.0,96.81208724975586,0.3929520845413208,0.47763392329216003,1.7398689537346363,1.9487715838804178,5.476754188537598,6.658956408500671e-08,1.6022262573242188,1.8969894647598267,1.869117259979248,0.10943697392940521
67,jammer_beamformer,-1.4547258615493773e-07,5.314791631698609,55.01619262695313,0.0,365.8717987060547,0.34987205266952515,0.5639859437942505,2.7877483285386115,3.2034682442470244,8.998125076293945,1.434236764907837e-07,2.09959077835083,1.9996793270111084,3.8309202194213867,0.21025528013706207
68,bs_beamformer,1.3420358300209045e-07,2.970346713066101,55.07742195129394,0.0,197.4288757324219,0.4196851849555969,0.4991885721683502,2.464158879458904,2.6568034722457163,6.0421905517578125,-1.3317912817001343e-07,1.6727664470672607,2.357677459716797,3.6398777961730957,0.19641956686973572
68,uav_trajectory,-2.8312206268310546e-08,4.129203605651855,20.746570014953612,0.0,215.7720947265625,0.37548208236694336,0.559162974357605,1.8478062473485868,2.050986586873516,5.123817443847656,2.514570951461792e-08,2.1189513206481934,1.710653305053711,1.8891067504882812,0.11038976162672043
68,jammer_beamformer,1.1816155165433884e-07,3.205106735229492,55.0065242767334,0.0,446.92115783691406,0.33215105533599854,0.4960576593875885,2.2029599969480187,2.4966989864978797,5.857635021209717,-1.2130476534366608e-07,1.4222482442855835,1.7622498273849487,3.8438169956207275,0.2106882780790329
69,bs_beamformer,-2.7026981115341185e-07,2.1763033151626585,55.06203689575195,0.0,188.26595611572264,0.40276238322257996,0.4755748212337494,2.5035857839584352,2.6803861004926683,5.998178005218506,2.654269337654114e-07,1.4744634628295898,1.992064118385315,3.6685636043548584,0.19809500873088837
69,uav_trajectory,-3.7453137338161466e-07,2.906886863708496,20.73379020690918,0.0,159.78470001220703,0.35687851905822754,0.4977834224700928,1.9244329888820648,2.139794476335725,5.291984558105469,3.762543201446533e-07,1.6736356019973755,1.846244215965271,1.9130631685256958,0.11156771332025528
69,jammer_beamformer,-3.5599805414676666e-07,2.464967966079712,54.994751358032225,0.0,84.43739624023438,0.36077880859375,0.4637048840522766,2.399322441069409,2.7206079507331524,6.698470115661621,3.557652235031128e-07,1.5045579671859741,1.8741456270217896,3.8581719398498535,0.21146947145462036
70,bs_beamformer,2.157292328774929e-07,4.4002806663513185,55.040828704833984,0.0,220.0181884765625,0.3937062919139862,0.5290261507034302,2.6520438692290336,2.833456324206091,7.015643119812012,-2.1606683731079102e-07,2.1147255897521973,2.0843594074249268,3.6936590671539307,0.19948197901248932
70,uav_trajectory,-1.9113067537546157e-07,3.744657611846924,20.720649909973144,0.0,210.47037658691406,0.40578949451446533,0.5475759506225586,2.1123160747090974,2.3199346967870405,5.9840898513793945,1.955777406692505e-07,1.917675495147705,1.7709825038909912,1.9423574209213257,0.11306913942098618
70,jammer_beamformer,6.195623427629471e-08,2.7772203922271728,54.9755916595459,0.0,197.47134246826172,0.3699539005756378,0.5472273826599121,2.9909298122301697,3.33363500072649,7.544583320617676,-6.51925802230835e-08,1.6462997198104858,2.20263934135437,3.876202344894409,0.21251271665096283
71,bs_beamformer,-1.5278346836566926e-07,3.1608869075775146,55.0189151763916,0.0,263.97747802734375,0.4078308343887329,0.4804980754852295,2.79464050677605,2.9642268167984365,7.291295051574707,1.564621925354004e-07,1.749366044998169,2.2292795181274414,3.72719407081604,0.2013515830039978
71,uav_trajectory,2.591405063867569e-08,2.0693639278411866,20.70881748199463,0.0,183.52146911621094,0.40348368883132935,0.5093743205070496,2.0792756619354087,2.28686740958437,5.428060054779053,-3.026798367500305e-08,1.3263837099075317,1.866992473602295,1.9689059257507324,0.11438246071338654
71,jammer_beamformer,-6.994232535362243e-08,3.6640360355377197,54.950601959228514,0.0,325.2073318481445,0.4159165620803833,0.46769776940345764,2.8118735772632064,3.1581621666631317,7.4879326820373535,6.984919309616089e-08,1.820000171661377,2.041750192642212,3.9078047275543213,0.2141638994216919
72,bs_beamformer,-4.293397068977356e-08,2.6293532133102415,55.00198936462402,0.0,59.93006858825684,0.42474281787872314,0.5240554213523865,2.750647673882544,2.9201427069446586,6.589953899383545,4.470348358154297e-08,1.5425546169281006,1.9084471464157104,3.747934579849243,0.202382430434227
72,uav_trajectory,-1.7434358596801757e-07,5.48575177192688,20.699695587158203,0.0,202.3016815185547,0.33744195103645325,0.582930862903595,1.9543426231642564,2.171344518606385,5.091147422790527,1.7508864402770996e-07,2.300672769546509,1.6553821563720703,1.989701271057129,0.11517349630594254
72,jammer_beamformer,1.5236437320709228e-07,4.659604406356811,54.929320907592775,0.0,165.55579071044923,0.3719319999217987,0.5080204010009766,2.4753973513282834,2.790889983154965,6.476949691772461,-1.5273690223693848e-07,2.1589057445526123,1.8302732706069946,3.9356281757354736,0.21542637050151825
73,bs_beamformer,-1.198379322886467e-07,2.9306546688079833,54.9668586730957,0.0,129.27669677734374,0.39809200167655945,0.5068680047988892,2.4462176588554865,2.6399836940187735,6.282260894775391,1.1548399925231934e-07,1.6868079900741577,2.1316184997558594,3.778806209564209,0.20357643067836761
73,uav_trajectory,8.400529623031616e-08,1.760474169254303,20.68974323272705,0.0,166.21193237304686,0.35818976163864136,0.5584081411361694,1.6546769326676924,1.8774272673298704,5.002529144287109,-8.195638656616211e-08,1.3784829378128052,1.856473684310913,2.0063741207122803,0.11571008712053299
73,jammer_beamformer,-3.573833964765072e-07,2.1734392642974854,54.904974365234374,0.0,212.9728210449219,0.3707740902900696,0.5475706458091736,2.409965870127082,2.7412199911528234,6.979593753814697,3.6135315895080566e-07,1.422853946685791,3.542633295059204,3.963499069213867,0.2167244851589203
74,bs_beamformer,1.9818544387817384e-07,2.6622158527374267,54.92667121887207,0.0,261.69844512939454,0.41854292154312134,0.5090216994285583,2.2106517809997315,2.4112514185890497,6.271228790283203,-2.0023435354232788e-07,1.6209135055541992,1.7944477796554565,3.8343422412872314,0.20619092881679535
74,uav_trajectory,3.468245267868042e-07,2.2132859945297243,20.675286865234376,0.0,189.4076721191406,0.3754070997238159,0.5685656070709229,1.6512864778538545,1.8764414854810882,5.346480369567871,-3.4831464290618896e-07,1.4664514064788818,1.6817954778671265,2.034060001373291,0.11698450893163681
74,jammer_beamformer,-1.919921487569809e-07,5.007892274856568,54.88124465942383,0.0,384.5752227783203,0.3982420265674591,0.5254092216491699,1.9380456440001725,2.2417886138021883,6.373171806335449,1.9511207938194275e-07,2.24493145942688,2.1202096939086914,3.993166923522949,0.21816964447498322
75,bs_beamformer,-1.1753290891647339e-07,1.7264139652252197,54.89321594238281,0.0,66.67006912231446,0.3705539107322693,0.4974137842655182,2.2419106564167888,2.4505696959648624,6.095377445220947,1.1641532182693481e-07,1.1616644859313965,2.211036443710327,3.8775651454925537,0.20828679203987122
75,uav_trajectory,-1.5774276107549668e-09,3.631588172912598,20.66286506652832,0.0,158.54662322998047,0.42759013175964355,0.5223828554153442,1.6066929700238008,1.837343750082263,5.225594520568848,-9.313225746154785e-10,1.614197015762329,2.056148052215576,2.0621144771575928,0.11829013377428055
75,jammer_beamformer,-7.534399628639222e-08,3.0054093837738036,54.85878143310547,0.0,327.9915466308594,0.34705281257629395,0.578423798084259,2.9037955432981253,3.2620732447472025,7.541524887084961,7.264316082000732e-08,1.646996259689331,2.1916370391845703,4.022902488708496,0.21972395479679108
76,bs_beamformer,2.4354085326194763e-07,4.977213048934937,54.84461212158203,0.0,232.98654479980468,0.4346136450767517,0.4994617998600006,2.0678247138615697,2.275112017096779,5.863112449645996,-2.421438694000244e-07,2.160813093185425,1.5156528949737549,3.9389126300811768,0.21142102777957916
76,uav_trajectory,-1.2088567018508912e-07,3.4053981781005858,20.65018787384033,0.0,219.46412048339843,0.40214788913726807,0.5065554976463318,1.6170566124220689,1.8226557925922913,5.797142028808594,1.1641532182693481e-07,1.805497646331787,2.0762102603912354,2.0884625911712646,0.11957346647977829
76,jammer_beamformer,-9.26665961742401e-09,2.9093018054962156,54.83991584777832,0.0,274.18330535888674,0.3488038182258606,0.5230748653411865,3.4251420005634428,3.8430989768140775,9.302286148071289,9.778887033462524e-09,1.6557661294937134,2.835709571838379,4.050250053405762,0.22131429612636566
77,bs_beamformer,5.550682544708252e-08,3.0917713165283205,54.81183853149414,0.0,460.1830718994141,0.3934099078178406,0.501012921333313,1.923245095167309,2.1321353069438453,5.486017227172852,-5.3085386753082275e-08,1.7487053871154785,2.39750075340271,3.9969561100006104,0.21429221332073212
77,uav_trajectory,-1.0882504284381866e-07,4.713603258132935,20.63813190460205,0.0,187.6665817260742,0.38549843430519104,0.5462942123413086,1.7175694800714651,1.9692341139526872,5.119848728179932,1.0477378964424133e-07,2.231163501739502,1.9473474025726318,2.115165948867798,0.12103252857923508
77,jammer_beamformer,2.239830791950226e-08,2.5977789163589478,54.82147560119629,0.0,298.661328125,0.41666996479034424,0.45800209045410156,3.0325812084488573,3.429070033102157,9.381665229797363,-2.421438694000244e-08,1.4790308475494385,2.1467702388763428,4.076797008514404,0.22286607325077057
78,bs_beamformer,2.935528755187988e-07,2.894158363342285,54.79874038696289,0.0,134.2551483154297,0.385154664516449,0.5131909847259521,1.7232643523300066,1.917904087282384,5.285765171051025,-2.896413207054138e-07,1.7003459930419922,1.8349063396453857,4.021271705627441,0.2152918428182602
78,uav_trajectory,-2.368353307247162e-07,4.131394100189209,20.626623153686523,0.0,339.02777709960935,0.4036511778831482,0.5414993762969971,1.6206413227195542,1.833526851413189,4.84798526763916,2.3748725652694702e-07,2.072300672531128,1.769604206085205,2.139436721801758,0.1222270280122757
78,jammer_beamformer,-6.253831088542939e-08,4.508037185668945,54.80872001647949,0.0,644.3455017089843,0.350604385137558,0.5096942186355591,4.457954317990691,4.988521497509369,11.418441772460938,6.332993507385254e-08,2.0930819511413574,1.7058568000793457,4.095729351043701,0.22385439276695251
79,bs_beamformer,-1.6577541828155518e-08,2.4654558420181276,54.78873176574707,0.0,245.92867431640624,0.37531453371047974,0.46202415227890015,1.7454790829289704,1.9601392966502598,5.114121913909912,1.3504177331924438e-08,1.5552204847335815,1.928339958190918,4.0366692543029785,0.21624036133289337
79,uav_trajectory,2.800486981868744e-07,3.1799607038497926,20.615727806091307,0.0,163.65556869506835,0.36941784620285034,0.5265842080116272,1.8299324636906384,2.0737638824869715,6.734622955322266,-2.868473529815674e-07,1.7785624265670776,2.504899024963379,2.161027193069458,0.12322911620140076
79,jammer_beamformer,4.2198225855827334e-07,2.5983599185943604,54.78734283447265,0.0,198.207861328125,0.33921533823013306,0.48794570565223694,2.7862482769712806,3.1901554916015025,8.777361869812012,-4.256144165992737e-07,1.5643011331558228,1.9169306755065918,4.114986419677734,0.22494268417358398
80,bs_beamformer,-3.175809979438782e-08,4.244528865814209,54.778849029541014,0.0,69.73809432983398,0.35578328371047974,0.5003880262374878,1.9523278944306075,2.1559216207963328,6.065637588500977,3.073364496231079e-08,1.9837501049041748,2.155555486679077,4.0500168800354,0.21716353297233582
80,uav_trajectory,-5.587935447692871e-08,3.5684844970703127,20.602628707885742,0.0,159.5845169067383,0.3894456923007965,0.5388663411140442,1.7213504068156082,1.9492075895101009,5.267133712768555,6.239861249923706e-08,1.8941712379455566,2.127389907836914,2.184767007827759,0.12431224435567856
80,jammer_beamformer,-8.4657222032547e-08,5.2056605339050295,54.74870910644531,0.0,398.02525329589844,0.38915520906448364,0.5595869421958923,4.722633342744783,5.459696903212112,13.114741325378418,8.42846930027008e-08,2.2930898666381836,1.6523034572601318,4.162111759185791,0.22763283550739288
81,bs_beamformer,1.5506520867347716e-08,2.25501606464386,54.76437263488769,0.0,312.2184112548828,0.3532799780368805,0.5520623326301575,1.8667412861865014,2.079164481943688,5.918704986572266,-1.862645149230957e-08,1.4444832801818848,2.3363537788391113,4.0667853355407715,0.21806931495666504
81,uav_trajectory,1.0724179446697236e-07,3.8642883777618406,20.58877468109131,0.0,174.5257110595703,0.39670032262802124,0.5236316919326782,1.5365289272516967,1.8014345475952285,5.760578155517578,-1.0989606380462646e-07,1.9569416046142578,1.6130841970443726,2.210620164871216,0.12536709010601044
81,jammer_beamformer,1.9033905118703842e-07,2.560724639892578,54.71077613830566,0.0,174.52753601074218,0.39780551195144653,0.4586881995201111,3.7171350793503226,4.215739756498312,12.559614181518555,-1.8998980522155762e-07,1.5889464616775513,1.7407699823379517,4.213643550872803,0.2305501401424408
82,bs_beamformer,1.3380777090787889e-07,3.6001227378845213,54.7508903503418,0.0,378.397607421875,0.3783649206161499,0.5785334706306458,2.010070578120649,2.2057025895214797,6.226181983947754,-1.3597309589385986e-07,1.9017884731292725,1.9494678974151611,4.086752414703369,0.21936148405075073
82,uav_trajectory,-8.745118975639344e-08,3.8614628076553346,20.573531913757325,0.0,242.4100540161133,0.4053725004196167,0.5354940891265869,1.7725042353024085,2.0611272376444942,6.021388053894043,9.173527359962463e-08,1.9596805572509766,1.7356319427490234,2.2416586875915527,0.1270630657672882
82,jammer_beamformer,-9.003560990095138e-08,2.5759732484817506,54.663815307617185,0.0,264.71441040039065,0.4109991490840912,0.48183754086494446,3.6096252297461033,4.064036021287933,10.655251502990723,8.66129994392395e-08,1.4116954803466797,2.0535874366760254,4.27964448928833,0.23414075374603271
83,bs_beamformer,-3.026798367500305e-08,3.6494916439056397,54.73614158630371,0.0,82.33932876586914,0.348915159702301,0.5148025751113892,2.183382471397519,2.3775978487551104,6.615825176239014,2.8870999813079834e-08,1.8781448602676392,1.9556397199630737,4.102207660675049,0.22030511498451233
83,uav_trajectory,-4.9639493227005e-08,3.760172891616821,20.561655044555664,0.0,206.72930908203125,0.40357762575149536,0.5273338556289673,1.831310880869627,2.0691211985951212,5.874072074890137,4.7031790018081665e-08,1.9136359691619873,2.1594629287719727,2.2695412635803223,0.1286507546901703
83,jammer_beamformer,-4.577450454235077e-08,2.705888366699219,54.63480453491211,0.0,472.2935821533203,0.39096876978874207,0.4757063090801239,6.649177826687693,7.201151562824634,13.4071626663208,4.936009645462036e-08,1.6073400974273682,1.7479335069656372,4.333179950714111,0.23689384758472443
84,bs_beamformer,-9.629875421524048e-08,3.2718819856643675,54.710425186157224,0.0,513.0641632080078,0.34215450286865234,0.6060791015625,2.1893550664931536,2.380267377023831,6.194339752197266,9.080395102500916e-08,1.774199366569519,1.5421336889266968,4.132016181945801,0.2220340520143509
84,uav_trajectory,-5.080364644527435e-08,2.8774223804473875,20.550312995910645,0.0,229.312451171875,0.3832330107688904,0.5177677273750305,1.8173086155926188,2.0320660822861494,5.150954246520996,4.936009645462036e-08,1.6995112895965576,2.1611480712890625,2.292368173599243,0.12984324991703033
84,jammer_beamformer,-1.2260861694812775e-07,2.5770881175994873,54.61763687133789,0.0,970.9881225585938,0.36585816740989685,0.47214463353157043,4.363513701401651,4.968953478406139,11.487955093383789,1.1827796697616577e-07,1.6150801181793213,1.9917365312576294,4.3612470626831055,0.23826585710048676
85,bs_beamformer,1.514563336968422e-07,4.555320930480957,54.68560905456543,0.0,327.57594604492186,0.31949949264526367,0.5446920990943909,2.3968487652447075,2.585462499176723,6.497679710388184,-1.4854595065116882e-07,1.969797134399414,2.733301877975464,4.16910457611084,0.22425630688667297
85,uav_trajectory,-1.9543804228305816e-07,2.5885496616363524,20.538825225830077,0.0,225.8212875366211,0.3916080594062805,0.5292193293571472,1.7213411786854267,1.924434898310093,4.886356353759766,1.9744038581848145e-07,1.6160762310028076,2.2810888290405273,2.313235282897949,0.13069967925548553
85,jammer_beamformer,-2.8046779334545133e-07,2.501026678085327,54.59953575134277,0.0,317.95152893066404,0.3380274176597595,0.4935910403728485,6.544403767094016,7.113124332889466,13.042038917541504,2.798624336719513e-07,1.4531323909759521,1.8961036205291748,4.385067462921143,0.2395404726266861
86,bs_beamformer,1.5005934983491898e-07,5.097414875030518,54.663672256469724,0.0,177.6144760131836,0.30211341381073,0.5970028638839722,2.496999431088567,2.669747396391295,6.368509292602539,-1.4528632164001465e-07,2.0899248123168945,1.4936333894729614,4.2006330490112305,0.22617527842521667
86,uav_trajectory,-1.5492551028728485e-07,2.541074585914612,20.525782775878906,0.0,296.10430297851565,0.34621700644493103,0.5271234512329102,1.3960097153683504,1.6293912579730803,4.61382532119751,1.5087425708770752e-07,1.5698387622833252,2.1911559104919434,2.338055372238159,0.1318301111459732
86,jammer_beamformer,2.723652869462967e-07,3.5383246421813963,54.577524185180664,0.0,346.35882568359375,0.31591007113456726,0.5145354866981506,3.821479791847989,4.292880512996632,10.682812690734863,-2.728775143623352e-07,1.5664809942245483,2.337442398071289,4.414674758911133,0.24123382568359375
87,bs_beamformer,-1.387670636177063e-07,2.939314866065979,54.64188995361328,0.0,235.8814727783203,0.3359011113643646,0.5882720947265625,2.798833147674799,2.967623617171087,7.060495376586914,1.3504177331924438e-07,1.7085223197937012,2.003175973892212,4.229351043701172,0.2278536707162857
87,uav_trajectory,-2.646353095769882e-07,3.5900046825408936,20.513265800476074,0.0,285.02159729003904,0.34595638513565063,0.4916801154613495,1.491238151922822,1.7333937130601742,5.6610260009765625,2.635642886161804e-07,1.9236947298049927,2.075531482696533,2.3647711277008057,0.13323797285556793
87,jammer_beamformer,-9.718351066112518e-08,2.3702882528305054,54.55312805175781,0.0,337.8842071533203,0.3390655815601349,0.4661202132701874,5.3819197143353525,5.948632693477502,12.430317878723145,9.220093488693237e-08,1.4458774328231812,2.0454936027526855,4.451683521270752,0.2432759702205658
88,bs_beamformer,9.220093488693238e-09,3.2929635047912598,54.621952056884766,0.0,443.9372100830078,0.3079862892627716,0.6138239502906799,2.853584617689252,3.022472237688458,6.803372383117676,-6.51925802230835e-09,1.7003065347671509,2.2254557609558105,4.255457401275635,0.22920648753643036
88,uav_trajectory,2.1988525986671447e-07,3.021014380455017,20.502739906311035,0.0,336.52899780273435,0.3674147427082062,0.5184541940689087,1.6383378541320561,1.851429537690634,5.049559593200684,-2.169981598854065e-07,1.74190092086792,2.0499398708343506,2.38828182220459,0.13446231186389923
88,jammer_beamformer,1.0794028639793397e-07,2.7219153165817263,54.53611526489258,0.0,172.8893814086914,0.37356987595558167,0.528014063835144,6.986878201439977,7.680605734410395,14.368391036987305,-1.0523945093154907e-07,1.6527162790298462,1.7851431369781494,4.476725101470947,0.24452778697013855
89,bs_beamformer,2.239365130662918e-07,2.54365131855011,54.60061149597168,0.0,111.47694549560546,0.3140033483505249,0.5462915897369385,3.0404473771825433,3.1947926288533015,7.850996017456055,-2.2724270820617676e-07,1.5440375804901123,1.993578314781189,4.283356189727783,0.230817049741745
89,uav_trajectory,1.3065291568636894e-07,5.468667125701904,20.49326286315918,0.0,284.13902282714844,0.40808728337287903,0.5299824476242065,1.6688322471330563,1.888104353721104,5.528489112854004,-1.3504177331924438e-07,2.2767250537872314,1.8542826175689697,2.4068603515625,0.13539829850196838
89,jammer_beamformer,-1.1527445167303086e-07,3.1436638593673707,54.50825805664063,0.0,368.19004516601564,0.36265990138053894,0.5063114762306213,6.618027781825512,7.384046278984063,14.42104434967041,1.2153759598731995e-07,1.7767999172210693,1.959781527519226,4.514005184173584,0.24630911648273468
90,bs_beamformer,-2.468004822731018e-08,2.2650878190994264,54.58092079162598,0.0,106.26106796264648,0.34258750081062317,0.5374428629875183,2.9429751711040737,3.097794999145126,6.557134628295898,2.7939677238464355e-08,1.503955364227295,2.0257508754730225,4.312743186950684,0.23244313895702362
90,uav_trajectory,-4.105037078261375e-07,3.264223504066467,20.480640983581544,0.0,225.02118377685548,0.32465460896492004,0.5362734794616699,1.7086279539565246,1.9692572293266402,6.442017078399658,4.1350722312927246e-07,1.769249677658081,2.0051448345184326,2.4287757873535156,0.13654273748397827
90,jammer_beamformer,-8.898787200450897e-08,3.1829102277755736,54.47925567626953,0.0,98.30025177001953,0.37189072370529175,0.49825039505958557,3.3138251583576204,3.846145762220386,10.907543182373047,8.568167686462402e-08,1.771816372871399,2.661729574203491,4.551525115966797,0.24817661941051483
91,bs_beamformer,-8.37724655866623e-08,4.267986059188843,54.56440124511719,0.0,190.05427093505858,0.4056653678417206,0.5150765180587769,2.89654532507807,3.0499054414924394,6.782038688659668,9.12696123123169e-08,1.7741565704345703,2.7964344024658203,4.335206508636475,0.23373813927173615
91,uav_trajectory,1.257285475730896e-09,3.432861304283142,20.465787887573242,0.0,214.91439819335938,0.32429632544517517,0.5565523505210876,1.7453111633956433,2.0650209586453956,7.519256591796875,-4.6566128730773926e-09,1.7445790767669678,2.255918502807617,2.4559097290039062,0.13794705271720886
91,jammer_beamformer,2.411310561001301e-07,3.3638242721557616,54.42814712524414,0.0,122.68607788085937,0.4125126004219055,0.4936496317386627,2.7408482326641677,3.219442458844742,9.310708045959473,-2.39349901676178e-07,1.661203384399414,1.7775042057037354,4.609442710876465,0.2511110305786133
92,bs_beamformer,-1.0989606380462647e-08,3.025099015235901,54.53199157714844,0.0,212.40597381591797,0.32490554451942444,0.585559606552124,2.757556313216686,2.9371948502075735,6.734759330749512,1.30385160446167e-08,1.7164795398712158,1.9827377796173096,4.362504005432129,0.23513150215148926
92,uav_trajectory,-2.7939677238464355e-08,2.6703936576843263,20.44757843017578,0.0,244.55398712158203,0.3762628734111786,0.49803802371025085,1.8504682777747512,2.160014790590327,6.888974666595459,2.514570951461792e-08,1.5986518859863281,2.3065004348754883,2.489790678024292,0.13968373835086823
92,jammer_beamformer,-1.9511207938194275e-07,2.9044405460357665,54.366556549072264,0.0,752.2425659179687,0.39624279737472534,0.4845467507839203,3.5546160936765374,4.226099850728066,11.699469566345215,2.0023435354232788e-07,1.6574499607086182,2.1201343536376953,4.700747489929199,0.25636279582977295
93,bs_beamformer,-3.809109330177307e-08,3.633802056312561,54.480723190307614,0.0,422.97947692871094,0.3631023168563843,0.5721209645271301,2.821787566073239,2.9790931879173588,6.704723358154297,4.0046870708465576e-08,1.839525818824768,1.9732636213302612,4.42758321762085,0.23855730891227722
93,uav_trajectory,3.136228770017624e-07,3.332036852836609,20.43066539764404,0.0,266.99609832763673,0.40001916885375977,0.49747517704963684,1.6321252914170423,1.8851015725202778,4.764387607574463,-3.1385570764541626e-07,1.6859561204910278,1.6452327966690063,2.5272388458251953,0.14165697991847992
93,jammer_beamformer,3.189779818058014e-08,4.762222337722778,54.32683219909668,0.0,461.9626190185547,0.42149025201797485,0.49199631810188293,6.266404767632484,6.900290903353531,13.619234085083008,-3.189779818058014e-08,2.0571911334991455,2.1100571155548096,4.767953872680664,0.26030758023262024
94,bs_beamformer,1.8114224076271056e-08,3.4412928104400633,54.45027809143066,0.0,311.2710296630859,0.38536790013313293,0.4854983389377594,2.7475090705901386,2.921913330844502,7.04689884185791,-1.862645149230957e-08,1.8356688022613525,2.3852672576904297,4.481274127960205,0.24137988686561584
94,uav_trajectory,-2.7148053050041197e-08,3.91386821269989,20.419057273864745,0.0,282.31608123779296,0.36129072308540344,0.5228422284126282,1.6413901513715585,1.884109891495874,6.84107780456543,2.0023435354232788e-08,2.041995048522949,2.27919602394104,2.553802728652954,0.1429857462644577
94,jammer_beamformer,-2.3208558559417724e-07,3.965617823600769,54.28797607421875,0.0,176.78174438476563,0.37523210048675537,0.5226420760154724,7.290821679439396,8.10069028300167,15.772821426391602,2.4028122425079346e-07,2.035694122314453,1.8518961668014526,4.816906929016113,0.2630952298641205
95,bs_beamformer,-1.647975295782089e-07,3.6703590154647827,54.4242805480957,0.0,95.86631546020507,0.33505308628082275,0.5084503889083862,2.433964980341494,2.5974605273845275,6.122979640960693,1.6065314412117004e-07,1.9079338312149048,1.7418338060379028,4.507722854614258,0.2426774799823761
95,uav_trajectory,7.469207048416138e-08,3.396523642539978,20.40653419494629,0.0,337.52069091796875,0.3306281268596649,0.44932910799980164,1.60044674419829,1.8283937581445877,5.40709924697876,-7.543712854385376e-08,1.7842063903808594,2.2590224742889404,2.576024293899536,0.14399735629558563
95,jammer_beamformer,1.484062522649765e-07,3.104399561882019,54.237786865234376,0.0,545.1949340820313,0.3531467616558075,0.470656156539917,6.472937263149768,7.277953818452805,16.242155075073242,-1.4388933777809143e-07,1.729164481163025,2.6058907508850098,4.890649795532227,0.2669549286365509
96,bs_beamformer,-1.1604279279708862e-07,3.0068251371383665,54.38021278381348,0.0,305.0192443847656,0.33128759264945984,0.5168367624282837,2.4231925149969755,2.5945704181313287,6.14967155456543,1.1641532182693481e-07,1.7080129384994507,1.6967424154281616,4.559786319732666,0.24539817869663239
96,uav_trajectory,-2.6803463697433473e-07,5.1318727970123295,20.394672012329103,0.0,273.93823394775393,0.4557228088378906,0.4797457158565521,1.551311652665337,1.8163871232044695,5.500818729400635,2.6263296604156494e-07,1.7819113731384277,1.8959667682647705,2.6007211208343506,0.14522705972194672
96,jammer_beamformer,4.312023520469665e-08,2.769710659980774,54.20824432373047,0.0,716.6769897460938,0.3795584440231323,0.49145522713661194,8.236157966185361,9.02337528079048,16.39847755432129,-3.818422555923462e-08,1.6652233600616455,2.0293970108032227,4.9511799812316895,0.2700975835323334
97,bs_beamformer,1.9976869225502013e-08,2.640707755088806,54.35115013122559,0.0,125.0723030090332,0.35877761244773865,0.5380676984786987,2.304410466194153,2.4583109092830697,5.727415084838867,-2.2817403078079224e-08,1.6117538213729858,3.203104019165039,4.605508327484131,0.2478407323360443
97,uav_trajectory,-1.0654330253601075e-07,3.5550155639648438,20.38457546234131,0.0,330.9870300292969,0.4176912307739258,0.4836801290512085,1.67708524723351,1.9568557472146286,6.233170032501221,1.1175870895385742e-07,1.7903798818588257,1.3913850784301758,2.620579481124878,0.14604265987873077
97,jammer_beamformer,1.273117959499359e-07,1.9940972089767457,54.19169883728027,0.0,730.763330078125,0.39470750093460083,0.48909372091293335,2.369690006574616,2.903683301916932,9.664701461791992,-1.2479722499847412e-07,1.4138301610946655,2.3675811290740967,4.981531143188477,0.27163541316986084
98,bs_beamformer,2.025160938501358e-07,3.9355018377304076,54.3265567779541,0.0,410.78656311035155,0.3883456587791443,0.5191660523414612,2.6258884198218584,2.7920909622944334,6.519308090209961,-2.0023435354232788e-07,1.8850125074386597,1.73422372341156,4.638801097869873,0.2500004470348358
98,uav_trajectory,-4.1211023926734924e-08,5.777507591247558,20.375247192382812,0.0,528.9436279296875,0.49406367540359497,0.4877190589904785,1.5498124802559614,1.8561072725072159,7.068338394165039,3.818422555923462e-08,1.7369455099105835,1.8989988565444946,2.6383326053619385,0.14661139249801636
98,jammer_beamformer,8.326023817062378e-08,2.7314872980117797,54.179483795166014,0.0,647.8352844238282,0.39982742071151733,0.508138120174408,3.633855405686423,4.570930765469803,11.662862777709961,-8.381903171539307e-08,1.613301157951355,1.9132136106491089,5.001410007476807,0.27257081866264343
99,bs_beamformer,-1.0970979928970337e-07,1.8841139912605285,54.30813789367676,0.0,209.31532287597656,0.36208784580230713,0.5288748741149902,3.238157224215567,3.3550118907544673,7.8620076179504395,1.1315569281578064e-07,1.3688384294509888,2.009843587875366,4.668920516967773,0.2521693706512451
99,uav_trajectory,-2.0760344341397285e-07,3.719781494140625,20.3678258895874,0.0,420.0061950683594,0.4199897348880768,0.4778707027435303,1.5280786010126273,1.801023296098825,5.748053550720215,2.0954757928848267e-07,1.9018045663833618,2.208240270614624,2.6525609493255615,0.14718598127365112
99,jammer_beamformer,7.436610758304595e-08,2.8521010875701904,54.16712074279785,0.0,237.54422454833986,0.3817213177680969,0.5030304789543152,2.033896805666387,2.4371617202454647,6.999980926513672,-7.776543498039246e-08,1.7071011066436768,2.1763756275177,5.018647193908691,0.27349790930747986
100,bs_beamformer,9.154900908470154e-08,3.7738588094711303,54.28880577087402,0.0,217.97570037841797,0.4422355592250824,0.48833608627319336,3.4744867924898863,3.6109438167800203,7.4667887687683105,-8.940696716308594e-08,1.5937129259109497,2.147942066192627,4.6858601570129395,0.25339868664741516
100,uav_trajectory,1.4593824744224547e-07,3.1323391437530517,20.35752124786377,0.0,294.7043121337891,0.42622947692871094,0.48233428597450256,1.570588073477149,1.846727494714094,5.134099960327148,-1.4621764421463013e-07,1.7078276872634888,1.7333924770355225,2.668670177459717,0.14809411764144897
100,jammer_beamformer,9.173527359962463e-09,3.9170992612838744,54.14853096008301,0.0,172.01414947509767,0.3330463171005249,0.5409508347511292,2.9493892200253904,3.486896538637977,10.568721771240234,-7.916241884231567e-09,1.8868602514266968,2.0032570362091064,5.044316291809082,0.2749132513999939
101,bs_beamformer,4.461035132408142e-08,5.1741923809051515,54.24144821166992,0.0,164.0425598144531,0.3589757978916168,0.5129032135009766,3.8242753186225893,3.9355699944042573,7.784454822540283,-4.0046870708465576e-08,2.284529209136963,1.576569676399231,4.733583450317383,0.25611114501953125
101,uav_trajectory,1.219566911458969e-07,2.7671798706054687,20.346424102783203,0.0,359.53252868652345,0.4359833896160126,0.4752066433429718,1.7213451334834098,1.9762958054510948,6.106189250946045,-1.2293457984924316e-07,1.4340119361877441,3.175088882446289,2.690993070602417,0.14917859435081482
101,jammer_beamformer,2.6714988052845003e-07,5.007011270523071,54.11931610107422,0.0,104.99254302978515,0.4136032164096832,0.5064868330955505,4.002946879317053,5.415869458963135,14.36945915222168,-2.6263296604156494e-07,2.140049695968628,1.7301068305969238,5.076207160949707,0.27664342522621155
102,bs_beamformer,-2.270098775625229e-08,1.9091254949569703,54.19416198730469,0.0,125.5504981994629,0.3467133641242981,0.5061202645301819,3.855304862819612,3.972660202300294,8.159151077270508,2.9802322387695312e-08,1.3330243825912476,2.304159164428711,4.797967910766602,0.2595227360725403
102,uav_trajectory,-1.19674950838089e-07,1.9923481225967408,20.33956413269043,0.0,322.9815277099609,0.4080108404159546,0.4754882752895355,1.3725839998771747,1.6252207458533179,4.89798641204834,1.2200325727462769e-07,1.3499853610992432,1.9955925941467285,2.705028533935547,0.1496485322713852
102,jammer_beamformer,-1.812819391489029e-07,2.1059868335723877,54.069247817993165,0.0,348.9933349609375,0.3641725778579712,0.541287899017334,5.37428491220437,6.496988173854091,16.03325843811035,1.8486753106117249e-07,1.46868896484375,2.0729401111602783,5.1490864753723145,0.28054285049438477
103,bs_beamformer,-7.906928658485413e-08,3.626043963432312,54.154432678222655,0.0,577.8431884765625,0.371349573135376,0.5234674215316772,4.207504319801926,4.327772265646786,8.224067687988281,7.82310962677002e-08,1.9155584573745728,1.7782329320907593,4.855989933013916,0.2625325322151184
103,uav_trajectory,2.954388037323952e-07,2.783066487312317,20.331144905090333,0.0,365.5507507324219,0.4036848247051239,0.4867682456970215,1.2386768169403075,1.4652289276884514,4.929203987121582,-3.012828528881073e-07,1.6461529731750488,1.7308018207550049,2.7180356979370117,0.15012305974960327
103,jammer_beamformer,6.487825885415077e-08,2.988295245170593,54.0211067199707,0.0,361.6858245849609,0.3643280267715454,0.5140162110328674,5.680985346853733,6.9178393098132105,15.566793441772461,-6.379559636116028e-08,1.7639706134796143,1.9601223468780518,5.224881172180176,0.28464022278785706
104,bs_beamformer,-1.6158446669578552e-07,2.2363925218582152,54.12631492614746,0.0,157.73899993896484,0.41454017162323,0.5151067972183228,4.4327342190518975,4.538854135770128,9.037704467773438,1.6391277313232422e-07,1.3185673952102661,2.098698139190674,4.896233558654785,0.2646792531013489
104,uav_trajectory,-1.9581057131290436e-07,3.2985812187194825,20.32064781188965,0.0,264.91307373046874,0.4200402796268463,0.46049410104751587,1.326760440175732,1.5740986162034798,5.760628700256348,1.9744038581848145e-07,1.8218226432800293,1.5181528329849243,2.734581232070923,0.15074609220027924
104,jammer_beamformer,-2.2361055016517639e-07,2.6569785118103026,53.97117385864258,0.0,501.3339477539063,0.37552380561828613,0.489556223154068,3.1603657359369097,3.8773385615691605,12.106520652770996,2.2165477275848389e-07,1.6424236297607422,1.4479339122772217,5.299745559692383,0.28868207335472107
105,bs_beamformer,7.583294063806534e-08,2.6461710214614866,54.09149322509766,0.0,358.94683227539065,0.3914002776145935,0.5248232483863831,4.775273780912161,4.8834338907820145,9.687201499938965,-6.984919309616089e-08,1.5987187623977661,1.7946193218231201,4.937608242034912,0.26672160625457764
105,uav_trajectory,-1.4319084584712982e-07,3.5832865476608275,20.307268333435058,0.0,331.0524139404297,0.43639516830444336,0.42770883440971375,1.4541042625308036,1.7171135061113285,4.930376052856445,1.4062970876693726e-07,1.8266899585723877,2.1394290924072266,2.757021903991699,0.1516476720571518
105,jammer_beamformer,-6.412155926227569e-08,2.78271963596344,53.92953643798828,0.0,1108.8923095703126,0.3840247690677643,0.49338069558143616,1.2125248862551525,1.4924100402949707,4.325707912445068,6.28642737865448e-08,1.6619527339935303,1.9113608598709106,5.36327600479126,0.2920311987400055
106,bs_beamformer,-2.579181455075741e-07,2.6312998294830323,54.05567245483398,0.0,361.59795837402345,0.3822703957557678,0.4864545166492462,5.22100286321342,5.323838714613531,10.167092323303223,2.551823854446411e-07,1.6236518621444702,1.7183287143707275,4.986952304840088,0.2692374289035797
106,uav_trajectory,-9.690411388874054e-08,6.722703742980957,20.294029998779298,0.0,513.2559814453125,0.44162628054618835,0.4997750520706177,1.2383864352504412,1.4836090898678902,5.065837860107422,1.0151416063308716e-07,2.5492210388183594,1.5035349130630493,2.7826409339904785,0.15283167362213135
106,jammer_beamformer,-2.501998096704483e-07,2.1920287132263185,53.89775848388672,0.0,172.8814895629883,0.3961099088191986,0.4507623612880707,2.653952797902748,3.6300973078552934,11.66965103149414,2.4959444999694824e-07,1.4208630323410034,1.9554698467254639,5.40800666809082,0.2944621741771698
107,bs_beamformer,1.9988510757684708e-07,2.641927218437195,54.02677879333496,0.0,403.79876098632815,0.40729349851608276,0.47523751854896545,6.247048902899027,6.343849580581629,11.63899040222168,-2.0489096641540527e-07,1.5825592279434204,1.8615531921386719,5.026749610900879,0.27137020230293274
107,uav_trajectory,-2.575106918811798e-08,2.6282673358917235,20.283695220947266,0.0,382.99761657714845,0.42698049545288086,0.4067191779613495,1.5252944046060244,1.889396144388456,6.624607086181641,2.7008354663848877e-08,1.4160349369049072,1.6942421197891235,2.805337905883789,0.1539069563150406
107,jammer_beamformer,-2.1285377442836763e-07,2.66402804851532,53.86201210021973,0.0,973.2672668457031,0.4145335555076599,0.4233669340610504,3.5131064891070127,4.702140990853134,13.969755172729492,2.1141022443771362e-07,1.4532119035720825,1.6612634658813477,5.455967426300049,0.2969697117805481
108,bs_beamformer,-1.0326039046049118e-07,3.4180355072021484,53.99835090637207,0.0,733.3273193359375,0.4092523455619812,0.48139429092407227,7.366872023686766,7.480781496748095,12.859626770019531,1.0058283805847168e-07,1.7181506156921387,2.3578460216522217,5.065825462341309,0.27345508337020874
108,uav_trajectory,2.5168992578983307e-07,2.8312113761901854,20.277519035339356,0.0,415.7743621826172,0.3695065975189209,0.4871949255466461,1.1481756395498912,1.402897690998326,4.438929080963135,-2.5704503059387207e-07,1.6781327724456787,2.3031532764434814,2.8185107707977295,0.15447334945201874
108,jammer_beamformer,-1.3243407011032103e-07,2.3945158243179323,53.832570266723636,0.0,228.54454345703124,0.3638431429862976,0.44089555740356445,7.467006845533848,8.400494561748987,16.93549919128418,1.3504177331924438e-07,1.5549715757369995,1.8664780855178833,5.492077350616455,0.29890671372413635
109,bs_beamformer,-1.7953570932149888e-07,3.1292768001556395,53.98354835510254,0.0,500.28765563964845,0.3803141415119171,0.48562002182006836,8.198122692264617,8.266461475517591,13.820090293884277,1.8067657947540283e-07,1.7811071872711182,2.8495283126831055,5.092113494873047,0.27483633160591125
109,uav_trajectory,4.6316999942064284e-07,2.485298204421997,20.27004280090332,0.0,340.3114379882812,0.43967458605766296,0.42786818742752075,1.4685177261854212,1.7889091988742927,6.562258243560791,-4.6566128730773926e-07,1.3610361814498901,2.3170225620269775,2.8293581008911133,0.15472961962223053
109,jammer_beamformer,-4.2286701500415803e-07,3.435970330238342,53.768659591674805,0.0,139.26871185302736,0.3976372182369232,0.43792587518692017,4.0009004364553835,5.050251644866818,13.365925788879395,4.209578037261963e-07,1.8213603496551514,1.6353148221969604,5.557526588439941,0.30257540941238403
110,bs_beamformer,-1.1129304766654968e-07,2.574704480171204,53.966535568237305,0.0,154.0313980102539,0.3923201858997345,0.5051482319831848,8.148433914154769,8.231019996418153,14.356756210327148,1.1455267667770386e-07,1.586567997932434,2.129305124282837,5.111837387084961,0.275824636220932
110,uav_trajectory,-1.7718411982059477e-08,3.048386287689209,20.262139129638673,0.0,409.9526763916016,0.4022408425807953,0.46825310587882996,1.3010404476175705,1.6562433954686577,7.050945281982422,2.0489096641540527e-08,1.7153517007827759,1.8749420642852783,2.843912363052368,0.15513628721237183
110,jammer_beamformer,-3.673601895570755e-07,2.0082854986190797,53.69733505249023,0.0,812.2952453613282,0.41560155153274536,0.4497487246990204,8.73118719803542,9.623664819321693,18.561161041259766,3.688037395477295e-07,1.3072010278701782,1.5959776639938354,5.661985874176025,0.30856773257255554
111,bs_beamformer,-2.3553147912025452e-07,3.782435989379883,53.9513427734375,0.0,820.02861328125,0.40797221660614014,0.48823171854019165,7.742905702188611,7.876507354306791,14.084619522094727,2.360902726650238e-07,1.8809696435928345,1.8474830389022827,5.133670806884766,0.2768656015396118
111,uav_trajectory,3.2540410757064817e-07,2.2518287897109985,20.25566692352295,0.0,474.894091796875,0.41376689076423645,0.43184810876846313,1.550128484432896,1.9194295736364193,7.097367763519287,-3.2316893339157104e-07,1.4760662317276,1.9143351316452026,2.8551719188690186,0.1554502695798874
111,jammer_beamformer,-1.157168298959732e-07,3.7790868282318115,53.65627479553223,0.0,523.0043212890625,0.40699684619903564,0.471284419298172,2.3749914398044347,2.868820437823026,8.076403617858887,1.1455267667770386e-07,1.958271861076355,1.8484113216400146,5.731035232543945,0.312483012676239
112,bs_beamformer,5.589798092842102e-07,2.544181251525879,53.94053764343262,0.0,841.9164367675781,0.4296937882900238,0.44113263487815857,6.955605134859681,7.090335997934493,13.498815536499023,-5.578622221946716e-07,1.3616890907287598,2.0612738132476807,5.150999546051025,0.27764686942100525
112,uav_trajectory,-1.6172416508197785e-07,3.9840179443359376,20.247471427917482,0.0,453.65639343261716,0.43872639536857605,0.4578659236431122,1.3521114668498437,1.6453451458901467,5.055134296417236,1.564621925354004e-07,1.8179415464401245,2.196432590484619,2.8681817054748535,0.1559794545173645
112,jammer_beamformer,-2.2761523723602295e-07,2.8574363946914674,53.62184791564941,0.0,496.71344604492185,0.36216139793395996,0.4739556908607483,2.459076785810292,2.8865704207347886,9.1503267288208,2.207234501838684e-07,1.6209691762924194,1.8648170232772827,5.7825822830200195,0.3153781592845917
113,bs_beamformer,1.7159618437290192e-07,6.619791078567505,53.93309059143066,0.0,197.36625213623046,0.453050434589386,0.46596917510032654,6.85890869358927,6.981082796162893,12.43661880493164,-1.6903504729270935e-07,2.3112194538116455,1.5280243158340454,5.160539150238037,0.27811354398727417
113,uav_trajectory,-1.9674189388751984e-07,3.3866622924804686,20.23895397186279,0.0,377.4708953857422,0.4039016366004944,0.46966901421546936,1.4539277416020633,1.7576909987066982,6.175078392028809,1.8998980522155762e-07,1.7991201877593994,1.2858513593673706,2.8820416927337646,0.15635134279727936
113,jammer_beamformer,6.216578185558319e-08,3.077089214324951,53.602883911132814,0.0,1214.8327392578126,0.41263115406036377,0.45886972546577454,2.3861884407494216,2.807168517575043,7.69731330871582,-6.146728992462158e-08,1.7428300380706787,1.3777644634246826,5.818069934844971,0.31738170981407166
114,bs_beamformer,-1.9576400518417357e-07,2.780285048484802,53.91721382141113,0.0,804.4964172363282,0.376752644777298,0.4345080554485321,8.333834508650005,8.47287636787407,14.95272159576416,1.9650906324386597e-07,1.6712510585784912,2.1258363723754883,5.179632663726807,0.27916085720062256
114,uav_trajectory,-7.441267371177674e-08,2.748132610321045,20.230471229553224,0.0,245.57949676513672,0.4338730573654175,0.39078477025032043,1.1436171513795852,1.4552490337555883,6.014993667602539,8.009374141693115e-08,1.3563790321350098,2.0651156902313232,2.897676467895508,0.1567559391260147
114,jammer_beamformer,-3.236345946788788e-08,3.818188285827637,53.585453796386716,0.0,1919.4136108398438,0.4313341975212097,0.41576990485191345,4.067357347816229,5.311794486711563,16.354045867919922,3.166496753692627e-08,1.8218880891799927,1.9500089883804321,5.84377908706665,0.31878653168678284
115,bs_beamformer,-1.2218952178955077e-07,2.7403884887695313,53.90574722290039,0.0,231.58517761230468,0.4018484652042389,0.48473697900772095,7.379759223297238,7.489195237060784,13.649823188781738,1.2433156371116638e-07,1.6454275846481323,2.4950544834136963,5.199837684631348,0.2801828384399414
115,uav_trajectory,1.899898052215576e-08,2.9297611236572267,20.225769805908204,0.0,378.32533874511716,0.4137133061885834,0.47947561740875244,1.3692084374179443,1.709634583556073,6.884127616882324,-1.955777406692505e-08,1.6117486953735352,2.339860200881958,2.9047188758850098,0.15625301003456116
115,jammer_beamformer,-3.119930624961853e-07,2.916533422470093,53.56526184082031,0.0,199.04511260986328,0.4137640595436096,0.45428213477134705,4.6958745909370485,5.731418269764452,14.17241382598877,3.045424818992615e-07,1.6425966024398804,1.7137436866760254,5.862786769866943,0.31989264488220215
116,bs_beamformer,4.1925814002752305e-07,2.840700149536133,53.89817504882812,0.0,165.1576675415039,0.43453001976013184,0.4323466122150421,6.454576278083026,6.719307594478319,14.976445198059082,-4.163011908531189e-07,1.4892605543136597,2.153614044189453,5.2125067710876465,0.28079235553741455
116,uav_trajectory,-2.3832544684410096e-07,2.0606616973876952,20.218927574157714,0.0,307.5250244140625,0.4214168190956116,0.42167866230010986,1.261082908210034,1.559925862660511,5.107857704162598,2.4028122425079346e-07,1.2164705991744995,1.8024437427520752,2.9126782417297363,0.15591692924499512
116,jammer_beamformer,2.183951437473297e-07,2.8963344573974608,53.51478233337402,0.0,147.82014923095704,0.43224239349365234,0.4226924180984497,3.627045265581459,4.746643723052031,13.486215591430664,-2.1327286958694458e-07,1.6457271575927734,3.007235050201416,5.919064044952393,0.32304295897483826
117,bs_beamformer,1.0174699127674103e-07,3.5619731187820434,53.891458892822264,0.0,817.6376525878907,0.4597497880458832,0.446750670671463,5.406396065354347,5.511694496595912,10.964883804321289,-1.0617077350616455e-07,1.4879125356674194,2.319775104522705,5.224750995635986,0.2813182473182678
117,uav_trajectory,-9.709037840366364e-08,4.353403520584107,20.211647605895998,0.0,269.87668762207034,0.4556630551815033,0.4218190908432007,1.430987347210447,1.743962963838297,6.347744941711426,1.0151416063308716e-07,1.6747596263885498,1.711981177330017,2.924675703048706,0.15619312226772308
117,jammer_beamformer,-2.2139865905046462e-07,5.127770853042603,53.45795364379883,0.0,605.6582489013672,0.427185595035553,0.45509353280067444,1.7766884393077345,2.042155857911611,5.662062644958496,2.230517566204071e-07,2.2387654781341553,1.3875913619995117,6.009979724884033,0.3282632529735565
118,bs_beamformer,-1.6540288925170898e-07,4.749124526977539,53.88361282348633,0.0,618.4214599609375,0.4201975464820862,0.476312518119812,6.824711411550641,7.003502222036922,12.979588508605957,1.6530975699424744e-07,2.1326587200164795,2.607543468475342,5.2343645095825195,0.2816585898399353
118,uav_trajectory,1.4328397810459136e-07,5.293849086761474,20.203357124328612,0.0,263.30123443603514,0.43611323833465576,0.4652520716190338,1.4008378249307474,1.7339817513780382,6.152215480804443,-1.4435499906539917e-07,2.231208324432373,1.969962239265442,2.937124729156494,0.15644213557243347
118,jammer_beamformer,1.8281862139701844e-07,5.489101505279541,53.41603164672851,0.0,2119.750830078125,0.4323367774486542,0.5117784738540649,2.851122630931437,3.489655493217989,10.577080726623535,-1.8905848264694214e-07,2.3001914024353027,2.0291085243225098,6.086973667144775,0.33278512954711914
119,bs_beamformer,3.7334393709897995e-07,4.352794647216797,53.86686668395996,0.0,692.2137084960938,0.45181211829185486,0.44299206137657166,6.5753615512549874,6.726809371325979,13.387594223022461,-3.7066638469696045e-07,1.8433254957199097,1.8358432054519653,5.249946594238281,0.2823428809642792
119,uav_trajectory,4.302710294723511e-08,3.0310354471206664,20.192020606994628,0.0,462.55113830566404,0.43206363916397095,0.44727009534835815,1.233551353002588,1.5759461098141394,6.481337070465088,-4.284083843231201e-08,1.6345351934432983,3.3230011463165283,2.9533729553222656,0.1563555747270584
119,jammer_beamformer,-4.884786903858185e-08,2.7336273431777953,53.38933753967285,0.0,449.826904296875,0.39899346232414246,0.4927714765071869,2.144937614902854,2.4420627931414294,6.321985244750977,4.563480615615845e-08,1.653301477432251,1.7524956464767456,6.132659912109375,0.3355304002761841
120,bs_beamformer,-1.5585683286190032e-07,2.6003160953521727,53.84684104919434,0.0,734.7221801757812,0.40463918447494507,0.4584120810031891,5.808836352571845,6.043290305705184,12.429393768310547,1.5925616025924683e-07,1.6185972690582275,2.631518602371216,5.276203155517578,0.283698707818985
120,uav_trajectory,1.6968697309494017e-07,4.112557744979858,20.18111171722412,0.0,308.0165130615234,0.4657154083251953,0.41676872968673706,1.0984661123553912,1.3753318809250854,5.882301330566406,-1.6670674085617065e-07,1.6141301393508911,1.541350245475769,2.971998453140259,0.1565159559249878
120,jammer_beamformer,-1.5955884009599685e-07,3.801257848739624,53.35921020507813,0.0,352.7573760986328,0.445483922958374,0.4751459062099457,3.239249869722873,3.8769878991118527,12.531667709350586,1.6065314412117004e-07,1.8228927850723267,1.4948408603668213,6.172408580780029,0.3378126919269562
121,bs_beamformer,1.1902302503585815e-07,2.179520869255066,53.827498245239255,0.0,312.3344024658203,0.42432713508605957,0.48368993401527405,4.544555490747094,4.7846535757754785,10.97404670715332,-1.1920928955078125e-07,1.4301520586013794,1.6662046909332275,5.30019998550415,0.28490880131721497
121,uav_trajectory,2.737622708082199e-07,4.752892780303955,20.171722412109375,0.0,314.73497772216797,0.4486413896083832,0.47739431262016296,1.4716885017603636,1.8218728175637657,6.330887794494629,-2.752058207988739e-07,1.8913673162460327,2.375720739364624,2.9876389503479004,0.1564684510231018
121,jammer_beamformer,8.060596883296966e-08,5.365635681152344,53.32331504821777,0.0,858.0494445800781,0.41369566321372986,0.5622928738594055,2.2711041936166585,2.5398980252390175,6.405988693237305,-8.475035429000854e-08,2.301649570465088,1.9480340480804443,6.2255401611328125,0.3408163785934448
122,bs_beamformer,1.407228410243988e-07,5.14106936454773,53.807213973999026,0.0,440.5162719726562,0.4781043231487274,0.4602695107460022,5.704119662836194,5.942415688792421,12.28101634979248,-1.3969838619232178e-07,1.8550834655761719,2.1269381046295166,5.328322410583496,0.28645482659339905
122,uav_trajectory,-1.2835953384637832e-07,3.7052636623382567,20.161413764953615,0.0,511.41583862304685,0.4361307919025421,0.5028539299964905,1.0819813069328665,1.321628919312946,4.417313098907471,1.2759119272232056e-07,1.7314084768295288,1.916569709777832,3.0021166801452637,0.1561845988035202
122,jammer_beamformer,-2.3813918232917785e-07,3.1688914060592652,53.29302825927734,0.0,578.5385864257812,0.43776261806488037,0.4898839294910431,2.8280626442059873,3.252607783099146,9.221296310424805,2.3748725652694702e-07,1.6135895252227783,1.9292783737182617,6.272527694702148,0.34345778822898865
123,bs_beamformer,-1.866603270173073e-07,3.458613324165344,53.791005325317386,0.0,225.19290771484376,0.48940929770469666,0.45479702949523926,8.430196182183922,8.570661257877742,15.672054290771484,1.8719583749771118e-07,1.33097505569458,2.0984904766082764,5.353414535522461,0.2880057394504547
123,uav_trajectory,5.820766091346741e-08,3.6686711072921754,20.149411773681642,0.0,449.3110626220703,0.4573288559913635,0.4548473060131073,1.5931978068649768,2.0562252400123757,8.432156562805176,-6.332993507385254e-08,1.7731400728225708,1.4822988510131836,3.0227854251861572,0.1570165604352951
123,jammer_beamformer,-1.295004040002823e-07,2.6539353370666503,53.2569694519043,0.0,299.9689315795898,0.4008728265762329,0.5298701524734497,2.8158723429311068,3.205137603732937,8.701870918273926,1.2759119272232056e-07,1.6362453699111938,2.1691298484802246,6.316077709197998,0.34595662355422974
124,bs_beamformer,4.287809133529663e-07,2.6126383543014526,53.77183837890625,0.0,198.6769821166992,0.46015992760658264,0.4625470042228699,9.868724185168743,10.027245427610175,16.906295776367188,-4.246830940246582e-07,1.4433448314666748,1.989094853401184,5.37291145324707,0.28907492756843567
124,uav_trajectory,-1.5320256352424622e-07,2.603421950340271,20.139844512939455,0.0,628.3426635742187,0.4246169924736023,0.4339769780635834,1.3224220271805922,1.6995855652758054,6.249547481536865,1.564621925354004e-07,1.5431729555130005,1.932330846786499,3.042509078979492,0.15800841152668
124,jammer_beamformer,-4.0298327803611754e-07,3.0023589849472048,53.20943717956543,0.0,242.3429183959961,0.45221349596977234,0.5513699054718018,10.123204439334572,11.251517572484419,19.449554443359375,4.023313522338867e-07,1.525805950164795,1.940686583518982,6.377431869506836,0.34932610392570496
125,bs_beamformer,8.032657206058503e-10,2.4831655740737917,53.73925895690918,0.0,414.1268646240234,0.4487411081790924,0.46755632758140564,10.125870887249707,10.210150519189424,16.410980224609375,1.862645149230957e-09,1.4948933124542236,1.7571848630905151,5.409565448760986,0.29097065329551697
125,uav_trajectory,-1.2656673789024354e-07,2.473473000526428,20.13229923248291,0.0,345.1420867919922,0.40536290407180786,0.45583978295326233,1.6319737328750392,2.0601969480976168,7.426293849945068,1.3131648302078247e-07,1.4404397010803223,2.464942693710327,3.0566928386688232,0.1584324687719345
125,jammer_beamformer,1.017935574054718e-07,3.87887864112854,53.16734504699707,0.0,1309.8404052734375,0.4311748147010803,0.5280541777610779,5.086762395776808,6.5287035774975095,17.457868576049805,-1.0151416063308716e-07,1.9045181274414062,1.5432829856872559,6.445028305053711,0.35302525758743286
126,bs_beamformer,8.819624781608582e-08,4.363991451263428,53.70017509460449,0.0,150.27539825439453,0.4684130549430847,0.5123046040534973,9.482820693954825,9.639304200206404,16.71207046508789,-8.754432201385498e-08,1.8861054182052612,2.3736000061035156,5.457568645477295,0.2934415936470032
126,uav_trajectory,-1.8104910850524903e-07,3.7209665060043333,20.12517547607422,0.0,526.6998138427734,0.45152923464775085,0.43020325899124146,1.6133805365959804,2.0969814994937734,8.810169219970703,1.7508864402770996e-07,1.5390968322753906,1.796937108039856,3.0671229362487793,0.15827640891075134
126,jammer_beamformer,2.504093572497368e-07,2.9848177433013916,53.13800163269043,0.0,1158.577783203125,0.4256688952445984,0.521316409111023,7.784634987831116,9.056888680036081,20.507431030273438,-2.514570951461792e-07,1.7499568462371826,2.408071756362915,6.490489959716797,0.3554905951023102
127,bs_beamformer,-1.6335397958755494e-07,4.918818569183349,53.65396270751953,0.0,653.5481323242187,0.4801226258277893,0.46893858909606934,6.984602941453457,7.270581081732682,15.741703987121582,1.6763806343078613e-07,1.8922863006591797,2.4256863594055176,5.5191779136657715,0.2966337203979492
127,uav_trajectory,-1.0435469448566437e-07,6.111148691177368,20.115684700012206,0.0,410.06622009277345,0.4352530241012573,0.5049736499786377,1.411782324001193,1.852055807002138,6.66983699798584,1.019798219203949e-07,2.280048370361328,1.531144380569458,3.0792317390441895,0.15807890892028809
127,jammer_beamformer,-4.0060840547084806e-07,4.421414041519165,53.11144104003906,0.0,735.7075256347656,0.45457723736763,0.4543510973453522,2.100084097456187,2.3967178322619573,6.298245429992676,3.995373845100403e-07,2.0138392448425293,1.8793041706085205,6.5246124267578125,0.3573956787586212
128,bs_beamformer,5.0314702093601225e-08,4.29769492149353,53.62082061767578,0.0,1496.2852416992187,0.44640061259269714,0.4593623876571655,7.418679793328047,7.729500612939065,14.887968063354492,-4.7031790018081665e-08,1.9566400051116943,1.768924355506897,5.570872783660889,0.2992345690727234
128,uav_trajectory,-2.678949385881424e-07,3.651170349121094,20.104141616821288,0.0,443.0798095703125,0.44557955861091614,0.47153156995773315,1.7289027842779954,2.305997094392177,10.539875030517578,2.7194619178771973e-07,1.5090473890304565,2.033478260040283,3.0969550609588623,0.15819181501865387
128,jammer_beamformer,4.256144165992737e-08,4.167351579666137,53.08106651306152,0.0,1591.7835571289063,0.4547145366668701,0.4885224401950836,4.678790304221213,6.00999119204358,17.576608657836914,-4.190951585769653e-08,1.9760017395019531,1.8070874214172363,6.562918186187744,0.3595999479293823
129,bs_beamformer,8.617062121629715e-08,3.553808903694153,53.59822120666504,0.0,877.2988647460937,0.47183486819267273,0.4504452645778656,6.6604042918160555,6.942879942214158,14.004594802856445,-8.568167686462402e-08,1.7321096658706665,2.3783769607543945,5.603310585021973,0.3008832037448883
129,uav_trajectory,-6.472691893577576e-09,5.088686513900757,20.093117904663085,0.0,435.1468566894531,0.44756850600242615,0.4691527187824249,1.599319349202017,1.989727631480222,6.296937465667725,1.0244548320770264e-08,1.9286493062973022,1.3460698127746582,3.1140506267547607,0.15790024399757385
129,jammer_beamformer,6.03729858994484e-07,4.030303001403809,53.057316589355466,0.0,1543.058984375,0.46350252628326416,0.5073001384735107,9.871757886119187,10.959459143406603,20.2751522064209,-6.09084963798523e-07,1.8171218633651733,2.320112466812134,6.5981574058532715,0.36163097620010376
130,bs_beamformer,-2.2184103727340697e-07,2.3106173038482667,53.57716369628906,0.0,407.09497528076173,0.4332989454269409,0.46931731700897217,7.765922169953584,8.120069784451793,16.54071807861328,2.1792948246002197e-07,1.4932018518447876,1.8668745756149292,5.62952995300293,0.30229347944259644
130,uav_trajectory,1.464039087295532e-07,4.793318176269532,20.081333732604982,0.0,389.8703277587891,0.43052536249160767,0.43903976678848267,1.446979046165943,1.9456277246277194,8.804920196533203,-1.4668330550193787e-07,1.983614444732666,1.3842487335205078,3.1310529708862305,0.15762633085250854
130,jammer_beamformer,1.0741641744971276e-07,5.316949653625488,53.038634872436525,0.0,578.6677551269531,0.4169129729270935,0.5018734335899353,3.2146251241788266,3.6065246433273823,7.899123191833496,-9.848736226558685e-08,2.311798095703125,1.8644802570343018,6.624623775482178,0.36311206221580505
131,bs_beamformer,1.1012889444828033e-07,3.4096137046813966,53.55619354248047,0.0,1089.286962890625,0.46629267930984497,0.4874941110610962,6.427700768195093,6.72377975133252,15.107114791870117,-1.1781230568885803e-07,1.6275771856307983,1.7018529176712036,5.65838623046875,0.3038960099220276
131,uav_trajectory,-1.2824311852455138e-07,7.281278371810913,20.067261505126954,0.0,560.0383850097656,0.4789365231990814,0.4756763279438019,1.4587624153171976,1.8804907728940754,7.522265434265137,1.3317912817001343e-07,2.2481706142425537,1.7069474458694458,3.1534204483032227,0.15787383913993835
131,jammer_beamformer,1.4258548617362976e-07,3.7482213497161867,53.0169174194336,0.0,2258.140625,0.4197910726070404,0.5453652739524841,3.513582613028586,4.310182757305611,14.356195449829102,-1.4156103134155273e-07,1.9290096759796143,1.7891572713851929,6.652557373046875,0.36452049016952515
132,bs_beamformer,-9.974464774131774e-08,2.5492837905883787,53.544580078125,0.0,280.45421905517577,0.4350121021270752,0.47216761112213135,9.62121565181017,9.814169005644272,18.02890396118164,9.406358003616333e-08,1.5570452213287354,1.5720282793045044,5.683259010314941,0.30523043870925903
132,uav_trajectory,2.1420419216156004e-09,4.3188392162323,20.05455379486084,0.0,461.0848358154297,0.46729153394699097,0.4147000014781952,1.4560470042824745,1.8862054902620207,6.165689945220947,1.3969838619232178e-09,1.517860770225525,2.408102035522461,3.1767752170562744,0.15860264003276825
132,jammer_beamformer,8.353963494300843e-08,3.252283239364624,52.99732933044434,0.0,1818.3229736328126,0.4137141704559326,0.5088202357292175,7.623007296655327,8.759838170505617,19.067453384399414,-8.381903171539307e-08,1.8404954671859741,2.0988173484802246,6.682394027709961,0.36609214544296265
133,bs_beamformer,2.0442530512809753e-07,5.520379495620728,53.54337387084961,0.0,1084.9372009277345,0.4663485884666443,0.46331316232681274,11.07918082100898,11.20019121459206,18.015491485595703,-2.039596438407898e-07,2.1164395809173584,2.0119330883026123,5.693919658660889,0.3057428300380707
133,uav_trajectory,1.6312114894390107e-07,5.723960065841675,20.044608306884765,0.0,500.8296722412109,0.4892383813858032,0.43788793683052063,1.6101309974292914,2.0765608312920367,8.842769622802734,-1.6461126506328583e-07,1.9164931774139404,2.401482105255127,3.194078207015991,0.15894369781017303
133,jammer_beamformer,2.9616057872772217e-08,2.8029027700424196,52.972907638549806,0.0,661.2144317626953,0.44029760360717773,0.4540923833847046,2.725679115280509,3.3408022842727627,11.02731704711914,-3.3993273973464966e-08,1.6341639757156372,1.6517595052719116,6.709362506866455,0.3676328957080841
134,bs_beamformer,-1.5385448932647704e-07,3.8575775146484377,53.53600654602051,0.0,396.1328857421875,0.4820091426372528,0.5149344205856323,7.4227911462932825,7.619983228567792,14.071538925170898,1.5087425708770752e-07,1.707921028137207,1.796339750289917,5.707125663757324,0.3063628375530243
134,uav_trajectory,9.606592357158661e-08,3.1196571826934814,20.033872604370117,0.0,456.71802978515626,0.3812406659126282,0.49554207921028137,1.1808373137538632,1.4698280135977757,5.518886566162109,-9.685754776000977e-08,1.517557144165039,1.7427167892456055,3.2089955806732178,0.15843327343463898
134,jammer_beamformer,7.390044629573821e-08,3.7656978368759155,52.935506439208986,0.0,689.0410461425781,0.4340294301509857,0.5078635215759277,4.31354062205553,4.859429197409617,12.269144058227539,-7.35744833946228e-08,1.874582052230835,1.599658727645874,6.75074577331543,0.37002667784690857
135,bs_beamformer,6.672926247119904e-08,5.167992401123047,53.528359985351564,0.0,659.4390075683593,0.4995926320552826,0.470176100730896,9.222147788867355,9.526408272866979,17.30324363708496,-7.078051567077637e-08,1.851878046989441,1.9142369031906128,5.718270778656006,0.30681750178337097
135,uav_trajectory,-2.0349398255348207e-08,4.639030265808105,20.02063446044922,0.0,466.3446502685547,0.48423856496810913,0.4356755316257477,1.6152291778425376,2.0718122484598895,8.404614448547363,2.3283064365386963e-08,1.5869834423065186,1.6582496166229248,3.2261154651641846,0.1578102558851242
135,jammer_beamformer,-1.5273690223693848e-07,4.347433042526245,52.90017509460449,0.0,1810.323779296875,0.4570092260837555,0.454153835773468,2.2948214720860123,2.7598756623607503,8.882625579833984,1.5133991837501526e-07,1.93643057346344,1.5256344079971313,6.803417682647705,0.3729599118232727
136,bs_beamformer,1.6582198441028596e-07,3.6747371673583986,53.50897102355957,0.0,545.0548126220704,0.41223907470703125,0.46951526403427124,7.271892448663712,7.949092219143912,16.313066482543945,-1.6158446669578552e-07,1.9178634881973267,1.740224003791809,5.7361979484558105,0.30771851539611816
136,uav_trajectory,3.535766154527664e-07,4.331657028198242,20.00610523223877,0.0,857.6493621826172,0.4592040479183197,0.4368603825569153,1.517654895529151,1.8526994454634438,5.738115310668945,-3.5669654607772827e-07,1.574579119682312,2.3571181297302246,3.250375747680664,0.15766215324401855
136,jammer_beamformer,2.8922222554683686e-07,4.139862871170044,52.874535369873044,0.0,978.8392333984375,0.46568194031715393,0.45969200134277344,2.974158348016441,3.610653205592385,12.663215637207031,-2.905726432800293e-07,1.8367661237716675,1.9808276891708374,6.840400695800781,0.3749583661556244
137,bs_beamformer,-1.1101365089416504e-07,4.595283269882202,53.4773754119873,0.0,1472.8952392578126,0.46393078565597534,0.4782204031944275,7.866657514825463,8.712433675069265,17.031627655029297,1.1920928955078125e-07,2.0533998012542725,1.6327083110809326,5.771336555480957,0.30958712100982666
137,uav_trajectory,-1.0430812835693359e-08,5.854267024993897,19.99568748474121,0.0,392.3709411621094,0.4998999238014221,0.40661191940307617,1.729117643972238,2.112127668388665,6.406364440917969,1.0244548320770264e-08,1.7876698970794678,2.1652262210845947,3.269710063934326,0.15764547884464264
137,jammer_beamformer,-2.416316419839859e-07,3.333926630020142,52.851379776000975,0.0,2020.9813842773438,0.44604966044425964,0.4235803186893463,1.643359863864258,1.991718502842639,6.872470855712891,2.4400651454925537e-07,1.7674107551574707,2.218315601348877,6.8705058097839355,0.376537561416626
138,bs_beamformer,2.8992071747779847e-07,3.104350447654724,53.453422164916994,0.0,984.6895751953125,0.4488239288330078,0.492118775844574,9.897456533320248,10.218547850536828,18.554607391357422,-2.915039658546448e-07,1.7227612733840942,1.9209516048431396,5.804604530334473,0.3114226162433624
138,uav_trajectory,-1.5897676348686217e-07,5.02356481552124,19.986720275878906,0.0,625.7495147705079,0.4758928716182709,0.4077971577644348,1.3306847635755936,1.664163942441569,7.492068290710449,1.564621925354004e-07,1.6341371536254883,1.8164973258972168,3.2845618724823,0.15708543360233307
138,jammer_beamformer,-2.9581133276224136e-07,2.7015998125076295,52.835387802124025,0.0,2323.1219482421875,0.43672820925712585,0.5033031702041626,8.937739037364722,10.791269595038782,22.153282165527344,2.942979335784912e-07,1.6457444429397583,1.5342326164245605,6.894649505615234,0.3778879642486572
139,bs_beamformer,2.3583415895700454e-07,4.793458747863769,53.42430534362793,0.0,288.1615234375,0.44505345821380615,0.5131449699401855,5.003658110450953,5.306373529353722,13.020357131958008,-2.384185791015625e-07,2.1725921630859375,1.7112282514572144,5.8274922370910645,0.3127743601799011
139,uav_trajectory,-6.291083991527557e-08,5.431918954849243,19.979457473754884,0.0,468.5686889648438,0.4614582061767578,0.502905547618866,1.3941919325043757,1.7532278188628463,6.122805595397949,6.426125764846802e-08,1.7700778245925903,1.901321530342102,3.295722484588623,0.15644732117652893
139,jammer_beamformer,1.7173588275909424e-07,3.9201685905456545,52.815626525878905,0.0,655.2725265502929,0.4589836001396179,0.5006390810012817,2.2229549661874772,2.524337374742173,7.347674369812012,-1.73225998878479e-07,1.9113945960998535,1.7408928871154785,6.915256977081299,0.37912625074386597
140,bs_beamformer,2.2724270820617674e-08,4.527470207214355,53.3733943939209,0.0,2596.6486083984373,0.4133107662200928,0.5978765487670898,7.683679788954556,8.20354638825498,17.666263580322266,-2.0489096641540527e-08,2.135878801345825,1.844206690788269,5.879839897155762,0.31570297479629517
140,uav_trajectory,-8.932547643780708e-08,2.766166400909424,19.969053649902342,0.0,556.3796752929687,0.41651207208633423,0.4989796578884125,1.3346040613092482,1.6934745723243902,5.991660118103027,8.66129994392395e-08,1.2989758253097534,2.416551113128662,3.3088488578796387,0.15599088370800018
140,jammer_beamformer,2.8084032237529756e-07,2.767301321029663,52.76349029541016,0.0,412.6386474609375,0.41698330640792847,0.5211020112037659,6.263295010000467,8.163092690103653,22.071191787719727,-2.7567148208618164e-07,1.6211481094360352,1.9104169607162476,6.959289073944092,0.3816443681716919
141,bs_beamformer,8.391216397285461e-08,7.046744108200073,53.34454116821289,0.0,2068.94677734375,0.42758071422576904,0.5112539529800415,6.094921815089881,6.851896665908023,16.67378807067871,-8.195638656616211e-08,2.654679775238037,1.6548771858215332,5.922117710113525,0.31799450516700745
141,uav_trajectory,-8.553033694624901e-08,5.589340496063232,19.957527732849123,0.0,641.647119140625,0.4956554174423218,0.47534605860710144,1.6163385466635227,2.132329160498548,11.142902374267578,8.568167686462402e-08,1.6693755388259888,2.1434881687164307,3.327195405960083,0.15528909862041473
141,jammer_beamformer,2.5331974029541016e-07,4.558243227005005,52.693253707885745,0.0,477.76111755371096,0.4426933526992798,0.5112633109092712,6.509702765509486,8.38487916569718,20.635793685913086,-2.5331974029541016e-07,2.0847909450531006,2.046389579772949,7.050159454345703,0.3867061734199524
142,bs_beamformer,3.9301812648773196e-08,3.6743944883346558,53.32235107421875,0.0,197.45181427001953,0.43854400515556335,0.549281656742096,10.029508738644422,10.342767096704064,18.130992889404297,-3.5390257835388184e-08,1.9097732305526733,2.3339359760284424,5.943412780761719,0.3191649615764618
142,uav_trajectory,2.514570951461792e-08,5.557566213607788,19.94823513031006,0.0,654.5356658935547,0.4713001847267151,0.47083303332328796,1.550584170560042,1.9255812642939696,6.514077663421631,-2.0023435354232788e-08,1.7548946142196655,1.83451247215271,3.343409776687622,0.1548442542552948
142,jammer_beamformer,-3.729946911334991e-08,3.24967782497406,52.62580833435059,0.0,672.1676879882813,0.41360312700271606,0.5199863910675049,1.9392024910235777,2.289598694084503,6.079586505889893,3.91155481338501e-08,1.8217958211898804,2.3770792484283447,7.142439842224121,0.3917413353919983
143,bs_beamformer,-1.7536804080009462e-07,3.3096603631973265,53.288229370117186,0.0,231.9046188354492,0.452956885099411,0.4998989403247833,6.950756143733859,7.344674047579899,16.74299430847168,1.7043203115463257e-07,1.7502062320709229,2.247866153717041,5.985880374908447,0.3215133547782898
143,uav_trajectory,5.085021257400513e-08,5.206731462478638,19.93961067199707,0.0,721.8982482910156,0.4736171364784241,0.395172119140625,1.4805714169541995,1.8142405793299923,5.99569034576416,-4.936009645462036e-08,1.7015048265457153,1.296973466873169,3.357133150100708,0.15459513664245605
143,jammer_beamformer,-1.0719522833824157e-07,3.9989336729049683,52.56239356994629,0.0,2877.587890625,0.43189191818237305,0.4872833490371704,2.708503244482912,3.1767310730963843,9.821918487548828,1.0803341865539551e-07,2.002204179763794,1.6938624382019043,7.235507488250732,0.3968241214752197
144,bs_beamformer,-2.0684674382209777e-07,3.7771377086639406,53.26033401489258,0.0,1162.8765502929687,0.4663483202457428,0.46318644285202026,6.359788189716637,6.83828987615241,17.357086181640625,2.1327286958694458e-07,1.8628636598587036,2.5733304023742676,6.0261735916137695,0.32357290387153625
144,uav_trajectory,-2.5411136448383333e-07,3.66679368019104,19.930138778686523,0.0,659.0875671386718,0.45021823048591614,0.49198946356773376,1.5586529739846786,1.8888831805595607,6.830408573150635,2.60770320892334e-07,1.5041347742080688,1.8466264009475708,3.371746778488159,0.15477731823921204
144,jammer_beamformer,2.5099143385887145e-08,3.112206768989563,52.524932098388675,0.0,1105.2100830078125,0.4146476984024048,0.49369871616363525,4.517718054730445,6.198486245840129,20.511655807495117,-2.9802322387695312e-08,1.7633070945739746,1.9165098667144775,7.301112174987793,0.40046826004981995
145,bs_beamformer,1.7890706658363342e-07,3.6593619108200075,53.23706893920898,0.0,451.8874237060547,0.4516961872577667,0.4770283102989197,9.636627679266036,9.904995278658216,18.941570281982422,-1.778826117515564e-07,1.873433232307434,1.6796269416809082,6.054953575134277,0.3250561058521271
145,uav_trajectory,4.0745362639427185e-08,4.633601140975952,19.919684219360352,0.0,591.3648193359375,0.45297715067863464,0.4703770577907562,1.7706043192843597,2.2618509219982488,7.078056812286377,-4.0978193283081055e-08,1.7939579486846924,1.7661988735198975,3.387700319290161,0.1548081338405609
145,jammer_beamformer,-1.248437911272049e-07,3.8264391660690307,52.498681259155276,0.0,1574.6569458007812,0.48421502113342285,0.45938336849212646,3.5746098257526757,4.8216938604125685,16.32160186767578,1.30385160446167e-07,1.489831566810608,2.0753355026245117,7.340871810913086,0.4026336073875427
146,bs_beamformer,9.795185178518295e-08,3.12669723033905,53.20732536315918,0.0,595.8984832763672,0.4501649737358093,0.4565766751766205,10.46043653510511,10.638076235258064,17.91257667541504,-9.406358003616333e-08,1.7427995204925537,1.9078634977340698,6.085646152496338,0.3267231583595276
146,uav_trajectory,-8.279457688331605e-08,3.2735154151916506,19.905934524536132,0.0,633.8886779785156,0.4283573031425476,0.4891607463359833,1.645692515298724,1.9907457978750918,5.009065628051758,7.916241884231567e-08,1.5489778518676758,2.180865526199341,3.405492067337036,0.1543273776769638
146,jammer_beamformer,-1.8384307622909546e-07,2.8005870580673218,52.48150863647461,0.0,1164.0969116210938,0.4606875777244568,0.5387696623802185,1.8703396123312415,2.3858806081460755,9.868865013122559,1.862645149230957e-07,1.5768944025039673,1.9910246133804321,7.365510940551758,0.40392211079597473
147,bs_beamformer,1.3178214430809021e-08,3.678986406326294,53.171652221679686,0.0,749.5815002441407,0.4485779404640198,0.5292506217956543,10.898150228992105,11.082552687482625,18.81033706665039,-1.1175870895385742e-08,1.9042705297470093,2.055781602859497,6.1264519691467285,0.3289395272731781
147,uav_trajectory,3.245659172534943e-08,7.2607447624206545,19.888889884948732,0.0,909.5865478515625,0.4749731421470642,0.43776509165763855,1.471685898438096,1.7875730792516331,5.733782768249512,-3.306195139884949e-08,1.9213968515396118,1.9057236909866333,3.4339370727539062,0.15394394099712372
147,jammer_beamformer,1.0556541383266448e-07,5.109270858764648,52.44806251525879,0.0,363.72178039550784,0.46982210874557495,0.5626706480979919,1.7227775258412585,2.0198785262529015,5.107691764831543,-1.0337680578231812e-07,2.098423957824707,1.7941123247146606,7.393038749694824,0.40546074509620667
148,bs_beamformer,-5.192123353481293e-09,3.53552725315094,53.14149971008301,0.0,652.9915802001954,0.43994301557540894,0.5585058927536011,6.645379178956151,6.829234553442354,14.2162446975708,6.05359673500061e-09,1.8763141632080078,2.210841655731201,6.170080184936523,0.33127206563949585
148,uav_trajectory,-4.1711609810590745e-08,5.194146966934204,19.879246139526366,0.0,903.7033752441406,0.42948320508003235,0.45082440972328186,1.5121160424003999,1.8237413750753393,5.651426792144775,4.284083843231201e-08,1.7412151098251343,1.5737948417663574,3.4540467262268066,0.15342910587787628
148,jammer_beamformer,1.1457595974206925e-07,3.3902631998062134,52.384696578979494,0.0,232.4196044921875,0.4749024510383606,0.5024003386497498,2.485191015731543,2.9337155253822598,8.592889785766602,-1.1548399925231934e-07,1.6455727815628052,1.6634271144866943,7.456338405609131,0.4093296527862549
149,bs_beamformer,-8.549541234970093e-08,3.925677227973938,53.12251281738281,0.0,1086.9414611816405,0.47490715980529785,0.470537394285202,9.774380298346282,10.035532560927226,19.90555763244629,8.335337042808533e-08,1.8449941873550415,1.578035593032837,6.197223663330078,0.3326890468597412
149,uav_trajectory,-2.3222528398036956e-07,6.216213750839233,19.871122360229492,0.0,666.6160522460938,0.45990264415740967,0.5353417992591858,2.0917125517874955,2.642020663296255,7.7055864334106445,2.337619662284851e-07,1.6782749891281128,1.7177544832229614,3.467134475708008,0.15333318710327148
149,jammer_beamformer,-1.310836523771286e-07,4.775100374221802,52.299753189086914,0.0,271.5972869873047,0.41617393493652344,0.5287997126579285,10.76507871868834,11.908146690076379,24.16985321044922,1.3224780559539795e-07,2.2067861557006836,1.8207087516784668,7.562692165374756,0.41553208231925964
150,bs_beamformer,-1.3844110071659089e-07,2.5817569971084593,53.10299491882324,0.0,825.8281799316406,0.462906152009964,0.4736466705799103,10.420222336702048,10.5712842428949,18.8120174407959,1.387670636177063e-07,1.5277066230773926,2.034701347351074,6.2185821533203125,0.33381736278533936
150,uav_trajectory,-1.8011778593063355e-07,4.346519660949707,19.86236572265625,0.0,844.4310791015625,0.4179716408252716,0.5027638673782349,2.837370535795887,3.525645970101838,10.273500442504883,1.8347054719924927e-07,1.8625729084014893,1.9233969449996948,3.481691360473633,0.15390938520431519
150,jammer_beamformer,-1.8686987459659577e-07,2.585861921310425,52.21320343017578,0.0,1914.6130737304688,0.445626825094223,0.5299399495124817,12.552047032084316,13.727534129571051,23.467660903930664,1.955777406692505e-07,1.5461411476135254,1.8535481691360474,7.695690155029297,0.42332831025123596
151,bs_beamformer,-1.391395926475525e-07,2.8545502424240112,53.07301216125488,0.0,580.2758117675781,0.46915367245674133,0.46336787939071655,8.36057425417006,8.484233528994979,15.403738021850586,1.4062970876693726e-07,1.5861108303070068,1.5847417116165161,6.249283790588379,0.3354036211967468
151,uav_trajectory,-2.0582228899002077e-08,6.434363126754761,19.852448654174804,0.0,805.3991027832031,0.45604196190834045,0.5056984424591064,1.6047971911902228,2.0532950648014276,8.116341590881348,1.6763806343078613e-08,2.1491451263427734,1.8052133321762085,3.4977431297302246,0.15405794978141785
151,jammer_beamformer,-1.8989667296409607e-07,2.6416358947753906,52.16874465942383,0.0,2176.469580078125,0.38978177309036255,0.5476018190383911,4.188644940566271,5.034469115850614,16.901975631713867,1.9138678908348083e-07,1.566833734512329,2.282534122467041,7.78302526473999,0.428404301404953
152,bs_beamformer,-7.506459951400756e-08,5.233938980102539,53.03489036560059,0.0,701.5951995849609,0.45502012968063354,0.5126001834869385,10.025128037512303,10.19510242006522,18.599599838256836,7.35744833946228e-08,2.2576723098754883,2.2532005310058594,6.292323589324951,0.3377024531364441
152,uav_trajectory,-2.7311034500598907e-08,3.3214567422866823,19.84262294769287,0.0,776.28095703125,0.39519691467285156,0.5160719752311707,1.8732337174713611,2.378257864676051,9.229802131652832,2.60770320892334e-08,1.5383809804916382,2.4067418575286865,3.5116255283355713,0.15359003841876984
152,jammer_beamformer,-1.0337680578231811e-08,2.276863384246826,52.14529724121094,0.0,1468.9720703125,0.44237419962882996,0.4811943769454956,2.479432637585327,3.4864129976615206,16.040584564208984,1.30385160446167e-08,1.4893972873687744,1.818321943283081,7.822458744049072,0.430696964263916
153,bs_beamformer,2.0526349544525147e-07,2.8032881736755373,52.994692993164065,0.0,433.4263977050781,0.4409262537956238,0.5315257906913757,10.74411670794338,10.918848829924267,19.35089874267578,-2.086162567138672e-07,1.6654964685440063,1.7573466300964355,6.340144157409668,0.3403705954551697
153,uav_trajectory,-4.826579242944718e-08,4.507240343093872,19.829094696044923,0.0,835.572998046875,0.413980633020401,0.5290976166725159,1.6499659817144274,2.2155582717871947,9.631834030151367,4.284083843231201e-08,1.7089834213256836,1.7238754034042358,3.530028820037842,0.15290264785289764
153,jammer_beamformer,1.6889534890651702e-07,3.28302321434021,52.126074600219724,0.0,1258.7534790039062,0.4647430181503296,0.464476078748703,2.8832112899124622,3.506635995953374,11.586601257324219,-1.7043203115463257e-07,1.6801025867462158,1.683481216430664,7.8484272956848145,0.4322448670864105
154,bs_beamformer,-1.712702214717865e-07,3.5343990087509156,52.96274757385254,0.0,858.9455688476562,0.4532772898674011,0.5139163732528687,9.508907282151283,9.919246837690709,19.49155616760254,1.648440957069397e-07,1.8629512786865234,1.4925135374069214,6.387603759765625,0.3430078327655792
154,uav_trajectory,1.4831312000751495e-07,5.464608287811279,19.815611839294434,0.0,660.8064086914062,0.4188879728317261,0.5105510950088501,1.7331557122121255,2.239579897666065,10.100749015808105,-1.4621764421463013e-07,1.5774109363555908,1.6800322532653809,3.550574779510498,0.15219172835350037
154,jammer_beamformer,1.7741695046424866e-08,3.8702985048294067,52.09229431152344,0.0,337.60410766601564,0.4063325524330139,0.5169457793235779,3.309204990543425,4.329547355371113,15.521732330322266,-1.4901161193847656e-08,1.9689117670059204,1.8387694358825684,7.8740057945251465,0.4336964190006256
155,bs_beamformer,-2.9318034648895265e-07,2.7551738739013674,52.93208351135254,0.0,1209.2775634765626,0.4537312686443329,0.4525830149650574,12.050476968988777,12.359612900417673,21.617202758789062,2.952292561531067e-07,1.6213079690933228,1.9990224838256836,6.425877571105957,0.34513142704963684
155,uav_trajectory,-1.7406418919563294e-07,7.157072353363037,19.801494789123534,0.0,874.5319213867188,0.45502910017967224,0.4872330129146576,1.9871980380440752,2.4570164413647797,8.724267959594727,1.7881393432617188e-07,1.8690996170043945,2.048391103744507,3.572740316390991,0.15202288329601288
155,jammer_beamformer,3.2172538340091704e-07,3.575161361694336,52.02563705444336,0.0,1106.6386108398438,0.40048670768737793,0.5237505435943604,1.7669613136406987,2.098722258604149,6.254336357116699,-3.1711533665657043e-07,1.8474279642105103,1.9161158800125122,7.953446388244629,0.4382580816745758
156,bs_beamformer,-6.980262696743012e-08,4.249794292449951,52.90625839233398,0.0,1683.7885498046876,0.46631017327308655,0.4566188454627991,12.759353365823626,12.8607568823741,20.804359436035156,7.217749953269958e-08,1.989798903465271,1.6841453313827515,6.46225118637085,0.3470827639102936
156,uav_trajectory,-1.0249204933643341e-07,7.961291933059693,19.787986755371094,0.0,707.2292175292969,0.4519316256046295,0.5787209868431091,2.3678286401381095,2.860356675299748,7.1185302734375,1.0058283805847168e-07,2.1741116046905518,2.012084484100342,3.594158411026001,0.1517275869846344
156,jammer_beamformer,1.8486753106117249e-07,2.2934500932693482,51.989240646362305,0.0,3557.483447265625,0.3588133454322815,0.5240100622177124,14.364900314789265,15.81630019498992,26.00609588623047,-1.8998980522155762e-07,1.2438488006591797,1.6364729404449463,8.019007682800293,0.44210055470466614
157,bs_beamformer,-9.75094735622406e-08,4.044370460510254,52.887939834594725,0.0,494.5533416748047,0.49447062611579895,0.44379711151123047,5.87544664183259,6.0374555308806,13.484166145324707,9.778887033462524e-08,1.7513781785964966,1.9918166399002075,6.485166072845459,0.3482292890548706
157,uav_trajectory,-3.3564865589141844e-07,4.758174133300781,19.77641372680664,0.0,811.7765808105469,0.4786779582500458,0.5005486011505127,1.4601705435415109,1.869985725098229,6.006858825683594,3.296881914138794e-07,1.2432105541229248,1.8991823196411133,3.613717794418335,0.15131691098213196
157,jammer_beamformer,-3.129243850708008e-08,1.834967601299286,51.971336364746094,0.0,2526.814489746094,0.42506420612335205,0.4739314317703247,6.5410780190695075,7.276313351728678,17.908700942993164,2.9802322387695312e-08,1.3742430210113525,2.0971767902374268,8.047659873962402,0.4438256025314331
158,bs_beamformer,-2.9243528842926024e-08,2.5639922857284545,52.85239028930664,0.0,563.425082397461,0.42932432889938354,0.5397826433181763,9.149510729696601,9.505477209912117,19.288469314575195,2.0489096641540527e-08,1.5943118333816528,2.0232717990875244,6.521775722503662,0.35004866123199463
158,uav_trajectory,1.0021030902862548e-07,6.817545700073242,19.76827030181885,0.0,1169.7021789550781,0.469398558139801,0.4721757471561432,1.6109049922128518,2.035993302710535,8.218554496765137,-1.0058283805847168e-07,1.8953123092651367,1.444739580154419,3.628523349761963,0.15134067833423615
158,jammer_beamformer,-4.33996319770813e-07,3.544994759559631,51.954382705688474,0.0,847.9871215820312,0.3734854459762573,0.5262454748153687,3.4297593768388035,4.087802931647892,12.182964324951172,4.4051557779312134e-07,1.7670754194259644,1.7454053163528442,8.06941032409668,0.44509604573249817
159,bs_beamformer,-4.859175533056259e-08,3.5995434284210206,52.79231147766113,0.0,241.97013244628906,0.4723975956439972,0.48333004117012024,7.5651045236215,7.730171481297942,15.91970443725586,4.260800778865814e-08,1.7988159656524658,1.7824196815490723,6.582905292510986,0.35326871275901794
159,uav_trajectory,2.7706846594810486e-08,5.433527183532715,19.760882759094237,0.0,1063.5552795410156,0.48326587677001953,0.48939216136932373,2.2487040466442703,3.106113610638313,9.60250473022461,-2.7939677238464355e-08,1.7067985534667969,2.316708564758301,3.6411545276641846,0.15188011527061462
159,jammer_beamformer,8.484348654747009e-08,3.7904771089553835,51.931365966796875,0.0,1364.6583862304688,0.45057880878448486,0.5046229958534241,16.351354334188624,17.17347516009981,27.454734802246094,-8.009374141693115e-08,1.878034234046936,1.6996474266052246,8.107233047485352,0.44712328910827637
160,bs_beamformer,7.469207048416138e-08,3.157750725746155,52.72028160095215,0.0,390.4434814453125,0.3914273977279663,0.5145863890647888,8.712802254036069,8.83815693592234,16.0100040435791,-7.310882210731506e-08,1.6565911769866943,1.8048275709152222,6.675863742828369,0.35836052894592285
160,uav_trajectory,2.9583461582660673e-07,7.023945236206055,19.754902267456053,0.0,1163.1971618652344,0.4733548164367676,0.46061643958091736,1.626053146397074,2.169579252092991,8.904378890991211,-2.942979335784912e-07,1.8365727663040161,2.0521812438964844,3.6527109146118164,0.15224921703338623
160,jammer_beamformer,2.0023435354232788e-08,3.6283754825592043,51.91083450317383,0.0,1048.6810974121095,0.4284762442111969,0.559579610824585,5.247268382083624,7.708779620967198,26.01087188720703,-2.1653249859809875e-08,1.9436782598495483,2.0082156658172607,8.144790649414062,0.44908201694488525
161,bs_beamformer,1.8945429474115373e-07,3.944964647293091,52.67325782775879,0.0,1332.6319458007813,0.44133591651916504,0.5371143817901611,9.104486637875437,9.345172416188905,17.749826431274414,-1.8486753106117249e-07,1.9739651679992676,1.7972650527954102,6.75264835357666,0.3625671863555908
161,uav_trajectory,-1.2703239917755127e-07,6.145024633407592,19.750743675231934,0.0,1165.0919128417968,0.4648885130882263,0.49223989248275757,2.1459052227238815,2.741878620420162,9.971847534179688,1.2852251529693604e-07,1.7903196811676025,1.9301302433013916,3.659792900085449,0.1521008014678955
161,jammer_beamformer,-8.791685104370118e-08,2.680502009391785,51.87560768127442,0.0,1381.7227905273437,0.45675694942474365,0.45582494139671326,9.500642189985141,11.879773839822896,26.012359619140625,9.12696123123169e-08,1.5216947793960571,1.7534571886062622,8.19114875793457,0.4515167474746704
162,bs_beamformer,3.173947334289551e-07,2.173124623298645,52.642194747924805,0.0,252.61512298583983,0.4045025110244751,0.468117356300354,6.177350034743547,6.674248422859376,15.260726928710938,-3.203749656677246e-07,1.4177249670028687,2.6523404121398926,6.798821449279785,0.3650377094745636
162,uav_trajectory,-6.039626896381378e-08,8.518277072906494,19.745751953125,0.0,974.9720886230468,0.4943116307258606,0.4264017343521118,2.513704244752725,3.081984571846106,8.076022148132324,5.774199962615967e-08,1.8589683771133423,1.5524499416351318,3.6663291454315186,0.1518794149160385
162,jammer_beamformer,-1.7521670088171958e-07,3.6824900627136232,51.839995574951175,0.0,550.3623291015625,0.38479527831077576,0.5510073304176331,8.596503869988025,11.028061252562615,25.328022003173828,1.7601996660232544e-07,1.8464356660842896,2.0264828205108643,8.243773460388184,0.45433929562568665
163,bs_beamformer,1.1222437024116516e-07,3.020517659187317,52.603031921386716,0.0,377.25208740234376,0.41994768381118774,0.5509347319602966,10.00699779254198,10.35819715571705,19.559707641601562,-1.0989606380462646e-07,1.720336675643921,2.087461233139038,6.839160919189453,0.36685502529144287
163,uav_trajectory,1.5776604413986207e-07,7.543489027023315,19.73845157623291,0.0,1029.9043579101562,0.464961439371109,0.4813232719898224,1.899214545160532,2.4969209127716803,7.603199005126953,-1.6205012798309326e-07,1.7830696105957031,1.5269609689712524,3.675379753112793,0.15138378739356995
163,jammer_beamformer,-1.3150274753570556e-07,4.0827712059021,51.793260955810545,0.0,2384.0494140625,0.4378224015235901,0.57684326171875,1.6333393676802517,1.969882372753553,7.0711870193481445,1.3131648302078247e-07,2.019374370574951,1.4684560298919678,8.310331344604492,0.4579550325870514
164,bs_beamformer,8.773058652877808e-08,3.802560043334961,52.546909713745116,0.0,231.11196594238282,0.48781296610832214,0.4956556260585785,8.316004321947695,8.558112242571626,18.655357360839844,-8.195638656616211e-08,1.729503870010376,1.7836021184921265,6.904715061187744,0.37029117345809937
164,uav_trajectory,2.1047890186309814e-07,9.380254077911378,19.72834129333496,0.0,997.1536926269531,0.46630680561065674,0.461047500371933,1.6651249293287596,2.1523537059126605,7.065814971923828,-2.0745210349559784e-07,1.9826550483703613,1.854063630104065,3.6881039142608643,0.15051625669002533
164,jammer_beamformer,2.8006033971905706e-07,3.278632664680481,51.7633773803711,0.0,4243.021411132812,0.4510378837585449,0.5213817954063416,2.955144865412265,4.246125252172923,24.528745651245117,-2.8405338525772095e-07,1.748032569885254,2.000863552093506,8.361882209777832,0.4608244001865387
165,bs_beamformer,1.1683441698551178e-07,5.024894142150879,52.50581436157226,0.0,524.24326171875,0.5024428367614746,0.4845234453678131,8.795824302345514,9.548326621142133,21.52428436279297,-1.1734664440155029e-07,1.8835428953170776,1.6133441925048828,6.965517044067383,0.3734918236732483
165,uav_trajectory,1.3131648302078247e-08,7.3165247440338135,19.715832710266113,0.0,1067.8155395507813,0.44643041491508484,0.49630093574523926,2.0830570921401184,2.5747787727231946,7.2530364990234375,-1.5832483768463135e-08,1.6366525888442993,2.1495203971862793,3.70656418800354,0.14997178316116333
165,jammer_beamformer,1.4828983694314956e-07,2.1039900541305543,51.739310836791994,0.0,906.8733734130859,0.4127465486526489,0.5211275815963745,4.648098699696362,6.461631826003109,22.347919464111328,-1.4901161193847656e-07,1.478359341621399,2.102339029312134,8.390633583068848,0.462475061416626
166,bs_beamformer,1.88266858458519e-07,4.56254301071167,52.47322731018066,0.0,1748.324658203125,0.4751960337162018,0.49160969257354736,6.091366413518786,6.921742626864807,19.157398223876953,-1.8719583749771118e-07,2.079070568084717,1.8757045269012451,7.013391971588135,0.3760552406311035
166,uav_trajectory,8.761417120695114e-08,5.576335000991821,19.703684043884277,0.0,1030.2430603027344,0.4164450764656067,0.4657141864299774,2.0371558036555846,2.7553284955282225,9.16289234161377,-8.614733815193176e-08,1.7798118591308594,1.6947094202041626,3.7258853912353516,0.14973998069763184
166,jammer_beamformer,9.98377799987793e-08,4.138206052780151,51.690951919555665,0.0,1202.227197265625,0.47845253348350525,0.4796190559864044,10.599035594036803,12.503367710106193,27.297412872314453,-1.0244548320770264e-07,1.828873634338379,1.9795756340026855,8.447847366333008,0.46573176980018616
167,bs_beamformer,-4.1285529732704164e-07,3.7190754890441893,52.45190200805664,0.0,1747.249560546875,0.4558802843093872,0.5137749910354614,10.028461555970832,10.320576720870731,20.318723678588867,4.1350722312927246e-07,1.9079269170761108,1.8165689706802368,7.046013832092285,0.3778604567050934
167,uav_trajectory,-4.100147634744644e-08,8.52557544708252,19.691144752502442,0.0,1384.6467041015626,0.4743455648422241,0.4714778959751129,2.08636187667648,2.7536933621510227,9.62879467010498,4.284083843231201e-08,1.6127985715866089,1.8697450160980225,3.745818614959717,0.1492430567741394
167,jammer_beamformer,1.0007061064243317e-07,4.5927252769470215,51.65196228027344,0.0,2129.9668212890624,0.4824746549129486,0.4506230652332306,2.906300948170945,4.890927816572067,24.35605812072754,-1.0291114449501038e-07,1.8383941650390625,1.9822728633880615,8.5174560546875,0.4697675406932831
168,bs_beamformer,3.496650606393814e-07,3.669415736198425,52.42872619628906,0.0,453.0925994873047,0.4655681252479553,0.5397992730140686,7.223363202124834,7.669067981253015,17.483121871948242,-3.4924596548080444e-07,1.8993815183639526,2.0444209575653076,7.0711164474487305,0.37922433018684387
168,uav_trajectory,-2.3143365979194642e-08,7.826593923568725,19.6821231842041,0.0,1109.4396545410157,0.46156734228134155,0.5238102674484253,1.8341101550658543,2.4796300404640306,9.282851219177246,2.1886080503463745e-08,1.9282625913619995,2.3362531661987305,3.7618699073791504,0.1488576978445053
168,jammer_beamformer,6.579793989658356e-08,6.427975177764893,51.61746025085449,0.0,379.3658020019531,0.4779638350009918,0.5098474621772766,7.623179684374481,10.53573401230409,28.32538414001465,-6.752088665962219e-08,2.4200925827026367,1.5054702758789062,8.560253143310547,0.4722883701324463
169,bs_beamformer,1.9830185920000077e-07,2.5710917949676513,52.39779930114746,0.0,3835.6358642578125,0.4639110565185547,0.48931920528411865,8.17152628840506,8.630773775935685,20.089698791503906,-1.993030309677124e-07,1.555967092514038,1.5484274625778198,7.107091426849365,0.38125160336494446
169,uav_trajectory,-2.130400389432907e-08,5.754407644271851,19.672304153442383,0.0,793.8300170898438,0.42798084020614624,0.5027374029159546,1.759132721853753,2.2591740124572737,8.024648666381836,2.561137080192566e-08,1.5751312971115112,1.3034191131591797,3.773923397064209,0.1489192396402359
169,jammer_beamformer,-1.9883736968040468e-08,3.2681380033493044,51.56815795898437,0.0,3541.048046875,0.4505715072154999,0.4631807506084442,5.897694272622466,8.507331045772979,28.971004486083984,1.30385160446167e-08,1.7058137655258179,2.4586710929870605,8.641900062561035,0.47690194845199585
170,bs_beamformer,-6.374903023242951e-08,4.165447139739991,52.38007011413574,0.0,484.9132141113281,0.508398711681366,0.4849897027015686,8.422532997384668,9.03898668099405,19.2562313079834,6.146728992462158e-08,1.7142888307571411,1.41505765914917,7.135698318481445,0.3828270137310028
170,uav_trajectory,-1.84657983481884e-07,7.767948246002197,19.65608787536621,0.0,1079.087384033203,0.4519657790660858,0.4777352213859558,2.2080401774843534,3.000642189808268,10.341388702392578,1.862645149230957e-07,2.131659507751465,1.7626467943191528,3.7953946590423584,0.14880910515785217
170,jammer_beamformer,-2.288026735186577e-07,2.1626901149749758,51.536695861816405,0.0,1361.4035034179688,0.43610116839408875,0.47389307618141174,8.021037538660691,9.806460736020657,25.649200439453125,2.3050233721733093e-07,1.45150887966156,1.8917802572250366,8.704811096191406,0.48042285442352295
171,bs_beamformer,-6.549526005983353e-08,2.8153370141983034,52.36229972839355,0.0,564.8718841552734,0.46146926283836365,0.48514458537101746,11.016417984396218,11.154764816025482,21.31708526611328,7.078051567077637e-08,1.6464149951934814,2.496354579925537,7.152899742126465,0.3836505711078644
171,uav_trajectory,1.2586824595928193e-07,4.426101493835449,19.640943336486817,0.0,1200.0780639648438,0.4301756024360657,0.5543193817138672,1.767286864310503,2.319872906439319,9.017105102539062,-1.2665987014770508e-07,1.3180338144302368,1.990085244178772,3.8217570781707764,0.1487651765346527
171,jammer_beamformer,-1.1168885976076126e-07,2.6770238637924195,51.5033504486084,0.0,421.8583038330078,0.39928045868873596,0.4843822717666626,4.531907704167068,6.001324367659037,23.663700103759766,1.1175870895385742e-07,1.6071562767028809,1.9914952516555786,8.746790885925293,0.4828168749809265
172,bs_beamformer,9.976793080568314e-08,5.640228509902954,52.325900650024415,0.0,645.4864624023437,0.5038007497787476,0.4965655505657196,12.479792848408222,12.584367562485667,21.989377975463867,-1.0058283805847168e-07,2.1963531970977783,1.6019729375839233,7.197579860687256,0.3858526051044464
172,uav_trajectory,-2.85380519926548e-07,5.785351896286011,19.6298547744751,0.0,933.7356872558594,0.4414202868938446,0.5174815654754639,1.6694063873042664,2.102906333524948,10.42042064666748,2.8312206268310547e-07,1.9529776573181152,1.7506818771362305,3.8410274982452393,0.14885015785694122
172,jammer_beamformer,4.493631422519684e-08,5.260933780670166,51.46672477722168,0.0,596.03525390625,0.4883263409137726,0.46040019392967224,3.2089658003672956,4.596503362801436,20.294954299926758,-4.7963112592697144e-08,1.9702668190002441,1.4931461811065674,8.794472694396973,0.4856170117855072
173,bs_beamformer,1.9182916730642318e-07,4.278268623352051,52.28638343811035,0.0,1566.0130615234375,0.47327280044555664,0.4836212396621704,11.78119866193831,12.002210833640998,21.636411666870117,-1.9650906324386597e-07,1.976987361907959,1.7684119939804077,7.252374172210693,0.3886927664279938
173,uav_trajectory,-2.6579946279525755e-07,5.925099658966064,19.61904106140137,0.0,1235.6885498046875,0.45981457829475403,0.4714510142803192,1.8438707517733177,2.43477353500277,11.386797904968262,2.6635825634002686e-07,1.7476069927215576,1.5399612188339233,3.859389543533325,0.1491125524044037
173,jammer_beamformer,-1.9273720681667327e-07,2.7984339714050295,51.42155990600586,0.0,1705.9164306640625,0.4188593924045563,0.48851484060287476,8.108725634731352,10.384450923744053,28.153718948364258,1.9278377294540405e-07,1.707394003868103,1.839730978012085,8.850120544433594,0.488919198513031
174,bs_beamformer,-2.0186416804790497e-07,2.7053990840911863,52.25687103271484,0.0,2388.07998046875,0.44811826944351196,0.4624323546886444,13.654697345413268,13.691489884888261,22.145519256591797,2.0023435354232788e-07,1.6473115682601929,1.845733880996704,7.296407222747803,0.3910761773586273
174,uav_trajectory,-8.195638656616212e-09,6.402190256118774,19.611467552185058,0.0,1265.8955810546875,0.46442243456840515,0.47651752829551697,2.217465023038288,2.813522041891486,9.106363296508789,5.587935447692871e-09,2.0248398780822754,2.0594265460968018,3.873832941055298,0.1492387056350708
174,jammer_beamformer,1.1445954442024231e-07,2.9215707063674925,51.37991905212402,0.0,796.3467834472656,0.3801076114177704,0.4908882975578308,9.286862055914476,11.912319749576255,29.749526977539062,-1.1548399925231934e-07,1.6704013347625732,1.6058614253997803,8.906557083129883,0.4922287166118622
175,bs_beamformer,-2.518529072403908e-07,2.3698671102523803,52.23979530334473,0.0,893.9349548339844,0.49015069007873535,0.47218042612075806,13.70434105502069,13.862544686582938,21.962865829467773,2.477318048477173e-07,1.4134896993637085,1.6187398433685303,7.3262619972229,0.3926478922367096
175,uav_trajectory,3.505498170852661e-07,4.888765048980713,19.604625511169434,0.0,1391.33095703125,0.434584379196167,0.6113084554672241,1.7675588431557019,2.239408327583101,8.119382858276367,-3.5623088479042053e-07,1.8531237840652466,1.8084633350372314,3.884397029876709,0.14929328858852386
175,jammer_beamformer,-6.73346221446991e-08,3.458889961242676,51.32346611022949,0.0,3242.9870361328126,0.4056403934955597,0.4752613306045532,4.735297505145892,6.0912461036645364,22.157268524169922,7.264316082000732e-08,1.8592957258224487,1.9408663511276245,8.9712553024292,0.4959859848022461
176,bs_beamformer,1.3271346688270569e-08,3.5989500284194946,52.23072776794434,0.0,961.33388671875,0.48516297340393066,0.5072400569915771,11.435067437283696,11.612493449796297,21.6600284576416,-1.3504177331924438e-08,1.799144983291626,2.158496379852295,7.340536594390869,0.39331308007240295
176,uav_trajectory,-3.986991941928864e-07,4.297984409332275,19.596980476379393,0.0,1288.3852478027343,0.4560747742652893,0.5009632706642151,1.9681037798176209,2.6287373939171794,10.94782543182373,4.0140002965927124e-07,1.6140353679656982,1.953513264656067,3.896439552307129,0.14932969212532043
176,jammer_beamformer,-1.502223312854767e-07,4.710500431060791,51.287716674804685,0.0,2811.535693359375,0.46887528896331787,0.45771169662475586,9.303231829475612,11.524125576045584,29.180496215820312,1.5227124094963074e-07,2.0036990642547607,1.6421360969543457,9.030329704284668,0.49935510754585266
177,bs_beamformer,-2.573244273662567e-07,3.092307782173157,52.21095962524414,0.0,329.84222106933595,0.47691023349761963,0.4249753952026367,11.254166106373072,11.371411253920872,19.267894744873047,2.598389983177185e-07,1.6787630319595337,1.72252357006073,7.357889652252197,0.3941833972930908
177,uav_trajectory,1.1362135410308837e-08,6.225608158111572,19.591453742980956,0.0,1114.7780456542969,0.49802306294441223,0.45127221941947937,1.5011728704671066,1.9207243227997166,8.480719566345215,-5.587935447692871e-09,1.6203185319900513,1.8597286939620972,3.9060192108154297,0.14885134994983673
177,jammer_beamformer,-1.462642103433609e-07,2.3752264738082887,51.26732711791992,0.0,6267.43369140625,0.4149126410484314,0.522700309753418,7.966091861370951,10.136996851847993,29.390104293823242,1.471489667892456e-07,1.5597635507583618,1.6284427642822266,9.062333106994629,0.5011243224143982
178,bs_beamformer,-1.0551884770393371e-07,2.6697973251342773,52.1757007598877,0.0,1045.6478759765625,0.439416766166687,0.5216822028160095,10.703370528943836,11.281777989968651,23.299463272094727,1.043081283569336e-07,1.6305092573165894,2.8942620754241943,7.391435623168945,0.39599984884262085
178,uav_trajectory,-2.2067688405513762e-07,4.38198676109314,19.58617286682129,0.0,1760.374951171875,0.45564913749694824,0.5666595697402954,1.6181647152652343,2.211479149286944,11.725034713745117,2.2258609533309937e-07,1.739485502243042,2.0270678997039795,3.9135403633117676,0.14834889769554138
178,jammer_beamformer,-2.146931365132332e-07,3.012435030937195,51.252052307128906,0.0,1602.1367980957032,0.46566998958587646,0.5096650719642639,12.120364595485851,14.536775792238313,29.742942810058594,2.123415470123291e-07,1.6003268957138062,1.7256810665130615,9.083600044250488,0.5022685527801514
179,bs_beamformer,-3.078021109104156e-08,2.6861328363418577,52.14575424194336,0.0,659.9155822753906,0.41358301043510437,0.48812830448150635,14.464409645043313,14.526407871603736,23.6046085357666,3.725290298461914e-08,1.5500526428222656,2.0070042610168457,7.424679279327393,0.3977741599082947
179,uav_trajectory,2.2705644369125367e-07,5.28264889717102,19.579510498046876,0.0,1373.5299072265625,0.47078004479408264,0.513625979423523,1.875613634288311,2.3515541307094403,7.833538055419922,-2.2351741790771484e-07,1.3102760314941406,1.7740504741668701,3.9226484298706055,0.14794880151748657
179,jammer_beamformer,-6.506452336907387e-08,4.108570337295532,51.22925453186035,0.0,1416.7973937988281,0.46280795335769653,0.47519758343696594,2.3444385707713664,3.546557586385587,18.56275177001953,6.239861249923706e-08,1.9374603033065796,1.5393216609954834,9.107977867126465,0.5035684704780579
180,bs_beamformer,-3.150198608636856e-07,3.855746126174927,52.10456428527832,0.0,579.4492645263672,0.4503432810306549,0.5167776942253113,11.350841594234108,11.766133740031115,21.643802642822266,3.110617399215698e-07,1.962816596031189,1.8961910009384155,7.4685378074646,0.40006738901138306
180,uav_trajectory,-1.5834812074899674e-07,5.047369289398193,19.573302459716796,0.0,1284.485400390625,0.46374255418777466,0.5370451807975769,1.4720797060926756,1.8516358399378587,6.304485321044922,1.6111880540847778e-07,1.4145402908325195,2.027686834335327,3.932574987411499,0.1478676199913025
180,jammer_beamformer,-1.3296958059072495e-07,4.401927137374878,51.19939956665039,0.0,2252.207165527344,0.3557130992412567,0.5330578088760376,6.478944680344314,8.793090426152288,26.000802993774414,1.3690441846847534e-07,1.9775407314300537,2.1699137687683105,9.142329216003418,0.5053919553756714
181,bs_beamformer,1.2541422620415687e-07,2.317789316177368,52.06385383605957,0.0,2036.721044921875,0.4727048873901367,0.4388369619846344,13.148509479537607,13.387043279706559,22.797510147094727,-1.2386590242385864e-07,1.473632574081421,1.4988939762115479,7.530193328857422,0.40333327651023865
181,uav_trajectory,5.366746336221695e-09,5.267690277099609,19.56645393371582,0.0,1132.1162475585938,0.45620325207710266,0.4716361165046692,1.4003851024160783,1.7546623603249651,5.331439018249512,-2.7939677238464355e-09,1.752689242362976,2.0722060203552246,3.942171573638916,0.14788256585597992
181,jammer_beamformer,1.1301599442958831e-07,2.7288569450378417,51.16533660888672,0.0,2042.9856079101562,0.4379907250404358,0.4962959885597229,5.153550198486075,6.952861783273815,24.691028594970703,-1.1455267667770386e-07,1.6123126745224,2.5051631927490234,9.192171096801758,0.5082609057426453
182,bs_beamformer,4.488974809646607e-08,2.320595622062683,52.042687225341794,0.0,1653.7958251953125,0.4598754048347473,0.4842621684074402,9.264456247612834,10.030683185938567,22.017112731933594,-4.470348358154297e-08,1.5115854740142822,1.6554256677627563,7.569206237792969,0.4053219258785248
182,uav_trajectory,-1.62515789270401e-07,5.3219160556793215,19.556271171569826,0.0,1074.5865478515625,0.4156424403190613,0.5199785232543945,1.6656434402018785,2.3609501276602733,11.843623161315918,1.7043203115463257e-07,1.6191891431808472,1.7775169610977173,3.9550352096557617,0.1470736414194107
182,jammer_beamformer,-2.5192275643348694e-07,3.3988186836242678,51.143310546875,0.0,3521.3095947265624,0.47017303109169006,0.4179241359233856,5.663578827451914,8.96742910260143,29.792301177978516,2.551823854446411e-07,1.6881276369094849,1.8230693340301514,9.229076385498047,0.5104032754898071
183,bs_beamformer,2.8247013688087464e-07,3.8505460023880005,52.02508773803711,0.0,3887.854150390625,0.39775529503822327,0.5275036692619324,10.552532476454973,11.230343749688963,20.76527976989746,-2.835877239704132e-07,1.8260700702667236,2.385829210281372,7.592320919036865,0.4064299166202545
183,uav_trajectory,2.3813918232917785e-07,5.228059196472168,19.54590435028076,0.0,1262.41455078125,0.4480130076408386,0.44355982542037964,1.6431469532276193,1.9760328862165886,5.501136302947998,-2.384185791015625e-07,1.403457522392273,2.1218667030334473,3.970278263092041,0.14609107375144958
183,jammer_beamformer,8.153729140758514e-08,5.0375086784362795,51.12884941101074,0.0,2408.1489013671876,0.4695127010345459,0.5168336629867554,1.4932814517635853,1.8736714124579998,7.583972454071045,-8.009374141693115e-08,2.203063488006592,1.6753971576690674,9.249300003051758,0.5115166902542114
184,bs_beamformer,3.115274012088776e-08,3.675446105003357,52.01062126159668,0.0,2742.5931396484375,0.47170543670654297,0.43787291646003723,8.022982299946248,9.10611959223266,22.231281280517578,-3.5390257835388184e-08,1.8865394592285156,1.5663632154464722,7.61294412612915,0.4075261652469635
184,uav_trajectory,-4.936009645462036e-09,5.934812021255493,19.535822296142577,0.0,1287.1158569335937,0.46835485100746155,0.40785691142082214,1.6832143180867036,2.0534915040023174,6.211891174316406,8.381903171539307e-09,1.6975860595703125,1.8796173334121704,3.98472261428833,0.14555451273918152
184,jammer_beamformer,-2.551823854446411e-08,4.880815696716309,51.10531311035156,0.0,832.5331665039063,0.4558488726615906,0.48025232553482056,2.4809236983144656,3.1745178809668784,13.820375442504883,3.4458935260772705e-08,2.186765432357788,2.1087698936462402,9.270927429199219,0.5128293633460999
185,bs_beamformer,-1.4775432646274567e-07,2.9450297594070434,52.00114364624024,0.0,2201.66826171875,0.43939992785453796,0.51175457239151,9.443779343403875,10.452247303809388,23.888690948486328,1.4062970876693726e-07,1.720514178276062,2.112773895263672,7.627409934997559,0.4083757698535919
185,uav_trajectory,3.339722752571106e-07,7.58737735748291,19.52345504760742,0.0,1457.3649169921875,0.4645928144454956,0.4403853714466095,1.6979114914387465,2.162915035018701,8.879197120666504,-3.3527612686157227e-07,1.922627329826355,1.6141533851623535,4.00135612487793,0.14473529160022736
185,jammer_beamformer,1.8794089555740358e-07,4.282029438018799,51.064863967895505,0.0,4261.770556640625,0.5018151998519897,0.3916403353214264,2.49052881834656,3.4172004173300534,17.878501892089844,-1.8440186977386475e-07,1.7929731607437134,1.6874923706054688,9.321160316467285,0.515932023525238
186,bs_beamformer,-3.298278898000717e-07,5.312630748748779,51.992364501953126,0.0,1840.8497924804688,0.5063626170158386,0.4908958673477173,7.022480169586837,7.470025857756623,17.28575897216797,3.259629011154175e-07,2.104458808898926,1.6282391548156738,7.637474536895752,0.4090326726436615
186,uav_trajectory,3.4784898161888124e-08,10.469625473022461,19.511770057678223,0.0,1172.2172119140625,0.48154935240745544,0.49368375539779663,1.7232141308685143,2.249737675063228,7.462653160095215,-3.3527612686157227e-08,2.1824142932891846,1.6970692873001099,4.020459175109863,0.1437007337808609
186,jammer_beamformer,-4.163011908531189e-08,3.228525257110596,51.04140167236328,0.0,7820.347265625,0.41798099875450134,0.5194289088249207,2.8873586015626787,3.3427665692650463,10.26145076751709,3.864988684654236e-08,1.804923176765442,1.8263709545135498,9.363631248474121,0.5185627341270447
187,bs_beamformer,-7.37607479095459e-08,3.5404571056365968,51.97642059326172,0.0,1224.2334899902344,0.46983933448791504,0.4971373975276947,13.68819356881082,14.117633473173493,25.822296142578125,8.195638656616211e-08,1.8676002025604248,1.8145173788070679,7.654132843017578,0.40996748208999634
187,uav_trajectory,-4.782341420650482e-08,10.114951133728027,19.503057861328124,0.0,1206.9365783691405,0.4943431615829468,0.4672088921070099,1.6096158239704867,2.0081626266002686,6.75327205657959,4.470348358154297e-08,1.8155912160873413,1.879152774810791,4.035269260406494,0.1432594656944275
187,jammer_beamformer,3.4335535019636155e-07,3.8527947664260864,51.0303352355957,0.0,3277.7738037109375,0.45809081196784973,0.4200878441333771,2.0774928292091936,2.3934894022070137,6.660801887512207,-3.4552067518234253e-07,1.8790942430496216,2.735036611557007,9.383749008178711,0.5198429226875305
188,bs_beamformer,-1.4053657650947571e-07,2.830705738067627,51.956532669067386,0.0,1851.04130859375,0.511207640171051,0.412377268075943,14.074337098531425,14.818196471212065,24.828449249267578,1.4528632164001465e-07,1.3903225660324097,1.8626562356948853,7.6791090965271,0.41126567125320435
188,uav_trajectory,2.409564331173897e-07,8.88437795639038,19.494753074645995,0.0,1300.1941650390625,0.4788092374801636,0.46786606311798096,2.0983564534783365,2.696776632388761,11.179726600646973,-2.4028122425079346e-07,1.5382013320922852,1.967574954032898,4.0486345291137695,0.14308349788188934
188,jammer_beamformer,-1.1392403393983841e-07,3.501344680786133,51.023268127441405,0.0,654.0445617675781,0.40608057379722595,0.5398238897323608,2.425600108405575,3.044667834485819,10.836329460144043,1.1455267667770386e-07,1.8273917436599731,1.726638674736023,9.394052505493164,0.5205312371253967
189,bs_beamformer,1.9851140677928925e-07,3.317666029930115,51.93666076660156,0.0,698.5716552734375,0.4527040123939514,0.4997911751270294,9.218679033398628,10.991659500159233,24.45509910583496,-1.9371509552001953e-07,1.8183270692825317,1.9337712526321411,7.701924800872803,0.41246217489242554
189,uav_trajectory,-1.5185214579105378e-07,7.913262844085693,19.487747573852538,0.0,1210.857177734375,0.4703214168548584,0.44440582394599915,1.5679473091984788,2.0005741938168504,7.755093574523926,1.5366822481155396e-07,1.625491738319397,1.9803143739700317,4.059543132781982,0.1429961919784546
189,jammer_beamformer,-5.53671270608902e-08,4.454816246032715,51.014513397216795,0.0,5347.08369140625,0.453000545501709,0.5273473858833313,2.7909753456190227,3.2067198926167197,9.002506256103516,5.4016709327697754e-08,2.056631326675415,1.350721001625061,9.409750938415527,0.5216350555419922
190,bs_beamformer,-1.4957040548324584e-07,2.3460977554321287,51.899135971069335,0.0,2333.575,0.43940049409866333,0.5318720936775208,9.279583901867271,10.62745142012186,24.403076171875,1.5087425708770752e-07,1.5270440578460693,2.1199803352355957,7.745050430297852,0.41479530930519104
190,uav_trajectory,-1.0365620255470276e-07,6.317234802246094,19.478153038024903,0.0,1357.636376953125,0.4557034373283386,0.4741734266281128,1.819498217970133,2.2715699756754324,8.785086631774902,9.96515154838562e-08,1.7595452070236206,1.9012820720672607,4.072175025939941,0.14252181351184845
190,jammer_beamformer,3.4831464290618895e-08,3.1690311431884766,51.00021553039551,0.0,700.3435729980469,0.4656422734260559,0.43265506625175476,5.178255388149991,6.784825577459727,23.321338653564453,-3.818422555923462e-08,1.6396323442459106,1.7181096076965332,9.421364784240723,0.5224014520645142
191,bs_beamformer,2.103857696056366e-07,3.822905445098877,51.879248809814456,0.0,1778.761669921875,0.3978120684623718,0.4701826572418213,12.92089275932312,13.709210067196677,25.500308990478516,-2.076849341392517e-07,1.7734955549240112,1.9836938381195068,7.783605098724365,0.41682904958724976
191,uav_trajectory,1.6614794731140137e-07,5.629394054412842,19.466295051574708,0.0,1411.909912109375,0.42866250872612,0.5064815282821655,1.5245201028039057,1.8652693625952037,6.550625801086426,-1.6577541828155518e-07,1.7605568170547485,1.5515403747558594,4.088947296142578,0.1423269361257553
191,jammer_beamformer,-1.3858079910278321e-07,2.7212820529937742,50.95613746643066,0.0,578.6403350830078,0.4558253288269043,0.4268081784248352,2.687098137414083,3.210845216889147,10.216007232666016,1.341104507446289e-07,1.588462471961975,1.4894094467163086,9.464600563049316,0.524900496006012
192,bs_beamformer,8.847564458847046e-09,2.8243932485580445,51.862641143798825,0.0,1557.792333984375,0.4274933338165283,0.5174957513809204,10.411704276770353,10.89338905010886,23.477771759033203,-1.7695128917694092e-08,1.652933120727539,2.0449752807617188,7.803194522857666,0.41784441471099854
192,uav_trajectory,2.535991370677948e-07,8.857407283782958,19.45634708404541,0.0,1427.9905517578125,0.509347140789032,0.4674675166606903,1.3828627950487038,1.7691897369231453,6.379390239715576,-2.551823854446411e-07,1.5140005350112915,2.2576403617858887,4.106886386871338,0.14262136816978455
192,jammer_beamformer,-9.241048246622085e-08,4.834471940994263,50.896399307250974,0.0,4636.55791015625,0.45270460844039917,0.445611834526062,4.642643357932568,6.039822997899663,26.941864013671875,9.12696123123169e-08,2.1460113525390625,1.7692902088165283,9.547527313232422,0.5296087265014648
193,bs_beamformer,-4.6426430344581605e-08,2.5337035179138185,51.84324150085449,0.0,2100.12138671875,0.4383067488670349,0.47287580370903015,15.899013651639223,16.073692494222392,24.552352905273438,4.7031790018081665e-08,1.5870294570922852,1.973988652229309,7.82999849319458,0.4192911684513092
193,uav_trajectory,-5.8626756072044375e-08,7.438638210296631,19.449253463745116,0.0,1805.0259765625,0.48584604263305664,0.4426654279232025,1.9328677588055532,2.296739891727075,7.798371315002441,5.587935447692871e-08,1.6455007791519165,2.197645425796509,4.1182861328125,0.14278553426265717
193,jammer_beamformer,-2.827495336532593e-07,3.043643093109131,50.850737762451175,0.0,513.2950653076172,0.5093761086463928,0.43182429671287537,1.7265144192241133,2.1005997311718563,7.385496139526367,2.849847078323364e-07,1.222744107246399,1.5993025302886963,9.617011070251465,0.5334882736206055
194,bs_beamformer,1.584179699420929e-07,2.810978078842163,51.82714614868164,0.0,961.8248565673828,0.4633626639842987,0.4469777047634125,7.8705577497407795,9.188555920810566,24.325077056884766,-1.564621925354004e-07,1.6552367210388184,1.995761513710022,7.852148532867432,0.42044004797935486
194,uav_trajectory,5.4785050451755526e-08,5.658853054046631,19.440193748474123,0.0,1353.4222900390625,0.4469442069530487,0.44855087995529175,1.714904357050856,2.1691938159037356,8.714302062988281,-5.3085386753082275e-08,1.303648829460144,1.681323528289795,4.129955768585205,0.14261607825756073
194,jammer_beamformer,-2.4866312742233276e-08,4.364838409423828,50.790073776245116,0.0,763.3667175292969,0.4518519341945648,0.5369391441345215,4.507503353921696,5.391406340574924,16.301849365234375,2.60770320892334e-08,2.093811273574829,2.151193618774414,9.696396827697754,0.5382393598556519
195,bs_beamformer,-1.077074557542801e-07,2.699360704421997,51.806034088134766,0.0,3613.7353515625,0.4387896656990051,0.47749996185302734,14.07475967167318,14.470939135176764,23.862884521484375,1.1175870895385742e-07,1.6308789253234863,1.7514090538024902,7.8776116371154785,0.4215390384197235
195,uav_trajectory,1.2326054275035858e-07,5.874803447723389,19.432275581359864,0.0,1586.5819091796875,0.4251546561717987,0.4977101981639862,2.0074784105246266,2.3990421455255713,7.701519966125488,-1.2665987014770508e-07,1.5644965171813965,1.9093666076660156,4.143046855926514,0.14233633875846863
195,jammer_beamformer,-5.46453520655632e-08,2.3862143754959106,50.742828369140625,0.0,1295.8873626708985,0.4177907407283783,0.5177019238471985,3.009378458783962,4.6720947006205344,22.386131286621094,5.960464477539063e-08,1.4906049966812134,1.9547407627105713,9.777602195739746,0.5429018139839172
196,bs_beamformer,2.3259781301021576e-07,3.1262336492538454,51.78276481628418,0.0,975.0819152832031,0.41917699575424194,0.4962340295314789,9.465101850569248,10.925634317762142,24.080900192260742,-2.3096799850463867e-07,1.7049020528793335,1.829773187637329,7.9045090675354,0.4227910041809082
196,uav_trajectory,-3.403984010219574e-08,6.362971591949463,19.426037216186522,0.0,1395.881103515625,0.4575982093811035,0.4882226586341858,1.5322458914518355,1.8642783305199129,5.844627380371094,3.166496753692627e-08,1.993576169013977,1.6395769119262695,4.152786731719971,0.142131507396698
196,jammer_beamformer,-2.455897629261017e-07,4.540957880020142,50.71113815307617,0.0,2534.4599853515624,0.4543730318546295,0.44700995087623596,3.471426540710032,4.398855000865871,15.968481063842773,2.4959444999694824e-07,2.1184120178222656,1.9328465461730957,9.839424133300781,0.5462113618850708
197,bs_beamformer,5.7020224630832673e-08,3.6198179483413697,51.74563026428223,0.0,1615.2499145507813,0.4657537341117859,0.5108544230461121,7.231580027915538,7.968699252505905,20.311473846435547,-5.774199962615967e-08,1.864230990409851,2.4062860012054443,7.9419403076171875,0.42492130398750305
197,uav_trajectory,-3.166496753692627e-07,6.2193995952606205,19.41749095916748,0.0,1290.7418701171875,0.4566769599914551,0.4232591986656189,1.6026498654037713,2.114967935361792,8.474571228027344,3.157183527946472e-07,1.605360507965088,1.5411581993103027,4.165266036987305,0.14208190143108368
197,jammer_beamformer,2.861488610506058e-08,4.548099994659424,50.68971481323242,0.0,3732.888037109375,0.45231154561042786,0.47580084204673767,7.618007623434067,9.529958259521468,30.371505737304688,-2.60770320892334e-08,2.1233866214752197,1.7112175226211548,9.88485336303711,0.5486745238304138
198,bs_beamformer,-1.3201497495174408e-07,4.860425758361816,51.71705932617188,0.0,1440.194140625,0.3993654251098633,0.5946415066719055,12.860122980125249,14.287144522471339,24.791641235351562,1.3690441846847534e-07,2.119486093521118,1.2523205280303955,7.9837822914123535,0.42737680673599243
198,uav_trajectory,1.516193151473999e-07,6.408410501480103,19.40943717956543,0.0,1225.612841796875,0.4416744112968445,0.47127383947372437,3.505692092438539,4.2011928672099295,10.097643852233887,-1.4621764421463013e-07,1.6701302528381348,1.8445123434066772,4.178581714630127,0.1418178230524063
198,jammer_beamformer,-1.6191042959690093e-07,2.274597907066345,50.67610549926758,0.0,3493.67412109375,0.4270598590373993,0.5519399642944336,18.28869806931913,20.45081296898197,33.618011474609375,1.5832483768463135e-07,1.46405827999115,1.94607412815094,9.912619590759277,0.5502703189849854
199,bs_beamformer,-1.9026920199394227e-07,5.6028119087219235,51.69038963317871,0.0,344.44829711914065,0.45325905084609985,0.46457305550575256,6.112473580770194,6.949594208205068,19.397441864013672,1.94646418094635e-07,2.3601534366607666,2.001006841659546,8.004833221435547,0.4286102056503296
199,uav_trajectory,-5.98374754190445e-08,6.238147020339966,19.40198173522949,0.0,1608.458447265625,0.434244841337204,0.4930548667907715,2.8885537226299447,3.8862902330530784,10.698955535888672,6.51925802230835e-08,1.7900471687316895,1.640393853187561,4.189479351043701,0.1413450986146927
199,jammer_beamformer,2.0051375031471254e-07,4.559846973419189,50.66707763671875,0.0,1186.779345703125,0.4952815771102905,0.45865482091903687,11.023269676163792,13.382537595810698,32.328590393066406,-2.0116567611694336e-07,1.990720272064209,1.6440283060073853,9.92783260345459,0.5511149168014526
200,bs_beamformer,-1.4668330550193787e-08,3.078432059288025,51.62158088684082,0.0,2258.6950439453126,0.40793704986572266,0.5723349452018738,3.3973859312161805,3.590841135017865,8.57722282409668,1.4901161193847656e-08,1.6075457334518433,2.0267252922058105,8.079060554504395,0.4326765537261963
200,uav_trajectory,6.943009793758392e-08,5.224004077911377,19.39460334777832,0.0,1456.7911254882813,0.4412727952003479,0.5121921300888062,1.433518961854279,1.9531500858961974,9.283170700073242,-6.891787052154541e-08,1.6694623231887817,2.2398135662078857,4.199976921081543,0.1412675827741623
200,jammer_beamformer,-4.300381988286972e-08,3.9723026275634767,50.65305023193359,0.0,5441.52978515625,0.5013201236724854,0.4926643371582031,2.9318687012270095,3.32333981873457,10.028002738952637,4.470348358154297e-08,1.7630995512008667,1.6412670612335205,9.947388648986816,0.5521520376205444
201,bs_beamformer,-1.6270205378532409e-07,2.502244305610657,51.57766914367676,0.0,2648.2645751953123,0.4237276315689087,0.4326750338077545,12.038375738240779,12.772162749919632,25.028343200683594,1.6577541828155518e-07,1.5538853406906128,1.6252398490905762,8.152366638183594,0.43665310740470886
201,uav_trajectory,-2.2514723241329193e-07,5.261143684387207,19.38616237640381,0.0,1310.5234497070312,0.4474544823169708,0.5195986032485962,1.5207767748137315,1.8725713375500024,5.840925693511963,2.2584572434425354e-07,1.8701175451278687,1.6803139448165894,4.210840225219727,0.14134812355041504
201,jammer_beamformer,4.334375262260437e-07,2.7571518182754517,50.64196090698242,0.0,2292.14296875,0.43530428409576416,0.5371478796005249,2.1539143240423875,2.539479418568439,7.684470176696777,-4.3213367462158203e-07,1.6232435703277588,2.1482114791870117,9.967314720153809,0.5532745718955994
202,bs_beamformer,-2.4118926376104357e-07,2.977252984046936,51.55479888916015,0.0,3294.303515625,0.41636785864830017,0.5892684459686279,9.511776947960257,10.71430999334556,24.908348083496094,2.398155629634857e-07,1.6518611907958984,1.7102081775665283,8.188295364379883,0.43858692049980164
202,uav_trajectory,-1.920154318213463e-07,5.282897520065307,19.374197006225586,0.0,1591.8725952148438,0.41733983159065247,0.5423270463943481,1.7432187360773483,2.1148158438050673,6.289035797119141,1.8998980522155762e-07,1.8138014078140259,1.7472116947174072,4.2269768714904785,0.14111490547657013
202,jammer_beamformer,1.1548399925231934e-08,3.409465503692627,50.6234073638916,0.0,871.4793029785156,0.402957558631897,0.5363402962684631,2.5992074479311706,3.857588101914471,26.153852462768555,-1.3969838619232178e-08,1.7875252962112427,1.647779941558838,9.980571746826172,0.5540010929107666
203,bs_beamformer,-2.2407621145248413e-07,3.96064133644104,51.53851318359375,0.0,4441.0611572265625,0.4454728960990906,0.5089476108551025,9.239474409788848,10.474014171132874,25.689281463623047,2.2631138563156128e-07,1.9892559051513672,1.9404048919677734,8.210487365722656,0.4398382008075714
203,uav_trajectory,-3.1029339879751207e-07,5.855876493453979,19.362768745422365,0.0,1304.0156982421875,0.43584710359573364,0.5036779046058655,1.5644273760169745,1.9752328075015262,7.347369194030762,3.119930624961853e-07,2.003448963165283,2.1306378841400146,4.244147777557373,0.14085200428962708
203,jammer_beamformer,1.2218952178955077e-07,3.1678415298461915,50.57204246520996,0.0,734.9268981933594,0.4235704243183136,0.4848857820034027,4.004333472542465,5.169769363327512,21.651288986206055,-1.2386590242385864e-07,1.7879137992858887,2.1594929695129395,10.033622741699219,0.5570735335350037
204,bs_beamformer,6.221234798431396e-08,2.6054619550704956,51.52894287109375,0.0,1602.5958618164063,0.4952903985977173,0.5183810591697693,9.026449574403465,10.308408774693904,24.8472900390625,-6.426125764846802e-08,1.4394460916519165,2.0173897743225098,8.225074768066406,0.44063764810562134
204,uav_trajectory,5.4016709327697754e-08,7.122569179534912,19.350646591186525,0.0,1472.2979736328125,0.41867971420288086,0.5696967244148254,1.4558860877901316,1.8726192505055623,6.616483688354492,-5.774199962615967e-08,2.3500757217407227,1.575372338294983,4.262135982513428,0.1409565657377243
204,jammer_beamformer,-1.3532117009162904e-07,4.995713996887207,50.507379150390626,0.0,1012.9538879394531,0.44210678339004517,0.5096607804298401,11.117525946341456,14.307723032669001,33.387203216552734,1.2852251529693604e-07,2.252856731414795,1.4889276027679443,10.12374210357666,0.5622581839561462
205,bs_beamformer,-3.792811185121536e-07,2.640018033981323,51.51938056945801,0.0,1608.5516723632813,0.4194307327270508,0.4963696300983429,14.365215311065317,14.481506892512625,24.198171615600586,3.855675458908081e-07,1.584050178527832,1.9011353254318237,8.234972953796387,0.44117340445518494
205,uav_trajectory,-2.1739397197961808e-07,5.065427637100219,19.340494537353514,0.0,1926.113330078125,0.3959217965602875,0.5748372077941895,1.5571159689625105,1.9132046622993493,5.968961238861084,2.1792948246002197e-07,1.696316123008728,1.7526087760925293,4.279900550842285,0.14112532138824463
205,jammer_beamformer,9.42964106798172e-08,3.0770154714584352,50.45016441345215,0.0,6625.04853515625,0.4574826955795288,0.43781980872154236,4.747334669299423,6.646323549275392,26.10447883605957,-8.940696716308594e-08,1.7490421533584595,1.5954248905181885,10.216376304626465,0.5676464438438416
206,bs_beamformer,2.7101486921310426e-08,2.5441216230392456,51.50463104248047,0.0,1682.3563415527344,0.4134606420993805,0.4927977919578552,12.00471937431395,12.791686374700229,27.267656326293945,-2.60770320892334e-08,1.5382180213928223,1.8374720811843872,8.252508163452148,0.4421602487564087
206,uav_trajectory,-8.475035429000854e-08,5.694101190567016,19.33354969024658,0.0,1531.2505859375,0.4741450846195221,0.48754024505615234,1.8187802366018295,2.2550826596428792,6.553002834320068,8.381903171539307e-08,2.0416836738586426,1.9785360097885132,4.291697025299072,0.14135542511940002
206,jammer_beamformer,2.3902393877506254e-07,4.490503597259521,50.41940422058106,0.0,3897.6876953125,0.46688172221183777,0.5573873519897461,13.275482568606733,16.00985175259854,34.340850830078125,-2.3888424038887024e-07,2.0227808952331543,1.4171597957611084,10.276103019714355,0.5711885690689087
207,bs_beamformer,1.3173557817935943e-07,3.7553207874298096,51.491604232788085,0.0,2704.82626953125,0.4078059196472168,0.6419850587844849,15.660485090740025,15.81560915039326,26.49953269958496,-1.2759119272232056e-07,1.9000768661499023,1.7458558082580566,8.271519660949707,0.4432547092437744
207,uav_trajectory,-7.450580596923828e-09,4.52291259765625,19.323490333557128,0.0,1242.3270385742187,0.428600549697876,0.5424649715423584,1.8590000083645184,2.4746025446795734,10.569887161254883,8.381903171539307e-09,1.5638965368270874,1.9255027770996094,4.3045654296875,0.1410740464925766
207,jammer_beamformer,-3.650784492492676e-08,3.6687216997146606,50.40550498962402,0.0,8402.8732421875,0.41613149642944336,0.5686945915222168,22.867532693255693,23.82022064728002,35.02268600463867,4.190951585769653e-08,1.8839550018310547,2.113023519515991,10.303674697875977,0.5728493928909302
208,bs_beamformer,5.953479558229446e-07,2.5566594123840334,51.48482246398926,0.0,3250.9122314453125,0.4513411223888397,0.46541672945022583,14.420128482565284,14.672949817961069,25.102245330810547,-5.932524800300598e-07,1.5816577672958374,1.8248246908187866,8.28216552734375,0.4438401162624359
208,uav_trajectory,1.6400590538978576e-07,4.740779972076416,19.313871383666992,0.0,1362.3554443359376,0.4717196226119995,0.44125717878341675,1.6447778892815113,1.9746476421315593,6.837637424468994,-1.601874828338623e-07,1.5115951299667358,1.7913674116134644,4.318903923034668,0.14097507297992706
208,jammer_beamformer,9.313225746154786e-11,3.9800414562225344,50.39491996765137,0.0,1779.321270751953,0.4681679606437683,0.5293763875961304,6.707061187446118,9.489518468638245,29.180261611938477,-9.313225746154785e-09,1.879976511001587,1.7633676528930664,10.318852424621582,0.5737651586532593
209,bs_beamformer,-2.5634653866291046e-07,2.5141851186752318,51.47655754089355,0.0,3920.8589111328124,0.4499019384384155,0.46130526065826416,15.650136885851621,15.924294583967404,25.79926872253418,2.5890767574310303e-07,1.5739572048187256,2.3048181533813477,8.294193267822266,0.4445075988769531
209,uav_trajectory,4.7031790018081665e-08,4.911059999465943,19.30444221496582,0.0,1465.2343200683595,0.47054222226142883,0.4898306429386139,1.6023227528433004,1.9692545011105582,6.661786079406738,-5.21540641784668e-08,1.8242037296295166,2.2382185459136963,4.333475589752197,0.14118097722530365
209,jammer_beamformer,1.0845251381397248e-07,4.040398788452149,50.38367691040039,0.0,6386.245166015625,0.47932344675064087,0.5660538077354431,7.319082034163177,11.613683165764385,34.67952346801758,-1.1408701539039612e-07,1.8379539251327515,1.7062488794326782,10.337589263916016,0.574897289276123
210,bs_beamformer,1.2795208021998404e-07,2.6458935737609863,51.469567108154294,0.0,1340.4477233886719,0.4284457564353943,0.49602043628692627,9.761736224524677,10.517434675142766,26.337154388427734,-1.2759119272232056e-07,1.6229875087738037,2.0942904949188232,8.303308486938477,0.445024698972702
210,uav_trajectory,7.464550435543061e-08,4.753861284255981,19.294585609436034,0.0,1227.0959228515626,0.43897807598114014,0.5260660648345947,1.5677314691618085,1.9453851114075051,6.089594841003418,-6.705522537231445e-08,1.8226763010025024,2.016939878463745,4.345851421356201,0.14082810282707214
210,jammer_beamformer,-1.1622905731201172e-07,3.8036540269851686,50.37422065734863,0.0,645.8616027832031,0.4903692305088043,0.5003902912139893,17.48196854697168,19.77311774230227,34.318145751953125,1.1641532182693481e-07,1.7157659530639648,1.6181416511535645,10.350916862487793,0.5756976008415222
211,bs_beamformer,-2.9560178518295286e-07,3.295497107505798,51.45353469848633,0.0,4545.489892578125,0.502687394618988,0.4550929367542267,9.471740758933127,10.730100976181067,22.96695327758789,2.998858690261841e-07,1.545664668083191,2.1980955600738525,8.322341918945312,0.4460233449935913
211,uav_trajectory,-2.9001384973526e-07,5.6516563415527346,19.28021373748779,0.0,1457.7631103515625,0.46411848068237305,0.47468847036361694,1.5613616961936156,1.9499434329758925,6.3259196281433105,2.919696271419525e-07,1.7203898429870605,2.0080578327178955,4.364659786224365,0.14005634188652039
211,jammer_beamformer,1.5236437320709228e-07,4.25438756942749,50.363329315185545,0.0,12215.39912109375,0.45065921545028687,0.48824429512023926,7.701329939089716,10.727468931282203,34.165950775146484,-1.5320256352424622e-07,2.0364692211151123,1.5653647184371948,10.375042915344238,0.5770935416221619
212,bs_beamformer,2.2817403078079224e-08,2.7791887283325196,51.43775825500488,0.0,1008.3555236816406,0.467367947101593,0.4297231137752533,11.415955722264945,12.481155879842255,24.731361389160156,-2.514570951461792e-08,1.5665855407714844,1.9685678482055664,8.343266487121582,0.44716137647628784
212,uav_trajectory,-1.1958181858062745e-07,4.970255613327026,19.266990852355956,0.0,1141.7551635742188,0.4212034344673157,0.5090236663818359,1.8764623879492284,2.402022915389647,8.8242769241333,1.2200325727462769e-07,1.6936362981796265,2.124691963195801,4.385561943054199,0.13986510038375854
212,jammer_beamformer,3.191176801919937e-07,3.2734171390533446,50.3574722290039,0.0,5616.678125,0.3938463032245636,0.5512135624885559,5.311672331806272,7.4351859134708596,30.359888076782227,-3.110617399215698e-07,1.7009626626968384,1.7508883476257324,10.39389419555664,0.5781574249267578
213,bs_beamformer,-2.326676622033119e-07,3.239380717277527,51.405155181884766,0.0,489.06683654785155,0.4197864830493927,0.4901127517223358,14.453164168834686,14.854197360455117,24.73876190185547,2.3655593395233154e-07,1.7554683685302734,1.398013710975647,8.371676445007324,0.44859400391578674
213,uav_trajectory,-5.713663995265961e-08,5.4214146614074705,19.254633522033693,0.0,1533.69462890625,0.41517993807792664,0.5335023403167725,2.145116548721989,2.6133866433327055,7.611078262329102,5.587935447692871e-08,1.9238066673278809,1.3001292943954468,4.405735969543457,0.14008913934230804
213,jammer_beamformer,-1.4510005712509156e-07,3.378318190574646,50.35397911071777,0.0,6657.925537109375,0.414053738117218,0.4926086664199829,9.07297989602713,12.731018490397041,35.57146453857422,1.4202669262886047e-07,1.7951968908309937,2.0870461463928223,10.401790618896484,0.5785852670669556
214,bs_beamformer,-2.2491440176963805e-08,4.831167125701905,51.36285133361817,0.0,1029.6601684570312,0.40832939743995667,0.48129045963287354,12.107335050866007,12.486793755733032,22.95279884338379,1.6298145055770874e-08,2.0705857276916504,2.119202136993408,8.431262016296387,0.4518398344516754
214,uav_trajectory,1.1478550732135773e-07,5.619253206253052,19.246517181396484,0.0,3622.7684814453123,0.44362199306488037,0.5319847464561462,1.7419100440442563,2.27023502565817,9.983802795410156,-1.1688098311424255e-07,1.7541643381118774,1.5750535726547241,4.421647071838379,0.14062923192977905
214,jammer_beamformer,-2.674758434295654e-07,3.0837721109390257,50.34473419189453,0.0,957.282681274414,0.42460310459136963,0.47492384910583496,22.210490254096687,23.150065849116668,35.69814682006836,2.705492079257965e-07,1.7317184209823608,2.171865701675415,10.409086227416992,0.5789535045623779
215,bs_beamformer,-1.103617250919342e-07,3.1733165740966798,51.32845001220703,0.0,6116.41396484375,0.48479902744293213,0.5062620043754578,15.90357462605089,16.07298731589086,25.80120086669922,1.1082738637924194e-07,1.662386417388916,1.6586966514587402,8.494298934936523,0.4554439187049866
215,uav_trajectory,1.039355993270874e-07,5.478622055053711,19.2402551651001,0.0,1512.7337768554687,0.4611181318759918,0.5194640159606934,2.22957816482087,2.8149771319799215,9.276577949523926,-9.872019290924072e-08,1.8255068063735962,1.581045389175415,4.430902481079102,0.14081580936908722
215,jammer_beamformer,-1.5283003449440002e-07,3.6037333250045775,50.31303596496582,0.0,1077.1044128417968,0.4083946645259857,0.4879951477050781,15.245970343500376,18.132240084324447,34.87833786010742,1.51805579662323e-07,1.876913070678711,1.96431303024292,10.43739128112793,0.5805014371871948
216,bs_beamformer,-6.28642737865448e-08,4.498428678512573,51.30519561767578,0.0,1407.7124755859375,0.39542973041534424,0.6129828095436096,16.19981330651045,16.389899792915823,26.964401245117188,6.100162863731384e-08,2.0006184577941895,1.941547155380249,8.531455039978027,0.4576035737991333
216,uav_trajectory,2.8656795620918273e-07,4.874703645706177,19.232232284545898,0.0,1925.8692993164063,0.4329591989517212,0.4697684049606323,2.3055246377388636,3.06874418566176,12.88914680480957,-2.8405338525772095e-07,1.531221866607666,1.9280345439910889,4.44194221496582,0.14061550796031952
216,jammer_beamformer,9.723007678985596e-08,2.9798010110855104,50.276990509033205,0.0,2376.880163574219,0.4741672873497009,0.5322695970535278,16.32083997457847,18.71955925274427,35.503013610839844,-9.778887033462524e-08,1.553098201751709,1.6066728830337524,10.49281120300293,0.583560585975647
217,bs_beamformer,-5.939509719610214e-08,6.777043247222901,51.27890586853027,0.0,3966.559716796875,0.3514697849750519,0.5923744440078735,16.685944168522955,16.63662315308768,25.61766242980957,6.426125764846802e-08,2.2235617637634277,1.7558269500732422,8.568436622619629,0.4596467614173889
217,uav_trajectory,-1.1725351214408875e-07,5.1389195919036865,19.225925064086915,0.0,1604.1140502929688,0.4064762592315674,0.5375330448150635,1.5137836657464505,1.8702566300251497,8.056892395019531,1.1734664440155029e-07,1.7631703615188599,1.5613112449645996,4.45206880569458,0.14033444225788116
217,jammer_beamformer,2.105720341205597e-07,3.636157011985779,50.25133209228515,0.0,1400.826171875,0.4122646152973175,0.6054947376251221,5.325188298627734,7.832242187114685,26.84905242919922,-2.0954757928848267e-07,1.896165132522583,1.8164347410202026,10.539093017578125,0.5861051082611084
218,bs_beamformer,1.3066455721855165e-07,3.9476806640625,51.256781005859374,0.0,610.1617401123046,0.46000054478645325,0.4691762924194336,15.901449071466923,16.010263890544326,26.19976043701172,-1.3364478945732117e-07,1.9591768980026245,1.7370613813400269,8.597631454467773,0.46120303869247437
218,uav_trajectory,1.4547258615493773e-07,5.799767112731933,19.219149017333983,0.0,2206.5633056640627,0.4099067747592926,0.5241853594779968,2.4504648604492347,3.0264686212704435,10.195439338684082,-1.4621764421463013e-07,1.8269323110580444,1.9142537117004395,4.4615254402160645,0.140188068151474
218,jammer_beamformer,-3.034248948097229e-07,3.5558236837387085,50.209414672851565,0.0,11484.67998046875,0.44344472885131836,0.5815897583961487,10.23133798885718,13.00992089832219,33.663936614990234,3.0407682061195374e-07,1.8560035228729248,2.1488301753997803,10.588671684265137,0.5888106226921082
219,bs_beamformer,-5.4761767387390134e-08,3.512060308456421,51.21598510742187,0.0,724.1618469238281,0.44224831461906433,0.53451007604599,16.664072034686804,17.11268736768025,27.879384994506836,5.448237061500549e-08,1.8816262483596802,1.5314728021621704,8.641525268554688,0.46364080905914307
219,uav_trajectory,-2.3264437913894654e-07,7.421524620056152,19.21247043609619,0.0,1886.323291015625,0.4870721697807312,0.4509035646915436,3.5496128232379753,4.724540970143374,17.13054656982422,2.39349901676178e-07,1.6328794956207275,1.8722121715545654,4.469600200653076,0.14028795063495636
219,jammer_beamformer,3.160908818244934e-07,3.9780018806457518,50.18203277587891,0.0,4482.746630859375,0.43864238262176514,0.5041965842247009,21.583957664433868,23.218593107832632,36.22323989868164,-3.129243850708008e-07,2.0315511226654053,1.8467918634414673,10.642395973205566,0.5917401909828186
220,bs_beamformer,-1.4905817806720735e-07,3.903291940689087,51.169721603393555,0.0,2847.517236328125,0.4296570122241974,0.4771599769592285,16.80581767529249,16.83049934003594,27.36884880065918,1.5087425708770752e-07,1.960920810699463,1.8034950494766235,8.70910930633545,0.46736735105514526
220,uav_trajectory,-3.534369170665741e-08,5.277924489974976,19.200422096252442,0.0,2071.16708984375,0.35171619057655334,0.6084282398223877,3.3929809562067192,4.266332935254503,16.77728271484375,3.5390257835388184e-08,1.9193466901779175,1.7657638788223267,4.485866546630859,0.14054355025291443
220,jammer_beamformer,9.951181709766387e-08,6.488466215133667,50.163307189941406,0.0,5118.5873046875,0.3917660415172577,0.5931483507156372,15.476535984549672,17.874932440715035,35.592315673828125,-9.848736226558685e-08,2.509467840194702,1.7666314840316772,10.673099517822266,0.5934781432151794
221,bs_beamformer,1.8919818103313447e-07,4.03148045539856,51.14174842834473,0.0,1730.090087890625,0.4255123436450958,0.5711092352867126,16.334013467282055,16.354765260679592,27.49881362915039,-1.862645149230957e-07,1.997573971748352,1.8411978483200073,8.752985954284668,0.4697592854499817
221,uav_trajectory,2.789311110973358e-07,6.922985553741455,19.192151641845705,0.0,1899.228564453125,0.4735729992389679,0.47390690445899963,2.4528218112389246,3.2014332614123044,11.52412223815918,-2.8219074010849e-07,1.5815229415893555,2.1438324451446533,4.502647399902344,0.14068619906902313
221,jammer_beamformer,-2.5280751287937163e-07,2.452696132659912,50.15130882263183,0.0,9775.99775390625,0.44985654950141907,0.5142330527305603,7.6550475831991065,10.665445486462302,33.42197799682617,2.551823854446411e-07,1.535220742225647,1.471244215965271,10.694064140319824,0.5946384072303772
222,bs_beamformer,-1.7648562788963317e-08,3.6752501726150513,51.119408416748044,0.0,3449.5312744140624,0.3850898742675781,0.49567893147468567,18.255117789078504,18.26155156589923,28.384065628051758,1.3969838619232178e-08,1.7605825662612915,1.9997344017028809,8.784197807312012,0.4715406894683838
222,uav_trajectory,2.155546098947525e-07,5.983461618423462,19.187359237670897,0.0,2115.2885009765623,0.4331344664096832,0.5589602589607239,3.6006006850898267,4.227424397530776,10.668497085571289,-2.1420419216156006e-07,1.928848147392273,1.5153881311416626,4.51143217086792,0.14087823033332825
222,jammer_beamformer,-1.4062970876693725e-08,4.1827610492706295,50.142347717285155,0.0,2355.869030761719,0.47625502943992615,0.4934585988521576,22.682444677904247,24.03675183504692,36.28118133544922,1.30385160446167e-08,1.8747612237930298,1.6620255708694458,10.708169937133789,0.5954352617263794
223,bs_beamformer,2.4414621293544767e-07,3.7592084407806396,51.104691696166995,0.0,4045.963037109375,0.3693571388721466,0.5284996628761292,20.400042568042874,20.20683009946895,29.807676315307617,-2.407468855381012e-07,1.6214386224746704,2.0464611053466797,8.806831359863281,0.4729236662387848
223,uav_trajectory,8.028000593185425e-08,4.186053991317749,19.182182121276856,0.0,2572.933984375,0.4150048494338989,0.41705116629600525,5.466301575203737,6.299699716639172,12.9055757522583,-8.381903171539307e-08,1.5668795108795166,2.197499990463257,4.518939018249512,0.14134030044078827
223,jammer_beamformer,2.119690179824829e-07,3.4411131858825685,50.13265266418457,0.0,2777.662841796875,0.41547662019729614,0.4668540358543396,25.494673438571393,26.126709743867757,36.618045806884766,-2.1141022443771362e-07,1.777190923690796,1.4741381406784058,10.720196723937988,0.5961593985557556
224,bs_beamformer,2.2249296307563782e-07,3.738799047470093,51.08183975219727,0.0,383.72325439453124,0.387894868850708,0.49738413095474243,19.360039010971786,19.224301166116007,28.934783935546875,-2.2398307919502258e-07,1.7659101486206055,1.6849039793014526,8.820380210876465,0.4737474322319031
224,uav_trajectory,-6.28642737865448e-08,4.9811098098754885,19.177412033081055,0.0,1963.9336791992187,0.4301360845565796,0.5395539402961731,2.8611593519747256,3.5953282958511963,12.470331192016602,6.239861249923706e-08,1.822651743888855,1.7561116218566895,4.526575565338135,0.1417478322982788
224,jammer_beamformer,9.629875421524048e-08,3.1562032461166383,50.11500511169434,0.0,824.7678497314453,0.4301224946975708,0.5354705452919006,24.172022369489074,24.932739220728013,36.371212005615234,-9.592622518539429e-08,1.723986268043518,2.484830379486084,10.7395601272583,0.597276508808136
225,bs_beamformer,-6.123445928096771e-08,2.7045732498168946,51.014029312133786,0.0,722.7391540527344,0.3898720145225525,0.4714432954788208,20.160950178865342,19.988082440285744,29.264360427856445,6.05359673500061e-08,1.4370853900909424,2.1797938346862793,8.880385398864746,0.4769172966480255
225,uav_trajectory,-5.583278834819794e-08,4.0848774194717405,19.17193603515625,0.0,2383.7649169921874,0.3939476013183594,0.4442008137702942,2.837311431547006,3.6022177260078085,12.41906452178955,5.587935447692871e-08,1.6569545269012451,1.8808046579360962,4.534130096435547,0.14194855093955994
225,jammer_beamformer,1.72352883964777e-07,3.3381380081176757,50.08533477783203,0.0,5540.4353515625,0.3862308859825134,0.5509655475616455,23.456838424250485,24.40487015875541,36.6291389465332,-1.648440957069397e-07,1.5900534391403198,1.611700415611267,10.776570320129395,0.5990692973136902
226,bs_beamformer,1.7741695046424866e-08,3.110836982727051,50.93826751708984,0.0,3678.9838623046876,0.4318627715110779,0.5727359652519226,20.64785480184108,20.446717523917208,29.504074096679688,-2.1420419216156006e-08,1.7690684795379639,1.7733677625656128,8.980786323547363,0.48240768909454346
226,uav_trajectory,-1.1888332664966584e-07,5.744887590408325,19.16660957336426,0.0,2818.016259765625,0.4564017653465271,0.5235719084739685,3.413652838855982,4.221032734864021,13.085350036621094,1.1548399925231934e-07,1.7431381940841675,1.7418380975723267,4.542613983154297,0.1422218233346939
226,jammer_beamformer,2.2156164050102234e-07,4.342577409744263,50.0573844909668,0.0,700.4378295898438,0.48878246545791626,0.42488884925842285,22.415767874628305,23.623501039830817,36.690608978271484,-2.1792948246002197e-07,1.616324543952942,1.5961196422576904,10.814251899719238,0.6008259057998657
227,bs_beamformer,-6.918562576174735e-08,5.423736524581909,50.892738342285156,0.0,3917.507470703125,0.3462773263454437,0.5703257322311401,20.708919138804077,20.529559096306112,29.89055824279785,6.705522537231445e-08,1.820720911026001,1.5866427421569824,9.056528091430664,0.4865982234477997
227,uav_trajectory,-7.022172212600709e-08,6.048945665359497,19.16245594024658,0.0,2805.4731689453124,0.45051902532577515,0.49927282333374023,3.1239705835903684,3.7238507349674195,11.96770191192627,7.078051567077637e-08,2.027127504348755,2.1096365451812744,4.548858642578125,0.1422201544046402
227,jammer_beamformer,8.91042873263359e-08,3.540433430671692,50.00924530029297,0.0,8687.00546875,0.4054069221019745,0.48685693740844727,11.283658330645412,14.78819450825251,35.67378234863281,-9.220093488693237e-08,1.6446454524993896,1.7891905307769775,10.869532585144043,0.6041074395179749
228,bs_beamformer,9.373761713504792e-08,3.144399571418762,50.86640396118164,0.0,3538.2364013671877,0.4248049259185791,0.4432457983493805,20.780610696017742,20.654199389257048,30.48015594482422,-9.499490261077881e-08,1.7768930196762085,2.1015238761901855,9.096985816955566,0.4888627529144287
228,uav_trajectory,-9.096693247556686e-08,5.560615682601929,19.157863998413085,0.0,2298.8174560546877,0.3996362090110779,0.6391271948814392,2.571456804359953,3.209365675217549,10.096306800842285,9.080395102500916e-08,2.134255886077881,1.7820688486099243,4.5539021492004395,0.14202076196670532
228,jammer_beamformer,8.267816156148911e-08,3.804463505744934,49.979213333129884,0.0,3184.2423095703125,0.42028534412384033,0.4949241280555725,15.894146874658764,17.940517734382187,34.54074478149414,-8.195638656616211e-08,1.8467284440994263,2.476478099822998,10.921171188354492,0.6073322296142578
229,bs_beamformer,2.1606683731079102e-07,3.278816270828247,50.84825744628906,0.0,5094.164721679687,0.4245624542236328,0.42761844396591187,20.696289170749484,20.585830466753418,30.440563201904297,-2.1327286958694458e-07,1.8165104389190674,1.697782278060913,9.12410831451416,0.4903317391872406
229,uav_trajectory,1.1082738637924194e-07,3.6917103052139284,19.150628280639648,0.0,3153.014599609375,0.4058816432952881,0.49754464626312256,4.445008484194676,5.311807825399656,12.584288597106934,-1.150183379650116e-07,1.5291622877120972,2.1901633739471436,4.563485622406006,0.14229975640773773
229,jammer_beamformer,1.2433156371116638e-07,2.555380392074585,49.95978965759277,0.0,5539.8853515625,0.4707871377468109,0.42983341217041016,15.150399912543595,17.888471457319735,35.898128509521484,-1.2200325727462769e-07,1.5129183530807495,1.5644550323486328,10.95211410522461,0.6091951727867126
230,bs_beamformer,-4.728790372610092e-08,5.202426910400391,50.83437614440918,0.0,3174.1468505859375,0.4083869755268097,0.47531843185424805,20.09111293913424,20.050711909668685,30.171241760253906,4.7497451305389404e-08,2.259533643722534,1.297459602355957,9.14395523071289,0.4913286864757538
230,uav_trajectory,6.984919309616089e-09,5.519257068634033,19.144523429870606,0.0,2691.967333984375,0.42235618829727173,0.4587180018424988,3.386754488895337,4.100390945588965,11.226348876953125,-1.3969838619232178e-08,2.0336930751800537,1.7689868211746216,4.5737223625183105,0.1427280455827713
230,jammer_beamformer,2.961140125989914e-07,2.9403815269470215,49.9439697265625,0.0,2060.797888183594,0.4203622341156006,0.508868932723999,18.843855651021002,21.63591950324973,37.1447868347168,-2.980232238769531e-07,1.681470513343811,1.4935532808303833,10.975642204284668,0.6106213927268982
231,bs_beamformer,3.9748847484588624e-07,2.4667834758758547,50.820164108276366,0.0,3498.390625,0.43546849489212036,0.5061300992965698,19.579099097654222,19.45590530167438,29.276874542236328,-3.91155481338501e-07,1.5729862451553345,1.9381589889526367,9.164033889770508,0.49237266182899475
231,uav_trajectory,-1.7322599887847902e-08,4.7216747283935545,19.13951301574707,0.0,2818.4587890625,0.43320754170417786,0.4364812672138214,2.7185821467414497,3.516827749148874,11.787397384643555,1.4901161193847656e-08,1.60104238986969,1.6463444232940674,4.581230163574219,0.1428285390138626
231,jammer_beamformer,1.0211952030658722e-07,9.520771598815918,49.92748336791992,0.0,8737.022021484376,0.33560365438461304,0.6934196949005127,7.268269948040135,10.519769422745632,35.68356704711914,-1.0244548320770264e-07,2.605102300643921,1.9434973001480103,11.001374244689941,0.6121057868003845
232,bs_beamformer,6.388872861862182e-08,4.449387741088867,50.80588607788086,0.0,5257.4388671875,0.3704124987125397,0.5160261392593384,20.925302241370083,20.793881237832895,31.31696319580078,-6.05359673500061e-08,1.9099881649017334,1.6430647373199463,9.183716773986816,0.4934888184070587
232,uav_trajectory,2.4444889277219774e-07,6.988509845733643,19.136079597473145,0.0,2901.3250244140627,0.4101859927177429,0.4559484124183655,3.641477975130081,4.235633724571524,11.837057113647461,-2.4586915969848633e-07,2.4440059661865234,1.8427385091781616,4.586294174194336,0.1429576426744461
232,jammer_beamformer,-2.1238811314105989e-07,2.8663997650146484,49.90741500854492,0.0,851.4608276367187,0.3832181990146637,0.5505852103233337,22.974671519130467,24.23050971218944,37.84016799926758,2.123415470123291e-07,1.3846244812011719,1.981101155281067,11.020232200622559,0.6131802797317505
233,bs_beamformer,8.08853656053543e-08,3.657968521118164,50.792816162109375,0.0,2136.9693969726563,0.39360347390174866,0.44424986839294434,20.940001972928645,20.815373395182082,30.007055282592773,-8.102506399154663e-08,1.8214313983917236,1.9565919637680054,9.201884269714355,0.4944917559623718
233,uav_trajectory,-1.3066455721855165e-07,4.6290606498718265,19.129599380493165,0.0,1823.0655639648437,0.42051243782043457,0.5136364698410034,3.8734315836131574,4.8392036300715935,12.384175300598145,1.2782402336597443e-07,1.7731791734695435,2.3316948413848877,4.592797756195068,0.14312711358070374
233,jammer_beamformer,4.1443854570388794e-08,4.549343919754028,49.85898704528809,0.0,8428.11494140625,0.3583654463291168,0.45354560017585754,25.234562769390642,25.914107596422376,37.48722839355469,-4.0046870708465576e-08,1.62129807472229,2.18992018699646,11.083186149597168,0.6171627044677734
234,bs_beamformer,1.2898817658424377e-07,3.9560797452926635,50.77765426635742,0.0,5030.292822265625,0.4134499132633209,0.4937569499015808,19.400220648467542,19.287999449306618,29.013093948364258,-1.3131648302078247e-07,1.9921555519104004,1.6232476234436035,9.219742774963379,0.4953904449939728
234,uav_trajectory,1.4896504580974578e-07,4.522957181930542,19.118354034423827,0.0,1776.6019897460938,0.39351049065589905,0.533336341381073,2.3583325906122723,2.987826205384146,11.822942733764648,-1.5133991837501526e-07,2.008836507797241,1.594014048576355,4.606497764587402,0.1434435397386551
234,jammer_beamformer,-2.9010698199272156e-07,2.401951050758362,49.81845626831055,0.0,699.8996520996094,0.43258047103881836,0.45251166820526123,9.706829921886325,13.257923978083841,35.78318786621094,2.859160304069519e-07,1.5411617755889893,1.6508349180221558,11.143832206726074,0.6209301352500916
235,bs_beamformer,8.032657206058502e-08,4.61310076713562,50.75763931274414,0.0,973.2645751953125,0.3801533877849579,0.5480346083641052,19.12721552069485,19.095681118025773,28.60338020324707,-7.962808012962341e-08,2.049591302871704,1.9726169109344482,9.237820625305176,0.49638012051582336
235,uav_trajectory,-9.883660823106766e-08,6.200019311904907,19.10477771759033,0.0,2452.42666015625,0.3917773365974426,0.4828129708766937,2.271135261980196,2.766827115902046,9.8493070602417,1.0058283805847168e-07,2.322427272796631,1.307605266571045,4.625801086425781,0.1435539722442627
235,jammer_beamformer,-1.5003606677055358e-07,3.2413734436035155,49.76247062683105,0.0,6535.36083984375,0.4171062111854553,0.4385432004928589,13.230319121994079,17.194889689595268,37.03900909423828,1.51805579662323e-07,1.7586398124694824,2.2729692459106445,11.223954200744629,0.6257596015930176
236,bs_beamformer,2.930406481027603e-07,3.021684503555298,50.71882438659668,0.0,2804.3477416992187,0.4209957420825958,0.47615063190460205,18.45291079573333,18.530464750838483,29.177825927734375,-2.882443368434906e-07,1.7420815229415894,2.0367157459259033,9.281643867492676,0.49897825717926025
236,uav_trajectory,1.9099097698926925e-07,4.752792596817017,19.092793464660645,0.0,2655.950341796875,0.4109398424625397,0.4692050814628601,1.8990178753733635,2.3659125220485104,7.384242057800293,-1.9185245037078857e-07,1.7879301309585571,1.307446002960205,4.645127773284912,0.14356791973114014
236,jammer_beamformer,1.6954727470874787e-07,4.226410388946533,49.73123321533203,0.0,6609.2361328125,0.3416690528392792,0.5788657665252686,13.396270268063992,15.982000954038353,37.68323516845703,-1.7229467630386353e-07,1.5734307765960693,2.0467612743377686,11.285310745239258,0.6294282674789429
237,bs_beamformer,-2.280343323945999e-07,4.534677934646607,50.686594009399414,0.0,1759.6767578125,0.3422653377056122,0.4767724275588989,20.01420973314345,20.064023190012392,30.202045440673828,2.300366759300232e-07,1.7234910726547241,1.804405927658081,9.326210975646973,0.501530647277832
237,uav_trajectory,-2.037733793258667e-07,6.006957483291626,19.083769607543946,0.0,1945.0212768554688,0.4746388792991638,0.39622166752815247,3.474594467093547,4.241370301230915,12.192444801330566,2.0489096641540527e-07,1.7337219715118408,1.6968152523040771,4.6592888832092285,0.14353245496749878
237,jammer_beamformer,2.2593885660171508e-07,2.7119138479232787,49.70388259887695,0.0,845.0540710449219,0.3934103548526764,0.45013588666915894,25.966175378009677,26.691771441780077,38.46880340576172,-2.2351741790771484e-07,1.5411442518234253,1.7701390981674194,11.318109512329102,0.6313769817352295
238,bs_beamformer,2.6426278054714203e-07,3.167065715789795,50.65084686279297,0.0,3347.10205078125,0.40244024991989136,0.48804792761802673,15.967684538677334,16.425986783654302,27.562036514282227,-2.635642886161804e-07,1.7384077310562134,2.2778937816619873,9.3759126663208,0.504263162612915
238,uav_trajectory,-5.043111741542816e-08,3.6392481565475463,19.073678398132323,0.0,2249.6472778320312,0.42145782709121704,0.4862702786922455,2.678483461002509,3.2647526051105515,8.367466926574707,5.122274160385132e-08,1.3306697607040405,2.141191244125366,4.672584533691406,0.14308853447437286
238,jammer_beamformer,-3.599561750888824e-08,3.0064237117767334,49.656775665283206,0.0,2384.082873535156,0.39976003766059875,0.5600460767745972,7.950723563764244,11.508862919085908,32.14833450317383,3.818422555923462e-08,1.6606793403625488,2.160724639892578,11.376882553100586,0.6346467733383179
239,bs_beamformer,1.0556541383266448e-07,5.66396484375,50.623221969604494,0.0,3028.5705688476564,0.4797860383987427,0.44665172696113586,18.249433194503187,18.89464728791692,31.227346420288086,-1.0803341865539551e-07,2.152278184890747,2.329874277114868,9.414626121520996,0.5063973665237427
239,uav_trajectory,-4.973262548446655e-08,4.451299524307251,19.063880920410156,0.0,2598.756201171875,0.35293883085250854,0.5339928865432739,2.8790654504646858,3.5549414524550422,9.231908798217773,4.377216100692749e-08,1.687633991241455,1.8180607557296753,4.686915874481201,0.14215393364429474
239,jammer_beamformer,-1.6314443200826646e-07,3.310261631011963,49.60506744384766,0.0,9185.76494140625,0.37797749042510986,0.5349465012550354,25.06085289108753,26.334314387986797,39.443233489990234,1.6391277313232422e-07,1.604054570198059,2.1881632804870605,11.458907127380371,0.6393126249313354
240,bs_beamformer,-4.0652230381965636e-08,4.413620853424073,50.60096893310547,0.0,7053.21005859375,0.39766696095466614,0.5212008357048035,15.275860523998738,16.44144522260209,29.606164932250977,3.5390257835388184e-08,2.0603535175323486,1.7007601261138916,9.45141887664795,0.5083231329917908
240,uav_trajectory,1.1681113392114639e-07,5.351317501068115,19.055529022216795,0.0,2393.1939086914062,0.41664600372314453,0.49175500869750977,2.332160991574327,3.1043181013947962,11.363499641418457,-1.1827796697616577e-07,1.8471384048461914,1.897221565246582,4.700153827667236,0.14152255654335022
240,jammer_beamformer,1.989305019378662e-07,3.2794734477996825,49.58080139160156,0.0,10885.70283203125,0.3859385848045349,0.4409705102443695,3.642640961997211,4.799732140476339,22.543678283691406,-1.993030309677124e-07,1.5672378540039062,2.507408380508423,11.510941505432129,0.6423000693321228
241,bs_beamformer,-7.310882210731506e-08,3.6795534610748293,50.5837100982666,0.0,2299.768798828125,0.42691293358802795,0.46987250447273254,15.493489297818392,15.967766017411293,28.23930549621582,7.35744833946228e-08,1.917428970336914,1.8702168464660645,9.476286888122559,0.5096540451049805
241,uav_trajectory,-1.708976924419403e-07,5.095069694519043,19.047485542297363,0.0,2968.326025390625,0.3830282986164093,0.47171837091445923,2.0843017404402295,2.824481611453747,10.117043495178223,1.802109181880951e-07,1.8729099035263062,1.5305562019348145,4.7117133140563965,0.14133025705814362
241,jammer_beamformer,-1.210952177643776e-07,4.727172756195069,49.57072410583496,0.0,9429.7673828125,0.38092124462127686,0.5442929863929749,7.963998181194067,10.209213018628475,30.79591178894043,1.2200325727462769e-07,1.9306572675704956,2.1339986324310303,11.530830383300781,0.6434106230735779
242,bs_beamformer,-3.5034026950597764e-07,2.445285606384277,50.56457405090332,0.0,3093.007287597656,0.4038427472114563,0.5332527160644531,19.82372553524375,19.737799976250894,30.091611862182617,3.511086106300354e-07,1.543604850769043,1.5515962839126587,9.501580238342285,0.5109971761703491
242,uav_trajectory,-2.1746382117271423e-07,4.745932292938233,19.038205337524413,0.0,2929.0214111328123,0.4330250322818756,0.419066458940506,2.498069926768541,3.0628877312428884,8.280719757080078,2.1979212760925293e-07,1.7779289484024048,1.5628447532653809,4.725217819213867,0.14177101850509644
242,jammer_beamformer,2.3026950657367706e-07,4.744411039352417,49.56505088806152,0.0,6540.087548828125,0.4567374885082245,0.4888787269592285,5.718975680217147,8.072558181777353,30.938142776489258,-2.3469328880310059e-07,2.1925487518310547,2.285691976547241,11.540709495544434,0.6439771056175232
243,bs_beamformer,-1.0863877832889557e-07,1.9945914268493652,50.5467887878418,0.0,2429.251416015625,0.42659521102905273,0.4280966520309448,19.259357283011077,19.55156470911881,30.76966094970703,1.0058283805847168e-07,1.4173147678375244,1.7268619537353516,9.527252197265625,0.5122875571250916
243,uav_trajectory,-5.3411349654197694e-08,4.875082921981812,19.030506134033203,0.0,2673.1019775390623,0.4223397970199585,0.4382166266441345,4.082193134188652,4.919638248015192,14.772411346435547,6.05359673500061e-08,1.4989399909973145,1.6661901473999023,4.739031791687012,0.14195020496845245
243,jammer_beamformer,3.795139491558075e-08,3.1045525789260866,49.55800590515137,0.0,4092.8981689453126,0.4315129816532135,0.4528503715991974,23.06974261662364,24.749788701089166,39.274662017822266,-3.725290298461914e-08,1.7694292068481445,1.8066909313201904,11.549874305725098,0.6445311307907104
244,bs_beamformer,-2.491637133061886e-07,2.262441611289978,50.53468818664551,0.0,1863.099920654297,0.376001238822937,0.457856148481369,15.324737129613757,15.681559204606508,27.175418853759766,2.5099143385887146e-07,1.2931092977523804,1.8443354368209839,9.548906326293945,0.5134168267250061
244,uav_trajectory,-4.433095455169678e-08,4.100428247451783,19.025124549865723,0.0,2535.7621826171876,0.34598082304000854,0.5397390127182007,2.442466282773763,3.071398660122549,9.192258834838867,4.284083843231201e-08,1.632865309715271,1.857252597808838,4.747584819793701,0.14196042716503143
244,jammer_beamformer,-9.62521880865097e-08,6.22566933631897,49.54719200134277,0.0,4888.837890625,0.5031126737594604,0.46027106046676636,6.717235513925552,9.496263716423632,33.957664489746094,9.173527359962463e-08,2.2650299072265625,1.3896805047988892,11.564026832580566,0.6453779339790344
245,bs_beamformer,-3.0617229640483856e-08,3.622140073776245,50.52156372070313,0.0,1170.1448120117188,0.3878374695777893,0.5509519577026367,12.83785848018527,14.068708538172949,29.441884994506836,3.259629011154175e-08,1.8506397008895874,1.8346010446548462,9.571165084838867,0.5145992040634155
245,uav_trajectory,-9.201467037200927e-08,5.160046100616455,19.01537494659424,0.0,2288.06875,0.4322754144668579,0.43463680148124695,2.0169342343111833,2.8238997095380096,13.961257934570312,9.080395102500916e-08,1.4705533981323242,1.7676783800125122,4.759387493133545,0.14213939011096954
245,jammer_beamformer,-1.9152648746967316e-07,4.067814588546753,49.5367618560791,0.0,8330.445068359375,0.36811864376068115,0.5011520981788635,12.576953839182854,15.212925181245922,37.537620544433594,1.909211277961731e-07,1.7621783018112183,1.9058349132537842,11.580930709838867,0.6463190317153931
246,bs_beamformer,-7.37607479095459e-08,6.903938436508179,50.5083683013916,0.0,512.2230102539063,0.37323904037475586,0.5355607271194458,20.070146553933622,20.05833069500995,30.893829345703125,6.472691893577576e-08,2.4738564491271973,1.737647294998169,9.598095893859863,0.5159949660301208
246,uav_trajectory,1.194886863231659e-07,6.379007863998413,19.005023956298828,0.0,2881.3466796875,0.38183891773223877,0.5318338871002197,4.0960628518859545,4.739117683148959,11.51620864868164,-1.2293457984924316e-07,2.1095762252807617,2.3575451374053955,4.776198863983154,0.14249564707279205
246,jammer_beamformer,4.293397068977356e-07,3.462291955947876,49.526675415039065,0.0,11907.09697265625,0.3621683418750763,0.5144323706626892,24.360929565168917,25.52573388936189,38.52469253540039,-4.284083843231201e-07,1.4092355966567993,2.4219467639923096,11.59660530090332,0.6471960544586182
247,bs_beamformer,-1.1976808309555053e-07,3.9137126207351685,50.492065811157225,0.0,3282.11748046875,0.4126661419868469,0.4430382549762726,21.987818987190725,21.974878592946403,31.837862014770508,1.1781230568885803e-07,1.988569974899292,2.396062135696411,9.633230209350586,0.5182344317436218
247,uav_trajectory,-5.401670932769775e-09,5.638933372497559,18.996707725524903,0.0,3004.3754150390623,0.3969306945800781,0.4854961335659027,4.021228594193856,4.716287103751324,15.280496597290039,7.450580596923828e-09,2.218407154083252,1.3270736932754517,4.788900852203369,0.14301788806915283
247,jammer_beamformer,-2.4028122425079346e-08,3.5265291929244995,49.51231918334961,0.0,2087.526611328125,0.36861535906791687,0.5261451005935669,27.582019656464457,28.34497587457619,40.23834228515625,2.6775524020195007e-08,1.6424821615219116,1.9912852048873901,11.61070728302002,0.647986888885498
248,bs_beamformer,4.051253199577331e-09,3.295212149620056,50.473182678222656,0.0,2406.6205078125,0.4039212465286255,0.46667927503585815,19.20738201844692,19.540314871850818,30.798112869262695,-3.725290298461914e-09,1.7906277179718018,1.7246063947677612,9.667745590209961,0.5205124616622925
248,uav_trajectory,-4.163011908531189e-08,5.2480872631072994,18.986880683898924,0.0,2849.489111328125,0.3675293028354645,0.5815213322639465,4.17107050259908,5.168155497818531,18.20423698425293,3.958120942115784e-08,1.7774738073349,2.0710673332214355,4.8035783767700195,0.14331771433353424
248,jammer_beamformer,2.465909346938133e-07,2.180467891693115,49.4831127166748,0.0,9520.4951171875,0.3989088833332062,0.4600948989391327,22.48469534640014,24.857005271260796,39.17352294921875,-2.5099143385887146e-07,1.3388112783432007,1.9155089855194092,11.646712303161621,0.6500351428985596
249,bs_beamformer,2.676621079444885e-07,2.543123984336853,50.44428634643555,0.0,3523.8815673828126,0.40217602252960205,0.5177637338638306,21.47655773501098,21.471448711742816,31.50387191772461,-2.682209014892578e-07,1.6032378673553467,2.047717332839966,9.703903198242188,0.522650420665741
249,uav_trajectory,-1.6828998923301696e-07,6.356096506118774,18.97922134399414,0.0,2629.48837890625,0.4137376546859741,0.5228980779647827,4.027640524476767,4.609704923842137,10.47856330871582,1.7229467630386353e-07,2.140287399291992,1.6941534280776978,4.816073417663574,0.14350034296512604
249,jammer_beamformer,2.627028152346611e-07,3.8818854808807375,49.46431427001953,0.0,6196.986279296875,0.41128307580947876,0.550228476524353,26.828610995158552,27.721094429372485,39.629276275634766,-2.598389983177185e-07,1.8759194612503052,2.54167103767395,11.680322647094727,0.6519215703010559
250,bs_beamformer,-8.181668817996978e-08,1.6783484935760498,50.415553665161134,0.0,2528.3797241210937,0.42108991742134094,0.47477057576179504,21.029405039429665,20.974703183128128,31.44471549987793,8.381903171539307e-08,1.2949495315551758,1.9823166131973267,9.751102447509766,0.5252130627632141
250,uav_trajectory,-1.2777745723724364e-07,4.607975339889526,18.971499633789062,0.0,3227.4129638671875,0.3956332802772522,0.46508729457855225,2.0845991177260874,2.750475423966594,9.799520492553711,1.2386590242385864e-07,1.4162194728851318,2.501377582550049,4.828239917755127,0.14373016357421875
250,jammer_beamformer,-2.8777867555618285e-08,3.285176730155945,49.45100440979004,0.0,7631.431298828125,0.4355096220970154,0.47800126671791077,5.365494843065739,8.211386597676011,31.0851993560791,2.514570951461792e-08,1.8087575435638428,2.014777898788452,11.70112419128418,0.653085470199585
251,bs_beamformer,-1.8910504877567292e-07,4.170262575149536,50.3934024810791,0.0,2057.3774658203124,0.35050514340400696,0.525615394115448,18.21272832080722,18.493816722776774,29.96505355834961,1.8719583749771118e-07,1.8064359426498413,1.725965142250061,9.781560897827148,0.5268496870994568
251,uav_trajectory,2.7148053050041197e-08,5.635215902328492,18.965220260620118,0.0,2901.3703369140626,0.37370163202285767,0.5430105924606323,2.036492471218109,2.550421820868773,8.111014366149902,-2.7008354663848877e-08,1.983288049697876,1.7094966173171997,4.8382086753845215,0.1440088152885437
251,jammer_beamformer,9.494833648204804e-08,3.9792195558547974,49.437115859985354,0.0,2508.0414306640623,0.3793996274471283,0.4362584352493286,3.249941870763898,4.947779441978151,30.55146598815918,-9.220093488693237e-08,1.8270552158355713,1.8859895467758179,11.717527389526367,0.6539791226387024
252,bs_beamformer,-9.324867278337479e-08,3.9149016618728636,50.363714599609374,0.0,3414.4038818359377,0.37234625220298767,0.526987612247467,13.806388576060533,14.107905324377624,26.15224266052246,9.033828973770142e-08,1.8884867429733276,1.925493597984314,9.81865406036377,0.5288524031639099
252,uav_trajectory,1.3085082173347474e-08,4.746776103973389,18.956837463378907,0.0,3392.7508544921875,0.3705095946788788,0.5447090864181519,2.4347693075140318,3.391737055789647,13.244648933410645,-1.0244548320770264e-08,1.655226707458496,1.750265121459961,4.850395202636719,0.1443118155002594
252,jammer_beamformer,1.6400590538978576e-07,3.186456823348999,49.41476593017578,0.0,4504.6330078125,0.40394294261932373,0.5184395909309387,9.159494574323297,12.31469253657068,36.75083923339844,-1.6298145055770874e-07,1.7230643033981323,2.2242839336395264,11.746606826782227,0.6555944085121155
253,bs_beamformer,7.764901965856552e-08,3.1159983396530153,50.342956161499025,0.0,5891.105908203125,0.38459867238998413,0.5307539105415344,17.31344793818146,18.032824841417096,31.456756591796875,-7.729977369308472e-08,1.6865177154541016,2.2887027263641357,9.85513687133789,0.5308749079704285
253,uav_trajectory,-1.2521632015705108e-07,4.9647399425506595,18.95022830963135,0.0,3395.5017578125,0.4046759009361267,0.422536700963974,2.698419140160084,3.636147972401256,12.524123191833496,1.2759119272232056e-07,1.585566520690918,2.032393455505371,4.8617401123046875,0.14445537328720093
253,jammer_beamformer,3.171153366565704e-08,4.250741481781006,49.39559478759766,0.0,1656.3144409179688,0.34393310546875,0.5041894316673279,12.158033260516822,16.326575456581878,38.9897346496582,-2.0489096641540527e-08,1.376933217048645,2.154681921005249,11.775423049926758,0.6572694778442383
254,bs_beamformer,-1.6659032553434372e-07,2.5970067024230956,50.32768211364746,0.0,3239.8286376953124,0.3849183917045593,0.5507045984268188,22.485706161670386,22.469112008987622,32.58279037475586,1.7136335372924805e-07,1.5384265184402466,2.009718894958496,9.877768516540527,0.5321881771087646
254,uav_trajectory,3.003515303134918e-08,5.111421728134156,18.941601943969726,0.0,2247.8608276367186,0.4356130361557007,0.4424665570259094,4.514193522532781,5.228863775969197,14.652642250061035,-3.073364496231079e-08,1.5423274040222168,2.0637686252593994,4.872989177703857,0.1448657512664795
254,jammer_beamformer,2.216547727584839e-08,4.284802770614624,49.37164115905762,0.0,9506.89482421875,0.38036710023880005,0.4663499593734741,27.410864966750147,28.320369504608855,40.45665740966797,-2.0954757928848267e-08,1.9278647899627686,2.0726726055145264,11.809568405151367,0.6593018174171448
255,bs_beamformer,-2.902233973145485e-07,2.4265180349349977,50.31343994140625,0.0,11534.80087890625,0.3959181010723114,0.47535383701324463,22.445948955371975,22.3084072375375,32.70677947998047,2.8870999813079834e-07,1.5387146472930908,1.8301459550857544,9.900359153747559,0.5335375666618347
255,uav_trajectory,1.771608367562294e-07,4.901609134674072,18.928907203674317,0.0,2229.819384765625,0.35882875323295593,0.5231304168701172,2.351209971646468,3.2526688440670584,14.625029563903809,-1.7695128917694092e-07,1.6967120170593262,1.4577741622924805,4.890160083770752,0.14534161984920502
255,jammer_beamformer,-7.031485438346863e-09,4.730589056015015,49.35217132568359,0.0,2810.84892578125,0.35536617040634155,0.5272720456123352,5.77489059427008,9.1624119034678,39.86151123046875,9.778887033462524e-09,1.894182562828064,2.1035101413726807,11.841429710388184,0.6612212657928467
256,bs_beamformer,-4.819594323635101e-08,3.1018218278884886,50.30353317260742,0.0,4577.27568359375,0.42457738518714905,0.5277316570281982,23.412360510103404,23.25345399685933,32.97211456298828,4.563480615615845e-08,1.7755995988845825,1.8846509456634521,9.916274070739746,0.5344395637512207
256,uav_trajectory,9.387731552124023e-08,5.648798656463623,18.916285133361818,0.0,3254.09501953125,0.3102266192436218,0.5508544445037842,4.6890653663078945,5.298587270417934,11.431905746459961,-9.033828973770142e-08,2.1677417755126953,2.1051437854766846,4.909238815307617,0.14587847888469696
256,jammer_beamformer,-9.778887033462524e-08,7.646320009231568,49.32955627441406,0.0,2868.9289672851564,0.3062905967235565,0.5848162174224854,27.839202844515444,28.665314417668572,40.11829376220703,9.941868484020233e-08,1.973953366279602,1.8946542739868164,11.870645523071289,0.6629126071929932
257,bs_beamformer,8.223578333854675e-08,3.3571022272109987,50.2843318939209,0.0,1048.1399475097655,0.3749828338623047,0.4640876352787018,22.632750085413456,22.624055783702353,32.75131607055664,-8.568167686462402e-08,1.6297117471694946,2.082500457763672,9.931341171264648,0.5352256298065186
257,uav_trajectory,1.4016404747962952e-07,5.66943678855896,18.902932167053223,0.0,3944.0955322265627,0.41098034381866455,0.46907249093055725,4.828098060538371,5.4714997854346485,11.319165229797363,-1.4295801520347595e-07,1.5646429061889648,2.4387943744659424,4.928896427154541,0.14645333588123322
257,jammer_beamformer,1.098494976758957e-07,8.491031265258789,49.3009449005127,0.0,6856.281884765625,0.2903548777103424,0.5875327587127686,27.383082105010747,28.316687778204486,40.399658203125,-1.1641532182693481e-07,2.0568323135375977,2.8404741287231445,11.911761283874512,0.6652958989143372
258,bs_beamformer,4.448927938938141e-07,3.4595819473266602,50.247527313232425,0.0,775.2170532226562,0.40548446774482727,0.49046269059181213,22.543892285734415,22.410963918058144,32.66377639770508,-4.44706529378891e-07,1.8620306253433228,2.4391260147094727,9.97491455078125,0.5375166535377502
258,uav_trajectory,4.5583583414554595e-07,7.724775123596191,18.89294013977051,0.0,3257.5036865234374,0.43169111013412476,0.4492664337158203,5.638396458516518,6.293331766096457,13.889873504638672,-4.5634806156158447e-07,2.0762176513671875,1.8134691715240479,4.946572780609131,0.14692869782447815
258,jammer_beamformer,3.082677721977234e-08,3.137944769859314,49.276136779785155,0.0,3115.074328613281,0.41499608755111694,0.4658491909503937,26.80704570388794,27.635030524131817,40.60279083251953,-3.5390257835388184e-08,1.7188069820404053,2.3344810009002686,11.952155113220215,0.667597770690918
259,bs_beamformer,1.901993528008461e-07,3.913470196723938,50.20292358398437,0.0,1950.364794921875,0.4162529706954956,0.4535340368747711,21.48727512294799,21.367935329512644,32.102256774902344,-1.8998980522155762e-07,2.002439498901367,2.160149574279785,10.03624153137207,0.5407370924949646
259,uav_trajectory,2.7474015951156616e-08,4.773298120498657,18.885979843139648,0.0,3997.41474609375,0.3965836465358734,0.4526910185813904,2.657280559460322,3.4968640751409774,12.03056526184082,-2.9336661100387573e-08,1.8087891340255737,1.8415837287902832,4.957861423492432,0.14736343920230865
259,jammer_beamformer,1.2973323464393617e-07,3.5748897790908813,49.24935417175293,0.0,4587.67685546875,0.3624090254306793,0.48993274569511414,5.5612469865828755,8.49427532321212,33.681907653808594,-1.327134668827057e-07,1.4658766984939575,2.1254918575286865,11.988003730773926,0.6696165204048157
260,bs_beamformer,-9.024515748023987e-08,3.4864762306213377,50.15491905212402,0.0,9297.794189453125,0.3460098206996918,0.5416474938392639,22.717345863193273,22.622048100664138,34.08049774169922,9.080395102500916e-08,1.642479419708252,1.8924665451049805,10.107867240905762,0.5444550514221191
260,uav_trajectory,7.231719791889191e-08,4.46610164642334,18.878258514404298,0.0,3919.5920166015626,0.3664839267730713,0.5119363069534302,5.337443549464147,6.299752793538142,17.187091827392578,-7.171183824539185e-08,1.6209303140640259,1.9169198274612427,4.968751907348633,0.1475880891084671
260,jammer_beamformer,3.107357770204544e-07,6.828715467453003,49.22916030883789,0.0,2082.162878417969,0.3195733428001404,0.655231237411499,23.713900016307832,25.28149454712213,39.85527801513672,-3.0919909477233887e-07,1.8553080558776855,1.726403832435608,12.020549774169922,0.6715131998062134
261,bs_beamformer,-1.5355180948972702e-07,7.208854389190674,50.12560119628906,0.0,2859.7669677734375,0.3321024179458618,0.5469719171524048,19.707263109728693,19.772515664489205,30.721101760864258,1.5459954738616943e-07,2.426685333251953,1.9180397987365723,10.159008026123047,0.5471106171607971
261,uav_trajectory,2.724817022681236e-07,4.950845575332641,18.87075252532959,0.0,2793.871875,0.3775395452976227,0.5015307068824768,2.0551558261911076,2.612733854310101,8.221247673034668,-2.738088369369507e-07,1.8359096050262451,2.077185869216919,4.979787826538086,0.1475042849779129
261,jammer_beamformer,-8.521601557731628e-08,4.489365339279175,49.20838851928711,0.0,14556.62373046875,0.359637051820755,0.5790923833847046,5.703921236921102,9.404658900107417,38.13075637817383,8.009374141693115e-08,1.7882355451583862,2.3763649463653564,12.052059173583984,0.6733439564704895
262,bs_beamformer,-2.367887645959854e-07,2.4318273067474365,50.100390625,0.0,2569.8560546875,0.4287506639957428,0.48178860545158386,20.678222501277922,20.70748099132393,32.200679779052734,2.4028122425079346e-07,1.5304532051086426,1.5141122341156006,10.195659637451172,0.5491428375244141
262,uav_trajectory,-3.080349415540695e-07,4.090290927886963,18.861270332336424,0.0,3109.430419921875,0.33464154601097107,0.5393168926239014,2.1821364069369933,2.769049751952818,8.71662425994873,3.0547380447387695e-07,1.3688244819641113,2.0490550994873047,4.992802143096924,0.14786729216575623
262,jammer_beamformer,6.514601409435272e-08,4.287440586090088,49.19472427368164,0.0,9183.68837890625,0.34608709812164307,0.5500789284706116,2.7130646174978463,3.2059937196978607,10.396907806396484,-7.078051567077637e-08,1.6848256587982178,1.7493747472763062,12.078827857971191,0.6749275326728821
263,bs_beamformer,-1.1585652828216553e-07,2.550488996505737,50.08366813659668,0.0,9247.03974609375,0.39461031556129456,0.4785478711128235,23.93151698461175,23.75697780734521,34.63606262207031,1.210719347000122e-07,1.5892126560211182,2.1648309230804443,10.22238826751709,0.5507159233093262
263,uav_trajectory,-1.7937272787094116e-07,3.2678755044937136,18.850167274475098,0.0,3254.767822265625,0.4016605019569397,0.5135905146598816,6.608917622089386,7.252358977207913,17.22178077697754,1.73225998878479e-07,1.2284440994262695,2.3995890617370605,5.008011341094971,0.1485379934310913
263,jammer_beamformer,3.044027835130692e-07,4.381086158752441,49.17955474853515,0.0,2443.656701660156,0.3331601619720459,0.48982641100883484,28.37828135277331,29.180470508243406,40.500423431396484,-2.9569491744041443e-07,1.5601896047592163,2.6241579055786133,12.095100402832031,0.6759247183799744
264,bs_beamformer,-9.620562195777893e-08,3.8671358585357667,50.0683048248291,0.0,1349.3178161621095,0.4035570025444031,0.4975087344646454,22.55271184542775,22.357521191951584,32.879905700683594,1.0058283805847168e-07,1.9731749296188354,2.0769784450531006,10.239364624023438,0.5516809821128845
264,uav_trajectory,-6.05359673500061e-08,5.1343607902526855,18.836429786682128,0.0,3754.51962890625,0.3885314166545868,0.5399906039237976,2.979180472319325,3.7273698275975793,13.170248031616211,6.426125764846802e-08,1.8831543922424316,2.0607151985168457,5.026834964752197,0.14883658289909363
264,jammer_beamformer,3.473833203315735e-07,4.828843355178833,49.133409118652345,0.0,4858.406640625,0.32573461532592773,0.4690640866756439,12.048634961359204,14.015361583609934,34.00483703613281,-3.441236913204193e-07,1.6294023990631104,1.8461015224456787,12.143310546875,0.6787549257278442
265,bs_beamformer,-2.115964889526367e-07,2.0223957300186157,50.04305839538574,0.0,1472.0521850585938,0.37891361117362976,0.49938446283340454,23.61624812746048,23.53363104270421,34.129852294921875,2.123415470123291e-07,1.2963579893112183,2.0981602668762207,10.267051696777344,0.5531013011932373
265,uav_trajectory,7.35744833946228e-08,6.074764060974121,18.82325210571289,0.0,3232.330078125,0.3635215759277344,0.5056953430175781,6.688250072479248,7.513523151021441,15.734938621520996,-7.450580596923828e-08,2.1020994186401367,1.5846779346466064,5.046454429626465,0.14901043474674225
265,jammer_beamformer,1.2246891856193543e-08,2.700779676437378,49.09838447570801,0.0,4537.236376953125,0.4099026620388031,0.5448732376098633,28.949919841766356,29.54912071610486,41.0953254699707,-1.5832483768463135e-08,1.605369210243225,1.874545693397522,12.211770057678223,0.6826998591423035
266,bs_beamformer,-1.4742836356163026e-07,2.9001957893371584,49.98685493469238,0.0,647.9976318359375,0.3536728024482727,0.5322147607803345,22.28534338927269,22.176818700570614,33.48530960083008,1.4901161193847656e-07,1.4057493209838867,1.9689067602157593,10.319390296936035,0.5559004545211792
266,uav_trajectory,1.8738210201263427e-07,5.084117650985718,18.809915924072264,0.0,2767.73779296875,0.3826957941055298,0.5114912390708923,2.4772516968299945,3.5987729266978246,15.818835258483887,-1.9185245037078857e-07,1.6900707483291626,1.7884368896484375,5.065645217895508,0.14915868639945984
266,jammer_beamformer,7.171183824539185e-08,2.943807768821716,49.077745819091795,0.0,5732.6359375,0.37501099705696106,0.5009320974349976,12.098648665972053,15.528754322120859,41.13388442993164,-7.264316082000732e-08,1.5608547925949097,1.660503625869751,12.24911117553711,0.684859037399292
267,bs_beamformer,-1.0046642273664474e-08,6.4011599063873295,49.91495246887207,0.0,8337.1052734375,0.35100409388542175,0.5850684642791748,22.621436119541524,22.583242983480293,33.27761459350586,9.313225746154785e-09,2.287334442138672,1.581331729888916,10.423233032226562,0.5616567730903625
267,uav_trajectory,2.9085204005241395e-07,5.277559852600097,18.797673988342286,0.0,4740.108715820313,0.3841184973716736,0.4476713538169861,3.2232558886309466,3.9120343798305037,10.786449432373047,-2.891756594181061e-07,1.6717039346694946,1.7311581373214722,5.085226058959961,0.14995558559894562
267,jammer_beamformer,-3.3224932849407196e-07,2.211071252822876,49.05502433776856,0.0,1391.7907287597657,0.37550777196884155,0.4948267638683319,15.338598626181483,19.27432935684614,40.03761291503906,3.2782554626464844e-07,1.3300522565841675,1.882041096687317,12.28046703338623,0.6866991519927979
268,bs_beamformer,-2.268003299832344e-07,2.771909809112549,49.88013534545898,0.0,10847.48173828125,0.39213165640830994,0.4766433537006378,22.36432971670851,22.425823812680157,34.738128662109375,2.2631138563156128e-07,1.663648009300232,2.5891003608703613,10.494436264038086,0.5656078457832336
268,uav_trajectory,-1.2925593182444572e-07,4.492594242095947,18.788668632507324,0.0,3685.8061279296876,0.36994895339012146,0.4699024260044098,4.1090035284310575,5.480391443267618,19.409942626953125,1.30385160446167e-07,1.4987190961837769,2.081707000732422,5.100945472717285,0.1510532796382904
268,jammer_beamformer,-2.0908191800117493e-07,3.907921385765076,49.03553428649902,0.0,9897.38349609375,0.40670526027679443,0.4926346242427826,25.776822577044367,27.844382933675316,41.78781509399414,2.086162567138672e-07,1.9704208374023438,2.3234429359436035,12.318258285522461,0.6887584924697876
269,bs_beamformer,1.3974495232105256e-07,5.192231845855713,49.85377197265625,0.0,1427.07890625,0.3742641508579254,0.47218406200408936,19.093812525972723,19.502257872550647,32.56184768676758,-1.434236764907837e-07,2.236231803894043,2.2217278480529785,10.524205207824707,0.5672780275344849
269,uav_trajectory,2.7241185307502747e-08,8.386831283569336,18.781057167053223,0.0,3195.379248046875,0.32677149772644043,0.6286903619766235,1.795970929202934,2.2169921037692792,8.584208488464355,-2.2351741790771484e-08,2.570777654647827,2.036189079284668,5.113313674926758,0.15196441113948822
269,jammer_beamformer,-1.2451782822608947e-07,3.4965322494506834,49.025217056274414,0.0,13007.97724609375,0.3875825107097626,0.4899655878543854,5.231631322175264,8.184131731480523,35.92856979370117,1.257285475730896e-07,1.7713866233825684,2.116663932800293,12.341716766357422,0.6899794340133667
270,bs_beamformer,-7.781200110912323e-08,2.237565755844116,49.811228561401364,0.0,3778.9260131835936,0.36406922340393066,0.5531332492828369,24.237941036745905,24.19223022278289,36.8547477722168,7.729977369308472e-08,1.3291903734207153,2.3020243644714355,10.581435203552246,0.5704339146614075
270,uav_trajectory,9.19681042432785e-08,5.196141624450684,18.771952819824218,0.0,3896.605322265625,0.35539379715919495,0.5578010678291321,4.778232170104981,5.509663354297795,12.812358856201172,-9.918585419654846e-08,2.009169101715088,2.010988235473633,5.125518321990967,0.15280307829380035
270,jammer_beamformer,1.4174729585647582e-07,2.8051496505737306,49.019667053222655,0.0,4086.3685546875,0.4198969006538391,0.4767521917819977,26.943797126956284,28.425263707018036,41.15821075439453,-1.4435499906539917e-07,1.6490259170532227,2.0399224758148193,12.353717803955078,0.690585732460022
271,bs_beamformer,-4.742760211229324e-08,2.8584913492202757,49.77525291442871,0.0,4567.75888671875,0.3451865315437317,0.5877941250801086,20.076489462479948,20.162200355339834,32.542442321777344,5.21540641784668e-08,1.3405011892318726,1.9744747877120972,10.633652687072754,0.5733076930046082
271,uav_trajectory,-8.591450750827789e-09,4.16710410118103,18.759940719604494,0.0,2315.42529296875,0.3035012483596802,0.4566524028778076,1.985265328710278,2.5507530997929315,8.889269828796387,1.0244548320770264e-08,1.3554010391235352,2.3200199604034424,5.143257141113281,0.15339519083499908
271,jammer_beamformer,1.2415694072842598e-07,4.487363529205322,49.01435661315918,0.0,11220.2291015625,0.38265228271484375,0.5258107781410217,2.469175412305631,3.027877348659599,11.814619064331055,-1.2898817658424377e-07,2.0463521480560303,1.6820894479751587,12.36209487915039,0.6910231709480286
272,bs_beamformer,-1.66427344083786e-07,6.116446542739868,49.747544860839845,0.0,9910.742578125,0.3314705491065979,0.5319530963897705,15.750099010899662,17.01949374376359,32.92275619506836,1.6670674085617065e-07,2.026216506958008,2.20379900932312,10.67688274383545,0.5757400393486023
272,uav_trajectory,-4.312023520469665e-08,6.180957365036011,18.749830055236817,0.0,2946.060302734375,0.392693430185318,0.4700234830379486,2.207867408612743,2.867639207261631,9.249384880065918,4.284083843231201e-08,1.9909521341323853,1.6201014518737793,5.159135818481445,0.15384306013584137
272,jammer_beamformer,-5.504116415977478e-07,2.203272581100464,49.00835037231445,0.0,18386.6017578125,0.35657450556755066,0.4526502192020416,2.193619753673673,2.471459604881133,5.496722221374512,5.485489964485168e-07,1.058406114578247,2.242645025253296,12.37183952331543,0.6916128993034363
273,bs_beamformer,7.022172212600709e-08,1.776595902442932,49.730290222167966,0.0,2493.34345703125,0.40912318229675293,0.5005426406860352,20.75819897660613,20.937292375220927,33.45335388183594,-7.450580596923828e-08,1.3400639295578003,2.409930944442749,10.704861640930176,0.5772971510887146
273,uav_trajectory,2.896878868341446e-07,3.9138491630554197,18.735388565063477,0.0,3306.6931884765627,0.30793771147727966,0.45242103934288025,2.46142641077439,3.1514910635828204,10.019373893737793,-2.9243528842926025e-07,1.5724562406539917,2.2664833068847656,5.177443981170654,0.15443482995033264
273,jammer_beamformer,-2.8801150619983674e-08,2.8512181997299195,48.9945571899414,0.0,1263.7181396484375,0.3728412985801697,0.5271915793418884,4.305484810074791,6.561146898611815,28.21503257751465,2.7939677238464355e-08,1.5253889560699463,1.7867274284362793,12.379138946533203,0.6920994520187378
274,bs_beamformer,-1.674983650445938e-07,2.002717137336731,49.70707244873047,0.0,980.1972595214844,0.4019685983657837,0.4715591371059418,22.92169048243761,23.41870031513003,35.42116165161133,1.6577541828155518e-07,1.4035189151763916,1.7301794290542603,10.7291898727417,0.5786478519439697
274,uav_trajectory,8.121132850646973e-08,4.207093620300293,18.719758987426758,0.0,3157.068994140625,0.3554847538471222,0.5193790197372437,7.477213084518909,8.39327467912568,15.473581314086914,-7.636845111846924e-08,1.5350651741027832,1.8819677829742432,5.202435493469238,0.15474312007427216
274,jammer_beamformer,-2.676621079444885e-07,3.471775245666504,48.93926162719727,0.0,5914.51806640625,0.33473527431488037,0.530593752861023,27.930147710874678,29.11122798290529,42.305145263671875,2.6961788535118103e-07,1.276207685470581,2.5596742630004883,12.438406944274902,0.695771336555481
275,bs_beamformer,-7.441267371177674e-08,3.0414712190628053,49.66559028625488,0.0,4959.650463867188,0.37502312660217285,0.507753849029541,16.419238965258003,17.569748268800833,33.517791748046875,7.59027898311615e-08,1.7213373184204102,1.9535614252090454,10.783011436462402,0.5817384719848633
275,uav_trajectory,-1.685693860054016e-07,4.480074644088745,18.708744239807128,0.0,2722.7834716796874,0.3672329783439636,0.4778541028499603,1.8091692284047605,2.3657632370550807,10.74625301361084,1.6274861991405487e-07,1.5857863426208496,2.3428657054901123,5.2217535972595215,0.15512104332447052
275,jammer_beamformer,-8.011702448129654e-08,2.3739297866821287,48.903931045532225,0.0,7307.16025390625,0.3574841618537903,0.5463221669197083,3.8646164762713013,5.0513221534306,27.555038452148438,8.242204785346985e-08,1.2154713869094849,2.1374385356903076,12.512472152709961,0.7003076672554016
276,bs_beamformer,1.6866251826286315e-07,2.6609493494033813,49.63448944091797,0.0,7185.372705078125,0.3679966628551483,0.6181200742721558,16.478984872348608,18.00029146743635,33.15024185180664,-1.6996636986732483e-07,1.4300920963287354,2.122915744781494,10.830279350280762,0.58441561460495
276,uav_trajectory,1.6849953681230546e-07,4.837417030334473,18.701153373718263,0.0,4209.777490234375,0.3320378363132477,0.5030386447906494,1.7919824793562293,2.2640246197503484,7.787033557891846,-1.695007085800171e-07,1.5698890686035156,1.9804719686508179,5.237386703491211,0.1558864712715149
276,jammer_beamformer,2.273358404636383e-07,6.802057266235352,48.88435440063476,0.0,4504.497216796875,0.3127515912055969,0.5992614030838013,4.028619721153751,6.088048399578612,36.73716735839844,-2.2863969206809998e-07,2.047391414642334,1.7702373266220093,12.549101829528809,0.7025045156478882
277,bs_beamformer,-2.3646280169487e-07,3.974663019180298,49.60485343933105,0.0,2642.8640380859374,0.3485667407512665,0.6028910279273987,21.29098401668668,22.182805695130543,36.088783264160156,2.3562461137771606e-07,1.6692113876342773,2.14369797706604,10.864651679992676,0.5863734483718872
277,uav_trajectory,3.0796509236097337e-07,3.634872841835022,18.697361946105957,0.0,3431.88330078125,0.3415902554988861,0.44850969314575195,4.561148600657781,5.196356902322255,11.761468887329102,-3.0547380447387695e-07,1.534291386604309,1.6597743034362793,5.2453999519348145,0.15697552263736725
277,jammer_beamformer,2.1171290427446364e-07,2.2981018304824827,48.857500076293945,0.0,1146.1565063476562,0.3827486038208008,0.47026747465133667,25.13036258716881,27.024624725040887,42.073997497558594,-2.086162567138672e-07,1.4786572456359863,2.1704506874084473,12.570992469787598,0.7038110494613647
278,bs_beamformer,-1.5329569578170776e-07,3.0025912284851075,49.57064323425293,0.0,5140.724572753907,0.37755733728408813,0.4603917896747589,20.96242912325263,21.564224668651768,34.986106872558594,1.541338860988617e-07,1.6922534704208374,1.9203839302062988,10.914704322814941,0.5891439318656921
278,uav_trajectory,-1.530628651380539e-07,4.640381336212158,18.690103912353514,0.0,3065.0818603515627,0.34159716963768005,0.46227264404296875,2.9100760493924223,3.561861081730837,10.450041770935059,1.5832483768463135e-07,1.831476092338562,1.6623204946517944,5.2548723220825195,0.15809576213359833
278,jammer_beamformer,-1.5203841030597686e-08,3.743873405456543,48.79868087768555,0.0,6276.454150390625,0.37433579564094543,0.5531900525093079,22.823157745599747,25.45785633289485,43.704681396484375,1.4901161193847656e-08,1.8299424648284912,2.105640172958374,12.653043746948242,0.7085369229316711
279,bs_beamformer,-6.069894880056381e-08,3.8348621845245363,49.53996047973633,0.0,2496.487512207031,0.38897207379341125,0.4639533460140228,22.93437915544212,23.162653359318917,35.4583740234375,6.146728992462158e-08,1.9638248682022095,2.4262571334838867,10.955257415771484,0.5913527011871338
279,uav_trajectory,2.4727778509259223e-07,3.4249301195144652,18.682422256469728,0.0,4243.5884765625,0.3174893260002136,0.519544780254364,2.9382490394016108,3.619502280292785,9.923055648803711,-2.4586915969848633e-07,1.3422825336456299,1.6211519241333008,5.268609523773193,0.1591106504201889
279,jammer_beamformer,-5.972106009721756e-08,2.698953557014465,48.75414695739746,0.0,1807.5373901367188,0.36726465821266174,0.44618046283721924,15.773340844139456,20.247656644844216,41.4422492980957,5.960464477539063e-08,1.430482029914856,2.0856339931488037,12.726065635681152,0.7126874923706055
280,bs_beamformer,1.3392418622970582e-07,4.186936140060425,49.507101440429686,0.0,5993.0673828125,0.4025968611240387,0.5410906076431274,22.590492225661873,23.103987405230882,36.67446517944336,-1.3364478945732117e-07,2.064624786376953,1.5702879428863525,11.002481460571289,0.5939815044403076
280,uav_trajectory,3.210734575986862e-07,3.964653730392456,18.677129554748536,0.0,4264.7269287109375,0.33049845695495605,0.5087042450904846,2.685603965215385,3.2985997378156475,8.785669326782227,-3.203749656677246e-07,1.592061996459961,1.8428739309310913,5.277928829193115,0.15962503850460052
280,jammer_beamformer,-7.241033017635346e-09,5.23476619720459,48.68405609130859,0.0,1271.7552490234375,0.31679901480674744,0.5014937520027161,8.580329957425594,12.383335075231383,39.6335563659668,9.313225746154785e-09,1.7106281518936157,2.146892786026001,12.801406860351562,0.7170395851135254
281,bs_beamformer,-2.6635825634002687e-08,2.724654698371887,49.48440933227539,0.0,2537.1735595703126,0.38847896456718445,0.5176299214363098,24.91974128434062,25.106187575453614,37.11101531982422,2.2351741790771484e-08,1.658111810684204,1.7258719205856323,11.039302825927734,0.5960192680358887
281,uav_trajectory,-5.62518835067749e-08,3.258581590652466,18.67205219268799,0.0,4564.77509765625,0.3358958661556244,0.45487797260284424,6.9798608313401544,8.120912136964337,15.944759368896484,5.820766091346741e-08,1.4628589153289795,1.7944722175598145,5.28492546081543,0.16017332673072815
281,jammer_beamformer,9.052455425262451e-08,3.3857030153274534,48.61191673278809,0.0,5799.98427734375,0.3553103804588318,0.4795266091823578,28.89472363945842,30.293141140211628,44.13167190551758,-9.173527359962463e-08,1.6147968769073486,1.9852856397628784,12.919054985046387,0.7240417003631592
282,bs_beamformer,-4.8044603317975997e-08,2.719399642944336,49.45772132873535,0.0,5823.984375,0.3809678554534912,0.4753417372703552,20.35507165940106,21.135164889746925,35.04388427734375,5.541369318962097e-08,1.6320925951004028,1.957275629043579,11.074209213256836,0.5979569554328918
282,uav_trajectory,4.2654573917388913e-08,3.8640036582946777,18.66461753845215,0.0,3203.561376953125,0.362387478351593,0.5534656643867493,2.814070181335012,3.3813350505034445,8.346521377563477,-3.3527612686157227e-08,1.7072280645370483,1.5723496675491333,5.2939324378967285,0.16058725118637085
282,jammer_beamformer,3.916211426258087e-08,5.792137670516968,48.557905960083005,0.0,721.8024047851562,0.3104035258293152,0.5195384621620178,12.354393386632204,17.061310621462255,41.332767486572266,-3.91155481338501e-08,1.7804981470108032,2.106027364730835,13.002477645874023,0.7290710806846619
283,bs_beamformer,-1.4621764421463013e-07,3.625497007369995,49.435197067260745,0.0,6580.093310546875,0.3676762282848358,0.47770869731903076,15.008443037107586,16.27978798913096,33.09364700317383,1.4901161193847656e-07,1.8259069919586182,2.2780661582946777,11.108467102050781,0.5999282002449036
283,uav_trajectory,-1.196283847093582e-07,4.20111494064331,18.652526092529296,0.0,3279.6167236328124,0.3806759715080261,0.5475346446037292,1.876069487179319,2.4074742985507918,7.956844329833984,1.1827796697616577e-07,1.742390751838684,1.7646729946136475,5.308382987976074,0.16078037023544312
283,jammer_beamformer,1.7136335372924805e-07,8.25357666015625,48.49640007019043,0.0,2927.158251953125,0.2498709112405777,0.5648012757301331,7.197086812853813,11.61095599410441,43.59158706665039,-1.7508864402770996e-07,1.4774969816207886,1.8931654691696167,13.098572731018066,0.7348231077194214
284,bs_beamformer,-1.9511207938194275e-07,3.599808144569397,49.414969253540036,0.0,5862.482666015625,0.37595072388648987,0.4468638598918915,15.920591394379734,17.945323999311178,35.19414138793945,1.9650906324386597e-07,1.8677796125411987,1.9897451400756836,11.134697914123535,0.6014419198036194
284,uav_trajectory,1.6856938600540162e-08,3.814615035057068,18.638197135925292,0.0,4032.1607666015625,0.3513833284378052,0.5265383124351501,1.629356245364994,2.0258730390053925,6.842102527618408,-1.210719347000122e-08,1.564598798751831,2.6038479804992676,5.33064079284668,0.16135366261005402
284,jammer_beamformer,2.169515937566757e-07,2.4793374061584474,48.45623512268067,0.0,22347.1890625,0.36431798338890076,0.43510907888412476,4.002844338886439,5.7752836128011085,28.5274715423584,-2.169981598854065e-07,1.4060451984405518,2.234537363052368,13.17435073852539,0.7392584085464478
285,bs_beamformer,8.861534297466279e-08,4.191416692733765,49.39693908691406,0.0,6278.643969726562,0.37543898820877075,0.510240912437439,19.960836735982447,21.062472769929162,35.97059631347656,-8.940696716308594e-08,1.9946191310882568,1.6898267269134521,11.162802696228027,0.6029824018478394
285,uav_trajectory,3.273133188486099e-07,4.947009181976318,18.62567195892334,0.0,3358.3912841796873,0.2619788348674774,0.4835700988769531,3.3107103197475274,4.54737514044718,17.478012084960938,-3.2922253012657166e-07,1.726758599281311,1.63254976272583,5.352132797241211,0.16224506497383118
285,jammer_beamformer,-1.4561228454113006e-07,2.955535101890564,48.427416229248045,0.0,1623.5923583984375,0.3488873839378357,0.48789146542549133,9.579235514707863,14.365348636672163,43.546241760253906,1.4435499906539917e-07,1.500989556312561,2.87575626373291,13.218482971191406,0.7417981624603271
286,bs_beamformer,-9.08970832824707e-08,1.9076770424842835,49.37520065307617,0.0,2647.549597167969,0.36899974942207336,0.466932475566864,12.281880480244755,14.640900205521978,36.33427429199219,8.754432201385498e-08,1.2611387968063354,2.411776065826416,11.186269760131836,0.6042190790176392
286,uav_trajectory,-2.7939677238464355e-07,3.597271943092346,18.615887451171876,0.0,4251.593969726562,0.34479081630706787,0.45651352405548096,1.9777284765020013,2.5830168763161665,9.025726318359375,2.8312206268310547e-07,1.4187759160995483,2.566826581954956,5.369439601898193,0.1627655327320099
286,jammer_beamformer,2.473592758178711e-07,3.2185463428497316,48.37702903747559,0.0,6523.219873046875,0.32886412739753723,0.4659413993358612,8.991674121946096,12.773547741750894,43.276729583740234,-2.477318048477173e-07,1.3503003120422363,2.172826051712036,13.281316757202148,0.7455244064331055
287,bs_beamformer,1.6950070858001708e-08,3.8660731315612793,49.33838043212891,0.0,4514.741528320313,0.36480048298835754,0.5267702341079712,14.510933980576693,15.816385330269616,32.5941276550293,-1.955777406692505e-08,1.8347431421279907,1.9252398014068604,11.232312202453613,0.6067689657211304
287,uav_trajectory,2.7641654014587403e-07,4.625394439697265,18.607653617858887,0.0,3752.4594970703124,0.3621751070022583,0.45056816935539246,2.1633351280192534,2.9080866990981553,10.282476425170898,-2.7567148208618164e-07,1.8122634887695312,2.0590057373046875,5.382780075073242,0.16244015097618103
287,jammer_beamformer,3.534369170665741e-08,4.3347296714782715,48.34394073486328,0.0,5193.19697265625,0.315670907497406,0.5316117405891418,4.359528580114246,6.00201636938136,30.130939483642578,-3.026798367500305e-08,1.799483299255371,1.4623690843582153,13.34670639038086,0.7493986487388611
288,bs_beamformer,-4.5169144868850705e-09,3.065726065635681,49.307877731323245,0.0,6061.059558105469,0.3829781413078308,0.5186063051223755,14.241329870209098,16.791329989560616,35.96996307373047,4.6566128730773926e-09,1.6892274618148804,2.039842367172241,11.278108596801758,0.6093880534172058
288,uav_trajectory,3.2596290111541746e-10,4.514447450637817,18.597786521911623,0.0,3798.614501953125,0.36445438861846924,0.4491328299045563,1.8142369831204415,2.3875879475631074,9.812816619873047,1.862645149230957e-09,1.6558829545974731,1.962647795677185,5.396969795227051,0.162139430642128
288,jammer_beamformer,2.797693014144897e-07,6.496066761016846,48.32246780395508,0.0,4857.113525390625,0.27497100830078125,0.47827160358428955,2.2105518140476197,2.493661808653151,6.0512590408325195,-2.868473529815674e-07,1.5400950908660889,1.7028499841690063,13.383183479309082,0.7515380382537842
289,bs_beamformer,6.081536412239074e-08,2.7942094802856445,49.28174819946289,0.0,4059.320666503906,0.4041617214679718,0.5125852823257446,12.22249390475452,15.47047619954428,35.739036560058594,-6.146728992462158e-08,1.690881371498108,2.5093071460723877,11.314005851745605,0.6114646792411804
289,uav_trajectory,6.430782377719879e-08,3.942566657066345,18.587307357788085,0.0,3567.0591064453124,0.32450252771377563,0.512305736541748,2.021846479356289,2.635908592651018,8.773751258850098,-6.193295121192932e-08,1.5515726804733276,2.493502140045166,5.411799430847168,0.16206704080104828
289,jammer_beamformer,1.387670636177063e-07,2.663544201850891,48.30675201416015,0.0,4262.617016601563,0.3707130551338196,0.5629472732543945,2.5751653574481606,2.8105016007724584,6.35343074798584,-1.4156103134155273e-07,1.517899990081787,1.7773544788360596,13.405686378479004,0.7527104616165161
290,bs_beamformer,8.805654942989349e-08,3.2813164472579954,49.24339370727539,0.0,3537.646484375,0.33982163667678833,0.5068644285202026,16.14513860546425,19.70926170511959,37.494083404541016,-9.359791874885559e-08,1.5416229963302612,2.055879592895508,11.359269142150879,0.614023745059967
290,uav_trajectory,2.3324973881244658e-07,4.970027828216553,18.575147438049317,0.0,4344.4146484375,0.28996211290359497,0.5372483730316162,3.767869077980518,4.736272547786017,11.8675537109375,-2.3050233721733093e-07,1.8339033126831055,1.7986361980438232,5.428982257843018,0.16175422072410583
290,jammer_beamformer,1.2433156371116638e-08,3.5051388502120973,48.28348960876465,0.0,3081.6674560546876,0.3622420132160187,0.44168439507484436,17.721913676412775,23.212287770872923,45.20035934448242,-1.257285475730896e-08,1.7494131326675415,2.412128210067749,13.4368257522583,0.7544430494308472
291,bs_beamformer,-1.8193386495113372e-07,2.4617326974868776,49.210889434814455,0.0,2048.915869140625,0.38659045100212097,0.4690536558628082,18.543946305312215,21.36153674508295,37.126747131347656,1.809094101190567e-07,1.5651566982269287,1.7250738143920898,11.410566329956055,0.6168117523193359
291,uav_trajectory,-1.802109181880951e-07,4.838152694702148,18.564580345153807,0.0,5375.56337890625,0.3501923084259033,0.460503488779068,2.309752044464151,2.9236077448951034,10.246639251708984,1.7881393432617188e-07,1.5760306119918823,1.9137190580368042,5.446515083312988,0.1619684398174286
291,jammer_beamformer,1.5199184417724608e-07,2.5345497369766234,48.26177215576172,0.0,21374.6638671875,0.3313800096511841,0.4928649961948395,2.443934152543545,3.2499476704890724,15.794507026672363,-1.5459954738616943e-07,1.1789357662200928,2.040410041809082,13.472832679748535,0.7564955353736877
292,bs_beamformer,1.923413947224617e-07,2.732550859451294,49.183250427246094,0.0,13045.3435546875,0.35422852635383606,0.42729029059410095,18.804136440768836,20.927413858190988,37.44350814819336,-1.8905848264694214e-07,1.5321605205535889,2.3158702850341797,11.454497337341309,0.6190997362136841
292,uav_trajectory,1.0398216545581818e-07,4.123730611801148,18.555157089233397,0.0,4686.274609375,0.34530559182167053,0.477069616317749,3.908566359202067,4.788298136587921,13.613180160522461,-1.0058283805847168e-07,1.5853450298309326,1.9894438982009888,5.461233139038086,0.16242735087871552
292,jammer_beamformer,1.7536804080009462e-07,3.6832285642623903,48.23790283203125,0.0,1115.371356201172,0.30854278802871704,0.5211082696914673,19.720007528636604,24.40509414068044,45.34306335449219,-1.685693860054016e-07,1.424609899520874,2.360386371612549,13.49811840057373,0.7579349875450134
293,bs_beamformer,-2.2598542273044587e-07,4.1577064037323,49.16673240661621,0.0,13833.25791015625,0.3628840148448944,0.5832210183143616,17.99530131289363,20.03106515519209,37.142791748046875,2.2863969206809998e-07,1.9304558038711548,2.52532958984375,11.488274574279785,0.6208512783050537
293,uav_trajectory,6.44708052277565e-08,4.779399442672729,18.544456481933594,0.0,5124.982153320312,0.3421132266521454,0.4431440234184265,3.037248011037707,3.7029283734838425,8.634512901306152,-6.100162863731384e-08,1.7494357824325562,1.90339994430542,5.477028846740723,0.16273058950901031
293,jammer_beamformer,8.707866072654724e-08,6.595989418029785,48.19384956359863,0.0,10451.0171875,0.3113970160484314,0.5317422151565552,8.951436699680984,13.252426217325272,42.91902542114258,-8.614733815193176e-08,2.2964839935302734,2.4308671951293945,13.563331604003906,0.7616646885871887
294,bs_beamformer,5.513429641723633e-08,4.4008378982543945,49.157050704956056,0.0,3049.924951171875,0.3456357419490814,0.519984781742096,18.304173700995744,20.301057064035696,37.454105377197266,-5.587935447692871e-08,1.8726366758346558,1.7199764251708984,11.505884170532227,0.6218186616897583
294,uav_trajectory,1.1846423149108887e-07,5.459401226043701,18.532847785949706,0.0,3712.175830078125,0.35686832666397095,0.4989418387413025,3.8271896167794863,4.568287789446883,12.135705947875977,-1.210719347000122e-07,1.728845238685608,2.1231045722961426,5.4934892654418945,0.16280294954776764
294,jammer_beamformer,2.460554242134094e-07,3.7810223579406737,48.16657905578613,0.0,10738.39697265625,0.3395654857158661,0.5094029903411865,6.84696198810637,10.005885040760093,34.08597183227539,-2.4493783712387085e-07,1.727325677871704,2.1033408641815186,13.61947250366211,0.7648913860321045
295,bs_beamformer,3.920868039131165e-08,2.4688371658325194,49.145759963989256,0.0,4554.653076171875,0.3731973469257355,0.5596072673797607,24.120903109669687,24.104101669631508,36.86575698852539,-3.5390257835388184e-08,1.5054105520248413,1.9343682527542114,11.520569801330566,0.6227055788040161
295,uav_trajectory,-2.676621079444885e-07,3.9697274208068847,18.520101928710936,0.0,4156.575830078125,0.33123525977134705,0.4748940169811249,2.5471880642374356,3.2492279980994567,9.810173988342285,2.7194619178771973e-07,1.3544286489486694,2.1791789531707764,5.512929439544678,0.16285918653011322
295,jammer_beamformer,-2.05356627702713e-07,2.5207804441452026,48.13686180114746,0.0,1663.7220764160156,0.36648595333099365,0.4638791084289551,3.8069066871255637,5.273309609445301,17.133974075317383,2.076849341392517e-07,1.41948401927948,2.305973529815674,13.649076461791992,0.7666447162628174
296,bs_beamformer,-1.9739381968975066e-07,3.5794719457626343,49.122637557983396,0.0,2550.3826171875,0.34792885184288025,0.555945634841919,24.725049195129426,25.142634079906873,37.999671936035156,1.9744038581848145e-07,1.7770910263061523,2.269425392150879,11.541937828063965,0.6239408254623413
296,uav_trajectory,-1.3564713299274445e-07,4.9117566585540775,18.508588600158692,0.0,6265.1849609375,0.3240850269794464,0.42967838048934937,3.0541407159169514,3.961027973384025,11.81184196472168,1.3364478945732117e-07,1.956260085105896,1.934990644454956,5.530767917633057,0.16300541162490845
296,jammer_beamformer,1.51805579662323e-08,3.579838180541992,48.0817138671875,0.0,5794.6932373046875,0.3791272044181824,0.4442442059516907,9.317827206313611,14.082003656408904,44.56067657470703,-1.5366822481155396e-08,1.707108497619629,1.7857425212860107,13.725607872009277,0.7711279988288879
297,bs_beamformer,-8.84057953953743e-08,3.3121204376220703,49.08450012207031,0.0,3282.1572875976562,0.34408947825431824,0.47313740849494934,17.130760022453963,18.572807547122892,37.209415435791016,8.847564458847046e-08,1.627052664756775,1.9004780054092407,11.587665557861328,0.6267002820968628
297,uav_trajectory,-2.120155841112137e-07,5.415795135498047,18.498959922790526,0.0,3862.47783203125,0.3503364324569702,0.49366092681884766,2.282797424584627,3.31726353270681,15.945119857788086,2.0954757928848267e-07,1.8052396774291992,1.7900794744491577,5.54554557800293,0.16292710602283478
297,jammer_beamformer,1.4416873455047608e-07,2.343460536003113,48.04389991760254,0.0,5177.375244140625,0.3509874939918518,0.4346407949924469,3.6425709299892186,5.860247892519794,24.93572998046875,-1.394655555486679e-07,1.291142225265503,2.170098304748535,13.789349555969238,0.7748063206672668
298,bs_beamformer,-1.816079020500183e-08,2.3457877159118654,49.036546325683595,0.0,1406.5765380859375,0.3558879792690277,0.44930410385131836,14.714072703056038,16.841907952617802,36.65403366088867,1.7695128917694092e-08,1.396048665046692,2.2372939586639404,11.639156341552734,0.6296902894973755
298,uav_trajectory,5.2014365792274476e-08,3.9736859798431396,18.490610885620118,0.0,4581.03427734375,0.34978994727134705,0.4490719735622406,1.9970584832131864,2.7090831547557555,13.635364532470703,-5.21540641784668e-08,1.4427300691604614,2.0818448066711426,5.558923721313477,0.1629658043384552
298,jammer_beamformer,-6.291083991527557e-08,2.896318483352661,48.00644950866699,0.0,3491.283349609375,0.3457711935043335,0.4600621163845062,2.6349976174482146,3.370785577826867,14.602734565734863,6.193295121192932e-08,1.3562884330749512,2.61367130279541,13.841832160949707,0.7777568101882935
299,bs_beamformer,9.257346391677857e-08,2.6726531267166136,48.97816162109375,0.0,16427.73876953125,0.39036622643470764,0.4875660836696625,14.74075087068975,17.279724555408666,38.6225471496582,-8.847564458847046e-08,1.6301161050796509,2.0588598251342773,11.720727920532227,0.6342692971229553
299,uav_trajectory,3.14018689095974e-07,3.7187854290008544,18.48218822479248,0.0,6213.74453125,0.321124792098999,0.48299577832221985,3.028999322126309,4.834668590530821,21.114383697509766,-3.152526915073395e-07,1.5290707349777222,1.53877592086792,5.572432994842529,0.16328266263008118
299,jammer_beamformer,-1.2153759598731995e-08,2.884659028053284,47.96861038208008,0.0,3585.6459228515623,0.38708168268203735,0.5150240063667297,15.152718586644157,20.582185883188142,45.67612075805664,1.5832483768463135e-08,1.595416784286499,1.8382446765899658,13.900543212890625,0.7810083627700806
300,bs_beamformer,8.842907845973969e-08,3.821247386932373,48.94365196228027,0.0,3607.6259033203123,0.33873575925827026,0.5063909888267517,21.21706111393869,22.78946748481558,37.67399597167969,-8.940696716308594e-08,1.7568657398223877,2.0549817085266113,11.779394149780273,0.6375898718833923
300,uav_trajectory,-5.329493433237076e-08,5.510541343688965,18.473569297790526,0.0,4893.440478515625,0.2955615222454071,0.5788045525550842,2.695625525712967,3.596967746298436,12.628637313842773,5.122274160385132e-08,1.9538416862487793,1.8360100984573364,5.585442543029785,0.1635909080505371
300,jammer_beamformer,-2.0954757928848267e-08,4.175644087791443,47.93545722961426,0.0,15977.94404296875,0.3432559370994568,0.4694043695926666,3.625815026679076,6.054824507822412,31.714996337890625,2.0489096641540527e-08,1.3031558990478516,2.0725226402282715,13.96026611328125,0.7842413783073425
301,bs_beamformer,-3.0407682061195374e-07,2.301756739616394,48.91356163024902,0.0,3650.0608764648437,0.40307414531707764,0.4173904359340668,19.31678146641329,21.150991908892202,38.9031982421875,3.0407682061195374e-07,1.5312288999557495,1.7810341119766235,11.821162223815918,0.6398770213127136
301,uav_trajectory,1.611188054084778e-08,3.6551829099655153,18.463444900512695,0.0,3513.9242919921876,0.3339131474494934,0.4375840723514557,2.9882250158836445,4.355365951828621,17.890520095825195,-1.862645149230957e-08,1.6516636610031128,1.7681159973144531,5.599768161773682,0.16431860625743866
301,jammer_beamformer,1.0011717677116394e-07,4.044110536575317,47.91544075012207,0.0,9978.90615234375,0.3663223683834076,0.5018039345741272,19.36040786767006,23.411531453884,46.841217041015625,-9.499490261077881e-08,1.652497410774231,1.7457224130630493,13.999297142028809,0.7864164710044861
302,bs_beamformer,-2.395128831267357e-07,3.8511786699295043,48.87946968078613,0.0,9423.630200195312,0.33317360281944275,0.5071916580200195,15.192190523259342,17.43478767244558,38.84486389160156,2.3469328880310059e-07,1.6481648683547974,1.748647928237915,11.864255905151367,0.642204225063324
302,uav_trajectory,-1.6810372471809388e-08,5.454041337966919,18.45136089324951,0.0,4371.990063476563,0.34580686688423157,0.5053334832191467,2.7534981252948443,3.713669651777741,16.817588806152344,1.862645149230957e-08,1.991682529449463,2.2008087635040283,5.6193718910217285,0.16506220400333405
302,jammer_beamformer,-3.089196979999542e-07,6.088133192062378,47.899234771728516,0.0,7321.233154296875,0.35774877667427063,0.4962501525878906,12.228400848984718,17.954028386646804,46.413902282714844,3.0780211091041565e-07,1.9496266841888428,1.8182729482650757,14.024600982666016,0.7878181338310242
303,bs_beamformer,2.828426659107208e-07,1.9579582452774047,48.85810661315918,0.0,14527.30556640625,0.3966965079307556,0.43992331624031067,15.67977573402226,16.642413606352957,33.742008209228516,-2.766028046607971e-07,1.4042468070983887,2.4710934162139893,11.903789520263672,0.6443405747413635
303,uav_trajectory,-7.729977369308472e-09,3.269518256187439,18.442639350891113,0.0,4684.835620117187,0.31165358424186707,0.5133517980575562,2.0775518886049587,2.621690473458829,9.017821311950684,2.7939677238464355e-09,1.271445631980896,1.9121320247650146,5.634802341461182,0.16537103056907654
303,jammer_beamformer,-1.2721866369247436e-07,3.896779203414917,47.877337265014646,0.0,3362.595849609375,0.3158746361732483,0.4570313096046448,6.377238066599705,9.97148222964992,44.23535919189453,1.3131648302078247e-07,1.4150841236114502,1.5837516784667969,14.05132007598877,0.7894898056983948
304,bs_beamformer,-3.002118319272995e-07,2.704081892967224,48.84731101989746,0.0,4804.6462890625,0.3632827699184418,0.48120421171188354,25.376735790729523,26.187458263789466,39.52421951293945,3.0547380447387695e-07,1.5535591840744019,1.607030987739563,11.924397468566895,0.6454787254333496
304,uav_trajectory,2.2416934370994567e-07,3.6640469312667845,18.431904602050782,0.0,3248.0739501953126,0.3314773738384247,0.5582157969474792,6.132586982523401,7.41496003896892,17.449264526367188,-2.1792948246002197e-07,1.544547200202942,1.7875484228134155,5.647328853607178,0.16544049978256226
304,jammer_beamformer,9.671784937381744e-08,4.501441287994385,47.84158630371094,0.0,3083.9317626953125,0.37428778409957886,0.5091748237609863,31.27513107818365,32.957088571454655,47.28782653808594,-9.685754776000977e-08,1.7308030128479004,2.3102357387542725,14.09653091430664,0.7920993566513062
305,bs_beamformer,8.712522685527801e-08,2.3621869325637816,48.83806533813477,0.0,5376.556164550781,0.3861299753189087,0.4830173850059509,22.821626095101237,23.488976174096422,39.399559020996094,-8.66129994392395e-08,1.5561323165893555,1.9679553508758545,11.936270713806152,0.6462211608886719
305,uav_trajectory,-7.252674549818039e-08,4.115302276611328,18.41690673828125,0.0,5216.3978515625,0.2936919927597046,0.49316343665122986,3.692765445222457,5.268515905841301,22.79157829284668,6.705522537231445e-08,1.6993224620819092,1.86822509765625,5.669569969177246,0.16590774059295654
305,jammer_beamformer,1.4086253941059113e-07,7.408587217330933,47.80177803039551,0.0,1862.8848999023437,0.3693181276321411,0.4479081928730011,20.45420792774111,24.44515427734767,46.20453643798828,-1.4528632164001465e-07,2.179044485092163,2.0344619750976562,14.148688316345215,0.7943604588508606
306,bs_beamformer,5.888286978006363e-08,2.017470693588257,48.81848030090332,0.0,6332.002978515625,0.3576768636703491,0.4860841631889343,24.3934363874048,24.802899920136994,39.199222564697266,-6.146728992462158e-08,1.3160760402679443,2.2414207458496094,11.958536148071289,0.6475754380226135
306,uav_trajectory,-1.8014106899499894e-07,3.6033429384231566,18.404953002929688,0.0,4013.188720703125,0.2847532629966736,0.5546871423721313,2.037286086268723,2.760749158640437,11.983033180236816,1.8114224076271057e-07,1.4225211143493652,1.8560502529144287,5.690897464752197,0.16662485897541046
306,jammer_beamformer,1.3371463865041732e-07,11.79129114151001,47.75222473144531,0.0,4247.0037841796875,0.3344939351081848,0.5198432207107544,7.35548971544113,11.32450697430556,46.18207931518555,-1.3364478945732117e-07,2.2708778381347656,1.7081246376037598,14.218960762023926,0.7964446544647217
307,bs_beamformer,-2.4903565645217893e-07,3.796320414543152,48.80064582824707,0.0,3749.3840576171874,0.38690775632858276,0.4895437955856323,25.475474849224092,25.730216131052813,39.31596755981445,2.5704503059387207e-07,1.9478750228881836,1.903306245803833,11.988997459411621,0.6493284702301025
307,uav_trajectory,-1.555774360895157e-07,4.511875629425049,18.39362850189209,0.0,4487.371801757812,0.3757658004760742,0.4716651141643524,3.2324442659318446,4.0789631592597875,13.14826488494873,1.564621925354004e-07,1.5954325199127197,2.6362316608428955,5.710179805755615,0.1678888499736786
307,jammer_beamformer,-8.940696716308593e-09,14.943524265289307,47.7106216430664,0.0,7107.859521484375,0.3713538646697998,0.4641474187374115,4.450468006625772,7.104138690861246,31.24742317199707,8.381903171539307e-09,2.1148030757904053,1.7210078239440918,14.287683486938477,0.7982885241508484
308,bs_beamformer,1.1797528713941574e-07,2.0460047245025637,48.79014205932617,0.0,17743.96591796875,0.3601047396659851,0.42449551820755005,26.423973647296428,26.624403613366386,40.121116638183594,-1.1734664440155029e-07,1.2486432790756226,2.359269142150879,12.009021759033203,0.6504446268081665
308,uav_trajectory,-1.1404044926166535e-07,4.940022659301758,18.38465633392334,0.0,7674.397802734375,0.36143386363983154,0.4648892283439636,4.293515531003475,4.964028625197491,9.98961353302002,1.1082738637924194e-07,1.7872928380966187,1.5509464740753174,5.726066589355469,0.16886290907859802
308,jammer_beamformer,3.157183527946472e-08,16.059645080566405,47.69023551940918,0.0,11824.3154296875,0.3580658733844757,0.5363019108772278,13.180087839160114,18.519687849766996,39.50571060180664,-2.8870999813079834e-08,1.4726908206939697,2.0178163051605225,14.332176208496094,0.7993399500846863
309,bs_beamformer,-3.9888545870780946e-07,1.942027461528778,48.784203720092776,0.0,8931.95458984375,0.35835516452789307,0.46781307458877563,21.01468935973942,22.132457198549623,38.795745849609375,3.986060619354248e-07,1.2291127443313599,2.5989761352539062,12.018840789794922,0.6509518027305603
309,uav_trajectory,-3.0802330002188684e-07,3.632332420349121,18.377592849731446,0.0,4280.8048095703125,0.35504740476608276,0.481549471616745,3.104266519665718,3.9803519132457423,12.172414779663086,3.0919909477233887e-07,1.5823898315429688,1.9130691289901733,5.737131595611572,0.1692853718996048
309,jammer_beamformer,2.0121224224567414e-07,15.91882905960083,47.68080101013184,0.0,13980.55556640625,0.4022459387779236,0.4430389404296875,21.566249897647648,24.403997733591233,46.98374938964844,-2.0116567611694336e-07,1.3778725862503052,2.1682779788970947,14.352065086364746,0.8000813126564026
310,bs_beamformer,4.177913069725037e-07,3.280584764480591,48.77365913391113,0.0,3269.3989990234377,0.32764413952827454,0.43970152735710144,14.863459831070156,17.445830093742675,38.05986404418945,-4.1816383600234985e-07,1.406032681465149,2.138357400894165,12.028498649597168,0.6514946222305298
310,uav_trajectory,-2.361368387937546e-07,3.6544751644134523,18.369489479064942,0.0,4136.546728515625,0.34816181659698486,0.5030782222747803,2.4939239722341298,3.2653962681573483,15.373019218444824,2.3748725652694702e-07,1.498742938041687,2.362468719482422,5.747623443603516,0.16942061483860016
310,jammer_beamformer,3.2768584787845614e-07,17.890137100219725,47.672464752197264,0.0,12511.62880859375,0.4004267454147339,0.43548399209976196,11.539058867827057,16.102481653857854,45.418148040771484,-3.282912075519562e-07,1.809271216392517,1.4419251680374146,14.365482330322266,0.8011427521705627
311,bs_beamformer,-1.9790604710578918e-07,2.11928973197937,48.755941772460936,0.0,7741.721484375,0.3972753584384918,0.5383634567260742,23.87074984242022,24.992502597651452,40.13345718383789,2.0582228899002075e-07,1.463729739189148,2.3147714138031006,12.049812316894531,0.6528316140174866
311,uav_trajectory,1.7695128917694092e-08,4.48167142868042,18.3586483001709,0.0,5704.67734375,0.3833944797515869,0.3952266573905945,3.560597833762566,4.636481903613369,17.110994338989258,-1.5832483768463135e-08,1.5811866521835327,2.1193952560424805,5.763775825500488,0.16977296769618988
311,jammer_beamformer,2.001877874135971e-07,13.632286739349365,47.662106323242185,0.0,17097.2626953125,0.32242363691329956,0.5354853272438049,15.776627554567531,19.762035379517997,46.007694244384766,-1.9790604710578918e-07,2.0976407527923584,1.6592042446136475,14.380033493041992,0.8020166158676147
312,bs_beamformer,-5.098991096019745e-08,3.143809461593628,48.7371208190918,0.0,1733.5035278320313,0.34545308351516724,0.5456483364105225,26.196317547708748,26.614518888914212,39.87809371948242,4.470348358154297e-08,1.575878381729126,1.8335180282592773,12.071889877319336,0.654100775718689
312,uav_trajectory,3.8901343941688537e-07,2.9514734029769896,18.34935188293457,0.0,5428.510400390625,0.3120715618133545,0.47834810614585876,5.3443352085351945,6.295236691957712,14.346278190612793,-3.8743019104003906e-07,1.2400263547897339,2.3067708015441895,5.779368877410889,0.170327827334404
312,jammer_beamformer,1.3201497495174408e-07,14.581317806243897,47.65026168823242,0.0,7817.01923828125,0.3709266185760498,0.45096901059150696,31.95355666527152,33.4835014926845,48.16986846923828,-1.3690441846847534e-07,1.5103812217712402,2.2648134231567383,14.39433765411377,0.8028435707092285
313,bs_beamformer,-8.87550413608551e-08,4.9026085376739506,48.71446914672852,0.0,13346.7560546875,0.34764716029167175,0.5167360305786133,22.525796172767876,23.368290896286087,40.50581741333008,8.940696716308594e-08,2.1064577102661133,1.8149142265319824,12.102675437927246,0.6559312343597412
313,uav_trajectory,-7.182825356721878e-08,3.72322940826416,18.34024257659912,0.0,4848.789868164063,0.3579481244087219,0.45269668102264404,2.285581422438224,3.0758557374709534,15.376657485961914,6.658956408500671e-08,1.4898545742034912,1.8201252222061157,5.793308258056641,0.1708482950925827
313,jammer_beamformer,3.2780226320028307e-07,14.251966381072998,47.63394737243652,0.0,11732.88935546875,0.34273695945739746,0.5212479829788208,13.241625265482813,18.072962601813906,47.490108489990234,-3.3155083656311035e-07,1.6592918634414673,1.9467946290969849,14.41610336303711,0.8039213418960571
314,bs_beamformer,1.7322599887847902e-08,3.5674304962158203,48.69607772827148,0.0,2394.2413330078125,0.3450664281845093,0.5061885118484497,27.49735850466788,27.669542931797025,40.35541915893555,-1.816079020500183e-08,1.7855170965194702,1.6599173545837402,12.126842498779297,0.6573638319969177
314,uav_trajectory,9.338837116956711e-08,3.289622163772583,18.33080177307129,0.0,5522.904150390625,0.346446692943573,0.4985068738460541,6.0575650160312655,6.840900195340296,15.166189193725586,-9.220093488693237e-08,1.469491958618164,1.950574517250061,5.806540012359619,0.17150965332984924
314,jammer_beamformer,-4.828907549381256e-08,8.064772081375121,47.61880378723144,0.0,4453.23466796875,0.3504570424556732,0.4634835422039032,33.76280901902914,34.78087794887188,47.69563293457031,4.98257577419281e-08,1.1463323831558228,2.765660524368286,14.436985969543457,0.8055105209350586
315,bs_beamformer,2.1029263734817506e-07,2.9300391912460326,48.66420402526855,0.0,1991.9994567871095,0.3644644618034363,0.4589651823043823,23.443650540858506,23.854242273821185,39.049659729003906,-2.1047890186309814e-07,1.6575008630752563,1.9261282682418823,12.162083625793457,0.6592812538146973
315,uav_trajectory,1.491047441959381e-07,4.330604791641235,18.32123146057129,0.0,5568.481005859375,0.32643747329711914,0.45147275924682617,2.7578570550677055,3.61081588817183,14.186458587646484,-1.4156103134155273e-07,1.819837212562561,2.337524175643921,5.821140766143799,0.17243412137031555
315,jammer_beamformer,-2.3352913558483124e-07,6.77701621055603,47.59506530761719,0.0,12209.56962890625,0.36270421743392944,0.4351229667663574,18.72477823430486,22.497258770507944,45.99627685546875,2.3283064365386963e-07,1.2266429662704468,1.8863197565078735,14.465972900390625,0.8072846531867981
316,bs_beamformer,-2.6584602892398833e-07,3.5216481685638428,48.61780967712402,0.0,7389.2775390625,0.3726333975791931,0.44685685634613037,27.16104176961258,27.366184130458347,40.37422561645508,2.6496127247810364e-07,1.8814356327056885,1.5149775743484497,12.22153377532959,0.6625538468360901
316,uav_trajectory,-1.2656673789024354e-07,3.323701047897339,18.31347026824951,0.0,4566.4671875,0.34939345717430115,0.47356274724006653,4.9991215802232425,5.817819444806476,12.904513359069824,1.234002411365509e-07,1.5232768058776855,1.8128246068954468,5.833575248718262,0.17296192049980164
316,jammer_beamformer,3.227032721042633e-08,7.378417110443115,47.57179260253906,0.0,7477.302685546875,0.3256077170372009,0.44154125452041626,27.80294860768318,30.906186964382623,49.24964141845703,-3.4458935260772705e-08,1.5825755596160889,1.8565419912338257,14.499247550964355,0.8087592124938965
317,bs_beamformer,-1.4319084584712982e-07,3.4285502433776855,48.581468200683595,0.0,2933.1837890625,0.38071227073669434,0.4501761794090271,26.309471701212228,26.406499513441407,40.31337356567383,1.4994293451309204e-07,1.8646968603134155,1.9120811223983765,12.27280330657959,0.6654089093208313
317,uav_trajectory,6.402842700481415e-09,4.4297253608703615,18.304523086547853,0.0,5722.442724609375,0.34768396615982056,0.44439569115638733,2.7604671384940547,3.828025575570382,18.116867065429688,-6.51925802230835e-09,1.7766878604888916,1.4510159492492676,5.845666885375977,0.17301075160503387
317,jammer_beamformer,2.5578774511814115e-07,6.712078428268432,47.547909545898435,0.0,4272.91435546875,0.3011249303817749,0.44405367970466614,17.960504601240157,22.707459407824214,47.623619079589844,-2.547167241573334e-07,1.5965451002120972,1.6961264610290527,14.533695220947266,0.8103014230728149
318,bs_beamformer,6.634509190917015e-08,3.804201912879944,48.53952560424805,0.0,1923.5288818359375,0.3719940185546875,0.4731907248497009,29.136072170555593,28.910548580038654,41.10350036621094,-6.612390279769897e-08,1.9733909368515015,2.0567009449005127,12.328300476074219,0.6684800386428833
318,uav_trajectory,2.8400681912899016e-07,3.7436821460723877,18.295649147033693,0.0,6354.999853515625,0.3536321520805359,0.45625972747802734,7.376552118023237,8.09335779620929,15.655927658081055,-2.8312206268310547e-07,1.714329481124878,1.6733163595199585,5.8590617179870605,0.17344316840171814
318,jammer_beamformer,-2.411426976323128e-07,11.07283124923706,47.51876983642578,0.0,2692.1802978515625,0.3886202871799469,0.4721843898296356,34.51467483371496,35.43283839063654,48.63526153564453,2.416782081127167e-07,1.7174931764602661,1.9170565605163574,14.57180404663086,0.8114592432975769
319,bs_beamformer,-1.7425045371055602e-07,2.9347260713577272,48.479244995117185,0.0,2489.200537109375,0.3616011440753937,0.4712764620780945,29.164943808093668,28.96777435265122,41.60734558105469,1.7043203115463257e-07,1.69490385055542,2.184871196746826,12.400274276733398,0.6725159287452698
319,uav_trajectory,-9.303912520408631e-08,5.513205432891846,18.287372016906737,0.0,6549.651123046875,0.32379671931266785,0.5296717286109924,9.93219247764349,10.802872954847212,18.482234954833984,9.033828973770142e-08,2.1033365726470947,2.132277727127075,5.871777057647705,0.17404623329639435
319,jammer_beamformer,-7.199123501777649e-08,13.173724460601807,47.48976135253906,0.0,8672.78984375,0.40609830617904663,0.5362063050270081,34.56677863585949,35.51708877615647,49.49686813354492,7.078051567077637e-08,1.8645217418670654,1.8735336065292358,14.625195503234863,0.8134061098098755
320,bs_beamformer,-1.4388933777809142e-08,3.5739068031311034,48.41442375183105,0.0,4261.7366943359375,0.3449840247631073,0.4921179711818695,29.65049496281147,29.389672838949938,42.32832336425781,1.1175870895385742e-08,1.7392420768737793,2.085916042327881,12.491671562194824,0.6777528524398804
320,uav_trajectory,-2.6710331439971925e-07,3.9122888326644896,18.279595184326173,0.0,6876.034912109375,0.2849304676055908,0.5288271307945251,8.175867669026056,9.480307632101631,19.527942657470703,2.6728957891464233e-07,1.6576265096664429,2.266516923904419,5.883168697357178,0.17458674311637878
320,jammer_beamformer,1.7101410776376724e-07,10.792450523376464,47.469086456298825,0.0,5558.211181640625,0.3508860468864441,0.49188345670700073,33.460534429460765,34.40117934312477,48.8751220703125,-1.695007085800171e-07,1.8173366785049438,1.78066885471344,14.661593437194824,0.8148993253707886
321,bs_beamformer,-1.6693957149982452e-07,5.5605127811431885,48.36747169494629,0.0,14195.84951171875,0.3243992328643799,0.5447974801063538,29.63088095236011,29.45603026987569,42.04430389404297,1.6391277313232422e-07,2.099461555480957,1.8014962673187256,12.572285652160645,0.6823589205741882
321,uav_trajectory,-1.8626451492309571e-10,3.309442234039307,18.27292652130127,0.0,7307.5482421875,0.34183287620544434,0.44978195428848267,8.177119616349538,9.13019114243218,18.37845230102539,-1.862645149230957e-09,1.4499914646148682,2.251443862915039,5.893021583557129,0.17515525221824646
321,jammer_beamformer,-1.1664815247058868e-07,16.6939395904541,47.4490047454834,0.0,24772.746875,0.39715322852134705,0.49087637662887573,32.79068446025252,33.802119643529245,48.08541488647461,1.210719347000122e-07,1.6732509136199951,1.9324398040771484,14.69345760345459,0.8153637647628784
322,bs_beamformer,1.4223624020814895e-07,3.6615321397781373,48.33986320495605,0.0,5811.856506347656,0.3480812609195709,0.46597105264663696,29.76666496104002,29.53440787226132,42.20247268676758,-1.4621764421463013e-07,1.811347484588623,2.2296714782714844,12.615701675415039,0.684809148311615
322,uav_trajectory,6.696209311485291e-08,3.091275358200073,18.266158676147462,0.0,4728.829296875,0.33076566457748413,0.47435200214385986,9.444265934775274,10.147732780029568,17.088315963745117,-6.658956408500671e-08,1.4470561742782593,2.454602003097534,5.901615619659424,0.17554506659507751
322,jammer_beamformer,-1.8314458429813386e-07,14.64687671661377,47.43674011230469,0.0,13040.499609375,0.3114873766899109,0.5047414302825928,28.86766987299919,30.256551699092007,49.147789001464844,1.8067657947540283e-07,1.774861216545105,1.9072054624557495,14.715644836425781,0.8157735466957092
323,bs_beamformer,4.027038812637329e-07,3.572547674179077,48.29991607666015,0.0,1928.9123779296874,0.30020540952682495,0.5078135132789612,29.393164966508746,29.330400761317055,42.51994705200195,-4.023313522338867e-07,1.4230973720550537,2.048273801803589,12.661057472229004,0.6873167157173157
323,uav_trajectory,6.314367055892944e-08,3.8882714986801146,18.25767707824707,0.0,6098.440380859375,0.29294800758361816,0.4812120795249939,9.473236827731132,11.091397983405537,22.668739318847656,-6.426125764846802e-08,1.6397602558135986,2.040097951889038,5.913315296173096,0.1762191355228424
323,jammer_beamformer,-1.4784745872020721e-07,8.245916652679444,47.42052230834961,0.0,3021.0415771484377,0.3012740910053253,0.47904661297798157,34.30018546056748,35.02362278051026,48.731361389160156,1.4761462807655334e-07,1.5036354064941406,2.336165189743042,14.734025001525879,0.817266047000885
324,bs_beamformer,8.423812687397003e-08,5.468135595321655,48.25057487487793,0.0,2633.1645629882814,0.284645140171051,0.4955461919307709,29.92444754204154,29.736423620162594,43.074039459228516,-8.335337042808533e-08,1.7258890867233276,2.1122448444366455,12.7326021194458,0.6912996172904968
324,uav_trajectory,-4.0046870708465575e-09,3.6181925535202026,18.247287559509278,0.0,7790.2900390625,0.25898322463035583,0.46655017137527466,9.060823358972867,11.29786709684161,28.29155158996582,8.381903171539307e-09,1.5942158699035645,1.797907829284668,5.92802619934082,0.1772671788930893
324,jammer_beamformer,-4.814937710762024e-08,9.020775508880615,47.39067611694336,0.0,7483.899365234375,0.3028157949447632,0.544643223285675,34.64265227931738,35.585038443797025,48.465476989746094,5.029141902923584e-08,1.9685620069503784,2.442842960357666,14.77386474609375,0.8203102946281433
325,bs_beamformer,-6.146728992462158e-09,6.304124021530152,48.20497131347656,0.0,21357.6603515625,0.34258273243904114,0.5750474333763123,29.79265726171434,29.728532244363848,42.64680480957031,5.587935447692871e-09,2.4734950065612793,1.687748670578003,12.808670997619629,0.6954256296157837
325,uav_trajectory,-5.634501576423645e-08,1.967197346687317,18.237277221679687,0.0,7727.06923828125,0.2736237049102783,0.5175976753234863,6.246410272161166,7.7712048399928175,21.365558624267578,5.681067705154419e-08,1.0933654308319092,2.5343990325927734,5.943623065948486,0.1783425509929657
325,jammer_beamformer,-1.4007091522216797e-07,11.135890102386474,47.357500076293945,0.0,3718.82265625,0.3343028724193573,0.5160194039344788,29.893551796644925,32.32026425963341,49.37940216064453,1.3923272490501404e-07,1.7392315864562988,2.254711389541626,14.821385383605957,0.8231006860733032
326,bs_beamformer,8.67992639541626e-08,4.03439314365387,48.17415924072266,0.0,2839.06611328125,0.32890838384628296,0.5767337679862976,30.30618615973182,30.082461099005325,43.22920608520508,-8.707866072654724e-08,1.8558024168014526,2.422226667404175,12.85976505279541,0.6981936097145081
326,uav_trajectory,-9.918585419654846e-08,2.998661684989929,18.22823314666748,0.0,5390.58623046875,0.2738897204399109,0.5785653591156006,12.50093489487966,12.15371020281355,26.862001419067383,9.685754776000977e-08,1.5923513174057007,1.8407740592956543,5.957228660583496,0.1792365312576294
326,jammer_beamformer,-3.7448480725288393e-07,13.091432762145995,47.3121997833252,0.0,3872.966650390625,0.3529665768146515,0.46937114000320435,34.47115622723103,35.16235731343882,48.3005256652832,3.781169652938843e-07,1.3131728172302246,2.015780448913574,14.881756782531738,0.8260617852210999
327,bs_beamformer,-1.6856938600540162e-08,7.830469846725464,48.14168167114258,0.0,46714.865625,0.23781651258468628,0.5290543437004089,30.573650299940258,30.336954572734257,43.524444580078125,2.0954757928848267e-08,1.5758644342422485,2.2488880157470703,12.907758712768555,0.7009761333465576
327,uav_trajectory,4.488974809646607e-08,2.5873632192611695,18.219704627990723,0.0,10019.2388671875,0.3058454692363739,0.5058138966560364,15.384583911101023,14.97933716306121,27.381752014160156,-5.122274160385132e-08,1.4123870134353638,1.610668659210205,5.971131324768066,0.18003220856189728
327,jammer_beamformer,-7.725320756435395e-08,13.651003360748291,47.27344970703125,0.0,10760.087353515624,0.32785141468048096,0.5182985067367554,34.539905121445656,35.23110161155393,47.72161102294922,7.82310962677002e-08,1.6079367399215698,1.9767662286758423,14.951772689819336,0.8300064206123352
328,bs_beamformer,-6.742775440216065e-08,2.666763162612915,48.12104873657226,0.0,3045.2794799804688,0.37015753984451294,0.5162214636802673,30.64896570776403,30.392033909747454,43.093624114990234,6.705522537231445e-08,1.6193821430206299,2.135632038116455,12.943148612976074,0.7029997110366821
328,uav_trajectory,-2.7492642402648925e-07,3.2880026578903196,18.211766052246094,0.0,6538.49677734375,0.3372929096221924,0.48481884598731995,18.877211564143497,18.491321642724078,30.04437828063965,2.728775143623352e-07,1.5935474634170532,2.362722635269165,5.983872890472412,0.18068209290504456
328,jammer_beamformer,4.659406840801239e-07,14.01793851852417,47.24679946899414,0.0,15937.57568359375,0.2981361746788025,0.5008437037467957,33.38696798229218,34.16359125522952,47.088172912597656,-4.6100467443466187e-07,1.2119451761245728,3.0264389514923096,15.000020980834961,0.8328681588172913
329,bs_beamformer,-3.343448042869568e-08,5.81350417137146,48.099112319946286,0.0,20770.7220703125,0.27027061581611633,0.614673376083374,30.86264210204035,30.572308288409655,43.36595916748047,3.166496753692627e-08,1.7020723819732666,2.0527565479278564,12.974893569946289,0.7047727108001709
329,uav_trajectory,1.7406418919563294e-07,3.5676025390625,18.20083694458008,0.0,6902.8025390625,0.2673686444759369,0.5608918070793152,18.298437356154125,17.972919267972348,28.9128475189209,-1.7229467630386353e-07,1.6520907878875732,2.073180913925171,5.998194217681885,0.18142113089561462
329,jammer_beamformer,-1.8123537302017211e-07,14.36727590560913,47.22956886291504,0.0,54177.404296875,0.2901763617992401,0.496421217918396,30.583494715332986,31.3543650690241,46.12748336791992,1.825392246246338e-07,1.8713361024856567,2.0936882495880127,15.032180786132812,0.8346875309944153
330,bs_beamformer,5.9511512517929076e-08,5.342399168014526,48.085248184204104,0.0,28025.55419921875,0.2940242886543274,0.4964843988418579,30.852861791417002,30.60581725577633,44.1386833190918,-5.494803190231323e-08,1.8748832941055298,1.5738284587860107,13.002842903137207,0.7063168287277222
330,uav_trajectory,-9.262003004550934e-08,2.3380149602890015,18.18772373199463,0.0,8996.202490234375,0.30546441674232483,0.4880138635635376,18.991497243007025,18.652907115124037,29.747194290161133,9.406358003616333e-08,1.3214930295944214,2.073776960372925,6.01774263381958,0.1824641078710556
330,jammer_beamformer,2.1094456315040588e-07,12.552077960968017,47.21861038208008,0.0,5447.927783203125,0.2822059094905853,0.4695226848125458,30.212089505553244,31.02461840429173,44.617462158203125,-2.086162567138672e-07,1.3548754453659058,2.39703369140625,15.049055099487305,0.8358684778213501
331,bs_beamformer,-1.7033889889717103e-07,6.876742839813232,48.07356834411621,0.0,7831.960400390625,0.24080973863601685,0.5978580713272095,30.63181715182215,30.430121891362283,43.385135650634766,1.6391277313232422e-07,1.5767637491226196,2.624392032623291,13.017447471618652,0.7071018815040588
331,uav_trajectory,-1.9669532775878905e-07,3.5926729917526243,18.17725372314453,0.0,5779.81279296875,0.3206821382045746,0.5072199702262878,20.14492198431492,19.796460672838343,31.378576278686523,1.955777406692505e-07,1.5827016830444336,2.0644819736480713,6.035372734069824,0.1834002435207367
331,jammer_beamformer,-4.277098923921585e-08,12.077648830413818,47.20042533874512,0.0,7433.771923828125,0.30717965960502625,0.5141992568969727,31.964705575168132,32.80112679987122,47.39791488647461,4.0978193283081055e-08,1.5510746240615845,2.1633458137512207,15.071974754333496,0.8372906446456909
332,bs_beamformer,-1.5776604413986207e-07,5.113621473312378,48.052171325683595,0.0,26296.7046875,0.30141890048980713,0.5111678242683411,30.326016611278057,30.266191079285335,43.45762634277344,1.564621925354004e-07,1.9385355710983276,1.9579750299453735,13.044852256774902,0.7086237668991089
332,uav_trajectory,-1.4584511518478393e-07,4.388056898117066,18.167147827148437,0.0,6208.365771484375,0.26445284485816956,0.5336105227470398,20.425465976635614,20.039970329530586,32.204002380371094,1.434236764907837e-07,2.0989959239959717,1.9145961999893188,6.049371719360352,0.18414472043514252
332,jammer_beamformer,-1.3969838619232178e-08,15.611955261230468,47.18074760437012,0.0,10798.6591796875,0.32959187030792236,0.49910005927085876,34.012724843382834,34.74105443224919,48.276397705078125,9.313225746154785e-09,1.622071385383606,2.1833033561706543,15.103527069091797,0.8390068411827087
333,bs_beamformer,-2.3487955331802367e-07,6.2633302211761475,48.02890167236328,0.0,2379.87646484375,0.27075210213661194,0.5774025321006775,30.663188395086674,30.50704545777749,43.82246780395508,2.3562461137771606e-07,1.5807124376296997,1.9867994785308838,13.070161819458008,0.7100864052772522
333,uav_trajectory,-7.82310962677002e-09,2.735009527206421,18.151226043701172,0.0,5366.181494140625,0.2881218194961548,0.5090472102165222,20.287582120339074,19.955277991677452,31.743289947509766,1.1175870895385742e-08,1.3932626247406006,2.2209622859954834,6.069140911102295,0.18515262007713318
333,jammer_beamformer,-2.7148053050041197e-08,11.258937644958497,47.16276092529297,0.0,7221.3333984375,0.33679503202438354,0.4930189549922943,35.34782780194283,36.021743591958284,49.11185836791992,1.955777406692505e-08,1.5593059062957764,1.961382269859314,15.130910873413086,0.8403213024139404
334,bs_beamformer,-1.3988465070724486e-07,6.483756017684937,47.986227416992186,0.0,12493.0044921875,0.25601625442504883,0.5905450582504272,30.59196186096221,30.51002638908524,43.54922866821289,1.4156103134155273e-07,1.7251958847045898,1.8301870822906494,13.120909690856934,0.713037371635437
334,uav_trajectory,-3.1869858503341674e-07,3.475752091407776,18.13210792541504,0.0,6524.98271484375,0.3726320266723633,0.4970974624156952,20.284517459770044,20.00398188964371,31.945842742919922,3.213062882423401e-07,1.3309977054595947,2.1200828552246094,6.097518444061279,0.1866380125284195
334,jammer_beamformer,-1.1594966053962707e-08,15.660016345977784,47.143286514282224,0.0,14278.851953125,0.3645046055316925,0.5210659503936768,35.76695427364111,36.485141335159,50.435455322265625,1.5832483768463135e-08,1.6885452270507812,2.619264602661133,15.160053253173828,0.8418800830841064
335,bs_beamformer,-5.029141902923584e-09,3.8567625284194946,47.94945030212402,0.0,2750.657470703125,0.31094229221343994,0.5179970860481262,30.96670281793736,30.7660920726505,43.739078521728516,9.778887033462524e-09,1.6696159839630127,2.2811875343322754,13.17078971862793,0.7159495949745178
335,uav_trajectory,3.234017640352249e-08,3.8167767763137816,18.117932510375976,0.0,8112.230517578125,0.2834218144416809,0.5931720733642578,20.276365068038306,20.070486770129165,32.26927185058594,-2.7939677238464355e-08,1.8428858518600464,2.4769952297210693,6.122596263885498,0.1880064159631729
335,jammer_beamformer,2.0675361156463622e-08,16.093227291107176,47.12601585388184,0.0,4557.7376953125,0.2578904926776886,0.5432370901107788,35.26365308272839,35.9607003047216,49.81099319458008,-2.0489096641540527e-08,1.878637433052063,2.04744029045105,15.183886528015137,0.8432267904281616
336,bs_beamformer,1.9008293747901916e-07,4.271369171142578,47.90134620666504,0.0,2674.3241455078123,0.30224552750587463,0.5770275592803955,31.103949919864537,30.93960510280059,44.48643493652344,-1.9371509552001953e-07,1.6915992498397827,2.3064980506896973,13.235973358154297,0.7196700572967529
336,uav_trajectory,-1.7974525690078736e-08,3.1918039083480836,18.106435585021973,0.0,12924.09296875,0.3100964426994324,0.5073758363723755,20.75845804210504,20.481541422234713,32.52287673950195,2.3283064365386963e-08,1.52083420753479,2.789100170135498,6.143304824829102,0.18914304673671722
336,jammer_beamformer,8.516944944858551e-08,10.882252216339111,47.10556182861328,0.0,31371.5044921875,0.3274300694465637,0.529531717300415,35.14675751686096,35.80005343684768,49.173851013183594,-7.729977369308472e-08,1.2981033325195312,2.9274070262908936,15.217659950256348,0.8457169532775879
337,bs_beamformer,2.1886080503463745e-08,6.153497123718262,47.8613883972168,0.0,22475.90703125,0.28233471512794495,0.5245396494865417,31.34047078499198,31.14087610928794,44.691097259521484,-2.1420419216156006e-08,1.9556381702423096,2.237151861190796,13.306544303894043,0.7237697243690491
337,uav_trajectory,3.248685970902443e-07,3.360729694366455,18.096397399902344,0.0,5617.14814453125,0.3017445504665375,0.5496208071708679,20.800293661117554,20.54437214864713,32.575218200683594,-3.3155083656311035e-07,1.5735713243484497,2.2548675537109375,6.1589274406433105,0.1899528205394745
337,jammer_beamformer,3.3527612686157227e-08,12.093633651733398,47.092019653320314,0.0,11532.02998046875,0.24752157926559448,0.49677976965904236,34.35046243065596,35.13014673744409,48.94858932495117,-3.166496753692627e-08,1.6621602773666382,1.9966328144073486,15.242181777954102,0.847671389579773
338,bs_beamformer,-4.9988739192485807e-08,4.898797225952149,47.839708709716795,0.0,27421.4482421875,0.25728484988212585,0.5721058249473572,31.448849520772697,31.273814612746655,44.60599136352539,5.4016709327697754e-08,1.3922396898269653,2.2345077991485596,13.349963188171387,0.7263706922531128
338,uav_trajectory,3.39653342962265e-07,2.711251473426819,18.083876419067384,0.0,7455.542138671875,0.30180782079696655,0.5262609720230103,20.35369991945227,20.14201866685033,32.681827545166016,-3.3993273973464966e-07,1.2962512969970703,2.754136562347412,6.176786422729492,0.1908321976661682
338,jammer_beamformer,-1.0021030902862548e-07,12.839229297637939,47.07129821777344,0.0,9827.1560546875,0.27304428815841675,0.5290259122848511,32.977242002665996,33.898080797379095,48.689727783203125,1.0151416063308716e-07,1.760291576385498,2.3336808681488037,15.268417358398438,0.8491233587265015
339,bs_beamformer,-2.1979212760925293e-07,4.884534454345703,47.82748718261719,0.0,19338.425390625,0.2722935974597931,0.5086591243743896,31.47770209468901,31.215138225117805,44.70021057128906,2.1792948246002197e-07,1.6162785291671753,2.200312852859497,13.371957778930664,0.7276729345321655
339,uav_trajectory,-1.2784730643033982e-07,3.8336756944656374,18.070716285705565,0.0,5303.637963867188,0.28274789452552795,0.4832066297531128,19.047711640238763,19.531030365099944,32.31352996826172,1.2945383787155151e-07,1.680461049079895,2.127919912338257,6.1969075202941895,0.19188427925109863
339,jammer_beamformer,-1.8766149878501892e-07,12.062519836425782,47.04836883544922,0.0,6547.041162109375,0.29648035764694214,0.5681524276733398,31.961406840384008,33.34559237711923,48.46424865722656,1.885928213596344e-07,2.0804250240325928,1.5265016555786133,15.298721313476562,0.8508173823356628
340,bs_beamformer,5.0535891205072406e-08,3.3535145998001097,47.81309013366699,0.0,5591.53916015625,0.3130565285682678,0.5370469689369202,31.242066999405623,31.182838838843814,45.78504943847656,-5.122274160385132e-08,1.545488953590393,2.1991541385650635,13.3871488571167,0.7285287380218506
340,uav_trajectory,6.933696568012238e-08,3.8626794815063477,18.05352210998535,0.0,6543.673095703125,0.2340783029794693,0.5706729292869568,20.90652070907752,20.68485952702685,33.154022216796875,-6.332993507385254e-08,1.6423453092575073,2.0701675415039062,6.221871852874756,0.19331394135951996
340,jammer_beamformer,1.4062970876693725e-08,14.568483543395995,47.0200611114502,0.0,19483.6013671875,0.23088985681533813,0.5091648101806641,34.52427415001392,35.43916833053655,49.46929931640625,-1.0244548320770264e-08,1.9866961240768433,2.0650572776794434,15.341019630432129,0.8530163168907166
341,bs_beamformer,-8.270144462585449e-08,5.338908100128174,47.791041946411134,0.0,15391.73212890625,0.26887455582618713,0.5262992978096008,31.119752053737642,31.07856638733423,45.22085189819336,8.242204785346985e-08,1.6007899045944214,1.8825514316558838,13.420660018920898,0.7304854989051819
341,uav_trajectory,-3.795139491558075e-08,3.111077880859375,18.034940910339355,0.0,9401.201953125,0.2948719263076782,0.5245989561080933,20.95562642679612,20.942009071862103,34.045875549316406,4.0978193283081055e-08,1.5876264572143555,1.9039932489395142,6.25296688079834,0.19508758187294006
341,jammer_beamformer,-4.405155777931213e-08,11.009082984924316,47.000090789794925,0.0,15707.186181640625,0.3192863166332245,0.48724713921546936,34.11518896752596,35.329436013203114,49.61286163330078,4.377216100692749e-08,1.2718652486801147,1.956951379776001,15.377285957336426,0.854971170425415
342,bs_beamformer,-6.486661732196808e-08,11.70550889968872,47.772024917602536,0.0,4598.691235351563,0.22234584391117096,0.6234849691390991,31.526402412176132,31.42104817246608,44.80415344238281,6.356276571750641e-08,2.1995794773101807,2.462095260620117,13.448319435119629,0.7321370840072632
342,uav_trajectory,-6.021000444889069e-08,3.4440113306045532,18.019913291931154,0.0,7543.852685546875,0.29443132877349854,0.5490326285362244,21.696889932513237,21.403699940809172,34.732967376708984,5.774199962615967e-08,1.6022077798843384,2.0651979446411133,6.280020713806152,0.1965460479259491
342,jammer_beamformer,4.475004971027374e-08,10.438479614257812,46.98539352416992,0.0,12487.48271484375,0.2573555111885071,0.5666327476501465,36.290018727600575,37.11046041613102,51.52668380737305,-4.842877388000488e-08,1.4359098672866821,2.343418598175049,15.400796890258789,0.8563085198402405
343,bs_beamformer,1.5697441995143891e-07,7.503948307037353,47.748674392700195,0.0,10207.548828125,0.250041663646698,0.6149261593818665,31.890805616863073,31.66595634201101,45.79134750366211,-1.555308699607849e-07,1.7534433603286743,2.1841776371002197,13.481532096862793,0.7340587973594666
343,uav_trajectory,-4.32133674621582e-08,3.137598490715027,18.003004455566405,0.0,4969.03447265625,0.33316317200660706,0.5251756906509399,21.72607940896352,21.49800789057908,34.97232437133789,5.029141902923584e-08,1.592947006225586,1.8805696964263916,6.303232669830322,0.19778376817703247
343,jammer_beamformer,-1.3457611203193665e-07,9.043096923828125,46.96762351989746,0.0,6971.683447265625,0.2646801471710205,0.5241681933403015,36.95658647412062,37.737378679168366,50.95823669433594,1.3597309589385986e-07,1.2577855587005615,2.4398677349090576,15.424166679382324,0.8580465316772461
344,bs_beamformer,-4.8475340008735654e-08,11.410491466522217,47.73143119812012,0.0,23863.649609375,0.21878032386302948,0.6506499648094177,31.920631796121597,31.679640416523164,45.390804290771484,4.470348358154297e-08,2.308669328689575,2.414707660675049,13.511771202087402,0.7357208132743835
344,uav_trajectory,2.076849341392517e-08,3.249431610107422,17.98217639923096,0.0,4939.1031494140625,0.31907665729522705,0.5291178822517395,22.177509786049526,21.815977304248868,35.83439636230469,-2.1886080503463745e-08,1.4208179712295532,2.5468173027038574,6.335886478424072,0.19957400858402252
344,jammer_beamformer,6.528571248054504e-08,12.653050708770753,46.94271965026856,0.0,32074.8353515625,0.17948129773139954,0.5459846258163452,37.178566337928174,37.903561495198836,51.88645935058594,-6.146728992462158e-08,1.3018417358398438,2.4766790866851807,15.460748672485352,0.8608596324920654
345,bs_beamformer,3.2698735594749453e-07,4.032135248184204,47.721665954589845,0.0,24098.187890625,0.29137012362480164,0.5580429434776306,31.589759274087847,31.50665033777642,45.31589889526367,-3.1944364309310913e-07,1.5483587980270386,2.244551658630371,13.530104637145996,0.736696183681488
345,uav_trajectory,-2.0312145352363586e-07,3.9330347537994386,17.966166496276855,0.0,6753.71279296875,0.27424198389053345,0.579298734664917,22.002207274595897,21.744391381958433,34.52271270751953,2.039596438407898e-07,1.542016863822937,2.418369770050049,6.367622375488281,0.2012571543455124
345,jammer_beamformer,2.0209699869155883e-08,13.558855438232422,46.925119400024414,0.0,10394.533642578124,0.2592712640762329,0.520885169506073,36.830398522311825,37.66429713072748,50.72941589355469,-1.955777406692505e-08,2.4624106884002686,1.7439568042755127,15.490747451782227,0.8629733324050903
346,bs_beamformer,1.7182901501655578e-08,8.753904247283936,47.70851554870605,0.0,3195.977734375,0.2245033234357834,0.5562869310379028,31.321064245387912,31.383381046286242,45.486854553222656,-2.0489096641540527e-08,1.6173686981201172,2.1214075088500977,13.541818618774414,0.7373502850532532
346,uav_trajectory,-1.941807568073273e-08,5.940890979766846,17.953407096862794,0.0,5916.5583984375,0.23309814929962158,0.5609373450279236,21.256696248362463,21.306821100160434,34.95869827270508,1.792795956134796e-08,1.7096898555755615,2.1880340576171875,6.391516208648682,0.20247310400009155
346,jammer_beamformer,1.6279518604278566e-07,10.216568088531494,46.90566291809082,0.0,5612.102978515625,0.23397038877010345,0.5456926822662354,36.173365988750014,37.08667051114501,50.792640686035156,-1.6344711184501648e-07,1.5653496980667114,2.1470589637756348,15.5177583694458,0.8649157285690308
347,bs_beamformer,-4.1350722312927245e-08,8.192137050628663,47.66707916259766,0.0,4836.534716796875,0.22420041263103485,0.5604190826416016,29.288768924366682,29.87652661707168,45.617210388183594,3.91155481338501e-08,1.682594895362854,2.1387712955474854,13.582275390625,0.7397562265396118
347,uav_trajectory,-3.4924596548080444e-08,10.361853981018067,17.940168571472167,0.0,5717.8712890625,0.1677839457988739,0.5743898749351501,16.013768753677606,18.28505985947067,34.03847122192383,2.9802322387695312e-08,1.8200401067733765,2.2833411693573,6.415399551391602,0.2037433385848999
347,jammer_beamformer,7.012858986854553e-08,7.912331390380859,46.883792114257815,0.0,12927.14453125,0.2888513505458832,0.5460361242294312,26.41478386660665,31.03333414518427,50.857276916503906,-6.938353180885315e-08,1.8436843156814575,2.327967882156372,15.552573204040527,0.8678878545761108
348,bs_beamformer,-1.0663643479347228e-08,4.583811521530151,47.61436653137207,0.0,3125.8179321289062,0.26702991127967834,0.5265612006187439,30.793295261010527,31.18473239319343,45.32063674926758,9.313225746154785e-09,1.4566733837127686,2.358743190765381,13.659305572509766,0.7443726062774658
348,uav_trajectory,-6.295740604400634e-08,6.4569411277771,17.92595386505127,0.0,9267.8,0.21944594383239746,0.6183483600616455,20.337185817867518,20.650370340081725,35.011985778808594,6.51925802230835e-08,1.287042260169983,2.6807198524475098,6.442004680633545,0.2053457796573639
348,jammer_beamformer,-3.1688250601291655e-08,7.939363813400268,46.852443313598634,0.0,5719.209423828125,0.2655642032623291,0.5330172777175903,36.57317334398627,37.54589688326106,51.56192398071289,3.3527612686157227e-08,1.6103463172912598,1.9976089000701904,15.593827247619629,0.8710182905197144
349,bs_beamformer,1.6489066183567048e-07,6.621921634674072,47.555773162841795,0.0,10726.376171875,0.23229636251926422,0.5315772891044617,31.907503738055006,31.88618300654069,45.342872619628906,-1.685693860054016e-07,1.4336552619934082,2.275310516357422,13.744853973388672,0.7494558691978455
349,uav_trajectory,3.1176023185253145e-08,4.521966218948364,17.91012649536133,0.0,5782.26181640625,0.23121526837348938,0.5233430862426758,21.80897090647618,21.82137932729994,35.78709411621094,-2.9802322387695312e-08,1.447992205619812,2.901355743408203,6.468952655792236,0.20697522163391113
349,jammer_beamformer,6.50063157081604e-08,15.082243824005127,46.81772956848145,0.0,13067.39140625,0.17134952545166016,0.5787570476531982,37.43865079501271,38.214171298187885,51.97896194458008,-5.681067705154419e-08,1.9668744802474976,2.2624404430389404,15.647889137268066,0.8746238946914673
350,bs_beamformer,-3.4645199775695803e-08,4.460769414901733,47.512244033813474,0.0,8058.624462890625,0.2746756374835968,0.5466572642326355,32.19815509057976,32.137980767318304,46.431427001953125,2.8870999813079834e-08,1.6835218667984009,3.4036996364593506,13.817118644714355,0.7537030577659607
350,uav_trajectory,-2.277316525578499e-07,4.336556720733642,17.889059448242186,0.0,6867.4072265625,0.22421187162399292,0.5725827813148499,22.512974890669188,22.313281705233067,36.97687530517578,2.277083694934845e-07,1.1222721338272095,2.0927913188934326,6.501904010772705,0.20885396003723145
350,jammer_beamformer,-4.7776848077774045e-08,7.865661525726319,46.77888984680176,0.0,2431.90087890625,0.23587335646152496,0.5474194288253784,37.87382493492961,38.46973221651865,52.412845611572266,4.6100467443466187e-08,1.3569988012313843,2.070185899734497,15.692044258117676,0.8776436448097229
351,bs_beamformer,7.404014468193054e-09,11.418071365356445,47.482442474365236,0.0,8356.258984375,0.1954592615365982,0.6672465801239014,32.42713433727622,32.33613211042019,46.008331298828125,-9.313225746154785e-09,2.006132125854492,2.178788900375366,13.870321273803711,0.7567611336708069
351,uav_trajectory,2.6309862732887268e-08,6.382001161575317,17.866300201416017,0.0,7539.336279296875,0.21541659533977509,0.5501973032951355,22.368850853006045,22.284284675371936,36.25731658935547,-2.421438694000244e-08,1.5300403833389282,2.5798327922821045,6.540453910827637,0.2109738439321518
351,jammer_beamformer,8.149072527885437e-09,10.575187015533448,46.71604537963867,0.0,32932.6208984375,0.245835542678833,0.6014490723609924,37.7123156183064,38.55523334249549,52.47364807128906,-5.587935447692871e-09,2.0856690406799316,2.600832462310791,15.785924911499023,0.883083164691925
352,bs_beamformer,-2.866378054022789e-07,3.7912074089050294,47.463400268554686,0.0,20472.9751953125,0.2804759442806244,0.6033368706703186,32.19572359596379,32.193681287845784,46.19941711425781,2.896413207054138e-07,1.5191981792449951,1.7836329936981201,13.903092384338379,0.7586300373077393
352,uav_trajectory,-1.93924643099308e-07,5.950082302093506,17.84690761566162,0.0,7762.257373046875,0.2218317687511444,0.5492445826530457,21.841339181860288,22.17589808837526,36.53402328491211,1.9837170839309692e-07,1.6084372997283936,2.811447858810425,6.575821876525879,0.21294474601745605
352,jammer_beamformer,-1.278705894947052e-07,8.308039379119872,46.681268310546876,0.0,7864.214013671875,0.251863956451416,0.5452072024345398,36.92809906502068,38.05130822940946,52.09498977661133,1.30385160446167e-07,1.5686966180801392,2.0859177112579346,15.86019515991211,0.8872069120407104
353,bs_beamformer,2.191402018070221e-07,5.182385063171386,47.43876838684082,0.0,3887.1241943359373,0.27665847539901733,0.5839249491691589,32.26831161539256,32.281296870424505,46.825531005859375,-2.2584572434425354e-07,1.6210309267044067,2.208284616470337,13.925982475280762,0.7599256634712219
353,uav_trajectory,1.2759119272232056e-07,4.541368198394776,17.830131912231444,0.0,7163.335498046875,0.2679681181907654,0.5173472762107849,22.729131087124347,22.663497724525342,37.055931091308594,-1.2479722499847412e-07,1.6679933071136475,2.942291259765625,6.606476306915283,0.21466045081615448
353,jammer_beamformer,-7.337657734751701e-08,11.743562412261962,46.653730392456055,0.0,18734.6181640625,0.19120684266090393,0.5416821837425232,37.44122752332687,38.26942766591629,51.6253547668457,7.404014468193054e-08,1.588451862335205,2.398876667022705,15.90378475189209,0.8894616365432739
354,bs_beamformer,9.19681042432785e-08,6.6215136528015135,47.39457206726074,0.0,3967.77607421875,0.22617670893669128,0.5432664155960083,32.07139783152938,32.15253976606673,46.92023849487305,-9.173527359962463e-08,1.4232395887374878,2.3812880516052246,13.98436164855957,0.7634048461914062
354,uav_trajectory,-2.176966518163681e-08,7.178280162811279,17.81565055847168,0.0,6598.9169921875,0.20373818278312683,0.5339152812957764,22.365974282979966,22.59294882649847,37.500892639160156,2.2351741790771484e-08,1.5011121034622192,2.1658177375793457,6.634411811828613,0.21622203290462494
354,jammer_beamformer,-2.0712614059448243e-07,7.852526569366455,46.63532829284668,0.0,11963.27197265625,0.2614012658596039,0.5578814744949341,37.39386580906808,38.3002586661649,52.0834846496582,2.1420419216156006e-07,1.5427148342132568,2.042414665222168,15.93896770477295,0.891463577747345
355,bs_beamformer,9.147915989160537e-08,3.8181230306625364,47.35761680603027,0.0,28782.1927734375,0.2858375310897827,0.5593249201774597,32.58573657841235,32.56904431341456,47.14605712890625,-8.940696716308594e-08,1.5945664644241333,1.6196198463439941,14.047065734863281,0.767029881477356
355,uav_trajectory,1.8882565200328827e-07,7.976288795471191,17.805573654174804,0.0,8472.33427734375,0.18232104182243347,0.5453298091888428,23.344174404700595,23.18342241710267,37.5400390625,-1.8998980522155762e-07,1.820999264717102,2.116002082824707,6.658072471618652,0.21765562891960144
355,jammer_beamformer,1.6968697309494017e-07,6.7019202709198,46.62257270812988,0.0,9902.67275390625,0.2793554663658142,0.5727686285972595,38.0622564637959,38.87051571975524,52.76229476928711,-1.6437843441963196e-07,1.4774874448776245,2.1047110557556152,15.961688041687012,0.8926660418510437
356,bs_beamformer,8.728820830583572e-08,12.30723295211792,47.33278541564941,0.0,6098.101513671875,0.1968565583229065,0.6132264137268066,32.682801760233936,32.62067070150692,47.09065628051758,-8.800998330116272e-08,2.322324752807617,2.2500221729278564,14.085472106933594,0.7691671252250671
356,uav_trajectory,-1.0617077350616455e-07,3.982424831390381,17.797467041015626,0.0,8172.682275390625,0.22782596945762634,0.5621253252029419,23.572606479456027,23.33499696854036,37.810302734375,1.103617250919342e-07,1.4323898553848267,1.8654115200042725,6.6745924949646,0.2186587005853653
356,jammer_beamformer,6.330665200948715e-08,7.598087882995605,46.61116600036621,0.0,18548.242578125,0.24651670455932617,0.5864048004150391,38.24877557370067,39.0031390610076,53.22430419921875,-6.472691893577576e-08,1.6991854906082153,2.539724588394165,15.980462074279785,0.8937145471572876
357,bs_beamformer,2.0558945834636688e-08,14.249976921081544,47.291021728515624,0.0,2317.0300537109374,0.15744386613368988,0.6772922873497009,32.849082031801345,32.79552623143536,47.187416076660156,-2.1187588572502136e-08,1.8901317119598389,2.3744993209838867,14.128358840942383,0.7716650366783142
357,uav_trajectory,-4.1583552956581114e-08,5.062543153762817,17.786944007873537,0.0,5320.83408203125,0.21240615844726562,0.5009665489196777,23.675325408061344,23.424978555779045,38.54621124267578,3.818422555923462e-08,1.327991008758545,2.4447743892669678,6.691903591156006,0.21961408853530884
357,jammer_beamformer,3.604218363761902e-08,11.018392753601074,46.59423179626465,0.0,6683.94130859375,0.19869601726531982,0.5683470964431763,38.40196649965644,39.02032190730005,52.35738754272461,-3.958120942115784e-08,2.042389154434204,2.3007020950317383,15.999449729919434,0.8947985768318176
358,bs_beamformer,1.0950025171041489e-07,6.426624870300293,47.22758674621582,0.0,9946.07197265625,0.24261422455310822,0.6073907613754272,32.88364547409862,32.88667450147407,46.98590087890625,-1.0803341865539551e-07,1.729899525642395,1.9265388250350952,14.215734481811523,0.7768720984458923
358,uav_trajectory,1.7881393432617187e-08,4.992008924484253,17.768238830566407,0.0,4788.63037109375,0.230154886841774,0.5766176581382751,23.542821690241496,23.342294542754182,38.1578369140625,-1.7229467630386353e-08,1.5084432363510132,2.0826199054718018,6.716719150543213,0.2209874391555786
358,jammer_beamformer,-1.8682330846786498e-07,8.920947933197022,46.567369079589845,0.0,8936.38564453125,0.21510273218154907,0.5316756963729858,37.96475636003912,38.81858585523444,52.647396087646484,1.8812716007232666e-07,1.0923783779144287,2.417937994003296,16.03753089904785,0.8966949582099915
359,bs_beamformer,1.0640360414981842e-07,7.403836727142334,47.188316345214844,0.0,16494.217504882814,0.22046081721782684,0.5153986215591431,33.24798339524493,33.18690322629511,47.293922424316406,-1.0803341865539551e-07,1.827057123184204,2.106520175933838,14.293367385864258,0.7815723419189453
359,uav_trajectory,-4.9942173063755035e-08,5.849428272247314,17.74273223876953,0.0,7882.751611328125,0.20469975471496582,0.5680524706840515,23.664685361862183,23.536321373308102,38.207828521728516,5.122274160385132e-08,1.5430327653884888,1.9896266460418701,6.759222507476807,0.22338467836380005
359,jammer_beamformer,9.504146873950958e-08,10.208944320678711,46.544821166992186,0.0,30893.5068359375,0.20005273818969727,0.5868837833404541,37.91498896950483,38.781785413763885,52.656795501708984,-9.173527359962463e-08,1.6568409204483032,2.2348384857177734,16.07792091369629,0.8990993499755859
360,bs_beamformer,3.958120942115784e-09,5.069386100769043,47.16340637207031,0.0,25036.67109375,0.24605411291122437,0.49756285548210144,33.64849846486747,33.45474970372387,47.49846267700195,-5.587935447692871e-09,1.6004838943481445,2.3195183277130127,14.334953308105469,0.7840952277183533
360,uav_trajectory,2.137385308742523e-08,10.353125095367432,17.720491790771483,0.0,5931.050048828125,0.12288267910480499,0.5984477996826172,23.62654665568471,23.600616180099937,38.64400863647461,-1.7695128917694092e-08,1.808395266532898,2.581763744354248,6.800215244293213,0.2257189303636551
360,jammer_beamformer,-1.62515789270401e-08,10.287028217315674,46.52334022521973,0.0,6045.485888671875,0.21756598353385925,0.5581004619598389,37.7839109171927,38.71346092951141,52.35735321044922,1.909211277961731e-08,1.8119096755981445,2.1233394145965576,16.108686447143555,0.9011320471763611
361,bs_beamformer,-4.461035132408142e-08,6.38121223449707,47.14330635070801,0.0,6170.128100585937,0.22412671148777008,0.49299055337905884,33.767092184066776,33.59488256592007,47.90525436401367,4.7031790018081665e-08,1.5214794874191284,2.451953411102295,14.366406440734863,0.7859079241752625
361,uav_trajectory,-9.862706065177918e-08,4.487872362136841,17.700000762939453,0.0,8770.854443359374,0.21589283645153046,0.5501137971878052,24.538348503887654,24.125300882802723,39.20131301879883,9.685754776000977e-08,1.4405688047409058,1.8665506839752197,6.839843273162842,0.22807660698890686
361,jammer_beamformer,1.993030309677124e-08,10.123563766479492,46.489623641967775,0.0,17541.57783203125,0.19858208298683167,0.6114264726638794,38.49050097231567,39.33838017141177,53.338226318359375,-2.0954757928848267e-08,1.5319212675094604,1.9670988321304321,16.154258728027344,0.9043951630592346
362,bs_beamformer,4.87547367811203e-08,6.0726926803588865,47.11181144714355,0.0,37373.2623046875,0.23220254480838776,0.5796310305595398,34.116920654445885,33.82490150720723,47.964927673339844,-4.0512531995773315e-08,1.5920759439468384,2.6866209506988525,14.405755043029785,0.788194477558136
362,uav_trajectory,8.181668817996978e-08,4.083162403106689,17.68336715698242,0.0,6095.52734375,0.23024296760559082,0.6056472063064575,24.636505016962687,24.259168139660687,39.50776672363281,-7.543712854385376e-08,1.4122475385665894,2.267827033996582,6.871497631072998,0.2299342304468155
362,jammer_beamformer,-4.7124922275543214e-08,11.972620296478272,46.45934944152832,0.0,8485.00634765625,0.17862580716609955,0.5511721968650818,38.67606745907664,39.530257002348186,54.03094482421875,4.470348358154297e-08,1.7105735540390015,2.732895612716675,16.204442977905273,0.9077340960502625
363,bs_beamformer,-4.1490420699119565e-08,6.8446094512939455,47.085540771484375,0.0,6426.20859375,0.22107061743736267,0.5335754156112671,33.89123363791034,33.75783147679663,48.56165313720703,3.771856427192688e-08,1.7417904138565063,2.503542900085449,14.448948860168457,0.7906789779663086
363,uav_trajectory,7.48317688703537e-08,4.436806154251099,17.664807510375976,0.0,10719.668994140626,0.25656211376190186,0.5267927050590515,24.514600121378898,24.260320267675176,39.78160095214844,-7.82310962677002e-08,1.6939271688461304,1.9950463771820068,6.902734279632568,0.23164407908916473
363,jammer_beamformer,-2.3562461137771607e-08,9.940997886657716,46.43255500793457,0.0,13411.5076171875,0.23741355538368225,0.5879180431365967,38.08067618337274,39.044401748179205,53.311363220214844,2.3283064365386963e-08,1.7967970371246338,2.348189115524292,16.248889923095703,0.9103071093559265
364,bs_beamformer,-5.448237061500549e-09,5.317618942260742,47.04516258239746,0.0,9161.897973632813,0.2423003613948822,0.5723873972892761,33.73164913418144,33.7001057397902,48.40648651123047,6.51925802230835e-09,1.6662944555282593,1.9832968711853027,14.497706413269043,0.793411135673523
364,uav_trajectory,-2.584420144557953e-09,8.224533414840698,17.64738597869873,0.0,5406.3126953125,0.1794450879096985,0.5780745148658752,24.467730026602744,24.228443379679234,39.90637969970703,-3.725290298461914e-09,1.3432577848434448,2.3941566944122314,6.933290958404541,0.23328591883182526
364,jammer_beamformer,2.062413841485977e-07,8.32347812652588,46.409368896484374,0.0,7639.765673828125,0.2269631028175354,0.5871975421905518,38.31238811261207,39.20519530839678,53.11418533325195,-2.0675361156463623e-07,1.2747734785079956,2.551499843597412,16.285526275634766,0.9127578735351562
365,bs_beamformer,-7.869675755500793e-08,9.249888515472412,47.00624084472656,0.0,21196.22607421875,0.1966809630393982,0.6008665561676025,32.72170957636833,33.00392639268322,48.857749938964844,7.869675755500793e-08,1.9024173021316528,1.9258010387420654,14.557635307312012,0.7967424392700195
365,uav_trajectory,2.3655593395233153e-08,6.826431608200073,17.626005554199217,0.0,5561.09833984375,0.2012958526611328,0.6320926547050476,22.716444177558024,23.419754806758323,39.345027923583984,-2.2817403078079224e-08,1.900033950805664,2.2494778633117676,6.971706390380859,0.23549996316432953
365,jammer_beamformer,8.118804544210434e-08,11.986947822570801,46.37624015808105,0.0,6955.728857421875,0.27614352107048035,0.6126515865325928,36.05325287289917,37.940721798000865,53.629024505615234,-8.242204785346985e-08,2.7634999752044678,1.4300682544708252,16.329200744628906,0.9161167144775391
366,bs_beamformer,-1.7404090613126755e-07,8.508261966705323,46.98308486938477,0.0,46379.212109375,0.1834094226360321,0.5170774459838867,32.97466059450805,33.15423082934027,48.32410430908203,1.778826117515564e-07,1.0304560661315918,2.483048439025879,14.601402282714844,0.7991620898246765
366,uav_trajectory,-3.427267074584961e-08,6.558815956115723,17.60329818725586,0.0,4864.258569335938,0.16110728681087494,0.5594518780708313,24.60739219625791,24.611223475713878,40.42048645019531,3.818422555923462e-08,1.3652327060699463,2.543978691101074,7.015388011932373,0.2381492257118225
366,jammer_beamformer,7.078051567077637e-08,9.648738765716553,46.33848838806152,0.0,6762.4060546875,0.23498672246932983,0.5614059567451477,38.53105597375333,39.65012938514069,54.16743087768555,-7.404014468193054e-08,2.1211905479431152,2.2308542728424072,16.386810302734375,0.9201720356941223
367,bs_beamformer,2.6742927730083463e-07,4.080420517921448,46.970068740844724,0.0,29293.3263671875,0.27499955892562866,0.5413730144500732,33.307572848379614,33.36209621796301,47.49300003051758,-2.691522240638733e-07,1.4848710298538208,2.4778213500976562,14.625408172607422,0.8005279302597046
367,uav_trajectory,1.7276033759117126e-07,5.0105204582214355,17.57359733581543,0.0,8030.1064453125,0.1959991604089737,0.5446343421936035,25.4024350374043,25.131153961755306,40.8957405090332,-1.685693860054016e-07,1.2065023183822632,2.581014394760132,7.06987190246582,0.24128055572509766
367,jammer_beamformer,1.1015217751264573e-07,6.42871208190918,46.30426864624023,0.0,21041.6111328125,0.2473875731229782,0.6017293334007263,39.27737235824764,40.11755424414281,54.28804397583008,-1.0849907994270325e-07,1.3530114889144897,3.109637975692749,16.44866943359375,0.9238883256912231
368,bs_beamformer,2.791639417409897e-08,7.191221284866333,46.952083587646484,0.0,4771.315454101563,0.21854577958583832,0.5454058647155762,33.77884008154273,33.804652078198124,48.49162292480469,-2.8870999813079834e-08,1.5991040468215942,2.3073956966400146,14.640761375427246,0.8014643788337708
368,uav_trajectory,2.016313374042511e-08,5.989005708694458,17.549015045166016,0.0,8212.00439453125,0.23633651435375214,0.5747277140617371,25.22585402182738,25.143089402399234,41.191436767578125,-2.421438694000244e-08,2.0219688415527344,2.2188239097595215,7.125137805938721,0.24438972771167755
368,jammer_beamformer,4.74974513053894e-09,7.673498487472534,46.2805419921875,0.0,4802.2298828125,0.24189844727516174,0.5946056842803955,39.271515920192,40.043653089724295,54.141448974609375,-4.656612873077393e-10,1.487896203994751,2.5488474369049072,16.489604949951172,0.9263432025909424
369,bs_beamformer,-2.530869096517563e-08,8.751377201080322,46.91948928833008,0.0,24682.46474609375,0.20743787288665771,0.5769481062889099,33.05134009248018,33.50798643216637,49.44209671020508,2.514570951461792e-08,1.6661360263824463,2.4198720455169678,14.686774253845215,0.804137647151947
369,uav_trajectory,2.514570951461792e-09,5.790849494934082,17.53124408721924,0.0,8080.800634765625,0.2093268632888794,0.5527088642120361,24.662347936868667,24.820983187977514,41.322303771972656,-2.7939677238464355e-09,1.7326914072036743,2.226837635040283,7.164155960083008,0.24661383032798767
369,jammer_beamformer,-9.802170097827911e-08,11.924904727935791,46.248008728027344,0.0,3312.59384765625,0.1654963493347168,0.5633077025413513,38.40048504717648,39.636163897461884,53.895652770996094,9.918585419654846e-08,1.6201562881469727,2.4310519695281982,16.531511306762695,0.9283051490783691
370,bs_beamformer,3.986060619354248e-08,11.051203727722168,46.89396858215332,0.0,7890.144775390625,0.17121003568172455,0.612278938293457,32.739345869213345,33.119879724436,49.266937255859375,-3.5390257835388184e-08,1.771489143371582,2.151904821395874,14.726313591003418,0.8063970804214478
370,uav_trajectory,-8.05594027042389e-09,6.537242794036866,17.51308364868164,0.0,11557.8392578125,0.17632348835468292,0.574598491191864,23.99979811809957,24.55356093291786,41.61587142944336,3.725290298461914e-09,1.4055837392807007,2.1483817100524902,7.200469970703125,0.24872411787509918
370,jammer_beamformer,-8.647330105304717e-08,11.028691673278809,46.20736236572266,0.0,9745.027734375,0.16362856328487396,0.5618759989738464,37.04805108356476,38.61896520220562,54.427467346191406,8.940696716308594e-08,1.128589391708374,2.51119065284729,16.598583221435547,0.9325012564659119
371,bs_beamformer,5.112960934638977e-08,10.576298332214355,46.85494384765625,0.0,3694.724072265625,0.1732354760169983,0.6103044152259827,33.90153271332383,33.91134534911107,48.95231628417969,-5.075708031654358e-08,1.7780553102493286,2.4011168479919434,14.765955924987793,0.8087515830993652
371,uav_trajectory,-5.73229044675827e-08,5.024318552017212,17.496874046325683,0.0,8906.7173828125,0.24087479710578918,0.5283989310264587,25.78478468310833,25.56776282928333,42.37287139892578,5.3085386753082275e-08,1.8456778526306152,2.5127947330474854,7.234229564666748,0.2506752610206604
371,jammer_beamformer,1.909211277961731e-08,11.225519275665283,46.16386184692383,0.0,7471.450927734375,0.1685914844274521,0.5729897618293762,39.20454607716203,40.07204253118694,54.38462448120117,-2.1653249859809875e-08,1.7346731424331665,2.4090869426727295,16.665861129760742,0.9370872974395752
372,bs_beamformer,-5.718320608139038e-08,7.905896234512329,46.800658798217775,0.0,22532.321484375,0.23485587537288666,0.6077001690864563,34.099550144504754,34.181365325940114,49.52358627319336,5.366746336221695e-08,2.2992470264434814,1.9185121059417725,14.848050117492676,0.8135782480239868
372,uav_trajectory,1.9278377294540405e-08,8.696294498443603,17.480905532836914,0.0,9359.8916015625,0.1659487634897232,0.5522042512893677,25.51535574144125,25.42976256168277,41.90437698364258,-1.955777406692505e-08,1.5519999265670776,2.1597249507904053,7.2645792961120605,0.25237494707107544
372,jammer_beamformer,7.753260433673859e-08,6.70653805732727,46.11740074157715,0.0,4688.157250976563,0.2382880449295044,0.5355624556541443,39.10908387795091,40.110727033916206,54.64470672607422,-7.264316082000732e-08,1.4317141771316528,1.9973427057266235,16.736988067626953,0.9414380192756653
373,bs_beamformer,6.617046892642975e-08,6.7781096458435055,46.75261268615723,0.0,1847.7634521484374,0.22109486162662506,0.5549301505088806,33.34110197225958,33.756401909765685,49.30598831176758,-6.28642737865448e-08,1.853384256362915,1.996840238571167,14.908957481384277,0.8171707391738892
373,uav_trajectory,-5.2107498049736026e-08,5.971864891052246,17.462927436828615,0.0,6121.9158203125,0.22909539937973022,0.5230250954627991,23.47146852483352,24.518131800419845,41.798492431640625,4.936009645462036e-08,1.5432859659194946,2.1652421951293945,7.298619270324707,0.25427472591400146
373,jammer_beamformer,-1.782318577170372e-07,7.514322280883789,46.06769638061523,0.0,33172.906640625,0.20924751460552216,0.5249975919723511,34.847533603817226,37.26155277153407,53.930870056152344,1.816079020500183e-07,1.3261322975158691,2.492814540863037,16.81524658203125,0.9464544653892517
374,bs_beamformer,-6.558839231729507e-08,7.13085904121399,46.67867889404297,0.0,10048.54296875,0.19647252559661865,0.5639693140983582,34.18529870730639,34.46393892827102,49.52210998535156,6.426125764846802e-08,1.6180670261383057,2.114353895187378,15.015400886535645,0.8236053586006165
374,uav_trajectory,9.867362678050995e-08,6.434569501876831,17.43981342315674,0.0,6886.10498046875,0.2040635198354721,0.5659250617027283,24.634837060362102,25.319510478514207,43.939300537109375,-1.0244548320770264e-07,1.3386127948760986,2.304568290710449,7.3418073654174805,0.2568204402923584
374,jammer_beamformer,-4.9476511776447296e-08,5.421369934082032,46.03609924316406,0.0,9583.585595703125,0.23937202990055084,0.5296734571456909,37.53507423311472,39.245111776368645,54.102596282958984,4.842877388000488e-08,1.2944269180297852,2.090512990951538,16.873403549194336,0.9503471255302429
375,bs_beamformer,-2.9802322387695312e-08,3.9992162704467775,46.633749389648436,0.0,26560.5130859375,0.23220257461071014,0.5822798013687134,34.72824189114571,34.84905861242337,50.317935943603516,3.166496753692627e-08,1.3062334060668945,2.9022867679595947,15.107837677001953,0.8291323781013489
375,uav_trajectory,1.0454095900058746e-08,13.962526512145995,17.418072509765626,0.0,6887.555029296875,0.10652346163988113,0.6011229753494263,24.9250939236482,25.505669684035528,42.750953674316406,-4.190951585769653e-09,1.706250548362732,2.271991729736328,7.387509822845459,0.25951072573661804
375,jammer_beamformer,-9.853392839431762e-08,9.309753799438477,46.003030395507814,0.0,33943.964453125,0.20717351138591766,0.593174397945404,38.710505997717384,40.11452893890628,56.167869567871094,9.73232090473175e-08,1.8500862121582031,2.6359128952026367,16.920475006103516,0.9530651569366455
376,bs_beamformer,1.8905848264694215e-08,8.946082210540771,46.609449005126955,0.0,19552.75407714844,0.19190382957458496,0.5815334916114807,30.70090120819211,32.12918483278714,50.41878890991211,-1.4901161193847656e-08,1.6578006744384766,2.1855711936950684,15.15379810333252,0.8318202495574951
376,uav_trajectory,3.9907172322273256e-08,10.338394832611083,17.397588539123536,0.0,8254.297119140625,0.15496549010276794,0.5489537715911865,18.92779744420449,22.254573131127145,42.610107421875,-3.632158041000366e-08,1.8046172857284546,2.396042823791504,7.430129528045654,0.26196756958961487
376,jammer_beamformer,-2.207234501838684e-08,6.978005075454712,45.97389221191406,0.0,3373.353405761719,0.2323920726776123,0.5413531064987183,29.595196297325195,34.496778891654664,54.75550842285156,2.2351741790771484e-08,1.811035394668579,2.0149738788604736,16.96054458618164,0.9552832841873169
377,bs_beamformer,5.2852556109428406e-08,16.751982498168946,46.582360076904294,0.0,19104.4646484375,0.1131790280342102,0.6726551651954651,13.199363363455982,13.99139257653265,40.521480560302734,-5.029141902923584e-08,2.054173707962036,2.733689785003662,15.187911033630371,0.8337570428848267
377,uav_trajectory,1.7764978110790252e-08,8.091105508804322,17.380415534973146,0.0,8870.364404296875,0.1827096790075302,0.5476622581481934,1.555896891705692,1.7975670647361817,6.766321182250977,-1.5832483768463135e-08,1.8771567344665527,1.8424503803253174,7.46968936920166,0.26439568400382996
377,jammer_beamformer,1.8522841855883597e-07,5.104372882843018,45.90858917236328,0.0,2884.6296875,0.24754516780376434,0.5710756778717041,8.99562324206531,14.453685623587157,48.03692626953125,-1.8812716007232666e-07,1.3994886875152588,2.4079482555389404,17.030040740966797,0.9591464400291443
378,bs_beamformer,-2.2782478481531142e-08,10.338170623779297,46.56116485595703,0.0,42432.8359375,0.18874305486679077,0.5686072707176208,32.880145010977984,33.61367610776823,50.33259201049805,2.3050233721733093e-08,2.095045566558838,2.544420003890991,15.227277755737305,0.8360705971717834
378,uav_trajectory,6.416812539100648e-08,5.077034282684326,17.366287612915038,0.0,10482.9556640625,0.2157488763332367,0.5115863680839539,24.710423833807308,25.611337014333387,44.068077087402344,-6.51925802230835e-08,1.5691773891448975,2.6955015659332275,7.5012359619140625,0.2664756774902344
378,jammer_beamformer,1.621432602405548e-07,7.74990496635437,45.8317066192627,0.0,25907.0634765625,0.22488796710968018,0.5636166930198669,37.46440274429321,39.360339415290056,56.724483489990234,-1.5832483768463135e-07,1.7495787143707275,1.9985888004302979,17.155960083007812,0.9664260745048523
379,bs_beamformer,1.4295801520347595e-08,4.937388372421265,46.54752197265625,0.0,39406.7671875,0.2265264391899109,0.5434235334396362,32.48005717038363,33.38320923851556,50.890621185302734,-1.5832483768463135e-08,1.5702767372131348,2.37371826171875,15.250654220581055,0.8375113010406494
379,uav_trajectory,-9.67993400990963e-08,7.1057213306427,17.352806663513185,0.0,7702.427197265625,0.17622925341129303,0.563090443611145,22.85916388507684,24.715096324755375,44.228851318359375,9.848736226558685e-08,1.5381137132644653,2.807640790939331,7.52939510345459,0.26822853088378906
379,jammer_beamformer,-1.210719347000122e-07,6.076486539840698,45.788949966430664,0.0,19784.64560546875,0.2241288721561432,0.5376855134963989,34.7338619171828,38.12346880246697,56.0047607421875,1.2293457984924316e-07,1.1168171167373657,2.049189567565918,17.244497299194336,0.9716303944587708
380,bs_beamformer,5.671754479408264e-08,8.683727741241455,46.536705780029294,0.0,34382.3185546875,0.17085963487625122,0.6089190244674683,34.64324163028598,34.883926804899325,50.167545318603516,-5.587935447692871e-08,1.4543732404708862,2.54929256439209,15.268025398254395,0.8386039733886719
380,uav_trajectory,-5.6647695600986483e-08,4.315061330795288,17.33868522644043,0.0,12085.3431640625,0.22913506627082825,0.5675551295280457,23.745781136592228,25.160051036476712,44.03860092163086,4.98257577419281e-08,1.488161325454712,1.8781832456588745,7.557918548583984,0.26991862058639526
380,jammer_beamformer,-2.1518208086490632e-07,8.492374897003174,45.763478469848636,0.0,30638.7798828125,0.2158881425857544,0.5454925298690796,33.64361910939217,36.960401007677206,55.25594711303711,2.1653249859809875e-07,1.8724600076675415,1.8282767534255981,17.290163040161133,0.9743131399154663
381,bs_beamformer,-5.774199962615967e-09,7.391511106491089,46.52742233276367,0.0,40735.7380859375,0.19248999655246735,0.6000286340713501,34.22327473883331,34.40774975189618,51.238956451416016,1.862645149230957e-09,1.6125574111938477,2.447160243988037,15.283034324645996,0.8394960165023804
381,uav_trajectory,1.5133991837501526e-07,5.555263328552246,17.32474021911621,0.0,12302.26220703125,0.18671901524066925,0.5725501775741577,19.499717154182495,22.922945230715428,43.85424041748047,-1.5739351511001587e-07,1.4557535648345947,2.057600736618042,7.585861682891846,0.27152344584465027
381,jammer_beamformer,1.1455267667770386e-08,12.328198623657226,45.746670150756835,0.0,16043.70986328125,0.15301631391048431,0.556239128112793,28.76362864559889,33.652896040864064,54.73366165161133,-1.30385160446167e-08,1.755971074104309,2.5226330757141113,17.320110321044922,0.9761350750923157
382,bs_beamformer,1.816079020500183e-08,5.746926736831665,46.518249893188475,0.0,20598.9423828125,0.2345675677061081,0.5446155667304993,34.84503363048285,35.10711140670199,50.67306137084961,-1.4435499906539917e-08,1.7601042985916138,2.3044488430023193,15.295634269714355,0.8401862382888794
382,uav_trajectory,1.0991934686899186e-07,9.753459644317626,17.309271621704102,0.0,14666.3388671875,0.14925998449325562,0.5556167364120483,26.311758560756843,26.516691370230845,45.08143997192383,-1.1175870895385742e-07,2.004777431488037,2.0989248752593994,7.615159511566162,0.27321505546569824
382,jammer_beamformer,-1.0780058801174163e-08,7.6436450481414795,45.72902069091797,0.0,12032.80693359375,0.22824431955814362,0.6002769470214844,40.31955278348923,41.421403947863666,56.18218994140625,6.51925802230835e-09,1.9380868673324585,2.1833386421203613,17.345108032226562,0.9777815937995911
383,bs_beamformer,-1.941807568073273e-08,9.711094188690186,46.50788803100586,0.0,20670.7455078125,0.1794140338897705,0.5545670390129089,34.772566845491525,35.10602293423597,50.8728141784668,2.0489096641540527e-08,1.6735481023788452,2.1122801303863525,15.31082534790039,0.8410760760307312
383,uav_trajectory,-1.6787089407444e-08,9.397671794891357,17.29327220916748,0.0,9584.6255859375,0.1471106857061386,0.6121820211410522,26.071338434437912,26.513098788148007,44.150352478027344,1.5366822481155396e-08,1.7067564725875854,2.240797519683838,7.646121501922607,0.27501538395881653
383,jammer_beamformer,2.2496096789836885e-07,8.874482440948487,45.708983993530275,0.0,20097.26796875,0.17493709921836853,0.5697539448738098,40.61668416953087,41.840213099622815,56.74693298339844,-2.2258609533309937e-07,1.4096745252609253,2.070780038833618,17.3761043548584,0.9795705676078796
384,bs_beamformer,-3.6368146538734433e-08,12.499060153961182,46.49403610229492,0.0,13179.56806640625,0.14818300306797028,0.6156119704246521,30.297278668612243,31.795640499068668,50.74825668334961,3.166496753692627e-08,1.6035022735595703,2.0049891471862793,15.327435493469238,0.84206622838974
384,uav_trajectory,9.795185178518295e-08,8.542792797088623,17.273954582214355,0.0,7119.709912109375,0.1630157083272934,0.6065403819084167,19.717854832753538,23.307150706728237,44.51780319213867,-9.825453162193298e-08,1.499534249305725,3.422670364379883,7.679781913757324,0.27696675062179565
384,jammer_beamformer,7.450580596923828e-08,10.1822940826416,45.68869972229004,0.0,9421.782373046875,0.20715457201004028,0.5775831341743469,32.2023559204638,36.733203752288645,56.44989776611328,-7.171183824539185e-08,2.1358110904693604,2.008700132369995,17.406917572021484,0.9812451004981995
385,bs_beamformer,-5.7439319789409635e-08,5.115417242050171,46.46770248413086,0.0,8454.495727539062,0.211176335811615,0.5170440077781677,28.98506551292166,30.008079610142765,50.43519592285156,5.681067705154419e-08,1.2944607734680176,2.388526678085327,15.355149269104004,0.8437088131904602
385,uav_trajectory,-3.5855919122695924e-09,5.191312026977539,17.25089874267578,0.0,8530.72490234375,0.22474411129951477,0.6077064275741577,13.22077969871958,18.956302915497808,45.0252685546875,1.0710209608078003e-08,1.5173166990280151,2.494410276412964,7.724778652191162,0.2796047627925873
385,jammer_beamformer,-1.3690441846847534e-07,9.626197910308838,45.65697135925293,0.0,4504.97861328125,0.18001684546470642,0.5786396861076355,19.074893589109184,26.85820183227238,57.57196807861328,1.3783574104309082e-07,1.5258798599243164,2.3672034740448,17.44305419921875,0.9834746718406677
386,bs_beamformer,6.891787052154541e-09,10.067826652526856,46.429460525512695,0.0,14487.696484375,0.16070406138896942,0.6247044205665588,34.47012621228397,34.8983491867856,51.42783737182617,-8.381903171539307e-09,1.80038583278656,2.8615355491638184,15.413365364074707,0.84709233045578
386,uav_trajectory,1.103617250919342e-08,16.13430576324463,17.2284143447876,0.0,7276.329248046875,0.07844461500644684,0.5962796211242676,25.291030168294906,26.388641076124998,45.7979736328125,-1.0244548320770264e-08,1.634608268737793,2.4821345806121826,7.770732402801514,0.28240150213241577
386,jammer_beamformer,-4.330649971961975e-08,8.37512264251709,45.6147274017334,0.0,23294.2173828125,0.19612357020378113,0.5984322428703308,38.226299730092286,40.35791713972439,57.21522903442383,4.284083843231201e-08,1.4545265436172485,2.622767448425293,17.510040283203125,0.9880567193031311
387,bs_beamformer,-1.2079253792762755e-07,7.220178127288818,46.39731559753418,0.0,8141.468603515625,0.18768231570720673,0.5736303925514221,34.64838252614811,34.998476322772355,52.51470947265625,1.1920928955078125e-07,1.2674689292907715,2.9917845726013184,15.462986946105957,0.8499376177787781
387,uav_trajectory,3.641471266746521e-08,8.338566207885743,17.20550193786621,0.0,8951.2810546875,0.14908123016357422,0.5632132887840271,25.366493837753932,26.52164399973405,46.097259521484375,-3.4458935260772705e-08,1.3931158781051636,2.896228075027466,7.8206634521484375,0.2853855490684509
387,jammer_beamformer,4.442408680915833e-08,7.031342887878418,45.58301124572754,0.0,9578.696240234374,0.19588050246238708,0.5990473031997681,39.256538914263245,40.930413945313774,57.65127182006836,-5.21540641784668e-08,1.7073085308074951,2.0181562900543213,17.56546401977539,0.9917649626731873
388,bs_beamformer,5.527399480342865e-08,10.183854007720948,46.36807861328125,0.0,39535.4615234375,0.1569528579711914,0.5588146448135376,34.22207615175843,34.87664358515887,51.443153381347656,-5.681067705154419e-08,1.6173864603042603,2.555577278137207,15.51275634765625,0.8529016375541687
388,uav_trajectory,-1.6065314412117004e-08,6.035309934616089,17.184360313415528,0.0,7882.349951171875,0.2195037603378296,0.5914029479026794,25.63307755610347,26.78642136017908,45.62979507446289,1.5366822481155396e-08,1.6904577016830444,2.1382803916931152,7.869765281677246,0.2882177233695984
388,jammer_beamformer,1.3350509107112884e-07,10.511785793304444,45.55289268493652,0.0,32686.5150390625,0.15671269595623016,0.5729826092720032,38.84617632108927,41.0701615719805,57.021053314208984,-1.3317912817001343e-07,1.3673460483551025,2.1192710399627686,17.614673614501953,0.9947432279586792
389,bs_beamformer,2.5331974029541015e-08,5.821910333633423,46.34888877868652,0.0,20530.4857421875,0.2019464373588562,0.5199418663978577,32.663226267889144,33.74854723287252,51.3216552734375,-2.60770320892334e-08,1.3485972881317139,2.6473474502563477,15.547919273376465,0.8550434112548828
389,uav_trajectory,-8.847564458847045e-10,7.580949592590332,17.16411247253418,0.0,11421.45087890625,0.19711142778396606,0.6224626302719116,19.62063123574853,23.617425180438374,46.41227722167969,9.313225746154785e-10,1.8766992092132568,2.392580032348633,7.915107727050781,0.29090526700019836
389,jammer_beamformer,-1.8905848264694215e-08,5.761113977432251,45.52972946166992,0.0,12758.58876953125,0.21585547924041748,0.5723637938499451,32.338587007045746,36.865424951301854,57.478675842285156,2.1420419216156006e-08,1.3746161460876465,2.3350443840026855,17.655643463134766,0.9971409440040588
390,bs_beamformer,1.580454409122467e-07,7.094226932525634,46.32502365112305,0.0,3982.02744140625,0.22720381617546082,0.5557044148445129,35.13247039090097,35.42237890481123,51.95329284667969,-1.6158446669578552e-07,2.1571011543273926,2.5821380615234375,15.572089195251465,0.8564789891242981
390,uav_trajectory,9.64384526014328e-08,5.027636289596558,17.145800399780274,0.0,8465.045458984376,0.2561350464820862,0.6148309707641602,24.40716097445786,26.299939077128236,47.22628402709961,-9.872019290924072e-08,1.7416479587554932,2.202310562133789,7.953644752502441,0.29316768050193787
390,jammer_beamformer,4.7497451305389404e-08,9.165816020965575,45.50755348205566,0.0,15113.98876953125,0.1987161636352539,0.5842170715332031,38.14454525023699,40.361604901211244,57.326637268066406,-4.284083843231201e-08,1.9949523210525513,2.1797704696655273,17.690536499023438,0.9993535876274109
391,bs_beamformer,4.207249730825424e-08,6.068035745620728,46.27119750976563,0.0,7144.4910888671875,0.2296033799648285,0.564201295375824,35.36252642537654,35.72844645203176,52.342308044433594,-4.284083843231201e-08,1.7809759378433228,2.2061100006103516,15.64091682434082,0.8605233430862427
391,uav_trajectory,-6.766058504581452e-08,7.266077184677124,17.126931381225585,0.0,10628.124755859375,0.17611104249954224,0.5586742758750916,27.316974363247553,27.785621123966624,46.5135498046875,7.35744833946228e-08,1.1826225519180298,2.5733585357666016,7.994866371154785,0.2956235706806183
391,jammer_beamformer,4.433095455169678e-08,9.38251314163208,45.48743324279785,0.0,12292.54501953125,0.18014933168888092,0.6063407063484192,40.704802007079124,42.219192936773915,57.019256591796875,-4.330649971961975e-08,1.840324878692627,2.54233455657959,17.7229061126709,1.0013138055801392
392,bs_beamformer,-3.69735062122345e-08,6.755633974075318,46.21477737426758,0.0,15239.712133789062,0.21190610527992249,0.5856334567070007,36.18410668606683,36.306154448866536,52.561195373535156,3.864988684654236e-08,1.7496689558029175,2.004765510559082,15.729701042175293,0.8657849431037903
392,uav_trajectory,1.101754605770111e-07,8.486091423034669,17.11215171813965,0.0,11329.29111328125,0.15998707711696625,0.5960015654563904,28.421485202153523,28.416423802168193,47.275360107421875,-1.0617077350616455e-07,1.6475292444229126,2.459512710571289,8.032393455505371,0.29794546961784363
392,jammer_beamformer,4.577450454235077e-08,11.874873638153076,45.45593414306641,0.0,4085.1143798828125,0.17983968555927277,0.6455885767936707,41.65861202597618,42.826380989837574,58.39884948730469,-4.307366907596588e-08,2.3340468406677246,1.552431583404541,17.754444122314453,1.0031671524047852
393,bs_beamformer,-5.979090929031372e-08,9.769705009460449,46.17602653503418,0.0,42672.271875,0.15325677394866943,0.5672155022621155,35.23569317948818,35.59472267123272,52.25882339477539,6.426125764846802e-08,1.5333075523376465,3.0835988521575928,15.80160903930664,0.8700198531150818
393,uav_trajectory,6.067566573619843e-08,9.371846580505371,17.098376846313478,0.0,6953.2712890625,0.15434850752353668,0.6522810459136963,27.008025024135907,27.77174478761955,47.81764602661133,-5.960464477539063e-08,1.9549860954284668,1.798373818397522,8.062098503112793,0.2997557520866394
393,jammer_beamformer,-5.690380930900574e-08,7.252241230010986,45.40244903564453,0.0,25308.31328125,0.17544883489608765,0.6121164560317993,38.83435433757305,40.853383160699224,57.96322250366211,6.05359673500061e-08,1.1430137157440186,2.517848253250122,17.83177947998047,1.007620096206665
394,bs_beamformer,-7.101334631443024e-08,8.708490753173828,46.152848434448245,0.0,18463.7787109375,0.18048158288002014,0.5673546195030212,35.8133554776907,36.1161788727592,52.183631896972656,6.705522537231445e-08,1.4890756607055664,2.365159273147583,15.844747543334961,0.8725390434265137
394,uav_trajectory,5.6438148021698e-08,8.777607440948486,17.07821407318115,0.0,7232.4064453125,0.15599676966667175,0.5777310729026794,28.69936367801825,28.676534390940034,48.09024429321289,-5.844049155712128e-08,1.994651436805725,2.0844571590423584,8.09883975982666,0.3019619584083557
394,jammer_beamformer,-7.096678018569947e-08,16.7596643447876,45.366899490356445,0.0,30939.7892578125,0.09773668646812439,0.6347406506538391,41.35210709577799,42.64734222526543,57.257102966308594,7.171183824539185e-08,1.816935658454895,2.9175567626953125,17.90281867980957,1.0116322040557861
395,bs_beamformer,3.916211426258087e-08,10.00654058456421,46.13234405517578,0.0,11199.348046875,0.160232812166214,0.5854570865631104,36.35537592282891,36.436073147850294,51.76719665527344,-3.818422555923462e-08,1.5080268383026123,2.067887783050537,15.876221656799316,0.8743834495544434
395,uav_trajectory,4.0745362639427185e-08,4.236556816101074,17.05495662689209,0.0,11925.43623046875,0.223634734749794,0.5932614207267761,29.500794549067816,29.138343525089972,48.51874923706055,-4.563480615615845e-08,1.5062001943588257,2.71413254737854,8.149227142333984,0.3048897683620453
395,jammer_beamformer,-2.8731301426887514e-08,16.91581001281738,45.34665489196777,0.0,30779.38203125,0.10111921280622482,0.565636157989502,42.033210306107996,43.081358677378496,57.87794494628906,2.7939677238464355e-08,1.7197978496551514,3.0007236003875732,17.942180633544922,1.0139178037643433
396,bs_beamformer,1.430511474609375e-07,8.461634063720703,46.115532302856444,0.0,29990.7041015625,0.1700340211391449,0.5953578352928162,36.518308860585094,36.581623061181965,51.80010986328125,-1.5087425708770752e-07,1.4525814056396484,2.316119909286499,15.905919075012207,0.8761165738105774
396,uav_trajectory,4.5192427933216094e-08,7.570365524291992,17.03552951812744,0.0,12550.81181640625,0.16608870029449463,0.6445539593696594,29.44036171376705,29.197053155395796,48.676063537597656,-4.516914486885071e-08,1.6854231357574463,2.083930730819702,8.195935249328613,0.3075254559516907
396,jammer_beamformer,-1.3364478945732116e-08,14.112661170959473,45.32088851928711,0.0,2840.5983154296873,0.11104779690504074,0.6064165234565735,42.81383705174923,43.71808038561867,58.8716926574707,1.4901161193847656e-08,1.2331798076629639,2.485196113586426,17.966703414916992,1.0154348611831665
397,bs_beamformer,1.5441328287124635e-07,8.20658540725708,46.10180816650391,0.0,10791.30654296875,0.16619263589382172,0.6184712052345276,35.487939186118545,36.140011093160005,52.6218376159668,-1.5273690223693848e-07,1.3450027704238892,2.069180727005005,15.928375244140625,0.8774634599685669
397,uav_trajectory,-1.151813194155693e-07,8.473852252960205,17.0179780960083,0.0,14129.56845703125,0.14545570313930511,0.5745593905448914,27.658763058255115,28.378971210573237,48.87333679199219,1.1920928955078125e-07,1.262871503829956,2.063589572906494,8.23487663269043,0.30975326895713806
397,jammer_beamformer,2.0489096641540527e-08,12.252850151062011,45.269029998779295,0.0,18859.11171875,0.13260260224342346,0.6098200678825378,41.47771812176705,43.086811684513705,58.286598205566406,-1.7695128917694092e-08,1.6265450716018677,2.2413973808288574,18.041841506958008,1.0199300050735474
398,bs_beamformer,1.8267892301082612e-07,9.040332221984864,46.0834098815918,0.0,10195.6234375,0.2101910412311554,0.5563333630561829,36.563005342938006,36.78787370256033,52.72996520996094,-1.8347054719924927e-07,2.283125638961792,2.103968858718872,15.952527046203613,0.8789200782775879
398,uav_trajectory,6.142072379589081e-08,8.085299015045166,17.00300464630127,0.0,12163.1203125,0.1933596283197403,0.6343778967857361,28.956830056448776,29.020549616287315,48.68745040893555,-6.100162863731384e-08,1.99943208694458,2.0317695140838623,8.269035339355469,0.311757355928421
398,jammer_beamformer,-4.527391865849495e-08,13.325584506988525,45.228703308105466,0.0,4325.827294921875,0.12190671265125275,0.5772165060043335,42.50775388610363,43.73839416019669,58.591697692871094,5.8673322200775146e-08,1.4535499811172485,1.8663842678070068,18.111940383911133,1.0240319967269897
399,bs_beamformer,-4.8941001296043393e-08,11.480369186401367,46.05860824584961,0.0,32561.225,0.17123903334140778,0.6260945200920105,36.884892496377226,36.987269670117975,52.870792388916016,5.029141902923584e-08,2.1584861278533936,2.3647360801696777,15.989826202392578,0.8811978697776794
399,uav_trajectory,-3.511086106300354e-08,7.412044525146484,16.98598518371582,0.0,7807.930029296875,0.1832415759563446,0.6301072835922241,29.284438087205093,29.322184191919558,48.76323699951172,3.5390257835388184e-08,1.942416787147522,2.8522799015045166,8.301703453063965,0.31371134519577026
399,jammer_beamformer,-3.5157427191734313e-09,7.47026309967041,45.16839256286621,0.0,3989.1075927734373,0.19962482154369354,0.5438656210899353,42.33036076083779,43.59430115194241,59.06949996948242,5.587935447692871e-09,1.7979776859283447,2.2526979446411133,18.18365478515625,1.0282820463180542
400,bs_beamformer,-2.0349398255348207e-08,11.67352066040039,46.04209175109863,0.0,43668.88203125,0.14200128614902496,0.6002179384231567,36.68813051226735,36.95770289630037,53.56221008300781,1.7695128917694092e-08,1.6675525903701782,2.0012083053588867,16.021015167236328,0.8830609917640686
400,uav_trajectory,-2.887565642595291e-07,4.969499206542968,16.964521598815917,0.0,15096.99267578125,0.2016129344701767,0.5770473480224609,29.58307293232282,29.528569614190992,49.614810943603516,2.942979335784912e-07,1.38252854347229,1.8349575996398926,8.342928886413574,0.3161860406398773
400,jammer_beamformer,-6.1932951211929325e-09,5.718173885345459,45.091318893432614,0.0,27947.3173828125,0.2209356278181076,0.581940770149231,41.93223588141799,43.352200287493766,58.23501205444336,7.450580596923828e-09,1.5041693449020386,2.4442405700683594,18.310178756713867,1.0361636877059937
401,bs_beamformer,1.1227093636989593e-07,10.905051040649415,46.028054809570314,0.0,31401.59921875,0.13731840252876282,0.5756908059120178,36.18192075632513,36.54291542391514,52.82005310058594,-1.1734664440155029e-07,1.6591625213623047,2.879444122314453,16.040803909301758,0.8841913938522339
401,uav_trajectory,-5.4389238357543944e-08,6.3238608837127686,16.944093322753908,0.0,11475.789013671874,0.17113974690437317,0.562541663646698,28.974882936954497,29.444433986276497,49.824546813964844,5.3551048040390015e-08,1.7210228443145752,2.0093886852264404,8.386475563049316,0.31880661845207214
401,jammer_beamformer,-5.920883268117905e-08,11.390984725952148,45.04865493774414,0.0,35588.6697265625,0.13744719326496124,0.5805382132530212,41.59170565640926,43.29214662366842,59.46615219116211,6.05359673500061e-08,1.5889887809753418,2.9667229652404785,18.40353012084961,1.0421079397201538
402,bs_beamformer,3.059394657611847e-08,11.785007190704345,46.01536636352539,0.0,55126.568359375,0.14144238829612732,0.5800464153289795,37.07891167260706,37.07943091566805,53.87474060058594,-2.561137080192566e-08,1.8456367254257202,2.536968231201172,16.062042236328125,0.8854652047157288
402,uav_trajectory,-7.124617695808411e-09,9.653648948669433,16.92208023071289,0.0,17386.3611328125,0.12793782353401184,0.6514230966567993,30.53207858085632,30.223423213334208,50.30683517456055,5.122274160385132e-09,2.095982551574707,2.4131064414978027,8.430944442749023,0.3215305507183075
402,jammer_beamformer,-1.0989606380462647e-08,7.598626804351807,45.01625633239746,0.0,5141.49990234375,0.18832556903362274,0.5585578083992004,43.91519102680683,44.85772349022468,59.806034088134766,1.3504177331924438e-08,1.6058063507080078,2.199119806289673,18.447933197021484,1.0449628829956055
403,bs_beamformer,4.7031790018081665e-08,5.492138195037842,46.00598640441895,0.0,21112.361328125,0.21833255887031555,0.625125527381897,37.04397573862225,37.02948919681738,52.980003356933594,-4.563480615615845e-08,1.6186197996139526,2.5646748542785645,16.07673454284668,0.8863487839698792
403,uav_trajectory,-1.1404044926166535e-07,5.244687700271607,16.90464210510254,0.0,7951.33759765625,0.18866361677646637,0.6188052892684937,30.896483548521996,30.43014150374234,51.006744384765625,1.1734664440155029e-07,1.5414544343948364,1.9798641204833984,8.471704483032227,0.32398077845573425
403,jammer_beamformer,-3.129243850708008e-08,5.184364700317383,44.96472511291504,0.0,11412.296826171874,0.21129825711250305,0.5636816024780273,44.444143314898014,45.27629923219694,60.15569305419922,3.3993273973464966e-08,1.4862419366836548,2.6444523334503174,18.521015167236328,1.0492475032806396
404,bs_beamformer,5.2340328693389895e-08,9.360951328277588,45.991696166992185,0.0,10737.280078125,0.1601676344871521,0.6077424883842468,37.16647294795513,37.16408218896466,52.58859634399414,-5.122274160385132e-08,1.910546064376831,2.252004861831665,16.092653274536133,0.8873125314712524
404,uav_trajectory,4.889443516731262e-09,10.110836410522461,16.88582363128662,0.0,10361.19990234375,0.11619925498962402,0.5940186977386475,31.026396640141805,30.570050613541895,50.19670486450195,-7.450580596923828e-09,1.763905644416809,2.3502469062805176,8.5098237991333,0.32618245482444763
404,jammer_beamformer,3.902241587638855e-08,7.9829765319824215,44.92290687561035,0.0,54518.38046875,0.16994428634643555,0.5783846974372864,44.820986828953025,45.68803677269686,60.653900146484375,-3.585591912269592e-08,1.4092824459075928,2.615440607070923,18.59714698791504,1.0535434484481812
405,bs_beamformer,-7.111812010407448e-08,11.359375095367431,45.95242500305176,0.0,3674.799951171875,0.1417020857334137,0.6230183839797974,35.02934972243011,36.060610841703806,52.66812515258789,6.984919309616089e-08,1.923087239265442,1.7436065673828125,16.12406349182129,0.8891995549201965
405,uav_trajectory,-8.731149137020111e-08,9.563539791107178,16.86659355163574,0.0,14276.08056640625,0.120456263422966,0.5776302814483643,29.229572906851768,29.814332273028445,50.52152633666992,9.12696123123169e-08,1.558091640472412,2.44031023979187,8.553492546081543,0.32868853211402893
405,jammer_beamformer,-2.3590400815010072e-07,6.467419767379761,44.897936248779295,0.0,17866.689453125,0.20712712407112122,0.6359718441963196,42.40544752603769,44.341091071461484,59.96024703979492,2.3096799850463867e-07,1.681657075881958,2.233933448791504,18.646020889282227,1.0562615394592285
406,bs_beamformer,-4.342291504144668e-09,8.23559274673462,45.884088134765626,0.0,44798.26796875,0.1754707396030426,0.6149048209190369,35.88798610562086,36.5055084228255,53.3326301574707,7.916241884231567e-09,1.770212173461914,2.504443407058716,16.227813720703125,0.8954772353172302
406,uav_trajectory,1.4053657650947571e-07,6.256258630752564,16.84869956970215,0.0,9390.83857421875,0.15268585085868835,0.5892106294631958,29.331080230742693,29.947517882200998,50.751075744628906,-1.3969838619232178e-07,1.218712568283081,2.5390193462371826,8.594138145446777,0.33107975125312805
406,jammer_beamformer,-3.3993273973464966e-08,11.245100498199463,44.87552337646484,0.0,15368.82509765625,0.1342843621969223,0.6127386689186096,42.82544980287552,44.58862635430994,60.71559143066406,4.0512531995773315e-08,1.8441033363342285,2.907585859298706,18.680763244628906,1.0582807064056396
407,bs_beamformer,-3.632158041000366e-08,6.1410369873046875,45.846087265014646,0.0,33075.3986328125,0.19745005667209625,0.5696116089820862,37.34068622460961,37.57236905139954,54.278751373291016,4.0978193283081055e-08,1.5857858657836914,2.6463255882263184,16.309110641479492,0.9004311561584473
407,uav_trajectory,-6.938353180885315e-09,12.347400283813476,16.833347702026366,0.0,21177.6099609375,0.09678822755813599,0.6325520873069763,30.681737553954125,30.627403088793137,51.27345657348633,8.381903171539307e-09,2.324211359024048,2.2996726036071777,8.630775451660156,0.3331592381000519
407,jammer_beamformer,5.990732461214066e-08,14.5902606010437,44.8532169342041,0.0,26467.25732421875,0.11138835549354553,0.6062725186347961,44.29177549344301,45.5052318886552,60.005653381347656,-6.332993507385254e-08,1.719706416130066,2.598898410797119,18.718841552734375,1.0606327056884766
408,bs_beamformer,-5.8673322200775146e-08,9.79125337600708,45.82606582641601,0.0,36629.679296875,0.16268488764762878,0.6016642451286316,37.463642072122546,37.694856897277106,54.01097106933594,5.3551048040390015e-08,2.216252565383911,2.1090171337127686,16.347381591796875,0.9027708768844604
408,uav_trajectory,-9.690411388874054e-08,8.957953071594238,16.821188735961915,0.0,12981.85634765625,0.16010501980781555,0.5692958235740662,30.95551640904943,30.854133724941782,50.91975021362305,9.42964106798172e-08,2.1230368614196777,1.7687262296676636,8.65866756439209,0.33469057083129883
408,jammer_beamformer,3.3015385270118716e-08,5.7117551326751705,44.829980087280276,0.0,16628.87890625,0.20850759744644165,0.5382547974586487,44.47640846824646,45.64592358315753,60.74665069580078,-3.073364496231079e-08,1.5854709148406982,1.888464093208313,18.752695083618164,1.0627192258834839
409,bs_beamformer,-2.3376196622848512e-08,6.571104335784912,45.81205787658691,0.0,64725.80078125,0.18747389316558838,0.5484787821769714,36.752191637277605,37.301405202109876,54.057315826416016,2.3283064365386963e-08,1.6150232553482056,1.855647325515747,16.371231079101562,0.9042272567749023
409,uav_trajectory,-1.0244548320770264e-09,11.169608974456787,16.80708999633789,0.0,10951.7763671875,0.10322102904319763,0.5984750986099243,29.994897983531157,30.459753912896506,51.555450439453125,9.313225746154785e-09,1.4518136978149414,2.3412816524505615,8.687440872192383,0.33630552887916565
409,jammer_beamformer,-4.498288035392761e-08,13.437124538421632,44.7972412109375,0.0,7049.3873291015625,0.1306106299161911,0.6070371866226196,43.034058757841585,44.73903295079654,60.409969329833984,5.21540641784668e-08,1.754189372062683,2.530534267425537,18.79545021057129,1.0653618574142456
410,bs_beamformer,-1.411186531186104e-07,5.90521936416626,45.79936828613281,0.0,12777.421337890624,0.1925393044948578,0.584654688835144,37.43614493421465,37.664877274464665,54.13785934448242,1.424923539161682e-07,1.3891335725784302,2.2609505653381348,16.388429641723633,0.9052466750144958
410,uav_trajectory,-3.91155481338501e-09,19.554919052124024,16.790070724487304,0.0,19133.8263671875,0.035693004727363586,0.6189725399017334,30.330831762095293,30.768836919652195,52.36439895629883,3.725290298461914e-09,1.9169631004333496,2.0818288326263428,8.724032402038574,0.3384019434452057
410,jammer_beamformer,-8.651986718177796e-08,8.778578948974609,44.74133987426758,0.0,4531.0748046875,0.13944116234779358,0.5767439603805542,43.244934374570846,44.64406431784268,60.60871887207031,8.940696716308594e-08,1.3239449262619019,2.2282469272613525,18.85776710510254,1.0690211057662964
411,bs_beamformer,-4.898756742477417e-08,15.712475204467774,45.76295394897461,0.0,7335.679931640625,0.08603943884372711,0.6416422724723816,35.58555211916566,36.520588437802985,54.2227668762207,4.98257577419281e-08,1.6433475017547607,2.1100223064422607,16.421955108642578,0.9071866273880005
411,uav_trajectory,1.4877878129482269e-08,11.239531993865967,16.775179290771483,0.0,15873.0671875,0.12147592753171921,0.6025046706199646,28.869583119918904,30.092866808509218,51.970909118652344,-1.3504177331924438e-08,2.0201799869537354,2.715811252593994,8.760995864868164,0.34056520462036133
411,jammer_beamformer,-1.77859328687191e-07,8.31747817993164,44.661464309692384,0.0,24179.78955078125,0.18063946068286896,0.612083375453949,40.619938109338285,43.20699239931052,60.48126983642578,1.7834827303886414e-07,1.8870184421539307,2.2865099906921387,18.98237419128418,1.0762931108474731
412,bs_beamformer,2.0489096641540527e-08,10.576854610443116,45.71422424316406,0.0,13803.7927734375,0.13475173711776733,0.5914291143417358,37.84549989537895,38.02945817974031,54.2403564453125,-2.1886080503463745e-08,1.6595304012298584,2.0132577419281006,16.495616912841797,0.911491870880127
412,uav_trajectory,-1.3667158782482148e-08,8.722201347351074,16.76342830657959,0.0,23337.34033203125,0.1219993606209755,0.6071516275405884,31.10059855556488,31.129037015301044,51.67605972290039,1.0244548320770264e-08,1.4341180324554443,2.237058639526367,8.789849281311035,0.34225037693977356
412,jammer_beamformer,-3.741588443517685e-08,14.424807834625245,44.61062049865723,0.0,9100.826953125,0.1016068086028099,0.573409378528595,44.31241508573294,45.64048912616396,61.439178466796875,3.259629011154175e-08,1.7000383138656616,1.947757363319397,19.081735610961914,1.0822350978851318
413,bs_beamformer,-2.0023435354232787e-09,15.007941818237304,45.67266998291016,0.0,32827.3435546875,0.09098899364471436,0.5844609141349792,37.86944935004413,38.1655772745458,54.657142639160156,2.7939677238464355e-09,1.5315265655517578,2.3696937561035156,16.57080078125,0.915859580039978
413,uav_trajectory,-4.419125616550446e-08,7.231579303741455,16.750895500183105,0.0,8187.669775390625,0.14146697521209717,0.6055290102958679,30.939304203410945,31.093073609275034,52.172462463378906,4.6566128730773926e-08,1.5512207746505737,2.027172327041626,8.813766479492188,0.34363603591918945
413,jammer_beamformer,-8.137430995702744e-09,11.210348510742188,44.55329627990723,0.0,9151.945947265625,0.1251208782196045,0.5899797081947327,44.538754013180736,46.022868720190075,61.24197006225586,2.3283064365386963e-09,1.5736968517303467,2.43575119972229,19.16073989868164,1.087153673171997
414,bs_beamformer,3.9441511034965516e-08,15.738819599151611,45.64323425292969,0.0,9629.906396484375,0.08392143994569778,0.5487205386161804,38.663546800009904,38.632674808211114,54.54865646362305,-4.190951585769653e-08,1.780204176902771,2.109553813934326,16.618928909301758,0.9186720252037048
414,uav_trajectory,2.705492079257965e-08,11.857119369506837,16.73198757171631,0.0,13387.88193359375,0.08862785995006561,0.5725038051605225,31.67540744403998,31.477536026588457,52.73366165161133,-2.60770320892334e-08,1.363751769065857,2.297020196914673,8.85086441040039,0.3458399772644043
414,jammer_beamformer,1.0542571544647217e-07,5.993745470046997,44.508515167236325,0.0,36886.761328125,0.17570427060127258,0.5788491368293762,45.96494842588901,46.97571662221761,62.0876350402832,-1.0710209608078003e-07,1.5483765602111816,2.335297107696533,19.252975463867188,1.0931332111358643
415,bs_beamformer,-5.1874667406082156e-08,15.640545463562011,45.61076126098633,0.0,32576.25234375,0.07974737882614136,0.6007493138313293,37.83298960107565,38.23052940075656,54.997406005859375,5.075708031654358e-08,1.5810930728912354,2.0371592044830322,16.667245864868164,0.9214953184127808
415,uav_trajectory,-9.12696123123169e-09,11.478780269622803,16.71366939544678,0.0,20749.5708984375,0.11666333675384521,0.6344504952430725,30.693631739934286,31.083363990719736,53.553199768066406,8.381903171539307e-09,2.1139943599700928,2.963529109954834,8.895833015441895,0.3485429883003235
415,jammer_beamformer,-8.854549378156662e-08,7.759418916702271,44.48175315856933,0.0,11728.20966796875,0.18560703098773956,0.5980693101882935,44.610597557246685,46.15672339384431,62.171043395996094,8.987262845039368e-08,1.7239418029785156,2.137424945831299,19.303682327270508,1.096401333808899
416,bs_beamformer,1.30385160446167e-08,6.3873461246490475,45.57882843017578,0.0,8791.826904296875,0.18614792823791504,0.572687566280365,38.2142184561342,38.45295518598071,55.02787399291992,-7.450580596923828e-09,1.540634036064148,2.274775505065918,16.710405349731445,0.9239834547042847
416,uav_trajectory,6.938353180885315e-09,8.999281024932861,16.698482704162597,0.0,15608.196484375,0.11628958582878113,0.5987257957458496,31.671524171332518,31.68320853857436,52.94381332397461,-7.450580596923828e-09,1.5249658823013306,2.7520036697387695,8.93323802947998,0.3507658541202545
416,jammer_beamformer,7.310882210731506e-09,9.747586059570313,44.445448303222655,0.0,8898.39638671875,0.13553473353385925,0.5771065950393677,45.46300098514557,46.727995969162066,62.21171188354492,-1.3969838619232178e-08,1.5419776439666748,2.3951947689056396,19.348655700683594,1.0991891622543335
417,bs_beamformer,1.955777406692505e-09,11.87626543045044,45.53885078430176,0.0,10555.227490234374,0.11662986874580383,0.5853809714317322,38.33686284551025,38.58266644603594,55.040279388427734,-3.725290298461914e-09,1.7590025663375854,2.139394521713257,16.770397186279297,0.9275062680244446
417,uav_trajectory,2.2491440176963805e-08,12.347601890563965,16.682933616638184,0.0,16813.19990234375,0.08821023255586624,0.5944781303405762,32.1941986840566,32.014860965523155,53.71784591674805,-2.2351741790771484e-08,1.443292498588562,2.411665201187134,8.96651840209961,0.35275551676750183
417,jammer_beamformer,-1.1641532182693481e-08,10.372220325469971,44.40757293701172,0.0,15570.059375,0.136564239859581,0.5560839176177979,45.29839237868786,46.6055211254652,62.08319854736328,1.1641532182693481e-08,1.7721898555755615,2.2052061557769775,19.419458389282227,1.1035771369934082
418,bs_beamformer,-4.207249730825424e-08,16.431750679016112,45.49760627746582,0.0,15754.96357421875,0.07452798634767532,0.6041836738586426,38.38242106375098,38.646722443170745,55.28564453125,4.0046870708465576e-08,1.406104564666748,2.8868606090545654,16.83326530456543,0.9312785863876343
418,uav_trajectory,6.73346221446991e-08,10.173387145996093,16.667529487609862,0.0,18521.21484375,0.1053072065114975,0.5909755825996399,31.620320555011432,31.831149063856795,53.582637786865234,-7.147900760173798e-08,1.8693164587020874,1.968440294265747,9.000468254089355,0.354767769575119
418,jammer_beamformer,-1.848675310611725e-08,15.254949855804444,44.372977066040036,0.0,34236.9564453125,0.08120085299015045,0.5890429019927979,43.427321835279464,45.05295869109229,61.638427734375,1.816079020500183e-08,1.4327577352523804,2.576993703842163,19.47332191467285,1.1067851781845093
419,bs_beamformer,-2.6868656277656556e-08,14.026501274108886,45.467891693115234,0.0,18444.33173828125,0.09720535576343536,0.6807880401611328,38.89106824869663,39.08899609777502,55.54221725463867,2.9802322387695312e-08,1.5774222612380981,2.9361536502838135,16.888795852661133,0.9345890283584595
419,uav_trajectory,1.7648562788963317e-08,15.885675144195556,16.65270709991455,0.0,16758.87392578125,0.06416074186563492,0.6302304267883301,32.60062751142184,32.3485886587727,53.711788177490234,-2.293381839990616e-08,2.18867564201355,2.6473782062530518,9.034662246704102,0.35681888461112976
419,jammer_beamformer,4.488974809646607e-08,14.720202541351318,44.34904174804687,0.0,74864.665625,0.08705316483974457,0.5604249238967896,44.05258723396063,45.449551213810715,61.53963851928711,-5.029141902923584e-08,1.6270649433135986,2.2892463207244873,19.523710250854492,1.1097244024276733
420,bs_beamformer,-8.866190910339356e-08,8.73149127960205,45.435072326660155,0.0,6802.991552734375,0.15517957508563995,0.5740670561790466,39.264135429047045,39.28498795294203,55.586090087890625,8.614733815193176e-08,1.9340386390686035,2.7262744903564453,16.92796516418457,0.9369139075279236
420,uav_trajectory,-1.0970979928970337e-07,11.385040855407714,16.64104595184326,0.0,22635.75185546875,0.09228118509054184,0.6410036683082581,32.2095355622371,32.20894988942543,53.55344772338867,1.1082738637924194e-07,1.6245040893554688,2.1656277179718018,9.064428329467773,0.3586118221282959
420,jammer_beamformer,7.450580596923829e-10,28.183924293518068,44.33471908569336,0.0,33935.962109375,-0.03061288595199585,0.6588218212127686,44.7741324454546,46.30712468761364,62.43882751464844,-3.725290298461914e-09,1.3061023950576782,2.4148476123809814,19.550580978393555,1.111329436302185
421,bs_beamformer,-3.9441511034965516e-08,13.030545616149903,45.378577041625974,0.0,54166.28984375,0.10088377445936203,0.6032814383506775,39.49337274961174,39.477699119770165,56.2841796875,3.3527612686157227e-08,1.7078691720962524,2.2800467014312744,17.006412506103516,0.9415478110313416
421,uav_trajectory,8.116476237773896e-08,7.596247434616089,16.629067039489748,0.0,14769.70341796875,0.14372272789478302,0.6459692120552063,32.37061689505975,32.31836554791471,54.138702392578125,-8.195638656616211e-08,1.7209382057189941,2.7816808223724365,9.08950424194336,0.3601413369178772
421,jammer_beamformer,3.771856427192688e-09,12.847515201568603,44.3188892364502,0.0,49959.368359375,0.12101684510707855,0.5814085006713867,45.91779386657476,47.24050346644771,62.92390441894531,-1.862645149230957e-09,2.0049190521240234,2.4438905715942383,19.573823928833008,1.1127877235412598
422,bs_beamformer,4.803296178579331e-08,11.5172589302063,45.3458610534668,0.0,45522.79765625,0.11949953436851501,0.5857813954353333,39.63162926021591,39.635000607247314,56.47776794433594,-4.470348358154297e-08,1.6354483366012573,1.9547101259231567,17.073974609375,0.945489764213562
422,uav_trajectory,-3.343448042869568e-08,12.309088706970215,16.614590454101563,0.0,15218.38115234375,0.07993030548095703,0.5989384055137634,33.02358240040143,32.72619180549475,54.49245834350586,3.073364496231079e-08,1.8239755630493164,2.6472420692443848,9.121432304382324,0.3620864450931549
422,jammer_beamformer,2.1280720829963685e-08,12.595586013793945,44.29659004211426,0.0,7447.22841796875,0.09786999225616455,0.6179441213607788,46.48570014309883,47.613774904288164,63.018653869628906,-2.0954757928848267e-08,1.7419477701187134,2.229302167892456,19.598440170288086,1.1143455505371094
423,bs_beamformer,3.7509016692638396e-08,12.601075172424316,45.32746124267578,0.0,43454.04921875,0.11277072876691818,0.5803287625312805,38.74542391014099,39.050957508195694,55.691898345947266,-3.818422555923462e-08,1.723287582397461,2.0968661308288574,17.10816764831543,0.9474712014198303
423,uav_trajectory,9.313225746154786e-11,8.674389266967774,16.599649810791014,0.0,18269.22138671875,0.1229773461818695,0.5923032164573669,32.454790202617644,32.48350132296695,54.331172943115234,-6.51925802230835e-09,1.753524661064148,1.5888596773147583,9.157021522521973,0.364248663187027
423,jammer_beamformer,-8.977949619293213e-08,7.339116621017456,44.24115104675293,0.0,4003.455224609375,0.15831199288368225,0.5703085660934448,45.735043402194975,47.222220883222455,63.109130859375,9.12696123123169e-08,1.6433883905410767,2.576673984527588,19.661142349243164,1.1180373430252075
424,bs_beamformer,1.9837170839309693e-08,5.1315971374511715,45.314788818359375,0.0,35281.4775390625,0.19107520580291748,0.5759918689727783,38.96850969006121,39.22245460554899,56.757991790771484,-2.2351741790771484e-08,1.4187947511672974,2.426126718521118,17.130117416381836,0.9487939476966858
424,uav_trajectory,-3.296881914138794e-08,11.696702194213866,16.58636589050293,0.0,17523.8994140625,0.06886985152959824,0.5817064046859741,33.09573982138435,32.82552241824711,54.46812438964844,3.329478204250336e-08,1.1945059299468994,3.983988046646118,9.189417839050293,0.3661990165710449
424,jammer_beamformer,1.912936568260193e-07,5.958142852783203,44.16804084777832,0.0,31129.0775390625,0.183589905500412,0.5850990414619446,46.636256422162056,47.868072953996894,63.58781051635742,-1.9371509552001953e-07,1.5154364109039307,2.636901617050171,19.78361701965332,1.1253451108932495
425,bs_beamformer,-3.9534643292427066e-08,11.84319543838501,45.300045776367185,0.0,21643.3453125,0.10363512486219406,0.59919673204422,39.61893681119383,39.679972399962054,56.19947052001953,4.377216100692749e-08,1.6524336338043213,3.031616687774658,17.149112701416016,0.9499883651733398
425,uav_trajectory,6.146728992462158e-09,9.439548587799072,16.572079849243163,0.0,12825.37802734375,0.09068537503480911,0.6279104351997375,33.680973007882635,33.18810575696157,54.99867248535156,-5.122274160385132e-09,1.3136911392211914,2.5227842330932617,9.220293998718262,0.3680442273616791
425,jammer_beamformer,1.0028015822172165e-07,11.659548568725587,44.11796112060547,0.0,10284.588525390625,0.09337392449378967,0.6073852181434631,47.24387972533703,48.370666522157244,63.44738006591797,-9.778887033462524e-08,1.20493745803833,3.1049644947052,19.880882263183594,1.1312676668167114
426,bs_beamformer,9.122304618358612e-08,8.913643741607666,45.277899169921874,0.0,15280.559375,0.1294243037700653,0.5575101375579834,39.145891278028486,39.43834784093615,56.06303024291992,-9.313225746154785e-08,1.1725798845291138,2.6345081329345703,17.17810821533203,0.951757550239563
426,uav_trajectory,-1.0807998478412628e-07,6.973692750930786,16.555099868774413,0.0,14589.89267578125,0.13673292100429535,0.6196616888046265,33.109162269473075,33.0283569619142,55.17803955078125,1.0710209608078003e-07,1.4494102001190186,2.80596661567688,9.256230354309082,0.3701172173023224
426,jammer_beamformer,5.995389074087143e-08,10.624959754943848,44.071236801147464,0.0,73383.1625,0.1111067682504654,0.6104877591133118,46.50896324688196,48.01500620522792,63.533912658691406,-5.448237061500549e-08,1.5835434198379517,2.2879319190979004,19.962064743041992,1.1360299587249756
427,bs_beamformer,4.748580977320671e-08,13.027097606658936,45.24278526306152,0.0,9890.533959960938,0.0919950008392334,0.5855795741081238,37.80518363362551,38.72553551036278,56.1295051574707,-5.029141902923584e-08,1.232548713684082,2.343543529510498,17.21885871887207,0.954197883605957
427,uav_trajectory,-8.577480912208557e-08,8.312660598754883,16.536354637145998,0.0,14760.12060546875,0.11312359571456909,0.6360306739807129,32.53437133864562,32.82183742666707,54.665916442871094,7.497146725654602e-08,1.6898272037506104,2.106081247329712,9.29630184173584,0.3723897635936737
427,jammer_beamformer,8.014030754566192e-08,7.072364568710327,44.03949737548828,0.0,12052.769287109375,0.16749653220176697,0.6413262486457825,45.423652344763276,47.44502143875336,63.88186264038086,-7.776543498039246e-08,1.6686636209487915,3.093453884124756,20.0194034576416,1.1392881870269775
428,bs_beamformer,5.3877010941505433e-08,14.447185134887695,45.20083923339844,0.0,53148.6484375,0.0839485302567482,0.6357119679450989,36.50714874993265,37.80116037105228,56.31914520263672,-5.727633833885193e-08,1.6190121173858643,2.4297268390655518,17.291683197021484,0.9586454629898071
428,uav_trajectory,9.052455425262451e-08,6.075896692276001,16.515235900878906,0.0,9351.723779296875,0.15235711634159088,0.6101390719413757,30.992455190738042,32.2244266223769,55.718040466308594,-9.406358003616333e-08,1.5330076217651367,2.4890031814575195,9.341293334960938,0.37496110796928406
428,jammer_beamformer,-1.2656673789024354e-07,5.512753486633301,44.00387725830078,0.0,24761.0546875,0.17131783068180084,0.5862894654273987,43.912160829901694,46.39023281724372,63.96919250488281,1.2759119272232056e-07,1.261708378791809,3.088178873062134,20.07537269592285,1.1426022052764893
429,bs_beamformer,-2.9336661100387572e-09,17.902585983276367,45.164797973632815,0.0,3558.1834716796875,0.04694965481758118,0.585480809211731,30.00683535823226,32.79860264235068,56.74172592163086,2.3283064365386963e-09,1.736849308013916,2.461230516433716,17.33962059020996,0.9616032242774963
429,uav_trajectory,1.2386590242385865e-08,13.734097766876221,16.49046516418457,0.0,12363.03955078125,0.07689879089593887,0.5977683067321777,19.260143887221812,25.688836618109214,55.71921920776367,-8.381903171539307e-09,1.6814512014389038,2.1332929134368896,9.394678115844727,0.3781045377254486
429,jammer_beamformer,-6.211921572685242e-08,9.126232147216797,43.969503784179686,0.0,10236.5986328125,0.14429005980491638,0.6370219588279724,27.502034545645117,35.3531011412019,63.756187438964844,6.332993507385254e-08,1.732483148574829,1.8471367359161377,20.128137588500977,1.1457926034927368
430,bs_beamformer,8.731149137020111e-09,4.216016721725464,45.0981689453125,0.0,7832.64521484375,0.19794219732284546,0.5500761270523071,28.8752168802619,30.531106467603497,52.85323715209961,-1.862645149230957e-08,1.4904203414916992,2.3615164756774902,17.430038452148438,0.966948926448822
430,uav_trajectory,-9.98377799987793e-08,9.228828811645508,16.467768478393555,0.0,15292.216796875,0.10564374923706055,0.6091809272766113,1.3579158486456921,1.5987310409588416,6.229757785797119,1.0058283805847168e-07,1.5190132856369019,2.5360405445098877,9.451864242553711,0.3815239667892456
430,jammer_beamformer,2.0023435354232787e-09,11.927270030975341,43.9303581237793,0.0,42989.914453125,0.08301006257534027,0.6011918187141418,12.88440011299774,18.299351637864053,46.154293060302734,-4.6566128730773926e-09,1.2419229745864868,2.5542075634002686,20.191024780273438,1.1496530771255493
431,bs_beamformer,5.457550287246704e-08,12.658656311035156,45.01332054138184,0.0,3122.2643798828126,0.07915351539850235,0.5725769400596619,34.266686359494926,36.45632093316015,57.57855987548828,-5.3551048040390015e-08,1.2119851112365723,2.3143398761749268,17.550554275512695,0.9740609526634216
431,uav_trajectory,3.3527612686157227e-08,13.765131664276122,16.44707336425781,0.0,14662.9859375,0.0653638243675232,0.5865074396133423,12.516019222140311,20.5296539866858,55.85545349121094,-3.585591912269592e-08,1.6319681406021118,2.7383499145507812,9.502511024475098,0.38452962040901184
431,jammer_beamformer,1.1641532182693481e-09,7.048072671890258,43.900821685791016,0.0,15673.0318359375,0.16110527515411377,0.5573390126228333,22.40778693112731,30.080281878003948,64.20574951171875,1.862645149230957e-09,1.7101408243179321,2.5942277908325195,20.24265480041504,1.1527894735336304
432,bs_beamformer,-5.2340328693389895e-08,8.857244205474853,44.92397575378418,0.0,48481.737109375,0.1396162360906601,0.6000348925590515,18.6802403543368,25.286380096047495,56.58971405029297,5.4016709327697754e-08,1.8379247188568115,2.4913079738616943,17.71135711669922,0.9837280511856079
432,uav_trajectory,2.9406510293483733e-08,7.886353158950806,16.4313663482666,0.0,20656.83876953125,0.13453711569309235,0.5730688571929932,1.6029846760630608,2.2591962046815826,10.53238296508789,-3.5390257835388184e-08,1.303328275680542,3.0453174114227295,9.545034408569336,0.38703814148902893
432,jammer_beamformer,1.0526273399591446e-07,9.065733432769775,43.864356231689456,0.0,8181.421142578125,0.12222891300916672,0.5867539048194885,7.563663116313517,12.595841310289812,47.06612014770508,-1.0710209608078003e-07,1.409118413925171,1.899886965751648,20.289581298828125,1.1554828882217407
433,bs_beamformer,1.9371509552001954e-08,11.722955799102783,44.88066062927246,0.0,35853.8984375,0.09241501241922379,0.6161868572235107,34.22450206634402,36.1097217778689,57.60604476928711,-1.7695128917694092e-08,1.4145114421844482,2.0641839504241943,17.813806533813477,0.9898980259895325
433,uav_trajectory,-3.296881914138794e-08,9.49803409576416,16.41849308013916,0.0,24850.729296875,0.11883077025413513,0.619020402431488,8.011512795527777,15.886135364479836,56.23221969604492,3.119930624961853e-08,1.6194446086883545,2.936302661895752,9.577523231506348,0.3890109658241272
433,jammer_beamformer,-4.84054908156395e-08,11.707103443145751,43.81482429504395,0.0,12725.97021484375,0.10377183556556702,0.6118386387825012,22.025275779098273,29.157934024017365,63.56646728515625,5.21540641784668e-08,1.548159122467041,2.4560484886169434,20.363853454589844,1.1599868535995483
434,bs_beamformer,4.7637149691581725e-08,9.924881172180175,44.85552711486817,0.0,26021.969140625,0.11229753494262695,0.5814875364303589,15.723921462625265,21.2102264396192,53.83845901489258,-4.563480615615845e-08,1.6082251071929932,2.8617706298828125,17.859952926635742,0.9926512837409973
434,uav_trajectory,3.259629011154175e-08,17.704568290710448,16.406146812438966,0.0,17467.3998046875,0.03922278434038162,0.6265561580657959,1.4780291077593963,1.8968629772974046,9.415903091430664,-4.0279701352119446e-08,1.9845294952392578,2.410954236984253,9.60702133178711,0.3907874524593353
434,jammer_beamformer,-1.155538484454155e-07,8.84442777633667,43.76896362304687,0.0,35605.179296875,0.15536832809448242,0.567451000213623,7.235436194874346,11.954146883322535,42.29342269897461,1.1920928955078125e-07,2.1213605403900146,2.227022409439087,20.441951751708984,1.1648753881454468
435,bs_beamformer,-5.075708031654358e-08,6.526957607269287,44.835160446166995,0.0,33822.55234375,0.15483611822128296,0.542585015296936,25.26214357343316,27.16467539062281,56.295143127441406,5.2619725465774536e-08,1.560388445854187,2.8433780670166016,17.896808624267578,0.9948567748069763
435,uav_trajectory,-4.7869980335235594e-08,11.732958698272705,16.39193992614746,0.0,29829.98984375,0.10099481791257858,0.5789240598678589,2.1388318208108346,3.378255917718486,16.586286544799805,4.284083843231201e-08,1.8887369632720947,2.3285739421844482,9.638766288757324,0.39268022775650024
435,jammer_beamformer,7.37607479095459e-08,8.15437183380127,43.73795356750488,0.0,21773.208837890626,0.15855979919433594,0.5943048596382141,7.587884460300208,12.201118983273155,44.413414001464844,-7.171183824539185e-08,1.7338982820510864,2.227529764175415,20.50653648376465,1.1687990427017212
436,bs_beamformer,1.608859747648239e-08,11.226940631866455,44.8212287902832,0.0,52663.994140625,0.11693883687257767,0.5983635187149048,23.91103637705743,28.054448347826263,57.85881423950195,-1.4435499906539917e-08,1.8971019983291626,2.226369857788086,17.92371368408203,0.9964531064033508
436,uav_trajectory,1.769512891769409e-09,10.442444038391113,16.378834915161132,0.0,13050.0544921875,0.09149568527936935,0.6115443110466003,8.68976765864094,16.487156273118877,56.89638900756836,1.1641532182693481e-09,1.5157172679901123,2.3372323513031006,9.670732498168945,0.39467549324035645
436,jammer_beamformer,1.2246891856193543e-08,9.798943519592285,43.711371994018556,0.0,36187.56484375,0.10749979317188263,0.5617279410362244,12.869795281723142,21.69461108926776,64.00804901123047,-1.210719347000122e-08,1.2154422998428345,2.0181047916412354,20.548917770385742,1.171510100364685
437,bs_beamformer,-1.3783574104309083e-08,12.581631088256836,44.81011810302734,0.0,19459.9005859375,0.08746006339788437,0.5606446266174316,30.44062203475833,33.81352590856101,58.3321647644043,1.5366822481155396e-08,1.4973593950271606,2.333937406539917,17.941083908081055,0.997499406337738
437,uav_trajectory,-4.5727938413619996e-08,13.046822547912598,16.362119293212892,0.0,13916.15927734375,0.07139027118682861,0.5789433717727661,19.98434673414628,26.75756831086819,57.32453536987305,4.842877388000488e-08,1.5031908750534058,2.354860782623291,9.70492935180664,0.3969165086746216
437,jammer_beamformer,-5.73229044675827e-08,8.289926242828368,43.68800659179688,0.0,16351.562255859375,0.13844415545463562,0.5666016340255737,30.351571745622902,38.29668906649103,65.3204345703125,5.122274160385132e-08,1.545947790145874,2.3541576862335205,20.590553283691406,1.1744039058685303
438,bs_beamformer,5.897600203752518e-08,9.651634693145752,44.79467697143555,0.0,49265.344140625,0.10494150221347809,0.6089599132537842,37.479273500323295,38.89977733024672,58.63732147216797,-6.472691893577576e-08,1.2550212144851685,2.5632500648498535,17.963829040527344,0.9988746643066406
438,uav_trajectory,-7.16187059879303e-08,7.3353477954864506,16.342688941955565,0.0,12784.031640625,0.12501516938209534,0.6583241820335388,30.000664988040924,32.587884156615544,57.9256591796875,6.938353180885315e-08,1.6712193489074707,2.3275506496429443,9.747971534729004,0.3996734619140625
438,jammer_beamformer,-4.726462066173554e-09,9.051485824584962,43.65578498840332,0.0,51651.058984375,0.11149346828460693,0.5982694625854492,43.57606116352975,47.01758036687666,65.6513900756836,1.0244548320770264e-08,1.3529045581817627,2.548222064971924,20.636228561401367,1.1774890422821045
439,bs_beamformer,-4.76837158203125e-08,6.335259962081909,44.78050765991211,0.0,42006.462109375,0.1526022106409073,0.5824862122535706,40.72917160981149,41.14870849840975,58.58562469482422,4.6566128730773926e-08,1.5763896703720093,2.2013022899627686,17.988142013549805,1.0003666877746582
439,uav_trajectory,-4.624016582965851e-08,11.567831802368165,16.32156410217285,0.0,13401.91591796875,0.06292275339365005,0.6116629838943481,34.759255835175516,34.992671432096174,58.443138122558594,4.6566128730773926e-08,1.197162389755249,2.2976343631744385,9.796562194824219,0.402664452791214
439,jammer_beamformer,3.650784492492676e-08,13.258231925964356,43.63455009460449,0.0,35418.532421875,0.09150093048810959,0.6133580803871155,48.96016787433624,50.26740149447847,65.81977081298828,-4.237517714500427e-08,1.8850215673446655,2.959658622741699,20.682823181152344,1.18052339553833
440,bs_beamformer,1.969747245311737e-08,15.314866256713866,44.76652946472168,0.0,25666.834375,0.07691990584135056,0.6027930378913879,41.047711641177536,41.329340302599824,59.07400131225586,-1.5366822481155396e-08,1.9784737825393677,2.60689377784729,18.00890350341797,1.0015983581542969
440,uav_trajectory,-9.639188647270202e-09,12.04247465133667,16.298175811767578,0.0,10553.44326171875,0.08728280663490295,0.6724595427513123,35.12571562679609,35.22151701104474,59.0963020324707,1.210719347000122e-08,1.8891741037368774,3.058006763458252,9.850470542907715,0.40588852763175964
440,jammer_beamformer,-2.505257725715637e-08,13.101890087127686,43.62089653015137,0.0,35064.0576171875,0.07790789008140564,0.5915876030921936,48.76600078135729,50.108194700504335,66.04412078857422,2.2351741790771484e-08,1.5624502897262573,2.254645586013794,20.707304000854492,1.1820579767227173
441,bs_beamformer,1.0081566870212554e-08,11.559290599822997,44.746726989746094,0.0,16688.5701171875,0.09878788888454437,0.6590287685394287,40.50432564207912,41.110087430017636,58.806270599365234,-1.4435499906539917e-08,1.680141568183899,2.418971538543701,18.034757614135742,1.0031200647354126
441,uav_trajectory,2.8870999813079835e-09,8.839942455291748,16.27633590698242,0.0,19609.3904296875,0.12041783332824707,0.6226658225059509,34.503034051616986,35.01889090032875,59.625816345214844,-1.1990778148174286e-08,1.9890638589859009,2.494962692260742,9.90609359741211,0.40921637415885925
441,jammer_beamformer,-4.0838494896888734e-08,10.860128116607665,43.60598220825195,0.0,57970.575,0.10046272724866867,0.5908738374710083,47.38915099108219,49.182465620593796,65.251708984375,4.6566128730773926e-08,1.230425238609314,2.705479621887207,20.73040008544922,1.1834514141082764
442,bs_beamformer,4.7544017434120176e-08,16.996852302551268,44.7199104309082,0.0,20388.137939453125,0.04851911962032318,0.626732587814331,40.01059153286368,40.73489734894832,58.965354919433594,-4.842877388000488e-08,1.539292573928833,3.0571985244750977,18.073766708374023,1.0054150819778442
442,uav_trajectory,8.903443813323974e-08,9.255044651031493,16.255856895446776,0.0,15234.77333984375,0.09265946596860886,0.6127176284790039,33.871364164551096,34.81469446101778,59.241825103759766,-8.847564458847046e-08,1.5703247785568237,2.116641044616699,9.954185485839844,0.41210615634918213
442,jammer_beamformer,8.381903171539307e-10,7.989853048324585,43.59323387145996,0.0,88632.890625,0.1415661871433258,0.5864740610122681,46.05263833504915,48.23309715469108,65.49391174316406,4.6566128730773926e-09,1.3677564859390259,2.0174448490142822,20.753793716430664,1.1848750114440918
443,bs_beamformer,1.1641532182693481e-08,12.081273174285888,44.68328514099121,0.0,28360.058984375,0.10281254351139069,0.6596040725708008,40.81998437429964,41.13490610902376,58.27989959716797,-8.381903171539307e-09,1.8001419305801392,2.40202260017395,18.123510360717773,1.0083435773849487
443,uav_trajectory,1.2060627341270446e-08,10.866983032226562,16.234982681274413,0.0,17133.2236328125,0.09182175248861313,0.6119399070739746,36.03261109258855,35.87764077755402,59.73538589477539,-9.313225746154785e-09,1.776375651359558,2.9201972484588623,10.003254890441895,0.41501858830451965
443,jammer_beamformer,3.818422555923462e-08,9.386158752441407,43.58066291809082,0.0,13729.588012695312,0.1175922229886055,0.5893580317497253,49.02660630255937,50.336522711048154,66.23115539550781,-3.9814040064811707e-08,1.5426965951919556,2.0395195484161377,20.77067756652832,1.185915231704712
444,bs_beamformer,-4.475004971027374e-08,12.600419807434083,44.65400733947754,0.0,31246.627294921876,0.08272317796945572,0.5901018381118774,40.69321904598922,41.1758603094887,58.623085021972656,3.67872416973114e-08,1.3327860832214355,2.9356324672698975,18.180009841918945,1.011731743812561
444,uav_trajectory,-4.936009645462036e-09,9.513582229614258,16.213681602478026,0.0,16917.613671875,0.10376884788274765,0.6452794075012207,35.51112147810062,35.78369811958845,60.050479888916016,5.587935447692871e-09,2.01360821723938,2.30212664604187,10.050440788269043,0.41783568263053894
444,jammer_beamformer,-5.3318217396736145e-08,6.791028785705566,43.534295654296876,0.0,5092.976953125,0.1512158215045929,0.595328152179718,48.51853608447313,50.14585636497832,66.93160247802734,5.2619725465774536e-08,1.7983112335205078,2.4925527572631836,20.81040382385254,1.1882679462432861
445,bs_beamformer,1.7415732145309448e-08,6.861813020706177,44.618233108520506,0.0,9944.76845703125,0.1421084702014923,0.579289436340332,40.738484594866634,41.1588011347226,59.37969207763672,-1.816079020500183e-08,1.3121644258499146,2.2451000213623047,18.22462272644043,1.014424443244934
445,uav_trajectory,5.3923577070236205e-08,9.835640239715577,16.192103958129884,0.0,15195.91875,0.0830800011754036,0.6116232872009277,32.57382855208715,34.43977786784935,59.87433624267578,-5.3085386753082275e-08,1.4440428018569946,2.565720558166504,10.099044799804688,0.420748770236969
445,jammer_beamformer,-6.3236802816391e-08,10.356064319610596,43.46618995666504,0.0,37502.798828125,0.0955209881067276,0.6115323901176453,44.75423467701673,48.14870360786547,66.41556549072266,7.147900760173798e-08,1.4178919792175293,2.5685620307922363,20.926748275756836,1.1954680681228638
446,bs_beamformer,-4.1443854570388796e-09,14.887808036804199,44.57547569274902,0.0,41243.07268066406,0.07948891073465347,0.6175026893615723,41.94856475223601,42.19957521213221,59.71872329711914,0.0,1.830480694770813,2.818632125854492,18.294544219970703,1.0185608863830566
446,uav_trajectory,-7.734633982181549e-08,9.377335166931152,16.1709415435791,0.0,15797.35771484375,0.10813046246767044,0.6045023798942566,36.52366130445401,36.38757709985862,60.537899017333984,7.450580596923828e-08,1.6857582330703735,2.5536863803863525,10.149449348449707,0.42378315329551697
446,jammer_beamformer,2.5099143385887145e-08,10.679455280303955,43.42370872497558,0.0,29044.340234375,0.10953518003225327,0.63444584608078,49.80449589258432,51.106299276477216,67.36231231689453,-2.2351741790771484e-08,2.0174310207366943,2.064138412475586,21.01563835144043,1.201005220413208
447,bs_beamformer,-1.3411045074462891e-08,10.558358478546143,44.53610725402832,0.0,25346.37265625,0.10474129021167755,0.6647481322288513,41.58985885870457,41.8398019571843,59.918766021728516,1.4901161193847656e-08,1.3790487051010132,2.2621967792510986,18.356767654418945,1.022223711013794
447,uav_trajectory,-4.1117891669273375e-08,13.458933544158935,16.149663543701173,0.0,16924.949609375,0.04104761779308319,0.646743893623352,36.872714628855384,36.630328866929084,61.21574783325195,4.190951585769653e-08,1.878618597984314,2.1656389236450195,10.200798034667969,0.42689868807792664
447,jammer_beamformer,-3.3993273973464965e-09,11.450277423858642,43.384511184692386,0.0,4114.3441162109375,0.07837916165590286,0.6167063117027283,49.8440847966075,51.137427225795996,67.0162124633789,3.725290298461914e-09,1.5243256092071533,1.9419033527374268,21.069927215576172,1.2043404579162598
448,bs_beamformer,-5.3923577070236205e-08,10.814681339263917,44.502590560913085,0.0,17365.6716796875,0.09165729582309723,0.5571243762969971,41.8878757943511,42.14481947237698,59.424720764160156,5.587935447692871e-08,1.4998031854629517,2.1621272563934326,18.415332794189453,1.02571702003479
448,uav_trajectory,-3.562308847904205e-08,12.366609954833985,16.130224609375,0.0,18156.223828125,0.04001341015100479,0.5617096424102783,37.29322334472339,36.9607523518976,61.1191520690918,3.632158041000366e-08,1.3149431943893433,2.6184303760528564,10.250917434692383,0.429943323135376
448,jammer_beamformer,5.51808625459671e-08,12.550495910644532,43.32803649902344,0.0,25766.103662109374,0.10692426562309265,0.5766414403915405,49.98687581139803,51.291933561987754,67.27985382080078,-5.4016709327697754e-08,2.0826756954193115,2.3071482181549072,21.160856246948242,1.2096130847930908
449,bs_beamformer,-2.9802322387695314e-09,12.377184104919433,44.47115898132324,0.0,28298.618359375,0.10233370214700699,0.6034539341926575,41.06728055229783,41.658590281414554,59.71727752685547,9.313225746154785e-10,2.0859031677246094,2.6502957344055176,18.46816062927246,1.0288528203964233
449,uav_trajectory,-3.091990947723389e-08,12.188237285614013,16.113317489624023,0.0,23815.866796875,0.04711106792092323,0.6313432455062866,36.342160125911235,36.588301164350725,61.10862731933594,2.9802322387695312e-08,1.4643220901489258,2.2130844593048096,10.295371055603027,0.432637482881546
449,jammer_beamformer,-9.94652509689331e-08,8.314248275756835,43.28658752441406,0.0,43468.01640625,0.14514948427677155,0.6506990790367126,48.66767203122377,50.444202952804616,66.74201202392578,9.778887033462524e-08,1.8234407901763916,2.68052077293396,21.24163818359375,1.2142586708068848
450,bs_beamformer,1.2712553143501282e-08,9.394409370422363,44.447770309448245,0.0,24669.509765625,0.10662297904491425,0.5670619010925293,39.43217468435317,40.92466365388034,59.508338928222656,-1.862645149230957e-08,1.5095990896224976,2.1739578247070312,18.511133193969727,1.031437873840332
450,uav_trajectory,-1.6763806343078613e-08,8.767761707305908,16.09733180999756,0.0,19739.8908203125,0.0968240350484848,0.5797244310379028,34.578761103669805,35.90421453076064,61.69485092163086,1.862645149230957e-08,1.320570468902588,2.9234182834625244,10.333663940429688,0.4349154531955719
450,jammer_beamformer,-6.984919309616089e-09,13.963646030426025,43.253792953491214,0.0,11776.7224609375,0.07464093714952469,0.5856369733810425,46.441939329743384,49.26581025339764,66.94657135009766,6.752088665962219e-09,1.480764389038086,2.485424041748047,21.299842834472656,1.217735767364502
451,bs_beamformer,-6.102491170167924e-08,10.750812149047851,44.41982536315918,0.0,14406.5013671875,0.11406027525663376,0.6361948251724243,42.11834596903622,42.494534832259205,60.38752746582031,5.8673322200775146e-08,1.7392587661743164,2.7243261337280273,18.547924041748047,1.033698558807373
451,uav_trajectory,3.864988684654236e-09,11.356475448608398,16.076962089538576,0.0,15866.5919921875,0.08373740315437317,0.607910692691803,36.300126017808914,36.77744333734015,61.80711364746094,-1.0477378964424133e-08,1.9348069429397583,2.007547378540039,10.37681770324707,0.437497615814209
451,jammer_beamformer,6.891787052154541e-09,13.961841487884522,43.21488952636719,0.0,33927.3111328125,0.07626460492610931,0.6103617548942566,48.56587470906973,50.39406044746762,67.08252716064453,-1.862645149230957e-09,1.6326874494552612,1.9684414863586426,21.362525939941406,1.2214590311050415
452,bs_beamformer,7.497146725654603e-09,10.580735301971435,44.387111282348634,0.0,44676.843359375,0.10821647197008133,0.6244243383407593,43.441812867626545,43.35996124517988,60.81941223144531,-8.381903171539307e-09,1.9637967348098755,2.0591962337493896,18.601911544799805,1.0370370149612427
452,uav_trajectory,-5.010515451431274e-08,11.230546760559083,16.054334831237792,0.0,17698.46171875,0.06376319378614426,0.5919209122657776,38.06761714625359,37.63314326091824,62.27372741699219,5.122274160385132e-08,1.916028380393982,2.335556745529175,10.427781105041504,0.4405704438686371
452,jammer_beamformer,-9.49949026107788e-09,11.774225234985352,43.186785507202146,0.0,65844.279296875,0.08485908806324005,0.5956335663795471,50.30998722088337,51.62624320719186,67.52400207519531,7.450580596923828e-09,1.6813970804214478,2.3388211727142334,21.420757293701172,1.2249815464019775
453,bs_beamformer,4.442408680915833e-08,8.976908588409424,44.366780853271486,0.0,87673.58828125,0.1140972226858139,0.6031637191772461,43.71906609673798,43.56718579900817,61.07152557373047,-5.029141902923584e-08,1.7679914236068726,2.277519702911377,18.64426040649414,1.0396250486373901
453,uav_trajectory,-8.824281394481659e-08,10.861670875549317,16.033138847351076,0.0,17995.7833984375,0.07553097605705261,0.6104509234428406,38.471432869513826,37.92121597563335,62.7495002746582,8.69622454047203e-08,1.7987196445465088,2.5266292095184326,10.479703903198242,0.44365108013153076
453,jammer_beamformer,3.241002559661865e-08,10.455765056610108,43.16902046203613,0.0,43852.87890625,0.10086753219366074,0.5896831154823303,51.047297258615494,52.19581145299537,68.09105682373047,-3.632158041000366e-08,1.7972524166107178,2.4308218955993652,21.454622268676758,1.2270888090133667
454,bs_beamformer,9.313225746154785e-10,14.2610032081604,44.354872131347655,0.0,40601.558203125,0.046539485454559326,0.6294041275978088,43.194109296172854,43.25011673855326,60.575096130371094,-4.190951585769653e-09,1.5840343236923218,2.895554780960083,18.666471481323242,1.0409440994262695
454,uav_trajectory,-5.9371814131736755e-09,19.41406192779541,16.01430034637451,0.0,24682.95546875,-0.017460361123085022,0.6399568915367126,38.47932348155975,38.0335747165228,62.664573669433594,3.259629011154175e-09,1.8649094104766846,2.7186203002929688,10.527799606323242,0.44645175337791443
454,jammer_beamformer,2.9522925615310668e-08,9.478690814971923,43.141954803466795,0.0,4644.540673828125,0.09841197729110718,0.5956440567970276,50.81370452713966,52.11391731331767,67.80763244628906,-2.514570951461792e-08,1.3883270025253296,2.7838566303253174,21.481399536132812,1.2287724018096924
455,bs_beamformer,8.721835911273957e-08,9.266609954833985,44.343113327026366,0.0,48927.40546875,0.10465480387210846,0.6568158864974976,40.292644445359706,41.47105735624288,60.78462219238281,-9.080395102500916e-08,1.3674695491790771,2.7681174278259277,18.68439292907715,1.0419923067092896
455,uav_trajectory,1.7229467630386353e-08,13.565564823150634,15.997858715057372,0.0,23011.1478515625,0.03929310292005539,0.5707204937934875,34.56917099841436,36.33307627964566,63.29854965209961,-1.3969838619232178e-08,1.8179861307144165,2.698050022125244,10.571100234985352,0.4489590525627136
455,jammer_beamformer,-4.391185939311981e-08,8.606860733032226,43.08476295471191,0.0,19054.7345703125,0.11614123731851578,0.5616835951805115,45.10956054782867,48.515352667630864,68.0365219116211,4.98257577419281e-08,1.4634870290756226,2.4321653842926025,21.563072204589844,1.2337380647659302
456,bs_beamformer,-3.152526915073395e-08,8.394918727874757,44.324571990966795,0.0,12149.830737304688,0.12988723814487457,0.5569239854812622,39.051234199091795,40.75938010912428,60.60124969482422,3.632158041000366e-08,1.775850772857666,2.3758974075317383,18.703948974609375,1.0431655645370483
456,uav_trajectory,-1.816079020500183e-09,8.23626642227173,15.983188438415528,0.0,19242.266015625,0.09779392182826996,0.5562693476676941,34.06723183333874,36.11327689799522,63.474212646484375,1.862645149230957e-09,1.5878063440322876,2.5561342239379883,10.609058380126953,0.45118772983551025
456,jammer_beamformer,-3.14321368932724e-09,11.088730239868164,43.037139129638675,0.0,43109.571875,0.11589489132165909,0.5962255001068115,46.860775469779966,49.890528743872984,68.81419372558594,1.862645149230957e-09,2.191190242767334,2.477536678314209,21.655345916748047,1.239419937133789
457,bs_beamformer,-5.704350769519806e-09,9.55987195968628,44.28657760620117,0.0,19478.6564453125,0.07906282693147659,0.6446048617362976,41.616744656018916,42.37318011496798,60.64720916748047,9.313225746154785e-10,1.409817099571228,2.3238160610198975,18.755857467651367,1.0463217496871948
457,uav_trajectory,6.281770765781403e-08,8.303431129455566,15.968277549743652,0.0,21048.447265625,0.11308284103870392,0.6568924188613892,36.67545183479786,37.39979158900147,62.821781158447266,-6.100162863731384e-08,1.6535900831222534,2.2403903007507324,10.645539283752441,0.45338714122772217
457,jammer_beamformer,-6.975606083869935e-08,6.846866512298584,43.006100463867185,0.0,12714.2232421875,0.1282738745212555,0.6132441759109497,50.011964179873466,51.86315173758846,68.50640869140625,7.031485438346863e-08,1.5497252941131592,2.3623785972595215,21.716049194335938,1.2431824207305908
458,bs_beamformer,9.080395102500916e-09,10.07301664352417,44.25474815368652,0.0,20905.8912109375,0.11778226494789124,0.6144340634346008,40.908083483532074,41.935586959676435,61.47027587890625,-5.587935447692871e-09,1.9554532766342163,1.9461125135421753,18.814456939697266,1.0499062538146973
458,uav_trajectory,-2.1094456315040587e-08,13.115433979034425,15.954449558258057,0.0,24603.846484375,0.08339278399944305,0.611381471157074,34.71502738972505,36.6018677262214,64.45398712158203,1.955777406692505e-08,2.516714096069336,2.1621487140655518,10.68134880065918,0.455567866563797
458,jammer_beamformer,-1.925509423017502e-08,6.253683280944824,42.97653732299805,0.0,77640.60078125,0.1312594711780548,0.5968379974365234,47.33667605155706,50.310720866119404,69.19075775146484,1.6763806343078613e-08,1.060724139213562,2.4379684925079346,21.766555786132812,1.2460647821426392
459,bs_beamformer,-3.064051270484924e-08,11.07771921157837,44.23135681152344,0.0,23116.301416015624,0.09429295361042023,0.6428067684173584,42.242570174738766,42.906515452088954,61.549827575683594,2.7474015951156616e-08,1.843582034111023,2.6896965503692627,18.85662269592285,1.0525082349777222
459,uav_trajectory,-4.703179001808166e-09,11.370079612731933,15.9400164604187,0.0,14446.5083984375,0.047592777758836746,0.6159915924072266,37.19611144646009,37.835374030206964,63.58158493041992,4.6566128730773926e-09,1.4912937879562378,2.198626756668091,10.713841438293457,0.4575592875480652
459,jammer_beamformer,1.671724021434784e-08,10.434430694580078,42.94426345825195,0.0,6680.90908203125,0.09614808112382889,0.5661927461624146,49.82364584386349,51.91821487924029,68.71973419189453,-1.6763806343078613e-08,1.7801049947738647,2.429638385772705,21.80533218383789,1.2482149600982666
460,bs_beamformer,-8.800998330116271e-09,10.057856464385987,44.19739875793457,0.0,14305.88515625,0.08519232273101807,0.6092784404754639,41.407646788209675,42.32178359473246,61.127166748046875,3.725290298461914e-09,1.1931822299957275,2.5672507286071777,18.895854949951172,1.0548839569091797
460,uav_trajectory,-5.2619725465774536e-08,8.902693843841552,15.91900281906128,0.0,25398.5263671875,0.08815315365791321,0.65925133228302,37.280210556825004,37.90475295429817,63.63739013671875,5.727633833885193e-08,1.3258286714553833,2.205631732940674,10.762195587158203,0.46044838428497314
460,jammer_beamformer,-8.940696716308593e-09,9.609672832489014,42.881513595581055,0.0,39982.9953125,0.11066456884145737,0.5852200984954834,50.003862083256244,52.157049866870345,69.55225372314453,1.0244548320770264e-08,1.4436920881271362,2.7186248302459717,21.899715423583984,1.2540888786315918
461,bs_beamformer,3.594905138015747e-08,12.902726650238037,44.15866394042969,0.0,75496.18125,0.06353168189525604,0.6290106773376465,38.096595374137166,40.250223583588074,60.8567008972168,-3.91155481338501e-08,1.5280320644378662,2.3942041397094727,18.965126037597656,1.0590920448303223
461,uav_trajectory,6.658956408500672e-09,15.022346019744873,15.903462123870849,0.0,26720.466796875,0.03625442832708359,0.6067514419555664,34.284634540955224,36.563604137000944,64.28099822998047,-1.210719347000122e-08,2.1322033405303955,2.508819103240967,10.807758331298828,0.4631255865097046
461,jammer_beamformer,-9.685754776000977e-09,8.944359493255615,42.83983879089355,0.0,34370.4341796875,0.09722790122032166,0.5953137278556824,46.52610184812546,50.10825374634254,69.05175018310547,1.1175870895385742e-08,1.4195890426635742,2.6517245769500732,21.990280151367188,1.259732723236084
462,bs_beamformer,-3.133900463581085e-08,11.739896965026855,44.13566093444824,0.0,22249.7501953125,0.08401408791542053,0.6480398774147034,41.47008359915018,42.53562262679582,61.31453323364258,3.073364496231079e-08,1.5714348554611206,2.3530068397521973,19.00871467590332,1.0617769956588745
462,uav_trajectory,-1.6298145055770874e-08,17.044330024719237,15.888589477539062,0.0,23901.7,0.024431545287370682,0.6124660968780518,37.13213751564423,37.925125148519214,64.48307800292969,1.6298145055770874e-08,2.1145641803741455,2.453892707824707,10.84421157836914,0.4653204381465912
462,jammer_beamformer,-1.0104849934577942e-08,8.227811527252197,42.81489944458008,0.0,47489.8015625,0.10835539549589157,0.5901060700416565,49.8679749122262,52.115459022961545,69.58104705810547,9.080395102500916e-09,1.440260648727417,2.6054017543792725,22.04127311706543,1.2629847526550293
463,bs_beamformer,-1.618172973394394e-08,10.301253032684325,44.11357803344727,0.0,50786.57890625,0.1150602400302887,0.6136297583580017,43.19452085724473,43.60195027814064,61.94515609741211,1.7229467630386353e-08,2.0824873447418213,1.8605620861053467,19.044002532958984,1.0640232563018799
463,uav_trajectory,-1.2689270079135895e-08,11.936626625061034,15.87458610534668,0.0,36062.3771484375,0.04853107035160065,0.5907084941864014,38.46679151924451,38.69489777774413,64.66292572021484,8.381903171539307e-09,1.528375267982483,2.7032318115234375,10.88001537322998,0.46752360463142395
463,jammer_beamformer,5.795154720544815e-08,7.1413829803466795,42.792060470581056,0.0,18163.51669921875,0.1362016648054123,0.6430885195732117,51.44275461745262,53.13709135546565,70.22709655761719,-6.193295121192932e-08,1.6163049936294556,2.8494181632995605,22.075441360473633,1.2652080059051514
464,bs_beamformer,-2.477318048477173e-08,14.859614658355714,44.09509811401367,0.0,25760.607373046874,0.05458893999457359,0.6204009056091309,44.201251755714416,44.226924567199845,62.25448989868164,2.1420419216156006e-08,1.6855957508087158,2.0429527759552,19.074941635131836,1.0659582614898682
464,uav_trajectory,-1.387670636177063e-08,7.882583141326904,15.86271390914917,0.0,20653.7326171875,0.10781218856573105,0.5712610483169556,39.854053280115124,39.38385712685559,64.8254165649414,1.6763806343078613e-08,1.541167140007019,2.038278818130493,10.910749435424805,0.4693670868873596
464,jammer_beamformer,-2.0116567611694337e-08,5.4174652099609375,42.765933990478516,0.0,73617.455078125,0.14410503208637238,0.5927120447158813,52.62819675958156,53.884335534160456,69.68346405029297,2.0954757928848267e-08,1.5115723609924316,2.480048179626465,22.122102737426758,1.268022060394287
465,bs_beamformer,1.853331923484802e-08,12.285605525970459,44.06477699279785,0.0,26054.28447265625,0.10378207266330719,0.6337365508079529,43.1745723657906,43.608126817302036,61.74186706542969,-1.932494342327118e-08,2.2654175758361816,2.366415500640869,19.111915588378906,1.068130373954773
465,uav_trajectory,9.906943887472153e-08,5.969125556945801,15.84831190109253,0.0,16374.184375,0.1294928789138794,0.5864575505256653,39.00131233986219,39.092897667271664,64.84440612792969,-9.313225746154785e-08,1.2433140277862549,2.294348955154419,10.941411972045898,0.47123095393180847
465,jammer_beamformer,1.9744038581848144e-08,8.777062320709229,42.74553871154785,0.0,14815.573046875,0.10348865389823914,0.5814163088798523,51.69537947064638,53.36229244629003,69.62410736083984,-2.0023435354232788e-08,1.244793176651001,2.361360549926758,22.157806396484375,1.2701035737991333
466,bs_beamformer,1.1641532182693481e-09,9.28844928741455,44.03622665405273,0.0,54900.36171875,0.11221200227737427,0.5964089632034302,43.259902669519185,43.45559596032844,61.50010681152344,2.3283064365386963e-09,1.623095154762268,2.552217721939087,19.162933349609375,1.0711132287979126
466,uav_trajectory,-3.01748514175415e-08,12.040677928924561,15.8297625541687,0.0,24867.6123046875,0.04121299088001251,0.6474693417549133,40.06030069796244,39.651676020429,64.85015869140625,3.4458935260772705e-08,1.4131187200546265,2.4159505367279053,10.984902381896973,0.4738208055496216
466,jammer_beamformer,6.50063157081604e-08,9.67207736968994,42.71251602172852,0.0,12581.2607421875,0.12643253803253174,0.6572234034538269,52.38093744415045,53.72810452221229,69.93183135986328,-6.239861249923706e-08,2.1675949096679688,2.2708866596221924,22.198286056518555,1.2725203037261963
467,bs_beamformer,-1.4435499906539917e-09,6.963707065582275,44.01790771484375,0.0,54721.7126953125,0.14002832770347595,0.6280320286750793,41.81733641479164,42.74219069806033,61.81643295288086,1.862645149230957e-09,1.499617576599121,2.468099594116211,19.199554443359375,1.0733007192611694
467,uav_trajectory,3.715977072715759e-08,8.434558010101318,15.812558460235596,0.0,28253.640234375,0.08206084370613098,0.6016446948051453,38.45281206134955,38.98846077744585,66.015380859375,-3.585591912269592e-08,1.4888755083084106,2.7731337547302246,11.03041934967041,0.47647273540496826
467,jammer_beamformer,-1.3741664588451387e-07,8.822064876556396,42.661006927490234,0.0,9453.36474609375,0.10055772960186005,0.5913654565811157,50.359953622579575,52.53577440240143,69.96593475341797,1.3690441846847534e-07,1.4918513298034668,2.1108827590942383,22.269176483154297,1.276778221130371
468,bs_beamformer,-5.51808625459671e-08,7.800815057754517,44.00037803649902,0.0,18886.3583984375,0.11462569236755371,0.6119279265403748,42.98597311627865,43.635942873218404,62.15774917602539,5.494803190231323e-08,1.6171671152114868,2.34065318107605,19.22272491455078,1.0747244358062744
468,uav_trajectory,4.1443854570388794e-08,5.970654821395874,15.794848728179932,0.0,14197.7255859375,0.11780329048633575,0.5912696719169617,38.94829866866271,39.36242679397355,65.48160552978516,-3.91155481338501e-08,1.3148828744888306,2.601163864135742,11.06988525390625,0.4787765443325043
468,jammer_beamformer,-3.8614962249994277e-08,9.575370025634765,42.59831657409668,0.0,27068.981640625,0.09523704648017883,0.5643691420555115,51.68374729752541,53.547203672687104,70.59391784667969,4.284083843231201e-08,1.5625685453414917,2.706339120864868,22.374723434448242,1.2832852602005005
469,bs_beamformer,-4.1211023926734924e-08,8.002068185806275,43.96852111816406,0.0,9860.514331054688,0.13887058198451996,0.6541210412979126,42.813391291230914,43.71859308543991,62.80601119995117,4.190951585769653e-08,2.0178420543670654,2.112053155899048,19.263608932495117,1.0771936178207397
469,uav_trajectory,1.1103693395853042e-07,5.721360158920288,15.775354480743408,0.0,31662.6267578125,0.14481502771377563,0.6338949799537659,38.628465058286984,39.286658933858696,66.02616119384766,-1.0943040251731873e-07,1.611583948135376,2.2830302715301514,11.118575096130371,0.48163846135139465
469,jammer_beamformer,1.7392449080944062e-08,20.23475513458252,42.559247207641604,0.0,27963.5154296875,0.006734704133123159,0.6051845550537109,50.911142462551595,53.23935384642997,70.4797134399414,-1.7229467630386353e-08,1.7292866706848145,2.4987499713897705,22.457509994506836,1.2884172201156616
470,bs_beamformer,-4.377216100692749e-09,6.858825254440307,43.92044944763184,0.0,13093.647265625,0.1252991259098053,0.6377319693565369,39.57690171818435,40.655110675660154,62.82773971557617,3.725290298461914e-09,1.6622893810272217,2.7481749057769775,19.3269100189209,1.0809903144836426
470,uav_trajectory,-2.169981598854065e-08,6.863274097442627,15.759168529510498,0.0,32550.4111328125,0.10933540016412735,0.6237936019897461,25.81168831684192,32.6268990253054,66.15426635742188,2.1420419216156006e-08,1.3663426637649536,2.5103721618652344,11.163971900939941,0.4843091070652008
470,jammer_beamformer,1.4016404747962952e-08,19.01959819793701,42.52640380859375,0.0,11287.88271484375,0.007318256422877312,0.5675193071365356,34.31159601509571,42.69105636042612,70.8322525024414,-1.210719347000122e-08,1.5491026639938354,2.549917697906494,22.509174346923828,1.2916203737258911
471,bs_beamformer,-4.0931627154350283e-08,6.9625479221344,43.87220001220703,0.0,32743.9919921875,0.12330891191959381,0.637597382068634,44.15544974578917,44.56441530815556,63.43285369873047,4.284083843231201e-08,1.3460497856140137,2.6828296184539795,19.414430618286133,1.086276650428772
471,uav_trajectory,-3.511086106300354e-08,13.742726898193359,15.74416389465332,0.0,34042.643359375,0.02914588525891304,0.5719237923622131,39.60246898814042,39.89649191615787,66.71492767333984,3.725290298461914e-08,1.912614107131958,2.5158894062042236,11.201289176940918,0.48656797409057617
471,jammer_beamformer,8.102506399154662e-09,15.407795429229736,42.48482551574707,0.0,28008.340625,0.025215191766619682,0.5780256390571594,52.346301943421366,54.167731324715646,70.91976928710938,-7.450580596923828e-09,1.4032458066940308,2.5309157371520996,22.577991485595703,1.2957282066345215
472,bs_beamformer,9.650830179452896e-08,6.822569751739502,43.83805885314941,0.0,55522.034765625,0.12922729551792145,0.5829528570175171,42.98890436919034,43.80830188624552,63.80520248413086,-9.96515154838562e-08,1.5927289724349976,2.4858527183532715,19.479721069335938,1.0901741981506348
472,uav_trajectory,-1.1967495083808899e-08,11.587206935882568,15.729239654541015,0.0,28561.9521484375,0.04287669062614441,0.5932863354682922,36.31896692864597,38.478353074754345,66.35498046875,1.0244548320770264e-08,1.2605109214782715,2.5426807403564453,11.237046241760254,0.4887288212776184
472,jammer_beamformer,3.287568688392639e-08,11.758080577850341,42.44987564086914,0.0,17669.710546875,0.05589248239994049,0.6191635727882385,48.70360742932558,51.699770024668844,70.59297180175781,-3.91155481338501e-08,1.5657495260238647,3.0216147899627686,22.641664505004883,1.299461841583252
473,bs_beamformer,-5.238689482212067e-09,10.594344520568848,43.817453384399414,0.0,94291.771875,0.08501285314559937,0.5989315509796143,37.96738656442612,40.94449745325642,63.49287033081055,7.916241884231567e-09,1.6627100706100464,1.7083609104156494,19.52130699157715,1.0926495790481567
473,uav_trajectory,6.658956408500672e-09,16.801418685913085,15.714055061340332,0.0,27162.5275390625,0.01575162447988987,0.5743401050567627,28.073044728577138,34.16316996038788,66.25601196289062,-5.587935447692871e-09,1.7722350358963013,2.9499754905700684,11.274330139160156,0.4909552335739136
473,jammer_beamformer,8.745118975639344e-08,10.577495861053468,42.41334342956543,0.0,11042.74755859375,0.08165927231311798,0.5631777048110962,40.698529957056046,46.62008032825531,71.00369262695312,-8.940696716308594e-08,1.4515067338943481,2.132903814315796,22.696165084838867,1.3026565313339233
474,bs_beamformer,4.9942173063755035e-08,8.183389949798585,43.80375785827637,0.0,26839.7197265625,0.13537828624248505,0.5939278602600098,43.051490464761855,43.89153288764217,63.96416473388672,-4.423782229423523e-08,2.0529870986938477,2.552645683288574,19.544654846191406,1.0940355062484741
474,uav_trajectory,6.100162863731384e-09,13.745300579071046,15.701229190826416,0.0,27590.103125,0.01948736421763897,0.6606213450431824,35.98916286180417,38.43100774717509,66.37503051757812,-6.05359673500061e-09,1.5798059701919556,2.4067647457122803,11.307841300964355,0.4930681586265564
474,jammer_beamformer,-5.727633833885193e-09,13.044857692718505,42.34711456298828,0.0,7080.20478515625,0.06740280985832214,0.600204586982727,48.10919254869223,51.57835268445587,70.97148895263672,1.0011717677116394e-08,1.7393790483474731,1.8509079217910767,22.77973175048828,1.3074207305908203
475,bs_beamformer,-6.142072379589081e-08,14.407710647583007,43.788997650146484,0.0,87425.946875,0.04009857773780823,0.6038205027580261,43.29528516429663,44.28791024250439,63.257747650146484,5.960464477539063e-08,1.6318384408950806,2.1394765377044678,19.568153381347656,1.0954478979110718
475,uav_trajectory,-3.9907172322273256e-08,11.785146617889405,15.686293888092042,0.0,19134.2572265625,0.02898712456226349,0.6145073771476746,38.1505636116763,39.47214217184994,67.81645202636719,4.190951585769653e-08,1.170019268989563,2.715085506439209,11.338760375976562,0.49500831961631775
475,jammer_beamformer,-3.91155481338501e-09,16.946397018432616,42.26660652160645,0.0,21624.8212890625,0.01006816141307354,0.5820147395133972,50.72804843866825,53.48395723504734,71.79483032226562,8.381903171539307e-09,1.2500114440917969,2.4234867095947266,22.92209243774414,1.3161184787750244
476,bs_beamformer,-5.360925570130348e-08,7.744851398468017,43.77179870605469,0.0,17279.16787109375,0.13324451446533203,0.6095362305641174,44.867111671730875,45.191177485125856,63.70542526245117,5.587935447692871e-08,1.955854892730713,2.293651580810547,19.587860107421875,1.096625566482544
476,uav_trajectory,-3.115274012088776e-08,7.34410252571106,15.666565799713135,0.0,44539.70390625,0.09765712171792984,0.5552648305892944,40.78277469543616,40.79448129073063,67.17498016357422,3.3993273973464966e-08,1.1947568655014038,2.7705531120300293,11.384610176086426,0.4977339506149292
476,jammer_beamformer,-4.302710294723511e-08,9.816776847839355,42.209515762329104,0.0,45712.406640625,0.08455308526754379,0.5919708013534546,53.055678673803804,54.87272587131492,71.7739486694336,4.377216100692749e-08,1.5142419338226318,2.602440118789673,23.037263870239258,1.3233287334442139
477,bs_beamformer,-5.471520125865936e-09,4.907003116607666,43.74445266723633,0.0,63809.27109375,0.1518010050058365,0.5903968214988708,44.44554519540071,45.01015133475633,63.98087692260742,9.313225746154785e-09,1.4069011211395264,2.3580000400543213,19.62880516052246,1.0990313291549683
477,uav_trajectory,-6.984919309616089e-10,16.309947395324706,15.652165985107422,0.0,50668.50625,0.000475538894534111,0.5737987756729126,40.80275045633316,40.884395618783245,67.59217071533203,2.7939677238464355e-09,1.399381399154663,2.578659772872925,11.427309036254883,0.5002880692481995
477,jammer_beamformer,-4.819594323635101e-08,9.96005277633667,42.16726379394531,0.0,11588.824462890625,0.0955275446176529,0.6463935375213623,53.19530561888218,55.112592588233994,72.0622329711914,3.818422555923462e-08,1.5631568431854248,2.417104959487915,23.1121826171875,1.3280456066131592
478,bs_beamformer,1.0337680578231811e-08,12.36478786468506,43.7241096496582,0.0,46565.9828125,0.05323994904756546,0.5994150042533875,42.65345342345536,43.88958185853985,64.16748046875,-1.862645149230957e-08,1.4823806285858154,2.3232839107513428,19.665925979614258,1.101250410079956
478,uav_trajectory,4.0372833609580995e-08,7.212926435470581,15.640794563293458,0.0,27402.71015625,0.12109566479921341,0.6082991361618042,36.585744679515564,39.02275410878549,67.75228118896484,-4.423782229423523e-08,1.595968246459961,1.921686053276062,11.456292152404785,0.5020636916160583
478,jammer_beamformer,3.864988684654236e-08,9.198062419891357,42.11091232299805,0.0,15877.56796875,0.0699123814702034,0.6204806566238403,49.55670789545774,53.1016118913648,72.23175048828125,-3.073364496231079e-08,1.5919709205627441,2.318646192550659,23.19991111755371,1.3336408138275146
479,bs_beamformer,-2.8405338525772095e-08,7.63701639175415,43.708740234375,0.0,43493.38828125,0.11579872667789459,0.5851064324378967,45.30623219433427,45.49748266605624,64.47183990478516,3.166496753692627e-08,1.6498026847839355,2.283695936203003,19.692739486694336,1.1028339862823486
479,uav_trajectory,-1.525040715932846e-08,14.689115142822265,15.627409744262696,0.0,29301.5849609375,0.036159805953502655,0.6334957480430603,40.93185562245051,41.101217175643285,68.14803314208984,1.6530975699424744e-08,2.0540411472320557,2.372626543045044,11.487215042114258,0.5039064884185791
479,jammer_beamformer,-4.6566128730773926e-09,11.113734340667724,42.06321487426758,0.0,46884.9890625,0.08482743054628372,0.6195130348205566,53.85603772509098,55.692165380467145,72.63933563232422,8.381903171539307e-09,1.9646592140197754,2.355879783630371,23.29130744934082,1.3390127420425415
480,bs_beamformer,1.4062970876693725e-08,9.199785232543945,43.69099998474121,0.0,50612.206640625,0.10386621952056885,0.6002616286277771,44.47640780651942,45.114083257845294,64.37071990966797,-1.6763806343078613e-08,1.9409433603286743,2.1489527225494385,19.71763038635254,1.1042654514312744
480,uav_trajectory,2.3096799850463868e-08,14.690297508239746,15.610811805725097,0.0,15535.89345703125,0.0249783955514431,0.6155989170074463,40.91563750845194,41.15456931253318,68.0115737915039,-2.5262124836444855e-08,1.8190603256225586,2.0601179599761963,11.524582862854004,0.5061395168304443
480,jammer_beamformer,-6.682239472866058e-09,10.21115608215332,42.0345458984375,0.0,79629.88515625,0.09224986284971237,0.573221743106842,53.79504496330023,55.76568207537969,73.35774993896484,9.546056389808655e-09,1.9893850088119507,2.470065116882324,23.353775024414062,1.3425631523132324
481,bs_beamformer,-1.802109181880951e-08,13.486819744110107,43.671474075317384,0.0,22907.2875,0.061656638979911804,0.5912191271781921,43.88362204429507,44.80401481583363,63.81645584106445,1.7229467630386353e-08,2.035543203353882,2.98901629447937,19.747060775756836,1.1060084104537964
481,uav_trajectory,9.918585419654847e-09,15.443507385253906,15.590049839019775,0.0,28029.14140625,0.016396883875131607,0.5611234307289124,40.280007311969996,41.001143196420244,67.96469116210938,-1.7695128917694092e-08,1.8240649700164795,2.3741469383239746,11.574909210205078,0.5092226266860962
481,jammer_beamformer,6.1932951211929325e-09,16.44917163848877,42.017703247070315,0.0,71686.05546875,0.011663805693387985,0.624058723449707,53.38683717310428,55.6596756831563,73.15141296386719,-1.862645149230957e-09,1.6751630306243896,2.020210027694702,23.388687133789062,1.3446871042251587
482,bs_beamformer,2.260785549879074e-08,12.069664096832275,43.64631958007813,0.0,27098.79033203125,0.06909610331058502,0.5923808813095093,43.71329909096658,44.66917974753865,64.72854614257812,-2.7008354663848877e-08,1.5975072383880615,2.167994737625122,19.783430099487305,1.1081676483154297
482,uav_trajectory,-4.656612873077393e-10,7.27873477935791,15.570800590515137,0.0,28754.8611328125,0.14302152395248413,0.6253617405891418,39.61270827972889,40.81196925439028,68.32039642333984,1.862645149230957e-09,2.21932315826416,1.997469425201416,11.62581729888916,0.5123633742332458
482,jammer_beamformer,-2.577435225248337e-08,12.433229637145995,42.005079650878905,0.0,50583.108203125,0.06526735424995422,0.5806806683540344,53.84535825407505,55.88624985513942,73.2408676147461,2.7474015951156616e-08,1.9827523231506348,1.8759335279464722,23.411422729492188,1.3461506366729736
483,bs_beamformer,2.7939677238464355e-08,16.634013748168947,43.60819969177246,0.0,16293.404638671875,0.021939635276794434,0.5872669219970703,43.24969612528384,44.37979767827168,63.87651443481445,-2.514570951461792e-08,1.5127156972885132,2.419142723083496,19.83100700378418,1.111013412475586
483,uav_trajectory,6.984919309616089e-09,15.72639799118042,15.553775405883789,0.0,31795.773046875,-0.01131865568459034,0.5869967937469482,40.23384689712525,41.16218447505623,69.0231704711914,-5.587935447692871e-09,1.5580202341079712,2.308154821395874,11.670340538024902,0.5151671171188354
483,jammer_beamformer,-8.319038897752762e-08,7.482132148742676,41.991158676147464,0.0,62512.86328125,0.0910508930683136,0.5971025824546814,53.530584965109824,55.8114508024405,73.1138916015625,8.940696716308594e-08,1.20182466506958,2.920201539993286,23.433744430541992,1.3475455045700073
484,bs_beamformer,-4.190951585769653e-09,19.663183212280273,43.56361541748047,0.0,39853.7056640625,-0.00965355709195137,0.5792214274406433,44.70261019435525,45.27889217387375,64.0006103515625,1.862645149230957e-09,1.6542631387710571,2.6143338680267334,19.90113639831543,1.1152622699737549
484,uav_trajectory,-5.2852556109428406e-08,8.046328735351562,15.539576721191406,0.0,33219.216015625,0.0642930120229721,0.6192732453346252,41.82382331291834,42.00343988993649,68.85448455810547,5.774199962615967e-08,1.4207340478897095,2.1414661407470703,11.708349227905273,0.5175439715385437
484,jammer_beamformer,-3.16184014081955e-08,11.86603593826294,41.96467552185059,0.0,11094.953759765625,0.03962660953402519,0.6252735257148743,55.079947314918044,56.649401691401074,73.61630249023438,3.026798367500305e-08,1.289345383644104,2.59232234954834,23.45708465576172,1.3489892482757568
485,bs_beamformer,-1.227017492055893e-08,14.036314868927002,43.526130294799806,0.0,13421.233837890624,0.03281779587268829,0.5844471454620361,44.643523512221876,45.21593515927886,64.34693908691406,1.0244548320770264e-08,1.5031894445419312,2.7922770977020264,19.96405601501465,1.1190146207809448
485,uav_trajectory,1.585576683282852e-08,11.292378997802734,15.524615573883057,0.0,25533.6626953125,0.03586242347955704,0.6472573280334473,42.02328114461899,42.09534631474636,69.39812469482422,-1.6763806343078613e-08,1.8518867492675781,2.115612506866455,11.742471694946289,0.5195757150650024
485,jammer_beamformer,-1.2014061212539673e-08,12.04159173965454,41.91500053405762,0.0,69500.77578125,0.0723726898431778,0.5815762281417847,54.78568494796753,56.62979272275232,73.1881103515625,9.778887033462524e-09,1.987480640411377,2.8402934074401855,23.537254333496094,1.3539607524871826
486,bs_beamformer,1.0011717677116394e-08,15.2425142288208,43.475547790527344,0.0,19095.48828125,0.028953883796930313,0.576678991317749,45.635367557913064,45.96514213610877,65.0128402709961,-5.587935447692871e-09,1.6674116849899292,2.2089877128601074,20.033496856689453,1.1231216192245483
486,uav_trajectory,3.753229975700378e-08,9.174770927429199,15.506164646148681,0.0,20308.7001953125,0.08070427924394608,0.6304568648338318,43.242558414141335,42.6720017545541,69.72303009033203,-4.0046870708465576e-08,2.086416006088257,1.9954391717910767,11.782175064086914,0.5219241976737976
486,jammer_beamformer,3.438908606767654e-08,11.091634273529053,41.88479499816894,0.0,43813.384375,0.05677563324570656,0.5695217251777649,55.78399367451668,57.228260361486406,74.39320373535156,-3.725290298461914e-08,1.4694032669067383,2.339900255203247,23.60173225402832,1.3579107522964478
487,bs_beamformer,6.28642737865448e-09,11.922661876678466,43.42489356994629,0.0,19011.3921875,0.06070127338171005,0.5910628437995911,45.46907802131772,45.907852116117674,65.00448608398438,-4.190951585769653e-09,1.6068956851959229,2.710294723510742,20.118724822998047,1.128244161605835
487,uav_trajectory,-4.805624485015869e-08,10.41039981842041,15.48612699508667,0.0,34620.36171875,0.07552091032266617,0.6172493696212769,40.74649375806252,41.59935726372779,69.73331451416016,4.866160452365875e-08,2.2518951892852783,2.171222686767578,11.832261085510254,0.5248733162879944
487,jammer_beamformer,6.426125764846802e-09,10.959873485565186,41.8578369140625,0.0,9868.69873046875,0.05939096212387085,0.6623325943946838,53.96179946243763,56.089913613127685,73.82804107666016,-1.0244548320770264e-08,1.8533917665481567,2.6013708114624023,23.640426635742188,1.3603968620300293
488,bs_beamformer,1.1175870895385742e-09,16.611976623535156,43.38333969116211,0.0,37819.718359375,-0.010340820997953415,0.5853695869445801,46.0547640286088,46.462963345068566,66.15251922607422,-1.6298145055770874e-09,1.1297314167022705,3.059319019317627,20.19608497619629,1.1328765153884888
488,uav_trajectory,3.4971162676811216e-08,11.396575832366944,15.468935585021972,0.0,26302.7919921875,0.026811134070158005,0.6151471138000488,42.28229575673739,42.430204204843164,69.72703552246094,-3.026798367500305e-08,1.4682611227035522,2.3504650592803955,11.877788543701172,0.5275355577468872
488,jammer_beamformer,-2.1653249859809875e-08,9.316164207458495,41.81703605651855,0.0,59656.2828125,0.0755230039358139,0.5972771644592285,55.24369273066521,57.092799463609005,74.68315887451172,1.7695128917694092e-08,1.5800269842147827,2.035337209701538,23.70637321472168,1.3650373220443726
489,bs_beamformer,-9.778887033462524e-09,17.116917037963866,43.35472450256348,0.0,40821.6740234375,0.023578424006700516,0.6327685713768005,43.2877584605217,44.561557049609604,65.74443054199219,1.1641532182693481e-08,2.11373233795166,2.0521080493927,20.250404357910156,1.1361362934112549
489,uav_trajectory,1.1874362826347351e-08,9.631641292572022,15.449835872650146,0.0,29856.340625,0.044314488768577576,0.6145880222320557,37.37271428261201,40.133202495930696,70.44121551513672,-1.0244548320770264e-08,1.7391078472137451,2.4547770023345947,11.923592567443848,0.5302240252494812
489,jammer_beamformer,9.452924132347107e-09,12.750196743011475,41.787548828125,0.0,57869.18671875,0.030606620013713837,0.6034640669822693,49.955829155743125,53.86671358053453,74.31405639648438,-1.30385160446167e-08,1.0522446632385254,2.562575340270996,23.76854705810547,1.3693122863769531
490,bs_beamformer,-1.769512891769409e-09,14.150115776062012,43.33504371643066,0.0,87718.59375,0.034380726516246796,0.6623933911323547,40.31825334098935,42.193733815581915,66.08799743652344,-2.7939677238464355e-09,1.72194504737854,2.077331304550171,20.28754234313965,1.1383686065673828
490,uav_trajectory,-4.0046870708465575e-09,16.36544303894043,15.430373859405517,0.0,18575.94658203125,-0.00914857629686594,0.6236151456832886,29.42487768530225,36.01291173824008,69.97093963623047,8.381903171539307e-09,1.8341090679168701,2.8775713443756104,11.972490310668945,0.5331581234931946
490,jammer_beamformer,-1.5366822481155396e-08,11.78471918106079,41.76532974243164,0.0,49027.871875,0.05078105628490448,0.6052543520927429,40.09593972265721,47.98877306519279,74.2735595703125,2.2118911147117615e-08,1.2985174655914307,2.710207223892212,23.809925079345703,1.372023582458496
491,bs_beamformer,-1.993030309677124e-08,22.007627105712892,43.30841636657715,0.0,10673.650048828125,-0.029798123985528946,0.5879355669021606,42.67008305736631,44.568867894172946,66.56448364257812,1.862645149230957e-08,1.7246636152267456,2.4984025955200195,20.31192970275879,1.1398130655288696
491,uav_trajectory,-2.852175384759903e-08,4.65439248085022,15.408580493927001,0.0,23417.8435546875,0.14450857043266296,0.5952757596969604,39.3656004952391,41.34220043052031,70.57179260253906,2.468004822731018e-08,1.6330044269561768,2.220914602279663,12.025501251220703,0.536329448223114
491,jammer_beamformer,5.4016709327697754e-08,9.94782247543335,41.744833374023436,0.0,36413.3501953125,0.06969185918569565,0.6158394813537598,52.05709771430492,55.23413266972558,74.98664855957031,-5.029141902923584e-08,1.5631804466247559,2.4705545902252197,23.844257354736328,1.3742173910140991
492,bs_beamformer,-3.958120942115784e-09,16.864124488830566,43.25463218688965,0.0,11109.462744140625,-0.0032829437404870987,0.563850462436676,43.22696338957548,44.94441890557355,65.62708282470703,9.778887033462524e-09,1.354620337486267,2.0184876918792725,20.387670516967773,1.144487738609314
492,uav_trajectory,-5.727633833885193e-09,15.540719509124756,15.389530277252197,0.0,47159.5982421875,0.007320617791265249,0.6183164119720459,40.359678357938925,41.845743022333224,71.13961791992188,2.561137080192566e-09,1.863309383392334,2.4577784538269043,12.079331398010254,0.5395795702934265
492,jammer_beamformer,1.5599653124809265e-08,9.007231140136719,41.71420402526856,0.0,12232.7650390625,0.08667594194412231,0.611292839050293,53.14933714264631,56.07025914759136,74.4146728515625,-1.1641532182693481e-08,1.5017269849777222,2.192211151123047,23.880382537841797,1.3764333724975586
493,bs_beamformer,-1.5692785382270814e-08,12.747227096557618,43.19035682678223,0.0,109455.23203125,0.05403956025838852,0.6225019693374634,26.969991402976216,34.20754424476621,66.15796661376953,1.6763806343078613e-08,2.152613401412964,2.5616655349731445,20.490230560302734,1.1507587432861328
493,uav_trajectory,-6.53788447380066e-08,8.934997272491454,15.375911426544189,0.0,49832.771484375,0.0715576559305191,0.6135401725769043,22.728716280048094,31.86768531408535,70.21345520019531,6.891787052154541e-08,1.6258827447891235,2.089618682861328,12.11925220489502,0.5420045852661133
493,jammer_beamformer,-4.656612873077393e-10,10.037900066375732,41.66157989501953,0.0,12747.94951171875,0.06444783508777618,0.5656766295433044,32.07461086167395,42.60676813371401,74.25666046142578,9.313225746154785e-10,1.441975474357605,2.638723373413086,23.96092987060547,1.3813449144363403
494,bs_beamformer,8.521601557731629e-09,11.493665027618409,43.13820266723633,0.0,10363.28271484375,0.07208523154258728,0.5538506507873535,14.573521344520152,17.06869969446015,41.02626419067383,-5.587935447692871e-09,1.644863247871399,2.2118935585021973,20.576618194580078,1.156032681465149
494,uav_trajectory,3.725290298461914e-09,10.729592895507812,15.364243030548096,0.0,26559.3935546875,0.08361335098743439,0.5975351929664612,1.2261298260788123,1.4343902861896116,4.568758964538574,-3.958120942115784e-09,2.2669904232025146,2.2124714851379395,12.150422096252441,0.5438639521598816
494,jammer_beamformer,-7.888302206993103e-08,5.404526424407959,41.60826072692871,0.0,7058.545556640625,0.11658336967229843,0.5869961977005005,5.013965724430978,6.477853496845235,24.4293212890625,8.009374141693115e-08,1.5155353546142578,2.3432936668395996,24.042612075805664,1.386361002922058
495,bs_beamformer,-7.653143256902694e-08,5.464692687988281,43.07516975402832,0.0,20217.530712890624,0.12390787154436111,0.5743843913078308,16.036993298381567,19.26350961192679,50.45726013183594,7.82310962677002e-08,1.2681124210357666,2.310109853744507,20.683530807495117,1.1624850034713745
495,uav_trajectory,-1.0477378964424133e-08,17.453651428222656,15.351040267944336,0.0,48742.77734375,-0.00720196682959795,0.6041032075881958,1.235270828773578,1.4585387080593009,5.0661091804504395,1.0244548320770264e-08,1.7600044012069702,2.1262240409851074,12.183980941772461,0.545892596244812
495,jammer_beamformer,-5.9558078646659854e-08,7.941770696640015,41.53444595336914,0.0,34760.973828125,0.0848945826292038,0.5941420197486877,5.603661232605576,7.524875835197329,24.20058822631836,5.727633833885193e-08,1.4740216732025146,2.316462516784668,24.170490264892578,1.394174575805664
496,bs_beamformer,1.955777406692505e-08,10.729338359832763,43.0181583404541,0.0,23636.98046875,0.05860767886042595,0.6125564575195312,45.49181994925439,46.58682603835942,67.23596954345703,-2.2351741790771484e-08,1.3890706300735474,3.166232109069824,20.782623291015625,1.16843581199646
496,uav_trajectory,-2.048909664154053e-09,11.545162773132324,15.338590526580811,0.0,32301.6875,0.043556611984968185,0.6229817271232605,42.25870859672626,42.83684116082906,71.60299682617188,3.725290298461914e-09,1.578811526298523,2.1304712295532227,12.217181205749512,0.5479326844215393
496,jammer_beamformer,1.7276033759117127e-08,9.224096393585205,41.483455657958984,0.0,32002.9611328125,0.0862521231174469,0.5914939641952515,55.719057685256004,57.86487028485666,75.47371673583984,-1.5832483768463135e-08,1.8683878183364868,2.624166488647461,24.27924346923828,1.4007936716079712
497,bs_beamformer,-4.7776848077774045e-08,10.775854206085205,42.97482528686523,0.0,37345.887890625,0.0579637847840786,0.6350798010826111,44.08407812642679,45.9287572962231,68.3663101196289,4.6566128730773926e-08,1.5668498277664185,2.6629703044891357,20.8659610748291,1.173494815826416
497,uav_trajectory,1.7182901501655578e-08,8.827049160003662,15.323276996612549,0.0,30707.7197265625,0.09026919305324554,0.5893633961677551,39.85504696500301,41.952446752499526,72.0069351196289,-1.862645149230957e-08,1.8990607261657715,2.957308530807495,12.251969337463379,0.5500831604003906
497,jammer_beamformer,-1.7415732145309448e-08,15.045828819274902,41.44456596374512,0.0,32726.3150390625,0.004721754230558872,0.5775085687637329,52.800894770801065,56.28508125118107,75.8033676147461,1.862645149230957e-08,1.2613288164138794,2.419074296951294,24.35482406616211,1.4053781032562256
498,bs_beamformer,-8.428469300270081e-09,17.925291061401367,42.944115829467776,0.0,33203.952734375,-0.001224602572619915,0.6311898231506348,47.631810130223634,47.97803159753506,68.17607116699219,6.51925802230835e-09,1.7170158624649048,1.9284722805023193,20.925640106201172,1.1770862340927124
498,uav_trajectory,-1.1944212019443512e-07,5.9686298847198485,15.308209991455078,0.0,29581.7009765625,0.10707578808069229,0.6113571524620056,44.843856610337895,44.317630209387765,72.23507690429688,1.2293457984924316e-07,1.2308951616287231,2.0335195064544678,12.291471481323242,0.552571713924408
498,jammer_beamformer,1.2759119272232055e-08,11.77612476348877,41.40666809082031,0.0,20369.093359375,0.0521170049905777,0.6212432980537415,57.90606879580021,59.39767776103381,76.26371002197266,-1.7695128917694092e-08,1.6837126016616821,2.160604476928711,24.413061141967773,1.4089198112487793
499,bs_beamformer,1.7089769244194032e-08,14.477400302886963,42.92080230712891,0.0,60138.325390625,0.026862747967243195,0.6350314021110535,46.379392688192425,47.15947752785126,67.55888366699219,-1.7695128917694092e-08,1.5998311042785645,1.8761001825332642,20.969560623168945,1.1796901226043701
499,uav_trajectory,4.996545612812042e-08,9.56879472732544,15.293445777893066,0.0,23881.4158203125,0.06015366315841675,0.5575222969055176,44.20927294488748,44.14316904902019,72.70155334472656,-5.8673322200775146e-08,1.4631528854370117,2.529906749725342,12.327627182006836,0.5547990798950195
499,jammer_beamformer,-8.754432201385498e-09,18.0007532119751,41.36682357788086,0.0,44956.473046875,-0.012627427466213703,0.6043994426727295,57.47833859419823,59.15182898291983,76.21436309814453,6.51925802230835e-09,1.9581941366195679,2.6934523582458496,24.489940643310547,1.413699746131897
500,bs_beamformer,-4.5821070671081546e-08,8.2909086227417,42.90181427001953,0.0,30964.252392578124,0.08354515582323074,0.6102433204650879,10.187484095551074,11.125347263872785,34.57379913330078,4.190951585769653e-08,1.4627515077590942,2.0989327430725098,21.001718521118164,1.1816186904907227
500,uav_trajectory,-7.82310962677002e-09,16.904737663269042,15.274897289276122,0.0,25775.0443359375,0.01207418367266655,0.6081328988075256,1.1445360407829284,1.3247901697036515,3.597939968109131,1.0244548320770264e-08,2.0706520080566406,1.9545440673828125,12.370857238769531,0.557343602180481
500,jammer_beamformer,-9.313225746154785e-10,11.130986499786378,41.3405704498291,0.0,82590.34140625,0.044301778078079224,0.5578988790512085,6.097988280512393,8.370303026010852,41.27714157104492,1.862645149230957e-09,1.653612732887268,2.6626250743865967,24.545181274414062,1.4171169996261597
