episode,global_step,fading_model,hidden_dim,avg_shaped_reward,avg_R_legit_mbps,avg_R_eve_mbps,avg_R_sec_mbps,eval_R_sec_mbps,last_eval_R_sec_mbps,steps,rolling20,rolling20_avg_R_sec_mbps,rolling100,rolling100_avg_R_sec_mbps,convergence_gap,convergence_gap20_100_mbps
1,200,rayleigh,64,5.253927687401532,9.480186700656416,3.9772858015266084,5.577331445583953,,,200,5.577331445583953,5.577331445583953,5.577331445583953,5.577331445583953,0.0,0.0
2,400,rayleigh,64,5.634637191407018,8.040482203022314,1.5597771983340747,6.513448341972245,,,200,6.045389893778099,6.045389893778099,6.045389893778099,6.045389893778099,0.0,0.0
3,600,rayleigh,64,6.425488137761123,7.777312362636014,0.9174482603094517,6.859864102326563,,,200,6.316881296627588,6.316881296627588,6.316881296627588,6.316881296627588,0.0,0.0
4,800,rayleigh,64,5.711306814650969,8.70600583170858,2.657093653812891,6.134821339494994,,,200,6.271366307344439,6.271366307344439,6.271366307344439,6.271366307344439,0.0,0.0
5,1000,rayleigh,64,6.351061183903473,7.351131531328376,0.7114330931571983,6.639698438171183,,,200,6.345032733509788,6.345032733509788,6.345032733509788,6.345032733509788,0.0,0.0
6,1200,rayleigh,64,2.4949212760522963,7.423150285404362,4.536859009071274,3.1183798638733236,,,200,5.807257255237044,5.807257255237044,5.807257255237044,5.807257255237044,0.0,0.0
7,1400,rayleigh,64,5.29804079973518,7.946615874013511,1.3001714256389663,6.661770713963444,,,200,5.929330606483672,5.929330606483672,5.929330606483672,5.929330606483672,0.0,0.0
8,1600,rayleigh,64,7.268749560804305,8.617792909966903,1.0525429952386491,7.565249914728249,,,200,6.133820520014244,6.133820520014244,6.133820520014244,6.133820520014244,0.0,0.0
9,1800,rayleigh,64,5.867689538892671,7.918808409058528,1.7373851211636342,6.2247704356609965,,,200,6.143926066197216,6.143926066197216,6.143926066197216,6.143926066197216,0.0,0.0
10,2000,rayleigh,64,5.533004461396314,7.245247402295202,1.3505671793798326,5.897356737150605,,,200,6.119269133292555,6.119269133292555,6.119269133292555,6.119269133292555,0.0,0.0
11,2200,rayleigh,64,4.8120995606861605,7.872801403582204,1.8854794101209054,5.998294158025598,,,200,6.108271408268286,6.108271408268286,6.108271408268286,6.108271408268286,0.0,0.0
12,2400,rayleigh,64,6.606803045254116,8.7653760567392,1.869700776144032,6.895675280595167,,,200,6.17388839762886,6.17388839762886,6.17388839762886,6.17388839762886,0.0,0.0
13,2600,rayleigh,64,7.0992293008317,8.444012855240832,1.0023847760718065,7.444348063488123,,,200,6.271616064233418,6.271616064233418,6.271616064233418,6.271616064233418,0.0,0.0
14,2800,rayleigh,64,5.575398335696328,8.337304586234126,1.6771969803508924,6.676415512399085,,,200,6.3005303105309665,6.3005303105309665,6.3005303105309665,6.3005303105309665,0.0,0.0
15,3000,rayleigh,64,6.2033519746242085,7.847494141591592,1.274740801457638,6.602504440173757,,,200,6.320661919173819,6.320661919173819,6.320661919173819,6.320661919173819,0.0,0.0
16,3200,rayleigh,64,5.691084283536779,8.764751986005242,1.7160891045192377,7.048662881486004,,,200,6.36616197931833,6.36616197931833,6.36616197931833,6.36616197931833,0.0,0.0
17,3400,rayleigh,64,5.545926746385146,7.492285244593977,1.4294277108264228,6.062857533767556,,,200,6.348320541344755,6.348320541344755,6.348320541344755,6.348320541344755,0.0,0.0
18,3600,rayleigh,64,8.306416540836096,9.086765398347932,0.4245436066803669,8.662221791667575,,,200,6.4768706108071346,6.4768706108071346,6.4768706108071346,6.4768706108071346,0.0,0.0
19,3800,rayleigh,64,7.876354093508622,9.287088064212888,1.0844718457467803,8.209205778112251,,,200,6.568046145928456,6.568046145928456,6.568046145928456,6.568046145928456,0.0,0.0
20,4000,rayleigh,64,5.25634944745762,7.700488087087798,2.084135986216169,5.625895280058814,,,200,6.520938602634975,6.520938602634975,6.520938602634975,6.520938602634975,0.0,0.0
21,4200,rayleigh,64,5.388827583782762,9.19284721891617,3.4455707121458876,5.767924647054774,,,200,6.530468262708515,6.530468262708515,6.485080795226393,6.485080795226393,0.04538746748212219,0.04538746748212219
22,4400,rayleigh,64,4.216768275864699,7.511969814154427,1.9998004466271855,5.51768749580347,,,200,6.480680220400076,6.480680220400076,6.441108372525352,6.441108372525352,0.039571847874724675,0.039571847874724675
23,4600,rayleigh,64,4.895902048293003,8.848588101172362,2.857775906148946,6.007793104819882,,,200,6.438076670524742,6.438076670524742,6.422268578277288,6.422268578277288,0.015808092247453942,0.015808092247453942
24,4800,rayleigh,64,6.684272780212722,7.586374218450436,0.3201848795953404,7.266189338855092,,,200,6.494645070492747,6.494645070492747,6.457431943301363,6.457431943301363,0.03721312719138403,0.03721312719138403
25,5000,rayleigh,64,5.791202854148424,9.425399847920053,2.8979697402379716,6.5669533482715,,,200,6.491007815997764,6.491007815997764,6.461812799500169,6.461812799500169,0.029195016497594928,0.029195016497594928
26,5200,rayleigh,64,6.155767759249093,7.990687918950171,1.440065559602847,6.58391294231556,,,200,6.664284469919875,6.664284469919875,6.466508958839222,6.466508958839222,0.1977755110806525,0.1977755110806525
27,5400,rayleigh,64,6.593423322514908,7.656672068134137,0.679008832403156,6.977663235730971,,,200,6.680079096008252,6.680079096008252,6.485440598724102,6.485440598724102,0.19463849728415017,0.19463849728415017
28,5600,rayleigh,64,6.317322418043989,7.506715020894709,0.21929676374039575,7.287418257154313,,,200,6.666187513129555,6.666187513129555,6.514082657953752,6.514082657953752,0.15210485517580263,0.15210485517580263
29,5800,rayleigh,64,6.496885488422436,7.740834635880012,0.8342572414110371,6.907774363244422,,,200,6.700337709508726,6.700337709508726,6.527658233998258,6.527658233998258,0.17267947551046792,0.17267947551046792
30,6000,rayleigh,64,6.672332935751203,9.771302607534173,2.6690717917934403,7.121895113494101,,,200,6.761564628325901,6.761564628325901,6.547466129981453,6.547466129981453,0.21409849834444827,0.21409849834444827
31,6200,rayleigh,64,6.886398708673093,9.09001382239058,1.7711510863106525,7.323138584896768,,,200,6.82780684966946,6.82780684966946,6.572487822075495,6.572487822075495,0.2553190275939645,0.2553190275939645
32,6400,rayleigh,64,5.895409474404144,7.474605086832412,1.2090030349714895,6.276629090863907,,,200,6.796854540182896,6.796854540182896,6.563242236725133,6.563242236725133,0.23361230345776374,0.23361230345776374
33,6600,rayleigh,64,6.661734296483339,8.022873481883382,0.997989704291342,7.030670719841993,,,200,6.776170673000591,6.776170673000591,6.577406736213522,6.577406736213522,0.19876393678706883,0.19876393678706883
34,6800,rayleigh,64,5.409088850379972,7.462559646542985,0.9601332270750522,6.518075806742609,,,200,6.768253687717765,6.768253687717765,6.575661708876143,6.575661708876143,0.19259197884162216,0.19259197884162216
35,7000,rayleigh,64,4.454682863300147,9.120672923184978,4.350129372437918,4.846516513970798,,,200,6.680454291407619,6.680454291407619,6.526257560450276,6.526257560450276,0.15419673095734332,0.15419673095734332
36,7200,rayleigh,64,5.576931781319417,7.881503811738053,1.9195862433154263,5.999429603460411,,,200,6.627992627506339,6.627992627506339,6.51162345053389,6.51162345053389,0.11636917697244886,0.11636917697244886
37,7400,rayleigh,64,5.245942884917099,7.8084717549272735,1.965070909030797,5.868813724606792,,,200,6.6182904370483,6.6182904370483,6.494250214698022,6.494250214698022,0.12404022235027767,0.12404022235027767
38,7600,rayleigh,64,7.269416818406935,7.747221913226748,0.04319771757615423,7.704024195650595,,,200,6.570380557247451,6.570380557247451,6.526086372091511,6.526086372091511,0.04429418515594019,0.04429418515594019
39,7800,rayleigh,64,6.90973033344545,8.530862432118573,0.30965930428658034,8.221203127831993,,,200,6.570980424733439,6.570980424733439,6.569550904289986,6.569550904289986,0.001429520443453569,0.001429520443453569
40,8000,rayleigh,64,5.413182551467076,7.82246636209628,1.9887105325379117,5.85218847934029,,,200,6.5822950846975115,6.5822950846975115,6.551616843666244,6.551616843666244,0.030678241031267817,0.030678241031267817
41,8200,rayleigh,64,7.980510236512179,8.70614429693663,0.34184605035273663,8.364298246583896,,,200,6.712113764673967,6.712113764673967,6.59582858520082,6.59582858520082,0.11628517947314698,0.11628517947314698
42,8400,rayleigh,64,5.328329334860761,8.073125718196215,2.352080461606199,5.739343124740511,,,200,6.72319654612082,6.72319654612082,6.57543607423748,6.57543607423748,0.1477604718833403,0.1477604718833403
43,8600,rayleigh,64,6.562850047862051,8.80604293345785,1.615697138142457,7.19175983821621,,,200,6.782394882790635,6.782394882790635,6.589769185027683,6.589769185027683,0.1926256977629519,0.1926256977629519
44,8800,rayleigh,64,2.7979486138597234,7.631781147531578,3.6467911495596534,4.12526168951005,,,200,6.625348500323383,6.625348500323383,6.533757651038647,6.533757651038647,0.09159084928473682,0.09159084928473682
45,9000,rayleigh,64,5.9371332232080025,7.85767981407267,1.5553408769124335,6.311452770886303,,,200,6.612573471454125,6.612573471454125,6.528817542590817,6.528817542590817,0.08375592886330807,0.08375592886330807
46,9200,rayleigh,64,6.4694872942402935,7.673160350189759,0.15537734834240932,7.517783001847341,,,200,6.6592669744307145,6.6592669744307145,6.5503167917050895,6.5503167917050895,0.10895018272562496,0.10895018272562496
47,9400,rayleigh,64,6.5597692796988785,8.775894482117655,1.7109940830871573,7.086623350019409,,,200,6.664714980145135,6.664714980145135,6.561727569541564,6.561727569541564,0.10298741060357042,0.10298741060357042
48,9600,rayleigh,64,7.448627576891832,8.612127852325091,0.758304743419609,7.853823108905485,,,200,6.693035222732694,6.693035222732694,6.588646226611645,6.588646226611645,0.1043889961210489,0.1043889961210489
49,9800,rayleigh,64,4.722000357945809,7.838834144798905,2.1776014217830424,5.662959302705653,,,200,6.630794469705755,6.630794469705755,6.569754656736013,6.569754656736013,0.06103981296974226,0.06103981296974226
50,10000,rayleigh,64,2.7946846757521953,7.710248635701076,2.7888324640281477,4.950612979998737,6.233798853067226,6.233798853067226,200,6.522230363030988,6.522230363030988,6.5373718232012665,6.5373718232012665,0.01514146017027862,0.01514146017027862
51,10200,rayleigh,64,8.61143413156855,9.137380426583299,0.1512112294235098,8.986169197159787,,6.233798853067226,200,6.605381893644139,6.605381893644139,6.585387457984766,6.585387457984766,0.0199944356593722,0.0199944356593722
52,10400,rayleigh,64,5.027901466932023,7.501923453142192,1.1343545410448126,6.367568912097381,,6.233798853067226,200,6.609928884705812,6.609928884705812,6.581198639794625,6.581198639794625,0.02873024491118681,0.02873024491118681
53,10600,rayleigh,64,6.721992601055731,8.225097860000309,1.1268561287668906,7.100076018477963,,6.233798853067226,200,6.61339914963761,6.61339914963761,6.590988779015065,6.590988779015065,0.022410370622544917,0.022410370622544917
54,10800,rayleigh,64,4.632872240308891,7.184018504974339,0.7198001736303511,6.464218331343989,,6.233798853067226,200,6.61070627586768,6.61070627586768,6.588641178132268,6.588641178132268,0.02206509773541221,0.02206509773541221
55,11000,rayleigh,64,4.780467034897312,8.34941814724509,2.9958000987912476,5.388903822734322,,6.233798853067226,200,6.637825641305855,6.637825641305855,6.5668277716704875,6.5668277716704875,0.07099786963536747,0.07099786963536747
56,11200,rayleigh,64,6.420446549483414,8.445578823311765,1.4419719586275987,7.00360686468417,,6.233798853067226,200,6.688034504367043,6.688034504367043,6.574627398331446,6.574627398331446,0.11340710603559767,0.11340710603559767
57,11400,rayleigh,64,7.463816627500684,9.253742050579383,1.4131674568027095,7.840574593776681,,6.233798853067226,200,6.786622547825539,6.786622547825539,6.596836998251538,6.596836998251538,0.18978554957400107,0.18978554957400107
58,11600,rayleigh,64,6.610501249633241,8.454716592375112,1.3611076835332543,7.0936089088418575,,6.233798853067226,200,6.756101783485102,6.756101783485102,6.60540203119275,6.60540203119275,0.15069975229235144,0.15069975229235144
59,11800,rayleigh,64,8.11686748991176,8.943307253108324,0.3409704187156329,8.602336834392695,,6.233798853067226,200,6.775158468813136,6.775158468813136,6.63924838378936,6.63924838378936,0.13591008502377644,0.13591008502377644
60,12000,rayleigh,64,5.7704223287083165,8.04394426068686,1.4748067230959405,6.575765637233248,,6.233798853067226,200,6.811337326707784,6.811337326707784,6.638190338013425,6.638190338013425,0.1731469886943593,0.1731469886943593
61,12200,rayleigh,64,6.624228946638997,7.792628523247,0.7729836228180131,7.019644900428981,,6.233798853067226,200,6.744104659400039,6.744104659400039,6.644443691495647,6.644443691495647,0.09966096790439138,0.09966096790439138
62,12400,rayleigh,64,7.428786093876808,8.535795257036526,0.6731279939790215,7.862667263057505,,6.233798853067226,200,6.850270866315888,6.850270866315888,6.664092458778903,6.664092458778903,0.18617840753698545,0.18617840753698545
63,12600,rayleigh,64,5.642350210881841,8.224921459757937,2.0320514790946067,6.21497750895517,,6.233798853067226,200,6.801431749852837,6.801431749852837,6.656963650051542,6.656963650051542,0.14446809980129505,0.14446809980129505
64,12800,rayleigh,64,4.733320425010641,8.068146433449478,2.916639403503448,5.183605032405218,,6.233798853067226,200,6.854348916997594,6.854348916997594,6.633942421650817,6.633942421650817,0.22040649534677748,0.22040649534677748
65,13000,rayleigh,64,8.10376394186348,9.33033206268381,0.797112027582124,8.540372532493633,,6.233798853067226,200,6.965794905077961,6.965794905077961,6.663272115663783,6.663272115663783,0.3025227894141782,0.3025227894141782
66,13200,rayleigh,64,5.642495221146061,8.517002942733184,1.987120047858823,6.533530410667346,,6.233798853067226,200,6.9165822755189605,6.9165822755189605,6.661306332254746,6.661306332254746,0.25527594326421443,0.25527594326421443
67,13400,rayleigh,64,6.145741855071565,8.76253552296735,2.1828166877283746,6.585525705538923,,6.233798853067226,200,6.891527393294938,6.891527393294938,6.66017527812466,6.66017527812466,0.23135211517027798,0.23135211517027798
68,13600,rayleigh,64,7.910630813865472,9.410733374402971,1.1125130047926697,8.298220369610297,,6.233798853067226,200,6.913747256330178,6.913747256330178,6.684264176528861,6.684264176528861,0.22948307980131766,0.22948307980131766
69,13800,rayleigh,64,6.167267734357353,7.433641470481671,0.7326526302073583,6.707508380247921,,6.233798853067226,200,6.965974710207291,6.965974710207291,6.684601049046528,6.684601049046528,0.2813736611607629,0.2813736611607629
70,14000,rayleigh,64,4.624551064823626,8.411860872006015,2.892142231252879,5.545445061193224,,6.233798853067226,200,6.995716314267016,6.995716314267016,6.668327392077195,6.668327392077195,0.3273889221898205,0.3273889221898205
71,14200,rayleigh,64,6.609805368120816,8.08312500621805,0.8130032518623787,7.2748000840695415,,6.233798853067226,200,6.910147858612502,6.910147858612502,6.6768692609784965,6.6768692609784965,0.2332785976340057,0.2332785976340057
72,14400,rayleigh,64,7.0930331341387465,8.517308788420946,0.9924986235235898,7.5248101648973496,,6.233798853067226,200,6.968009921252502,6.968009921252502,6.688646217977369,6.688646217977369,0.27936370327513327,0.27936370327513327
73,14600,rayleigh,64,5.136815723944264,7.184568055616379,0.782241509310168,6.4112306970088255,,6.233798853067226,200,6.933567655179044,6.933567655179044,6.684846005361361,6.684846005361361,0.24872164981768297,0.24872164981768297
74,14800,rayleigh,64,5.410465266042341,8.525191573654643,2.714477453852278,5.859773486318343,,6.233798853067226,200,6.903345412927763,6.903345412927763,6.673696376725645,6.673696376725645,0.22964903620211796,0.22964903620211796
75,15000,rayleigh,64,5.5280367722864785,8.223534963087724,2.257164873833353,5.975683506292598,,6.233798853067226,200,6.932684397105676,6.932684397105676,6.664389538453205,6.664389538453205,0.2682948586524718,0.2682948586524718
76,15200,rayleigh,64,6.963193471056072,8.219001939069003,0.8328088759875206,7.395954748126818,,6.233798853067226,200,6.952301791277809,6.952301791277809,6.674015396475226,6.674015396475226,0.2782863948025831,0.2782863948025831
77,15400,rayleigh,64,7.487811514622126,9.06389861276225,0.6403151168706008,8.423583495891647,,6.233798853067226,200,6.981452236383558,6.981452236383558,6.6967370601040095,6.6967370601040095,0.28471517627954857,0.28471517627954857
78,15600,rayleigh,64,7.495552606935328,8.815423091847205,0.8058399965529661,8.009583095294232,,6.233798853067226,200,7.027250945706174,7.027250945706174,6.713568419529526,6.713568419529526,0.31368252617664805,0.31368252617664805
79,15800,rayleigh,64,7.371275805291951,9.358283275245196,1.6152148348538282,7.753480281671088,,6.233798853067226,200,6.984808118070094,6.984808118070094,6.726731860822457,6.726731860822457,0.2580762572476374,0.2580762572476374
80,16000,rayleigh,64,6.995451793057219,8.175378954339509,0.80969318794568,7.365685766393833,,6.233798853067226,200,7.024304124528124,7.024304124528124,6.7347187846421,6.7347187846421,0.289585339886024,0.289585339886024
81,16200,rayleigh,64,7.4098966366100845,8.811213266356637,1.0128472706687293,7.798365995687906,,6.233798853067226,200,7.063240179291071,7.063240179291071,6.747850231692048,6.747850231692048,0.31538994759902295,0.31538994759902295
82,16400,rayleigh,64,4.413857644980769,8.415773284373975,2.202598627366817,6.224312034470214,,6.233798853067226,200,6.981322417861707,6.981322417861707,6.741465619530807,6.741465619530807,0.23985679833089968,0.23985679833089968
83,16600,rayleigh,64,5.631200233914253,7.99059485163277,1.7213160235100498,6.28617611759345,,6.233798853067226,200,6.9848823482936195,6.9848823482936195,6.735980203844814,6.735980203844814,0.2489021444488051,0.2489021444488051
84,16800,rayleigh,64,6.098651161014555,7.715114187426739,1.2161290603873838,6.5013234246760065,,6.233798853067226,200,7.050768267907159,7.050768267907159,6.733186670759471,6.733186670759471,0.3175815971476883,0.3175815971476883
85,17000,rayleigh,64,5.997384404618876,7.8238557364873165,0.7734357739471813,7.050419962540133,,6.233798853067226,200,6.976270639409485,6.976270639409485,6.736918827133361,6.736918827133361,0.2393518122761238,0.2393518122761238
86,17200,rayleigh,64,7.836217771016328,8.487733571899067,0.24046164153564678,8.247271930363429,,6.233798853067226,200,7.06195771539429,7.06195771539429,6.7544810725197575,6.7544810725197575,0.3074766428745326,0.3074766428745326
87,17400,rayleigh,64,6.3730457153027835,8.335638414425505,0.7550108458410741,7.580627568584422,,6.233798853067226,200,7.111712808546564,7.111712808546564,6.763977009256132,6.763977009256132,0.3477357992904313,0.3477357992904313
88,17600,rayleigh,64,1.4021732060276904,7.605066391849417,6.395259556729581,1.7874477145716576,,6.233798853067226,200,6.786174175794633,6.786174175794633,6.707425539998353,6.707425539998353,0.07874863579627966,0.07874863579627966
89,17800,rayleigh,64,6.654842471402521,8.958524459559174,1.7754195881829444,7.211906868963744,,6.233798853067226,200,6.811394100230423,6.811394100230423,6.71309386953729,6.71309386953729,0.0983002306931331,0.0983002306931331
90,18000,rayleigh,64,4.867366682972382,7.9898999020911186,2.7631514935644166,5.282110071269011,,6.233798853067226,200,6.798227350734211,6.798227350734211,6.697194049556531,6.697194049556531,0.10103330117768028,0.10103330117768028
91,18200,rayleigh,64,4.990374797571313,8.38300253727207,2.935070099569898,5.448226640078,,6.233798853067226,200,6.706898678534634,6.706898678534634,6.683469132968855,6.683469132968855,0.023429545565778476,0.023429545565778476
92,18400,rayleigh,64,7.556458005061042,8.414365927083065,0.45529294324643854,7.961533676691106,,6.233798853067226,200,6.7287348541243235,6.7287348541243235,6.697361138878881,6.697361138878881,0.031373715245442746,0.031373715245442746
93,18600,rayleigh,64,7.638452076597981,9.425584900413481,0.8877230001300929,8.537861900283387,,6.233798853067226,200,6.835066414288052,6.835066414288052,6.71715146964667,6.71715146964667,0.11791494464138186,0.11791494464138186
94,18800,rayleigh,64,5.281754321945356,7.60438887012998,1.6861085896731391,5.928351358586923,,6.233798853067226,200,6.83849530790148,6.83849530790148,6.7087599791034815,6.7087599791034815,0.12973532879799876,0.12973532879799876
95,19000,rayleigh,64,6.814971772411897,8.17764452971815,0.8662777393624176,7.311366790355736,,6.233798853067226,200,6.905279472104638,6.905279472104638,6.71510320869561,6.71510320869561,0.19017626340902805,0.19017626340902805
96,19200,rayleigh,64,5.574487469116118,9.067263479092501,2.3001314808660913,6.806217628479098,,6.233798853067226,200,6.875792616122252,6.875792616122252,6.716052317235023,6.716052317235023,0.15974029888722896,0.15974029888722896
97,19400,rayleigh,64,5.451116276871584,7.982410472572366,2.1324826402059207,5.876398795883635,,6.233798853067226,200,6.748433381121851,6.748433381121851,6.7073960953654215,6.7073960953654215,0.0410372857564294,0.0410372857564294
98,19600,rayleigh,64,3.2727884074078872,7.777413351323613,4.109121012616337,3.7413545166532987,,6.233798853067226,200,6.535021952189804,6.535021952189804,6.6771303649704,6.6771303649704,0.14210841278059583,0.14210841278059583
99,19800,rayleigh,64,6.996891560237559,8.68138721816763,0.6915458509711558,7.989841367196476,,6.233798853067226,200,6.546840006466073,6.546840006466073,6.690390072063592,6.690390072063592,0.1435500655975197,0.1435500655975197
100,20000,rayleigh,64,6.756692344655347,8.931679544581664,0.9454138096709377,7.994692692840026,6.602159705976982,6.602159705976982,200,6.578290352788383,6.578290352788383,6.703433098271356,6.703433098271356,0.12514274548297255,0.12514274548297255
101,20200,rayleigh,64,6.689622929558193,7.738415425409602,0.5942164746734575,7.144198950736141,,6.602159705976982,200,6.545582000540795,6.545582000540795,6.719101773322877,6.719101773322877,0.17351977278208164,0.17351977278208164
102,20400,rayleigh,64,0.038521823579030515,8.734474261277077,8.588739670193194,1.1671298524184524,,6.602159705976982,200,6.292722891438207,6.292722891438207,6.66563858842734,6.66563858842734,0.37291569698913296,0.37291569698913296
103,20600,rayleigh,64,3.492640558591451,7.704134762241128,2.8602995118835235,4.9044342951916295,,6.602159705976982,200,6.2236358003181165,6.2236358003181165,6.646084290355991,6.646084290355991,0.42244849003787444,0.42244849003787444
104,20800,rayleigh,64,6.149238733873355,7.626456010295323,0.08789424330810143,7.538561766987218,,6.602159705976982,200,6.275497717433676,6.275497717433676,6.660121694630914,6.660121694630914,0.3846239771972382,0.3846239771972382
105,21000,rayleigh,64,6.974732339896706,7.913064573239488,0.4656745982759281,7.447389974963557,,6.602159705976982,200,6.295346218054847,6.295346218054847,6.668198609998837,6.668198609998837,0.3728523919439892,0.3728523919439892
106,21200,rayleigh,64,7.097961089791104,8.064578844407857,0.3961347099824718,7.668444134425385,,6.602159705976982,200,6.266404828257945,6.266404828257945,6.713699252704357,6.713699252704357,0.44729442444641165,0.44729442444641165
107,21400,rayleigh,64,8.015822420078768,9.011833177404485,0.5110767718510394,8.500898609213126,,6.602159705976982,200,6.31241838028938,6.31241838028938,6.732090531656854,6.732090531656854,0.4196721513674744,0.4196721513674744
108,21600,rayleigh,64,3.049101836188275,8.549177772792747,4.865180264951134,3.8419775940435463,,6.602159705976982,200,6.4151448742629755,6.4151448742629755,6.694857808450007,6.694857808450007,0.2797129341870317,0.2797129341870317
109,21800,rayleigh,64,7.673322808139563,8.88573133467058,0.5124372275709198,8.373294107099658,,6.602159705976982,200,6.4732142361697695,6.4732142361697695,6.716343045164393,6.716343045164393,0.24312880899462375,0.24312880899462375
110,22000,rayleigh,64,5.656094005958424,7.308004029868426,0.7243000033223866,6.5911999937695,,6.602159705976982,200,6.538668732294793,6.538668732294793,6.723281477730581,6.723281477730581,0.1846127454357882,0.1846127454357882
111,22200,rayleigh,64,4.513838989241239,8.361381803602487,3.538107849254232,4.893711337473784,,6.602159705976982,200,6.510942967164583,6.510942967164583,6.712235649525063,6.712235649525063,0.2012926823604797,0.2012926823604797
112,22400,rayleigh,64,6.2216218982971965,8.39720230455463,1.231130464852367,7.166071839702267,,6.602159705976982,200,6.471169875315143,6.471169875315143,6.714939615116134,6.714939615116134,0.24376973980099148,0.24376973980099148
113,22600,rayleigh,64,6.108208293667367,8.3494464437527,1.3539839540597625,6.997023081485901,,6.602159705976982,200,6.394127934375268,6.394127934375268,6.710466365296111,6.710466365296111,0.316338430920843,0.316338430920843
114,22800,rayleigh,64,6.062579583247525,8.695215466221066,1.223867091745343,7.500518538066838,,6.602159705976982,200,6.472736293349264,6.472736293349264,6.718707395552787,6.718707395552787,0.24597110220352292,0.24597110220352292
115,23000,rayleigh,64,5.888813270507424,8.357006473865292,1.5235314780467635,6.850699508021022,,6.602159705976982,200,6.449702929232528,6.449702929232528,6.72118934623126,6.72118934623126,0.27148641699873277,0.27148641699873277
116,23200,rayleigh,64,6.307936417711018,7.5989313808422425,0.5467476542257497,7.052183726616491,,6.602159705976982,200,6.462001234139398,6.462001234139398,6.721224554682566,6.721224554682566,0.25922332054316755,0.25922332054316755
117,23400,rayleigh,64,4.139193476567744,7.61088554511934,2.454509785759653,5.274755440626004,,6.602159705976982,200,6.431919066376517,6.431919066376517,6.713343533751152,6.713343533751152,0.28142446737463445,0.28142446737463445
118,23600,rayleigh,64,7.64503940571885,9.151147796405535,1.0087248921147025,8.14242290429083,,6.602159705976982,200,6.651972485758394,6.651972485758394,6.708145544877384,6.708145544877384,0.056173059118989954,0.056173059118989954
119,23800,rayleigh,64,4.8829264166673605,7.599592061205811,1.5921639983833378,6.027167115798145,,6.602159705976982,200,6.553838773188477,6.553838773188477,6.6863251582542444,6.6863251582542444,0.13248638506576782,0.13248638506576782
120,24000,rayleigh,64,6.722837319638399,8.082359264075574,0.7799954741150038,7.302363789960566,,6.602159705976982,200,6.519222328044504,6.519222328044504,6.703089843353261,6.703089843353261,0.18386751530875767,0.18386751530875767
121,24200,rayleigh,64,5.801930493483548,7.483788575091493,0.4686906051127205,7.016231371206274,,6.602159705976982,200,6.51282394906801,6.51282394906801,6.715572910594776,6.715572910594776,0.20274896152676636,0.20274896152676636
122,24400,rayleigh,64,6.963122582346466,8.563139648692564,1.108659903348741,7.469098510795005,,6.602159705976982,200,6.827922381986838,6.827922381986838,6.7350870207446905,6.7350870207446905,0.09283536124214731,0.09283536124214731
123,24600,rayleigh,64,6.3631620644960325,8.619182187490138,1.3178559730541648,7.313883351565054,,6.602159705976982,200,6.94839483480551,6.94839483480551,6.748147923212144,6.748147923212144,0.20024691159336516,0.20024691159336516
124,24800,rayleigh,64,6.919733594400476,9.14962018698796,1.384373060332747,7.7727430627347855,,6.602159705976982,200,6.9601038995928874,6.9601038995928874,6.75321346045094,6.75321346045094,0.20689043914194727,0.20689043914194727
125,25000,rayleigh,64,6.380908355106056,8.083649253660774,1.202848895181723,6.908458665060638,,6.602159705976982,200,6.93315733409774,6.93315733409774,6.756628513618832,6.756628513618832,0.17652882047890817,0.17652882047890817
126,25200,rayleigh,64,5.027072896764794,7.802528750413426,1.675362308837419,6.1892135309905845,,6.602159705976982,200,6.859195803926001,6.859195803926001,6.7526815195055825,6.7526815195055825,0.10651428442041855,0.10651428442041855
127,25400,rayleigh,64,6.192485889098683,7.906496207553121,1.1702721126866844,6.7367530664874815,,6.602159705976982,200,6.770988526789719,6.770988526789719,6.750272417813148,6.750272417813148,0.020716108976571057,0.020716108976571057
128,25600,rayleigh,64,6.238427542390135,7.681858789447657,1.0888637393885412,6.597873968412228,,6.602159705976982,200,6.908783345508152,6.908783345508152,6.743376974925727,6.743376974925727,0.16540637058242513,0.16540637058242513
129,25800,rayleigh,64,7.697816824918368,8.658074766158535,0.5367853515798081,8.121289414578719,,6.602159705976982,200,6.896183110882104,6.896183110882104,6.755512125439071,6.755512125439071,0.14067098544303303,0.14067098544303303
130,26000,rayleigh,64,3.3948370031157498,7.6468023300015115,3.178923715472283,4.674271625059479,,6.602159705976982,200,6.800336692446605,6.800336692446605,6.731035890554725,6.731035890554725,0.06930080189187926,0.06930080189187926
131,26200,rayleigh,64,5.427504627649034,7.785417768527028,1.692666209903293,6.1317333239430045,,6.602159705976982,200,6.862237791770066,6.862237791770066,6.7191218379451865,6.7191218379451865,0.1431159538248794,0.1431159538248794
132,26400,rayleigh,64,6.149956675745684,8.102886248480052,1.6759713373368486,6.455907918329788,,6.602159705976982,200,6.826729595701441,6.826729595701441,6.720914626219845,6.720914626219845,0.10581496948159597,0.10581496948159597
133,26600,rayleigh,64,8.0879221976619,9.513344720678516,1.1133362367062318,8.400008483972284,,6.602159705976982,200,6.8968788658257605,6.8968788658257605,6.7346080038611476,6.7346080038611476,0.16227086196461293,0.16227086196461293
134,26800,rayleigh,64,6.870720075192684,7.56128497442279,0.25396973499774944,7.3073152394250425,,6.602159705976982,200,6.887218700893671,6.887218700893671,6.742500398187972,6.742500398187972,0.14471830270569885,0.14471830270569885
135,27000,rayleigh,64,6.493091910046608,8.2132156284908,1.4062835154844777,6.822784751582983,,6.602159705976982,200,6.88582296307177,6.88582296307177,6.762263080564094,6.762263080564094,0.12355988250767602,0.12355988250767602
136,27200,rayleigh,64,7.2397887946081,9.12273420382187,1.5427513157646535,7.603490170431768,,6.602159705976982,200,6.913388285262532,6.913388285262532,6.778303686233808,6.778303686233808,0.13508459902872438,0.13508459902872438
137,27400,rayleigh,64,5.321987750283622,8.421666422158328,2.078182904180066,6.343483517978257,,6.602159705976982,200,6.966824689130145,6.966824689130145,6.783050384167521,6.783050384167521,0.1837743049626237,0.1837743049626237
138,27600,rayleigh,64,5.692813394288955,8.326738056479519,2.2669779228553253,6.098278073259183,,6.602159705976982,200,6.864617447578564,6.864617447578564,6.766992922943607,6.766992922943607,0.09762452463495741,0.09762452463495741
139,27800,rayleigh,64,6.8946494296672425,8.268432965033794,0.9678805685601438,7.310150549833429,,6.602159705976982,200,6.928766619280327,6.928766619280327,6.757882397163622,6.757882397163622,0.17088422211670462,0.17088422211670462
140,28000,rayleigh,64,1.530712370539255,8.795771178515905,7.731037976139439,1.952625881178325,,6.602159705976982,200,6.661279723841216,6.661279723841216,6.718886771182002,6.718886771182002,0.057607047340786366,0.057607047340786366
141,28200,rayleigh,64,5.1635853812369055,8.442827187207296,2.9630150260825046,5.565248706378002,,6.602159705976982,200,6.588730590599802,6.588730590599802,6.690896275779944,6.690896275779944,0.10216568518014224,0.10216568518014224
142,28400,rayleigh,64,6.2510827898195656,7.857673402477008,1.22973598750073,6.634434419141486,,6.602159705976982,200,6.546997386017125,6.546997386017125,6.699847188723953,6.699847188723953,0.1528498027068279,0.1528498027068279
143,28600,rayleigh,64,5.894464671422898,7.801812160016413,1.6087140047802662,6.249086371839076,,6.602159705976982,200,6.4937575370308265,6.4937575370308265,6.690420454060181,6.690420454060181,0.19666291702935457,0.19666291702935457
144,28800,rayleigh,64,2.837123121078436,7.976838407542396,3.9515415156396676,4.231456179035186,,6.602159705976982,200,6.316693192845847,6.316693192845847,6.691482398955434,6.691482398955434,0.374789206109587,0.374789206109587
145,29000,rayleigh,64,6.5637304566053,8.303290610472619,1.3526810261599282,6.9506095843126845,,6.602159705976982,200,6.3188007388084495,6.3188007388084495,6.697873967089696,6.697873967089696,0.37907322828124634,0.37907322828124634
146,29200,rayleigh,64,6.776005433068287,7.843558623706915,0.6625858481155972,7.1809727755913135,,6.602159705976982,200,6.368388701038485,6.368388701038485,6.694505864827136,6.694505864827136,0.3261171637886502,0.3261171637886502
147,29400,rayleigh,64,5.140095036400385,8.745947912621933,3.309810655333966,5.51873148120313,,6.602159705976982,200,6.3074876217742695,6.3074876217742695,6.6788269461389715,6.6788269461389715,0.3713393243647021,0.3713393243647021
148,29600,rayleigh,64,5.719049264771757,8.15437997381008,2.071114622602808,6.095438020312734,,6.602159705976982,200,6.282365824369295,6.282365824369295,6.661243095253045,6.661243095253045,0.37887727088375023,0.37887727088375023
149,29800,rayleigh,64,5.6211415017522235,7.6120391279367094,1.6719536817005023,5.983119514074576,,6.602159705976982,200,6.175457329344086,6.175457329344086,6.664444697366735,6.664444697366735,0.48898736802264864,0.48898736802264864
150,30000,rayleigh,64,5.50561416430597,8.431830896156198,2.1883301085629427,6.2607352721992955,5.698158531884819,5.698158531884819,200,6.254780511701077,6.254780511701077,6.67754592028874,6.67754592028874,0.42276540858766243,0.42276540858766243
151,30200,rayleigh,64,5.2271955161410935,7.823706554492975,1.6246347930633938,6.210277221783839,,5.698158531884819,200,6.258707706593119,6.258707706593119,6.649787000534982,6.649787000534982,0.39107929394186236,0.39107929394186236
152,30400,rayleigh,64,6.605739382861962,7.672693843822716,0.7162297947781091,6.961875968134712,,5.698158531884819,200,6.284006109083365,6.284006109083365,6.655730071095354,6.655730071095354,0.37172396201198854,0.37172396201198854
153,30600,rayleigh,64,6.133028995328731,8.372665361850764,1.80787473071681,6.577541436277148,,5.698158531884819,200,6.192882756698608,6.192882756698608,6.650504725273346,6.650504725273346,0.45762196857473825,0.45762196857473825
154,30800,rayleigh,64,5.309208283917429,7.961164792632785,2.151198847460172,5.865232057719581,,5.698158531884819,200,6.120778597613335,6.120778597613335,6.6445148625371,6.6445148625371,0.5237362649237651,0.5237362649237651
155,31000,rayleigh,64,6.539614587325258,8.583931814814157,1.6763513854721315,6.937050421399041,,5.698158531884819,200,6.126491881104138,6.126491881104138,6.659996328523749,6.659996328523749,0.5335044474196113,0.5335044474196113
156,31200,rayleigh,64,5.6809000867522,8.871044210322756,2.7218639167792826,6.160703972734426,,5.698158531884819,200,6.054352571219271,6.054352571219271,6.651567299604251,6.651567299604251,0.59721472838498,0.59721472838498
157,31400,rayleigh,64,5.569988901007238,9.03606929107846,3.068082901737148,6.027360650687341,,5.698158531884819,200,6.038546427854724,6.038546427854724,6.633435160173359,6.633435160173359,0.5948887323186351,0.5948887323186351
158,31600,rayleigh,64,3.2102751005124137,8.21662258063115,2.910873730635366,5.366516758755945,,5.698158531884819,200,6.001958362129563,6.001958362129563,6.616164238672497,6.616164238672497,0.6142058765429343,0.6142058765429343
159,31800,rayleigh,64,5.596869591234329,7.817013882693888,0.9005735111689002,6.937716960176443,,5.698158531884819,200,5.983336682646714,5.983336682646714,6.599518039930336,6.599518039930336,0.6161813572836223,0.6161813572836223
160,32000,rayleigh,64,4.569988205578409,8.435104978363269,3.5189309757164033,5.000959131917078,,5.698158531884819,200,6.135753345183652,6.135753345183652,6.583769974877174,6.583769974877174,0.4480166296935222,0.4480166296935222
161,32200,rayleigh,64,7.327955841861297,8.416881804067007,0.48113179192045624,7.935750012146553,,5.698158531884819,200,6.2542784104720806,6.2542784104720806,6.59293102599435,6.59293102599435,0.33865261552226933,0.33865261552226933
162,32400,rayleigh,64,1.2644211428654504,8.789917183645294,8.219391845393462,1.580530039424403,,5.698158531884819,200,6.001583191486224,6.001583191486224,6.530109653758019,6.530109653758019,0.5285264622717945,0.5285264622717945
163,32600,rayleigh,64,6.122136930359533,8.571891837516207,2.022650023524027,6.590887482559839,,5.698158531884819,200,6.018673247022263,6.018673247022263,6.533868753494066,6.533868753494066,0.5151955064718035,0.5151955064718035
164,32800,rayleigh,64,6.738733046015078,8.18829033987321,1.0370461553487555,7.163307846043662,,5.698158531884819,200,6.165265830372688,6.165265830372688,6.55366578163045,6.55366578163045,0.38839995125776205,0.38839995125776205
165,33000,rayleigh,64,5.216066798984307,8.385348227037017,2.8013546954807653,5.638366193294823,,5.698158531884819,200,6.099653660821795,6.099653660821795,6.524645718238463,6.524645718238463,0.42499205741666835,0.42499205741666835
166,33200,rayleigh,64,5.489459016001262,8.321865041666294,2.3994556816554002,5.978786454095155,,5.698158531884819,200,6.039544344746987,6.039544344746987,6.519098278672742,6.519098278672742,0.4795539339257555,0.4795539339257555
167,33400,rayleigh,64,5.559285415502947,8.457667410099452,2.5242897529742128,5.979551133611092,,5.698158531884819,200,6.062585327367385,6.062585327367385,6.513038532953462,6.513038532953462,0.4504532055860766,0.4504532055860766
168,33600,rayleigh,64,2.6642944477553807,7.986876727833417,5.147669969326209,3.1353852365671466,,5.698158531884819,200,5.914582688180106,5.914582688180106,6.46141018162303,6.46141018162303,0.5468274934429243,0.5468274934429243
169,33800,rayleigh,64,7.565728339935204,8.203340391784426,0.24540791494179492,7.959603394992331,,5.698158531884819,200,6.0134068822259925,6.0134068822259925,6.473931131770474,6.473931131770474,0.46052424954448146,0.46052424954448146
170,34000,rayleigh,64,5.491736255180211,7.674428185058522,1.6347644378395534,6.09752137329428,,5.698158531884819,200,6.005246187280742,6.005246187280742,6.4794518948914845,6.4794518948914845,0.4742057076107429,0.4742057076107429
171,34200,rayleigh,64,4.217249449095806,7.331059697201172,1.8852355265432192,5.491677275962174,,5.698158531884819,200,5.969316189989659,5.969316189989659,6.461620666810412,6.461620666810412,0.4923044768207534,0.4923044768207534
172,34400,rayleigh,64,5.150438774664377,7.690658914359199,1.6661121063237672,6.029247845967674,,5.698158531884819,200,5.922684783881307,5.922684783881307,6.446665043621116,6.446665043621116,0.5239802597398091,0.5239802597398091
173,34600,rayleigh,64,7.356591774951649,8.570956806874422,0.7695800852334801,7.801376721640942,,5.698158531884819,200,5.983876548149496,5.983876548149496,6.460566503867438,6.460566503867438,0.4766899557179416,0.4766899557179416
174,34800,rayleigh,64,6.899937454655201,8.09616232933534,0.32680430633392765,7.76935802300141,,5.698158531884819,200,6.079082846413589,6.079082846413589,6.4796623492342675,6.4796623492342675,0.4005795028206789,0.4005795028206789
175,35000,rayleigh,64,4.715656846505474,8.56486716713519,2.506432466546745,6.0815657064333815,,5.698158531884819,200,6.036308610665305,6.036308610665305,6.480721171235675,6.480721171235675,0.4444125605703704,0.4444125605703704
176,35200,rayleigh,64,6.404590210091612,8.386755812123564,1.3176880110860942,7.0753831421875315,,5.698158531884819,200,6.082042569137961,6.082042569137961,6.477515455176283,6.477515455176283,0.39547288603832165,0.39547288603832165
177,35400,rayleigh,64,6.160678765007771,9.32460244599452,2.6714481608310665,6.677844824142103,,5.698158531884819,200,6.114566777810699,6.114566777810699,6.460058068458786,6.460058068458786,0.3454912906480869,0.3454912906480869
178,35600,rayleigh,64,6.514321878610031,10.05482053286859,3.154582283494984,6.923701826620478,,5.698158531884819,200,6.192426031203925,6.192426031203925,6.449199255772049,6.449199255772049,0.256773224568124,0.256773224568124
179,35800,rayleigh,64,6.224430670580992,8.82749513676977,1.888571025626517,6.945919855767991,,5.698158531884819,200,6.192836175983502,6.192836175983502,6.441123651513019,6.441123651513019,0.24828747552951658,0.24828747552951658
180,36000,rayleigh,64,4.2358740591152095,7.422372179149431,2.132234315406425,5.386243776808738,,5.698158531884819,200,6.2121004082280855,6.2121004082280855,6.421329231617168,6.421329231617168,0.20922882338908266,0.20922882338908266
181,36200,rayleigh,64,4.849778510071686,7.824875272803967,2.656481330708249,5.252142007914053,,5.698158531884819,200,6.077920008016461,6.077920008016461,6.39586699173943,6.39586699173943,0.3179469837229689,0.3179469837229689
182,36400,rayleigh,64,3.561697089414188,8.01238942066567,3.980014948783582,4.165989128434094,,5.698158531884819,200,6.207192962466945,6.207192962466945,6.375283762679069,6.375283762679069,0.16809080021212353,0.16809080021212353
183,36600,rayleigh,64,8.481303333158328,9.41553227918942,0.5956969115844659,8.819835367604954,,5.698158531884819,200,6.3186403567192,6.3186403567192,6.400620355179183,6.400620355179183,0.08197999845998272,0.08197999845998272
184,36800,rayleigh,64,6.730656640333342,7.797059618088148,0.7401333686980786,7.0868489389833,,5.698158531884819,200,6.314817411366182,6.314817411366182,6.406475610322255,6.406475610322255,0.09165819895607363,0.09165819895607363
185,37000,rayleigh,64,5.3349712242356615,8.182103106349043,2.5646962856587936,5.67936006747736,,5.698158531884819,200,6.316867105075309,6.316867105075309,6.392765011371628,6.392765011371628,0.0758979062963192,0.0758979062963192
186,37200,rayleigh,64,4.722880197478427,7.856385130156304,2.7511973814234847,5.133891659401731,,5.698158531884819,200,6.274622365340638,6.274622365340638,6.3616312086620095,6.3616312086620095,0.08700884332137182,0.08700884332137182
187,37400,rayleigh,64,6.0343399990400135,7.9467539259504765,1.5073341285280573,6.453570097123433,,5.698158531884819,200,6.298323313516255,6.298323313516255,6.350360633947401,6.350360633947401,0.05203732043114595,0.05203732043114595
188,37600,rayleigh,64,5.86246719534553,8.125738831595545,1.6739425106762145,6.477242224478714,,5.698158531884819,200,6.465416162911834,6.465416162911834,6.397258579046471,6.397258579046471,0.06815758386536253,0.06815758386536253
189,37800,rayleigh,64,2.534246042012392,7.263331954874852,3.9987667881753546,3.57360326447453,,5.698158531884819,200,6.246116156385943,6.246116156385943,6.360875543001579,6.360875543001579,0.11475938661563578,0.11475938661563578
190,38000,rayleigh,64,3.970248272544688,7.779103977034095,1.995451709271101,5.8223206566486345,,5.698158531884819,200,6.232356120553661,6.232356120553661,6.366277648855377,6.366277648855377,0.1339215283017161,0.1339215283017161
191,38200,rayleigh,64,3.9347787757142725,7.7216742124555715,2.5114976254135355,5.229823780378443,,5.698158531884819,200,6.219263445774475,6.219263445774475,6.36409362025838,6.36409362025838,0.14483017448390534,0.14483017448390534
192,38400,rayleigh,64,5.2206235840537865,7.820088545661147,2.106843040279022,5.75582932179978,,5.698158531884819,200,6.20559251956608,6.20559251956608,6.342036576709468,6.342036576709468,0.1364440571433878,0.1364440571433878
193,38600,rayleigh,64,7.104931519822783,9.283794565254933,1.7696372668137559,7.522487017708075,,5.698158531884819,200,6.191648034369436,6.191648034369436,6.331882827883715,6.331882827883715,0.1402347935142787,0.1402347935142787
194,38800,rayleigh,64,6.494710091940144,8.057588626484746,1.1961512977647726,6.897278533845527,,5.698158531884819,200,6.148044059911642,6.148044059911642,6.341572099636299,6.341572099636299,0.19352803972465704,0.19352803972465704
195,39000,rayleigh,64,6.5437265326898935,9.246025273797523,2.2995452589974157,6.9563624247514415,,5.698158531884819,200,6.1917838958275455,6.1917838958275455,6.338022055980256,6.338022055980256,0.14623816015271007,0.14623816015271007
196,39200,rayleigh,64,3.8914514836297265,8.395568570674474,3.111840736091092,5.361083892889373,,5.698158531884819,200,6.1060689333626375,6.1060689333626375,6.32357071862436,6.32357071862436,0.2175017852617227,0.2175017852617227
197,39400,rayleigh,64,6.415363395091271,8.154618946426835,0.8753950867727365,7.293574633520887,,5.698158531884819,200,6.136855423831577,6.136855423831577,6.337742477000732,6.337742477000732,0.20088705316915512,0.20088705316915512
198,39600,rayleigh,64,5.636208857981254,8.248568255700107,2.2358174792308794,6.040632223429773,,5.698158531884819,200,6.092701943672042,6.092701943672042,6.360735254068496,6.360735254068496,0.2680333103964543,0.2680333103964543
199,39800,rayleigh,64,6.928634127780246,8.081806979629887,0.7310516655481478,7.3620866438307155,,5.698158531884819,200,6.113510283075177,6.113510283075177,6.354457706834839,6.354457706834839,0.24094742375966138,0.24094742375966138
200,40000,rayleigh,64,5.746344336767415,7.69398347801325,1.2456439892482114,6.455076074939769,5.06989041846005,5.06989041846005,200,6.166951897981729,6.166951897981729,6.339061540655836,6.339061540655836,0.17210964267410667,0.17210964267410667
201,40200,rayleigh,64,6.765488261336414,8.783713018396572,1.601337776939856,7.182375241456718,,5.06989041846005,200,6.263463559658862,6.263463559658862,6.3394433035630415,6.3394433035630415,0.07597974390417939,0.07597974390417939
202,40400,rayleigh,64,3.4422331923272798,7.881356568979145,2.8900824730082433,5.027551986894267,,5.06989041846005,200,6.306541702581871,6.306541702581871,6.378047524907802,6.378047524907802,0.07150582232593106,0.07150582232593106
203,40600,rayleigh,64,5.707651849168872,7.445807807527468,1.3747446257259837,6.089515718837269,,5.06989041846005,200,6.170025720143487,6.170025720143487,6.389898339144257,6.389898339144257,0.21987261900077026,0.21987261900077026
204,40800,rayleigh,64,5.641613075478,7.747335883103934,1.6230370681207773,6.154903472223767,,5.06989041846005,200,6.12342844680551,6.12342844680551,6.376061756196622,6.376061756196622,0.25263330939111217,0.25263330939111217
205,41000,rayleigh,64,5.608643360932599,7.007000934039304,0.459360778771397,6.5476401552679055,,5.06989041846005,200,6.166842451195037,6.166842451195037,6.367064257999665,6.367064257999665,0.20022180680462842,0.20022180680462842
206,41200,rayleigh,64,1.8267141450833995,9.43215392603164,7.85228641971101,2.266941490721982,,5.06989041846005,200,6.02349494276105,6.02349494276105,6.313049231562631,6.313049231562631,0.28955428880158074,0.28955428880158074
207,41400,rayleigh,64,8.592184922834765,9.320921316862446,0.2680504329460164,9.052870883916436,,5.06989041846005,200,6.1534599821007,6.1534599821007,6.318568954309663,6.318568954309663,0.16510897220896315,0.16510897220896315
208,41600,rayleigh,64,6.75317720220592,8.237587153324979,1.0229802730649862,7.214606880259991,,5.06989041846005,200,6.190328214889764,6.190328214889764,6.3522952471718295,6.3522952471718295,0.16196703228206566,0.16196703228206566
209,41800,rayleigh,64,4.658154912172995,8.364594074179683,2.586189340488874,5.7922866196327085,,5.06989041846005,200,6.301262382647673,6.301262382647673,6.32648517229716,6.32648517229716,0.025222789649486543,0.025222789649486543
210,42000,rayleigh,64,4.933443563551554,8.079342705305782,2.702235004057729,5.409117444039431,,5.06989041846005,200,6.2806022220172135,6.2806022220172135,6.31466434679986,6.31466434679986,0.03406212478264692,0.03406212478264692
211,42200,rayleigh,64,6.15942456233388,8.478658365964518,1.6575975168243893,6.825945451848987,,5.06989041846005,200,6.36040830559074,6.36040830559074,6.333986687943611,6.333986687943611,0.026421617647129025,0.026421617647129025
212,42400,rayleigh,64,6.612737163297109,9.059854085456893,1.6137830951763723,7.476331888431657,,5.06989041846005,200,6.446433433922333,6.446433433922333,6.337089288430906,6.337089288430906,0.10934414549142701,0.10934414549142701
213,42600,rayleigh,64,7.918015438113931,9.138887277069097,0.3128776968551038,8.826009580213986,,5.06989041846005,200,6.511609562047629,6.511609562047629,6.355379153418187,6.355379153418187,0.15623040862944215,0.15623040862944215
214,42800,rayleigh,64,4.601883944285872,7.891357718259093,2.6699434882398134,5.298250777939867,,5.06989041846005,200,6.431658174252346,6.431658174252346,6.333356475816917,6.333356475816917,0.09830169843542969,0.09830169843542969
215,43000,rayleigh,64,5.245962090051275,7.2383050560890085,1.5611333455192569,5.696259358824145,,5.06989041846005,200,6.368653020955983,6.368653020955983,6.3218120743249475,6.3218120743249475,0.04684094663103533,0.04684094663103533
216,43200,rayleigh,64,4.58906859996981,7.788599061867519,2.715057864490805,5.0893778718043015,,5.06989041846005,200,6.3550677199017285,6.3550677199017285,6.302184015776826,6.302184015776826,0.05288370412490284,0.05288370412490284
217,43400,rayleigh,64,2.5689149704832728,8.384072101346872,4.760008835699949,3.8225322846049736,,5.06989041846005,200,6.181515602455933,6.181515602455933,6.287661784216616,6.287661784216616,0.1061461817606828,0.1061461817606828
218,43600,rayleigh,64,6.725096596821882,8.168436379731704,0.5704111003654355,7.606133146843146,,5.06989041846005,200,6.259790648626602,6.259790648626602,6.282298886642139,6.282298886642139,0.022508238015537252,0.022508238015537252
219,43800,rayleigh,64,7.088109984406654,8.273761279909756,0.5031646664864196,7.7705966134233355,,5.06989041846005,200,6.280216147106232,6.280216147106232,6.29973318161839,6.29973318161839,0.019517034512158027,0.019517034512158027
220,44000,rayleigh,64,0.7052927845366734,7.503182367572554,6.197761327220461,2.011997342284597,,5.06989041846005,200,6.058062210473474,6.058062210473474,6.246829517141632,6.246829517141632,0.18876730666815789,0.18876730666815789
221,44200,rayleigh,64,4.915889915546916,8.091294554541141,2.3285669338092987,5.809425105151501,,5.06989041846005,200,5.9894147036582135,5.9894147036582135,6.234761454481084,6.234761454481084,0.24534675082287016,0.24534675082287016
222,44400,rayleigh,64,4.0918659916776985,7.402205570918367,2.910752450437163,4.6524157185770365,,5.06989041846005,200,5.970657890242351,5.970657890242351,6.206594626558903,6.206594626558903,0.23593673631655232,0.23593673631655232
223,44600,rayleigh,64,6.925406962931318,8.824348093397697,1.5311181536910026,7.316321951901334,,5.06989041846005,200,6.031998201895554,6.031998201895554,6.206619012562268,6.206619012562268,0.1746208106667133,0.1746208106667133
224,44800,rayleigh,64,4.670596261243553,8.21053969786228,3.290292460118127,5.06987787687063,,5.06989041846005,200,5.977746922127897,5.977746922127897,6.179590360703624,6.179590360703624,0.20184343857572706,0.20184343857572706
225,45000,rayleigh,64,5.850046282106593,8.165905433733409,1.8847120647552513,6.3193223321983645,,5.06989041846005,200,5.966331030974421,5.966331030974421,6.173698997375002,6.173698997375002,0.20736796640058142,0.20736796640058142
226,45200,rayleigh,64,5.4051550177345336,8.256587608910303,2.4514320228901214,5.862011285935348,,5.06989041846005,200,6.146084520735089,6.146084520735089,6.17042697492445,6.17042697492445,0.02434245418936065,0.02434245418936065
227,45400,rayleigh,64,5.546514640078636,7.379350562635267,0.585810113552321,6.809004003355157,,5.06989041846005,200,6.033891176707025,6.033891176707025,6.171149484293125,6.171149484293125,0.1372583075861007,0.1372583075861007
228,45600,rayleigh,64,5.4865046014635315,7.286529777746146,0.46348359771639275,6.8230461800297535,,5.06989041846005,200,6.014313141695513,6.014313141695513,6.173401206409302,6.173401206409302,0.15908806471378956,0.15908806471378956
229,45800,rayleigh,64,6.161385554640236,8.064916673353705,0.5090451061410534,7.560530758816992,,5.06989041846005,200,6.102725348654728,6.102725348654728,6.167793619851685,6.167793619851685,0.06506827119695746,0.06506827119695746
230,46000,rayleigh,64,5.626632605155802,8.113116561750276,1.0792589929854253,7.03385756876485,,5.06989041846005,200,6.183962354890998,6.183962354890998,6.191389479288739,6.191389479288739,0.007427124397741736,0.007427124397741736
231,46200,rayleigh,64,4.879928774828745,8.627004565040666,2.394695945135461,6.2675683396181325,,5.06989041846005,200,6.1560434992794555,6.1560434992794555,6.19274782944549,6.19274782944549,0.03670433016603436,0.03670433016603436
232,46400,rayleigh,64,6.610477281888535,8.424950411048712,1.335968879355796,7.095887845167176,,5.06989041846005,200,6.137021297116231,6.137021297116231,6.199147628713864,6.199147628713864,0.06212633159763303,0.06212633159763303
233,46600,rayleigh,64,7.4826713395821605,8.760230296441517,0.6589881879867168,8.1012421084548,,5.06989041846005,200,6.100782923528271,6.100782923528271,6.196159964958689,6.196159964958689,0.09537704143041736,0.09537704143041736
234,46800,rayleigh,64,8.509763791955418,9.370224693322264,0.43899305807331385,8.931231635248956,,5.06989041846005,200,6.282431966393726,6.282431966393726,6.212399128916929,6.212399128916929,0.07003283747679667,0.07003283747679667
235,47000,rayleigh,64,6.242981383675392,8.341811353187794,1.7452009663174175,6.623068200040515,,5.06989041846005,200,6.328772408454546,6.328772408454546,6.210401963401505,6.210401963401505,0.11837044505304029,0.11837044505304029
236,47200,rayleigh,64,4.94563891666249,8.078354264513901,2.07299051638348,6.0065039812313445,,5.06989041846005,200,6.374628713925897,6.374628713925897,6.1944321015095,6.1944321015095,0.18019661241639628,0.18019661241639628
237,47400,rayleigh,64,5.676888020798833,8.506807409688594,2.101561493313034,6.4227547202569175,,5.06989041846005,200,6.504639835708494,6.504639835708494,6.1952248135322865,6.1952248135322865,0.3094150221762071,0.3094150221762071
238,47600,rayleigh,64,6.027273270937717,9.083593979472589,1.6712866155874093,7.41230736388518,,5.06989041846005,200,6.494948546560596,6.494948546560596,6.208365106438546,6.208365106438546,0.28658344012205017,0.28658344012205017
239,47800,rayleigh,64,7.982317954291236,9.10449190984373,0.7122968807966276,8.392195029047105,,5.06989041846005,200,6.526028467341784,6.526028467341784,6.219185551230683,6.219185551230683,0.30684291611110126,0.30684291611110126
240,48000,rayleigh,64,6.469294193651624,8.804179082037246,1.9334905903051227,6.8800429697886925,,5.06989041846005,200,6.76943074871699,6.76943074871699,6.268459722116786,6.268459722116786,0.5009710266002037,0.5009710266002037
241,48200,rayleigh,64,7.472118169757226,8.11991313582402,0.22502956814235772,7.894883567681663,,5.06989041846005,200,6.873703671843498,6.873703671843498,6.291756070729823,6.291756070729823,0.5819476011136748,0.5819476011136748
242,48400,rayleigh,64,5.052613589105326,8.395910552024112,2.8898437742856466,5.521795095665035,,5.06989041846005,200,6.917172640697896,6.917172640697896,6.280629677495059,6.280629677495059,0.636542963202837,0.636542963202837
243,48600,rayleigh,64,6.394848539749255,8.094389921826853,1.3057755242556734,6.831054795387652,,5.06989041846005,200,6.892909282872212,6.892909282872212,6.286449361730544,6.286449361730544,0.6064599211416679,0.6064599211416679
244,48800,rayleigh,64,6.816166838686644,8.508489502858906,1.0924786653489544,7.4160108375099565,,5.06989041846005,200,7.010215930904179,7.010215930904179,6.318294908315291,6.318294908315291,0.6919210225888879,0.6919210225888879
245,49000,rayleigh,64,7.466271981213075,8.565494964163925,0.3855313140155118,8.179963650148409,,5.06989041846005,200,7.103247996801683,7.103247996801683,6.330588448973649,6.330588448973649,0.7726595478280336,0.7726595478280336
246,49200,rayleigh,64,7.580723671869828,8.521959004725405,0.5575867554208662,7.964372249304539,,5.06989041846005,200,7.208366044970141,7.208366044970141,6.338422443710782,6.338422443710782,0.8699436012593589,0.8699436012593589
247,49400,rayleigh,64,4.824457764278806,8.260327485135006,2.6502191801710007,5.61691241234093,,5.06989041846005,200,7.1487614654194305,7.1487614654194305,6.3394042530221615,6.3394042530221615,0.809357212397269,0.809357212397269
248,49600,rayleigh,64,4.663087677472796,8.417480305270676,3.2628286587011304,5.245845538077083,,5.06989041846005,200,7.069901433321796,7.069901433321796,6.330908328199805,6.330908328199805,0.7389931051219909,0.7389931051219909
249,49800,rayleigh,64,6.618498829651416,8.048205904820412,0.9928927311733161,7.055313173647091,,5.06989041846005,200,7.044640554063301,7.044640554063301,6.341630264795529,6.341630264795529,0.7030102892677723,0.7030102892677723
250,50000,rayleigh,64,4.139824711468392,7.4101082179627795,1.8903707388506727,5.540353712815545,7.47235483935624,7.47235483935624,200,6.969965361265835,6.969965361265835,6.334426449201691,6.334426449201691,0.6355389120641446,0.6355389120641446
251,50200,rayleigh,64,6.712285633145455,8.385638218458292,0.9003970036080237,7.492245176350658,,7.47235483935624,200,7.031199203102462,7.031199203102462,6.34724612874736,6.34724612874736,0.6839530743551023,0.6839530743551023
252,50400,rayleigh,64,6.5070681654064035,9.2870841439099,1.661447646810365,7.641921421877465,,7.47235483935624,200,7.058500881937976,7.058500881937976,6.354046583284786,6.354046583284786,0.7044542986531903,0.7044542986531903
253,50600,rayleigh,64,4.947047023287925,7.930702750104264,2.170336207828002,5.813620253715523,,7.47235483935624,200,6.944119789201014,6.944119789201014,6.34640737145917,6.34640737145917,0.5977124177418434,0.5977124177418434
254,50800,rayleigh,64,6.689639274465386,7.973559594348674,0.8904131755517907,7.102026053874735,,7.47235483935624,200,6.852659510132303,6.852659510132303,6.358775311420722,6.358775311420722,0.49388419871158096,0.49388419871158096
255,51000,rayleigh,64,6.40392236541431,7.672148537069494,0.8392817330573545,6.8341842458500945,,7.47235483935624,200,6.8632153124227795,6.8632153124227795,6.3577466496652315,6.3577466496652315,0.505468662757548,0.505468662757548
256,51200,rayleigh,64,5.277517335087951,7.769308443811154,1.7243903436671015,6.057485664804758,,7.47235483935624,200,6.865764396601451,6.865764396601451,6.3567144665859345,6.3567144665859345,0.5090499300155162,0.5090499300155162
257,51400,rayleigh,64,5.378508861938846,8.6577255520703,1.822950914103329,6.8593770167347055,,7.47235483935624,200,6.88759551142534,6.88759551142534,6.365034630246409,6.365034630246409,0.5225608811789311,0.5225608811789311
258,51600,rayleigh,64,3.310967430264573,7.717159079805805,3.012332651753564,4.780285497435399,,7.47235483935624,200,6.755994418102851,6.755994418102851,6.359172317633204,6.359172317633204,0.39682210046964705,0.39682210046964705
259,51800,rayleigh,64,5.931446004406492,8.493567525100646,1.2179536330002172,7.275613892100431,,7.47235483935624,200,6.700165361255519,6.700165361255519,6.362551286952444,6.362551286952444,0.3376140743030751,0.3376140743030751
260,52000,rayleigh,64,6.863325229607097,8.64638745055025,1.247842945813844,7.407975316065993,,7.47235483935624,200,6.726561978569384,6.726561978569384,6.386621448793933,6.386621448793933,0.3399405297754514,0.3399405297754514
261,52200,rayleigh,64,5.928864124534989,8.040206648372699,1.5127583278161265,6.545039066167622,,7.47235483935624,200,6.6590697534936805,6.6590697534936805,6.372714339334144,6.372714339334144,0.28635541415953636,0.28635541415953636
262,52400,rayleigh,64,7.847544246848054,9.526833999263761,1.1981166827809782,8.32871731648279,,7.47235483935624,200,6.799415864534569,6.799415864534569,6.440196212104727,6.440196212104727,0.3592196524298421,0.3592196524298421
263,52600,rayleigh,64,4.944082312708453,7.969833480385084,1.883905567507299,6.1349635054426335,,7.47235483935624,200,6.764611300037319,6.764611300037319,6.435636972333555,6.435636972333555,0.3289743277037642,0.3289743277037642
264,52800,rayleigh,64,6.267782332709746,7.52753652461914,0.8422099262662338,6.697982229984062,,7.47235483935624,200,6.728709869661023,6.728709869661023,6.4309837161729595,6.4309837161729595,0.2977261534880631,0.2977261534880631
265,53000,rayleigh,64,5.847852703311597,9.355368911314068,3.0463933186548524,6.3506365971792205,,7.47235483935624,200,6.637243517012564,6.637243517012564,6.4381064202118035,6.4381064202118035,0.19913709680076064,0.19913709680076064
266,53200,rayleigh,64,4.573811534617719,7.538142947673322,2.61620257044011,5.013540740661828,,7.47235483935624,200,6.489701941580428,6.489701941580428,6.4284539630774695,6.4284539630774695,0.06124797850295849,0.06124797850295849
267,53400,rayleigh,64,7.655980180326302,8.879310885839473,0.8047838978855281,8.074526987953943,,7.47235483935624,200,6.612582670361078,6.612582670361078,6.449403721620898,6.449403721620898,0.16317894874018002,0.16317894874018002
268,53600,rayleigh,64,7.2045088499449,8.664347490101504,1.0111176736038843,7.653229816497613,,7.47235483935624,200,6.732951884282104,6.732951884282104,6.4945821674202024,6.4945821674202024,0.2383697168619019,0.2383697168619019
269,53800,rayleigh,64,4.411576955330324,7.339615450425739,1.1702393302011873,6.171946664106768,,7.47235483935624,200,6.688783558805089,6.688783558805089,6.476705600111346,6.476705600111346,0.2120779586937429,0.2120779586937429
270,54000,rayleigh,64,3.334162020980957,8.68808527707003,5.0816964224038035,3.728792699957394,,7.47235483935624,200,6.598205508162181,6.598205508162181,6.453018313377977,6.453018313377977,0.14518719478420383,0.14518719478420383
271,54200,rayleigh,64,6.002281342081805,7.3288184374408765,0.7397557191396029,6.595981999639329,,7.47235483935624,200,6.553392349326616,6.553392349326616,6.464061360614749,6.464061360614749,0.0893309887118674,0.0893309887118674
272,54400,rayleigh,64,6.537361850178159,8.970080919477336,1.0024719425451913,7.973829634415021,,7.47235483935624,200,6.569987759953493,6.569987759953493,6.483507178499221,6.483507178499221,0.08648058145427218,0.08648058145427218
273,54600,rayleigh,64,6.86617076497217,7.998420364596359,0.46913707467094773,7.5292832899254085,,7.47235483935624,200,6.655770911763987,6.655770911763987,6.480786244182067,6.480786244182067,0.17498466758192066,0.17498466758192066
274,54800,rayleigh,64,7.704892073575923,8.899758342617758,0.7426163072809933,8.157142035336761,,7.47235483935624,200,6.708526710837089,6.708526710837089,6.484664084305421,6.484664084305421,0.22386262653166789,0.22386262653166789
275,55000,rayleigh,64,5.2792649316177895,7.6655242400914725,1.9365902170338585,5.760614516409211,,7.47235483935624,200,6.654848224365044,6.654848224365044,6.481454572405178,6.481454572405178,0.17339365195986645,0.17339365195986645
276,55200,rayleigh,64,6.372748570677805,7.904710676977203,1.0848360092886593,6.819874667688546,,7.47235483935624,200,6.692967674509234,6.692967674509234,6.478899487660189,6.478899487660189,0.21406818684904483,0.21406818684904483
277,55400,rayleigh,64,5.090171051798531,7.35933031638285,1.4289588114467553,5.938364714325929,,7.47235483935624,200,6.646917059388795,6.646917059388795,6.471504686562026,6.471504686562026,0.17541237282676914,0.17541237282676914
278,55600,rayleigh,64,7.426796758883955,8.15762566655741,0.3945796616463171,7.76304600491109,,7.47235483935624,200,6.796055084762581,6.796055084762581,6.479898128344935,6.479898128344935,0.31615695641764585,0.31615695641764585
279,55800,rayleigh,64,6.415945790466501,8.398191413519593,0.8744460982706691,7.5237453152489255,,7.47235483935624,200,6.808461655920004,6.808461655920004,6.485676382939743,6.485676382939743,0.32278527298026116,0.32278527298026116
280,56000,rayleigh,64,4.395063138752523,8.746357600833706,3.283063935419395,5.536375297880232,,7.47235483935624,200,6.714881655010716,6.714881655010716,6.487177698150458,6.487177698150458,0.22770395686025768,0.22770395686025768
281,56200,rayleigh,64,6.64447975921498,8.322557767162946,0.6570061332374799,7.665551633925467,,7.47235483935624,200,6.770907283398609,6.770907283398609,6.511311794410573,6.511311794410573,0.25959548898803586,0.25959548898803586
282,56400,rayleigh,64,5.6671765645926895,8.03279614864829,1.9814060091120356,6.051390139536256,,7.47235483935624,200,6.657040924551282,6.657040924551282,6.530165804521594,6.530165804521594,0.12687512002968848,0.12687512002968848
283,56600,rayleigh,64,8.06393844600424,9.15370492551484,0.7018782545648089,8.45708543431706,,7.47235483935624,200,6.773147020995003,6.773147020995003,6.526538305188715,6.526538305188715,0.24660871580628818,0.24660871580628818
284,56800,rayleigh,64,7.4544285783472,7.987449147898823,0.20815756684118766,7.779291581057635,,7.47235483935624,200,6.827212488548682,6.827212488548682,6.5334627316094585,6.5334627316094585,0.29374975693922334,0.29374975693922334
285,57000,rayleigh,64,5.763317681501811,7.830695419854453,1.7134966459942054,6.139446397669953,,7.47235483935624,200,6.816652978573218,6.816652978573218,6.538063594911385,6.538063594911385,0.27858938366183317,0.27858938366183317
286,57200,rayleigh,64,5.657679204638903,9.041489785514049,2.9630331922811735,6.098025648390621,,7.47235483935624,200,6.870877223959658,6.870877223959658,6.547704934801273,6.547704934801273,0.3231722891583848,0.3231722891583848
287,57400,rayleigh,64,7.22407282248973,7.786133254651759,0.2180618419165268,7.568071412735224,,7.47235483935624,200,6.845554445198724,6.845554445198724,6.558849947957391,6.558849947957391,0.28670449724133285,0.28670449724133285
288,57600,rayleigh,64,6.888614161294487,9.038574963964475,1.7857651240326733,7.276310408356143,,7.47235483935624,200,6.826708474791649,6.826708474791649,6.5668406297961655,6.5668406297961655,0.2598678449954832,0.2598678449954832
289,57800,rayleigh,64,6.0666734940554,8.293493100714965,1.7947927112428952,6.502341958824856,,7.47235483935624,200,6.843228239527552,6.843228239527552,6.596128016739669,6.596128016739669,0.2471002227878829,0.2471002227878829
290,58000,rayleigh,64,7.840016995936708,9.707252682151493,1.4412550931235772,8.265997589027915,,7.47235483935624,200,7.070088483981077,7.070088483981077,6.620564786063462,6.620564786063462,0.4495236979176145,0.4495236979176145
291,58200,rayleigh,64,8.075421329424493,8.884956091987863,0.4285365476465561,8.45641954434131,,7.47235483935624,200,7.163110361216178,7.163110361216178,6.652830743703091,6.652830743703091,0.5102796175130875,0.5102796175130875
292,58400,rayleigh,64,6.852851827475205,8.848960339437049,0.7606164206769074,8.097006584496736,,7.47235483935624,200,7.169269208720264,7.169269208720264,6.676242516330061,6.676242516330061,0.49302669239020336,0.49302669239020336
293,58600,rayleigh,64,5.4337408131578115,8.652706141768302,2.1343974864443154,6.557352690743901,,7.47235483935624,200,7.1206726787611885,7.1206726787611885,6.666591173060418,6.666591173060418,0.45408150570077055,0.45408150570077055
294,58800,rayleigh,64,5.745120464919094,8.046346844823447,1.6568124119673298,6.39558559605813,,7.47235483935624,200,7.032594856797258,7.032594856797258,6.661574243682544,6.661574243682544,0.37102061311471335,0.37102061311471335
295,59000,rayleigh,64,5.424880496157917,8.177565531312714,1.0402738079284843,7.142972499848629,,7.47235483935624,200,7.101712755969229,7.101712755969229,6.663440344433516,6.663440344433516,0.4382724115357126,0.4382724115357126
296,59200,rayleigh,64,7.881398207101513,9.166328616632791,0.9409848523872015,8.225343764245583,,7.47235483935624,200,7.1719862107970815,7.1719862107970815,6.692082943147078,6.692082943147078,0.4799032676500037,0.4799032676500037
297,59400,rayleigh,64,6.363325623824219,7.5686830968559375,0.8340832501998194,6.734599846656115,,7.47235483935624,200,7.21179796741359,7.21179796741359,6.6864931952784294,6.6864931952784294,0.5253047721351605,0.5253047721351605
298,59600,rayleigh,64,7.597601004908094,8.63112118385482,0.7276011717817931,7.903520012073031,,7.47235483935624,200,7.218821667771687,7.218821667771687,6.705122073164863,6.705122073164863,0.5136995946068241,0.5136995946068241
299,59800,rayleigh,64,6.501564066916199,8.565138728976013,1.7506236614101485,6.827051069691199,,7.47235483935624,200,7.183986955493799,7.183986955493799,6.699771717423467,6.699771717423467,0.4842152380703313,0.4842152380703313
300,60000,rayleigh,64,5.685112357845667,8.322919776324051,2.3540639516430297,5.992641870978969,7.393748203606213,7.393748203606213,200,7.206800284148736,7.206800284148736,6.6951473753838595,6.6951473753838595,0.5116529087648765,0.5116529087648765
301,60200,rayleigh,64,4.96916078679419,8.094428170503232,2.6567416319183637,5.468851728737809,,7.393748203606213,200,7.096965288889353,7.096965288889353,6.678012140256672,6.678012140256672,0.4189531486326814,0.4189531486326814
302,60400,rayleigh,64,6.701760727565219,7.855576583120769,0.6111150369750578,7.2444615461457085,,7.393748203606213,200,7.156618859219826,7.156618859219826,6.700181235849185,6.700181235849185,0.45643762337064064,0.45643762337064064
303,60600,rayleigh,64,7.338056248348824,8.692328262992056,1.042179672991165,7.665741096015716,,7.393748203606213,200,7.117051642304759,7.117051642304759,6.71594348962097,6.71594348962097,0.40110815268378897,0.40110815268378897
304,60800,rayleigh,64,6.5951561948383315,8.617003879133922,1.694809713896864,6.923093664548312,,7.393748203606213,200,7.074241746479292,7.074241746479292,6.723625391544215,6.723625391544215,0.35061635493507737,0.35061635493507737
305,61000,rayleigh,64,6.118514145321695,7.4636675017954195,0.8567851636403289,6.626237925708857,,7.393748203606213,200,7.098581322881239,7.098581322881239,6.7244113692486245,6.7244113692486245,0.37416995363261485,0.37416995363261485
306,61200,rayleigh,64,4.560226611520241,7.686945589563255,2.3798145601719174,5.326674298048962,,7.393748203606213,200,7.060013755364156,7.060013755364156,6.755008697321895,6.755008697321895,0.3050050580422612,0.3050050580422612
307,61400,rayleigh,64,7.228856827495768,8.699907137856252,1.0765405614733683,7.634141116605895,,7.393748203606213,200,7.063317240557689,7.063317240557689,6.740821399648788,6.740821399648788,0.3224958409089007,0.3224958409089007
308,61600,rayleigh,64,6.693661426964536,8.821323546509811,1.767690935413727,7.053632611096081,,7.393748203606213,200,7.052183350694686,7.052183350694686,6.73921165695715,6.73921165695715,0.31297169373753597,0.31297169373753597
309,61800,rayleigh,64,8.241322087152243,8.93358754753704,0.36151515292183795,8.572072394615201,,7.393748203606213,200,7.155669872484202,7.155669872484202,6.7670095147069755,6.7670095147069755,0.3886603577772263,0.3886603577772263
310,62000,rayleigh,64,4.2876772741605045,7.068427617162117,1.1678748133422543,5.915239090193016,,7.393748203606213,200,7.038131947542458,7.038131947542458,6.772070731168511,6.772070731168511,0.26606121637394686,0.26606121637394686
311,62200,rayleigh,64,7.728407447485178,8.43525319778036,0.3439839749203127,8.091269222860046,,7.393748203606213,200,7.019874431468393,7.019874431468393,6.784723968878621,6.784723968878621,0.2351504625897718,0.2351504625897718
312,62400,rayleigh,64,5.989217747113114,7.182835808996455,0.6886386117539235,6.49490452906155,,7.393748203606213,200,6.939769328696636,6.939769328696636,6.774909695284921,6.774909695284921,0.16485963341171495,0.16485963341171495
313,62600,rayleigh,64,5.066094784481666,8.251324784704478,1.9490959086264683,6.3022288760780105,,7.393748203606213,200,6.92701313796334,6.92701313796334,6.749671888243561,6.749671888243561,0.17734124971977927,0.17734124971977927
314,62800,rayleigh,64,6.243852784472611,8.757640210072225,2.1619052978897164,6.602228373942142,,7.393748203606213,200,6.937345276857542,6.937345276857542,6.762711664203583,6.762711664203583,0.17463361265395871,0.17463361265395871
315,63000,rayleigh,64,5.74415395742441,8.352256435093118,1.9966984054513228,6.434104680811341,,7.393748203606213,200,6.901901885905677,6.901901885905677,6.770090117423454,6.770090117423454,0.13181176848222353,0.13181176848222353
316,63200,rayleigh,64,3.9397258247619398,7.185077995110997,1.7909726550972862,5.447894986249259,,7.393748203606213,200,6.76302944700586,6.76302944700586,6.773675288567904,6.773675288567904,0.010645841562043401,0.010645841562043401
317,63400,rayleigh,64,6.599523073162893,8.62697120396822,0.6705431476262136,7.956428056342006,,7.393748203606213,200,6.824120857490155,6.824120857490155,6.815014246285274,6.815014246285274,0.009106611204881432,0.009106611204881432
318,63600,rayleigh,64,6.9369783895006405,7.784364054466133,0.44170347111787756,7.342660583348261,,7.393748203606213,200,6.796077886053917,6.796077886053917,6.812379520650325,6.812379520650325,0.016301634596407766,0.016301634596407766
319,63800,rayleigh,64,6.781863992830263,7.660698962245185,0.3164906613361535,7.344208300909026,,7.393748203606213,200,6.821935747614807,6.821935747614807,6.808115637525182,6.808115637525182,0.01382011008962536,0.01382011008962536
320,64000,rayleigh,64,4.269996145578719,7.842477660695735,3.266364880218898,4.684766052226225,,7.393748203606213,200,6.756541956677171,6.756541956677171,6.8348433246245985,6.8348433246245985,0.07830136794742781,0.07830136794742781
321,64200,rayleigh,64,6.253263994531677,7.643929612690885,0.9602709069131979,6.683658705777688,,7.393748203606213,200,6.817282305529164,6.817282305529164,6.843585660630861,6.843585660630861,0.0263033551016969,0.0263033551016969
322,64400,rayleigh,64,7.223984551792501,8.961402783469893,0.9742075633594574,7.987195220110437,,7.393748203606213,200,6.854418989227402,6.854418989227402,6.876933455646196,6.876933455646196,0.02251446641879351,0.02251446641879351
323,64600,rayleigh,64,6.708053091511989,8.702967526189115,1.5184957873075542,7.190490425878394,,7.393748203606213,200,6.8306564557205345,6.8306564557205345,6.875675140385965,6.875675140385965,0.0450186846654308,0.0450186846654308
324,64800,rayleigh,64,1.1052611360025266,7.375248791597098,5.356597105546812,2.4490097645809956,,7.393748203606213,200,6.60695226072217,6.60695226072217,6.849466459263069,6.849466459263069,0.24251419854089917,0.24251419854089917
325,65000,rayleigh,64,6.426721946354485,8.035709746946825,0.20307517951872278,7.832634567428099,,7.393748203606213,200,6.6672720928081315,6.6672720928081315,6.864599581615367,6.864599581615367,0.19732748880723516,0.19732748880723516
326,65200,rayleigh,64,1.5896418272194246,7.550371672555748,4.915197178040331,2.896422885999113,,7.393748203606213,200,6.545759522205638,6.545759522205638,6.834943697616003,6.834943697616003,0.289184175410365,0.289184175410365
327,65400,rayleigh,64,5.362878998665378,7.892168980969292,1.5594026345430292,6.357917628803505,,7.393748203606213,200,6.4819483478155195,6.4819483478155195,6.830432833870487,6.830432833870487,0.34848448605496785,0.34848448605496785
328,65600,rayleigh,64,7.563251812186707,9.686532876965654,1.4112657462926834,8.275267130672965,,7.393748203606213,200,6.543030073794364,6.543030073794364,6.844955043376919,6.844955043376919,0.3019249695825543,0.3019249695825543
329,65800,rayleigh,64,6.470226548313806,9.275603588731594,2.28569354632099,6.994165809975232,,7.393748203606213,200,6.464134744562367,6.464134744562367,6.839291393888503,6.839291393888503,0.37515664932613646,0.37515664932613646
330,66000,rayleigh,64,6.382584940853617,8.791039037432386,0.8187813043101637,7.972257733122225,,7.393748203606213,200,6.566985676708827,6.566985676708827,6.8486753955320765,6.8486753955320765,0.2816897188232499,0.2816897188232499
331,66200,rayleigh,64,5.3674071107774015,8.071116176775906,0.9708316447708341,7.131667673092979,,7.393748203606213,200,6.519005599220472,6.519005599220472,6.857316388866826,6.857316388866826,0.3383107896463535,0.3383107896463535
332,66400,rayleigh,64,6.348399046424006,8.371251030167281,0.6650394372408777,7.706211592926397,,7.393748203606213,200,6.579570952413714,6.579570952413714,6.863419626344417,6.863419626344417,0.2838486739307031,0.2838486739307031
333,66600,rayleigh,64,0.7708926810016365,8.723408609338984,5.609092787387566,3.232704426775984,,7.393748203606213,200,6.4260947299486135,6.4260947299486135,6.814734249527628,6.814734249527628,0.3886395195790149,0.3886395195790149
334,66800,rayleigh,64,4.894521947754507,8.730340897358234,2.6009196068624774,6.148536142237923,,7.393748203606213,200,6.403410118363402,6.403410118363402,6.786907294597519,6.786907294597519,0.3834971762341173,0.3834971762341173
335,67000,rayleigh,64,2.1930234992512525,8.073741190451258,4.36258991607233,3.860028716713658,,7.393748203606213,200,6.274706320158518,6.274706320158518,6.75927689976425,6.75927689976425,0.484570579605732,0.484570579605732
336,67200,rayleigh,64,5.523204627138828,7.8524464137945715,1.0570033502358802,6.801349805589702,,7.393748203606213,200,6.3423790611255395,6.3423790611255395,6.767225358007834,6.767225358007834,0.42484629688229436,0.42484629688229436
337,67400,rayleigh,64,6.141614346259842,8.37979304472382,0.9494052600822203,7.433747919453106,,7.393748203606213,200,6.3162450542810955,6.3162450542810955,6.777335289999795,6.777335289999795,0.4610902357186992,0.4610902357186992
338,67600,rayleigh,64,6.938011702162543,8.59839912708524,1.0491462393072746,7.549252887777961,,7.393748203606213,200,6.326574669502582,6.326574669502582,6.7787047452387235,6.7787047452387235,0.4521300757361413,0.4521300757361413
339,67800,rayleigh,64,6.5936210517161715,9.371894568110958,1.6691117562795623,7.706073335825287,,7.393748203606213,200,6.344667921248394,6.344667921248394,6.771843528306505,6.771843528306505,0.42717560705811053,0.42717560705811053
340,68000,rayleigh,64,5.945197742187784,8.366542864952505,1.8148726327151912,6.556159114920862,,7.393748203606213,200,6.438237574383126,6.438237574383126,6.768604689757828,6.768604689757828,0.33036711537470165,0.33036711537470165
341,68200,rayleigh,64,6.2214075728836224,7.446691796123291,0.6578878885299633,6.790455334749281,,7.393748203606213,200,6.4435774058317055,6.4435774058317055,6.757560407428501,6.757560407428501,0.31398300159679593,0.31398300159679593
342,68400,rayleigh,64,6.18450053980663,8.45859408637276,0.7586462999329512,7.699947786439806,,7.393748203606213,200,6.429215034148173,6.429215034148173,6.77934193433625,6.77934193433625,0.35012690018807646,0.35012690018807646
343,68600,rayleigh,64,7.398784788663896,8.797416893938436,0.8661347883182345,7.931282105620208,,7.393748203606213,200,6.466254618135265,6.466254618135265,6.790344207438575,6.790344207438575,0.32408958930331,0.32408958930331
344,68800,rayleigh,64,6.662332141665603,7.854113097930047,0.6643809510520806,7.189732146877969,,7.393748203606213,200,6.7032907372501125,6.7032907372501125,6.788081420532256,6.788081420532256,0.08479068328214368,0.08479068328214368
345,69000,rayleigh,64,2.584986258756567,8.751427833056747,5.8937504912732885,3.1192705711526063,,7.393748203606213,200,6.4676225374363385,6.4676225374363385,6.737474489742298,6.737474489742298,0.2698519523059595,0.2698519523059595
346,69200,rayleigh,64,5.680475019934372,8.217171004785463,1.7996565217688485,6.428672656018982,,7.393748203606213,200,6.644235025937332,6.644235025937332,6.722117493809443,6.722117493809443,0.07788246787211062,0.07788246787211062
347,69400,rayleigh,64,4.2782906412992485,7.668017197885412,2.146312670194426,5.5450573250657476,,7.393748203606213,200,6.603592010750445,6.603592010750445,6.72139894293669,6.72139894293669,0.11780693218624538,0.11780693218624538
348,69600,rayleigh,64,7.6149911276122335,10.359822460462304,2.2956959057473223,8.070828962268882,,7.393748203606213,200,6.5933701023302405,6.5933701023302405,6.749648777178609,6.749648777178609,0.15627867484836866,0.15627867484836866
349,69800,rayleigh,64,3.7948368827760413,7.501210760143867,3.067734799992476,4.567131057521849,,7.393748203606213,200,6.47201836470757,6.47201836470757,6.724766956017357,6.724766956017357,0.25274859130978644,0.25274859130978644
350,70000,rayleigh,64,5.717561821909008,7.740311742246522,0.60854885649517,7.131762885751354,7.21883365781994,7.21883365781994,200,6.429993622339026,6.429993622339026,6.740681047746714,6.740681047746714,0.31068742540768746,0.31068742540768746
351,70200,rayleigh,64,6.02600603273842,7.991591404833931,0.3187069614628216,7.672884443371117,,7.21883365781994,200,6.457054460852933,6.457054460852933,6.742487440416918,6.742487440416918,0.2854329795639847,0.2854329795639847
352,70400,rayleigh,64,1.2903277848432895,7.412722146485362,5.33101938118417,2.432825062509279,,7.21883365781994,200,6.193385134332078,6.193385134332078,6.690396476823237,6.690396476823237,0.49701134249115864,0.49701134249115864
353,70600,rayleigh,64,6.077746989368579,8.868981308268136,2.4011798736035193,6.480304401925322,,7.21883365781994,200,6.3557651330895455,6.3557651330895455,6.697063318305335,6.697063318305335,0.3412981852157895,0.3412981852157895
354,70800,rayleigh,64,5.407864594462118,8.042858125992764,1.7216904860737419,6.321167639919021,,7.21883365781994,200,6.3643967079736,6.3643967079736,6.689254734165779,6.689254734165779,0.32485802619217896,0.32485802619217896
355,71000,rayleigh,64,7.37053265146043,7.799688939374548,0.07047953611623109,7.729209403258306,,7.21883365781994,200,6.557855742300832,6.557855742300832,6.69820498573986,6.69820498573986,0.14034924343902766,0.14034924343902766
356,71200,rayleigh,64,3.9836139380868487,8.135475677877597,3.939674364332698,4.324769417656393,,7.21883365781994,200,6.434026722904167,6.434026722904167,6.680877823268377,6.680877823268377,0.24685110036420976,0.24685110036420976
357,71400,rayleigh,64,4.92904576423899,7.483740951998766,0.9524214580718201,6.548981756602989,,7.21883365781994,200,6.389788414761662,6.389788414761662,6.6777738706670595,6.6777738706670595,0.2879854559053978,0.2879854559053978
358,71600,rayleigh,64,4.9838414497650065,9.473885216158388,4.188001426788219,5.346806661925319,,7.21883365781994,200,6.279666103469029,6.279666103469029,6.68343908231196,6.68343908231196,0.4037729788429312,0.4037729788429312
359,71800,rayleigh,64,5.004158097226536,7.660492876310552,1.8713892898592595,5.7941286517818895,,7.21883365781994,200,6.184068869266858,6.184068869266858,6.668624229908773,6.668624229908773,0.48455536064191485,0.48455536064191485
360,72000,rayleigh,64,6.639633503132143,10.002246160441766,2.9984188991007463,7.013177051596922,,7.21883365781994,200,6.206919766100662,6.206919766100662,6.664676247264083,6.664676247264083,0.45775648116342094,0.45775648116342094
361,72200,rayleigh,64,5.049152843393688,8.82374103712968,3.260450558525821,5.581406666301493,,7.21883365781994,200,6.146467332678272,6.146467332678272,6.655039923265422,6.655039923265422,0.5085725905871499,0.5085725905871499
362,72400,rayleigh,64,3.575032180503915,8.934827529382469,4.074349499587077,4.952684711156559,,7.21883365781994,200,6.009104178914111,6.009104178914111,6.621279597212159,6.621279597212159,0.6121754182980483,0.6121754182980483
363,72600,rayleigh,64,3.8616694287251296,8.307974857604504,4.166512169630549,4.262242833887532,,7.21883365781994,200,5.825652215327477,5.825652215327477,6.602552390496608,6.602552390496608,0.7769001751691311,0.7769001751691311
364,72800,rayleigh,64,6.867504539234018,8.282301012673628,1.088837814359825,7.193463198313799,,7.21883365781994,200,5.825838767899268,5.825838767899268,6.607507200179905,6.607507200179905,0.7816684322806369,0.7816684322806369
365,73000,rayleigh,64,0.7044842619158012,7.7955144078829,6.159776066691918,2.1405194469383475,,7.21883365781994,200,5.776901211688555,5.776901211688555,6.565406028677495,6.565406028677495,0.7885048169889401,0.7885048169889401
366,73200,rayleigh,64,5.6846834499746395,8.897227946080072,2.397781123019514,6.4994468230605555,,7.21883365781994,200,5.780439920040633,5.780439920040633,6.580265089501483,6.580265089501483,0.79982516946085,0.79982516946085
367,73400,rayleigh,64,6.9166658147303055,7.822561734937127,0.5588117159569694,7.263750018980151,,7.21883365781994,200,5.866374554736353,5.866374554736353,6.572157319811746,6.572157319811746,0.7057827650753925,0.7057827650753925
368,73600,rayleigh,64,6.136488093861164,7.5634789493359165,1.1376210048438054,6.469901572933968,,7.21883365781994,200,5.786328185269608,5.786328185269608,6.560324037376111,6.560324037376111,0.7739958521065029,0.7739958521065029
369,73800,rayleigh,64,6.307294263467523,7.835087516582439,0.7533605855594785,7.0817269310229625,,7.21883365781994,200,5.912057978944663,5.912057978944663,6.569421840045273,6.569421840045273,0.6573638611006096,0.6573638611006096
370,74000,rayleigh,64,4.901759018672713,8.038056464433398,2.7666122177790187,5.294697350209169,,7.21883365781994,200,5.820204702167554,5.820204702167554,6.5850808865477894,6.5850808865477894,0.7648761843802356,0.7648761843802356
371,74200,rayleigh,64,5.7078054820679975,8.127185896671127,2.098086915283905,6.05770147139431,,7.21883365781994,200,5.739445553568713,5.739445553568713,6.57969808126534,6.57969808126534,0.8402525276966264,0.8402525276966264
372,74400,rayleigh,64,4.994463136145604,8.205862174987123,2.869902692271249,5.354309947554713,,7.21883365781994,200,5.885519797820986,5.885519797820986,6.553502884396737,6.553502884396737,0.6679830865757515,0.6679830865757515
373,74600,rayleigh,64,7.643839328664086,8.692738051155066,0.7152919245486202,7.9774461266064405,,7.21883365781994,200,5.960376884055043,5.960376884055043,6.5579845127635465,6.5579845127635465,0.5976076287085039,0.5976076287085039
374,74800,rayleigh,64,5.082295357380954,7.044041700040382,1.2212310196093608,5.852659669704134,,7.21883365781994,200,5.936951485544298,5.936951485544298,6.53493968910722,6.53493968910722,0.597988203562922,0.597988203562922
375,75000,rayleigh,64,7.0623454455302825,8.463101905101848,1.039752956691539,7.426709479508843,,7.21883365781994,200,5.921826489356825,5.921826489356825,6.551600638738217,6.551600638738217,0.629774149381392,0.629774149381392
376,75200,rayleigh,64,6.1357718222160385,8.134644405483401,1.6636632178258801,6.489225523863029,,7.21883365781994,200,6.0300492946671564,6.0300492946671564,6.548294147299962,6.548294147299962,0.5182448526328054,0.5182448526328054
377,75400,rayleigh,64,5.0694058993503575,8.394488451467486,3.015920332243988,5.458130133720065,,7.21883365781994,200,5.97550671352301,5.97550671352301,6.543491801493903,6.543491801493903,0.567985087970893,0.567985087970893
378,75600,rayleigh,64,6.974711226432538,8.22065951170548,0.3207510313596118,7.8999084803458715,,7.21883365781994,200,6.103161804444038,6.103161804444038,6.544860426248249,6.544860426248249,0.4416986218042114,0.4416986218042114
379,75800,rayleigh,64,4.784305449423622,7.6826975911398305,1.9129507457145316,5.840666787701659,,7.21883365781994,200,6.105488711240026,6.105488711240026,6.528029640972777,6.528029640972777,0.4225409297327509,0.4225409297327509
380,76000,rayleigh,64,6.282768764224734,7.531368064638411,0.5961435931380196,6.948161518277982,,7.21883365781994,200,6.102237934574079,6.102237934574079,6.542147503176754,6.542147503176754,0.43990956860267527,0.43990956860267527
381,76200,rayleigh,64,8.454345556425666,10.33638429883846,1.5739602216156976,8.762424077222763,,7.21883365781994,200,6.261288805120143,6.261288805120143,6.5531162276097294,6.5531162276097294,0.29182742248958604,0.29182742248958604
382,76400,rayleigh,64,0.5549870611532618,8.616465547859278,7.836380007817637,1.5078307897278809,,7.21883365781994,200,6.089046109048709,6.089046109048709,6.507680634111645,6.507680634111645,0.4186345250629353,0.4186345250629353
383,76600,rayleigh,64,5.100143383593671,8.99227837991028,2.958005006069644,6.039426081299382,,7.21883365781994,200,6.1779052714193,6.1779052714193,6.483504040581468,6.483504040581468,0.30559876916216755,0.30559876916216755
384,76800,rayleigh,64,5.517611306564783,8.558910866982966,2.81572279533939,5.848434558302325,,7.21883365781994,200,6.1106538394187275,6.1106538394187275,6.464195470353915,6.464195470353915,0.35354163093518753,0.35354163093518753
385,77000,rayleigh,64,5.9518949617177785,7.582701865657797,1.214301521208399,6.369248447012487,,7.21883365781994,200,6.322090289422435,6.322090289422435,6.466493490847339,6.466493490847339,0.14440320142490393,0.14440320142490393
386,77200,rayleigh,64,6.950493168637734,8.645463050639353,0.8912280749242038,7.754234975715148,,7.21883365781994,200,6.384829697055165,6.384829697055165,6.483055584120584,6.483055584120584,0.09822588706541957,0.09822588706541957
387,77400,rayleigh,64,4.123379228879186,8.933079965582268,4.380823938726499,4.598210752801552,,7.21883365781994,200,6.251552733746234,6.251552733746234,6.453356977521248,6.453356977521248,0.2018042437750145,0.2018042437750145
388,77600,rayleigh,64,7.00990394703714,9.941779112473123,1.6640313037252992,8.277873918423852,,7.21883365781994,200,6.341951351020728,6.341951351020728,6.463372612621925,6.463372612621925,0.12142126160119737,0.12142126160119737
389,77800,rayleigh,64,4.328265338734055,8.159156548324345,2.568158034849981,5.637762089107337,,7.21883365781994,200,6.269753108924947,6.269753108924947,6.454726813924752,6.454726813924752,0.1849737049998046,0.1849737049998046
390,78000,rayleigh,64,3.0376630528967117,7.446688075432951,3.6543714733745287,3.88390384527332,,7.21883365781994,200,6.199213433678155,6.199213433678155,6.410905876487204,6.410905876487204,0.2116924428090492,0.2116924428090492
391,78200,rayleigh,64,5.478401042574974,7.502940946161301,0.7930086985177598,6.717260167420631,,7.21883365781994,200,6.232191368479471,6.232191368479471,6.393514282717997,6.393514282717997,0.16132291423852596,0.16132291423852596
392,78400,rayleigh,64,6.398397066637974,7.78053392590431,0.9318642937321283,6.848669632172183,,7.21883365781994,200,6.306909352710345,6.306909352710345,6.381030913194751,6.381030913194751,0.07412156048440632,0.07412156048440632
393,78600,rayleigh,64,5.7535469335775,7.650438969816773,0.8362022805102766,6.814236689306495,,7.21883365781994,200,6.248748880845348,6.248748880845348,6.383599753180378,6.383599753180378,0.13485087233503013,0.13485087233503013
394,78800,rayleigh,64,4.705319776019819,7.966124468378904,2.12832859566887,5.868894044174361,,7.21883365781994,200,6.249560599568859,6.249560599568859,6.3783328376615405,6.3783328376615405,0.12877223809268123,0.12877223809268123
395,79000,rayleigh,64,6.865686727443648,7.943156871727058,0.6131029339168453,7.335563045639051,,7.21883365781994,200,6.2450032778753695,6.2450032778753695,6.3802587431194455,6.3802587431194455,0.13525546524407606,0.13525546524407606
396,79200,rayleigh,64,5.385686628914373,8.249305477555636,2.179703445567088,6.0786224238569115,,7.21883365781994,200,6.224473122875063,6.224473122875063,6.358791529715559,6.358791529715559,0.1343184068404959,0.1343184068404959
397,79400,rayleigh,64,3.973023009801736,8.184918543499471,3.7602700577700716,4.5024037695208845,,7.21883365781994,200,6.1766868046651044,6.1766868046651044,6.336469568944206,6.336469568944206,0.1597827642791012,0.1597827642791012
398,79600,rayleigh,64,6.514342031728298,8.262898647091282,1.4007298722706696,6.8713050867446475,,7.21883365781994,200,6.125256634985042,6.125256634985042,6.326147419690923,6.326147419690923,0.20089078470588095,0.20089078470588095
399,79800,rayleigh,64,6.795614627243156,8.59162589077137,1.2312939919489088,7.360331898822461,,7.21883365781994,200,6.201239890541083,6.201239890541083,6.331480227982235,6.331480227982235,0.13024033744115204,0.13024033744115204
400,80000,rayleigh,64,6.518272091937865,8.308312426986383,0.7629642031141798,7.547765999326192,6.44363408360997,6.44363408360997,200,6.2312201145934925,6.2312201145934925,6.3470314692657075,6.3470314692657075,0.11581135467221504,0.11581135467221504
401,80200,rayleigh,64,6.830801892802026,7.942555052225571,0.6795429269397947,7.269597484069226,,6.44363408360997,200,6.156578784935816,6.156578784935816,6.36503892681902,6.36503892681902,0.2084601418832044,0.2084601418832044
402,80400,rayleigh,64,5.3895051779694345,7.6084310497442855,1.2879032612875032,6.328604875113646,,6.44363408360997,200,6.397617489205104,6.397617489205104,6.3558803601087,6.3558803601087,0.041737129096404146,0.041737129096404146
403,80600,rayleigh,64,7.069750380745915,7.89913678255248,0.1070224249809747,7.792114357571504,,6.44363408360997,200,6.4852519030187095,6.4852519030187095,6.3571440927242575,6.3571440927242575,0.12810781029445195,0.12810781029445195
404,80800,rayleigh,64,6.965033708595668,8.8580429728203,1.4956944970091084,7.372953825422652,,6.44363408360997,200,6.5614778663747275,6.5614778663747275,6.361642694333001,6.361642694333001,0.19983517204172685,0.19983517204172685
405,81000,rayleigh,64,6.084849913903737,9.2854344425869,2.8294416636810373,6.4833823858966415,,6.44363408360997,200,6.567184563318935,6.567184563318935,6.360214138934879,6.360214138934879,0.206970424384056,0.206970424384056
406,81200,rayleigh,64,6.365575937201982,8.096378399532012,1.3263391926649468,6.776763506468389,,6.44363408360997,200,6.518310989856597,6.518310989856597,6.374715031019072,6.374715031019072,0.1435959588375253,0.1435959588375253
407,81400,rayleigh,64,6.37508950049132,8.27332089332033,1.4691111902006202,6.811811559649039,,6.44363408360997,200,6.628991030198972,6.628991030198972,6.366491735449505,6.366491735449505,0.26249929474946754,0.26249929474946754
408,81600,rayleigh,64,4.526820164041328,7.65620368097632,2.7080222515683987,4.975237665886003,,6.44363408360997,200,6.463859217572079,6.463859217572079,6.345707785997402,6.345707785997402,0.11815143157467656,0.11815143157467656
409,81800,rayleigh,64,6.187432397065928,8.144564219732043,1.1238878377553525,7.022953601506935,,6.44363408360997,200,6.533118793192058,6.533118793192058,6.330216598066321,6.330216598066321,0.20290219512573682,0.20290219512573682
410,82000,rayleigh,64,4.755563278931413,7.903168993089369,2.3151805771026925,5.615782982004371,,6.44363408360997,200,6.6197127500286115,6.6197127500286115,6.327222036984434,6.327222036984434,0.2924907130441774,0.2924907130441774
411,82200,rayleigh,64,7.749881724126502,8.965715014383008,0.7591354044257621,8.206579609957249,,6.44363408360997,200,6.694178722155442,6.694178722155442,6.328375140855405,6.328375140855405,0.3658035813000371,0.3658035813000371
412,82400,rayleigh,64,7.055951685429721,8.505480045099517,0.9928010962700766,7.512678948829446,,6.44363408360997,200,6.727379187988305,6.727379187988305,6.338552885053085,6.338552885053085,0.3888263029352199,0.3888263029352199
413,82600,rayleigh,64,7.233505278641637,8.527229551806473,0.88449189299027,7.642737658816193,,6.44363408360997,200,6.768804236463789,6.768804236463789,6.351957972880467,6.351957972880467,0.4168462635833219,0.4168462635833219
414,82800,rayleigh,64,7.160201305387748,8.220987335326136,0.6340580292524002,7.5869293060737375,,6.44363408360997,200,6.8547059995587585,6.8547059995587585,6.361804982201784,6.361804982201784,0.49290101735697434,0.49290101735697434
415,83000,rayleigh,64,2.202304205822176,8.138902013281637,6.035271950014511,2.5455226037942187,,6.44363408360997,200,6.615203977466516,6.615203977466516,6.322919161431613,6.322919161431613,0.2922848160349032,0.2922848160349032
416,83200,rayleigh,64,7.888938252963985,8.55191005693598,0.2528050695221239,8.299104987413847,,6.44363408360997,200,6.726228105644364,6.726228105644364,6.351431261443258,6.351431261443258,0.37479684420110626,0.37479684420110626
417,83400,rayleigh,64,5.667649279355872,8.309245169263509,1.3559843891281858,6.964512371423301,,6.44363408360997,200,6.849333535739485,6.849333535739485,6.341512104594073,6.341512104594073,0.5078214311454126,0.5078214311454126
418,83600,rayleigh,64,3.3145068477940445,7.422488952463016,2.484151928383178,4.949458753370972,,6.44363408360997,200,6.7532412190708015,6.7532412190708015,6.3175800862943,6.3175800862943,0.4356611327765014,0.4356611327765014
419,83800,rayleigh,64,7.658845639374707,8.877394566488183,0.8740803225519076,8.015295831768062,,6.44363408360997,200,6.78598941571808,6.78598941571808,6.324290961602889,6.324290961602889,0.46169845411519095,0.46169845411519095
420,84000,rayleigh,64,6.491925798848743,8.149559519572215,0.6943625820534848,7.455196937518733,,6.44363408360997,200,6.7813609626277085,6.7813609626277085,6.351995270455815,6.351995270455815,0.4293656921718938,0.4293656921718938
421,84200,rayleigh,64,4.536329054827792,7.772736147619631,1.9305697654102145,5.850528841835775,,6.44363408360997,200,6.710407530516035,6.710407530516035,6.343663971816395,6.343663971816395,0.3667435586996399,0.3667435586996399
422,84400,rayleigh,64,6.394239245764489,7.777757068719221,1.0659524339216992,6.748403450217695,,6.44363408360997,200,6.731397459271238,6.731397459271238,6.331276054117467,6.331276054117467,0.40012140515377137,0.40012140515377137
423,84600,rayleigh,64,7.56271803884413,8.347507805402866,0.2904014713090292,8.05710633409384,,6.44363408360997,200,6.744647058097355,6.744647058097355,6.339942213199622,6.339942213199622,0.40470484489773284,0.40470484489773284
424,84800,rayleigh,64,5.007902764203316,7.792190317052643,2.390707809545482,5.413750560373673,,6.44363408360997,200,6.6466868948449065,6.6466868948449065,6.369589621157548,6.369589621157548,0.2770972736873585,0.2770972736873585
425,85000,rayleigh,64,5.525058316396609,8.423470665632756,2.4140375682204347,6.042991636936518,,6.44363408360997,200,6.624667357396899,6.624667357396899,6.351693191852635,6.351693191852635,0.2729741655442641,0.2729741655442641
426,85200,rayleigh,64,6.51209691489055,8.052079071008887,0.7794658364695789,7.272613234539308,,6.44363408360997,200,6.649459843800446,6.649459843800446,6.395455095338036,6.395455095338036,0.2540047484624095,0.2540047484624095
427,85400,rayleigh,64,5.728998421813915,8.370832268734523,2.3006033158604,6.0853827033098185,,6.44363408360997,200,6.613138400983485,6.613138400983485,6.392729746083099,6.392729746083099,0.22040865490038541,0.22040865490038541
428,85600,rayleigh,64,5.566602951483035,8.519998122405891,2.1220557368057325,6.430719825345279,,6.44363408360997,200,6.685912508956449,6.685912508956449,6.374284273029822,6.374284273029822,0.3116282359266265,0.3116282359266265
429,85800,rayleigh,64,5.877799376184479,9.867383298241577,3.6300377118087264,6.3047803274644485,,6.44363408360997,200,6.650003845254323,6.650003845254323,6.367390418204714,6.367390418204714,0.28261342704960946,0.28261342704960946
430,86000,rayleigh,64,5.461895119498174,8.774706615129972,2.286024767414178,6.506827205554396,,6.44363408360997,200,6.694556056431826,6.694556056431826,6.352736112929034,6.352736112929034,0.34181994350279155,0.34181994350279155
431,86200,rayleigh,64,6.349313917876852,8.022778918343622,1.280201711796659,6.746463005412844,,6.44363408360997,200,6.621550226204604,6.621550226204604,6.348884066252233,6.348884066252233,0.2726661599523714,0.2726661599523714
432,86400,rayleigh,64,6.500676806128014,8.124795963824539,0.566848622267643,7.557947341556899,,6.44363408360997,200,6.623813645840978,6.623813645840978,6.347401423738537,6.347401423738537,0.276412222102441,0.276412222102441
433,86600,rayleigh,64,4.375299294558799,7.456005605120208,2.6434014870833202,4.914576991723816,,6.44363408360997,200,6.48740561248636,6.48740561248636,6.364220149388015,6.364220149388015,0.12318546309834488,0.12318546309834488
434,86800,rayleigh,64,8.327820015234684,9.401610513560701,0.7638057903415923,8.637804723219114,,6.44363408360997,200,6.539949383343628,6.539949383343628,6.389112835197828,6.389112835197828,0.15083654814579983,0.15083654814579983
435,87000,rayleigh,64,6.41325627607144,7.692509405010443,0.3930843189083554,7.299425086102089,,6.44363408360997,200,6.777644507459021,6.777644507459021,6.423506798891713,6.423506798891713,0.35413770856730764,0.35413770856730764
436,87200,rayleigh,64,4.302622209427911,7.352084639353049,2.774731546261519,4.648244482405141,,6.44363408360997,200,6.5951014822085865,6.5951014822085865,6.401975745659869,6.401975745659869,0.19312573654871734,0.19312573654871734
437,87400,rayleigh,64,5.790010046437195,8.163471789532112,2.0017189826028052,6.17373545371843,,6.44363408360997,200,6.555562636323343,6.555562636323343,6.389375621002521,6.389375621002521,0.1661870153208218,0.1661870153208218
438,87600,rayleigh,64,3.849243965652262,7.838105310454257,3.5871782755590473,4.35953435759883,,6.44363408360997,200,6.526066416534737,6.526066416534737,6.35747843570073,6.35747843570073,0.1685879808340065,0.1685879808340065
439,87800,rayleigh,64,7.355141134496521,8.120277830370078,0.3035346838953257,7.820340277952185,,6.44363408360997,200,6.516318638843943,6.516318638843943,6.3586211051219985,6.3586211051219985,0.15769753372194462,0.15769753372194462
440,88000,rayleigh,64,5.355729055536148,8.571364880646229,2.3602628881621,6.243665494127802,,6.44363408360997,200,6.455742066674395,6.455742066674395,6.355496168914068,6.355496168914068,0.10024589776032666,0.10024589776032666
441,88200,rayleigh,64,7.053601033279905,8.728121679640742,1.3542607684472454,7.376278138802472,,6.44363408360997,200,6.5320295315227295,6.5320295315227295,6.3613543969545985,6.3613543969545985,0.170675134568131,0.170675134568131
442,88400,rayleigh,64,2.341374079913658,7.556688689452822,5.157381330457349,2.7663506000664695,,6.44363408360997,200,6.332926889015169,6.332926889015169,6.312018425090866,6.312018425090866,0.0209084639243029,0.0209084639243029
443,88600,rayleigh,64,4.580526862978307,7.775193815487112,2.61985678984128,5.197080535728444,,6.44363408360997,200,6.1899255990969,6.1899255990969,6.284676409391949,6.284676409391949,0.09475081029504917,0.09475081029504917
444,88800,rayleigh,64,1.9409164828445074,8.187438414319944,6.358638902930651,2.315214217073095,,6.44363408360997,200,6.03499878193187,6.03499878193187,6.2359312300939,6.2359312300939,0.20093244816203004,0.20093244816203004
445,89000,rayleigh,64,6.716470252369363,8.898899171595312,1.7701537285571403,7.150480896407353,,6.44363408360997,200,6.090373244905412,6.090373244905412,6.2762433333464465,6.2762433333464465,0.18587008844103448,0.18587008844103448
446,89200,rayleigh,64,5.868716899612667,9.759107617483192,3.23088121012497,6.562820553590268,,6.44363408360997,200,6.05488361085796,6.05488361085796,6.277584812322159,6.277584812322159,0.22270120146419892,0.22270120146419892
447,89400,rayleigh,64,6.220395433808696,7.731809229592508,1.2446214957832133,6.528938639829738,,6.44363408360997,200,6.0770614076839555,6.0770614076839555,6.287423625469801,6.287423625469801,0.2103622177858453,0.2103622177858453
448,89600,rayleigh,64,7.185626382713208,8.833450171545534,1.322438814985074,7.515528609801185,,6.44363408360997,200,6.131301846906751,6.131301846906751,6.2818706219451235,6.2818706219451235,0.15056877503837285,0.15056877503837285
449,89800,rayleigh,64,6.90891950943487,8.209469043224681,0.9010384179780239,7.308430625246655,,6.44363408360997,200,6.181484361795861,6.181484361795861,6.3092836176223726,6.3092836176223726,0.12779925582651153,0.12779925582651153
450,90000,rayleigh,64,6.280969664082659,7.928933098482635,1.3134573755126189,6.638140784971834,6.339403579409509,6.339403579409509,200,6.188050040766733,6.188050040766733,6.304347396614576,6.304347396614576,0.11629735584784306,0.11629735584784306
451,90200,rayleigh,64,6.8703810154053375,9.08391164083013,1.8604583893687536,7.2426156926553835,,6.339403579409509,200,6.21285767512886,6.21285767512886,6.300044709107418,6.300044709107418,0.08718703397855787,0.08718703397855787
452,90400,rayleigh,64,0.7651298423737859,7.774936634244147,7.4811694568399245,1.316126444071888,,6.339403579409509,200,5.900766630254609,5.900766630254609,6.2888777229230435,6.2888777229230435,0.38811109266843413,0.38811109266843413
453,90600,rayleigh,64,6.188451428047138,8.385210230305658,1.2271296289473597,7.167662202709467,,6.339403579409509,200,6.013420890803891,6.013420890803891,6.295751300930886,6.295751300930886,0.28233041012699456,0.28233041012699456
454,90800,rayleigh,64,7.384842639184772,9.14964777458415,1.4425123822945196,7.707135392289631,,6.339403579409509,200,5.966887424257417,5.966887424257417,6.309610978454591,6.309610978454591,0.3427235541971747,0.3427235541971747
455,91000,rayleigh,64,8.579363858450941,9.60656594193358,0.7088130895049604,8.905954919275091,,6.339403579409509,200,6.047213915916068,6.047213915916068,6.32137843361476,6.32137843361476,0.27416451769869266,0.27416451769869266
456,91200,rayleigh,64,6.948209721587508,8.075912630307101,0.7853270935703012,7.291651281697614,,6.339403579409509,200,6.1793842558806915,6.1793842558806915,6.351047252255172,6.351047252255172,0.17166299637448024,0.17166299637448024
457,91400,rayleigh,64,5.970500854788902,8.609534242347127,2.0361560513795296,6.603355305139205,,6.339403579409509,200,6.20086524845173,6.20086524845173,6.351590987740534,6.351590987740534,0.15072573928880395,0.15072573928880395
458,91600,rayleigh,64,4.708269137295363,8.879456215456841,3.258538224673406,5.7046258887970485,,6.339403579409509,200,6.268119825011641,6.268119825011641,6.355169180009251,6.355169180009251,0.08704935499761035,0.08704935499761035
459,91800,rayleigh,64,7.247279949243254,8.657686396486591,0.9089405795525072,7.763100019213375,,6.339403579409509,200,6.265257812074701,6.265257812074701,6.374858893683567,6.374858893683567,0.10960108160886595,0.10960108160886595
460,92000,rayleigh,64,6.060634644092061,7.688147165618768,1.2039198706398462,6.486235717403127,,6.339403579409509,200,6.277386323238468,6.277386323238468,6.36958948034163,6.36958948034163,0.09220315710316207,0.09220315710316207
461,92200,rayleigh,64,6.888096175073192,8.312921662514142,1.049601684146571,7.268789421755658,,6.339403579409509,200,6.272011887386126,6.272011887386126,6.386463307896171,6.386463307896171,0.11445142051004442,0.11445142051004442
462,92400,rayleigh,64,4.794161890558746,8.62083015229992,3.466054897668755,5.212364135823554,,6.339403579409509,200,6.39431256417398,6.39431256417398,6.389060102142841,6.389060102142841,0.00525246203113916,0.00525246203113916
463,92600,rayleigh,64,6.974086511873502,8.374690054187043,1.0111034178647775,7.36404797740809,,6.339403579409509,200,6.502660936257963,6.502660936257963,6.420078153578045,6.420078153578045,0.08258278267991859,0.08258278267991859
464,92800,rayleigh,64,5.446929502581523,7.885350374568973,1.9639044507214052,5.943253908194746,,6.339403579409509,200,6.684062920814045,6.684062920814045,6.407576060676855,6.407576060676855,0.27648686013719015,0.27648686013719015
465,93000,rayleigh,64,5.176816768875811,8.065147375374462,2.3701221042413385,5.767482807567895,,6.339403579409509,200,6.614913016372073,6.614913016372073,6.4438456942831515,6.4438456942831515,0.17106732208892161,0.17106732208892161
466,93200,rayleigh,64,6.200060799458205,8.596718129055718,1.1178082730299952,7.484863337350053,,6.339403579409509,200,6.6610151555600625,6.6610151555600625,6.453699859426044,6.453699859426044,0.2073152961340181,0.2073152961340181
467,93400,rayleigh,64,6.469637905651883,7.341248321046847,0.3778449842600795,6.963403336786769,,6.339403579409509,200,6.6827383904079145,6.6827383904079145,6.450696392604112,6.450696392604112,0.23204199780380286,0.23204199780380286
468,93600,rayleigh,64,7.439667828733196,8.210781506304349,0.39628778442872314,7.81654179749241,,6.339403579409509,200,6.697789049792474,6.697789049792474,6.464162794849696,6.464162794849696,0.2336262549427781,0.2336262549427781
469,93800,rayleigh,64,6.022516686378687,9.045922826050395,2.3025581110921136,6.755849336364675,,6.339403579409509,200,6.670159985348374,6.670159985348374,6.460904018903113,6.460904018903113,0.20925596644526134,0.20925596644526134
470,94000,rayleigh,64,4.732572538929873,8.580413163743096,2.4658563180254807,6.152689168123048,,6.339403579409509,200,6.645887404505936,6.645887404505936,6.469483937082252,6.469483937082252,0.1764034674236843,0.1764034674236843
471,94200,rayleigh,64,6.029161058616092,7.946743729409333,1.5469722793557665,6.423334314033195,,6.339403579409509,200,6.604923335574827,6.604923335574827,6.473140265508642,6.473140265508642,0.13178307006618528,0.13178307006618528
472,94400,rayleigh,64,5.730485531889259,8.14127117967047,1.9974521896163033,6.1984465902799775,,6.339403579409509,200,6.849039342885232,6.849039342885232,6.481581631935894,6.481581631935894,0.36745771094933755,0.36745771094933755
473,94600,rayleigh,64,6.891106279047749,7.584318380247882,0.2966293311727949,7.287689049075092,,6.339403579409509,200,6.855040685203512,6.855040685203512,6.474684061160582,6.474684061160582,0.38035662404293014,0.38035662404293014
474,94800,rayleigh,64,5.34048432012694,8.014400633426405,2.2922354446761166,5.735878307147311,,6.339403579409509,200,6.756477830946396,6.756477830946396,6.473516247535013,6.473516247535013,0.28296158341138344,0.28296158341138344
475,95000,rayleigh,64,5.640969874797621,8.257873148633923,1.878890519479268,6.385868815162385,,6.339403579409509,200,6.630473525740761,6.630473525740761,6.463107840891548,6.463107840891548,0.1673656848492131,0.1673656848492131
476,95200,rayleigh,64,6.487080177716349,8.495998099647185,1.5687295741263905,6.935479195173226,,6.339403579409509,200,6.612664921414542,6.612664921414542,6.46757037760465,6.46757037760465,0.14509454380989162,0.14509454380989162
477,95400,rayleigh,64,0.9512135272461244,7.4499807854618245,6.693353042728854,1.7746524791825709,,6.339403579409509,200,6.371229780116711,6.371229780116711,6.4307356010592756,6.4307356010592756,0.05950582094256429,0.05950582094256429
478,95600,rayleigh,64,7.313947592338338,8.897499596676626,0.9029441457504971,8.008824689315533,,6.339403579409509,200,6.486439720142636,6.486439720142636,6.431824763148972,6.431824763148972,0.05461495699366381,0.05461495699366381
479,95800,rayleigh,64,5.587299659416939,7.1915567338110025,0.7538560984940668,6.437700635316931,,6.339403579409509,200,6.420169750947812,6.420169750947812,6.437795101625124,6.437795101625124,0.017625350677311857,0.017625350677311857
480,96000,rayleigh,64,6.360415599288027,7.926673943986655,1.1531352028725024,6.786511732475454,,6.339403579409509,200,6.435183551701428,6.435183551701428,6.436178603767099,6.436178603767099,0.000995052065671409,0.000995052065671409
481,96200,rayleigh,64,5.937775707109179,8.487806313267868,2.208248368680207,6.323911259546168,,6.339403579409509,200,6.387939643590953,6.387939643590953,6.411793475590333,6.411793475590333,0.023853831999379516,0.023853831999379516
482,96400,rayleigh,64,6.62047030848598,7.455719714097929,0.5118231888840664,6.94389652521387,,6.339403579409509,200,6.47451626306047,6.47451626306047,6.466154132945193,6.466154132945193,0.008362130115276756,0.008362130115276756
483,96600,rayleigh,64,7.409654736436603,8.246618839336096,0.49524416827609624,7.751374671060001,,6.339403579409509,200,6.493882597743065,6.493882597743065,6.4832736188428,6.4832736188428,0.010608978900265242,0.010608978900265242
484,96800,rayleigh,64,5.408154615754114,7.521063413938373,1.246839887147048,6.275705922762256,,6.339403579409509,200,6.51050519847144,6.51050519847144,6.4875463324874,6.4875463324874,0.022958865984040067,0.022958865984040067
485,97000,rayleigh,64,7.5983648654986125,8.336883633368426,0.4395443709354816,7.897339262432944,,6.339403579409509,200,6.616998021214694,6.616998021214694,6.502827240641604,6.502827240641604,0.11417078057308938,0.11417078057308938
486,97200,rayleigh,64,1.298931750296162,8.064853348034156,6.3798219322625345,2.2481010218971282,,6.339403579409509,200,6.355159905442048,6.355159905442048,6.447765901103423,6.447765901103423,0.0926059956613754,0.0926059956613754
487,97400,rayleigh,64,5.363688468565179,7.85567068977338,1.1929863587405354,6.662684331032847,,6.339403579409509,200,6.340123955154352,6.340123955154352,6.468410636885737,6.468410636885737,0.12828668173138436,0.12828668173138436
488,97600,rayleigh,64,4.6611317587595895,8.32181051341536,3.137710936702658,5.212622750363712,,6.339403579409509,200,6.209928002797916,6.209928002797916,6.437758125205135,6.437758125205135,0.22783012240721856,0.22783012240721856
489,97800,rayleigh,64,4.214461954484006,7.789903282898264,3.1573004534759734,4.670330278827012,,6.339403579409509,200,6.105652049921033,6.105652049921033,6.428083807102331,6.428083807102331,0.322431757181298,0.322431757181298
490,98000,rayleigh,64,6.521707090956502,8.66807353753545,1.8384214929729628,6.829652044562492,,6.339403579409509,200,6.139500193743006,6.139500193743006,6.457541289095223,6.457541289095223,0.3180410953522177,0.3180410953522177
491,98200,rayleigh,64,6.471013553920134,8.513297190995116,1.1381415123558216,7.375155678639301,,6.339403579409509,200,6.18709126197331,6.18709126197331,6.464120244207408,6.464120244207408,0.2770289822340981,0.2770289822340981
492,98400,rayleigh,64,6.391177576834408,8.428431937069229,0.9238198743346636,7.528050077141584,,6.339403579409509,200,6.253571436316391,6.253571436316391,6.470914048657103,6.470914048657103,0.21734261234071184,0.21734261234071184
493,98600,rayleigh,64,7.396294606531613,8.810692038661335,1.08843247990159,7.722259558759733,,6.339403579409509,200,6.2752999618006235,6.2752999618006235,6.4799942773516355,6.4799942773516355,0.20469431555101192,0.20469431555101192
494,98800,rayleigh,64,6.83197172718049,9.00278274864566,1.7873898252027949,7.217869913533044,,6.339403579409509,200,6.34939954211991,6.34939954211991,6.493484036045222,6.493484036045222,0.14408449392531253,0.14408449392531253
495,99000,rayleigh,64,5.830223201992396,7.874289340935271,1.6787392820526277,6.212914153472713,,6.339403579409509,200,6.340751809035426,6.340751809035426,6.4822575471235595,6.4822575471235595,0.14150573808813327,0.14150573808813327
496,99200,rayleigh,64,7.041825439636057,7.9845685643766355,0.616584415462805,7.367984148913834,,6.339403579409509,200,6.3623770567224565,6.3623770567224565,6.495151164374128,6.495151164374128,0.13277410765167197,0.13277410765167197
497,99400,rayleigh,64,5.662078356560032,8.092729802202756,1.297580618319799,6.824626926287665,,6.339403579409509,200,6.614875779077712,6.614875779077712,6.518373395941796,6.518373395941796,0.09650238313591597,0.09650238313591597
498,99600,rayleigh,64,6.368532037456669,8.845575043106841,2.1285290740898115,6.728575488740674,,6.339403579409509,200,6.550863319048969,6.550863319048969,6.516946099961757,6.516946099961757,0.033917219087212125,0.033917219087212125
499,99800,rayleigh,64,8.340360271765853,8.823131183918958,0.17214095619741013,8.65099022772155,,6.339403579409509,200,6.6615277986692,6.6615277986692,6.529852683250748,6.529852683250748,0.13167511541845123,0.13167511541845123
500,100000,rayleigh,64,4.621809843715136,8.536158915177506,2.977232229402532,5.6247441802217075,6.819626217116459,6.819626217116459,200,6.603439421056512,6.603439421056512,6.510622465059702,6.510622465059702,0.09281695599680972,0.09281695599680972
501,100200,rayleigh,64,7.714977844290946,8.874657593159274,0.5635113975888572,8.311146195570426,,6.819626217116459,200,6.702801167857724,6.702801167857724,6.521037952174716,6.521037952174716,0.18176321568300846,0.18176321568300846
502,100400,rayleigh,64,6.1265635718840805,8.827721387390936,2.3845906042371268,6.50071641133785,,6.819626217116459,200,6.680642162163925,6.680642162163925,6.522759067536956,6.522759067536956,0.15788309462696848,0.15788309462696848
503,100600,rayleigh,64,5.674483607249012,8.023536953405516,2.0551328792605807,6.026882667760459,,6.819626217116459,200,6.594417561998947,6.594417561998947,6.505106750638846,6.505106750638846,0.0893108113601011,0.0893108113601011
504,100800,rayleigh,64,7.573533759923378,9.03150078172098,1.1400332309066545,7.891467550814327,,6.819626217116459,200,6.675205643401552,6.675205643401552,6.510291887892763,6.510291887892763,0.16491375550878828,0.16491375550878828
505,101000,rayleigh,64,6.720975436346666,8.367983920785317,1.2527611783307753,7.115222742454541,,6.819626217116459,200,6.636099817402629,6.636099817402629,6.516610291458343,6.516610291458343,0.11948952594428608,0.11948952594428608
506,101200,rayleigh,64,5.944006772100507,7.909447768729024,0.8335962751523922,7.087333939200844,,6.819626217116459,200,6.878061463267817,6.878061463267817,6.519715995785665,6.519715995785665,0.35834546748215157,0.35834546748215157
507,101400,rayleigh,64,5.354754648223856,9.055922417018285,2.6151307255195055,6.473804061444648,,6.819626217116459,200,6.868617449788405,6.868617449788405,6.516335920803622,6.516335920803622,0.3522815289847836,0.3522815289847836
508,101600,rayleigh,64,4.805076204508561,7.196780150412481,1.3984961137370497,5.819855146348694,,6.819626217116459,200,6.898979069587654,6.898979069587654,6.524782095608248,6.524782095608248,0.374196973979406,0.374196973979406
509,101800,rayleigh,64,4.451978099168329,7.3975197150393415,1.6993917153526141,5.7133907153670656,,6.819626217116459,200,6.951132091414658,6.951132091414658,6.511686466746848,6.511686466746848,0.43944562466781,0.43944562466781
510,102000,rayleigh,64,4.668016486210431,8.948190005388385,3.9519944653124974,5.080766911416048,,6.819626217116459,200,6.863687834757336,6.863687834757336,6.506336306040967,6.506336306040967,0.3573515287163689,0.3573515287163689
511,102200,rayleigh,64,6.3421151030110865,7.54499825741691,0.9072473269078873,6.637750930509025,,6.819626217116459,200,6.8268175973508205,6.8268175973508205,6.490648019246485,6.490648019246485,0.3361695781043359,0.3361695781043359
512,102400,rayleigh,64,7.169752017208245,7.979961980079594,0.5009389595755079,7.479023020504084,,6.819626217116459,200,6.824366244518947,6.824366244518947,6.490311459963232,6.490311459963232,0.3340547845557147,0.3340547845557147
513,102600,rayleigh,64,5.979353895418659,7.538079838871028,0.2893979427663025,7.248681896104729,,6.819626217116459,200,6.800687361386196,6.800687361386196,6.486370902336116,6.486370902336116,0.31431645905007954,0.31431645905007954
514,102800,rayleigh,64,6.835908357023791,7.685559636127872,0.48053188725140666,7.20502774887647,,6.819626217116459,200,6.800045253153368,6.800045253153368,6.482551886764143,6.482551886764143,0.31749336638922543,0.31749336638922543
515,103000,rayleigh,64,7.393248189350874,8.40658459810277,0.6899019015261515,7.748211661564415,,6.819626217116459,200,6.8768101285579535,6.8768101285579535,6.534578777341846,6.534578777341846,0.3422313512161077,0.3422313512161077
516,103200,rayleigh,64,6.2051910676635895,7.844041319464841,1.08101152933546,6.7843599601703675,,6.819626217116459,200,6.84762891912078,6.84762891912078,6.51943132706941,6.51943132706941,0.32819759205137,0.32819759205137
517,103400,rayleigh,64,4.961091592207224,8.040610741485953,2.6837066986080744,5.360996017470151,,6.819626217116459,200,6.774447373679903,6.774447373679903,6.503396163529878,6.503396163529878,0.2710512101500253,0.2710512101500253
518,103600,rayleigh,64,5.950385794205497,8.862800477649486,2.4646430651751996,6.409202957314899,,6.819626217116459,200,6.758478747108614,6.758478747108614,6.517993605569317,6.517993605569317,0.24048514153929723,0.24048514153929723
519,103800,rayleigh,64,7.8901038434182205,8.660620988506013,0.4602391564697663,8.200381832036253,,6.819626217116459,200,6.7359483273243494,6.7359483273243494,6.519844465572,6.519844465572,0.21610386175234986,0.21610386175234986
520,104000,rayleigh,64,5.243735801781533,7.50100302067276,1.2681293320136362,6.239798271248699,,6.819626217116459,200,6.766701031875701,6.766701031875701,6.507690478909299,6.507690478909299,0.2590105529664015,0.2590105529664015
521,104200,rayleigh,64,5.736468037553963,8.84783614133518,2.8668597794168633,6.069601317385865,,6.819626217116459,200,6.654623787966473,6.654623787966473,6.509881203664801,6.509881203664801,0.14474258430167275,0.14474258430167275
522,104400,rayleigh,64,8.420324287051454,9.040049836542565,0.2857434573082654,8.754306379234293,,6.819626217116459,200,6.767303286361295,6.767303286361295,6.529940232954966,6.529940232954966,0.23736305340632846,0.23736305340632846
523,104600,rayleigh,64,7.1166453132017375,8.172903403779456,0.7544426134261996,7.450705783307645,,6.819626217116459,200,6.8384944421386535,6.8384944421386535,6.523876227447105,6.523876227447105,0.3146182146915484,0.3146182146915484
524,104800,rayleigh,64,4.754897328541976,7.8785992609217175,2.739833014623103,5.192371002069464,,6.819626217116459,200,6.70353961470141,6.70353961470141,6.521662431864063,6.521662431864063,0.1818771828373471,0.1818771828373471
525,105000,rayleigh,64,6.602124406895595,8.063439351798467,1.103605556611057,6.959833795187405,,6.819626217116459,200,6.695770167338052,6.695770167338052,6.530830853446572,6.530830853446572,0.1649393138914803,0.1649393138914803
526,105200,rayleigh,64,5.821172696912439,7.822697817163706,0.9871971734178645,6.842686361638207,,6.819626217116459,200,6.683537788459921,6.683537788459921,6.526531584717561,6.526531584717561,0.15700620374235985,0.15700620374235985
527,105400,rayleigh,64,4.826756756705392,7.64014950675521,1.5582767718087358,6.106981265880125,,6.819626217116459,200,6.665196648681695,6.665196648681695,6.526747570343264,6.526747570343264,0.13844907833843134,0.13844907833843134
528,105600,rayleigh,64,6.290392349420341,7.305026031429379,0.5579577065781773,6.749094091310002,,6.819626217116459,200,6.7116585959297606,6.7116585959297606,6.529931313002911,6.529931313002911,0.18172728292684948,0.18172728292684948
529,105800,rayleigh,64,4.64010507304851,8.004624555601389,2.5526354334049053,5.470342625612306,,6.819626217116459,200,6.6995061914420235,6.6995061914420235,6.52158693598439,6.52158693598439,0.17791925545763387,0.17791925545763387
530,106000,rayleigh,64,4.716520661482566,8.691400924743888,2.9899117728900935,5.710759096827699,,6.819626217116459,200,6.731005800712604,6.731005800712604,6.5136262548971215,6.5136262548971215,0.2173795458154828,0.2173795458154828
531,106200,rayleigh,64,4.724430989549967,8.889680369569176,3.842990038982051,5.117564734503528,,6.819626217116459,200,6.65499649091233,6.65499649091233,6.4973372721880285,6.4973372721880285,0.15765921872430155,0.15765921872430155
532,106400,rayleigh,64,8.305912489791579,8.83924926646354,0.04622115598961116,8.793028110473918,,6.819626217116459,200,6.720696745410822,6.720696745410822,6.509688079877199,6.509688079877199,0.2110086655336234,0.2110086655336234
533,106600,rayleigh,64,7.363993354467217,9.850585196713501,2.1275035722934987,7.723081624419999,,6.819626217116459,200,6.744416731826585,6.744416731826585,6.537773126204161,6.537773126204161,0.2066436056224239,0.2066436056224239
534,106800,rayleigh,64,6.850117505325251,8.639478505713885,1.4557092260928801,7.203604624413314,,6.819626217116459,200,6.744345575603428,6.744345575603428,6.523431125216104,6.523431125216104,0.22091445038732438,0.22091445038732438
535,107000,rayleigh,64,4.440967764607518,7.234551527304284,1.228232821033388,6.0306098441710345,,6.819626217116459,200,6.6584654847337585,6.6584654847337585,6.510742972796793,6.510742972796793,0.14772251193696562,0.14772251193696562
536,107200,rayleigh,64,6.811796141348277,8.361721026889397,1.2133661701930851,7.1483548566963195,,6.819626217116459,200,6.676665229560056,6.676665229560056,6.535744076539706,6.535744076539706,0.1409211530203498,0.1409211530203498
537,107400,rayleigh,64,6.754621293334633,8.366058323772965,0.5116494061640734,7.854408917608897,,6.819626217116459,200,6.801335874566995,6.801335874566995,6.55255081117861,6.55255081117861,0.24878506338838502,0.24878506338838502
538,107600,rayleigh,64,4.576227948176723,7.913251934626651,1.9920574090009207,5.928029460982028,,6.819626217116459,200,6.777277199750349,6.777277199750349,6.568235762212441,6.568235762212441,0.20904143753790816,0.20904143753790816
539,107800,rayleigh,64,6.814349037142818,7.776596839009897,0.5999043997175528,7.1766924392923475,,6.819626217116459,200,6.726092730113154,6.726092730113154,6.561799283825842,6.561799283825842,0.16429344628731268,0.16429344628731268
540,108000,rayleigh,64,7.543338655143053,8.163986893383571,0.25340944508944024,7.919577382551199,,6.819626217116459,200,6.81008168567828,6.81008168567828,6.578558402710078,6.578558402710078,0.2315232829682019,0.2315232829682019
541,108200,rayleigh,64,3.653297092085202,8.159342261885529,4.2057325039669395,4.097673580621881,,6.819626217116459,200,6.711485298840081,6.711485298840081,6.545772357128271,6.545772357128271,0.16571294171180995,0.16571294171180995
542,108400,rayleigh,64,6.798520667410109,9.21419512958399,1.8973572100235658,7.316837919560427,,6.819626217116459,200,6.639611875856389,6.639611875856389,6.591277230323211,6.591277230323211,0.04833464553317768,0.04833464553317768
543,108600,rayleigh,64,6.302283344193627,7.961006125750652,1.2898160791076296,6.671190046643021,,6.819626217116459,200,6.600636089023157,6.600636089023157,6.606018325432356,6.606018325432356,0.00538223640919977,0.00538223640919977
544,108800,rayleigh,64,5.676578719253119,7.778538075113597,1.7830591814053816,6.015406529533999,,6.819626217116459,200,6.641787865396383,6.641787865396383,6.643020248556966,6.643020248556966,0.0012323831605831614,0.0012323831605831614
545,109000,rayleigh,64,5.081019665160656,7.2979590042222915,1.0734090589371286,6.224549945285163,,6.819626217116459,200,6.605023672901271,6.605023672901271,6.633760939045744,6.633760939045744,0.02873726614447314,0.02873726614447314
546,109200,rayleigh,64,7.102224029118944,8.223396511042932,0.7050590887683011,7.51833742227464,,6.819626217116459,200,6.638806225933092,6.638806225933092,6.643316107732587,6.643316107732587,0.0045098817994944085,0.0045098817994944085
547,109400,rayleigh,64,5.13648833266908,8.08921928519475,2.0034918334661778,6.123580368893993,,6.819626217116459,200,6.639636181083786,6.639636181083786,6.63926252502323,6.63926252502323,0.0003736560605558381,0.0003736560605558381
548,109600,rayleigh,64,6.4539675026096095,8.037855610131366,1.1479032597498577,6.895212369423769,,6.819626217116459,200,6.646942094989474,6.646942094989474,6.633059362619456,6.633059362619456,0.01388273237001858,0.01388273237001858
549,109800,rayleigh,64,7.499138436967462,8.63275557578242,0.7728181197909392,7.859937455991484,,6.819626217116459,200,6.766421836508433,6.766421836508433,6.638574430926905,6.638574430926905,0.1278474055815284,0.1278474055815284
550,110000,rayleigh,64,6.769543226764602,8.585078372326631,1.318690293319465,7.26997585430322,7.4193660864276385,7.4193660864276385,200,6.84438267438221,6.84438267438221,6.644892781620217,6.644892781620217,0.19948989276199303,0.19948989276199303
551,110200,rayleigh,64,6.316284127493059,8.56213982880253,0.9273462906766413,7.6347935381258845,,7.4193660864276385,200,6.970244114563326,6.970244114563326,6.648814560074924,6.648814560074924,0.32142955448840205,0.32142955448840205
552,110400,rayleigh,64,7.105117938551826,8.895252976640494,1.0360576873254614,7.859195289315033,,7.4193660864276385,200,6.923552473505383,6.923552473505383,6.714245248527355,6.714245248527355,0.20930722497802812,0.20930722497802812
553,110600,rayleigh,64,5.952482169116047,7.916841865974066,0.5060595355677958,7.41078233040627,,7.4193660864276385,200,6.9079375088046975,6.9079375088046975,6.716676449804323,6.716676449804323,0.19126105900037427,0.19126105900037427
554,110800,rayleigh,64,7.741798903544261,8.705393115574447,0.6343376098763631,8.084616470907008,,7.4193660864276385,200,6.951988101129382,6.951988101129382,6.7204512605904965,6.7204512605904965,0.2315368405388858,0.2315368405388858
555,111000,rayleigh,64,5.852198181833581,7.917444803688858,1.760648853292019,6.216157377437686,,7.4193660864276385,200,6.961265477792713,6.961265477792713,6.693553285172122,6.693553285172122,0.267712192620591,0.267712192620591
556,111200,rayleigh,64,7.100779346331283,8.501121186906033,0.9024066623258765,7.5987145245801555,,7.4193660864276385,200,6.9837834611869045,6.9837834611869045,6.696623917600948,6.696623917600948,0.28715954358595663,0.28715954358595663
557,111400,rayleigh,64,6.1419583996526566,8.651177824293221,1.2226662228133502,7.450703889392662,,7.4193660864276385,200,6.963598209776093,6.963598209776093,6.705097403443483,6.705097403443483,0.2585008063326093,0.2585008063326093
558,111600,rayleigh,64,5.614588284220729,7.902086817187579,1.519886363647266,6.402192174889002,,7.4193660864276385,200,6.987306345471441,6.987306345471441,6.712073066304402,6.712073066304402,0.2752332791670389,0.2752332791670389
559,111800,rayleigh,64,7.986394721640534,8.377378380630914,0.059757483945723285,8.317620896685188,,7.4193660864276385,200,7.044352768341085,7.044352768341085,6.71761827507912,6.71761827507912,0.3267344932619647,0.3267344932619647
560,112000,rayleigh,64,6.692000309050521,7.858215222135532,0.6429265367846733,7.215288685350857,,7.4193660864276385,200,7.009138333481067,7.009138333481067,6.7249088047585985,6.7249088047585985,0.2842295287224683,0.2842295287224683
561,112200,rayleigh,64,5.272535262331888,7.488411457711553,1.5656843929235396,5.965226955341951,,7.4193660864276385,200,7.102516002217071,7.102516002217071,6.711873180094461,6.711873180094461,0.3906428221226097,0.3906428221226097
562,112400,rayleigh,64,5.65122199369571,7.822276403980892,1.634813007306928,6.187463396673969,,7.4193660864276385,200,7.046047276072748,7.046047276072748,6.721624172702963,6.721624172702963,0.3244231033697851,0.3244231033697851
563,112600,rayleigh,64,6.507573174873799,7.9644921028921996,0.4581228563224389,7.506369246569764,,7.4193660864276385,200,7.087806236069085,7.087806236069085,6.7230473853945805,6.7230473853945805,0.3647588506745043,0.3647588506745043
564,112800,rayleigh,64,7.233730590172819,8.045103818536273,0.3075058472509206,7.740990264425348,,7.4193660864276385,200,7.1740854228136515,7.1740854228136515,6.741024748956887,6.741024748956887,0.4330606738567644,0.4330606738567644
565,113000,rayleigh,64,5.866441403504488,8.062254192317614,0.969601201215428,7.092652991102189,,7.4193660864276385,200,7.217490575104503,7.217490575104503,6.754276450792231,6.754276450792231,0.46321412431227227,0.46321412431227227
566,113200,rayleigh,64,5.889428592155922,7.776732689564466,1.54312362998184,6.242285440888404,,7.4193660864276385,200,7.153687976035191,7.153687976035191,6.741850671827613,6.741850671827613,0.4118373042075776,0.4118373042075776
567,113400,rayleigh,64,3.1220729066760966,8.652665722467113,4.852219862061392,3.920688049053147,,7.4193660864276385,200,7.04354336004315,7.04354336004315,6.711423518950279,6.711423518950279,0.3321198410928705,0.3321198410928705
568,113600,rayleigh,64,6.585262984586369,7.932588018945511,1.0368434906866433,6.895744528258868,,7.4193660864276385,200,7.0435699679849035,7.0435699679849035,6.702215546257943,6.702215546257943,0.34135442172696084,0.34135442172696084
569,113800,rayleigh,64,6.602667799759968,7.5684519829496395,0.4548438602651196,7.11360812268451,,7.4193660864276385,200,7.006253501319554,7.006253501319554,6.705793134121141,6.705793134121141,0.3004603671984132,0.3004603671984132
570,114000,rayleigh,64,7.284766735819388,8.18243423451439,0.6119301501192678,7.570504084395123,,7.4193660864276385,200,7.02127991282415,7.02127991282415,6.719971283283862,6.719971283283862,0.30130862954028803,0.30130862954028803
571,114200,rayleigh,64,7.64309806404736,9.170876288847706,1.2178692985337574,7.9530069903139475,,7.4193660864276385,200,7.037190585433555,7.037190585433555,6.735268010046668,6.735268010046668,0.3019225753868868,0.3019225753868868
572,114400,rayleigh,64,8.015600775764822,8.632670505694414,0.31098193649818573,8.321688569196226,,7.4193660864276385,200,7.060315249427615,7.060315249427615,6.75650042983583,6.75650042983583,0.3038148195917847,0.3038148195917847
573,114600,rayleigh,64,5.339061029032994,7.835385695671214,2.047217576573658,5.8034893373891245,,7.4193660864276385,200,6.979950599776757,6.979950599776757,6.741658432718972,6.741658432718972,0.2382921670577849,0.2382921670577849
574,114800,rayleigh,64,6.6144471595419505,7.659836786294204,0.6495072510488631,7.013715125095935,,7.4193660864276385,200,6.926405532486203,6.926405532486203,6.754436800898458,6.754436800898458,0.17196873158774473,0.17196873158774473
575,115000,rayleigh,64,8.074426193935302,9.244196301976466,0.41534112977745685,8.82885517219901,,7.4193660864276385,200,7.057040422224269,7.057040422224269,6.778866664468824,6.778866664468824,0.27817375775544484,0.27817375775544484
576,115200,rayleigh,64,6.517199536738767,7.473997126420554,0.28075994358603595,7.193237182834514,,7.4193660864276385,200,7.036766555136987,7.036766555136987,6.781444244345437,6.781444244345437,0.2553223107915503,0.2553223107915503
577,115400,rayleigh,64,6.382082973488378,8.236050950635788,1.492819882394782,6.7457413799593064,,7.4193660864276385,200,7.001518429665319,7.001518429665319,6.831155133353204,6.831155133353204,0.17036329631211533,0.17036329631211533
578,115600,rayleigh,64,4.7244613955115655,8.58787405741159,3.611819973541547,5.0883513819027275,,7.4193660864276385,200,6.935826390016006,6.935826390016006,6.801950400279077,6.801950400279077,0.1338759897369286,0.1338759897369286
579,115800,rayleigh,64,4.775664383797991,8.04408954048668,1.9964534477263594,6.069459439797973,,7.4193660864276385,200,6.823418317171646,6.823418317171646,6.798267988323886,6.798267988323886,0.025150328847759695,0.025150328847759695
580,116000,rayleigh,64,5.841923435694916,9.167721759118626,2.5018521526296342,6.684324040525907,,7.4193660864276385,200,6.796870084930397,6.796870084930397,6.79724611140439,6.79724611140439,0.00037602647399292977,0.00037602647399292977
581,116200,rayleigh,64,7.13925772463995,8.273662549240852,0.7632001071673428,7.5104624420735036,,7.4193660864276385,200,6.874131859266974,6.874131859266974,6.809111623229663,6.809111623229663,0.06502023603731111,0.06502023603731111
582,116400,rayleigh,64,2.338302919962894,8.753903409353152,6.292317876778193,2.781660869320849,,7.4193660864276385,200,6.703841732899319,6.703841732899319,6.767489266670734,6.767489266670734,0.06364753377141508,0.06364753377141508
583,116600,rayleigh,64,5.431872696883666,7.787012490315404,0.8955763631269501,6.901463596849308,,7.4193660864276385,200,6.673596450413297,6.673596450413297,6.758990155928627,6.758990155928627,0.08539370551533043,0.08539370551533043
584,116800,rayleigh,64,7.275570950293356,8.126127294904025,0.49647163334683275,7.629655661557193,,7.4193660864276385,200,6.668029720269888,6.668029720269888,6.772529653316577,6.772529653316577,0.10449993304668936,0.10449993304668936
585,117000,rayleigh,64,7.052578148240393,8.235703044174292,0.8285917574797389,7.4227067247350185,,7.4193660864276385,200,6.68453240695153,6.68453240695153,6.767783327939598,6.767783327939598,0.08325092098806763,0.08325092098806763
586,117200,rayleigh,64,7.712460689448677,9.70561208893717,1.5930327909189732,8.116059714429118,,7.4193660864276385,200,6.778221120628567,6.778221120628567,6.826462914864918,6.826462914864918,0.04824179423635133,0.04824179423635133
587,117400,rayleigh,64,7.320545240455248,8.020336877744304,0.3625303338063215,7.657806543937986,,7.4193660864276385,200,6.965077045372807,6.965077045372807,6.836414136993969,6.836414136993969,0.1286629083788382,0.1286629083788382
588,117600,rayleigh,64,5.078525733269729,7.618292892241226,1.7719340682051483,5.9083084270134085,,7.4193660864276385,200,6.915705240310534,6.915705240310534,6.843370993760466,6.843370993760466,0.07233424655006804,0.07233424655006804
589,117800,rayleigh,64,9.208661508784232,9.913550198216358,0.37905768000838724,9.53449251820797,,7.4193660864276385,200,7.036749460086706,7.036749460086706,6.8920126161542745,6.8920126161542745,0.14473684393243147,0.14473684393243147
590,118000,rayleigh,64,6.77437325574297,8.177987198980862,1.0123845249677763,7.1656026740130825,,7.4193660864276385,200,7.016504389567605,7.016504389567605,6.895372122448781,6.895372122448781,0.12113226711882419,0.12113226711882419
591,118200,rayleigh,64,8.102969695586498,8.730059583596463,0.1949888113023245,8.535070772294139,,7.4193660864276385,200,7.045607578666615,7.045607578666615,6.906971273385328,6.906971273385328,0.13863630528128645,0.13863630528128645
592,118400,rayleigh,64,6.772122890156242,7.83294993586968,0.6298996435206794,7.203050292348995,,7.4193660864276385,200,6.989675664824253,6.989675664824253,6.903721275537404,6.903721275537404,0.08595438928684906,0.08595438928684906
593,118600,rayleigh,64,4.83125119219115,8.65484127506539,3.3217015454703915,5.36864453715366,,7.4193660864276385,200,6.967933424812482,6.967933424812482,6.880185125321342,6.880185125321342,0.08774829949113983,0.08774829949113983
594,118800,rayleigh,64,7.390448389071058,8.055340826569715,0.17993259369048087,7.875408232879234,,7.4193660864276385,200,7.011018080201644,7.011018080201644,6.886760508514803,6.886760508514803,0.12425757168684104,0.12425757168684104
595,119000,rayleigh,64,5.368595755705389,7.247416320371577,0.4898188946209371,6.7596282887110615,,7.4193660864276385,200,6.907556736027248,6.907556736027248,6.892227649867186,6.892227649867186,0.015329086160061678,0.015329086160061678
596,119200,rayleigh,64,6.845532735034254,7.991848001841499,0.7903569241424787,7.214676624688984,,7.4193660864276385,200,6.908628708119972,6.908628708119972,6.8906945746249395,6.8906945746249395,0.017934133495032256,0.017934133495032256
597,119400,rayleigh,64,5.5577993894889435,7.870136982980835,1.6791230949813696,6.1949961827020905,,7.4193660864276385,200,6.881091448257111,6.881091448257111,6.884398267189083,6.884398267189083,0.0033068189319722663,0.0033068189319722663
598,119600,rayleigh,64,4.523958750166584,7.924584918382938,2.185333950105981,5.7605102802215145,,7.4193660864276385,200,6.914699393173049,6.914699393173049,6.874717615103893,6.874717615103893,0.039981778069156704,0.039981778069156704
599,119800,rayleigh,64,7.517379748159816,8.331962743172202,0.4453951463919438,7.886567596780265,,7.4193660864276385,200,7.005554801022164,7.005554801022164,6.86707338879448,6.86707338879448,0.1384814122276845,0.1384814122276845
600,120000,rayleigh,64,7.1311623034517915,7.886049606420392,0.4089590641268398,7.477090542293554,7.099340654563012,7.099340654563012,200,7.045193126110545,7.045193126110545,6.885596852415199,6.885596852415199,0.159596273695346,0.159596273695346
601,120200,rayleigh,64,6.576123584560918,8.065281098722206,1.0166887003916096,7.0485923983306,,7.099340654563012,200,7.022099623923403,7.022099623923403,6.872971314442799,6.872971314442799,0.14912830948060396,0.14912830948060396
602,120400,rayleigh,64,2.254734009066781,8.059547036028198,5.778798697390945,2.653991738839195,,7.099340654563012,200,7.0157161673993205,7.0157161673993205,6.8345040677178135,6.8345040677178135,0.18121209968150698,0.18121209968150698
603,120600,rayleigh,64,6.026985683964917,8.021246958099862,1.6102060360393664,6.427948528880146,,7.099340654563012,200,6.99204041400086,6.99204041400086,6.838514726329009,6.838514726329009,0.15352568767185026,0.15352568767185026
604,120800,rayleigh,64,4.407762751457002,8.577044607190507,2.986430939165874,5.6408354060481605,,7.099340654563012,200,6.892599401225408,6.892599401225408,6.816008404881347,6.816008404881347,0.07659099634406097,0.07659099634406097
605,121000,rayleigh,64,8.162777629200816,8.949085632036052,0.4044390682435685,8.544646563792485,,7.099340654563012,200,6.948696393178284,6.948696393178284,6.830302643094727,6.830302643094727,0.11839375008355635,0.11839375008355635
606,121200,rayleigh,64,5.509932086348027,8.116829259196802,2.2381209654903027,5.904831597268289,,7.099340654563012,200,6.838134987320241,6.838134987320241,6.818477619675403,6.818477619675403,0.01965736764483772,0.01965736764483772
607,121400,rayleigh,64,4.627063757066789,7.90034864903671,2.1566921285045217,5.789749516330498,,7.099340654563012,200,6.7447321359398655,6.7447321359398655,6.811637074224262,6.811637074224262,0.06690493828439603,0.06690493828439603
608,121600,rayleigh,64,7.143845109551357,8.01732418602068,0.5237690026308932,7.5015696803562175,,7.099340654563012,200,6.824395198607007,6.824395198607007,6.828454219564336,6.828454219564336,0.004059020957329018,0.004059020957329018
609,121800,rayleigh,64,6.2117712346712475,8.727917044759495,1.2677596004071094,7.4758353952541405,,7.099340654563012,200,6.721462342459316,6.721462342459316,6.846078666363208,6.846078666363208,0.12461632390389177,0.12461632390389177
610,122000,rayleigh,64,6.26503285465264,8.59993389647745,1.7249745296904009,6.899968188030616,,7.099340654563012,200,6.708180618160192,6.708180618160192,6.864270679129353,6.864270679129353,0.15609006096916112,0.15609006096916112
611,122200,rayleigh,64,7.033320541170091,8.090218899057648,0.7142520614620802,7.375966837595568,,7.099340654563012,200,6.650225421425263,6.650225421425263,6.871652838200219,6.871652838200219,0.22142741677495525,0.22142741677495525
612,122400,rayleigh,64,5.511588326968904,7.658781861172424,0.8086284150429013,6.85015344612952,,7.099340654563012,200,6.63258057911429,6.63258057911429,6.865364142456473,6.865364142456473,0.2327835633421831,0.2327835633421831
613,122600,rayleigh,64,4.543060058168538,7.273384917094525,1.8228411527607782,5.508878818880127,,7.099340654563012,200,6.639592293200613,6.639592293200613,6.847966111684226,6.847966111684226,0.20837381848361325,0.20837381848361325
614,122800,rayleigh,64,6.508213141935732,8.059023649107456,0.26069619455060444,7.798327454556854,,7.099340654563012,200,6.635738254284495,6.635738254284495,6.853899108741031,6.853899108741031,0.21816085445653588,0.21816085445653588
615,123000,rayleigh,64,3.197971082937842,7.515856687439161,2.6581446484990074,4.925872212066385,,7.099340654563012,200,6.544050450452261,6.544050450452261,6.825675714246049,6.825675714246049,0.2816252637937886,0.2816252637937886
616,123200,rayleigh,64,5.644525900536495,7.700565455989521,0.935723542716582,6.766274431146659,,7.099340654563012,200,6.521630340775144,6.521630340775144,6.825494858955814,6.825494858955814,0.30386451818066984,0.30386451818066984
617,123400,rayleigh,64,2.4738137741185104,8.409753508590793,5.558405493421,3.1616556108783214,,7.099340654563012,200,6.369963312183955,6.369963312183955,6.803501454889894,6.803501454889894,0.43353814270593904,0.43353814270593904
618,123600,rayleigh,64,6.518571629309634,8.395585383808214,0.9436310085717147,7.453848610994575,,7.099340654563012,200,6.454630228722609,6.454630228722609,6.813947911426691,6.813947911426691,0.3593176827040825,0.3593176827040825
619,123800,rayleigh,64,6.545123448901896,7.992768620466734,1.017095148342786,6.977218232040023,,7.099340654563012,200,6.409162760485597,6.409162760485597,6.801716275426729,6.801716275426729,0.3925535149411319,0.3925535149411319
620,124000,rayleigh,64,4.518362445495592,9.115162146413075,3.838457391522983,5.3198879105109675,,7.099340654563012,200,6.301302628896468,6.301302628896468,6.792517171819352,6.792517171819352,0.4912145429228838,0.4912145429228838
621,124200,rayleigh,64,4.872683036788703,8.489115570663493,3.203149091964541,5.327338581940326,,7.099340654563012,200,6.215239938076953,6.215239938076953,6.785094544464896,6.785094544464896,0.5698546063879428,0.5698546063879428
622,124400,rayleigh,64,6.6581287142131895,8.359644698639764,1.2951660693061604,7.070596886853553,,7.099340654563012,200,6.436070195477673,6.436070195477673,6.768257449541089,6.768257449541089,0.33218725406341587,0.33218725406341587
623,124600,rayleigh,64,5.715200621619225,7.482101041933746,1.119519053781104,6.365798982646288,,7.099340654563012,200,6.432962718165979,6.432962718165979,6.757408381534475,6.757408381534475,0.324445663368496,0.324445663368496
624,124800,rayleigh,64,7.209371391506964,8.557530212317921,0.932605388465643,7.627499875646451,,7.099340654563012,200,6.532295941645893,6.532295941645893,6.781759670270245,6.781759670270245,0.2494637286243515,0.2494637286243515
625,125000,rayleigh,64,6.344180906593023,7.484839690632789,0.04541969218933906,7.439419998443447,,7.099340654563012,200,6.477034613378441,6.477034613378441,6.786555532302806,6.786555532302806,0.30952091892436506,0.30952091892436506
626,125200,rayleigh,64,6.920120777221931,8.973994181200542,0.8746188679865018,8.099375313214038,,7.099340654563012,200,6.5867617991757275,6.5867617991757275,6.799122421818564,6.799122421818564,0.21236062264283628,0.21236062264283628
627,125400,rayleigh,64,2.8505015700573146,8.132713884845908,4.75883755520333,3.527746662106984,,7.099340654563012,200,6.473661656464553,6.473661656464553,6.773330075780832,6.773330075780832,0.2996684193162791,0.2996684193162791
628,125600,rayleigh,64,6.896543752789421,8.288877416399572,0.586526637191984,7.702350779207588,,7.099340654563012,200,6.4837007114071215,6.4837007114071215,6.782862642659809,6.782862642659809,0.2991619312526872,0.2991619312526872
629,125800,rayleigh,64,7.262635944804901,8.691014128925467,1.019690823435484,7.671323305489974,,7.099340654563012,200,6.493475106918913,6.493475106918913,6.804872449458586,6.804872449458586,0.31139734253967344,0.31139734253967344
630,126000,rayleigh,64,6.697968749189132,8.111139691877597,0.9254323436690834,7.191725088280201,,7.099340654563012,200,6.508062951931393,6.508062951931393,6.81968210937311,6.81968210937311,0.31161915744171687,0.31161915744171687
631,126200,rayleigh,64,6.421411349422661,7.779033185761933,0.9752976238759692,6.803735561885961,,7.099340654563012,200,6.479451388145913,6.479451388145913,6.836543817646934,6.836543817646934,0.35709242950102116,0.35709242950102116
632,126400,rayleigh,64,6.1379478809248145,8.279445342547271,1.1000777226025338,7.179367619944738,,7.099340654563012,200,6.4959120968366735,6.4959120968366735,6.820407212741643,6.820407212741643,0.3244951159049698,0.3244951159049698
633,126600,rayleigh,64,6.060818327055983,7.796349948188636,1.0957279813740677,6.700621966814569,,7.099340654563012,200,6.5554992542333945,6.5554992542333945,6.810182616165589,6.810182616165589,0.25468336193219443,0.25468336193219443
634,126800,rayleigh,64,5.232864464181569,7.50741228439959,1.529473211013768,5.988862264097302,,7.099340654563012,200,6.465025994710418,6.465025994710418,6.798035192562428,6.798035192562428,0.33300919785201,0.33300919785201
635,127000,rayleigh,64,5.3384643316023,8.294493320777914,2.248866759783478,6.076137289214931,,7.099340654563012,200,6.5225392485678455,6.5225392485678455,6.798490467012865,6.798490467012865,0.27595121844501946,0.27595121844501946
636,127200,rayleigh,64,6.413791985628008,8.203874734177242,1.3172741056912436,6.886600628485994,,7.099340654563012,200,6.528555558434812,6.528555558434812,6.795872924730763,6.795872924730763,0.26731736629595115,0.26731736629595115
637,127400,rayleigh,64,6.766133392917433,7.854774611434437,0.7443113755495776,7.110463235884859,,7.099340654563012,200,6.725995939685139,6.725995939685139,6.7884334679135225,6.7884334679135225,0.062437528228383776,0.062437528228383776
638,127600,rayleigh,64,4.055081114135965,7.756939451324428,2.4113838958401415,5.403155895049236,,7.099340654563012,200,6.62346130388787,6.62346130388787,6.783184732254195,6.783184732254195,0.15972342836632514,0.15972342836632514
639,127800,rayleigh,64,7.955005750186914,8.843682344290112,0.5782310575084904,8.265451286781627,,7.099340654563012,200,6.687872956624952,6.687872956624952,6.7940723207290885,6.7940723207290885,0.10619936410413633,0.10619936410413633
640,128000,rayleigh,64,8.327543591282309,8.980803010327339,0.31617030638463095,8.664632703942704,,7.099340654563012,200,6.855110196296539,6.855110196296539,6.801522873943004,6.801522873943004,0.05358732235353525,0.05358732235353525
641,128200,rayleigh,64,7.202098976426222,9.176138704901279,1.6260792124610604,7.554594094375543,,7.099340654563012,200,6.9664729719183,6.9664729719183,6.836092079080539,6.836092079080539,0.13038089283776078,0.13038089283776078
642,128400,rayleigh,64,7.519170475488754,9.009996102296716,1.0678675069878696,7.942128595308846,,7.099340654563012,200,7.010049557341063,7.010049557341063,6.842344985838024,6.842344985838024,0.1677045715030383,0.1677045715030383
643,128600,rayleigh,64,5.81712476545698,7.636590203670207,0.4866089197978438,7.149981283872366,,7.099340654563012,200,7.0492586724023685,7.0492586724023685,6.847132898210318,6.847132898210318,0.20212577419205058,0.20212577419205058
644,128800,rayleigh,64,5.189578803046544,7.880958156374502,2.3921417900403914,5.510033167499109,,7.099340654563012,200,6.943385336995,6.943385336995,6.842079164589969,6.842079164589969,0.10130617240503081,0.10130617240503081
645,129000,rayleigh,64,5.517772990907508,7.467686367549113,1.1953165120796825,6.297702593962988,,7.099340654563012,200,6.886299466770977,6.886299466770977,6.842810691076747,6.842810691076747,0.04348877569422971,0.04348877569422971
646,129200,rayleigh,64,6.385639925389876,8.037449173596013,1.3134884876664183,6.728298617208162,,7.099340654563012,200,6.817745631970683,6.817745631970683,6.834910303026082,6.834910303026082,0.017164671055398983,0.017164671055398983
647,129400,rayleigh,64,6.281908732090451,7.968639577432548,1.360862566787853,6.610720249653706,,7.099340654563012,200,6.971894311348019,6.971894311348019,6.8397817018336795,6.8397817018336795,0.13211260951433967,0.13211260951433967
648,129600,rayleigh,64,7.984111381612854,9.001090948099666,0.6956623462238148,8.305428601875844,,7.099340654563012,200,7.002048202481433,7.002048202481433,6.853883864158199,6.853883864158199,0.14816433832323384,0.14816433832323384
649,129800,rayleigh,64,7.195659740270563,8.350136422915893,0.8437105182704993,7.506425904645392,,7.099340654563012,200,6.993803332439205,6.993803332439205,6.8503487486447385,6.8503487486447385,0.1434545837944663,0.1434545837944663
650,130000,rayleigh,64,6.546530508778804,8.568226057762054,1.2969839949022546,7.306411235155251,6.848089326379267,6.848089326379267,200,6.999537639782957,6.999537639782957,6.85071310245326,6.85071310245326,0.14882453732969747,0.14882453732969747
651,130200,rayleigh,64,5.987091941830527,7.535106808399665,1.2216734852383726,6.313433323161288,,6.848089326379267,200,6.975022527846723,6.975022527846723,6.837499500303615,6.837499500303615,0.13752302754310808,0.13752302754310808
652,130400,rayleigh,64,5.910135397585794,7.1648809591488325,0.6852742054726129,6.480222515733416,,6.848089326379267,200,6.940065272636156,6.940065272636156,6.823709772567797,6.823709772567797,0.11635550006835871,0.11635550006835871
653,130600,rayleigh,64,6.079477471280117,8.767673319154502,1.3616339127475874,7.421224294779774,,6.848089326379267,200,6.976095389034417,6.976095389034417,6.8238141922115325,6.8238141922115325,0.15228119682288455,0.15228119682288455
654,130800,rayleigh,64,7.405533480802615,8.418710803403117,0.19062145286251728,8.228089350540598,,6.848089326379267,200,7.0880567433565815,7.0880567433565815,6.825248921007868,6.825248921007868,0.26280782234871314,0.26280782234871314
655,131000,rayleigh,64,5.6788276546697265,9.518871423149182,3.1419789393861017,6.404384008463875,,6.848089326379267,200,7.104469079319029,7.104469079319029,6.827131187318131,6.827131187318131,0.2773378920008973,0.2773378920008973
656,131200,rayleigh,64,6.438299276870116,7.802707048034255,0.9764475462763662,6.842923758781939,,6.848089326379267,200,7.1022852358338255,7.1022852358338255,6.8195732796601485,6.8195732796601485,0.28271195617367706,0.28271195617367706
657,131400,rayleigh,64,7.388633521173677,9.007614741932409,1.2923497373375692,7.723942410233048,,6.848089326379267,200,7.132959194551236,7.132959194551236,6.822305664868552,6.822305664868552,0.3106535296826838,0.3106535296826838
658,131600,rayleigh,64,7.485233183122565,9.570262500951177,1.7024917087231715,7.868243717280933,,6.848089326379267,200,7.25621358566282,7.25621358566282,6.836966180292471,6.836966180292471,0.4192474053703492,0.4192474053703492
659,131800,rayleigh,64,7.1641845822788754,8.541159036186684,1.0150944768202086,7.526700124534862,,6.848089326379267,200,7.219276027550483,7.219276027550483,6.829056972570968,6.829056972570968,0.39021905497951437,0.39021905497951437
660,132000,rayleigh,64,6.496397519427239,8.107283573285661,1.2451654180917116,6.870532332571275,,6.848089326379267,200,7.129571008981912,7.129571008981912,6.825609409043173,6.825609409043173,0.3039615999387397,0.3039615999387397
661,132200,rayleigh,64,6.599940220285088,8.470130446400121,1.5166029741407312,6.9735463844999455,,6.848089326379267,200,7.100518623488132,7.100518623488132,6.835692603334753,6.835692603334753,0.26482602015337964,0.26482602015337964
662,132400,rayleigh,64,7.391240625563658,8.54796332818657,0.46863674806577904,8.079326580120789,,6.848089326379267,200,7.1073785227287285,7.1073785227287285,6.85461123516922,6.85461123516922,0.25276728755950817,0.25276728755950817
663,132600,rayleigh,64,3.549634714541296,8.76965837123187,4.748228418325793,4.17552610318362,,6.848089326379267,200,6.95865576369429,6.95865576369429,6.821302803735359,6.821302803735359,0.13735295995893093,0.13735295995893093
664,132800,rayleigh,64,4.741299372919338,8.170286689190824,2.845880442370284,5.3256706967356084,,6.848089326379267,200,6.949437640156115,6.949437640156115,6.797149608058463,6.797149608058463,0.15228803209765207,0.15228803209765207
665,133000,rayleigh,64,5.164772628948511,8.150261136793775,1.8879164246182174,6.297989985212386,,6.848089326379267,200,6.949452009718586,6.949452009718586,6.789202977999564,6.789202977999564,0.1602490317190215,0.1602490317190215
666,133200,rayleigh,64,6.701005282699096,8.526199151400482,1.3620901222684376,7.191100925916165,,6.848089326379267,200,6.9725921251539855,6.9725921251539855,6.798691132849843,6.798691132849843,0.17390099230414258,0.17390099230414258
667,133400,rayleigh,64,7.110552771790264,7.91744473780987,0.3336291910353309,7.583815546774533,,6.848089326379267,200,7.021246890010028,7.021246890010028,6.835322407827057,6.835322407827057,0.18592448218297086,0.18592448218297086
668,133600,rayleigh,64,5.161495522151938,8.317638471491234,1.9362471493223852,6.3959290359938255,,6.848089326379267,200,6.925771911715925,6.925771911715925,6.830324252904405,6.830324252904405,0.09544765881152006,0.09544765881152006
669,133800,rayleigh,64,6.416258402063727,8.200477749424659,1.3444805656106922,6.855997183813965,,6.848089326379267,200,6.893250475674355,6.893250475674355,6.8277481435157,6.8277481435157,0.06550233215865475,0.06550233215865475
670,134000,rayleigh,64,5.45016295296896,7.881867158763043,2.0216457651890085,5.864277153542577,,6.848089326379267,200,6.821143771593721,6.821143771593721,6.8106858742071745,6.8106858742071745,0.010457897386546122,0.010457897386546122
671,134200,rayleigh,64,5.507809903024253,8.599601237189361,2.624339500368591,6.02560226952006,,6.848089326379267,200,6.80675221891166,6.80675221891166,6.791411826999235,6.791411826999235,0.015340391912424423,0.015340391912424423
672,134400,rayleigh,64,6.390835475613999,7.708908434443312,0.9138134912114894,6.80365401908944,,6.848089326379267,200,6.82292379407946,6.82292379407946,6.776231481498167,6.776231481498167,0.04669231258129347,0.04669231258129347
673,134600,rayleigh,64,5.061473121107097,8.668092233541769,2.8487621362849476,5.824529004939455,,6.848089326379267,200,6.743089029587445,6.743089029587445,6.776441878173671,6.776441878173671,0.033352848586226,0.033352848586226
674,134800,rayleigh,64,6.528397896298312,9.136629785696627,2.1571940470087596,6.97943573868787,,6.848089326379267,200,6.680656348994809,6.680656348994809,6.77609908430959,6.77609908430959,0.09544273531478087,0.09544273531478087
675,135000,rayleigh,64,8.19814516000242,9.20055257260755,0.6027620403704761,8.597790532237076,,6.848089326379267,200,6.790326675183468,6.790326675183468,6.773788437909972,6.773788437909972,0.01653823727349568,0.01653823727349568
676,135200,rayleigh,64,6.177566293429108,7.736182707685272,1.1483371648969098,6.587845542788366,,6.848089326379267,200,6.777572764383789,6.777572764383789,6.76773452150951,6.76773452150951,0.009838242874279146,0.009838242874279146
677,135400,rayleigh,64,3.89514275446896,7.796598146261218,3.132584896538115,4.776323503652888,,6.848089326379267,200,6.630191819054781,6.630191819054781,6.748040342746446,6.748040342746446,0.11784852369166465,0.11784852369166465
678,135600,rayleigh,64,7.330413670907647,9.43733904675863,1.7245041112298338,7.712834935528788,,6.848089326379267,200,6.622421379967174,6.622421379967174,6.774285178282705,6.774285178282705,0.15186379831553065,0.15186379831553065
679,135800,rayleigh,64,7.7442315075562655,8.765520270943322,0.6541597486632288,8.111360522280087,,6.848089326379267,200,6.651654399854436,6.651654399854436,6.794704189107526,6.794704189107526,0.14304978925308998,0.14304978925308998
680,136000,rayleigh,64,7.691870645020729,9.761203348384802,1.739955911363481,8.0240246419401,,6.848089326379267,200,6.709329015322877,6.709329015322877,6.808101195121668,6.808101195121668,0.09877217979879127,0.09877217979879127
681,136200,rayleigh,64,7.658383178493016,8.897348353437062,0.8737884240514316,8.023559929385632,,6.848089326379267,200,6.7618296925671615,6.7618296925671615,6.81323216999479,6.81323216999479,0.05140247742762849,0.05140247742762849
682,136400,rayleigh,64,6.139166725027368,7.56948781686868,0.8993908253789447,6.686691087336727,,6.848089326379267,200,6.692197917927958,6.692197917927958,6.852282472174948,6.852282472174948,0.16008455424698997,0.16008455424698997
683,136600,rayleigh,64,6.997763803311365,8.340157013978091,0.47800234582605416,7.8621546681520265,,6.848089326379267,200,6.876529346176379,6.876529346176379,6.861889382887975,6.861889382887975,0.014639963288403557,0.014639963288403557
684,136800,rayleigh,64,6.650368474620279,7.602281578341317,0.5560371279542565,7.046244450387058,,6.848089326379267,200,6.962558033858952,6.962558033858952,6.856055270776275,6.856055270776275,0.10650276308267692,0.10650276308267692
685,137000,rayleigh,64,6.793882463745893,8.130078190230673,0.7993553827033528,7.332367262315559,,6.848089326379267,200,7.01427689771411,7.01427689771411,6.855151876152079,6.855151876152079,0.1591250215620308,0.1591250215620308
686,137200,rayleigh,64,6.281205776559027,8.089407512448144,1.4329203801982051,6.664168179446936,,6.848089326379267,200,6.98793026039065,6.98793026039065,6.840632960802258,6.840632960802258,0.14729729958839233,0.14729729958839233
687,137400,rayleigh,64,7.496919024220749,8.332852534332478,0.1285712245167028,8.204281309815782,,6.848089326379267,200,7.01895354854271,7.01895354854271,6.846097708461035,6.846097708461035,0.17285584008167465,0.17285584008167465
688,137600,rayleigh,64,5.4464813866035,7.7500737106253395,1.8287379597571565,5.932464535822178,,6.848089326379267,200,6.995780323534129,6.995780323534129,6.846339269549123,6.846339269549123,0.14944105398500618,0.14944105398500618
689,137800,rayleigh,64,6.049589090626736,7.929604345608332,1.4786263078442474,6.452052629086115,,6.848089326379267,200,6.975583095797736,6.975583095797736,6.815514870657904,6.815514870657904,0.160068225139832,0.160068225139832
690,138000,rayleigh,64,6.441908221191747,7.830791270252253,0.9586436468380392,6.8730913773909945,,6.848089326379267,200,7.026023806990158,7.026023806990158,6.812589757691684,6.812589757691684,0.2134340492984741,0.2134340492984741
691,138200,rayleigh,64,6.913611750200186,8.738249939944968,0.9497637945157997,7.804962196177772,,6.848089326379267,200,7.114991803323042,7.114991803323042,6.805288671930521,6.805288671930521,0.3097031313925207,0.3097031313925207
692,138400,rayleigh,64,8.741549716671722,10.617521382135193,1.5027129597266384,9.114808422408553,,6.848089326379267,200,7.230549523488998,7.230549523488998,6.824406253231116,6.824406253231116,0.406143270257882,0.406143270257882
693,138600,rayleigh,64,5.947811288068232,7.55336671847621,1.1952008267771301,6.388761222732711,,6.848089326379267,200,7.258761134378661,7.258761134378661,6.834607420086908,6.834607420086908,0.4241537142917533,0.4241537142917533
694,138800,rayleigh,64,6.572799347723916,7.7943563772522975,0.8360524559831902,6.962921417151201,,6.848089326379267,200,7.257935418301827,7.257935418301827,6.8254825519296265,6.8254825519296265,0.43245286637220026,0.43245286637220026
695,139000,rayleigh,64,6.980258886416003,9.028223720004558,1.643694639632582,7.386142951441499,,6.848089326379267,200,7.197353039262049,7.197353039262049,6.83174769855693,6.83174769855693,0.36560534070511963,0.36560534070511963
696,139200,rayleigh,64,7.415890900590204,9.398914508027621,1.563499590860978,7.835414917166634,,6.848089326379267,200,7.259731507980962,7.259731507980962,6.837955081481706,6.837955081481706,0.42177642649925584,0.42177642649925584
697,139400,rayleigh,64,6.131467108371097,8.080311516943327,1.5356258947963743,6.549809196244985,,6.848089326379267,200,7.348405792610568,7.348405792610568,6.841503211617135,6.841503211617135,0.5069025809934331,0.5069025809934331
698,139600,rayleigh,64,7.492255297294474,8.271978788228568,0.4354449484175852,7.846047066824439,,6.848089326379267,200,7.3550663991753495,7.3550663991753495,6.862358579483164,6.862358579483164,0.49270781969218547,0.49270781969218547
699,139800,rayleigh,64,5.734593924178551,7.591173776709692,1.273166677040234,6.335733806175175,,6.848089326379267,200,7.266285063370104,7.266285063370104,6.846850241577114,6.846850241577114,0.41943482179298996,0.41943482179298996
700,140000,rayleigh,64,5.962799043891747,7.860129624835742,0.33241071993672044,7.527718904899018,6.1831223025105135,6.1831223025105135,200,7.241469776518049,7.241469776518049,6.847356525203168,6.847356525203168,0.39411325131488173,0.39411325131488173
701,140200,rayleigh,64,3.6941759190003864,8.353541943608496,4.412992969524623,4.126030773440368,,6.1831223025105135,200,7.046593318720786,7.046593318720786,6.818130908954265,6.818130908954265,0.22846240976652155,0.22846240976652155
702,140400,rayleigh,64,5.981496564875862,8.124163964483333,1.595139344032624,6.536491630983537,,6.1831223025105135,200,7.0390833459031255,7.0390833459031255,6.85695590787571,6.85695590787571,0.1821274380274156,0.1821274380274156
703,140600,rayleigh,64,4.455904294977871,7.508463882485576,1.3783228088673565,6.130141073618217,,6.1831223025105135,200,6.952482666176435,6.952482666176435,6.853977833323089,6.853977833323089,0.09850483285334555,0.09850483285334555
704,140800,rayleigh,64,6.003005348240666,7.862368355343588,0.7371929614443008,7.125175393899288,,6.1831223025105135,200,6.956429213352048,6.956429213352048,6.868821233201601,6.868821233201601,0.08760798015044724,0.08760798015044724
705,141000,rayleigh,64,6.581824021196885,9.012591257627648,2.076522807953097,6.9805051906484605,,6.1831223025105135,200,6.938836109768694,6.938836109768694,6.853179819470162,6.853179819470162,0.08565629029853206,0.08565629029853206
706,141200,rayleigh,64,5.566180939057573,8.052726581336577,2.1687777320294392,5.909820619865587,,6.1831223025105135,200,6.901118731789626,6.901118731789626,6.8532297096961345,6.8532297096961345,0.04788902209349111,0.04788902209349111
707,141400,rayleigh,64,5.647836691739204,9.098359146164468,2.5277253703664573,6.570633775798006,,6.1831223025105135,200,6.819436355088736,6.819436355088736,6.861038552290811,6.861038552290811,0.04160219720207525,0.04160219720207525
708,141600,rayleigh,64,7.699106498125841,8.973554450830452,0.9442766654570842,8.029277785373367,,6.1831223025105135,200,6.924277017566297,6.924277017566297,6.866315633340982,6.866315633340982,0.05796138422531527,0.05796138422531527
709,141800,rayleigh,64,8.098985215969911,9.347793692566247,0.955511794106707,8.392281898459538,,6.1831223025105135,200,7.021288481034967,7.021288481034967,6.875480098373035,6.875480098373035,0.14580838266193208,0.14580838266193208
710,142000,rayleigh,64,6.4099438745893895,7.943688185924066,1.2289514304924907,6.71473675543158,,6.1831223025105135,200,7.013370749936996,7.013370749936996,6.873627784047044,6.873627784047044,0.13974296588995205,0.13974296588995205
711,142200,rayleigh,64,7.106147486634838,8.341085346743515,0.8910341856996246,7.450051161043885,,6.1831223025105135,200,6.995625198180304,6.995625198180304,6.874368627281526,6.874368627281526,0.12125657089877784,0.12125657089877784
712,142400,rayleigh,64,5.768056609450944,7.928915399891434,1.878107298554031,6.107586524223235,,6.1831223025105135,200,6.845264103271036,6.845264103271036,6.866942958062465,6.866942958062465,0.021678854791428392,0.021678854791428392
713,142600,rayleigh,64,7.0914771336645614,8.051303041708385,0.38698478482195264,7.664318256886435,,6.1831223025105135,200,6.909041954978723,6.909041954978723,6.888497352442528,6.888497352442528,0.020544602536195278,0.020544602536195278
714,142800,rayleigh,64,7.514088855840356,9.348360264803567,1.5389141684484116,7.812942594855688,,6.1831223025105135,200,6.951543013863947,6.951543013863947,6.888643503845517,6.888643503845517,0.06289951001842997,0.06289951001842997
715,143000,rayleigh,64,6.4594040472157745,8.557733754905978,1.1251828068232885,7.438445169892457,,6.1831223025105135,200,6.954158124786494,6.954158124786494,6.9137692334237775,6.9137692334237775,0.04038889136271617,0.04038889136271617
716,143200,rayleigh,64,7.73427250447349,9.244365322234506,1.2110603162905589,8.033352236849725,,6.1831223025105135,200,6.96405499077065,6.96405499077065,6.926440011480808,6.926440011480808,0.03761497928984259,0.03761497928984259
717,143400,rayleigh,64,5.334746814850771,7.654422543519327,1.2919228960211726,6.3828595616876,,6.1831223025105135,200,6.955707509042782,6.955707509042782,6.958652050988901,6.958652050988901,0.0029445419461193723,0.0029445419461193723
718,143600,rayleigh,64,6.892576977871432,8.019762446293958,0.521182744175495,7.498579702118465,,6.1831223025105135,200,6.938334140807482,6.938334140807482,6.959099361900139,6.959099361900139,0.020765221092656994,0.020765221092656994
719,143800,rayleigh,64,4.80219167857406,7.066748024769046,1.8933007762144534,5.183124571004516,,6.1831223025105135,200,6.880703679048949,6.880703679048949,6.941158425289784,6.941158425289784,0.060454746240835355,0.060454746240835355
720,144000,rayleigh,64,6.873836087913824,7.722833755665884,0.2518638285873224,7.470969927078559,,6.1831223025105135,200,6.877866230157926,6.877866230157926,6.962669245455462,6.962669245455462,0.08480301529753653,0.08480301529753653
721,144200,rayleigh,64,7.140470838279676,7.869170762934996,0.2394992548909299,7.629671508044061,,6.1831223025105135,200,7.05304826688811,7.05304826688811,6.985692574716499,6.985692574716499,0.06735569217161164,0.06735569217161164
722,144400,rayleigh,64,7.585047717918644,8.47971953519618,0.5831651403034869,7.896554394892693,,6.1831223025105135,200,7.121051405083568,7.121051405083568,6.993952149796891,6.993952149796891,0.12709925528667743,0.12709925528667743
723,144600,rayleigh,64,6.663976339291077,8.867517010848683,0.9317551989770586,7.939272288212525,,6.1831223025105135,200,7.211507965813283,7.211507965813283,7.009686882852552,7.009686882852552,0.20182108296073054,0.20182108296073054
724,144800,rayleigh,64,6.731424979197567,8.556258061935699,1.3237231596520536,7.233261526735531,,6.1831223025105135,200,7.216912272455095,7.216912272455095,7.005744499363443,7.005744499363443,0.2111677730916517,0.2111677730916517
725,145000,rayleigh,64,6.013909887271353,7.683264147104833,0.5565492779839382,7.135273896032509,,6.1831223025105135,200,7.224650707724298,7.224650707724298,7.002703038339332,7.002703038339332,0.22194766938496624,0.22194766938496624
726,145200,rayleigh,64,6.641613033636072,9.104117940345816,1.8499231595978376,7.254194780747984,,6.1831223025105135,200,7.291869415768417,7.291869415768417,6.994251233014671,6.994251233014671,0.2976181827537463,0.2976181827537463
727,145400,rayleigh,64,5.853243230118057,7.961547077884886,1.6726276622097096,6.289614658323547,,6.1831223025105135,200,7.277818459894695,7.277818459894695,7.021869912976838,7.021869912976838,0.25594854691785685,0.25594854691785685
728,145600,rayleigh,64,5.978780386171321,7.50182079321475,1.0220435461098625,6.484119851029779,,6.1831223025105135,200,7.2005605631775165,7.2005605631775165,7.009687603695059,7.009687603695059,0.19087295948245764,0.19087295948245764
729,145800,rayleigh,64,6.370015958799025,8.52266481389125,1.644877286210242,6.8915502706854515,,6.1831223025105135,200,7.125523981788812,7.125523981788812,7.0018898733470145,7.0018898733470145,0.12363410844179779,0.12363410844179779
730,146000,rayleigh,64,7.247026514787583,8.970402287687483,1.3177417801611793,7.669319193420955,,6.1831223025105135,200,7.17325310368828,7.17325310368828,7.0066658143984215,7.0066658143984215,0.16658728928985855,0.16658728928985855
731,146200,rayleigh,64,4.967619257066889,7.9167078770867425,2.2942821316811415,5.662080893429791,,6.1831223025105135,200,7.083854590307576,7.083854590307576,6.99524926771386,6.99524926771386,0.08860532259371556,0.08860532259371556
732,146400,rayleigh,64,6.444130839407035,7.467745286089692,0.6904578816481647,6.780238577560434,,6.1831223025105135,200,7.117487192974435,7.117487192974435,6.991257977290018,6.991257977290018,0.12622921568441736,0.12622921568441736
733,146600,rayleigh,64,6.914923736220199,7.90135067469175,0.6114077034773124,7.289942971214431,,6.1831223025105135,200,7.098768428690835,7.098768428690835,6.9971511873340155,6.9971511873340155,0.10161724135681904,0.10161724135681904
734,146800,rayleigh,64,6.690605171224966,7.711348150837479,0.7096729738179168,7.002114835054801,,6.1831223025105135,200,7.0582270407007925,7.0582270407007925,7.007283713043592,7.007283713043592,0.05094332765720022,0.05094332765720022
735,147000,rayleigh,64,6.700642693679706,7.969967757404043,0.06748757014021912,7.902480187263833,,6.1831223025105135,200,7.08142879156936,7.08142879156936,7.025547142024082,7.025547142024082,0.0558816495452783,0.0558816495452783
736,147200,rayleigh,64,6.9245941971710225,8.800342144046532,1.5340789324479451,7.267470731502853,,6.1831223025105135,200,7.043134716302015,7.043134716302015,7.02935584305425,7.02935584305425,0.013778873247765056,0.013778873247765056
737,147400,rayleigh,64,9.74621694735255,10.410675970647324,0.17664099165194228,10.234034978995371,,6.1831223025105135,200,7.235693487167403,7.235693487167403,7.060591560485355,7.060591560485355,0.17510192668204816,0.17510192668204816
738,147600,rayleigh,64,5.647685864865375,7.935428972503824,1.708273297881598,6.247242910093313,,6.1831223025105135,200,7.173126647566147,7.173126647566147,7.069032430635795,7.069032430635795,0.1040942169303527,0.1040942169303527
739,147800,rayleigh,64,5.525744141415995,8.117981037081888,1.9838337796349517,6.153909506105927,,6.1831223025105135,200,7.221665894321218,7.221665894321218,7.047917012829037,7.047917012829037,0.17374888149218037,0.17374888149218037
740,148000,rayleigh,64,4.923255012270109,7.66015772758837,1.3142428833887325,6.349610137439836,,6.1831223025105135,200,7.165597904839281,7.165597904839281,7.02476678716401,7.02476678716401,0.1408311176752708,0.1408311176752708
741,148200,rayleigh,64,4.831311424796811,7.550493344230112,1.4374578971303853,6.114617619155369,,6.1831223025105135,200,7.089845210394847,7.089845210394847,7.010367022411808,7.010367022411808,0.07947818798303885,0.07947818798303885
742,148400,rayleigh,64,7.885487102968815,8.849774616677372,0.557110376147029,8.292664240530334,,6.1831223025105135,200,7.1096507026767295,7.1096507026767295,7.013872378864023,7.013872378864023,0.09577832381270657,0.09577832381270657
743,148600,rayleigh,64,4.660601931834961,8.60295293453697,3.700817849837122,4.997800880866926,,6.1831223025105135,200,6.962577132309448,6.962577132309448,6.992350574833969,6.992350574833969,0.029773442524520632,0.029773442524520632
744,148800,rayleigh,64,5.429761726670015,7.956579453388697,1.6236190385753515,6.370792700758815,,6.1831223025105135,200,6.919453691010612,6.919453691010612,7.000958170166565,7.000958170166565,0.08150447915595294,0.08150447915595294
745,149000,rayleigh,64,5.526163813836105,9.17981307231222,3.2975459762926627,5.908944653351941,,6.1831223025105135,200,6.858137228876584,6.858137228876584,6.997070590760455,6.997070590760455,0.13893336188387106,0.13893336188387106
746,149200,rayleigh,64,6.458492104075479,8.636938261524742,1.7533551741318119,6.900246487581584,,6.1831223025105135,200,6.840439814218264,6.840439814218264,6.998790069464189,6.998790069464189,0.1583502552459244,0.1583502552459244
747,149400,rayleigh,64,5.377831137695454,8.364470580401614,1.7197958629430747,6.644674717458545,,6.1831223025105135,200,6.858192817175015,6.858192817175015,6.9991296141422366,6.9991296141422366,0.14093679696722194,0.14093679696722194
748,149600,rayleigh,64,6.987684537699868,8.986539405509507,1.2739719598502568,7.712567445659251,,6.1831223025105135,200,6.919615196906489,6.919615196906489,6.99320100258007,6.99320100258007,0.07358580567358164,0.07358580567358164
749,149800,rayleigh,64,6.690430527364798,8.33760910775007,0.6460839974107544,7.691525110339321,,6.1831223025105135,200,6.95961393888918,6.95961393888918,6.99505199463701,6.99505199463701,0.03543805574783043,0.03543805574783043
750,150000,rayleigh,64,6.852074001919744,7.549510969937145,0.25375332000221906,7.2957576499349255,6.9959841670833285,6.9959841670833285,200,6.9409358617148795,6.9409358617148795,6.994945458784806,6.994945458784806,0.054009597069926585,0.054009597069926585
751,150200,rayleigh,64,7.8117307294381035,8.711888906256158,0.504596051777815,8.207292854478341,,6.9959841670833285,200,7.068196459767307,7.068196459767307,7.013884054097978,7.013884054097978,0.0543124056693296,0.0543124056693296
752,150400,rayleigh,64,6.466200801140994,7.648351886578564,0.7755990560687411,6.8727528305098256,,6.9959841670833285,200,7.072822172414777,7.072822172414777,7.017809357245742,7.017809357245742,0.055012815169035,0.055012815169035
753,150600,rayleigh,64,5.880686512045377,8.367814492790268,1.5492716526795314,6.818542840110737,,6.9959841670833285,200,7.049252165859594,7.049252165859594,7.011782542699052,7.011782542699052,0.03746962316054159,0.03746962316054159
754,150800,rayleigh,64,2.8893358052733773,8.577270147666974,5.497109263953363,3.3290994258821183,,6.9959841670833285,200,6.865601395400956,6.865601395400956,6.962792643452466,6.962792643452466,0.09719124805150958,0.09719124805150958
755,151000,rayleigh,64,7.064949536987836,7.8710977465144945,0.4583877644108254,7.412709982103663,,6.9959841670833285,200,6.84111288514295,6.84111288514295,6.972875903188865,6.972875903188865,0.13176301804591528,0.13176301804591528
756,151200,rayleigh,64,7.371533489746855,8.868011417391873,1.140734868038992,7.727276549352889,,6.9959841670833285,200,6.864103176035452,6.864103176035452,6.9817194310945725,6.9817194310945725,0.11761625505912043,0.11761625505912043
757,151400,rayleigh,64,6.236947758278823,7.77240315497547,1.1902278805728959,6.585783860964762,,6.9959841670833285,200,6.681690620133923,6.681690620133923,6.9703378456018905,6.9703378456018905,0.28864722546796795,0.28864722546796795
758,151600,rayleigh,64,5.195834010414342,7.745683932833897,2.1993152601074675,5.577756748324383,,6.9959841670833285,200,6.648216312045475,6.648216312045475,6.947432975912324,6.947432975912324,0.299216663866849,0.299216663866849
759,151800,rayleigh,64,8.402295286357143,9.198123186214366,0.4660148348938076,8.732108351320553,,6.9959841670833285,200,6.777126254306206,6.777126254306206,6.959487058180182,6.959487058180182,0.18236080387397546,0.18236080387397546
760,152000,rayleigh,64,5.363721172162255,7.841613825746712,1.3110446907481172,6.534692225926872,,6.9959841670833285,200,6.7863803587305584,6.7863803587305584,6.956128657113738,6.956128657113738,0.16974829838317973,0.16974829838317973
761,152200,rayleigh,64,7.517574115985808,8.2637968196451,0.35007423879031496,7.913722580854785,,6.9959841670833285,200,6.876335606815529,6.876335606815529,6.965530419077288,6.965530419077288,0.08919481226175918,0.08919481226175918
762,152400,rayleigh,64,5.637074147218553,8.299506176592484,1.4612221675074335,6.858845571837591,,6.9959841670833285,200,6.804644673380892,6.804644673380892,6.953325608994455,6.953325608994455,0.14868093561356321,0.14868093561356321
763,152600,rayleigh,64,6.051952248585938,8.794007388364989,1.0990430487471718,7.694964339617811,,6.9959841670833285,200,6.939502846318435,6.939502846318435,6.988519991358796,6.988519991358796,0.04901714504036114,0.04901714504036114
764,152800,rayleigh,64,6.614694828433365,8.574308037244737,1.5299590146728073,7.051970731830939,,6.9959841670833285,200,6.973561747872042,6.973561747872042,7.005782991709752,7.005782991709752,0.032221243837709856,0.032221243837709856
765,153000,rayleigh,64,5.046545121999187,7.326701914817946,0.9993450148674549,6.354399629919957,,6.9959841670833285,200,6.995834496700442,6.995834496700442,7.006347088156827,7.006347088156827,0.010512591456384612,0.010512591456384612
766,153200,rayleigh,64,5.814149023762727,7.750721000663915,0.40341232650491426,7.347308674159004,,6.9959841670833285,200,7.018187606029312,7.018187606029312,7.007909165639254,7.007909165639254,0.010278440390058208,0.010278440390058208
767,153400,rayleigh,64,8.05156947302337,9.18588726125167,0.702353783616314,8.483533477635358,,6.9959841670833285,200,7.110130544038154,7.110130544038154,7.016906344947862,7.016906344947862,0.093224199090292,0.093224199090292
768,153600,rayleigh,64,6.6368518025330525,8.343121364058074,0.8974320257920304,7.445689338266046,,6.9959841670833285,200,7.096786638668495,7.096786638668495,7.027403947970583,7.027403947970583,0.06938269069791136,0.06938269069791136
769,153800,rayleigh,64,6.21705159808825,8.8258015886407,2.197032908316693,6.6404440039456825,,6.9959841670833285,200,7.044232583348813,7.044232583348813,7.025248416171901,7.025248416171901,0.01898416717691198,0.01898416717691198
770,154000,rayleigh,64,3.9416470098172414,7.678455757489605,3.006563398407672,4.722524856537243,,6.9959841670833285,200,6.915570943678928,6.915570943678928,7.013830893201847,7.013830893201847,0.0982599495229195,0.0982599495229195
771,154200,rayleigh,64,1.9902533698993579,7.62142506457173,5.754516541584809,2.3447740729545976,,6.9959841670833285,200,6.622445004602741,6.622445004602741,6.977022611236195,6.977022611236195,0.3545776066334536,0.3545776066334536
772,154400,rayleigh,64,4.758445783144168,7.54548116672151,1.531083926608832,6.0190481647825385,,6.9959841670833285,200,6.579759771316377,6.579759771316377,6.969176552693126,6.969176552693126,0.38941678137674884,0.38941678137674884
773,154600,rayleigh,64,6.311482814280415,8.327025147429762,1.6302700388900937,6.69675510853967,,6.9959841670833285,200,6.573670384737822,6.573670384737822,6.977898813729127,6.977898813729127,0.4042284289913054,0.4042284289913054
774,154800,rayleigh,64,7.437039403685918,8.397016890390718,0.555414533095442,7.841602357295275,,6.9959841670833285,200,6.799295531308481,6.799295531308481,6.986520479915201,6.986520479915201,0.1872249486067208,0.1872249486067208
775,155000,rayleigh,64,6.129751621518823,8.137270013550127,1.6520159930554998,6.499255498423009,,6.9959841670833285,200,6.753622807124448,6.753622807124448,6.965535129577062,6.965535129577062,0.21191232245261382,0.21191232245261382
776,155200,rayleigh,64,4.974732863611536,8.055170147203032,2.733088028057862,5.39137596550781,,6.9959841670833285,200,6.6368277779321945,6.6368277779321945,6.953570433804255,6.953570433804255,0.3167426558720603,0.3167426558720603
777,155400,rayleigh,64,4.008569868361995,7.308643308730359,2.1693244520887243,5.1643024685474925,,6.9959841670833285,200,6.565753708311331,6.565753708311331,6.9574502234532005,6.9574502234532005,0.3916965151418692,0.3916965151418692
778,155600,rayleigh,64,5.816356993717784,8.416801417404292,2.277642036243153,6.192079098470194,,6.9959841670833285,200,6.5964698258186205,6.5964698258186205,6.942242665082615,6.942242665082615,0.3457728392639945,0.3457728392639945
779,155800,rayleigh,64,6.646293265642556,8.12351070873556,1.1325503266448147,6.994257757406104,,6.9959841670833285,200,6.509577296122899,6.509577296122899,6.931071637433876,6.931071637433876,0.42149434131097685,0.42149434131097685
780,156000,rayleigh,64,6.0391543126247225,8.377596264458942,2.013591158781643,6.379871209849404,,6.9959841670833285,200,6.501836245319025,6.501836245319025,6.914630103112968,6.914630103112968,0.4127938577939432,0.4127938577939432
781,156200,rayleigh,64,6.966590937428501,8.721390547798073,0.9014926043694519,7.819897943428626,,6.9959841670833285,200,6.497145013447716,6.497145013447716,6.912593483253398,6.912593483253398,0.41544846980568195,0.41544846980568195
782,156400,rayleigh,64,4.750946629494698,7.768856868706385,2.091497640535813,5.698037877879753,,6.9959841670833285,200,6.439104628749826,6.439104628749826,6.9027069511588275,6.9027069511588275,0.46360232240900157,0.46360232240900157
783,156600,rayleigh,64,7.406307785183561,8.814277710125866,1.1117669001097714,7.7025108100161,,6.9959841670833285,200,6.43948195226974,6.43948195226974,6.901110512577468,6.901110512577468,0.4616285603077275,0.4616285603077275
784,156800,rayleigh,64,5.61127530570206,7.364070615044457,0.6895236575098436,6.6745469575346155,,6.9959841670833285,200,6.420610763554923,6.420610763554923,6.897393537648944,6.897393537648944,0.4767827740940209,0.4767827740940209
785,157000,rayleigh,64,5.265245608038957,7.586401940708799,1.947622174608624,5.671771602158937,,6.9959841670833285,200,6.386479362166873,6.386479362166873,6.880787581047379,6.880787581047379,0.4943082188805059,0.4943082188805059
786,157200,rayleigh,64,6.7624324210857125,8.366286184607004,1.2863824159483845,7.079903768658612,,6.9959841670833285,200,6.373109116891853,6.373109116891853,6.884944936939495,6.884944936939495,0.5118358200476418,0.5118358200476418
787,157400,rayleigh,64,5.999233451750262,8.304700332302463,2.0226441774957395,6.301262774970233,,6.9959841670833285,200,6.263995581758597,6.263995581758597,6.86591475159104,6.86591475159104,0.6019191698324429,0.6019191698324429
788,157600,rayleigh,64,6.959169718004583,7.893351456882201,0.6063215482152414,7.287029908666956,,6.9959841670833285,200,6.256062610278642,6.256062610278642,6.879460405319487,6.879460405319487,0.6233977950408454,0.6233977950408454
789,157800,rayleigh,64,6.765360711421054,7.9834062542598545,0.9385471959881926,7.060451752453718,,6.9959841670833285,200,6.277062997704045,6.277062997704045,6.885544396553161,6.885544396553161,0.6084813988491167,0.6084813988491167
790,158000,rayleigh,64,6.000967650731321,8.538732116245221,2.0986561005198863,6.4502589889539514,,6.9959841670833285,200,6.36344970432488,6.36344970432488,6.881316072668792,6.881316072668792,0.5178663683439115,0.5178663683439115
791,158200,rayleigh,64,6.528386381349532,8.132914173029546,1.2847417383776012,6.848172434651948,,6.9959841670833285,200,6.588619622409747,6.588619622409747,6.871748175053533,6.871748175053533,0.28312855264378545,0.28312855264378545
792,158400,rayleigh,64,7.4696727101288625,8.273866517929868,0.4941391786822887,7.779727339247576,,6.9959841670833285,200,6.676653581132999,6.676653581132999,6.858397364221924,6.858397364221924,0.18174378308892525,0.18174378308892525
793,158600,rayleigh,64,4.898896327370639,8.377144315059006,2.532768493482421,5.873128611700773,,6.9959841670833285,200,6.635472256291054,6.635472256291054,6.8532410381116025,6.8532410381116025,0.21776878182054826,0.21776878182054826
794,158800,rayleigh,64,5.83063531155924,7.917556090115818,1.6862986416268366,6.284543707837092,,6.9959841670833285,200,6.557619323818145,6.557619323818145,6.846457261018463,6.846457261018463,0.28883793720031825,0.28883793720031825
795,159000,rayleigh,64,4.44313207757362,7.4218194092742245,1.7032658077206706,5.721836416373271,,6.9959841670833285,200,6.518748369715658,6.518748369715658,6.8298141956677805,6.8298141956677805,0.31106582595212284,0.31106582595212284
796,159200,rayleigh,64,7.31672307684534,8.83492624304673,0.44167103787571826,8.39325520517101,,6.9959841670833285,200,6.6688423316988175,6.6688423316988175,6.835392598547826,6.835392598547826,0.16655026684900864,0.16655026684900864
797,159400,rayleigh,64,6.148211322868037,8.031925535684863,1.5557317733685014,6.480302160048124,,6.9959841670833285,200,6.734642316273849,6.734642316273849,6.834697528185858,6.834697528185858,0.10005521191200906,0.10005521191200906
798,159600,rayleigh,64,7.547555707575368,8.606393763287642,0.6538837883579932,7.9525099749296535,,6.9959841670833285,200,6.822663860096823,6.822663860096823,6.83576215726691,6.83576215726691,0.013098297170087037,0.013098297170087037
799,159800,rayleigh,64,3.549834083334245,8.152427075624043,4.351060026785926,3.8903446348069495,,6.9959841670833285,200,6.667468203966865,6.667468203966865,6.811308265553228,6.811308265553228,0.14384006158636264,0.14384006158636264
800,160000,rayleigh,64,7.272455612544207,8.14485301771656,0.5316609258798658,7.613192091836692,7.51632850038545,7.51632850038545,200,6.729134248066229,6.729134248066229,6.812162997422604,6.812162997422604,0.08302874935637483,0.08302874935637483
801,160200,rayleigh,64,6.964820504994599,7.906746958486606,0.6271391118621165,7.2796078466244865,,7.51632850038545,200,6.7021197432260236,6.7021197432260236,6.843698768154445,6.843698768154445,0.14157902492842123,0.14157902492842123
802,160400,rayleigh,64,7.220176419918609,9.092497835185268,1.5928584493778462,7.525176808312923,,7.51632850038545,200,6.793476689747682,6.793476689747682,6.853585619927738,6.853585619927738,0.06010893018005614,0.06010893018005614
803,160600,rayleigh,64,8.527522940158155,9.628947676468565,0.7937909957978799,8.835156680670686,,7.51632850038545,200,6.850108983280411,6.850108983280411,6.880635775998263,6.880635775998263,0.030526792717851414,0.030526792717851414
804,160800,rayleigh,64,5.701866926786023,8.51416488978609,2.3290460895000735,6.211389652870334,,7.51632850038545,200,6.826951118047196,6.826951118047196,6.871497918587974,6.871497918587974,0.044546800540778086,0.044546800540778086
805,161000,rayleigh,64,5.965175540101606,8.101446628497921,1.8535250819737774,6.2800140143747365,,7.51632850038545,200,6.857363238657986,6.857363238657986,6.8644930068252386,6.8644930068252386,0.007129768167252415,0.007129768167252415
806,161200,rayleigh,64,7.200795018544484,7.629755120446451,0.12086755418588381,7.508887566260568,,7.51632850038545,200,6.878812428538083,6.878812428538083,6.880483676289187,6.880483676289187,0.0016712477511040547,0.0016712477511040547
807,161400,rayleigh,64,4.636074786595513,8.42911623552895,3.4948107639482386,4.975189497579638,,7.51632850038545,200,6.8125087646685545,6.8125087646685545,6.864529233507003,6.864529233507003,0.052020468838448686,0.052020468838448686
808,161600,rayleigh,64,5.558235441349608,7.8903295574260355,1.9564613765613885,5.958471545283795,,7.51632850038545,200,6.746080846499398,6.746080846499398,6.843821171106108,6.843821171106108,0.09774032460671034,0.09774032460671034
809,161800,rayleigh,64,6.173076311575292,7.4693227564430735,0.9653665627871956,6.505373150899096,,7.51632850038545,200,6.718326916421665,6.718326916421665,6.824952083630503,6.824952083630503,0.10662516720883808,0.10662516720883808
810,162000,rayleigh,64,4.054566780151393,8.390284365191965,4.158434707340249,4.3554400038839844,,7.51632850038545,200,6.613585967168167,6.613585967168167,6.801359116115029,6.801359116115029,0.18777314894686192,0.18777314894686192
811,162200,rayleigh,64,5.999857993358496,7.929362734577553,1.6309733876404828,6.367920949363776,,7.51632850038545,200,6.589573392903757,6.589573392903757,6.790537813998227,6.790537813998227,0.20096442109446944,0.20096442109446944
812,162400,rayleigh,64,6.253391215396143,6.976325692511144,0.38119556953510675,6.595130122976027,,7.51632850038545,200,6.53034353209018,6.53034353209018,6.795413249985754,6.795413249985754,0.26506971789557365,0.26506971789557365
813,162600,rayleigh,64,6.104236331022549,8.400481159701112,1.5074752726643112,6.8930058870367965,,7.51632850038545,200,6.581337395856982,6.581337395856982,6.787700126287258,6.787700126287258,0.20636273043027575,0.20636273043027575
814,162800,rayleigh,64,6.843588803830929,8.635590032478044,1.5154802692258318,7.16540550293776,,7.51632850038545,200,6.625380485612015,6.625380485612015,6.781224755368079,6.781224755368079,0.1558442697560638,0.1558442697560638
815,163000,rayleigh,64,5.829540327282172,7.713555253874557,1.545400946306351,6.194109475249022,,7.51632850038545,200,6.6489941385558025,6.6489941385558025,6.768781398421644,6.768781398421644,0.11978725986584138,0.11978725986584138
816,163200,rayleigh,64,7.848128857111911,8.993353662152334,0.796608045846241,8.196745616306096,,7.51632850038545,200,6.639168659112556,6.639168659112556,6.770415332216208,6.770415332216208,0.1312466731036519,0.1312466731036519
817,163400,rayleigh,64,4.996492561451956,7.529328078359652,1.2812095620354702,6.284895291752753,,7.51632850038545,200,6.629398315697789,6.629398315697789,6.769435689516858,6.769435689516858,0.14003737381906944,0.14003737381906944
818,163600,rayleigh,64,5.317576216395094,7.981089563115928,1.6979555227483425,6.30803255495694,,7.51632850038545,200,6.547174444699154,6.547174444699154,6.757530218045243,6.757530218045243,0.21035577334608924,0.21035577334608924
819,163800,rayleigh,64,4.4305869982609885,9.319517765093964,4.6278774035443115,4.779398581647861,,7.51632850038545,200,6.591627142041199,6.591627142041199,6.7534929581516785,6.7534929581516785,0.16186581611047934,0.16186581611047934
820,164000,rayleigh,64,7.008017855998523,8.41099761491319,0.9943654678953102,7.425262650582736,,7.51632850038545,200,6.5822306699785,6.5822306699785,6.753035885386719,6.753035885386719,0.1708052154082189,0.1708052154082189
821,164200,rayleigh,64,6.481510044274135,8.426670193411516,1.6076173017206574,6.819052891690859,,7.51632850038545,200,6.559202922231821,6.559202922231821,6.744929699223187,6.744929699223187,0.1857267769913662,0.1857267769913662
822,164400,rayleigh,64,7.714304821527999,9.133304593679764,1.0088036289923132,8.124500964687458,,7.51632850038545,200,6.5891691300505455,6.5891691300505455,6.747209164921134,6.747209164921134,0.15804003487058882,0.15804003487058882
823,164600,rayleigh,64,5.504572372739617,8.891955092822768,3.0417394355806193,5.904046417029318,,7.51632850038545,200,6.442613616868478,6.442613616868478,6.726856906209303,6.726856906209303,0.2842432893408251,0.2842432893408251
824,164800,rayleigh,64,6.270507494702107,7.952259412334612,1.214963672572497,6.756971569992739,,7.51632850038545,200,6.469892712724598,6.469892712724598,6.722094006641876,6.722094006641876,0.2522012939172775,0.2522012939172775
825,165000,rayleigh,64,6.302876573625839,8.870398668297998,1.6762564819663763,7.206870831417049,,7.51632850038545,200,6.516235553576715,6.516235553576715,6.7228099759957205,6.7228099759957205,0.20657442241900537,0.20657442241900537
826,165200,rayleigh,64,4.796561009657188,7.3159698208509,1.4763085440091965,5.87287486300376,,7.51632850038545,200,6.434434918413873,6.434434918413873,6.708996776818278,6.708996776818278,0.2745618584044047,0.2745618584044047
827,165400,rayleigh,64,6.374892830844839,8.517688987221836,0.9658548457669199,7.556547070716155,,7.51632850038545,200,6.5635027970707,6.5635027970707,6.721666100942205,6.721666100942205,0.1581633038715049,0.1581633038715049
828,165600,rayleigh,64,6.321875496572508,8.092669688683404,1.1385323823582083,6.987995927046265,,7.51632850038545,200,6.614979016158823,6.614979016158823,6.726704861702371,6.726704861702371,0.11172584554354792,0.11172584554354792
829,165800,rayleigh,64,6.452364071050885,7.469477328032044,0.6692093668031327,6.815020018292395,,7.51632850038545,200,6.630461359528487,6.630461359528487,6.72593955917844,6.72593955917844,0.09547819964995252,0.09547819964995252
830,166000,rayleigh,64,7.946959173672401,9.03578912256493,0.6937507465306357,8.342038376034298,,7.51632850038545,200,6.829791278136004,6.829791278136004,6.732666751004574,6.732666751004574,0.09712452713143005,0.09712452713143005
831,166200,rayleigh,64,6.176978507890405,7.9798193442816,1.4282128807322034,6.575686178112656,,7.51632850038545,200,6.840179539573448,6.840179539573448,6.741802803851402,6.741802803851402,0.09837673572204597,0.09837673572204597
832,166400,rayleigh,64,4.131860787930209,8.005683919697702,1.9429789532227857,6.069623921882089,,7.51632850038545,200,6.81390422951875,6.81390422951875,6.734696657294617,6.734696657294617,0.07920757222413233,0.07920757222413233
833,166600,rayleigh,64,7.539799911019023,8.942406868610366,0.9435171868967062,8.00040636451055,,7.51632850038545,200,6.8692742533924385,6.8692742533924385,6.741801291227579,6.741801291227579,0.12747296216485982,0.12747296216485982
834,166800,rayleigh,64,7.034821632939051,8.713874917651635,0.45569436702761157,8.258180550624013,,7.51632850038545,200,6.923913005776751,6.923913005776751,6.754361948383271,6.754361948383271,0.16955105739348042,0.16955105739348042
835,167000,rayleigh,64,6.896190112114757,8.153191462160086,0.40949043894659587,7.7437010232134895,,7.51632850038545,200,7.001392583174973,7.001392583174973,6.752774156742768,6.752774156742768,0.24861842643220555,0.24861842643220555
836,167200,rayleigh,64,4.403203328181583,7.513645503281165,1.2984288868648233,6.215216616416339,,7.51632850038545,200,6.902316133180486,6.902316133180486,6.7422516155919014,6.7422516155919014,0.16006451758858464,0.16006451758858464
837,167400,rayleigh,64,6.183869633217444,9.070011819549789,2.3311060822389336,6.739554787683531,,7.51632850038545,200,6.925049107977026,6.925049107977026,6.707306813678785,6.707306813678785,0.2177422942982412,0.2177422942982412
838,167600,rayleigh,64,5.212720174378616,7.995367114795305,1.5420054985957985,6.45455579176772,,7.51632850038545,200,6.932375269817564,6.932375269817564,6.709379942495527,6.709379942495527,0.22299532732203708,0.22299532732203708
839,167800,rayleigh,64,5.822976330566264,8.015419032117244,1.655760288747849,6.402765148366005,,7.51632850038545,200,7.013543598153471,7.013543598153471,6.711868498918129,6.711868498918129,0.3016750992353421,0.3016750992353421
840,168000,rayleigh,64,-0.15312888384469672,7.63050811031164,7.341986173503091,1.3410432386395397,,7.51632850038545,200,6.709332627556312,6.709332627556312,6.661782829930124,6.661782829930124,0.047549797626187384,0.047549797626187384
841,168200,rayleigh,64,7.156886231110354,7.985824295099856,0.4212066964511199,7.572677996807061,,7.51632850038545,200,6.747013882812122,6.747013882812122,6.676363433706642,6.676363433706642,0.07065044910547957,0.07065044910547957
842,168400,rayleigh,64,7.037799955696691,7.893665609766886,0.4162428067980417,7.477422802968844,,7.51632850038545,200,6.714659974726191,6.714659974726191,6.668211019331027,6.668211019331027,0.046448955395163694,0.046448955395163694
843,168600,rayleigh,64,5.115570683982495,8.248025513657216,2.7867056832840635,5.49977090030353,,7.51632850038545,200,6.694446198889901,6.694446198889901,6.673230719525393,6.673230719525393,0.02121547936450785,0.02121547936450785
844,168800,rayleigh,64,6.050628478042062,8.00048191599126,0.5478423347469307,7.453102800033215,,7.51632850038545,200,6.729252760391925,6.729252760391925,6.6840538205181375,6.6840538205181375,0.04519893987378776,0.04519893987378776
845,169000,rayleigh,64,6.707211421433217,8.121858716308738,0.89735437464097,7.224504341667767,,7.51632850038545,200,6.730134435904461,6.730134435904461,6.697209417401294,6.697209417401294,0.03292501850316665,0.03292501850316665
846,169200,rayleigh,64,7.332696825641204,9.277918393595952,1.6065658732835697,7.671352520312387,,7.51632850038545,200,6.820058318769893,6.820058318769893,6.704920477728604,6.704920477728604,0.11513784104128888,0.11513784104128888
847,169400,rayleigh,64,8.957233638423778,9.393915421441179,0.1257404859218204,9.268174935519369,,7.51632850038545,200,6.905639712010054,6.905639712010054,6.73115547990921,6.73115547990921,0.17448423210084396,0.17448423210084396
848,169600,rayleigh,64,6.021192900307341,7.598434902190026,1.2258269601081089,6.372607942081919,,7.51632850038545,200,6.874870312761836,6.874870312761836,6.717755884873438,6.717755884873438,0.15711442788839758,0.15711442788839758
849,169800,rayleigh,64,6.044331500729844,8.305148503556866,1.9431493323627493,6.3768502461354934,,7.51632850038545,200,6.852961824153991,6.852961824153991,6.704609136231401,6.704609136231401,0.14835268792259004,0.14835268792259004
850,170000,rayleigh,64,7.454602709560909,8.530018031669579,0.7388804456174638,7.791137586052122,7.368675895702509,7.368675895702509,200,6.825416784654881,6.825416784654881,6.709562935592572,6.709562935592572,0.11585384906230889,0.11585384906230889
851,170200,rayleigh,64,5.278122502333562,7.558370663870259,1.9223105371453404,5.666315666760469,,7.368675895702509,200,6.779948259087273,6.779948259087273,6.6841531637153935,6.6841531637153935,0.09579509537187914,0.09579509537187914
852,170400,rayleigh,64,7.176128716436991,9.071124625114965,1.5338443345804258,7.537280290534545,,7.368675895702509,200,6.853331077519895,6.853331077519895,6.690798438315642,6.690798438315642,0.16253263920425365,0.16253263920425365
853,170600,rayleigh,64,4.401424899875624,8.177400593130765,2.5506966860109896,5.666140138684172,,7.368675895702509,200,6.736617766228576,6.736617766228576,6.679274411301377,6.679274411301377,0.05734335492719911,0.05734335492719911
854,170800,rayleigh,64,6.925352050327012,8.414269722284981,1.0344957474717682,7.379773974813206,,7.368675895702509,200,6.692697437438037,6.692697437438037,6.719781156790687,6.719781156790687,0.027083719352650526,0.027083719352650526
855,171000,rayleigh,64,5.7662969013965695,8.082625443014953,1.5129364291249805,6.599735661854101,,7.368675895702509,200,6.635499169370067,6.635499169370067,6.711651413588191,6.711651413588191,0.07615224421812439,0.07615224421812439
856,171200,rayleigh,64,4.9619445574839975,7.836818841273748,2.5913218857595424,5.282110619757187,,7.368675895702509,200,6.58884386953711,6.58884386953711,6.687199754292234,6.687199754292234,0.09835588475512402,0.09835588475512402
857,171400,rayleigh,64,8.548807192727693,9.579008164525407,0.7074112334988768,8.871596931026534,,7.368675895702509,200,6.695445976704259,6.695445976704259,6.7100578849928505,6.7100578849928505,0.01461190828859138,0.01461190828859138
858,171600,rayleigh,64,7.206685436071671,8.519518192305897,0.9667250037108958,7.566957525746434,,7.368675895702509,200,6.751066063403195,6.751066063403195,6.7299498927670705,6.7299498927670705,0.02111617063612492,0.02111617063612492
859,171800,rayleigh,64,6.669405597327785,8.527535358133411,1.4761565463381545,7.051378811795252,,7.368675895702509,200,6.783496746574658,6.783496746574658,6.713142597371818,6.713142597371818,0.07035414920283944,0.07035414920283944
860,172000,rayleigh,64,5.852456744820564,7.859748806403908,1.6133342549532002,6.268607198761742,,7.368675895702509,200,7.029874944580767,7.029874944580767,6.710481747100167,6.710481747100167,0.3193931974805997,0.3193931974805997
861,172200,rayleigh,64,2.5725445995700356,8.792788944092488,6.0670185394485365,3.057129275725465,,7.368675895702509,200,6.804097508526686,6.804097508526686,6.661915814048875,6.661915814048875,0.14218169447781115,0.14218169447781115
862,172400,rayleigh,64,7.282887163643969,7.896479923385859,0.21455335674692336,7.681926566638939,,7.368675895702509,200,6.814322696710192,6.814322696710192,6.670146623996889,6.670146623996889,0.14417607271330368,0.14417607271330368
863,172600,rayleigh,64,6.043098270940419,9.399438616154242,2.289059845511837,7.114301026250108,,7.368675895702509,200,6.895049203007521,6.895049203007521,6.66433999086321,6.66433999086321,0.23070921214431106,0.23070921214431106
864,172800,rayleigh,64,5.187663663042392,7.6255187016827355,1.6962563449084305,5.941413462296928,,7.368675895702509,200,6.8194647361207075,6.8194647361207075,6.65323441816787,6.65323441816787,0.16623031795283705,0.16623031795283705
865,173000,rayleigh,64,7.848474168094898,8.943629282813948,0.7702446088630802,8.173384673950864,,7.368675895702509,200,6.866908752734861,6.866908752734861,6.671424268608178,6.671424268608178,0.1954844841266823,0.1954844841266823
866,173200,rayleigh,64,7.808043474209582,8.637236101080525,0.48636280776607704,8.150873293314453,,7.368675895702509,200,6.8908847913849645,6.8908847913849645,6.679459914799735,6.679459914799735,0.21142487658522935,0.21142487658522935
867,173400,rayleigh,64,4.710130424366477,8.037785064198545,3.08985830730751,5.014052043787184,,7.368675895702509,200,6.678178646798356,6.678178646798356,6.644765100461251,6.644765100461251,0.033413546337104805,0.033413546337104805
868,173600,rayleigh,64,6.192265191763751,7.991047034344791,1.428451793361949,6.605286728075262,,7.368675895702509,200,6.689812586098023,6.689812586098023,6.6363610743593435,6.6363610743593435,0.05345151173867979,0.05345151173867979
869,173800,rayleigh,64,7.321887430738831,7.745026182737252,0.10878132669442221,7.636244856042832,,7.368675895702509,200,6.75278231659339,6.75278231659339,6.646319082880314,6.646319082880314,0.10646323371307531,0.10646323371307531
870,174000,rayleigh,64,6.9695106827718805,8.990902312133572,1.635021641518261,7.357017492117443,,7.368675895702509,200,6.731076311896656,6.731076311896656,6.672664009236116,6.672664009236116,0.05841230266053987,0.05841230266053987
871,174200,rayleigh,64,7.337783069936387,8.428139248900578,0.7545983987569734,7.673540850143602,,7.368675895702509,200,6.831437571065813,6.831437571065813,6.725951677008006,6.725951677008006,0.10548589405780628,0.10548589405780628
872,174400,rayleigh,64,6.161250376019167,7.553726169034997,0.9689520170451816,6.5934804238462075,,7.368675895702509,200,6.784247577731397,6.784247577731397,6.731695999598643,6.731695999598643,0.05255157813275346,0.05255157813275346
873,174600,rayleigh,64,8.104049969854765,9.187080146237381,0.7617550612787364,8.42532508495865,,7.368675895702509,200,6.9222068250451185,6.9222068250451185,6.748981699362833,6.748981699362833,0.17322512568228543,0.17322512568228543
874,174800,rayleigh,64,6.848844951110765,7.741880250976027,0.5848811969642729,7.156999054011749,,7.368675895702509,200,6.911068079005046,6.911068079005046,6.742135666329998,6.742135666329998,0.16893241267504866,0.16893241267504866
875,175000,rayleigh,64,5.6485883791261005,7.554255822171995,1.3029438850249409,6.255831454856256,,7.368675895702509,200,6.893872868655154,6.893872868655154,6.7397014258943315,6.7397014258943315,0.1541714427608225,0.1541714427608225
876,175200,rayleigh,64,6.955546920349289,7.692272046622672,0.4367360939572065,7.255535952665462,,7.368675895702509,200,6.9925441353005695,6.9925441353005695,6.758343025765907,6.758343025765907,0.23420110953466278,0.23420110953466278
877,175400,rayleigh,64,7.067746773395186,7.709526446383696,0.2620767768103619,7.447449669573332,,7.368675895702509,200,6.921336772227908,6.921336772227908,6.781174497776164,6.781174497776164,0.14016227445174412,0.14016227445174412
878,175600,rayleigh,64,5.054578491364721,7.242043579734892,1.2865881917494295,5.955455387985469,,7.368675895702509,200,6.84076166533986,6.84076166533986,6.778808260671318,6.778808260671318,0.061953404668542156,0.061953404668542156
879,175800,rayleigh,64,7.0118704776565615,7.6968571566453035,0.3458042847338907,7.351052871911411,,7.368675895702509,200,6.855745368345668,6.855745368345668,6.782376211816371,6.782376211816371,0.07336915652929754,0.07336915652929754
880,176000,rayleigh,64,5.975506931999821,8.158975731504041,1.8190155771576015,6.358192366549534,,7.368675895702509,200,6.860224626735056,6.860224626735056,6.782159423383373,6.782159423383373,0.07806520335168354,0.07806520335168354
881,176200,rayleigh,64,6.041171818451323,9.404118509819838,2.9119569827476735,6.500981959552321,,7.368675895702509,200,7.032417260926399,7.032417260926399,6.76897026354461,6.76897026354461,0.26344699738178967,0.26344699738178967
882,176400,rayleigh,64,3.6412336507743857,9.086863312099961,5.280584529689673,4.003610686077299,,7.368675895702509,200,6.848501466898318,6.848501466898318,6.752025991626585,6.752025991626585,0.09647547527173295,0.09647547527173295
883,176600,rayleigh,64,6.2069154957348145,8.678852009164165,1.1772876142056783,7.531622727215758,,7.368675895702509,200,6.869367551946601,6.869367551946601,6.7503171107985835,6.7503171107985835,0.11905044114801733,0.11905044114801733
884,176800,rayleigh,64,4.920102004929344,8.395394087345544,3.2371387616609906,5.234956870905414,,7.368675895702509,200,6.834044722377025,6.834044722377025,6.7359212099322905,6.7359212099322905,0.09812351244473483,0.09812351244473483
885,177000,rayleigh,64,6.848985260493067,8.992581405856859,1.5827369733558725,7.419409707592161,,7.368675895702509,200,6.796345974059089,6.796345974059089,6.753397590986624,6.753397590986624,0.04294838307246529,0.04294838307246529
886,177200,rayleigh,64,1.6112906398789328,8.631016322002761,7.379461234738789,1.9322153364635994,,7.368675895702509,200,6.485413076216548,6.485413076216548,6.701920706664673,6.701920706664673,0.21650763044812482,0.21650763044812482
887,177400,rayleigh,64,7.554091931613691,8.626953818703539,0.6617492647060146,7.965213472670048,,7.368675895702509,200,6.632971147660692,6.632971147660692,6.7185602136416716,6.7185602136416716,0.08558906598097948,0.08558906598097948
888,177600,rayleigh,64,6.410504376715373,7.848558978723875,0.21744170499832147,7.6311172737255575,,7.368675895702509,200,6.684262674943206,6.684262674943206,6.722001087292257,6.722001087292257,0.037738412349050954,0.037738412349050954
889,177800,rayleigh,64,7.783504614103849,9.042473680302324,0.3895441232869083,8.652929557015417,,7.368675895702509,200,6.735096909991834,6.735096909991834,6.737925865337875,6.737925865337875,0.0028289553460405514,0.0028289553460405514
890,178000,rayleigh,64,6.62799689511382,8.237732639147833,1.076256200525498,7.161476438622331,,7.368675895702509,200,6.725319857317078,6.725319857317078,6.745038039834558,6.745038039834558,0.019718182517480365,0.019718182517480365
891,178200,rayleigh,64,3.454172092210413,8.10254248516632,4.469592540902976,3.7758757626823183,,7.368675895702509,200,6.530436602944015,6.530436602944015,6.714315073114862,6.714315073114862,0.18387847017084713,0.18387847017084713
892,178400,rayleigh,64,7.840630768946175,8.870844381215937,0.6599218511082656,8.213316982992387,,7.368675895702509,200,6.611428430901323,6.611428430901323,6.718650969552309,6.718650969552309,0.10722253865098619,0.10722253865098619
893,178600,rayleigh,64,6.367151505300227,7.5496047330687235,0.8915457393994862,6.667604886860371,,7.368675895702509,200,6.523542420996409,6.523542420996409,6.726595732303905,6.726595732303905,0.20305331130749593,0.20305331130749593
894,178800,rayleigh,64,5.788190126245647,8.094192986895514,1.9403296129706695,6.158145871663749,,7.368675895702509,200,6.47359976187901,6.47359976187901,6.725331753942172,6.725331753942172,0.25173199206316266,0.25173199206316266
895,179000,rayleigh,64,5.852381982116517,8.140081903788984,1.94719390478387,6.21354297244232,,7.368675895702509,200,6.471485337758312,6.471485337758312,6.7302488195028625,6.7302488195028625,0.2587634817445501,0.2587634817445501
896,179200,rayleigh,64,5.362900071866505,8.159623681426874,1.6393942458823503,6.520229435544516,,7.368675895702509,200,6.434720011902266,6.434720011902266,6.711518561806597,6.711518561806597,0.2767985499043304,0.2767985499043304
897,179400,rayleigh,64,8.362001810010385,8.966454162674596,0.22458040202518992,8.741873760649401,,7.368675895702509,200,6.49944121645607,6.49944121645607,6.734134277812609,6.734134277812609,0.23469306135653945,0.23469306135653945
898,179600,rayleigh,64,5.805498267102099,8.700850254759919,1.7510384375968704,6.955929369931323,,7.368675895702509,200,6.549464915553362,6.549464915553362,6.724168471762625,6.724168471762625,0.1747035562092627,0.1747035562092627
899,179800,rayleigh,64,5.415612776716873,7.586330443127329,1.5966377035142034,6.017792608672364,,7.368675895702509,200,6.48280190239141,6.48280190239141,6.745442951501282,6.745442951501282,0.26264104910987207,0.26264104910987207
900,180000,rayleigh,64,6.234929524198824,7.473980188033112,0.7369253923540963,6.737054795679021,7.10659882740668,7.10659882740668,200,6.501745023847884,6.501745023847884,6.736681578539705,6.736681578539705,0.23493655469182073,0.23493655469182073
901,180200,rayleigh,64,1.9594560654538649,7.537631524181422,3.9402112059379237,3.733283304235448,,7.10659882740668,200,6.36336009108204,6.36336009108204,6.701218333115815,6.701218333115815,0.337858242033775,0.337858242033775
902,180400,rayleigh,64,2.0792336370747053,8.417084773884616,5.1700224904329986,3.3907511415506386,,7.10659882740668,200,6.332717113855707,6.332717113855707,6.659874076448189,6.659874076448189,0.3271569625924826,0.3271569625924826
903,180600,rayleigh,64,2.627833819733723,7.468301012833409,3.904325958925267,3.7376445824408844,,7.10659882740668,200,6.143018206616962,6.143018206616962,6.608898955465893,6.608898955465893,0.4658807488489307,0.4658807488489307
904,180800,rayleigh,64,2.1018215902751276,7.290674545990728,4.764672733562962,2.787567055042546,,7.10659882740668,200,6.020648715823819,6.020648715823819,6.574660729487615,6.574660729487615,0.5540120136637956,0.5540120136637956
905,181000,rayleigh,64,7.178791120334065,8.32723673302898,0.8186169243274742,7.519456883779943,,7.10659882740668,200,6.025651074633209,6.025651074633209,6.587055158181667,6.587055158181667,0.5614040835484584,0.5614040835484584
906,181200,rayleigh,64,8.252073138560561,9.143317981633215,0.462160039681369,8.681157941951845,,7.10659882740668,200,6.363098204907621,6.363098204907621,6.598777861938581,6.598777861938581,0.2356796570309605,0.2356796570309605
907,181400,rayleigh,64,6.739784342500285,8.49983158417744,0.7256205870837741,7.774210997093664,,7.10659882740668,200,6.353548081128801,6.353548081128801,6.62676807693372,6.62676807693372,0.2732199958049186,0.2732199958049186
908,181600,rayleigh,64,5.1333764104443595,7.740250069164399,1.5885104972158375,6.153087648960671,,7.10659882740668,200,6.279646599890557,6.279646599890557,6.628714237970488,6.628714237970488,0.3490676380799309,0.3490676380799309
909,181800,rayleigh,64,7.209086972458075,8.976348577092892,0.9443505175294077,8.031998059563483,,7.10659882740668,200,6.248600025017962,6.248600025017962,6.643980487057132,6.643980487057132,0.39538046203917077,0.39538046203917077
910,182000,rayleigh,64,7.715433946444221,8.573452742184783,0.3396134325209263,8.233839309663853,,7.10659882740668,200,6.302218168570037,6.302218168570037,6.6827644801149315,6.6827644801149315,0.3805463115448946,0.3805463115448946
911,182200,rayleigh,64,7.343707826981602,8.506993121615961,0.7975399029626905,7.721444974155426,,7.10659882740668,200,6.499496629143692,6.499496629143692,6.696299720362848,6.696299720362848,0.19680309121915585,0.19680309121915585
912,182400,rayleigh,64,5.76095274654451,7.463555231653457,0.730918410592756,6.732636821060701,,7.10659882740668,200,6.425462621047108,6.425462621047108,6.697674787343695,6.697674787343695,0.27221216629658684,0.27221216629658684
913,182600,rayleigh,64,8.180892158819836,8.733403967998116,0.18163314982283504,8.55177081817528,,7.10659882740668,200,6.519670917612854,6.519670917612854,6.71426243665508,6.71426243665508,0.19459151904222605,0.19459151904222605
914,182800,rayleigh,64,6.875816588557061,8.534639625561711,1.2175935807235898,7.317046044838126,,7.10659882740668,200,6.577615926271574,6.577615926271574,6.715778842074084,6.715778842074084,0.13816291580250972,0.13816291580250972
915,183000,rayleigh,64,7.365408622508958,8.486729257580702,0.7914067753567198,7.695322482223984,,7.10659882740668,200,6.651704901760655,6.651704901760655,6.730790972143833,6.730790972143833,0.07908607038317772,0.07908607038317772
916,183200,rayleigh,64,7.411156149933486,8.303997486847473,0.41280140671803295,7.891196080129436,,7.10659882740668,200,6.720253233989903,6.720253233989903,6.727735476782065,6.727735476782065,0.007482242792162808,0.007482242792162808
917,183400,rayleigh,64,6.212733734160793,7.446167354083003,0.640170315181416,6.806894866170111,,7.10659882740668,200,6.623504289265938,6.623504289265938,6.732955472526239,6.732955472526239,0.10945118326030112,0.10945118326030112
918,183600,rayleigh,64,7.1754669319635545,8.524905722764824,0.9603996604045094,7.564506062360316,,7.10659882740668,200,6.653933123887387,6.653933123887387,6.745520207600274,6.745520207600274,0.09158708371288693,0.09158708371288693
919,183800,rayleigh,64,2.934638255206282,7.982417206234828,3.597763698124413,4.497250337093406,,7.10659882740668,200,6.577906010308439,6.577906010308439,6.742698725154728,6.742698725154728,0.1647927148462891,0.1647927148462891
920,184000,rayleigh,64,5.0660836750467695,7.5457032756704105,2.1002009274395808,5.4634830279868805,,7.10659882740668,200,6.514227421923832,6.514227421923832,6.72308092892877,6.72308092892877,0.208853507004938,0.208853507004938
921,184200,rayleigh,64,5.4377444419971575,8.148773948822605,1.1605561122137593,6.988217836608843,,7.10659882740668,200,6.676974148542503,6.676974148542503,6.7247725783779515,6.7247725783779515,0.04779842983544835,0.04779842983544835
922,184400,rayleigh,64,6.361616239750638,7.760878688602919,0.7961550723726504,6.964723616230266,,7.10659882740668,200,6.855672772276483,6.855672772276483,6.713174804893379,6.713174804893379,0.14249796738310394,0.14249796738310394
923,184600,rayleigh,64,4.8005170424930945,7.2376223922943135,1.481492694096525,5.773919398675527,,7.10659882740668,200,6.957486513088215,6.957486513088215,6.711873534709839,6.711873534709839,0.24561297837837603,0.24561297837837603
924,184800,rayleigh,64,7.576399533909516,9.304218730739311,1.394634314633025,7.917892842471524,,7.10659882740668,200,7.214002802459665,7.214002802459665,6.723482747434628,6.723482747434628,0.49052005502503704,0.49052005502503704
925,185000,rayleigh,64,7.40880237308794,8.965777787223844,1.1341708641084969,7.8316069231153485,,7.10659882740668,200,7.229610304426434,7.229610304426434,6.7297301083516095,6.7297301083516095,0.4998801960748249,0.4998801960748249
926,185200,rayleigh,64,6.626028995998623,7.17649849022171,0.15087552379870278,7.02562296642301,,7.10659882740668,200,7.146833555649994,7.146833555649994,6.741257589385803,6.741257589385803,0.40557596626419024,0.40557596626419024
927,185400,rayleigh,64,6.570027032212106,7.854160250999467,0.9622379499887552,6.900295671001813,,7.10659882740668,200,7.103137789345399,7.103137789345399,6.73469507538866,6.73469507538866,0.368442713956739,0.368442713956739
928,185600,rayleigh,64,4.722541095514931,7.694052756286603,2.673455938806696,5.085728270113984,,7.10659882740668,200,7.049769820403064,7.049769820403064,6.715672398819338,6.715672398819338,0.334097421583726,0.334097421583726
929,185800,rayleigh,64,3.9051929700930232,7.747110790514618,2.326891098781812,5.449336825067988,,7.10659882740668,200,6.92063675867829,6.92063675867829,6.702015566887095,6.702015566887095,0.2186211917911951,0.2186211917911951
930,186000,rayleigh,64,1.1838904365691396,7.761555738617984,6.819468390311509,1.746372058076386,,7.10659882740668,200,6.596263396098918,6.596263396098918,6.636058903707516,6.636058903707516,0.03979550760859851,0.03979550760859851
931,186200,rayleigh,64,5.014136460275097,7.968316565370194,2.318679756093835,5.67175669807194,,7.10659882740668,200,6.493778982294744,6.493778982294744,6.627019608907108,6.627019608907108,0.13324062661236358,0.13324062661236358
932,186400,rayleigh,64,6.329118343366093,9.087307218833994,2.457161334757176,6.677382350227373,,7.10659882740668,200,6.491016258753078,6.491016258753078,6.633097193190561,6.633097193190561,0.14208093443748293,0.14208093443748293
933,186600,rayleigh,64,2.0724249078576027,9.227237158783886,7.259841505754441,2.468489025725372,,7.10659882740668,200,6.1868521691305824,6.1868521691305824,6.577778019802708,6.577778019802708,0.3909258506721258,0.3909258506721258
934,186800,rayleigh,64,8.2115888588764,9.28147670929918,0.7301129463782439,8.551363762920927,,7.10659882740668,200,6.248568055034722,6.248568055034722,6.580709851925677,6.580709851925677,0.332141796890955,0.332141796890955
935,187000,rayleigh,64,7.641205556761121,8.598494372829398,0.6368438620391574,7.961650510790238,,7.10659882740668,200,6.261884456463035,6.261884456463035,6.582889346801445,6.582889346801445,0.3210048903384104,0.3210048903384104
936,187200,rayleigh,64,6.993530233597942,7.6214769691418125,0.15031703040892874,7.4711599387328915,,7.10659882740668,200,6.240882649393208,6.240882649393208,6.59544878002461,6.59544878002461,0.35456613063140274,0.35456613063140274
937,187400,rayleigh,64,6.8832317825085365,8.419477064432487,1.1549535356376806,7.264523528794799,,7.10659882740668,200,6.263764082524442,6.263764082524442,6.6006984674357225,6.6006984674357225,0.3369343849112809,0.3369343849112809
938,187600,rayleigh,64,5.259123476709952,8.047424557771384,1.5984377762895332,6.47968881265511,,7.10659882740668,200,6.2095232200391814,6.2095232200391814,6.600949797644598,6.600949797644598,0.3914265776054169,0.3914265776054169
939,187800,rayleigh,64,5.969458300484913,8.013681415054723,0.8010642830708299,7.213626366976328,,7.10659882740668,200,6.345342021533328,6.345342021533328,6.609058409830701,6.609058409830701,0.2637163882973734,0.2637163882973734
940,188000,rayleigh,64,7.202084940616044,7.8991139939084976,0.3274968442547505,7.571617149653749,,7.10659882740668,200,6.450748727616672,6.450748727616672,6.671364148940844,6.671364148940844,0.22061542132417244,0.22061542132417244
941,188200,rayleigh,64,5.711605037192114,7.344751244577367,1.2284888441340471,6.138193038259288,,7.10659882740668,200,6.408247487699194,6.408247487699194,6.6570192993553645,6.6570192993553645,0.24877181165617035,0.24877181165617035
942,188400,rayleigh,64,5.68812143806735,7.798324981996668,1.767934082885245,6.035296959216577,,7.10659882740668,200,6.361776154848508,6.361776154848508,6.642598040917842,6.642598040917842,0.2808218860693339,0.2808218860693339
943,188600,rayleigh,64,6.814595480416301,7.837391093127269,0.735578900278426,7.12604461001074,,7.10659882740668,200,6.429382415415271,6.429382415415271,6.6588607780149145,6.6588607780149145,0.22947836259964394,0.22947836259964394
944,188800,rayleigh,64,7.9491227470185075,9.242214969025646,0.9915239140859726,8.250691054939669,,7.10659882740668,200,6.446022326038677,6.446022326038677,6.666836660563978,6.666836660563978,0.22081433452530064,0.22081433452530064
945,189000,rayleigh,64,7.488834932774652,8.570773906566355,0.77373626114761,7.797037645418747,,7.10659882740668,200,6.444293862153846,6.444293862153846,6.672561993601489,6.672561993601489,0.2282681314476429,0.2282681314476429
946,189200,rayleigh,64,7.52098871797213,9.667981422963798,0.8627306439181363,8.805250779045657,,7.10659882740668,200,6.533275252784978,6.533275252784978,6.683900976188821,6.683900976188821,0.15062572340384328,0.15062572340384328
947,189400,rayleigh,64,4.565049766556819,7.826405150914061,2.9500898394527013,4.905464598471902,,7.10659882740668,200,6.433533699158483,6.433533699158483,6.640273872818346,6.640273872818346,0.2067401736598633,0.2067401736598633
948,189600,rayleigh,64,6.25657265442641,7.506231833503042,0.7556921142245023,6.7615361834596746,,7.10659882740668,200,6.517324094825767,6.517324094825767,6.644163155232125,6.644163155232125,0.12683906040635762,0.12683906040635762
949,189800,rayleigh,64,6.376294348736306,8.1018592152145,0.9540175985601091,7.1478416166543886,,7.10659882740668,200,6.602249334405085,6.602249334405085,6.651873068937314,6.651873068937314,0.04962373453222835,0.04962373453222835
950,190000,rayleigh,64,4.622596361492353,7.900807996950613,1.7968094800306291,6.129571962184143,6.690359622616573,6.690359622616573,200,6.821409329610475,6.821409329610475,6.635257412698635,6.635257412698635,0.1861519169118404,0.1861519169118404
951,190200,rayleigh,64,5.812233149578933,8.153819667003376,1.2011149070634455,6.961263395271239,,6.690359622616573,200,6.88588466447044,6.88588466447044,6.648206889983742,6.648206889983742,0.23767777448669847,0.23767777448669847
952,190400,rayleigh,64,6.526583411913794,8.348628723374068,1.41117520498187,6.937453518392197,,6.690359622616573,200,6.898888222878682,6.898888222878682,6.642208622262317,6.642208622262317,0.25667960061636474,0.25667960061636474
953,190600,rayleigh,64,4.79041326744476,7.859629802383972,1.7766463303405242,6.092830079513445,,6.690359622616573,200,7.080105275568085,7.080105275568085,6.64647552167061,6.64647552167061,0.43362975389747493,0.43362975389747493
954,190800,rayleigh,64,8.383277780804587,9.017777681718696,0.19057547494771893,8.827202206770982,,6.690359622616573,200,7.0938971977605885,7.0938971977605885,6.660949803990187,6.660949803990187,0.4329473937704016,0.4329473937704016
955,191000,rayleigh,64,6.176195420871519,7.778973869084932,0.9379733351360948,6.847966561434325,,6.690359622616573,200,7.038213000292794,7.038213000292794,6.66343211298599,6.66343211298599,0.37478088730680437,0.37478088730680437
956,191200,rayleigh,64,6.975459907596631,7.957347580213133,0.6771469620442871,7.291221602000721,,6.690359622616573,200,7.029216083456184,7.029216083456184,6.683523222808425,6.683523222808425,0.34569286064775895,0.34569286064775895
957,191400,rayleigh,64,4.124422063535452,9.057939862108691,4.637729346578131,4.592782936137829,,6.690359622616573,200,6.8956290538233365,6.8956290538233365,6.640735082859538,6.640735082859538,0.2548939709637983,0.2548939709637983
958,191600,rayleigh,64,5.821236324867372,9.72926558129675,3.490578537714458,6.262025005444381,,6.690359622616573,200,6.884745863462799,6.884745863462799,6.6276857576565185,6.6276857576565185,0.25706010580628025,0.25706010580628025
959,191800,rayleigh,64,5.789315111963592,7.879992954048309,1.0299697934072891,6.850023160641018,,6.690359622616573,200,6.866565703146034,6.866565703146034,6.625672201144976,6.625672201144976,0.2408935020010583,0.2408935020010583
960,192000,rayleigh,64,5.509676207057066,8.058835548216114,2.187774361125471,5.895403009851038,,6.690359622616573,200,6.782754996155899,6.782754996155899,6.621940159255868,6.621940159255868,0.1608148369000304,0.1608148369000304
961,192200,rayleigh,64,5.860726352152778,8.891427551000186,1.6690750546353705,7.230981918144508,,6.690359622616573,200,6.8373944401501605,6.8373944401501605,6.6636786856800585,6.6636786856800585,0.173715754470102,0.173715754470102
962,192400,rayleigh,64,6.949548864132815,8.66769442646471,1.3744896898354526,7.294089075839073,,6.690359622616573,200,6.9003340459812845,6.9003340459812845,6.659800310772061,6.659800310772061,0.2405337352092234,0.2405337352092234
963,192600,rayleigh,64,8.74301489124525,9.310638571240233,0.2253762334932479,9.085262337746986,,6.690359622616573,200,6.998294932368097,6.998294932368097,6.6795099238870295,6.6795099238870295,0.3187850084810675,0.3187850084810675
964,192800,rayleigh,64,7.899792708502144,8.778368812600315,0.48419667031635977,8.29417214228396,,6.690359622616573,200,7.000468986735312,7.000468986735312,6.703037510686898,6.703037510686898,0.2974314760484136,0.2974314760484136
965,193000,rayleigh,64,7.0087123402081355,8.634043203086303,1.20647228464647,7.4275709184398355,,6.690359622616573,200,6.981995650386365,6.981995650386365,6.69557937313179,6.69557937313179,0.28641627725457486,0.28641627725457486
966,193200,rayleigh,64,7.7770764099504435,8.25517119686516,0.13021091847765834,8.124960278387501,,6.690359622616573,200,6.947981125353458,6.947981125353458,6.695320242982518,6.695320242982518,0.25266088237093953,0.25266088237093953
967,193400,rayleigh,64,5.586844811594123,7.982440154611243,2.0082325625064588,6.004803120203388,,6.690359622616573,200,7.002948051440031,7.002948051440031,6.705227753746682,6.705227753746682,0.29772029769334907,0.29772029769334907
968,193600,rayleigh,64,6.875700330368008,8.936657899054943,1.7084676766272309,7.230588925108325,,6.690359622616573,200,7.026400688522465,7.026400688522465,6.711480775717012,6.711480775717012,0.3149199128054523,0.3149199128054523
969,193800,rayleigh,64,5.217402966522261,7.748951835270894,0.7823562890517928,6.966595546219094,,6.690359622616573,200,7.0173383850007,7.0173383850007,6.704784282618776,6.704784282618776,0.3125541023819247,0.3125541023819247
970,194000,rayleigh,64,5.2469925569125,8.417199250104042,2.2248477620043903,6.205464478974622,,6.690359622616573,200,7.021133010840224,7.021133010840224,6.693268752487346,6.693268752487346,0.3278642583528777,0.3278642583528777
971,194200,rayleigh,64,3.2523901079469537,8.690386296429947,5.246425248879386,3.613588659520365,,6.690359622616573,200,6.85374927405268,6.85374927405268,6.652669230581114,6.652669230581114,0.20108004347156605,0.20108004347156605
972,194400,rayleigh,64,6.0216789429316,8.446632871560855,0.9717339414588981,7.492879417017608,,6.690359622616573,200,6.88152056898395,6.88152056898395,6.661663220512829,6.661663220512829,0.2198573484711206,0.2198573484711206
973,194600,rayleigh,64,5.656941703497211,7.932802174198656,1.9302268650481287,6.002575309150525,,6.690359622616573,200,6.877007830465804,6.877007830465804,6.637435722754748,6.637435722754748,0.23957210771105686,0.23957210771105686
974,194800,rayleigh,64,4.308002470803194,8.729342637677624,3.4590705192305857,5.313281091605049,,6.690359622616573,200,6.701311774707508,6.701311774707508,6.618998543130681,6.618998543130681,0.08231323157682713,0.08231323157682713
975,195000,rayleigh,64,6.009713634272391,7.282524893221134,0.2840866676731726,6.998438225547971,,6.690359622616573,200,6.708835357913189,6.708835357913189,6.626424610837598,6.626424610837598,0.08241074707559104,0.08241074707559104
976,195200,rayleigh,64,6.691650237128085,7.684928278542586,0.6553748404324189,7.035097308346155,,6.690359622616573,200,6.6960291432304615,6.6960291432304615,6.6242202243944055,6.6242202243944055,0.071808918836056,0.071808918836056
977,195400,rayleigh,64,5.879100897406832,8.240524639170843,2.0374916718254004,6.254857525983696,,6.690359622616573,200,6.779132872722755,6.779132872722755,6.6122943029585075,6.6122943029585075,0.1668385697642476,0.1668385697642476
978,195600,rayleigh,64,5.831445075389699,8.71740963509578,2.512870727498813,6.233020558746069,,6.690359622616573,200,6.777682650387838,6.777682650387838,6.615069954666113,6.615069954666113,0.16261269572172488,0.16261269572172488
979,195800,rayleigh,64,6.5411848517671505,8.260098608237987,1.3245756053358395,6.95885274021751,,6.690359622616573,200,6.783124129366664,6.783124129366664,6.611147953349174,6.611147953349174,0.17197617601749027,0.17197617601749027
980,196000,rayleigh,64,5.873894928464425,8.160032523007729,1.9914318411622907,6.200077207531145,,6.690359622616573,200,6.798357839250668,6.798357839250668,6.60956680175899,6.60956680175899,0.18879103749167836,0.18879103749167836
981,196200,rayleigh,64,6.8664731117706195,10.278139692925732,3.031871441318118,7.255140058161484,,6.690359622616573,200,6.799565746251519,6.799565746251519,6.617108382745082,6.617108382745082,0.18245736350643682,0.18245736350643682
982,196400,rayleigh,64,5.740859014543776,7.78630627556438,1.6411655488111005,6.1460151618927705,,6.690359622616573,200,6.742162050554202,6.742162050554202,6.638532427503237,6.638532427503237,0.10362962305096524,0.10362962305096524
983,196600,rayleigh,64,5.244885275325033,7.8759114148764064,2.3314720679529395,5.59779136748949,,6.690359622616573,200,6.567788502041329,6.567788502041329,6.619194113905975,6.619194113905975,0.051405611864645984,0.051405611864645984
984,196800,rayleigh,64,7.377173425110973,7.923611987383121,0.1920286526710837,7.731583334712043,,6.690359622616573,200,6.539659061662734,6.539659061662734,6.644160378544041,6.644160378544041,0.10450131688130693,0.10450131688130693
985,197000,rayleigh,64,6.620540140979853,8.863309131768778,1.9080521898908158,6.966341760716763,,6.690359622616573,200,6.516597603776579,6.516597603776579,6.639629699075287,6.639629699075287,0.12303209529870784,0.12303209529870784
986,197200,rayleigh,64,5.9967988449957135,7.219786965364053,0.896379665053231,6.323407300310828,,6.690359622616573,200,6.426519954872745,6.426519954872745,6.683541618713758,6.683541618713758,0.2570216638410132,0.2570216638410132
987,197400,rayleigh,64,7.614940012421127,9.757034166523557,1.8107707201386054,7.946263446384948,,6.690359622616573,200,6.523592971181823,6.523592971181823,6.683352118450907,6.683352118450907,0.15975914726908425,0.15975914726908425
988,197600,rayleigh,64,6.295458608800433,7.872986616921175,1.2814456598608177,6.611385436830925,,6.690359622616573,200,6.4926327967679525,6.4926327967679525,6.673154800081961,6.673154800081961,0.18052200331400847,0.18052200331400847
989,197800,rayleigh,64,7.523022855353531,8.755190273746416,0.9384276912590734,7.816762582487339,,6.690359622616573,200,6.535141148581365,6.535141148581365,6.66479313033668,6.66479313033668,0.12965198175531434,0.12965198175531434
990,198000,rayleigh,64,4.614609412075869,7.6606540719710505,1.8942841085507212,5.791763002330924,,6.690359622616573,200,6.514456074749181,6.514456074749181,6.651095995973767,6.651095995973767,0.13663992122458612,0.13663992122458612
991,198200,rayleigh,64,2.719449211130499,7.7003151335081945,4.829069892422839,3.070969916573507,,6.690359622616573,200,6.487325137601838,6.487325137601838,6.644046937512677,6.644046937512677,0.156721799910839,0.156721799910839
992,198400,rayleigh,64,6.815506135800404,9.274154164973943,2.127251179490236,7.146902985483703,,6.690359622616573,200,6.470026316025143,6.470026316025143,6.6333827975375925,6.6333827975375925,0.16335648151244975,0.16335648151244975
993,198600,rayleigh,64,6.526996279791167,7.505365753292425,0.6910617938420465,6.823814356374897,,6.690359622616573,200,6.511088268386361,6.511088268386361,6.634944892232736,6.634944892232736,0.12385662384637453,0.12385662384637453
994,198800,rayleigh,64,5.748359433253893,8.222674494655525,2.1547034258153794,6.085898560617908,,6.690359622616573,200,6.549719141837004,6.549719141837004,6.6342224191222785,6.6342224191222785,0.08450327728527451,0.08450327728527451
995,199000,rayleigh,64,3.017240532114465,7.465100566257758,3.195915064104397,4.329082313232504,,6.690359622616573,200,6.4162513462212285,6.4162513462212285,6.6153778125301805,6.6153778125301805,0.19912646630895203,0.19912646630895203
996,199200,rayleigh,64,6.401578097272018,7.45821090547026,0.7532543426479992,6.7049565628222565,,6.690359622616573,200,6.399744308945036,6.399744308945036,6.617225083802959,6.617225083802959,0.21748077485792283,0.21748077485792283
997,199400,rayleigh,64,5.778393604251329,8.212187370488378,1.3460738656694207,6.867583806079448,,6.690359622616573,200,6.430380622949824,6.430380622949824,6.598482184257258,6.598482184257258,0.16810156130743437,0.16810156130743437
998,199600,rayleigh,64,7.427868780204664,8.638685119693584,0.8714927695254844,7.7671923501680995,,6.690359622616573,200,6.507089212520926,6.507089212520926,6.606594814059626,6.606594814059626,0.09950560153870036,0.09950560153870036
999,199800,rayleigh,64,5.3549922491669975,7.72882721942916,2.0669616274588227,5.696506864792495,,6.690359622616573,200,6.443971918749673,6.443971918749673,6.603381956620828,6.603381956620828,0.1594100378711545,0.1594100378711545
1000,200000,rayleigh,64,4.759988736940604,8.478941015863478,3.003666421065784,5.500990296378506,7.445830955815104,7.445830955815104,200,6.409017573192043,6.409017573192043,6.591021311627823,6.591021311627823,0.18200373843578,0.18200373843578
1001,200200,rayleigh,64,7.535252201893271,8.488058478433395,0.6219497105856442,7.870782244714899,,7.445830955815104,200,6.439799682519713,6.439799682519713,6.632396301032616,6.632396301032616,0.1925966185129031,0.1925966185129031
1002,200400,rayleigh,64,6.5881600861062415,7.924171463952154,0.9873874117742452,6.9367840521779085,,7.445830955815104,200,6.479338127033969,6.479338127033969,6.667856630138889,6.667856630138889,0.1885185031049197,0.1885185031049197
1003,200600,rayleigh,64,6.079422310301822,7.746473849474975,1.3267130547063721,6.450247525830538,,7.445830955815104,200,6.521960934951022,6.521960934951022,6.694982659572786,6.694982659572786,0.1730217246217638,0.1730217246217638
1004,200800,rayleigh,64,5.911189068082117,7.729487668703397,0.6609154268929026,7.068572241810495,,7.445830955815104,200,6.488810380305944,6.488810380305944,6.7377927114404645,6.7377927114404645,0.2489823311345205,0.2489823311345205
1005,201000,rayleigh,64,6.336265475014764,8.38718270881775,1.0467845305927024,7.340398178225041,,7.445830955815104,200,6.507513201181359,6.507513201181359,6.736002124384916,6.736002124384916,0.22848892320355674,0.22848892320355674
1006,201200,rayleigh,64,5.990753585561297,8.880943001606855,2.5210723865491835,6.366522102572721,,7.445830955815104,200,6.509668941294454,6.509668941294454,6.712855765991126,6.712855765991126,0.2031868246966715,0.2031868246966715
1007,201400,rayleigh,64,8.126872613379113,8.824329754973073,0.23477632733931542,8.589553427633755,,7.445830955815104,200,6.541833440356894,6.541833440356894,6.721009190296526,6.721009190296526,0.17917574993963203,0.17917574993963203
1008,201600,rayleigh,64,5.28923945968799,8.420576226410063,2.546883729156889,5.918905070354006,,7.445830955815104,200,6.507209422033047,6.507209422033047,6.71866736451046,6.71866736451046,0.21145794247741279,0.21145794247741279
1009,201800,rayleigh,64,5.108508375237278,7.217009040313427,1.1517243998057236,6.067392353034467,,7.445830955815104,200,6.419740910560404,6.419740910560404,6.69902130744517,6.69902130744517,0.2792803968847659,0.2792803968847659
1010,202000,rayleigh,64,5.150124685719941,7.640295696730912,2.1942919550759075,5.473950830778871,,7.445830955815104,200,6.4038503019828,6.4038503019828,6.67142242265632,6.67142242265632,0.26757212067352043,0.26757212067352043
1011,202200,rayleigh,64,5.089380779512098,8.23595036520474,2.0821149969480155,6.1833684244726355,,7.445830955815104,200,6.559470227377757,6.559470227377757,6.656041657159492,6.656041657159492,0.0965714297817355,0.0965714297817355
1012,202400,rayleigh,64,6.220380035419281,8.206019880246878,1.5980152631283346,6.608152619535388,,7.445830955815104,200,6.532532709080341,6.532532709080341,6.65479681514424,6.65479681514424,0.12226410606389937,0.12226410606389937
1013,202600,rayleigh,64,7.726597807923833,8.698357167436079,0.6202432457024246,8.078113921733648,,7.445830955815104,200,6.595247687348279,6.595247687348279,6.650060246179823,6.650060246179823,0.05481255883154379,0.05481255883154379
1014,202800,rayleigh,64,6.005683741443379,8.408192603207077,2.0131986375737063,6.426887418413464,,7.445830955815104,200,6.6122971302380575,6.6122971302380575,6.641158659915577,6.641158659915577,0.02886152967751965,0.02886152967751965
1015,203000,rayleigh,64,7.010520056031781,8.663540836737381,1.3084483677792953,7.355092468958097,,7.445830955815104,200,6.763597638024336,6.763597638024336,6.637756359782918,6.637756359782918,0.12584127824141866,0.12584127824141866
1016,203200,rayleigh,64,7.866502396933968,8.845412832718765,0.6639434461029086,8.18146938661586,,7.445830955815104,200,6.837423279214017,6.837423279214017,6.640659092847781,6.640659092847781,0.19676418636623527,0.19676418636623527
1017,203400,rayleigh,64,7.127118538855086,8.34530575256742,0.9232563724543746,7.422049380113043,,7.445830955815104,200,6.865146557915696,6.865146557915696,6.646810637987211,6.646810637987211,0.2183359199284851,0.2183359199284851
1018,203600,rayleigh,64,6.935722429589269,8.378909925465832,0.38434240949243764,7.994567515973397,,7.445830955815104,200,6.8765153162059605,6.8765153162059605,6.651111252523341,6.651111252523341,0.22540406368261934,0.22540406368261934
1019,203800,rayleigh,64,7.26511520869738,8.561749723772445,0.7835903895965938,7.7781593341758635,,7.445830955815104,200,6.98059793967513,6.98059793967513,6.683920342494166,6.683920342494166,0.2966775971809641,0.2966775971809641
1020,204000,rayleigh,64,6.849391361020729,8.112013378835142,0.4345586347741392,7.677454744061002,,7.445830955815104,200,7.0894211620592555,7.0894211620592555,6.706060059654908,6.706060059654908,0.38336110240434795,0.38336110240434795
1021,204200,rayleigh,64,7.881149257675539,8.875751192025833,0.6774016492014742,8.198418752344928,,7.445830955815104,200,7.105802987440758,7.105802987440758,6.7181620688122665,6.7181620688122665,0.3876409186284917,0.3876409186284917
1022,204400,rayleigh,64,6.738576915277219,7.624638328472445,0.5444174771842453,7.080220851288196,,7.445830955815104,200,7.112974827396272,7.112974827396272,6.719317041162847,6.719317041162847,0.3936577862334252,0.3936577862334252
1023,204600,rayleigh,64,5.943202252907543,7.892713492362326,1.2311987103986572,6.672896811915324,,7.445830955815104,200,7.124107291700511,7.124107291700511,6.728306815295245,6.728306815295245,0.39580047640526583,0.39580047640526583
1024,204800,rayleigh,64,6.209568235212086,7.973944715962391,1.368763274459594,6.614523212300654,,7.445830955815104,200,7.101404840225018,7.101404840225018,6.715273118993537,6.715273118993537,0.38613172123148143,0.38613172123148143
1025,205000,rayleigh,64,8.065894409018762,9.66145369441212,1.2817713045887342,8.38162478063763,,7.445830955815104,200,7.153466170345648,7.153466170345648,6.720773297568758,6.720773297568758,0.4326928727768893,0.4326928727768893
1026,205200,rayleigh,64,6.4755001407252974,8.298041493892482,1.4093086599941405,6.888742527202177,,7.445830955815104,200,7.17957719157712,7.17957719157712,6.719404493176551,6.719404493176551,0.4601726984005685,0.4601726984005685
1027,205400,rayleigh,64,6.920135170117244,7.996032666304314,0.7307957799315485,7.2729252430549955,,7.445830955815104,200,7.1137457823481824,7.1137457823481824,6.723130788897083,6.723130788897083,0.3906149934510994,0.3906149934510994
1028,205600,rayleigh,64,6.799935441125812,8.015929801160775,0.5832230238478433,7.432706777312934,,7.445830955815104,200,7.189435867696129,7.189435867696129,6.746600573969072,6.746600573969072,0.44283529372705654,0.44283529372705654
1029,205800,rayleigh,64,6.046083282932529,7.685291699762578,1.1151564168776393,6.573406371078159,,7.445830955815104,200,7.2147365685983145,7.2147365685983145,6.757841269429173,6.757841269429173,0.4568952991691413,0.4568952991691413
1030,206000,rayleigh,64,7.0381660375769455,9.541286119395261,2.169242067496436,7.374113466629168,,7.445830955815104,200,7.309744700390828,7.309744700390828,6.8141186835147005,6.8141186835147005,0.49562601687612773,0.49562601687612773
1031,206200,rayleigh,64,7.704813655945502,9.083897265604048,1.0151781333488985,8.068719132255147,,7.445830955815104,200,7.404012235779954,7.404012235779954,6.838088307856534,6.838088307856534,0.5659239279234196,0.5659239279234196
1032,206400,rayleigh,64,5.658482806351806,9.141302258711793,2.5468947925704852,6.59500866734348,,7.445830955815104,200,7.403355038170358,7.403355038170358,6.837264571027695,6.837264571027695,0.5660904671426632,0.5660904671426632
1033,206600,rayleigh,64,7.1090514896830825,8.083189226232898,0.4596076425475609,7.623581583685339,,7.445830955815104,200,7.380628421267943,7.380628421267943,6.888815496607294,6.888815496607294,0.49181292466064885,0.49181292466064885
1034,206800,rayleigh,64,6.829764026873009,8.210623155962429,1.0379661121148962,7.178243254087138,,7.445830955815104,200,7.418196213051627,7.418196213051627,6.875084291518957,6.875084291518957,0.5431119215326703,0.5431119215326703
1035,207000,rayleigh,64,6.48601736607996,8.531781455601255,1.1318175388602811,7.399963916740976,,7.445830955815104,200,7.42043978544077,7.42043978544077,6.869467425578465,6.869467425578465,0.5509723598623051,0.5509723598623051
1036,207200,rayleigh,64,3.6443116136569995,8.183359679388905,3.8912333542326922,4.398399665435623,,7.445830955815104,200,7.2312862993817575,7.2312862993817575,6.838739822845492,6.838739822845492,0.39254647653626584,0.39254647653626584
1037,207400,rayleigh,64,8.059164916183494,9.239019802403167,0.8445844678011873,8.394435334601983,,7.445830955815104,200,7.279905597106206,7.279905597106206,6.850038940903563,6.850038940903563,0.42986665620264297,0.42986665620264297
1038,207600,rayleigh,64,6.218605405248152,8.250366033288241,1.658988232772658,6.6318340151353015,,7.445830955815104,200,7.2117689220643,7.2117689220643,6.851560392928364,6.851560392928364,0.36020852913593604,0.36020852913593604
1039,207800,rayleigh,64,6.901987337270064,8.410910564721402,1.1665836975079966,7.260520881075545,,7.445830955815104,200,7.185886999409284,7.185886999409284,6.852029338069358,6.852029338069358,0.333857661339926,0.333857661339926
1040,208000,rayleigh,64,5.768273210805711,8.842457478175588,1.315992387580111,7.526465090595472,,7.445830955815104,200,7.178337516736008,7.178337516736008,6.851577817478773,6.851577817478773,0.32675969925723436,0.32675969925723436
1041,208200,rayleigh,64,8.395538891416914,8.98211160755372,0.10651548996432596,8.875596117589403,,7.445830955815104,200,7.212196384998232,7.212196384998232,6.8789518482720755,6.8789518482720755,0.3332445367261565,0.3332445367261565
1042,208400,rayleigh,64,7.699558877144929,9.283411840031327,1.1765960503489246,8.122537538285346,,7.445830955815104,200,7.264312219348089,7.264312219348089,6.8998242540627635,6.8998242540627635,0.3644879652853259,0.3644879652853259
1043,208600,rayleigh,64,6.609369209660834,8.436350502113774,1.4085257221663325,7.027824779947451,,7.445830955815104,200,7.282058617749696,7.282058617749696,6.89884205576213,6.89884205576213,0.3832165619875658,0.3832165619875658
1044,208800,rayleigh,64,5.105047160723804,7.50889445812844,1.679955691114182,5.83007006456412,,7.445830955815104,200,7.24283596036287,7.24283596036287,6.874635845858375,6.874635845858375,0.36820011450449464,0.36820011450449464
1045,209000,rayleigh,64,5.69524711288364,7.88527514299994,1.2683225952625095,6.625009930794526,,7.445830955815104,200,7.155005217870714,7.155005217870714,6.862915568712132,6.862915568712132,0.2920896491585827,0.2920896491585827
1046,209200,rayleigh,64,6.65585921785562,7.5939991540112075,0.5637539466762008,7.030245207335007,,7.445830955815104,200,7.162080351877357,7.162080351877357,6.845165512995026,6.845165512995026,0.3169148388823313,0.3169148388823313
1047,209400,rayleigh,64,6.288631465069895,7.940324267388945,1.2084032114089083,6.731921055980034,,7.445830955815104,200,7.1350301425236085,7.1350301425236085,6.863430077570107,6.863430077570107,0.27160006495350153,0.27160006495350153
1048,209600,rayleigh,64,2.872223957220374,7.534380807705419,3.5465682053301486,4.095531685667784,,7.445830955815104,200,6.968171387941351,6.968171387941351,6.836770032592188,6.836770032592188,0.13140135534916286,0.13140135534916286
1049,209800,rayleigh,64,5.654983259875222,7.620928903448877,1.0919554366585902,6.536156942909258,,7.445830955815104,200,6.966308916532905,6.966308916532905,6.830653185854738,6.830653185854738,0.1356557306781676,0.1356557306781676
1050,210000,rayleigh,64,7.4928953584380835,9.127718664494486,1.2704972711171894,7.857221393377304,7.219872750955413,7.219872750955413,200,6.990464312870313,6.990464312870313,6.847929680166669,6.847929680166669,0.14253463270364364,0.14253463270364364
1051,210200,rayleigh,64,6.623709530799509,8.11581050379987,1.1091502124727903,7.007974203895231,,7.219872750955413,200,6.937427066452317,6.937427066452317,6.848396788252909,6.848396788252909,0.08903027819940768,0.08903027819940768
1052,210400,rayleigh,64,6.788434021665729,8.753925931861756,1.508682023124899,7.245243908736867,,7.219872750955413,200,6.969938828521987,6.969938828521987,6.851474692156355,6.851474692156355,0.11846413636563202,0.11846413636563202
1053,210600,rayleigh,64,6.376569171406862,8.486126009621705,0.5630125280978298,7.929982339215054,,7.219872750955413,200,6.98525886629847,6.98525886629847,6.869846214753372,6.869846214753372,0.11541265154509794,0.11541265154509794
1054,210800,rayleigh,64,5.826790754912493,7.516265266148151,1.2671026429022327,6.249661255176037,,7.219872750955413,200,6.938829766352917,6.938829766352917,6.844070805237423,6.844070805237423,0.09475896111549442,0.09475896111549442
1055,211000,rayleigh,64,6.274113391312852,9.169307936705621,2.582048420174389,6.6183340786455656,,7.219872750955413,200,6.8997482744481475,6.8997482744481475,6.841774480409534,6.841774480409534,0.057973794038613136,0.057973794038613136
1056,211200,rayleigh,64,7.570417185795065,9.049798733254116,1.1623595147652948,7.887439218488816,,7.219872750955413,200,7.074200252100806,7.074200252100806,6.8477366565744155,6.8477366565744155,0.22646359552639073,0.22646359552639073
1057,211400,rayleigh,64,4.158264845721393,7.935394459118348,3.484285091116194,4.506154092692279,,7.219872750955413,200,6.879786190005319,6.879786190005319,6.846870368139962,6.846870368139962,0.03291582186535713,0.03291582186535713
1058,211600,rayleigh,64,5.34709433254197,7.72466324633801,0.910206157427869,6.814457088910149,,7.219872750955413,200,6.888917343694063,6.888917343694063,6.852394688974618,6.852394688974618,0.0365226547194446,0.0365226547194446
1059,211800,rayleigh,64,4.554609344082445,7.631301405379959,2.686132180825857,4.9862944851786155,,7.219872750955413,200,6.775206023899216,6.775206023899216,6.8337574022199945,6.8337574022199945,0.058551378320778724,0.058551378320778724
1060,212000,rayleigh,64,5.678473045551216,7.907539666789741,1.0856595758351466,6.825692122646438,,7.219872750955413,200,6.740167375501764,6.740167375501764,6.843060293347947,6.843060293347947,0.10289291784618282,0.10289291784618282
1061,212200,rayleigh,64,2.491974271400205,9.126058171188387,5.778550209636226,3.4964117348735453,,7.219872750955413,200,6.471208156365971,6.471208156365971,6.805714591515238,6.805714591515238,0.33450643514926703,0.33450643514926703
1062,212400,rayleigh,64,3.640615555289193,7.311922131749438,3.349817943600188,4.063979007549546,,7.219872750955413,200,6.268280229829182,6.268280229829182,6.773413490832342,6.773413490832342,0.5051332610031594,0.5051332610031594
1063,212600,rayleigh,64,6.5365105151590726,8.27955108867926,1.385347451839036,6.896979069276962,,7.219872750955413,200,6.261737944295658,6.261737944295658,6.751530658147642,6.751530658147642,0.4897927138519842,0.4897927138519842
1064,212800,rayleigh,64,6.716835572123654,8.278547352611403,0.5166682510404795,7.7618791015709245,,7.219872750955413,200,6.358328396145998,6.358328396145998,6.7462077277405115,6.7462077277405115,0.3878793315945135,0.3878793315945135
1065,213000,rayleigh,64,5.0152405063688885,9.17651247114697,3.781091915552193,5.409725665088177,,7.219872750955413,200,6.29756418286068,6.29756418286068,6.726029275206996,6.726029275206996,0.42846509234631647,0.42846509234631647
1066,213200,rayleigh,64,5.86775328511026,8.506003466343907,1.7968343735410728,6.721185900460216,,7.219872750955413,200,6.28211121751694,6.28211121751694,6.711991531427724,6.711991531427724,0.4298803139107843,0.4298803139107843
1067,213400,rayleigh,64,6.359095103170151,7.8350677041575745,1.144934398146844,6.715060173046461,,7.219872750955413,200,6.281268173370262,6.281268173370262,6.719094101956155,6.719094101956155,0.43782592858589275,0.43782592858589275
1068,213600,rayleigh,64,5.260783476840004,7.9082498729733794,1.2778631233872604,6.639642064175211,,7.219872750955413,200,6.408473692295634,6.408473692295634,6.713184633346823,6.713184633346823,0.304710941051189,0.304710941051189
1069,213800,rayleigh,64,6.367494653134953,7.88731092524328,1.1882043264052935,6.7057084373531515,,7.219872750955413,200,6.416951267017827,6.416951267017827,6.710575762258162,6.710575762258162,0.2936244952403353,0.2936244952403353
1070,214000,rayleigh,64,7.284103102988077,9.036407501927625,1.3676346130507737,7.669743080653825,,7.219872750955413,200,6.407577351381654,6.407577351381654,6.725218548274954,6.725218548274954,0.31764119689329995,0.31764119689329995
1071,214200,rayleigh,64,5.137279052654549,7.538926907032181,1.1544390560877122,6.384487850944465,,7.219872750955413,200,6.376403033734116,6.376403033734116,6.7529275401891935,6.7529275401891935,0.37652450645507773,0.37652450645507773
1072,214400,rayleigh,64,7.993797016537559,8.942872622562135,0.5887789839929696,8.354093638569172,,7.219872750955413,200,6.431845520225731,6.431845520225731,6.7615396824047105,6.7615396824047105,0.3296941621789795,0.3296941621789795
1073,214600,rayleigh,64,7.125168779288787,8.641514675820627,1.06749429632301,7.574020379497616,,7.219872750955413,200,6.414047422239858,6.414047422239858,6.777254133108182,6.777254133108182,0.3632067108683241,0.3632067108683241
1074,214800,rayleigh,64,7.039114951572546,7.9965349006333595,0.5416392549887348,7.454895645644617,,7.219872750955413,200,6.474309141763288,6.474309141763288,6.798670278648578,6.798670278648578,0.32436113688529034,0.32436113688529034
1075,215000,rayleigh,64,4.993257919771067,7.914788100382558,1.6380030581868257,6.294399861563645,,7.219872750955413,200,6.458112430909191,6.458112430909191,6.791629895008734,6.791629895008734,0.3335174640995433,0.3335174640995433
1076,215200,rayleigh,64,7.185820692932778,7.9018986022150655,0.35225303723709234,7.549645564977966,,7.219872750955413,200,6.441222748233649,6.441222748233649,6.796775377575052,6.796775377575052,0.3555526293414033,0.3555526293414033
1077,215400,rayleigh,64,4.944350498792748,8.57216294078119,3.2142436805335692,5.362894822301557,,7.219872750955413,200,6.484059784714113,6.484059784714113,6.787855750538231,6.787855750538231,0.3037959658241185,0.3037959658241185
1078,215600,rayleigh,64,7.256057532750436,8.431125711333584,0.8429580081573357,7.588167703176243,,7.219872750955413,200,6.522745315427417,6.522745315427417,6.801407221982533,6.801407221982533,0.2786619065551159,0.2786619065551159
1079,215800,rayleigh,64,7.6358349119003925,8.155608077684876,0.09868868717363255,8.056919390511244,,7.219872750955413,200,6.676276560694049,6.676276560694049,6.812387888485469,6.812387888485469,0.13611132779142032,0.13611132779142032
1080,216000,rayleigh,64,6.137338844546092,7.612227713834212,1.1369077049609126,6.475320008873302,,7.219872750955413,200,6.658757955005392,6.658757955005392,6.815140316498892,6.815140316498892,0.1563823614935007,0.1563823614935007
1081,216200,rayleigh,64,5.811382549606916,7.8278377075753305,0.5896212234036589,7.238216484171673,,7.219872750955413,200,6.845848192470299,6.845848192470299,6.814971080758994,6.814971080758994,0.03087711171130536,0.03087711171130536
1082,216400,rayleigh,64,7.000043201012304,7.934062577209767,0.4109418410901777,7.523120736119589,,7.219872750955413,200,7.0188052788988005,7.0188052788988005,6.828742136501261,6.828742136501261,0.1900631423975394,0.1900631423975394
1083,216600,rayleigh,64,6.8733989970526,8.339190090857404,1.0351074205238313,7.304082670333577,,7.219872750955413,200,7.03916045895163,7.03916045895163,6.8458050495297025,6.8458050495297025,0.19335540942192786,0.19335540942192786
1084,216800,rayleigh,64,8.741895097975764,9.42913514058823,0.2163621014567787,9.212773039131458,,7.219872750955413,200,7.111705155829659,7.111705155829659,6.860616946573897,6.860616946573897,0.25108820925576225,0.25108820925576225
1085,217000,rayleigh,64,2.550986095880644,7.442759167497076,4.182479519789156,3.4288675054121507,,7.219872750955413,200,7.012662247845856,7.012662247845856,6.825242204020851,6.825242204020851,0.18742004382500443,0.18742004382500443
1086,217200,rayleigh,64,7.796568125406386,8.569808827700527,0.3318957793505121,8.237913048350018,,7.219872750955413,200,7.088498605240346,7.088498605240346,6.844387261501243,6.844387261501243,0.24411134373910315,0.24411134373910315
1087,217400,rayleigh,64,6.54353130936776,8.78992715801344,1.472002244547725,7.319254354278659,,7.219872750955413,200,7.118708314301958,7.118708314301958,6.838117170580181,6.838117170580181,0.28059114372177696,0.28059114372177696
1088,217600,rayleigh,64,4.47807495530033,7.057158392580055,1.3885739065803544,5.685251939119774,,7.219872750955413,200,7.0709888080491865,7.0709888080491865,6.828855835603069,6.828855835603069,0.2421329724461172,0.2421329724461172
1089,217800,rayleigh,64,7.522985922451076,8.80059547652348,0.3873184365825171,8.413277039940965,,7.219872750955413,200,7.156367238178577,7.156367238178577,6.834820980177605,6.834820980177605,0.32154625800097136,0.32154625800097136
1090,218000,rayleigh,64,7.871443358141615,9.04050064827846,0.8203408786786738,8.220159769599789,,7.219872750955413,200,7.183888072625874,7.183888072625874,6.859104947850295,6.859104947850295,0.32478312477557925,0.32478312477557925
1091,218200,rayleigh,64,4.789745494692421,9.00383424425008,3.767052863892819,5.308896229519287,,7.219872750955413,200,7.130108491554614,7.130108491554614,6.881484210979753,6.881484210979753,0.24862428057486063,0.24862428057486063
1092,218400,rayleigh,64,7.0360632008801725,9.589682245011057,1.3256099759347402,8.26407226907632,,7.219872750955413,200,7.1256074230799715,7.1256074230799715,6.892655903815678,6.892655903815678,0.2329515192642937,0.2329515192642937
1093,218600,rayleigh,64,4.114049339776153,7.193788573600383,1.4875981594963181,5.7061904141040625,,7.219872750955413,200,7.032215924810297,7.032215924810297,6.88147966439297,6.88147966439297,0.15073626041732702,0.15073626041732702
1094,218800,rayleigh,64,5.83906202619934,7.397795138847342,0.4942067774626642,6.919459131457985,,7.219872750955413,200,7.005444099100963,7.005444099100963,6.88981527010137,6.88981527010137,0.11562882899959259,0.11562882899959259
1095,219000,rayleigh,64,6.274048951279838,8.849266300345606,2.0372266367845135,6.812039663561087,,7.219872750955413,200,7.031326089200836,7.031326089200836,6.914644843604657,6.914644843604657,0.11668124559617876,0.11668124559617876
1096,219200,rayleigh,64,5.452258212887645,9.45566842895045,2.712021073367928,6.761149623912451,,7.219872750955413,200,6.991901292147558,6.991901292147558,6.915206774215559,6.915206774215559,0.07669451793199933,0.07669451793199933
1097,219400,rayleigh,64,3.8903636994527453,7.880771849469674,2.7722527854887997,5.172171068695903,,7.219872750955413,200,6.982365104467277,6.982365104467277,6.898252646841723,6.898252646841723,0.08411245762555453,0.08411245762555453
1098,219600,rayleigh,64,2.083155345167341,7.522680656008575,5.3093811120119065,2.6671306232603724,,7.219872750955413,200,6.736313250471481,6.736313250471481,6.847252029572645,6.847252029572645,0.11093877910116401,0.11093877910116401
1099,219800,rayleigh,64,5.648130621363518,7.904411701321175,1.8280857146987923,6.076325986622385,,7.219872750955413,200,6.637283580277041,6.637283580277041,6.851050220790944,6.851050220790944,0.21376664051390293,0.21376664051390293
1100,220000,rayleigh,64,4.993276781832629,7.801814557120364,1.6053879988555277,6.225069222386387,6.39575613696164,6.39575613696164,200,6.6247710409526945,6.6247710409526945,6.858291010051022,6.858291010051022,0.23351996909832717,0.23351996909832717
1101,220200,rayleigh,64,7.241386721328655,9.066387528732996,1.3638569990070948,7.702530529725902,,6.39575613696164,200,6.647986743230405,6.647986743230405,6.856608492901132,6.856608492901132,0.20862174967072722,0.20862174967072722
1102,220400,rayleigh,64,6.797935185977531,8.68283442648401,1.4142371381907497,7.26859728829326,,6.39575613696164,200,6.635260570839089,6.635260570839089,6.859926625262286,6.859926625262286,0.22466605442319754,0.22466605442319754
1103,220600,rayleigh,64,4.543460831785259,7.476683721198597,1.9485048684645687,5.5532117615616,,6.39575613696164,200,6.547717025400492,6.547717025400492,6.850956267619597,6.850956267619597,0.3032392422191048,0.3032392422191048
1104,220800,rayleigh,64,6.065593727864723,9.291725890348049,2.8948163348304075,6.443500586038985,,6.39575613696164,200,6.4092534027458665,6.4092534027458665,6.844705551061882,6.844705551061882,0.4354521483160152,0.4354521483160152
1105,221000,rayleigh,64,6.570838557963091,7.917188675730862,0.9350909675775343,6.982097708153326,,6.39575613696164,200,6.586914912882927,6.586914912882927,6.841122546361164,6.841122546361164,0.25420763347823705,0.25420763347823705
1106,221200,rayleigh,64,6.082400880811427,7.6801868146764924,1.2693082502590238,6.4108785644174775,,6.39575613696164,200,6.495563188686299,6.495563188686299,6.841566110979612,6.841566110979612,0.3460029222933132,0.3460029222933132
1107,221400,rayleigh,64,3.620343375344667,8.021420979652497,3.750071472346845,4.384108908838225,,6.39575613696164,200,6.3488059164142765,6.3488059164142765,6.799511665791657,6.799511665791657,0.4507057493773807,0.4507057493773807
1108,221600,rayleigh,64,6.8682453890519195,8.392351590654204,0.9789524104814662,7.413399180172734,,6.39575613696164,200,6.435213278466925,6.435213278466925,6.814456606889845,6.814456606889845,0.37924332842291975,0.37924332842291975
1109,221800,rayleigh,64,5.921084433616195,8.704292325565724,2.4471554476988673,6.269289468894256,,6.39575613696164,200,6.328013899914589,6.328013899914589,6.816475578048442,6.816475578048442,0.4884616781338522,0.4884616781338522
1110,222000,rayleigh,64,4.618166452835657,8.77406850183424,3.9573768808390035,4.939787968239845,,6.39575613696164,200,6.163995309846593,6.163995309846593,6.811133949423054,6.811133949423054,0.6471386395764611,0.6471386395764611
1111,222200,rayleigh,64,5.31194465925012,8.436308684428333,1.932375665828371,6.513437262895032,,6.39575613696164,200,6.224222361515379,6.224222361515379,6.8144346378072775,6.8144346378072775,0.5902122762918989,0.5902122762918989
1112,222400,rayleigh,64,5.522648082344362,8.96402820849719,3.0829429533623944,5.889768476123692,,6.39575613696164,200,6.105507171867748,6.105507171867748,6.807250796373161,6.807250796373161,0.7017436245054132,0.7017436245054132
1113,222600,rayleigh,64,7.058114333790609,8.75731646020304,1.0822061952231032,7.675110264979933,,6.39575613696164,200,6.2039531644115415,6.2039531644115415,6.8032207598056225,6.8032207598056225,0.5992675953940809,0.5992675953940809
1114,222800,rayleigh,64,2.700757535375496,8.050772143941563,4.517116745921228,3.7533391768907967,,6.39575613696164,200,6.045647166683182,6.045647166683182,6.776485277390395,6.776485277390395,0.7308381107072135,0.7308381107072135
1115,223000,rayleigh,64,6.718377202923125,8.56696438093221,1.516451451549479,7.057834373085657,,6.39575613696164,200,6.05793690215941,6.05793690215941,6.77351269643167,6.77351269643167,0.7155757942722598,0.7155757942722598
1116,223200,rayleigh,64,7.704733512950139,9.627911295983978,1.6348705505791374,8.00415352499068,,6.39575613696164,200,6.120087097213323,6.120087097213323,6.77173953781542,6.77173953781542,0.6516524406020974,0.6516524406020974
1117,223400,rayleigh,64,7.111774508196517,8.089711502202388,0.3934816987949593,7.696229803407431,,6.39575613696164,200,6.246290033948898,6.246290033948898,6.774481342048363,6.774481342048363,0.5281913080994647,0.5281913080994647
1118,223600,rayleigh,64,5.798468246772797,7.7385440545529045,1.6386301604326643,6.130998647209441,,6.39575613696164,200,6.419483435146352,6.419483435146352,6.755845653360723,6.755845653360723,0.3363622182143704,0.3363622182143704
1119,223800,rayleigh,64,5.671504808326091,7.981243950194584,0.6383815817497256,7.342862368444855,,6.39575613696164,200,6.482810254237475,6.482810254237475,6.751492683703414,6.751492683703414,0.26868242946593845,0.26868242946593845
1120,224000,rayleigh,64,4.558235007155238,7.711396078153507,2.173682160474999,5.549699197719047,,6.39575613696164,200,6.449041753004108,6.449041753004108,6.730215128239993,6.730215128239993,0.2811733752358849,0.2811733752358849
1121,224200,rayleigh,64,6.239598568762499,8.12191809820191,1.401616864715749,6.7203012334861665,,6.39575613696164,200,6.399930288192122,6.399930288192122,6.715433953051405,6.715433953051405,0.31550366485928283,0.31550366485928283
1122,224400,rayleigh,64,7.330867670124646,8.647378804597452,0.9728142729115996,7.6745645316858555,,6.39575613696164,200,6.420228650361752,6.420228650361752,6.721377389855384,6.721377389855384,0.3011487394936321,0.3011487394936321
1123,224600,rayleigh,64,5.969214473324291,7.830165412445418,1.5552510570349158,6.286882711322237,,6.39575613696164,200,6.456912197849784,6.456912197849784,6.717517248849451,6.717517248849451,0.2606050509996676,0.2606050509996676
1124,224800,rayleigh,64,5.449394637912077,7.487928622406762,1.263836309711984,6.224092312694784,,6.39575613696164,200,6.445941784182574,6.445941784182574,6.713612939853394,6.713612939853394,0.26767115567081934,0.26767115567081934
1125,225000,rayleigh,64,5.517240212955647,7.581709427015176,1.3508117382080094,6.235429376314601,,6.39575613696164,200,6.408608367590636,6.408608367590636,6.692150985810164,6.692150985810164,0.28354261821952775,0.28354261821952775
1126,225200,rayleigh,64,7.007951940081488,7.872604074410433,0.4862525365418707,7.38635153786856,,6.39575613696164,200,6.457382016263191,6.457382016263191,6.697127075916828,6.697127075916828,0.23974505965363768,0.23974505965363768
1127,225400,rayleigh,64,7.118426060814151,8.37228425672086,0.8131745814488917,7.559109675271964,,6.39575613696164,200,6.616132054584878,6.616132054584878,6.699988920238996,6.699988920238996,0.0838568656541181,0.0838568656541181
1128,225600,rayleigh,64,7.351697884966094,9.000047906442216,1.1724932520037563,7.827554654438455,,6.39575613696164,200,6.636839828298164,6.636839828298164,6.703937399010252,6.703937399010252,0.06709757071208777,0.06709757071208777
1129,225800,rayleigh,64,6.861923926676002,8.298063863394194,0.8004983352713505,7.497565528122845,,6.39575613696164,200,6.698253631259594,6.698253631259594,6.7131789905807,6.7131789905807,0.014925359321106058,0.014925359321106058
1130,226000,rayleigh,64,7.0668038683298855,9.359853016103266,1.985393400397255,7.393162162635491,,6.39575613696164,200,6.820922340979377,6.820922340979377,6.713369477540763,6.713369477540763,0.10755286343861403,0.10755286343861403
1131,226200,rayleigh,64,6.481228296377731,9.37785977862621,1.6831339693786338,7.702034245003313,,6.39575613696164,200,6.880352190084791,6.880352190084791,6.709702628668245,6.709702628668245,0.1706495614165462,0.1706495614165462
1132,226400,rayleigh,64,6.1746199323081274,7.8123707867062055,1.2625412323630616,6.567583064219374,,6.39575613696164,200,6.914242919489574,6.914242919489574,6.709428372637002,6.709428372637002,0.20481454685257194,0.20481454685257194
1133,226600,rayleigh,64,6.175077428010685,8.922701783331116,2.3521436501854422,6.590302468585279,,6.39575613696164,200,6.860002529669842,6.860002529669842,6.699095581486001,6.699095581486001,0.16090694818384055,0.16090694818384055
1134,226800,rayleigh,64,4.711507783264578,8.06125673632086,3.091652868794211,5.054915082616633,,6.39575613696164,200,6.9250813249561345,6.9250813249561345,6.677862299771297,6.677862299771297,0.24721902518483763,0.24721902518483763
1135,227000,rayleigh,64,7.944886571088627,8.972110389170641,0.6660358647575241,8.31531579734747,,6.39575613696164,200,6.987955396169224,6.987955396169224,6.687015818577361,6.687015818577361,0.30093957759186285,0.30093957759186285
1136,227200,rayleigh,64,5.697804490834109,8.2752070415972,2.201116405991893,6.075525551958007,,6.39575613696164,200,6.891523997517591,6.891523997517591,6.703787077442585,6.703787077442585,0.18773692007500564,0.18773692007500564
1137,227400,rayleigh,64,6.762136650522739,7.536601848012742,0.3292998496057477,7.2073019984069955,,6.39575613696164,200,6.867077607267568,6.867077607267568,6.691915744080636,6.691915744080636,0.17516186318693183,0.17516186318693183
1138,227600,rayleigh,64,7.156632536247562,8.552007045234078,0.5866903887337787,7.9654843191965465,,6.39575613696164,200,6.9588018908669245,6.9588018908669245,6.705252247121248,6.705252247121248,0.2535496437456768,0.2535496437456768
1139,227800,rayleigh,64,4.778553129097462,7.608862037224908,2.099685601549274,5.550098438687448,,6.39575613696164,200,6.869163694379054,6.869163694379054,6.688148022697367,6.688148022697367,0.18101567168168753,0.18101567168168753
1140,228000,rayleigh,64,7.9414256981406,9.181755942354485,0.925612665503849,8.256143276850635,,6.39575613696164,200,7.004485898335632,7.004485898335632,6.695444804559919,6.695444804559919,0.3090410937757131,0.3090410937757131
1141,228200,rayleigh,64,6.964996258712523,8.54745890533878,1.233610157690528,7.334213417133507,,6.39575613696164,200,7.035181507518,7.035181507518,6.680030977555358,6.680030977555358,0.35515052996264185,0.35515052996264185
1142,228400,rayleigh,64,6.655811632392838,7.8036780032865405,0.3175105250371538,7.4861674782493886,,6.39575613696164,200,7.0257616548461765,7.0257616548461765,6.6736672769549985,6.6736672769549985,0.35209437789117803,0.35209437789117803
1143,228600,rayleigh,64,5.456787017697584,8.085984307849492,1.4249073500946208,6.6610769577548705,,6.39575613696164,200,7.044471367167809,7.044471367167809,6.669999798733073,6.669999798733073,0.3744715684347355,0.3744715684347355
1144,228800,rayleigh,64,7.27182066137107,8.309440983559723,0.7381828325608468,7.583133868977296,,6.39575613696164,200,7.112423444981933,7.112423444981933,6.687530436777205,6.687530436777205,0.42489300820472753,0.42489300820472753
1145,229000,rayleigh,64,5.941044660563022,8.448547598440106,2.24378859433298,6.23490243129598,,6.39575613696164,200,7.1123970977310025,7.1123970977310025,6.68362936178222,6.68362936178222,0.4287677359487825,0.4287677359487825
1146,229200,rayleigh,64,4.857028152547704,8.117759492082902,3.0759718410718118,5.1431048508858215,,6.39575613696164,200,7.000234763381866,7.000234763381866,6.664757958217727,6.664757958217727,0.3354768051641388,0.3354768051641388
1147,229400,rayleigh,64,3.940770302272507,8.455969843930905,3.7486821938110038,4.802156016926499,,6.39575613696164,200,6.862387080464593,6.862387080464593,6.645460307827192,6.645460307827192,0.21692677263740112,0.21692677263740112
1148,229600,rayleigh,64,7.2875351592308935,8.97798366755484,0.7101193549486812,8.267864312606159,,6.39575613696164,200,6.884402563372977,6.884402563372977,6.687183634096576,6.687183634096576,0.19721892927640106,0.19721892927640106
1149,229800,rayleigh,64,7.359700062105833,7.945839821438066,0.26693542043455376,7.678904401003517,,6.39575613696164,200,6.893469507017011,6.893469507017011,6.698611108677519,6.698611108677519,0.19485839833949203,0.19485839833949203
1150,230000,rayleigh,64,4.3313720339031025,7.201044491787535,1.8596385558803432,5.371702065202065,6.90003079800135,6.90003079800135,200,6.79239650214534,6.79239650214534,6.673755915395767,6.673755915395767,0.11864058674957256,0.11864058674957256
1151,230200,rayleigh,64,5.727179830529237,7.965536448729642,1.0834141599727416,6.882122288756906,,6.90003079800135,200,6.75140090433302,6.75140090433302,6.672497396244384,6.672497396244384,0.07890350808863644,0.07890350808863644
1152,230400,rayleigh,64,5.743783334681992,7.804933792775438,1.3433236514346176,6.461610141340819,,6.90003079800135,200,6.746102258189093,6.746102258189093,6.664661058570423,6.664661058570423,0.08144119961866991,0.08144119961866991
1153,230600,rayleigh,64,5.57749399804752,8.274880975689612,2.4244574134081995,5.873283394155567,,6.90003079800135,200,6.710251304467607,6.710251304467607,6.644094069119828,6.644094069119828,0.06615723534777906,0.06615723534777906
1154,230800,rayleigh,64,5.657713250083821,8.05114563475716,2.093583346055153,5.971379442860607,,6.90003079800135,200,6.756074522479805,6.756074522479805,6.641311250996674,6.641311250996674,0.11476327148313104,0.11476327148313104
1155,231000,rayleigh,64,7.079563577740598,8.38938802053439,1.0346735634444029,7.365131950775363,,6.90003079800135,200,6.7085653301512,6.7085653301512,6.64877922971797,6.64877922971797,0.05978610043322963,0.05978610043322963
1156,231200,rayleigh,64,7.483048025096133,8.994810857268076,1.2080693033460734,7.786741553922003,,6.90003079800135,200,6.7941261302494,6.7941261302494,6.647772253072303,6.647772253072303,0.1463538771770967,0.1463538771770967
1157,231400,rayleigh,64,7.058132733698452,7.840595684405479,0.49779487634704483,7.35578410126564,,6.90003079800135,200,6.801550235392332,6.801550235392332,6.676268553158037,6.676268553158037,0.12528168223429503,0.12528168223429503
1158,231600,rayleigh,64,6.023137572864081,8.5424908150664,2.130387994491698,6.416457117788987,,6.90003079800135,200,6.724098875321954,6.724098875321954,6.672288553446826,6.672288553446826,0.05181032187512802,0.05181032187512802
1159,231800,rayleigh,64,6.1188339795048945,8.372471310844888,1.6121242226834809,6.785886662910846,,6.90003079800135,200,6.785888286533124,6.785888286533124,6.690284475224148,6.690284475224148,0.0956038113089761,0.0956038113089761
1160,232000,rayleigh,64,4.5732164147119585,7.782827141404649,2.9070535035219467,4.895705610566049,,6.90003079800135,200,6.617866403218895,6.617866403218895,6.670984610103345,6.670984610103345,0.05311820688445046,0.05311820688445046
1161,232200,rayleigh,64,7.686476951106133,8.411920650433522,0.10801004426197301,8.308572937128917,,6.90003079800135,200,6.666584379218665,6.666584379218665,6.719106222125899,6.719106222125899,0.05252184290723427,0.05252184290723427
1162,232400,rayleigh,64,5.552227651419471,7.774093526081892,1.6924018439667852,6.098185071081783,,6.90003079800135,200,6.597185258860284,6.597185258860284,6.73944828276122,6.73944828276122,0.14226302390093615,0.14226302390093615
1163,232600,rayleigh,64,5.641099952010191,7.997496435797692,1.0797613145296532,6.917735121268038,,6.90003079800135,200,6.6100181670359435,6.6100181670359435,6.739655843281131,6.739655843281131,0.12963767624518763,0.12963767624518763
1164,232800,rayleigh,64,5.494018073113735,7.712383014052726,1.88990606904902,5.848408449223242,,6.90003079800135,200,6.523281896048241,6.523281896048241,6.720521136757653,6.720521136757653,0.19723924070941212,0.19723924070941212
1165,233000,rayleigh,64,5.1329233520105335,7.332523256748688,1.126081270132943,6.2197089610243195,,6.90003079800135,200,6.522522222534657,6.522522222534657,6.728620969717016,6.728620969717016,0.20609874718235943,0.20609874718235943
1166,233200,rayleigh,64,6.684268007444541,8.995111913337118,1.8488742762934711,7.149621787290869,,6.90003079800135,200,6.6228480693549105,6.6228480693549105,6.732905328585323,6.732905328585323,0.11005725923041254,0.11005725923041254
1167,233400,rayleigh,64,5.901186253456019,7.506114784535298,0.92105825084236,6.585056533692931,,6.90003079800135,200,6.711993095193232,6.711993095193232,6.731605292191789,6.731605292191789,0.01961219699855743,0.01961219699855743
1168,233600,rayleigh,64,6.0024664085380115,7.802222778123364,1.3940700464984728,6.422429102865453,,6.90003079800135,200,6.619721334706196,6.619721334706196,6.729433162578689,6.729433162578689,0.10971182787249312,0.10971182787249312
1169,233800,rayleigh,64,6.896027677650576,7.9925977845052065,0.7139689397389436,7.279188606985556,,6.90003079800135,200,6.599735545005298,6.599735545005298,6.735167964275015,6.735167964275015,0.13543241926971739,0.13543241926971739
1170,234000,rayleigh,64,8.440765207389601,8.989334508861084,0.2303197313801538,8.759014777480923,,6.90003079800135,200,6.7691011806192405,6.7691011806192405,6.746060681243286,6.746060681243286,0.02304049937595476,0.02304049937595476
1171,234200,rayleigh,64,6.64349234213473,8.00051310599958,1.0311494405694757,6.969363665430104,,6.90003079800135,200,6.773463249452901,6.773463249452901,6.751909439388142,6.751909439388142,0.021553810064758316,0.021553810064758316
1172,234400,rayleigh,64,7.964040995816925,8.561291401795916,0.30267099080189963,8.258620410994014,,6.90003079800135,200,6.86331376293556,6.86331376293556,6.75095470711239,6.75095470711239,0.11235905582316974,0.11235905582316974
1173,234600,rayleigh,64,5.8127696841658185,8.314954954602038,1.7726484490170977,6.542306505584938,,6.90003079800135,200,6.89676491850703,6.89676491850703,6.740637568373263,6.740637568373263,0.156127350133767,0.156127350133767
1174,234800,rayleigh,64,6.1037264887444795,7.972636126074935,1.5360163316244708,6.436619794450465,,6.90003079800135,200,6.920026936086524,6.920026936086524,6.730454809861323,6.730454809861323,0.18957212622520103,0.18957212622520103
1175,235000,rayleigh,64,6.316641934281684,7.811341589419392,1.1329850675653101,6.680201536428623,,6.90003079800135,200,6.885780415369185,6.885780415369185,6.734312826609971,6.734312826609971,0.15146758875921407,0.15146758875921407
1176,235200,rayleigh,64,6.102527482561739,8.519696863840325,2.099593488216126,6.478577907784592,,6.90003079800135,200,6.820372233062313,6.820372233062313,6.723602150038038,6.723602150038038,0.0967700830242757,0.0967700830242757
1177,235400,rayleigh,64,6.823994377956564,8.061103878978848,0.8275367400254451,7.242793546338481,,6.90003079800135,200,6.814722705315956,6.814722705315956,6.742401137278406,6.742401137278406,0.07232156803754997,0.07232156803754997
1178,235600,rayleigh,64,7.039759646263321,8.063903755207713,0.7222940934755269,7.341609661732188,,6.90003079800135,200,6.860980332513117,6.860980332513117,6.739935556863966,6.739935556863966,0.1210447756491515,0.1210447756491515
1179,235800,rayleigh,64,8.598888950880628,9.24172002768535,0.3222971716326217,8.919422856052726,,6.90003079800135,200,6.967657142170211,6.967657142170211,6.74856059151938,6.74856059151938,0.2190965506508311,0.2190965506508311
1180,236000,rayleigh,64,6.477331150921243,8.218103536756693,1.3805862499687196,6.848240749033755,,6.90003079800135,200,7.065283899093595,7.065283899093595,6.752289798920985,6.752289798920985,0.3129941001726104,0.3129941001726104
1181,236200,rayleigh,64,8.7118381786303,9.813178306608524,0.6841304644110696,9.135399450115552,,6.90003079800135,200,7.106625224742928,7.106625224742928,6.771261628580422,6.771261628580422,0.3353635961625052,0.3353635961625052
1182,236400,rayleigh,64,4.289240677711219,8.505315620655573,4.000065369223859,4.59584273903002,,6.90003079800135,200,7.031508108140339,7.031508108140339,6.741988848609527,6.741988848609527,0.28951925953081226,0.28951925953081226
1183,236600,rayleigh,64,7.548643897447493,9.3195961299053,1.4321726757371829,7.889430216872978,,6.90003079800135,200,7.080092862920585,7.080092862920585,6.74784232407492,6.74784232407492,0.33225053884566513,0.33225053884566513
1184,236800,rayleigh,64,4.2095234569470685,7.825686340133711,2.9661507571084114,4.892389239233562,,6.90003079800135,200,7.032291902421102,7.032291902421102,6.704638486075943,6.704638486075943,0.327653416345159,0.327653416345159
1185,237000,rayleigh,64,6.8842854291756455,8.333333872683736,1.1321987409203145,7.201135131763424,,6.90003079800135,200,7.081363210958057,7.081363210958057,6.742361162339456,6.742361162339456,0.3390020486186005,0.3390020486186005
1186,237200,rayleigh,64,2.8368109274718205,7.271349331193951,3.8681524362389226,3.579986995328441,,6.90003079800135,200,6.902881471359938,6.902881471359938,6.69578190180924,6.69578190180924,0.20709956955069764,0.20709956955069764
1187,237400,rayleigh,64,5.281659932897745,8.431909004925876,2.8476785005702907,5.620330711582843,,6.90003079800135,200,6.854645180254432,6.854645180254432,6.678792665382282,6.678792665382282,0.17585251487215015,0.17585251487215015
1188,237600,rayleigh,64,6.943051699737605,7.987712895800071,0.663754969262538,7.3239579265375365,,6.90003079800135,200,6.899721621438036,6.899721621438036,6.69517972525646,6.69517972525646,0.20454189618157592,0.20454189618157592
1189,237800,rayleigh,64,5.248741859788171,7.7893867955194045,1.2091342088943058,6.58714656668496,,6.90003079800135,200,6.865119519423006,6.865119519423006,6.676918420523901,6.676918420523901,0.1882010988991052,0.1882010988991052
1190,238000,rayleigh,64,6.246188510959406,8.13889152088975,1.5665498721316704,6.600715300481726,,6.90003079800135,200,6.757204545573046,6.757204545573046,6.6607239758327195,6.6607239758327195,0.0964805697403266,0.0964805697403266
1191,238200,rayleigh,64,7.137281563088742,8.56684437796348,1.0716681305307292,7.495176247432761,,6.90003079800135,200,6.78349517467318,6.78349517467318,6.682586776011854,6.682586776011854,0.10090839866132661,0.10090839866132661
1192,238400,rayleigh,64,8.465706456905643,9.350226375048072,0.5448444253693195,8.805381949678749,,6.90003079800135,200,6.810833251607417,6.810833251607417,6.687999872817877,6.687999872817877,0.12283337878954015,0.12283337878954015
1193,238600,rayleigh,64,5.987642983616557,8.559128243972205,1.6705926173290224,6.899290069889636,,6.90003079800135,200,6.828682429822652,6.828682429822652,6.699930869375735,6.699930869375735,0.1287515604469167,0.1287515604469167
1194,238800,rayleigh,64,7.213138319288426,9.104643440024828,1.5277480283703637,7.582630897054433,,6.90003079800135,200,6.885982984952849,6.885982984952849,6.706562587031698,6.706562587031698,0.1794203979211515,0.1794203979211515
1195,239000,rayleigh,64,8.000748670425278,8.901197677910691,0.5556194215401282,8.345578256370565,,6.90003079800135,200,6.969251820949947,6.969251820949947,6.721897972959794,6.721897972959794,0.24735384799015314,0.24735384799015314
1196,239200,rayleigh,64,6.8659420616274405,8.211037970576385,0.9755889340210674,7.235449036555316,,6.90003079800135,200,7.007095377388483,7.007095377388483,6.726640967086221,6.726640967086221,0.28045441030226215,0.28045441030226215
1197,239400,rayleigh,64,6.057374320018134,8.543259822200326,1.3283812956955983,7.214878526504733,,6.90003079800135,200,7.005699626396795,7.005699626396795,6.747068041664311,6.747068041664311,0.25863158473248404,0.25863158473248404
1198,239600,rayleigh,64,3.7580887147078657,7.9677428237831345,3.9111599359082563,4.122075245089924,,6.90003079800135,200,6.844722905564682,6.844722905564682,6.761617487882606,6.761617487882606,0.08310541768207624,0.08310541768207624
1199,239800,rayleigh,64,6.9996149104576935,8.667747025871062,0.7202968451311057,7.947450180739954,,6.90003079800135,200,6.796124271799044,6.796124271799044,6.780328729823781,6.780328729823781,0.01579554197526356,0.01579554197526356
1200,240000,rayleigh,64,6.183064083286878,7.963666632456663,1.429253800163745,6.534628326155885,7.67699988123199,7.67699988123199,200,6.780443650655151,6.780443650655151,6.783424320861477,6.783424320861477,0.002980670206325975,0.002980670206325975
1201,240200,rayleigh,64,7.93286180672739,9.326946190733612,0.9981521520782803,8.328794038655335,,7.67699988123199,200,6.74011338008214,6.74011338008214,6.789686955950771,6.789686955950771,0.04957357586863065,0.04957357586863065
1202,240400,rayleigh,64,6.901556692603441,7.578783672948521,0.38205280264423275,7.1977655729364844,,7.67699988123199,200,6.870209521777463,6.870209521777463,6.788978638797204,6.788978638797204,0.08123088298025927,0.08123088298025927
1203,240600,rayleigh,64,8.202577099528172,8.956978486648346,0.39353534052339306,8.563443146124953,,7.67699988123199,200,6.90391016824006,6.90391016824006,6.819080952642837,6.819080952642837,0.08482921559722278,0.08482921559722278
1204,240800,rayleigh,64,5.309604976778445,8.054057353790364,2.2683016361405013,5.793479345182389,,7.67699988123199,200,6.948964673537503,6.948964673537503,6.812580740234271,6.812580740234271,0.1363839333032324,0.1363839333032324
1205,241000,rayleigh,64,6.958023807602327,7.70233387313767,0.38673612886535186,7.3155977442723215,,7.67699988123199,200,6.954687804162947,6.954687804162947,6.81591574059546,6.81591574059546,0.13877206356748673,0.13877206356748673
1206,241200,rayleigh,64,8.398430038456258,8.980589752822793,0.18180248479456743,8.79878726802822,,7.67699988123199,200,7.215627817797935,7.215627817797935,6.839794827631567,6.839794827631567,0.3758329901663675,0.3758329901663675
1207,241400,rayleigh,64,6.662235267735522,8.750386481161845,0.8872228948353581,7.864416563731292,,7.67699988123199,200,7.327832110405358,7.327832110405358,6.874597904180499,6.874597904180499,0.45323420622485866,0.45323420622485866
1208,241600,rayleigh,64,4.048981597855218,7.475805972069001,2.3372637176326134,5.189862671034822,,7.67699988123199,200,7.221127347630224,7.221127347630224,6.8523625390891185,6.8523625390891185,0.3687648085411057,0.3687648085411057
1209,241800,rayleigh,64,5.972697881772888,8.214603947076704,1.1210861131010776,7.093517833975629,,7.67699988123199,200,7.2464459109947565,7.2464459109947565,6.860604822739933,6.860604822739933,0.3858410882548231,0.3858410882548231
1210,242000,rayleigh,64,6.65283727798549,8.580827344818129,0.8328458626680493,7.7479814821500765,,7.67699988123199,200,7.303809220078174,7.303809220078174,6.888686757879035,6.888686757879035,0.41512246219913873,0.41512246219913873
1211,242200,rayleigh,64,6.995753060019858,8.853903694189961,1.0626069065161334,7.79129678767383,,7.67699988123199,200,7.318615247090227,7.318615247090227,6.901465353126823,6.901465353126823,0.41714989396340396,0.41714989396340396
1212,242400,rayleigh,64,6.8153975852598565,8.241328427799235,1.0563017657867109,7.187025786122102,,7.67699988123199,200,7.237697438912394,7.237697438912394,6.914437926226807,6.914437926226807,0.3232595126855875,0.3232595126855875
1213,242600,rayleigh,64,1.049455296358667,8.193209980717283,6.160534101908986,2.3766354482415837,,7.67699988123199,200,7.011564707829993,7.011564707829993,6.861453178059423,6.861453178059423,0.15011152977056952,0.15011152977056952
1214,242800,rayleigh,64,5.672376466656025,8.349918527574443,2.290538492923654,6.065785308425577,,7.67699988123199,200,6.935722428398549,6.935722428398549,6.884577639374771,6.884577639374771,0.051144789023777726,0.051144789023777726
1215,243000,rayleigh,64,6.615399193338375,7.500001784022523,0.5535044829471105,6.952607284584454,,7.67699988123199,200,6.866073879809244,6.866073879809244,6.883525368489761,6.883525368489761,0.017451488680516825,0.017451488680516825
1216,243200,rayleigh,64,3.8248488771842744,8.341879055917182,4.31584590989471,4.168463596231038,,7.67699988123199,200,6.712724607793031,6.712724607793031,6.8451684692021635,6.8451684692021635,0.13244386140913278,0.13244386140913278
1217,243400,rayleigh,64,7.76034900016361,8.623081533410625,0.4439817271439165,8.185338927457048,,7.67699988123199,200,6.761247627840646,6.761247627840646,6.85005956044266,6.85005956044266,0.08881193260201403,0.08881193260201403
1218,243600,rayleigh,64,5.464771744160694,7.464049977827148,1.2691691642342602,6.205126895101803,,7.67699988123199,200,6.86540021034124,6.86540021034124,6.850800842921583,6.850800842921583,0.01459936741965695,0.01459936741965695
1219,243800,rayleigh,64,8.31378024333831,9.393545926542986,0.6310932736261476,8.762452652916839,,7.67699988123199,200,6.906150333950083,6.906150333950083,6.864996745766303,6.864996745766303,0.04115358818378034,0.04115358818378034
1220,244000,rayleigh,64,6.887252670300246,7.96427528238008,0.16614661291055324,7.798128669469526,,7.67699988123199,200,6.969325351115766,6.969325351115766,6.8874810404838085,6.8874810404838085,0.08184431063195774,0.08184431063195774
1221,244200,rayleigh,64,7.236928513905298,8.553214177775674,0.9725416571562571,7.581975381266824,,7.67699988123199,200,6.93198441824634,6.93198441824634,6.896097781961616,6.896097781961616,0.035886636284724105,0.035886636284724105
1222,244400,rayleigh,64,5.441099776221511,8.847889748399783,3.0611190487192714,5.7972688330804365,,7.67699988123199,200,6.861959581253538,6.861959581253538,6.877324824975561,6.877324824975561,0.01536524372202308,0.01536524372202308
1223,244600,rayleigh,64,5.918445160311773,7.467914870416429,0.2606331784664041,7.2072816919500235,,7.67699988123199,200,6.794151508544791,6.794151508544791,6.886528814781838,6.886528814781838,0.09237730623704632,0.09237730623704632
1224,244800,rayleigh,64,8.087111367568022,8.902069770669735,0.4825991879815942,8.419470582688145,,7.67699988123199,200,6.925451070420079,6.925451070420079,6.908482597481773,6.908482597481773,0.01696847293830661,0.01696847293830661
1225,245000,rayleigh,64,8.042208479673358,9.360509389478183,0.9119251576217247,8.44858423185646,,7.67699988123199,200,6.9821003947992875,6.9821003947992875,6.930614146037191,6.930614146037191,0.05148624876209684,0.05148624876209684
1226,245200,rayleigh,64,5.739685557057601,7.914088220889662,1.858238645530156,6.055849575359511,,7.67699988123199,200,6.844953510165851,6.844953510165851,6.9173091264121,6.9173091264121,0.07235561624624864,0.07235561624624864
1227,245400,rayleigh,64,6.436593964113493,7.456258983293261,0.7112899500772347,6.755392125970092,,7.67699988123199,200,6.7895022882777925,6.7895022882777925,6.909271950919081,6.909271950919081,0.1197696626412883,0.1197696626412883
1228,245600,rayleigh,64,6.781789317693508,8.428460722929902,1.3313249110936438,7.103407366429443,,7.67699988123199,200,6.8851795230475235,6.8851795230475235,6.9020304780389905,6.9020304780389905,0.01685095499146705,0.01685095499146705
1229,245800,rayleigh,64,1.851959949736954,7.940224018762083,5.165710907833906,3.005476828679383,,7.67699988123199,200,6.68077747278271,6.68077747278271,6.857109591044557,6.857109591044557,0.17633211826184692,0.17633211826184692
1230,246000,rayleigh,64,8.134255603960336,8.813527754848407,0.37436825324527956,8.439159501603129,,7.67699988123199,200,6.7153363737553615,6.7153363737553615,6.867569564434234,6.867569564434234,0.15223319067887253,0.15223319067887253
1231,246200,rayleigh,64,6.760418973280106,7.33999813428513,0.22568969110465611,7.114308443180481,,7.67699988123199,200,6.681486956530695,6.681486956530695,6.861692306416005,6.861692306416005,0.18020534988531,0.18020534988531
1232,246400,rayleigh,64,6.385425445693024,8.152431799045912,1.4615082977762917,6.702308725277784,,7.67699988123199,200,6.657251103488479,6.657251103488479,6.863039563026589,6.863039563026589,0.20578845953810987,0.20578845953810987
1233,246600,rayleigh,64,4.820671021146913,7.865874521414216,2.3112429204793203,5.595331418409147,,7.67699988123199,200,6.818185901996857,6.818185901996857,6.853089852524828,6.853089852524828,0.034903950527970906,0.034903950527970906
1234,246800,rayleigh,64,8.080804858294671,8.57680651763065,0.18484205911985,8.3919644585108,,7.67699988123199,200,6.934494859501119,6.934494859501119,6.886460346283769,6.886460346283769,0.04803451321734986,0.04803451321734986
1235,247000,rayleigh,64,6.784064393728628,7.713644959309575,0.6435582654595734,7.070086693849999,,7.67699988123199,200,6.940368829964396,6.940368829964396,6.874008055248794,6.874008055248794,0.06636077471560231,0.06636077471560231
1236,247200,rayleigh,64,7.120489853864261,7.712804505613761,0.2655999776901235,7.4472045279236365,,7.67699988123199,200,7.1043058765490255,7.1043058765490255,6.88772484500845,6.88772484500845,0.21658103154057518,0.21658103154057518
1237,247400,rayleigh,64,7.579169191480571,8.359100011000887,0.4767235983886713,7.882376412612217,,7.67699988123199,200,7.089157750806786,7.089157750806786,6.894475589150502,6.894475589150502,0.19468216165628416,0.19468216165628416
1238,247600,rayleigh,64,6.613148223307292,7.698785414107266,0.7198519016694864,6.996225678148588,,7.67699988123199,200,7.128712689959123,7.128712689959123,6.884783002740023,6.884783002740023,0.2439296872190999,0.2439296872190999
1239,247800,rayleigh,64,4.84739757522036,7.364110127766403,0.8135995787486071,6.559376336970905,,7.67699988123199,200,7.018558874161826,7.018558874161826,6.894875781722857,6.894875781722857,0.12368309243896913,0.12368309243896913
1240,248000,rayleigh,64,6.97088526117703,9.36835444505638,1.9976129614111362,7.3770718816416645,,7.67699988123199,200,6.997506034770433,6.997506034770433,6.886085067770767,6.886085067770767,0.11142096699966597,0.11142096699966597
1241,248200,rayleigh,64,6.280511506892355,7.998654546733813,0.45673776080163325,7.541916785932178,,7.67699988123199,200,6.995503105003702,6.995503105003702,6.888162101458754,6.888162101458754,0.10734100354494824,0.10734100354494824
1242,248400,rayleigh,64,7.951816465974211,9.209552782283087,0.8456008534492441,8.363951928833838,,7.67699988123199,200,7.123837259791371,7.123837259791371,6.896939945964598,6.896939945964598,0.2268973138267727,0.2268973138267727
1243,248600,rayleigh,64,6.44234718768888,7.961898476246592,0.915607856612604,7.046290619633981,,7.67699988123199,200,7.11578770617557,7.11578770617557,6.900792082583389,6.900792082583389,0.2149956235921806,0.2149956235921806
1244,248800,rayleigh,64,6.9862300665149215,8.008928283888007,0.586784011575717,7.425637141593858,,7.67699988123199,200,7.066096034120855,7.066096034120855,6.899217115309555,6.899217115309555,0.16687891881130046,0.16687891881130046
1245,249000,rayleigh,64,5.628894567989496,8.002274207059218,1.3883172750027049,6.613956932056509,,7.67699988123199,200,6.974364669130859,6.974364669130859,6.90300766031716,6.90300766031716,0.071357008813699,0.071357008813699
1246,249200,rayleigh,64,2.4869020395465316,8.271001271695892,5.488290075664336,3.105112949984175,,7.67699988123199,200,6.826827837862089,6.826827837862089,6.882627741308142,6.882627741308142,0.055799903446053456,0.055799903446053456
1247,249400,rayleigh,64,2.994839830382398,7.739711544381315,3.267064475345433,4.5281132777420865,,7.67699988123199,200,6.715463895450689,6.715463895450689,6.8798873139163,6.8798873139163,0.16442341846561082,0.16442341846561082
1248,249600,rayleigh,64,7.036834398384818,8.094182525207186,0.46867207743442213,7.625606494687961,,7.67699988123199,200,6.741573851863616,6.741573851863616,6.873464735737119,6.873464735737119,0.13189088387350267,0.13189088387350267
1249,249800,rayleigh,64,6.376664652517281,8.535424519946785,0.7507687386177677,7.789655486350609,,7.67699988123199,200,6.980782784747177,6.980782784747177,6.874572246590591,6.874572246590591,0.10621053815658588,0.10621053815658588
1250,250000,rayleigh,64,7.076388997100938,8.200957805501844,0.7074199115097257,7.493537893992115,7.309141961953659,7.309141961953659,200,6.933501704366625,6.933501704366625,6.89579060487849,6.89579060487849,0.03771109948813489,0.03771109948813489
1251,250200,rayleigh,64,6.4743724286850135,8.410549740939759,1.5040119748569418,6.9071344423993954,,7.309141961953659,200,6.923143004327573,6.923143004327573,6.896040726414915,6.896040726414915,0.027102277912657513,0.027102277912657513
1252,250400,rayleigh,64,6.220611938217466,7.7209057521371625,0.4690486020971497,7.251857150040017,,7.309141961953659,200,6.950620425565684,6.950620425565684,6.903943196501906,6.903943196501906,0.04667722906377758,0.04667722906377758
1253,250600,rayleigh,64,5.840721326744614,7.777486068968632,1.5093291653803276,6.286381773835936,,7.309141961953659,200,6.985172943337024,6.985172943337024,6.908074180298709,6.908074180298709,0.07709876303831464,0.07709876303831464
1254,250800,rayleigh,64,4.052442411275752,7.551928125596695,3.20539740091957,4.428628732554447,,7.309141961953659,200,6.7870061570392055,6.7870061570392055,6.892646673195649,6.892646673195649,0.1056405161564431,0.1056405161564431
1255,251000,rayleigh,64,5.979414388884477,7.598157865520344,0.643582819446006,6.954575046074339,,7.309141961953659,200,6.781230574650422,6.781230574650422,6.888541104148638,6.888541104148638,0.10731052949821596,0.10731052949821596
1256,251200,rayleigh,64,7.298164982655813,9.046196057206924,1.3491974709760315,7.708503661366596,,7.309141961953659,200,6.794295531322571,6.794295531322571,6.887758725223084,6.887758725223084,0.09346319390051328,0.09346319390051328
1257,251400,rayleigh,64,5.684357694088142,7.83521029187087,1.7166376701233284,6.168000757808501,,7.309141961953659,200,6.708576748582385,6.708576748582385,6.875880891788513,6.875880891788513,0.16730414320612752,0.16730414320612752
1258,251600,rayleigh,64,4.360505222596054,8.121495865233332,3.397871520480447,4.752780446348321,,7.309141961953659,200,6.5964044869923715,6.5964044869923715,6.859244125074106,6.859244125074106,0.2628396380817346,0.2628396380817346
1259,251800,rayleigh,64,7.046090372244456,8.578258656703623,0.5551903828302511,8.023068273873367,,7.309141961953659,200,6.669589083837495,6.669589083837495,6.871615941183733,6.871615941183733,0.2020268573462376,0.2020268573462376
1260,252000,rayleigh,64,5.07644674434391,7.789842871906991,1.8528051732658002,5.983291616508185,,7.309141961953659,200,6.599900070580821,6.599900070580821,6.882491801243152,6.882491801243152,0.2825917306623307,0.2825917306623307
1261,252200,rayleigh,64,7.563256678767682,8.556422161082873,0.6069378860418876,7.949484275040985,,7.309141961953659,200,6.62027844503626,6.62027844503626,6.878900914622273,6.878900914622273,0.25862246958601265,0.25862246958601265
1262,252400,rayleigh,64,4.026823656627781,7.382243545720509,2.084564106285538,5.342785664042716,,7.309141961953659,200,6.469220131796705,6.469220131796705,6.871346920551883,6.871346920551883,0.4021267887551776,0.4021267887551776
1263,252600,rayleigh,64,7.021263197063084,8.870892275533466,1.0301307765718422,7.840761498961623,,7.309141961953659,200,6.508943675763088,6.508943675763088,6.880577184328818,6.880577184328818,0.3716335085657301,0.3716335085657301
1264,252800,rayleigh,64,6.529568170631987,7.691775097600523,0.8082221519288403,6.88355294567168,,7.309141961953659,200,6.48183946596698,6.48183946596698,6.890928629293302,6.890928629293302,0.40908916332632206,0.40908916332632206
1265,253000,rayleigh,64,7.328418809636371,9.16908726484629,1.3614755907350755,7.807611674111203,,7.309141961953659,200,6.5415222030697135,6.5415222030697135,6.90680765642417,6.90680765642417,0.3652854533544563,0.3652854533544563
1266,253200,rayleigh,64,1.0258372986644086,8.583652873492511,7.707340696820335,1.5195626061026026,,7.309141961953659,200,6.462244685875635,6.462244685875635,6.850507064612287,6.850507064612287,0.3882623787366528,0.3882623787366528
1267,253400,rayleigh,64,7.268018350348449,8.500728050982444,0.7609048581443919,7.74495182628481,,7.309141961953659,200,6.62308661330277,6.62308661330277,6.862106017538207,6.862106017538207,0.239019404235437,0.239019404235437
1268,253600,rayleigh,64,6.739028936908548,8.087077368476765,0.6657427936453756,7.421334574831391,,7.309141961953659,200,6.6128730173099415,6.6128730173099415,6.872095072257866,6.872095072257866,0.2592220549479247,0.2592220549479247
1269,253800,rayleigh,64,6.239612068242264,7.6842944976273335,0.7306937605285305,6.973003338284062,,7.309141961953659,200,6.572040409906615,6.572040409906615,6.869033219570853,6.869033219570853,0.29699280966423824,0.29699280966423824
1270,254000,rayleigh,64,5.368344253805576,7.3866615613049085,0.8133046686834625,6.573412453659948,,7.309141961953659,200,6.526034137890006,6.526034137890006,6.847177196332642,6.847177196332642,0.3211430584426358,0.3211430584426358
1271,254200,rayleigh,64,7.384700073305166,8.624203319723485,0.7356789766181313,7.8885243431053516,,7.309141961953659,200,6.575103632925304,6.575103632925304,6.856368803109394,6.856368803109394,0.28126517018409025,0.28126517018409025
1272,254400,rayleigh,64,6.6301758872236585,7.684132264147874,0.6705900598975395,7.0183107933256,,7.309141961953659,200,6.5634263150895835,6.5634263150895835,6.8439657069327104,6.8439657069327104,0.28053939184312693,0.28053939184312693
1273,254600,rayleigh,64,5.427829161148773,7.574172373440682,1.5212098195291555,6.073700498791336,,7.309141961953659,200,6.552792251337353,6.552792251337353,6.8392796468647745,6.8392796468647745,0.28648739552742164,0.28648739552742164
1274,254800,rayleigh,64,-2.0166766140258225,8.569122122283744,10.772689856280506,0.29967565050192624,,7.309141961953659,200,6.346344597234727,6.346344597234727,6.7779102054252895,6.7779102054252895,0.4315656081905628,0.4315656081905628
1275,255000,rayleigh,64,7.150873574220172,8.307937414573743,0.8140764977037325,7.493860916870009,,7.309141961953659,200,6.37330889077451,6.37330889077451,6.7860467992297036,6.7860467992297036,0.41273790845519365,0.41273790845519365
1276,255200,rayleigh,64,7.2168132558623075,8.851628604651514,1.2205706926663538,7.631057911985167,,7.309141961953659,200,6.36943660330544,6.36943660330544,6.797571599271711,6.797571599271711,0.42813499596627125,0.42813499596627125
1277,255400,rayleigh,64,6.466750181661834,8.298703982786071,1.1567456436563646,7.150517308928796,,7.309141961953659,200,6.418562430861454,6.418562430861454,6.796648836897614,6.796648836897614,0.37808640603615995,0.37808640603615995
1278,255600,rayleigh,64,6.083026098878666,7.752290231565058,1.2099047280217439,6.545467804483928,,7.309141961953659,200,6.5081967987682345,6.5081967987682345,6.7886874183251305,6.7886874183251305,0.2804906195568959,0.2804906195568959
1279,255800,rayleigh,64,7.288400227754656,8.086877391486581,0.46739672104828806,7.619480670438295,,7.309141961953659,200,6.488017418596482,6.488017418596482,6.775687996468985,6.775687996468985,0.28767057787250305,0.28767057787250305
1280,256000,rayleigh,64,7.361067276518436,8.704311251481464,1.0006994621422176,7.703611789339249,,7.309141961953659,200,6.574033427238035,6.574033427238035,6.78424170687204,6.78424170687204,0.21020827963400457,0.21020827963400457
1281,256200,rayleigh,64,4.437486795853025,7.555720249613741,2.547443723755563,5.031155663142805,,7.309141961953659,200,6.428116996643125,6.428116996643125,6.743199269002313,6.743199269002313,0.31508227235918795,0.31508227235918795
1282,256400,rayleigh,64,7.559949110351647,8.369860989932555,0.4551070438238556,7.914753946108698,,7.309141961953659,200,6.556715410746425,6.556715410746425,6.7763883810731,6.7763883810731,0.2196729703266751,0.2196729703266751
1283,256600,rayleigh,64,5.304322935141241,7.376639632952257,1.6747488385139502,5.719551314539124,,7.309141961953659,200,6.4506549015253,6.4506549015253,6.754689592049761,6.754689592049761,0.3040346905244613,0.3040346905244613
1284,256800,rayleigh,64,4.516812339796274,7.748674007059194,1.8499476426407517,5.903437972836205,,7.309141961953659,200,6.401649152883526,6.401649152883526,6.764800079385788,6.764800079385788,0.36315092650226166,0.36315092650226166
1285,257000,rayleigh,64,7.319619417484308,9.208829046134822,1.5393516670225977,7.669477379112217,,7.309141961953659,200,6.394742438133576,6.394742438133576,6.769483501859275,6.769483501859275,0.3747410637256996,0.3747410637256996
1286,257200,rayleigh,64,7.548278536318872,9.034961594174174,1.084227882900008,7.950733711274177,,7.309141961953659,200,6.716300993392155,6.716300993392155,6.813190969018733,6.813190969018733,0.09688997562657864,0.09688997562657864
1287,257400,rayleigh,64,6.785552415725771,8.202073793348859,0.24126858385577143,7.960805209493093,,7.309141961953659,200,6.727093662552569,6.727093662552569,6.836595713997835,6.836595713997835,0.10950205144526581,0.10950205144526581
1288,257600,rayleigh,64,7.453944941602979,8.77331570360864,0.8821190087057941,7.891438470309024,,7.309141961953659,200,6.75059885732645,6.75059885732645,6.8422705194355515,6.8422705194355515,0.0916716621091016,0.0916716621091016
1289,257800,rayleigh,64,5.905430938629129,8.025877798542542,1.7445407917560454,6.29301531610733,,7.309141961953659,200,6.7165994562176135,6.7165994562176135,6.839329206929775,6.839329206929775,0.12272975071216141,0.12272975071216141
1290,258000,rayleigh,64,3.610510910964947,7.506121601376252,2.5883072907824687,4.943608127113116,,7.309141961953659,200,6.635109239890272,6.635109239890272,6.822758135196088,6.822758135196088,0.1876488953058164,0.1876488953058164
1291,258200,rayleigh,64,6.475852502034247,7.521167418391363,0.6368307417763209,6.884336676615042,,7.309141961953659,200,6.584899856565758,6.584899856565758,6.816649739487911,6.816649739487911,0.23174988292215293,0.23174988292215293
1292,258400,rayleigh,64,6.8093954746239795,7.64463953474474,0.4707231398127324,7.173916394932005,,7.309141961953659,200,6.592680136646076,6.592680136646076,6.8003350839404435,6.8003350839404435,0.20765494729436718,0.20765494729436718
1293,258600,rayleigh,64,4.985019806188992,7.733119708203792,2.048348083135048,5.708789671909704,,7.309141961953659,200,6.574434595301996,6.574434595301996,6.788430079960643,6.788430079960643,0.21399548465864715,0.21399548465864715
1294,258800,rayleigh,64,7.135906593630332,8.4838769279922,0.9953778620123066,7.5003626408153865,,7.309141961953659,200,6.934468944817668,6.934468944817668,6.787607397398254,6.787607397398254,0.14686154741941415,0.14686154741941415
1295,259000,rayleigh,64,7.463518292737957,8.501270660812848,0.7077132412441969,7.793557419568654,,7.309141961953659,200,6.9494537699526004,6.9494537699526004,6.782087189030235,6.782087189030235,0.16736658092236567,0.16736658092236567
1296,259200,rayleigh,64,4.07951487856746,8.104040033708934,3.291050711600488,4.88001956046648,,7.309141961953659,200,6.811901852376666,6.811901852376666,6.7585328942693454,6.7585328942693454,0.05336895810732045,0.05336895810732045
1297,259400,rayleigh,64,5.665364238611485,8.706039173807776,2.6583485513093454,6.0616924181898755,,7.309141961953659,200,6.75746060783972,6.75746060783972,6.747001033186198,6.747001033186198,0.010459574653522097,0.010459574653522097
1298,259600,rayleigh,64,7.700859317924867,9.936821663062076,1.285401627117064,8.651420035945016,,7.309141961953659,200,6.862758219412775,6.862758219412775,6.792294481094748,6.792294481094748,0.07046373831802732,0.07046373831802732
1299,259800,rayleigh,64,5.373385753738673,8.529022954302551,2.8814509864919446,5.685199961250556,,7.309141961953659,200,6.766044183953388,6.766044183953388,6.769671978899854,6.769671978899854,0.0036277949464667003,0.0036277949464667003
1300,260000,rayleigh,64,5.105999952551335,7.694694049208625,2.1369842605965412,5.561013648854642,6.963367780214535,6.963367780214535,200,6.658914276929157,6.658914276929157,6.759935832126842,6.759935832126842,0.10102155519768452,0.10102155519768452
1301,260200,rayleigh,64,5.578710852320907,7.342688218790859,0.5490724395370729,6.796386951200095,,6.963367780214535,200,6.747175841332023,6.747175841332023,6.7446117612522904,6.7446117612522904,0.0025640800797326335,0.0025640800797326335
1302,260400,rayleigh,64,4.9476293416569845,7.785650633610778,2.0498504464214466,5.756926858606871,,6.963367780214535,200,6.63928448695693,6.63928448695693,6.730203374108994,6.730203374108994,0.09091888715206409,0.09091888715206409
1303,260600,rayleigh,64,7.120962555200897,7.696086435463565,0.21146510107356567,7.484621334390002,,6.963367780214535,200,6.727537987949475,6.727537987949475,6.719415155991645,6.719415155991645,0.008122831957829924,0.008122831957829924
1304,260800,rayleigh,64,6.37078645581516,8.51073800699952,0.9466030330506333,7.564134973948892,,6.963367780214535,200,6.810572838005109,6.810572838005109,6.7371217122793094,6.7371217122793094,0.07345112572579993,0.07345112572579993
1305,261000,rayleigh,64,5.796824574551485,8.32249685035221,1.3114393863847238,7.0130983369587865,,6.963367780214535,200,6.777753885897437,6.777753885897437,6.734096718206174,6.734096718206174,0.043657167691263155,0.043657167691263155
1306,261200,rayleigh,64,5.634283845121098,7.599762750588911,1.5837379048538665,6.036489800304725,,6.963367780214535,200,6.682041690348965,6.682041690348965,6.706473743528939,6.706473743528939,0.02443205317997421,0.02443205317997421
1307,261400,rayleigh,64,5.4860433939509985,7.845475812367182,1.9733324980132134,5.872143314353967,,6.963367780214535,200,6.577608595592008,6.577608595592008,6.6865510110351645,6.6865510110351645,0.1089424154431562,0.1089424154431562
1308,261600,rayleigh,64,7.207405580095092,8.365606628470493,0.3096870383537879,8.055919590116703,,6.963367780214535,200,6.5858326515823915,6.5858326515823915,6.715211580225984,6.715211580225984,0.12937892864359224,0.12937892864359224
1309,261800,rayleigh,64,7.3515451001646746,7.965988084773356,0.23954938878799922,7.726438695985359,,6.963367780214535,200,6.657503820576292,6.657503820576292,6.721540788846081,6.721540788846081,0.06403696826978855,0.06403696826978855
1310,262000,rayleigh,64,6.258147265053246,7.717332430554792,1.1032849944283618,6.638827592079622,,6.963367780214535,200,6.742264793824619,6.742264793824619,6.710449249945377,6.710449249945377,0.031815543879242014,0.031815543879242014
1311,262200,rayleigh,64,6.570718621813884,7.935168051108599,0.97978266889963,6.955385382208973,,6.963367780214535,200,6.745817229104316,6.745817229104316,6.702090135890728,6.702090135890728,0.04372709321358759,0.04372709321358759
1312,262400,rayleigh,64,5.540177671242326,8.206520968980335,2.3544091670483476,5.8983476568609,,6.963367780214535,200,6.682038792200761,6.682038792200761,6.689203354598115,6.689203354598115,0.0071645623973539685,0.0071645623973539685
1313,262600,rayleigh,64,5.121344107814708,8.243011804164825,2.6675016104494746,5.652241664987599,,6.963367780214535,200,6.679211391854656,6.679211391854656,6.7219594167655785,6.7219594167655785,0.042748024910922666,0.042748024910922666
1314,262800,rayleigh,64,7.178150598084403,7.897154634201061,0.31855931072999166,7.5785953234710695,,6.963367780214535,200,6.68312302598744,6.68312302598744,6.737087516916032,6.737087516916032,0.05396449092859168,0.05396449092859168
1315,263000,rayleigh,64,6.501188842692076,9.510967200307526,2.6326235444744026,6.8860247554895375,,6.963367780214535,200,6.637746392783484,6.637746392783484,6.7364216916250825,6.7364216916250825,0.09867529884159865,0.09867529884159865
1316,263200,rayleigh,64,6.656888615024394,8.44413732178437,1.412553873797181,7.03158344798719,,6.963367780214535,200,6.745324587159518,6.745324587159518,6.765052890142644,6.765052890142644,0.019728302983125445,0.019728302983125445
1317,263400,rayleigh,64,5.006229586875827,8.630464734782404,3.37876122981477,5.339378248275418,,6.963367780214535,200,6.709208878663796,6.709208878663796,6.736593283350828,6.736593283350828,0.02738440468703196,0.02738440468703196
1318,263600,rayleigh,64,6.357100448434616,7.796256862135572,0.9998574397426285,6.810815323796408,,6.963367780214535,200,6.617178643056367,6.617178643056367,6.742650167637773,6.742650167637773,0.12547152458140598,0.12547152458140598
1319,263800,rayleigh,64,4.685542076232665,7.927633437222778,2.1204874599173724,5.830233931334738,,6.963367780214535,200,6.624430341560576,6.624430341560576,6.713327980421954,6.713327980421954,0.08889763886137825,0.08889763886137825
1320,264000,rayleigh,64,2.5923561942792857,7.65715848910164,4.315985619826496,3.518745473005467,,6.963367780214535,200,6.522316932768115,6.522316932768115,6.670534148457312,6.670534148457312,0.148217215689197,0.148217215689197
1321,264200,rayleigh,64,2.3697169247305214,8.588923588409527,4.2791572458732485,4.456038391499922,,6.963367780214535,200,6.405299504783107,6.405299504783107,6.639274778559643,6.639274778559643,0.2339752737765357,0.2339752737765357
1322,264400,rayleigh,64,3.9059942079419936,8.09208829386258,2.9850912628630533,5.223982020456134,,6.963367780214535,200,6.378652262875571,6.378652262875571,6.633541910433401,6.633541910433401,0.25488964755782995,0.25488964755782995
1323,264600,rayleigh,64,5.417347893802049,7.9052869084201625,1.4715195320852696,6.450963467382857,,6.963367780214535,200,6.326969369525214,6.326969369525214,6.625978728187728,6.625978728187728,0.29900935866251377,0.29900935866251377
1324,264800,rayleigh,64,7.519792035759227,8.86085869789868,1.0131269479547913,7.847731749943893,,6.963367780214535,200,6.341149208324963,6.341149208324963,6.620261339860285,6.620261339860285,0.2791121315353218,0.2791121315353218
1325,265000,rayleigh,64,6.440945720015569,8.493715520363494,0.8180597165243195,7.676388583323445,,6.963367780214535,200,6.374313720643197,6.374313720643197,6.612539383374956,6.612539383374956,0.23822566273175916,0.23822566273175916
1326,265200,rayleigh,64,5.568469695401653,8.251104145147526,2.1816421740906407,6.096108661378805,,6.963367780214535,200,6.3772946636969,6.3772946636969,6.6129419742351505,6.6129419742351505,0.2356473105382504,0.2356473105382504
1327,265400,rayleigh,64,4.002773984855721,7.598708981897482,2.558790403329143,5.09189033131359,,6.963367780214535,200,6.338282014544881,6.338282014544881,6.5963069562885845,6.5963069562885845,0.2580249417437033,0.2580249417437033
1328,265600,rayleigh,64,7.33083256941544,8.257484083622842,0.21188694396209565,8.04559713966074,,6.963367780214535,200,6.337765892022084,6.337765892022084,6.6057288540208985,6.6057288540208985,0.26796296199881464,0.26796296199881464
1329,265800,rayleigh,64,7.716519604848468,9.363278577026241,1.1985530155038655,8.164725561522383,,6.963367780214535,200,6.359680235298935,6.359680235298935,6.657321341349327,6.657321341349327,0.29764110605039207,0.29764110605039207
1330,266000,rayleigh,64,0.8545587856617108,8.006114857620007,6.085165477241273,2.327813887136256,,6.963367780214535,200,6.144129550051767,6.144129550051767,6.596207885204658,6.596207885204658,0.45207833515289053,0.45207833515289053
1331,266200,rayleigh,64,6.483021735550666,8.356587809223331,1.3819495804858855,6.977932279620451,,6.963367780214535,200,6.1452568949223405,6.1452568949223405,6.5948441235690565,6.5948441235690565,0.44958722864671596,0.44958722864671596
1332,266400,rayleigh,64,8.422141480056345,9.027700874837157,0.13830564769662382,8.889395227140534,,6.963367780214535,200,6.294809273436322,6.294809273436322,6.616714988587685,6.616714988587685,0.32190571515136224,0.32190571515136224
1333,266600,rayleigh,64,5.198918695981333,7.786391403011484,1.771724010114489,6.02060535584762,,6.963367780214535,200,6.313227457979323,6.313227457979323,6.6209677279620704,6.6209677279620704,0.30774026998274717,0.30774026998274717
1334,266800,rayleigh,64,4.548037656738333,7.224778710963006,2.0413011622440957,5.208688458336297,,6.963367780214535,200,6.194732114722585,6.194732114722585,6.589134967960324,6.589134967960324,0.3944028532377386,0.3944028532377386
1335,267000,rayleigh,64,7.659227333677619,8.507298247148013,0.416137500946889,8.091160746201119,,6.963367780214535,200,6.254988914258163,6.254988914258163,6.599345708483836,6.599345708483836,0.3443567942256722,0.3443567942256722
1336,267200,rayleigh,64,7.082531933772544,8.259926135095796,0.6591540720023139,7.60077206309348,,6.963367780214535,200,6.283448345013478,6.283448345013478,6.600881383835534,6.600881383835534,0.3174330388220561,0.3174330388220561
1337,267400,rayleigh,64,4.961057182409066,8.10386269410698,1.665918663013368,6.446016149291792,,6.963367780214535,200,6.338780240064297,6.338780240064297,6.586517781202331,6.586517781202331,0.2477375411380338,0.2477375411380338
1338,267600,rayleigh,64,6.199074930749029,8.163293424634148,0.9629105681195497,7.202239052661802,,6.963367780214535,200,6.358351426507566,6.358351426507566,6.588577914947463,6.588577914947463,0.23022648843989657,0.23022648843989657
1339,267800,rayleigh,64,6.707921836083175,7.899423592853544,0.33879815478721836,7.56482701080485,,6.963367780214535,200,6.4450810804810725,6.4450810804810725,6.598632421685802,6.598632421685802,0.15355134120472957,0.15355134120472957
1340,268000,rayleigh,64,6.999525849691237,7.545158628879429,0.16899289602632273,7.376165732853114,,6.963367780214535,200,6.637952093473454,6.637952093473454,6.598623360197916,6.598623360197916,0.03932873327553832,0.03932873327553832
1341,268200,rayleigh,64,5.745921052074233,8.512230095324647,2.357304680670982,6.193798377125528,,6.963367780214535,200,6.724840092754734,6.724840092754734,6.58514217610985,6.58514217610985,0.1396979166448844,0.1396979166448844
1342,268400,rayleigh,64,7.838442898206631,8.909927961522552,0.5038119202338173,8.406116041288737,,6.963367780214535,200,6.883946793796364,6.883946793796364,6.585563817234399,6.585563817234399,0.2983829765619648,0.2983829765619648
1343,268600,rayleigh,64,4.915669042401876,7.801258604205901,1.489182055163238,6.324221257370109,,6.963367780214535,200,6.877609683295728,6.877609683295728,6.578343123611761,6.578343123611761,0.299266559683967,0.299266559683967
1344,268800,rayleigh,64,8.491634340881568,9.030605895562495,0.12528554717031296,8.905320348392182,,6.963367780214535,200,6.930489113218142,6.930489113218142,6.593139955679743,6.593139955679743,0.3373491575383989,0.3373491575383989
1345,269000,rayleigh,64,3.4022992509760814,7.6330409224169795,2.8253838100412683,4.865552124955479,,6.963367780214535,200,6.789947290299745,6.789947290299745,6.575655907608733,6.575655907608733,0.21429138269101156,0.21429138269101156
1346,269200,rayleigh,64,6.332239410082687,8.582414341428024,1.7162357144735512,6.8852273302548985,,6.963367780214535,200,6.829403223743549,6.829403223743549,6.613457051411441,6.613457051411441,0.21594617233210833,0.21594617233210833
1347,269400,rayleigh,64,6.145280246610786,7.46157000279674,0.2913453304741254,7.170224672322612,,6.963367780214535,200,6.933319940793998,6.933319940793998,6.639878165357245,6.639878165357245,0.29344177543675354,0.29344177543675354
1348,269600,rayleigh,64,7.708719071785745,9.278299261321086,0.9684612024852004,8.309838058835885,,6.963367780214535,200,6.946531986752755,6.946531986752755,6.6467204809987255,6.6467204809987255,0.2998115057540298,0.2998115057540298
1349,269800,rayleigh,64,4.257363997978459,8.28646387040681,2.6058951286381222,5.692072791527334,,6.963367780214535,200,6.822899348253003,6.822899348253003,6.625744654050494,6.625744654050494,0.19715469420250908,0.19715469420250908
1350,270000,rayleigh,64,3.5189262696013923,8.42859707883914,3.9921807514558822,4.491552643396008,6.890071630801229,6.890071630801229,200,6.931086286065991,6.931086286065991,6.5957248015445336,6.5957248015445336,0.3353614845214574,0.3353614845214574
1351,270200,rayleigh,64,6.881401052246429,9.070796059841758,1.3416345930297735,7.72916146681199,,6.890071630801229,200,6.968647745425569,6.968647745425569,6.603945071788659,6.603945071788659,0.3647026736369101,0.3647026736369101
1352,270400,rayleigh,64,6.093482115054342,7.692285828043729,1.1018424465718863,6.595884605881239,,6.890071630801229,200,6.853972214362605,6.853972214362605,6.59738534634707,6.59738534634707,0.25658686801553454,0.25658686801553454
1353,270600,rayleigh,64,4.247676511942977,8.454789404943545,2.9083200668627787,5.593077512863241,,6.890071630801229,200,6.832595822213383,6.832595822213383,6.590452303737343,6.590452303737343,0.24214351847604032,0.24214351847604032
1354,270800,rayleigh,64,5.058784106630894,8.331540663455412,1.8988911750934723,6.432649488361939,,6.890071630801229,200,6.8937938737146665,6.8937938737146665,6.610492511295417,6.610492511295417,0.2833013624192491,0.2833013624192491
1355,271000,rayleigh,64,6.710296391547403,8.52136452694348,1.4291135779466946,7.0922509489967815,,6.890071630801229,200,6.84384838385445,6.84384838385445,6.611869270324641,6.611869270324641,0.2319791135298086,0.2319791135298086
1356,271200,rayleigh,64,7.7933997614101385,9.284222703078104,1.0426644946740717,8.241558208404031,,6.890071630801229,200,6.8758876911199796,6.8758876911199796,6.617199815795017,6.617199815795017,0.25868787532496285,0.25868787532496285
1357,271400,rayleigh,64,3.962489671690436,8.050157965513254,2.6715772174829753,5.406868875199513,,6.890071630801229,200,6.823930327415364,6.823930327415364,6.609588496968926,6.609588496968926,0.21434183044643795,0.21434183044643795
1358,271600,rayleigh,64,7.0008539412205355,8.661466351073395,1.1634723663386128,7.497993984734785,,6.890071630801229,200,6.838718074019013,6.838718074019013,6.637040632352791,6.637040632352791,0.20167744166622192,0.20167744166622192
1359,271800,rayleigh,64,7.292830303782458,9.328499483455074,1.5858682056032232,7.745060023465689,,6.890071630801229,200,6.847729724652055,6.847729724652055,6.6342605498487135,6.6342605498487135,0.2134691748033415,0.2134691748033415
1360,272000,rayleigh,64,2.767171267157248,7.186886860226796,2.4367893205912035,4.815556226149761,,6.890071630801229,200,6.7196992493168874,6.7196992493168874,6.622583195945131,6.622583195945131,0.09711605337175655,0.09711605337175655
1361,272200,rayleigh,64,4.0630907321752625,7.727669366622672,2.4910813404649312,5.290517180757116,,6.890071630801229,200,6.674535189498466,6.674535189498466,6.59599352500229,6.59599352500229,0.07854166449617672,0.07854166449617672
1362,272400,rayleigh,64,6.552028442987643,8.225231722499498,1.0356393157472876,7.189592406752218,,6.890071630801229,200,6.613709007771641,6.613709007771641,6.614461592429386,6.614461592429386,0.0007525846577447481,0.0007525846577447481
1363,272600,rayleigh,64,6.791014454787311,8.934794526366018,1.4367027645794315,7.521607694893238,,6.890071630801229,200,6.673578329647798,6.673578329647798,6.611270054388701,6.611270054388701,0.0623082752590971,0.0623082752590971
1364,272800,rayleigh,64,7.408119018869708,9.052713613665318,1.2214087030289023,7.831304910636414,,6.890071630801229,200,6.619877557760008,6.619877557760008,6.62074757403835,6.62074757403835,0.0008700162783421561,0.0008700162783421561
1365,273000,rayleigh,64,4.7652360887357625,7.61027465407692,1.0681027723029615,6.542171881773951,,6.890071630801229,200,6.70370854560093,6.70370854560093,6.608093176114976,6.608093176114976,0.09561536948595428,0.09561536948595428
1366,273200,rayleigh,64,7.119750935754221,7.595755649652823,0.11114256647592088,7.4846130831768996,,6.890071630801229,200,6.733677833247033,6.733677833247033,6.667743680885719,6.667743680885719,0.06593415236131417,0.06593415236131417
1367,273400,rayleigh,64,6.436155860389348,9.016784402532119,2.19746043916974,6.819635867972001,,6.890071630801229,200,6.716148393029502,6.716148393029502,6.658490521302591,6.658490521302591,0.05765787172691095,0.05765787172691095
1368,273600,rayleigh,64,5.112515995350647,7.321995032857587,1.029745468336218,6.296925579808143,,6.890071630801229,200,6.615502769078114,6.615502769078114,6.647246431352358,6.647246431352358,0.03174366227424397,0.03174366227424397
1369,273800,rayleigh,64,6.048493529462259,8.51560261024356,1.570038291911856,6.947952492768684,,6.890071630801229,200,6.678296754140182,6.678296754140182,6.646995922897205,6.646995922897205,0.03130083124297656,0.03130083124297656
1370,274000,rayleigh,64,7.039398243402019,9.054886028459524,1.52299191486909,7.531894113590431,,6.890071630801229,200,6.830313827649903,6.830313827649903,6.65658073949651,6.65658073949651,0.1737330881533925,0.1737330881533925
1371,274200,rayleigh,64,7.775814425327045,8.714558616405306,0.5364644029776549,8.178094213427658,,6.890071630801229,200,6.852760464980688,6.852760464980688,6.659476438199732,6.659476438199732,0.19328402678095546,0.19328402678095546
1372,274400,rayleigh,64,6.408514874064403,8.52617282871309,1.147615725243547,7.378557103469538,,6.890071630801229,200,6.891894089860102,6.891894089860102,6.663078901301174,6.663078901301174,0.22881518855892846,0.22881518855892846
1373,274600,rayleigh,64,2.3897182759121964,7.516987665424967,4.46309599495771,3.2917959411593762,,6.890071630801229,200,6.776830011274908,6.776830011274908,6.635259855724854,6.635259855724854,0.14157015555005348,0.14157015555005348
1374,274800,rayleigh,64,2.1999317376964482,7.371316236704638,4.405400250315237,3.1520350317819052,,6.890071630801229,200,6.612799288445906,6.612799288445906,6.663783449537655,6.663783449537655,0.050984161091748526,0.050984161091748526
1375,275000,rayleigh,64,6.96947246622936,8.861890969093658,1.2741880113715185,7.58770295772215,,6.890071630801229,200,6.637571888882175,6.637571888882175,6.664721869946176,6.664721869946176,0.02714998106400035,0.02714998106400035
1376,275200,rayleigh,64,5.793147145251329,8.856271409914392,2.6130228209323594,6.279500121974722,,6.890071630801229,200,6.539468984560709,6.539468984560709,6.65120629204607,6.65120629204607,0.11173730748536137,0.11173730748536137
1377,275400,rayleigh,64,7.270560528670569,8.0756316268238,0.18336950240333375,7.8922621244204665,,6.890071630801229,200,6.663738647021757,6.663738647021757,6.658623740200986,6.658623740200986,0.005114906820770315,0.005114906820770315
1378,275600,rayleigh,64,4.843902897002645,7.466382622063273,1.5075118531792784,5.9964912370508285,,6.890071630801229,200,6.58866350963756,6.58866350963756,6.653133974526655,6.653133974526655,0.06447046488909525,0.06447046488909525
1379,275800,rayleigh,64,7.255757992413654,7.887697262306192,0.16847657341539596,7.719220688890794,,6.890071630801229,200,6.587371542908815,6.587371542908815,6.654131374711179,6.654131374711179,0.06675983180236411,0.06675983180236411
1380,276000,rayleigh,64,4.50860630204766,7.5120958566489,2.465367029628034,5.099568832079445,,6.890071630801229,200,6.6015721732053,6.6015721732053,6.628090945138581,6.628090945138581,0.026518771933281116,0.026518771933281116
1381,276200,rayleigh,64,6.240954760817547,8.993828096402881,2.3234770650264216,6.688944505847245,,6.890071630801229,200,6.671493539459806,6.671493539459806,6.644668833565626,6.644668833565626,0.026824705894179957,0.026824705894179957
1382,276400,rayleigh,64,5.034252519575784,7.633822680735415,1.7206565196741024,5.938467358170828,,6.890071630801229,200,6.608937287030736,6.608937287030736,6.624905967686247,6.624905967686247,0.015968680655510603,0.015968680655510603
1383,276600,rayleigh,64,6.4070003514908676,8.00117167785661,1.196689178678839,6.804482499177766,,6.890071630801229,200,6.573081027244962,6.573081027244962,6.635755279532633,6.635755279532633,0.0626742522876711,0.0626742522876711
1384,276800,rayleigh,64,7.018969340907408,8.852623328845269,1.3054757504977215,7.5519157791761335,,6.890071630801229,200,6.559111570671948,6.559111570671948,6.652240057596033,6.652240057596033,0.09312848692408515,0.09312848692408515
1385,277000,rayleigh,64,5.799006178208412,7.77081452245914,1.1310319120629109,6.675993789539658,,6.890071630801229,200,6.565802666060233,6.565802666060233,6.642305221700309,6.642305221700309,0.0765025556400758,0.0765025556400758
1386,277200,rayleigh,64,8.507888879989993,9.934566976419914,1.0393065331439568,8.89583253302539,,6.890071630801229,200,6.636363638552659,6.636363638552659,6.651756209917822,6.651756209917822,0.015392571365162588,0.015392571365162588
1387,277400,rayleigh,64,5.398956610003314,8.411866958483447,2.6397436849869256,5.808665637939262,,6.890071630801229,200,6.585815127051021,6.585815127051021,6.630234814202285,6.630234814202285,0.04441968715126432,0.04441968715126432
1388,277600,rayleigh,64,6.090312309048495,7.996583923651349,1.3917562137172903,6.604827709934056,,6.890071630801229,200,6.601210233557316,6.601210233557316,6.617368706598533,6.617368706598533,0.016158473041217647,0.016158473041217647
1389,277800,rayleigh,64,7.553684325603704,8.996424650006048,0.5713985528184912,8.425026097187558,,6.890071630801229,200,6.67506391377826,6.67506391377826,6.638688814409336,6.638688814409336,0.036375099368924246,0.036375099368924246
1390,278000,rayleigh,64,5.8115176792956404,7.501384466549682,0.48849895328062,7.012885513269066,,6.890071630801229,200,6.649113483762191,6.649113483762191,6.659381588270895,6.659381588270895,0.010268104508703857,0.010268104508703857
1391,278200,rayleigh,64,5.697662933603681,7.442930712581769,1.0814626584495541,6.361468054132211,,6.890071630801229,200,6.55828217579742,6.55828217579742,6.654152902046067,6.654152902046067,0.09587072624864668,0.09587072624864668
1392,278400,rayleigh,64,5.420076855075523,8.800035246584953,2.9653690872570686,5.850460115906244,,6.890071630801229,200,6.481877326419256,6.481877326419256,6.640918339255808,6.640918339255808,0.15904101283655248,0.15904101283655248
1393,278600,rayleigh,64,6.619375334408111,8.155387762320045,1.18607825139909,6.969309510920959,,6.890071630801229,200,6.665753004907335,6.665753004907335,6.653523537645921,6.653523537645921,0.012229467261413163,0.012229467261413163
1394,278800,rayleigh,64,6.478442364330517,8.030018168504515,1.1885077840759914,6.85238196274043,,6.890071630801229,200,6.85077035145526,6.85077035145526,6.647043730865172,6.647043730865172,0.20372662059008828,0.20372662059008828
1395,279000,rayleigh,64,5.542261903934686,7.398486859229852,0.6635066129546497,6.736546014911366,,6.890071630801229,200,6.808212504314722,6.808212504314722,6.636473616818599,6.636473616818599,0.17173888749612232,0.17173888749612232
1396,279200,rayleigh,64,5.420039380937226,8.203774883364032,2.0329133183149595,6.172904413222976,,6.890071630801229,200,6.802882718877133,6.802882718877133,6.6494024653461645,6.6494024653461645,0.15348025353096872,0.15348025353096872
1397,279400,rayleigh,64,5.579616478335574,7.974405696023725,1.997283559475089,5.977122136548634,,6.890071630801229,200,6.7071257194835425,6.7071257194835425,6.6485567625297515,6.6485567625297515,0.05856895695379105,0.05856895695379105
1398,279600,rayleigh,64,7.265690629133763,8.20804608258189,0.47768582410915056,7.730360258472736,,6.890071630801229,200,6.793819170554637,6.793819170554637,6.639346164755028,6.639346164755028,0.1544730057996091,0.1544730057996091
1399,279800,rayleigh,64,7.189828709091408,7.679918572315873,0.11155055106707537,7.568368021248796,,6.890071630801229,200,6.786276537172538,6.786276537172538,6.658177845355011,6.658177845355011,0.1280986918175273,0.1280986918175273
1400,280000,rayleigh,64,6.654874190232703,8.051092697667176,0.1102932018577959,7.9407994958093875,7.734030021445432,7.734030021445432,200,6.928338070359035,6.928338070359035,6.681975703824559,6.681975703824559,0.24636236653447607,0.24636236653447607
1401,280200,rayleigh,64,7.0904306436159334,8.039847109041203,0.5550093981258775,7.484837710915326,,7.734030021445432,200,6.968132730612439,6.968132730612439,6.688860211421711,6.688860211421711,0.2792725191907275,0.2792725191907275
1402,280400,rayleigh,64,5.8442172020908485,7.987722409832635,1.3302628819655096,6.667014067613364,,7.734030021445432,200,7.004560066084567,7.004560066084567,6.697961083511776,6.697961083511776,0.3065989825727904,0.3065989825727904
1403,280600,rayleigh,64,5.875874226440422,8.507627990109999,2.1742174573297253,6.334174187274674,,7.734030021445432,200,6.981044650489411,6.981044650489411,6.686456612040623,6.686456612040623,0.29458803844878734,0.29458803844878734
1404,280800,rayleigh,64,7.207692852765815,8.57526266772421,0.5355179600820453,8.039744707642164,,7.734030021445432,200,7.005436096912713,7.005436096912713,6.691212709377555,6.691212709377555,0.3142233875351579,0.3142233875351579
1405,281000,rayleigh,64,3.9593921513510053,7.789484805293713,3.4068918017171788,4.42246352728413,,7.734030021445432,200,6.892759583799936,6.892759583799936,6.665306361280808,6.665306361280808,0.22745322251912814,0.22745322251912814
1406,281200,rayleigh,64,3.5814812286802704,7.8263053720214275,2.6848405381497167,5.195295489547961,,7.734030021445432,200,6.707732731626065,6.707732731626065,6.656894418173241,6.656894418173241,0.050838313452823414,0.050838313452823414
1407,281400,rayleigh,64,3.6937293283551615,7.998458757434505,3.3799029848084285,4.6598232233011965,,7.734030021445432,200,6.650290610894162,6.650290610894162,6.644771217262713,6.644771217262713,0.005519393631448821,0.005519393631448821
1408,281600,rayleigh,64,7.7567589358330755,9.01004842765187,0.7029237357478892,8.30712469190398,,7.734030021445432,200,6.735405459992657,6.735405459992657,6.647283268280586,6.647283268280586,0.08812219171207136,0.08812219171207136
1409,281800,rayleigh,64,6.492407183412785,8.029301087575922,1.0965402063528078,6.932760881223119,,7.734030021445432,200,6.660792199194437,6.660792199194437,6.639346490132962,6.639346490132962,0.02144570906147436,0.02144570906147436
1410,282000,rayleigh,64,7.4778161810338215,9.02252688336771,1.1314747183226324,7.8910521650450836,,7.734030021445432,200,6.704700531783237,6.704700531783237,6.6518687358626165,6.6518687358626165,0.05283179592062037,0.05283179592062037
1411,282200,rayleigh,64,7.756933842529889,8.792168668476235,0.6079118101533878,8.184256858322843,,7.734030021445432,200,6.795839971992768,6.795839971992768,6.664157450623756,6.664157450623756,0.1316825213690116,0.1316825213690116
1412,282400,rayleigh,64,6.203352184958784,7.711727239373908,1.099626697657843,6.621775470366174,,7.734030021445432,200,6.834405739715765,6.834405739715765,6.67139172875881,6.67139172875881,0.16301401095695578,0.16301401095695578
1413,282600,rayleigh,64,5.409768657818024,7.832185528969647,1.3318643709156284,6.526654826198995,,7.734030021445432,200,6.812273005479666,6.812273005479666,6.680135860370923,6.680135860370923,0.13213714510874297,0.13213714510874297
1414,282800,rayleigh,64,5.640863368537169,7.718250606328933,1.6357369948089857,6.115371337081463,,7.734030021445432,200,6.775422474196718,6.775422474196718,6.665503620507028,6.665503620507028,0.10991885368969001,0.10991885368969001
1415,283000,rayleigh,64,6.293805842313226,8.003751311476227,1.0234425944075478,6.980308717068673,,7.734030021445432,200,6.7876106093045845,6.7876106093045845,6.666446460122818,6.666446460122818,0.12116414918176677,0.12116414918176677
1416,283200,rayleigh,64,5.382828287993619,7.148937176811758,0.9789458775793201,6.192810589954641,,7.734030021445432,200,6.788605918141167,6.788605918141167,6.658058731542493,6.658058731542493,0.13054718659867426,0.13054718659867426
1417,283400,rayleigh,64,5.405718167778706,8.271157940924509,2.276567869334564,6.003355235702896,,7.734030021445432,200,6.78991757309888,6.78991757309888,6.664698501416767,6.664698501416767,0.1252190716821131,0.1252190716821131
1418,283600,rayleigh,64,6.265354204427314,7.956672664548716,0.5934063018932355,7.363266362655483,,7.734030021445432,200,6.771562878308016,6.771562878308016,6.670223011805359,6.670223011805359,0.10133986650265658,0.10133986650265658
1419,283800,rayleigh,64,4.722217891517901,7.591775241885204,1.0970889698393251,6.499748067154761,,7.734030021445432,200,6.718131880603316,6.718131880603316,6.676918153163559,6.676918153163559,0.041213727439757264,0.041213727439757264
1420,284000,rayleigh,64,5.019976019074111,8.024795851626141,2.3717930710792103,5.665749727174631,,7.734030021445432,200,6.604379392171578,6.604379392171578,6.698388195705251,6.698388195705251,0.09400880353367302,0.09400880353367302
1421,284200,rayleigh,64,6.810271607365709,8.204003420492246,1.0060976241832895,7.2280819654394035,,7.734030021445432,200,6.591541604897782,6.591541604897782,6.726108631444646,6.726108631444646,0.13456702654686392,0.13456702654686392
1422,284400,rayleigh,64,6.877164878633504,9.02094741910645,0.8422208844526483,8.178726534653796,,7.734030021445432,200,6.667127228249804,6.667127228249804,6.755656076586623,6.755656076586623,0.08852884833681962,0.08852884833681962
1423,284600,rayleigh,64,6.990307223601844,8.16578635436961,0.7870151964825409,7.3787711578870665,,7.734030021445432,200,6.719357076780422,6.719357076780422,6.764934153491664,6.764934153491664,0.04557707671124245,0.04557707671124245
1424,284800,rayleigh,64,5.249486364645701,8.178526705003797,1.8911765279113544,6.295520362994581,,7.734030021445432,200,6.632145859548044,6.632145859548044,6.749412039622172,6.749412039622172,0.11726618007412792,0.11726618007412792
1425,285000,rayleigh,64,6.632483192806237,7.540915283097669,0.3315248959967081,7.209390387100959,,7.734030021445432,200,6.7714922025388855,6.7714922025388855,6.744742057659946,6.744742057659946,0.026750144878939786,0.026750144878939786
1426,285200,rayleigh,64,6.711876507785558,8.007511252618599,0.8713813567325253,7.138380797468947,,7.734030021445432,200,6.868646467934935,6.868646467934935,6.7551647790208476,6.7551647790208476,0.11348168891408772,0.11348168891408772
1427,285400,rayleigh,64,7.743107573414986,9.63516649008795,1.478062954730119,8.161310412104262,,7.734030021445432,200,7.043720827375087,7.043720827375087,6.785858979828754,6.785858979828754,0.2578618475463328,0.2578618475463328
1428,285600,rayleigh,64,6.34538525700697,8.465508562107237,1.7138531490185547,6.760619577780469,,7.734030021445432,200,6.966395571668912,6.966395571668912,6.773009204209952,6.773009204209952,0.19338636745895954,0.19338636745895954
1429,285800,rayleigh,64,8.514010728617297,9.22689948406552,0.3563502568642587,8.870549227201261,,7.734030021445432,200,7.063284988967818,7.063284988967818,6.780067440866741,6.780067440866741,0.283217548101077,0.283217548101077
1430,286000,rayleigh,64,6.412818053686465,7.887285161569169,0.4461299647146416,7.441155196854529,,7.734030021445432,200,7.0407901405582916,7.0407901405582916,6.831200853963924,6.831200853963924,0.20958928659436715,0.20958928659436715
1431,286200,rayleigh,64,6.088140368230574,8.212325419118791,1.7558673408206722,6.4581397438543195,,7.734030021445432,200,6.954484284834867,6.954484284834867,6.826002928606263,6.826002928606263,0.1284813562286038,0.1284813562286038
1432,286400,rayleigh,64,6.878492743438462,7.390798328916085,0.06149936303307477,7.329298965883009,,7.734030021445432,200,6.989860459610708,6.989860459610708,6.810401965993687,6.810401965993687,0.1794584936170205,0.1794584936170205
1433,286600,rayleigh,64,6.829687562339822,7.655856527462708,0.5015485044423624,7.154308023020354,,7.734030021445432,200,7.021243119451775,7.021243119451775,6.821738992665414,6.821738992665414,0.1995041267863611,0.1995041267863611
1434,286800,rayleigh,64,7.854220798759729,9.242161047126364,1.056572839152646,8.186876610098272,,7.734030021445432,200,7.124818383102616,7.124818383102616,6.851520874183034,6.851520874183034,0.2732975089195815,0.2732975089195815
1435,287000,rayleigh,64,5.874448929176455,8.333140645084827,1.323942106025631,7.009198539059206,,7.734030021445432,200,7.126262874202143,7.126262874202143,6.840701252111614,6.840701252111614,0.2855616220905288,0.2855616220905288
1436,287200,rayleigh,64,7.623447533173749,8.382796309665416,0.3918087399195832,8.027157316344184,,7.734030021445432,200,7.2179802105216195,7.2179802105216195,6.844965104644121,6.844965104644121,0.3730151058774984,0.3730151058774984
1437,287400,rayleigh,64,5.920477045004374,8.569918490638207,2.2764834957005426,6.318774749000596,,7.734030021445432,200,7.233751186186504,7.233751186186504,6.843692690641209,6.843692690641209,0.39005849554529526,0.39005849554529526
1438,287600,rayleigh,64,6.214193316037273,7.486358320929063,0.7322678914359416,6.770172180464946,,7.734030021445432,200,7.204096477076978,7.204096477076978,6.839372021919241,6.839372021919241,0.3647244551577371,0.3647244551577371
1439,287800,rayleigh,64,7.153127634883425,8.215776835400153,0.7173001476418167,7.498476687758335,,7.734030021445432,200,7.254032908107158,7.254032908107158,6.838708518688775,6.838708518688775,0.4153243894183829,0.4153243894183829
1440,288000,rayleigh,64,3.5340134456516226,8.02751302975405,3.892343694567608,4.22937824589224,,7.734030021445432,200,7.182214334043037,7.182214334043037,6.807240643819165,6.807240643819165,0.3749736902238716,0.3749736902238716
1441,288200,rayleigh,64,5.8855421544632245,9.108494441879909,2.2435308779378786,6.864963563942023,,7.734030021445432,200,7.164058413968166,7.164058413968166,6.813952295687332,6.813952295687332,0.35010611828083427,0.35010611828083427
1442,288400,rayleigh,64,6.350962360762082,7.781355367613899,1.1251385195976908,6.659821398154064,,7.734030021445432,200,7.088113157143181,7.088113157143181,6.796489349255985,6.796489349255985,0.2916238078871958,0.2916238078871958
1443,288600,rayleigh,64,6.662753501894971,7.735272766429362,0.7948473687210561,6.95731770479507,,7.734030021445432,200,7.0670404844885795,7.0670404844885795,6.802820313730235,6.802820313730235,0.26422017075834425,0.26422017075834425
1444,288800,rayleigh,64,6.2533233682175515,7.387969908253973,0.8173692508637294,6.587270392297886,,7.734030021445432,200,7.081627985953746,7.081627985953746,6.7796398141692915,6.7796398141692915,0.3019881717844548,0.3019881717844548
1445,289000,rayleigh,64,4.4032575890226076,7.558039720895176,2.1568339017529694,5.418524389018842,,7.734030021445432,200,6.992084686049641,6.992084686049641,6.785169536809926,6.785169536809926,0.2069151492397152,0.2069151492397152
1446,289200,rayleigh,64,5.414552686526929,7.83032979673645,1.1157074462365046,6.71462235049994,,7.734030021445432,200,6.970896763701191,6.970896763701191,6.783463487012375,6.783463487012375,0.18743327668881626,0.18743327668881626
1447,289400,rayleigh,64,5.0029044057648555,8.163326713803741,1.0138826194028319,7.149444094400912,,7.734030021445432,200,6.920303447816023,6.920303447816023,6.783255681233158,6.783255681233158,0.13704776658286466,0.13704776658286466
1448,289600,rayleigh,64,3.36245801156245,8.786479635879653,4.263376676166403,4.585416300434575,,7.734030021445432,200,6.81154328394873,6.81154328394873,6.746011463649143,6.746011463649143,0.06553182029958649,0.06553182029958649
1449,289800,rayleigh,64,7.104509739161656,8.447803554745791,1.040471847365086,7.409783003179992,,7.734030021445432,200,6.7385049727476645,6.7385049727476645,6.763188565765671,6.763188565765671,0.02468359301800671,0.02468359301800671
1450,290000,rayleigh,64,4.29014387666787,8.091807221332605,2.7330799772905072,5.397631259564765,7.484737060915751,7.484737060915751,200,6.636328775883176,6.636328775883176,6.772249351927359,6.772249351927359,0.13592057604418262,0.13592057604418262
1451,290200,rayleigh,64,7.018344535487927,9.032724162920521,1.5746675432122659,7.474781340068837,,7.484737060915751,200,6.687160855693902,6.687160855693902,6.769705550659927,6.769705550659927,0.08254469496602468,0.08254469496602468
1452,290400,rayleigh,64,6.202062829946835,8.417160505507017,1.8577625955609383,6.58482596191543,,7.484737060915751,200,6.649937205495524,6.649937205495524,6.769594964220269,6.769594964220269,0.11965775872474449,0.11965775872474449
1453,290600,rayleigh,64,5.483704813142499,7.762131432339535,1.4973758895740894,6.288068304823565,,7.484737060915751,200,6.606625219585683,6.606625219585683,6.776544872139872,6.776544872139872,0.16991965255418862,0.16991965255418862
1454,290800,rayleigh,64,6.152697520492206,8.316420708492704,1.7958934976660321,6.537632170218464,,7.484737060915751,200,6.524162997591693,6.524162997591693,6.777594698958438,6.777594698958438,0.2534317013667451,0.2534317013667451
1455,291000,rayleigh,64,6.539558338256183,8.85509080288341,1.8432264081487484,7.015989940318939,,7.484737060915751,200,6.524502567654681,6.524502567654681,6.776832088871661,6.776832088871661,0.25232952121698027,0.25232952121698027
1456,291200,rayleigh,64,6.069111256138256,7.3942716085381734,0.9713860252636428,6.4249058867092055,,7.484737060915751,200,6.444389996172932,6.444389996172932,6.758665565654712,6.758665565654712,0.31427556948178026,0.31427556948178026
1457,291400,rayleigh,64,6.145805767944191,9.332445076973368,2.7523222047002465,6.590567055572744,,7.484737060915751,200,6.45797961150154,6.45797961150154,6.770502547458444,6.770502547458444,0.3125229359569044,0.3125229359569044
1458,291600,rayleigh,64,5.783526062209323,7.956536882533539,1.886475739018304,6.116786468367811,,7.484737060915751,200,6.4253103258966835,6.4253103258966835,6.756690472294775,6.756690472294775,0.3313801463980912,0.3313801463980912
1459,291800,rayleigh,64,6.384246961722414,7.768177275024253,1.0694100909550244,6.698767184069232,,7.484737060915751,200,6.3853248507122276,6.3853248507122276,6.746227543900809,6.746227543900809,0.3609026931885815,0.3609026931885815
1460,292000,rayleigh,64,6.9460555994104665,8.229931219503202,0.9886886046653115,7.24212285015171,,7.484737060915751,200,6.5359620809251995,6.5359620809251995,6.770493210140829,6.770493210140829,0.2345311292156298,0.2345311292156298
1461,292200,rayleigh,64,3.858064186606877,7.640007765637564,3.5336016181712107,4.172582814178696,,7.484737060915751,200,6.401343043437035,6.401343043437035,6.759313866475045,6.759313866475045,0.3579708230380101,0.3579708230380101
1462,292400,rayleigh,64,1.092547097372274,8.996171424398089,8.011450175055467,1.7158396588091582,,7.484737060915751,200,6.154143956469789,6.154143956469789,6.704576338995615,6.704576338995615,0.5504323825258259,0.5504323825258259
1463,292600,rayleigh,64,6.095615176753018,7.544009237975505,1.152530469346066,6.391478768629437,,7.484737060915751,200,6.125852009661508,6.125852009661508,6.693275049732978,6.693275049732978,0.5674230400714695,0.5674230400714695
1464,292800,rayleigh,64,4.974377465579962,7.624129895304786,1.76641650489681,5.867450021060011,,7.484737060915751,200,6.089860991099614,6.089860991099614,6.673636500837212,6.673636500837212,0.5837755097375981,0.5837755097375981
1465,293000,rayleigh,64,5.761357663713315,7.977138166087571,1.9280562602268763,6.066048297101987,,7.484737060915751,200,6.122237186503771,6.122237186503771,6.668875264990493,6.668875264990493,0.5466380784867226,0.5466380784867226
1466,293200,rayleigh,64,7.460059981734599,8.572964653595278,0.8073738304667849,7.765590823128488,,7.484737060915751,200,6.174785610135198,6.174785610135198,6.67168504239001,6.67168504239001,0.4968994322548115,0.4968994322548115
1467,293400,rayleigh,64,7.015741915911609,8.867141657380902,1.561844944613353,7.305296712767547,,7.484737060915751,200,6.1825782410535295,6.1825782410535295,6.676541650837965,6.676541650837965,0.49396340978443565,0.49396340978443565
1468,293600,rayleigh,64,7.6171650491979355,8.597224924560924,0.6895055854349411,7.907719339125986,,7.484737060915751,200,6.348693392988101,6.348693392988101,6.692649588431144,6.692649588431144,0.34395619544304346,0.34395619544304346
1469,293800,rayleigh,64,4.703019366936036,8.448658808292882,2.42483740901995,6.077175321931762,,7.484737060915751,200,6.282063008925689,6.282063008925689,6.683941816722775,6.683941816722775,0.40187880779708607,0.40187880779708607
1470,294000,rayleigh,64,6.206679158891206,8.466934356081351,1.9231275719096723,6.54988237655814,,7.484737060915751,200,6.339675564775358,6.339675564775358,6.674121699352452,6.674121699352452,0.33444613457709416,0.33444613457709416
1471,294200,rayleigh,64,6.496356323938183,7.855375082222974,0.8635153060670223,6.991859776155952,,7.484737060915751,200,6.315529486579713,6.315529486579713,6.662259354979733,6.662259354979733,0.3467298684000202,0.3467298684000202
1472,294400,rayleigh,64,6.92679438639761,8.697305551456084,1.4165021358122978,7.282879908328044,,7.484737060915751,200,6.3504321839003435,6.3504321839003435,6.661302583028319,6.661302583028319,0.31087039912797554,0.31087039912797554
1473,294600,rayleigh,64,6.5987889363760805,7.7709207944986085,0.8131239845151171,6.961155526865962,,7.484737060915751,200,6.3840865450024635,6.3840865450024635,6.697996178885385,6.697996178885385,0.31390963388292104,0.31390963388292104
1474,294800,rayleigh,64,5.02381081261758,7.95077864444207,2.5383527250854176,5.46956808028611,,7.484737060915751,200,6.330683340505846,6.330683340505846,6.721171509370425,6.721171509370425,0.3904881688645787,0.3904881688645787
1475,295000,rayleigh,64,5.796149380024329,8.796403806756485,1.818178406481038,6.981804196817503,,7.484737060915751,200,6.328974053330774,6.328974053330774,6.71511252176138,6.71511252176138,0.3861384684306062,0.3861384684306062
1476,295200,rayleigh,64,6.416447504112109,7.506034678554552,0.44819019053863735,7.0609381295977585,,7.484737060915751,200,6.360775665475202,6.360775665475202,6.722926901837609,6.722926901837609,0.36215123636240687,0.36215123636240687
1477,295400,rayleigh,64,7.7930872765114305,8.70184241790847,0.5087374590397156,8.193104958868751,,7.484737060915751,200,6.440902560640002,6.440902560640002,6.725935330182093,6.725935330182093,0.28503276954209067,0.28503276954209067
1478,295600,rayleigh,64,7.943928617102696,8.764679476123913,0.3962145408853841,8.368464935238531,,7.484737060915751,200,6.553486483983539,6.553486483983539,6.74965506716397,6.74965506716397,0.19616858318043118,0.19616858318043118
1479,295800,rayleigh,64,6.662537454309312,7.5893112752613545,0.6083198165926281,6.982959346637621,,7.484737060915751,200,6.567696092111957,6.567696092111957,6.742292453741438,6.742292453741438,0.17459636162948122,0.17459636162948122
1480,296000,rayleigh,64,6.267314228929299,7.553129500518129,0.9316416655316428,6.621487834986485,,7.484737060915751,200,6.5366643413536965,6.5366643413536965,6.757511643770508,6.757511643770508,0.2208473024168116,0.2208473024168116
1481,296200,rayleigh,64,6.700910064999643,8.12091551530798,0.815881357340429,7.305034157967555,,7.484737060915751,200,6.693286908543139,6.693286908543139,6.7636725402917115,6.7636725402917115,0.07038563174857249,0.07038563174857249
1482,296400,rayleigh,64,8.180399778582675,9.146573756721407,0.6557115379833142,8.490862218738087,,7.484737060915751,200,7.0320380365395865,7.0320380365395865,6.789196488897385,6.789196488897385,0.24284154764220123,0.24284154764220123
1483,296600,rayleigh,64,6.2960705730780475,8.140561173797137,1.5677650257536013,6.585379144283824,,7.484737060915751,200,7.041733055322306,7.041733055322306,6.787005455348446,6.787005455348446,0.25472759997385985,0.25472759997385985
1484,296800,rayleigh,64,7.974781941994781,9.469523794735057,1.1869179738708235,8.288181987891422,,7.484737060915751,200,7.162769653663875,7.162769653663875,6.7943681174355985,6.7943681174355985,0.3684015362282764,0.3684015362282764
1485,297000,rayleigh,64,8.049699256272923,8.86969772805326,0.4070861503636058,8.462611577689657,,7.484737060915751,200,7.282597817693261,7.282597817693261,6.8122342953171,6.8122342953171,0.47036352237616086,0.47036352237616086
1486,297200,rayleigh,64,8.42559522687167,9.070644311263777,0.3114803711719301,8.759163940091842,,7.484737060915751,200,7.3322764735414285,7.3322764735414285,6.810867609387763,6.810867609387763,0.5214088641536652,0.5214088641536652
1487,297400,rayleigh,64,7.507257093142064,9.115298571903098,1.27884086053888,7.836457711364219,,7.484737060915751,200,7.358834523471261,7.358834523471261,6.831145530122013,6.831145530122013,0.5276889933492477,0.5276889933492477
1488,297600,rayleigh,64,6.037576789535336,7.612355078711221,1.1792687471648418,6.442741879000835,,7.484737060915751,200,7.285585650465004,7.285585650465004,6.82952467181268,6.82952467181268,0.45606097865232353,0.45606097865232353
1489,297800,rayleigh,64,4.6845413817605985,7.350484536105528,1.201047511615531,6.158745498367407,,7.484737060915751,200,7.289664159286785,7.289664159286785,6.806861865824478,6.806861865824478,0.4828022934623064,0.4828022934623064
1490,298000,rayleigh,64,5.750926460352264,9.66913011166998,3.6322515117070555,6.054355835365883,,7.484737060915751,200,7.264887832227172,7.264887832227172,6.7972765690454455,6.7972765690454455,0.46761126318172686,0.46761126318172686
1491,298200,rayleigh,64,5.676178437201661,8.453385087072373,1.8812332952936786,6.583039393344533,,7.484737060915751,200,7.2444468130866015,7.2444468130866015,6.799492282437568,6.799492282437568,0.44495453064903323,0.44495453064903323
1492,298400,rayleigh,64,4.69534059560667,8.232144959057317,3.2700973291231583,4.9949449443381155,,7.484737060915751,200,7.130050064887106,7.130050064887106,6.790937130721889,6.790937130721889,0.33911293416521726,0.33911293416521726
1493,298600,rayleigh,64,7.108995858993294,8.709796371865972,0.4634470174211396,8.246349354444835,,7.484737060915751,200,7.194309756266049,7.194309756266049,6.803707529157127,6.803707529157127,0.39060222710892223,0.39060222710892223
1494,298800,rayleigh,64,7.398138135886584,8.435378323840974,0.6969891911237346,7.738389132717231,,7.484737060915751,200,7.307750808887604,7.307750808887604,6.812567600856896,6.812567600856896,0.49518320803070814,0.49518320803070814
1495,299000,rayleigh,64,5.805359681988359,8.28325080906038,2.198224154711666,6.118653990430585,,7.484737060915751,200,7.264593298568258,7.264593298568258,6.806388680612089,6.806388680612089,0.4582046179561692,0.4582046179561692
1496,299200,rayleigh,64,8.300188011140785,8.900637862849168,0.19841161475588673,8.702226248093288,,7.484737060915751,200,7.346657704493035,7.346657704493035,6.831681898960792,6.831681898960792,0.5149758055322433,0.5149758055322433
1497,299400,rayleigh,64,7.002213265501747,9.065803718345375,1.5060034662410227,7.577636524308597,,7.484737060915751,200,7.315884282765028,7.315884282765028,6.84768704283839,6.84768704283839,0.46819723992663764,0.46819723992663764
1498,299600,rayleigh,64,8.566824641876401,9.443698803966958,0.4373204400893796,9.006378363877587,,7.484737060915751,200,7.34777995419698,7.34777995419698,6.86044722389244,6.86044722389244,0.48733273030453983,0.48733273030453983
1499,299800,rayleigh,64,6.4912016837315925,8.150342845190078,1.3072146865181622,6.843128158671916,,7.484737060915751,200,7.340788394798695,7.340788394798695,6.853194825266671,6.853194825266671,0.4875935695320237,0.4875935695320237
1500,300000,rayleigh,64,7.180957961381775,7.989630484147207,0.4638218353915228,7.525808648755681,6.776339033720622,6.776339033720622,200,7.386004435487155,7.386004435487155,6.8490449167961325,6.8490449167961325,0.5369595186910221,0.5369595186910221
1501,300200,rayleigh,64,7.2569691964708865,8.553528157355846,0.9236799782087798,7.629848179147057,,6.776339033720622,200,7.40224513654613,7.40224513654613,6.850495021478451,6.850495021478451,0.5517501150676791,0.5517501150676791
1502,300400,rayleigh,64,6.810605925855925,9.880982106871967,2.748626700672809,7.141471980565071,,6.776339033720622,200,7.334775624637478,7.334775624637478,6.855239600607966,6.855239600607966,0.4795360240295121,0.4795360240295121
1503,300600,rayleigh,64,6.386526256089727,8.980702881929256,2.062867975146265,6.92518527451429,,6.776339033720622,200,7.351765931149002,7.351765931149002,6.861149711480364,6.861149711480364,0.4906162196686381,0.4906162196686381
1504,300800,rayleigh,64,7.944331762384216,9.080983737694782,0.8668570119390948,8.246226244650513,,6.776339033720622,200,7.349668143986956,7.349668143986956,6.863214526850447,6.863214526850447,0.48645361713650903,0.48645361713650903
1505,301000,rayleigh,64,7.324473101406629,8.406891118717477,0.7663653708320658,7.646050248022685,,6.776339033720622,200,7.308840077503606,7.308840077503606,6.895450394057833,6.895450394057833,0.4133896834457733,0.4133896834457733
1506,301200,rayleigh,64,6.776562283569815,7.657549618269444,0.5546298459303461,7.102919772339094,,6.776339033720622,200,7.226027869115971,7.226027869115971,6.9145266368857445,6.9145266368857445,0.31150123223022685,0.31150123223022685
1507,301400,rayleigh,64,4.187348268551055,7.840487762291981,2.772346024135584,5.154292999369869,,6.776339033720622,200,7.0919196335162535,7.0919196335162535,6.919471334646431,6.919471334646431,0.17244829886982238,0.17244829886982238
1508,301600,rayleigh,64,6.772347682668342,8.343684396141583,1.2924062929365234,7.084322387314127,,6.776339033720622,200,7.123998658931919,7.123998658931919,6.907243311600533,6.907243311600533,0.2167553473313859,0.2167553473313859
1509,301800,rayleigh,64,6.660584611397431,8.572953923960275,1.6348206597285988,6.968127733066028,,6.776339033720622,200,7.1644677706668505,7.1644677706668505,6.907596980118962,6.907596980118962,0.25687079054788864,0.25687079054788864
1510,302000,rayleigh,64,6.498576010010282,8.026485508780627,1.1349950886373017,6.898191978634371,,6.776339033720622,200,7.206659577830274,7.206659577830274,6.8976683782548545,6.8976683782548545,0.30899119957542,0.30899119957542
1511,302200,rayleigh,64,5.003225326887071,8.616724909597727,2.813315159850554,5.8678525407466005,,6.776339033720622,200,7.170900235200378,7.170900235200378,6.874504335079092,6.874504335079092,0.29639590012128547,0.29639590012128547
1512,302400,rayleigh,64,2.4047531533843594,7.79372231050956,5.279517625047607,2.8842423387546643,,6.776339033720622,200,7.065365104921204,7.065365104921204,6.837129003762978,6.837129003762978,0.22823610115822568,0.22823610115822568
1513,302600,rayleigh,64,4.591079921245808,7.380156735652703,1.928852895937354,5.486228562627528,,6.776339033720622,200,6.9273590653303385,6.9273590653303385,6.826724741127262,6.826724741127262,0.10063432420307628,0.10063432420307628
1514,302800,rayleigh,64,6.730861081426091,8.041545411027721,0.9938180996440072,7.048522475754213,,6.776339033720622,200,6.892865732482187,6.892865732482187,6.83605625251399,6.83605625251399,0.056809479968197074,0.056809479968197074
1515,303000,rayleigh,64,5.311075176911912,7.194979779052861,1.0811031465206113,6.113876632532253,,6.776339033720622,200,6.892626864587271,6.892626864587271,6.827391931668624,6.827391931668624,0.06523493291864746,0.06523493291864746
1516,303200,rayleigh,64,7.153973514395194,7.919167374750969,0.45060708966850455,7.468560285082464,,6.776339033720622,200,6.83094356643673,6.83094356643673,6.840149428619903,6.840149428619903,0.00920586218317343,0.00920586218317343
1517,303400,rayleigh,64,6.8015220534513325,8.155320472722726,1.0323069049415177,7.123013567781209,,6.776339033720622,200,6.808212418610362,6.808212418610362,6.851346011940686,6.851346011940686,0.043133593330324516,0.043133593330324516
1518,303600,rayleigh,64,7.040517147213041,8.207356618001503,0.8373825466896949,7.369974071311816,,6.776339033720622,200,6.726392203982073,6.726392203982073,6.8514130890272495,6.8514130890272495,0.12502088504517683,0.12502088504517683
1519,303800,rayleigh,64,7.61764320244835,8.658472748561167,0.7303031391209541,7.9287718373307206,,6.776339033720622,200,6.780674387915013,6.780674387915013,6.865703326729009,6.865703326729009,0.08502893881399576,0.08502893881399576
1520,304000,rayleigh,64,4.042613061498378,8.032936680779796,3.7297813073116064,4.398482899270916,,6.776339033720622,200,6.624308100440774,6.624308100440774,6.853030658449971,6.853030658449971,0.22872255800919739,0.22872255800919739
1521,304200,rayleigh,64,5.137157549505243,7.344451875074648,1.1814240058118686,6.168756863085351,,6.776339033720622,200,6.55125353463769,6.55125353463769,6.842437407426433,6.842437407426433,0.2911838727887437,0.2911838727887437
1522,304400,rayleigh,64,7.665227147001827,8.532732489033926,0.5740420034185059,7.958690485615421,,6.776339033720622,200,6.592114459890206,6.592114459890206,6.840237046936048,6.840237046936048,0.24812258704584167,0.24812258704584167
1523,304600,rayleigh,64,5.563648843827005,7.645550096294994,1.2721080826012743,6.386742989354974,,6.776339033720622,200,6.565192345632241,6.565192345632241,6.8303167652507275,6.8303167652507275,0.26512441961848676,0.26512441961848676
1524,304800,rayleigh,64,7.272056046238703,7.971845829274003,0.3586750587661471,7.613170770507864,,6.776339033720622,200,6.533539571925108,6.533539571925108,6.84349326932586,6.84349326932586,0.3099536974007515,0.3099536974007515
1525,305000,rayleigh,64,7.284212113975573,9.10116287195409,1.1013283790364283,8.013134501545053,,6.776339033720622,200,6.551893784601228,6.551893784601228,6.851530710470302,6.851530710470302,0.2996369258690734,0.2996369258690734
1526,305200,rayleigh,64,6.74183142304479,8.577591739582374,1.4632750556009515,7.122476899714137,,6.776339033720622,200,6.552871640969978,6.552871640969978,6.851371671492753,6.851371671492753,0.2985000305227752,0.2985000305227752
1527,305400,rayleigh,64,5.943959757010413,8.11729351531313,1.6978372536427915,6.430137030519831,,6.776339033720622,200,6.616663842527477,6.616663842527477,6.834059937676909,6.834059937676909,0.21739609514943226,0.21739609514943226
1528,305600,rayleigh,64,7.060933812349865,8.73472488439125,1.0508656792152062,7.685427223810625,,6.776339033720622,200,6.646719084352301,6.646719084352301,6.84330801413721,6.84330801413721,0.19658892978490883,0.19658892978490883
1529,305800,rayleigh,64,5.017868909371932,8.4467828167896,3.0641237733799924,5.435121540826187,,6.776339033720622,200,6.570068774740309,6.570068774740309,6.808953737273459,6.808953737273459,0.23888496253314973,0.23888496253314973
1530,306000,rayleigh,64,7.146818991457455,8.642577946088295,0.5887298112377871,8.053848134850512,,6.776339033720622,200,6.627851582551116,6.627851582551116,6.815080666653419,6.815080666653419,0.18722908410230232,0.18722908410230232
1531,306200,rayleigh,64,6.951150878977018,8.981783728473031,1.6386831480658306,7.352287333435283,,6.776339033720622,200,6.702073322185551,6.702073322185551,6.824022142549229,6.824022142549229,0.12194882036367805,0.12194882036367805
1532,306400,rayleigh,64,5.871428494763318,7.588580633084541,1.2859009537418469,6.307878045264764,,6.776339033720622,200,6.873255107511056,6.873255107511056,6.813807933343046,6.813807933343046,0.059447174168010264,0.059447174168010264
1533,306600,rayleigh,64,6.279217100081787,8.379293901374147,1.3610365468349277,7.02145960343871,,6.776339033720622,200,6.950016659551615,6.950016659551615,6.81247944914723,6.81247944914723,0.1375372104043846,0.1375372104043846
1534,306800,rayleigh,64,3.6137145630480734,8.840865224140583,4.826627443972844,4.106849567630585,,6.776339033720622,200,6.802933014145433,6.802933014145433,6.771679178722552,6.771679178722552,0.03125383542288063,0.03125383542288063
1535,307000,rayleigh,64,6.097621882545974,8.806298002071227,2.278515882018862,6.531374364259646,,6.776339033720622,200,6.823807900731803,6.823807900731803,6.766900936974557,6.766900936974557,0.05690696375724613,0.05690696375724613
1536,307200,rayleigh,64,5.433583148092427,7.540314186374052,1.2654257423175828,6.287121349839046,,6.776339033720622,200,6.764735953969634,6.764735953969634,6.749500577309505,6.749500577309505,0.01523537666012853,0.01523537666012853
1537,307400,rayleigh,64,5.600768691449841,7.198358575688163,0.25617662528768853,6.942181950400471,,6.776339033720622,200,6.755694373100596,6.755694373100596,6.755734649323504,6.755734649323504,4.02762229079201e-05,4.02762229079201e-05
1538,307600,rayleigh,64,5.179396452094038,7.346053029890806,1.004725711062208,6.34132731882859,,6.776339033720622,200,6.704262035476435,6.704262035476435,6.75144620070714,6.75144620070714,0.04718416523070523,0.04718416523070523
1539,307800,rayleigh,64,6.932810094542776,8.71150109404339,1.3468323276119378,7.370995475014622,,6.776339033720622,200,6.676373217360629,6.676373217360629,6.750171388579704,6.750171388579704,0.07379817121907539,0.07379817121907539
1540,308000,rayleigh,64,6.045018067786458,8.368060701345396,1.9313554110474893,6.446233633406918,,6.776339033720622,200,6.778760754067429,6.778760754067429,6.772339942454852,6.772339942454852,0.0064208116125774595,0.0064208116125774595
1541,308200,rayleigh,64,6.143512181446856,8.104776201017831,1.1702516584459164,6.941941576931305,,6.776339033720622,200,6.817419989759726,6.817419989759726,6.773109722584743,6.773109722584743,0.044310267174982876,0.044310267174982876
1542,308400,rayleigh,64,4.206637791059878,7.637123590341392,2.384337015130261,5.2761662133954585,,6.776339033720622,200,6.68329377614873,6.68329377614873,6.759273170737157,6.759273170737157,0.07597939458842706,0.07597939458842706
1543,308600,rayleigh,64,8.300888753781829,9.242292796789474,0.5801334553060573,8.662159341483417,,6.776339033720622,200,6.797064593755151,6.797064593755151,6.77632158710404,6.77632158710404,0.020743006651110285,0.020743006651110285
1544,308800,rayleigh,64,6.513750467156174,8.153718143076283,1.2421089608619105,6.918301566131302,,6.776339033720622,200,6.7623211335363225,6.7623211335363225,6.779631898842374,6.779631898842374,0.01731076530605158,0.01731076530605158
1545,309000,rayleigh,64,9.385891316535469,9.771094419362688,0.08170588853703775,9.689388530825651,,6.776339033720622,200,6.846133835000353,6.846133835000353,6.822340540260442,6.822340540260442,0.023793294739911097,0.023793294739911097
1546,309200,rayleigh,64,8.506768725288323,9.639866034749778,0.49548331720512717,9.144382717544653,,6.776339033720622,200,6.947229125891878,6.947229125891878,6.846638143930891,6.846638143930891,0.10059098196098759,0.10059098196098759
1547,309400,rayleigh,64,4.158678597340973,8.366985654221846,3.661845590936071,4.809337696542176,,6.776339033720622,200,6.866189159192996,6.866189159192996,6.823237079952304,6.823237079952304,0.04295207924069189,0.04295207924069189
1548,309600,rayleigh,64,6.217332529953736,8.299680454667312,0.8333433577086584,7.468684318650394,,6.776339033720622,200,6.855352013934985,6.855352013934985,6.852069760134461,6.852069760134461,0.0032822538005232715,0.0032822538005232715
1549,309800,rayleigh,64,7.405485045110111,8.312141085044601,0.5776917039053838,7.734449381139225,,6.776339033720622,200,6.970318405950637,6.970318405950637,6.855316423914054,6.855316423914054,0.11500198203658307,0.11500198203658307
1550,310000,rayleigh,64,4.821700214382932,7.58182492452159,2.478126588478007,5.157602776596269,7.052379559358758,7.052379559358758,200,6.825506138037923,6.825506138037923,6.852916139084369,6.852916139084369,0.027410001046446197,0.027410001046446197
1551,310200,rayleigh,64,5.384788650665427,7.433924916987019,1.0902392041469138,6.343685712840102,,7.052379559358758,200,6.775076057008166,6.775076057008166,6.8416051828120805,6.8416051828120805,0.0665291258039149,0.0665291258039149
1552,310400,rayleigh,64,3.509593445103247,7.058933834789558,2.2389006601296537,4.862568763903413,,7.052379559358758,200,6.702810592940098,6.702810592940098,6.82438261083196,6.82438261083196,0.12157201789186178,0.12157201789186178
1553,310600,rayleigh,64,3.8008802362782914,8.332628827610566,3.0053825166602497,5.418108558224406,,7.052379559358758,200,6.622643040679383,6.622643040679383,6.815683013365969,6.815683013365969,0.19303997268658613,0.19303997268658613
1554,310800,rayleigh,64,4.736428676329322,8.079460705494373,2.1121377088300037,5.976195365263042,,7.052379559358758,200,6.716110330561006,6.716110330561006,6.810068645316415,6.810068645316415,0.09395831475540906,0.09395831475540906
1555,311000,rayleigh,64,6.515156130335124,8.669890040333716,1.8306592353065294,6.8392308050271895,,7.052379559358758,200,6.731503152599382,6.731503152599382,6.808301053963497,6.808301053963497,0.0767979013641149,0.0767979013641149
1556,311200,rayleigh,64,6.118448657397789,7.727374910326944,0.9624583330827357,6.764916577244209,,7.052379559358758,200,6.755392913969641,6.755392913969641,6.811701160868848,6.811701160868848,0.056308246899207326,0.056308246899207326
1557,311400,rayleigh,64,5.851496648583241,8.186435421440981,1.9437170824572532,6.245017277722219,,7.052379559358758,200,6.720534680335727,6.720534680335727,6.808245663090344,6.808245663090344,0.08771098275461675,0.08771098275461675
1558,311600,rayleigh,64,6.0722597778067815,8.763154341150043,2.3162134493999518,6.455229642836684,,7.052379559358758,200,6.726229796536133,6.726229796536133,6.8116300948350315,6.8116300948350315,0.08540029829889839,0.08540029829889839
1559,311800,rayleigh,64,4.177086225005658,8.08068615189827,3.5901490019750315,4.535922972560181,,7.052379559358758,200,6.584476171413409,6.584476171413409,6.790001652719942,6.790001652719942,0.20552548130653303,0.20552548130653303
1560,312000,rayleigh,64,6.712311546019045,7.520246914859128,0.46107989005397204,7.059167024805151,,7.052379559358758,200,6.6151228409833225,6.6151228409833225,6.788172094466476,6.788172094466476,0.17304925348315336,0.17304925348315336
1561,312200,rayleigh,64,4.691781575798157,7.316069177963909,1.4663724088756103,5.889958575924951,,7.052379559358758,200,6.562523690933006,6.562523690933006,6.8053458520839385,6.8053458520839385,0.2428221611509329,0.2428221611509329
1562,312400,rayleigh,64,8.113876633256742,8.665216066342845,0.14868674607029142,8.516529320272543,,7.052379559358758,200,6.724541846276859,6.724541846276859,6.873352748698571,6.873352748698571,0.14881090242171258,0.14881090242171258
1563,312600,rayleigh,64,7.55636883342692,8.65949623014128,0.7303880982049641,7.9291081319363155,,7.052379559358758,200,6.6878892857995025,6.6878892857995025,6.88872904233164,6.88872904233164,0.2008397565321376,0.2008397565321376
1564,312800,rayleigh,64,6.215178684652434,9.223227549248238,1.887694693977137,7.345515806483949,,7.052379559358758,200,6.709249997817136,6.709249997817136,6.90350970018588,6.90350970018588,0.19425970236874335,0.19425970236874335
1565,313000,rayleigh,64,5.919221469823347,7.785741567167243,1.461894158758519,6.3479508793551895,,7.052379559358758,200,6.542178115243613,6.542178115243613,6.906328726008412,6.906328726008412,0.36415061076479915,0.36415061076479915
1566,313200,rayleigh,64,7.588252123589822,8.256368610710746,0.1863842822254526,8.069984328485294,,7.052379559358758,200,6.488458195790645,6.488458195790645,6.90937266106198,6.90937266106198,0.420914465271335,0.420914465271335
1567,313400,rayleigh,64,4.023984923943986,8.324089092321488,3.0688328803602767,5.30084627160975,,7.052379559358758,200,6.513033624544024,6.513033624544024,6.889328156650402,6.889328156650402,0.3762945321063782,0.3762945321063782
1568,313600,rayleigh,64,7.009163724046669,7.780111454287387,0.31293264466764825,7.467178809619734,,7.052379559358758,200,6.51295834909249,6.51295834909249,6.884922751355338,6.884922751355338,0.3719644022628481,0.3719644022628481
1569,313800,rayleigh,64,4.650234976560671,7.380203570109373,1.3479387312012103,6.067038453873191,,7.052379559358758,200,6.4295878027291895,6.4295878027291895,6.8848213826747555,6.8848213826747555,0.455233579945566,0.455233579945566
1570,314000,rayleigh,64,5.859120283341318,7.796664246247461,1.282734410135421,6.5160817016611015,,7.052379559358758,200,6.497511748982431,6.497511748982431,6.884483375925783,6.884483375925783,0.3869716269433523,0.3869716269433523
1571,314200,rayleigh,64,7.229682855873704,8.829625465581534,1.1389106717781916,7.690714793803339,,7.052379559358758,200,6.564863203030593,6.564863203030593,6.891471926102257,6.891471926102257,0.3266087230716641,0.3266087230716641
1572,314400,rayleigh,64,6.788327669150096,7.528692841021052,0.3376042511672604,7.19108858985379,,7.052379559358758,200,6.681289194328111,6.681289194328111,6.890554012917513,6.890554012917513,0.2092648185894017,0.2092648185894017
1573,314600,rayleigh,64,5.158366301070141,7.3178911510033195,0.7355256081846303,6.583573010863726,,7.052379559358758,200,6.7395624169600765,6.7395624169600765,6.886778187757491,6.886778187757491,0.14721577079741444,0.14721577079741444
1574,314800,rayleigh,64,6.432612964266323,8.422996420938079,1.6345923266067912,6.815893375360982,,7.052379559358758,200,6.781547317464975,6.781547317464975,6.900241440708239,6.900241440708239,0.11869412324326412,0.11869412324326412
1575,315000,rayleigh,64,4.919989116464465,7.557097352084477,1.217901640836732,6.35437246868561,,7.052379559358758,200,6.757304400647895,6.757304400647895,6.89396712342692,6.89396712342692,0.13666272277902536,0.13666272277902536
1576,315200,rayleigh,64,5.987914257719362,8.182437697868053,1.5608723997081464,6.621565298159906,,7.052379559358758,200,6.75013683669368,6.75013683669368,6.889573395112543,6.889573395112543,0.13943655841886304,0.13943655841886304
1577,315400,rayleigh,64,5.1565854849018935,8.51847900394213,2.561329835277726,5.9727178916394,,7.052379559358758,200,6.7365218673895395,6.7365218673895395,6.8673695244402495,6.8673695244402495,0.13084765705071,0.13084765705071
1578,315600,rayleigh,64,6.997076994724506,9.431598794705637,1.4350094121238846,7.996589382581744,,7.052379559358758,200,6.813589854376792,6.813589854376792,6.863650768913683,6.863650768913683,0.05006091453689088,0.05006091453689088
1579,315800,rayleigh,64,5.7574599414775465,8.109521888499554,0.9925150774960464,7.117006811003509,,7.052379559358758,200,6.942644046298959,6.942644046298959,6.864991243557342,6.864991243557342,0.07765280274161679,0.07765280274161679
1580,316000,rayleigh,64,6.750418923626468,8.213476765660692,1.1086216975601773,7.104855068100512,,7.052379559358758,200,6.9449284484637275,6.9449284484637275,6.869824915888483,6.869824915888483,0.07510353257524471,0.07510353257524471
1581,316200,rayleigh,64,5.112156099242828,7.957651190545878,1.762693286116747,6.209387219408894,,7.052379559358758,200,6.960899880637923,6.960899880637923,6.858868446502896,6.858868446502896,0.1020314341350268,0.1020314341350268
1582,316400,rayleigh,64,5.9276275072877604,7.484687992068989,0.5415963965451714,6.943091595523816,,7.052379559358758,200,6.882227994400486,6.882227994400486,6.843390740270753,6.843390740270753,0.03883725412973327,0.03883725412973327
1583,316600,rayleigh,64,5.191084853527257,7.076315943982463,0.09510513605889725,6.9812108079235715,,7.052379559358758,200,6.83483312819985,6.83483312819985,6.847349056907151,6.847349056907151,0.012515928707301782,0.012515928707301782
1584,316800,rayleigh,64,7.216989324605796,8.648358297434873,0.9621100222341743,7.6862482752007,,7.052379559358758,200,6.851869751635688,6.851869751635688,6.841329719780243,6.841329719780243,0.010540031855444276,0.010540031855444276
1585,317000,rayleigh,64,5.590020068945128,8.439805604739982,2.3289537563573863,6.1111650024196695,,7.052379559358758,200,6.840030457788913,6.840030457788913,6.8178152540275425,6.8178152540275425,0.02221520376137054,0.02221520376137054
1586,317200,rayleigh,64,5.03572016339817,7.727390111186001,1.4219617109171503,6.309933531053255,,7.052379559358758,200,6.75202791791731,6.75202791791731,6.793322949937158,6.793322949937158,0.041295032019847966,0.041295032019847966
1587,317400,rayleigh,64,6.551802815786243,8.234223904826042,1.1549807260059186,7.079243178820126,,7.052379559358758,200,6.8409477632778275,6.8409477632778275,6.785750804611715,6.785750804611715,0.055196958666112295,0.055196958666112295
1588,317600,rayleigh,64,6.345524115262176,9.154136935823008,2.3462157953489866,6.818266726569002,,7.052379559358758,200,6.808502159125291,6.808502159125291,6.789506053087398,6.789506053087398,0.01899610603789359,0.01899610603789359
1589,317800,rayleigh,64,7.880661462488938,9.202934133281543,0.8366554424399107,8.37616748943207,,7.052379559358758,200,6.923958610903237,6.923958610903237,6.811680272998044,6.811680272998044,0.11227833790519348,0.11227833790519348
1590,318000,rayleigh,64,5.5818426755635695,7.5633814533960555,0.8634750308248343,6.699906422571223,,7.052379559358758,200,6.933149846948742,6.933149846948742,6.818135778870098,6.818135778870098,0.11501406807864356,0.11501406807864356
1591,318200,rayleigh,64,5.483185801403838,7.578313777648956,1.4587958213296912,6.119517956319263,,7.052379559358758,200,6.854590005074539,6.854590005074539,6.8135005644998445,6.8135005644998445,0.041089440574694436,0.041089440574694436
1592,318400,rayleigh,64,1.0549754798299567,8.217193441252249,5.331375794982187,3.076095251624522,,7.052379559358758,200,6.648840338163074,6.648840338163074,6.79431206757271,6.79431206757271,0.1454717294096355,0.1454717294096355
1593,318600,rayleigh,64,5.547135041536899,7.887387465242555,0.9509354331436393,6.936603303289176,,7.052379559358758,200,6.666491852784349,6.666491852784349,6.781214607061152,6.781214607061152,0.11472275427680323,0.11472275427680323
1594,318800,rayleigh,64,5.245903950317318,8.119585554837396,2.4662441985033565,5.718139345881356,,7.052379559358758,200,6.611604151310367,6.611604151310367,6.761012109192794,6.761012109192794,0.14940795788242767,0.14940795788242767
1595,319000,rayleigh,64,5.789173162617903,8.654629945906398,2.0907902789103536,6.566864962623014,,7.052379559358758,200,6.622228776007236,6.622228776007236,6.765494218914718,6.765494218914718,0.14326544290748178,0.14326544290748178
1596,319200,rayleigh,64,4.5570873513793755,7.376638940313577,1.6881027548724234,5.700001495355862,,7.052379559358758,200,6.576150585867035,6.576150585867035,6.735471971387344,6.735471971387344,0.15932138552030928,0.15932138552030928
1597,319400,rayleigh,64,5.842302316993913,7.358296544223434,0.7233038157999988,6.634992728423429,,7.052379559358758,200,6.609264327706237,6.609264327706237,6.726045533428492,6.726045533428492,0.11678120572225481,0.11678120572225481
1598,319600,rayleigh,64,6.471141693199563,7.717454182486767,0.7741665402263165,6.94328764226045,,7.052379559358758,200,6.556599240690171,6.556599240690171,6.7054146262123195,6.7054146262123195,0.14881538552214835,0.14881538552214835
1599,319800,rayleigh,64,6.850216124969054,8.637024536305528,0.4405520369005033,8.196472499405022,,7.052379559358758,200,6.610572525110247,6.610572525110247,6.7189480696196515,6.7189480696196515,0.10837554450940434,0.10837554450940434
1600,320000,rayleigh,64,3.8628611232310637,8.902277868337947,4.566780744964141,4.37925914499128,6.591267690393066,6.591267690393066,200,6.474292728954784,6.474292728954784,6.687482574582007,6.687482574582007,0.2131898456272232,0.2131898456272232
1601,320200,rayleigh,64,6.048268112002156,7.923019490304166,0.9935438174610335,6.931540903501937,,6.591267690393066,200,6.510400413159436,6.510400413159436,6.6804995018255555,6.6804995018255555,0.17009908866611934,0.17009908866611934
1602,320400,rayleigh,64,5.217633730549483,7.68759549961514,1.0972579970879717,6.593416040716562,,6.591267690393066,200,6.492916635419076,6.492916635419076,6.67501894242707,6.67501894242707,0.18210230700799457,0.18210230700799457
1603,320600,rayleigh,64,6.638217645471503,7.877737835587846,0.6044185441033293,7.273319291484515,,6.591267690393066,200,6.507522059597122,6.507522059597122,6.678500282596773,6.678500282596773,0.17097822299965149,0.17097822299965149
1604,320800,rayleigh,64,3.155654972437832,7.853874686568371,3.1178412902589288,4.766601636282194,,6.591267690393066,200,6.361539727651197,6.361539727651197,6.643704036513091,6.643704036513091,0.28216430886189414,0.28216430886189414
1605,321000,rayleigh,64,6.113475063520799,8.43325031216038,1.2691822314762131,7.174579914864296,,6.591267690393066,200,6.414710473273428,6.414710473273428,6.638989333181508,6.638989333181508,0.22427885990807983,0.22427885990807983
1606,321200,rayleigh,64,7.432934274266642,8.332431691835481,0.44727541295370016,7.886811746922854,,6.591267690393066,200,6.493554384066907,6.493554384066907,6.646828252927344,6.646828252927344,0.15327386886043737,0.15327386886043737
1607,321400,rayleigh,64,7.488245101654201,8.268624706593245,0.2737583281532628,7.994866378439981,,6.591267690393066,200,6.5393355440478995,6.5393355440478995,6.675233986718044,6.675233986718044,0.13589844267014417,0.13589844267014417
1608,321600,rayleigh,64,6.906450072206713,8.08386271017574,0.5354852128032003,7.559170486355413,,6.591267690393066,200,6.5763807320372205,6.5763807320372205,6.679982467708458,6.679982467708458,0.1036017356712371,0.1036017356712371
1609,321800,rayleigh,64,6.480463900987588,8.617108604345749,1.5629669184889543,7.060173639374118,,6.591267690393066,200,6.510581039534324,6.510581039534324,6.680902926771539,6.680902926771539,0.17032188723721475,0.17032188723721475
1610,322000,rayleigh,64,8.241230600350573,9.631321593228739,0.8754524733726706,8.755869119856062,,6.591267690393066,200,6.613379174398565,6.613379174398565,6.699479698183756,6.699479698183756,0.08610052378519129,0.08610052378519129
1611,322200,rayleigh,64,6.423809812213241,7.640331557987184,0.7748566770550434,6.877982371201635,,6.591267690393066,200,6.651302395142683,6.651302395142683,6.709580996488305,6.709580996488305,0.058278601345621794,0.058278601345621794
1612,322400,rayleigh,64,2.9213448668677007,7.500353082375309,3.562912512277571,4.096531972792964,,6.591267690393066,200,6.702324231201106,6.702324231201106,6.721703892828689,6.721703892828689,0.019379661627582756,0.019379661627582756
1613,322600,rayleigh,64,6.439893574918706,7.557155916818524,0.667507453889601,6.8896484629289185,,6.591267690393066,200,6.6999764891830935,6.6999764891830935,6.735738091831702,6.735738091831702,0.03576160264860828,0.03576160264860828
1614,322800,rayleigh,64,6.575777822540312,8.350549523888697,1.3839269103901768,6.966622613498517,,6.591267690393066,200,6.762400652563952,6.762400652563952,6.734919093209146,6.734919093209146,0.027481559354805896,0.027481559354805896
1615,323000,rayleigh,64,6.161091153952445,7.474398083115545,0.6911818697247709,6.78335334766963,,6.591267690393066,200,6.773225071816282,6.773225071816282,6.741613860360519,6.741613860360519,0.031611211455762955,0.031611211455762955
1616,323200,rayleigh,64,5.844508571291191,8.106194616292878,0.7437738858410151,7.362420730451861,,6.591267690393066,200,6.856346033571081,6.856346033571081,6.740552464814214,6.740552464814214,0.11579356875686742,0.11579356875686742
1617,323400,rayleigh,64,5.007855924776707,7.691545042880898,2.2993779138351482,5.407844850060191,,6.591267690393066,200,6.794988639652919,6.794988639652919,6.7234007776370035,6.7234007776370035,0.0715878620159156,0.0715878620159156
1618,323600,rayleigh,64,5.297481743865003,8.19247921357422,2.141609628623111,6.066381328607752,,6.591267690393066,200,6.751143323970285,6.751143323970285,6.710364850209963,6.710364850209963,0.040778473760322065,0.040778473760322065
1619,323800,rayleigh,64,6.708073266321944,8.948332651398717,1.4817707114088032,7.4692512233604615,,6.591267690393066,200,6.714782260168056,6.714782260168056,6.705769644070261,6.705769644070261,0.009012616097794357,0.009012616097794357
1620,324000,rayleigh,64,0.9178153956764403,8.170807765364497,5.916879126689448,2.545779436335818,,6.591267690393066,200,6.623108274735283,6.623108274735283,6.6872426094409105,6.6872426094409105,0.0641343347056278,0.0641343347056278
1621,324200,rayleigh,64,7.677825216664377,8.70584079520502,0.6079428736229918,8.097897921582033,,6.591267690393066,200,6.681426125639288,6.681426125639288,6.7065340200258765,6.7065340200258765,0.025107894386588114,0.025107894386588114
1622,324400,rayleigh,64,7.454076722194092,8.767193585598546,0.9279359963388559,7.843117180720446,,6.591267690393066,200,6.743911182639482,6.743911182639482,6.705378286976926,6.705378286976926,0.03853289566255569,0.03853289566255569
1623,324600,rayleigh,64,6.204122169457822,9.087796985283818,1.5030986821484988,7.598924124994283,,6.591267690393066,200,6.7601914243149706,6.7601914243149706,6.717500098333318,6.717500098333318,0.04269132598165282,0.04269132598165282
1624,324800,rayleigh,64,6.822805170880977,8.107704329127687,0.915754506541084,7.191949822586602,,6.591267690393066,200,6.881458833630191,6.881458833630191,6.713287888854105,6.713287888854105,0.16817094477608574,0.16817094477608574
1625,325000,rayleigh,64,6.526220207013098,8.236135378702002,1.3318749003717778,6.922392997694565,,6.591267690393066,200,6.868849487771705,6.868849487771705,6.7023804738156025,6.7023804738156025,0.16646901395610225,0.16646901395610225
1626,325200,rayleigh,64,6.1500180935688205,7.58953319358408,1.017730431527307,6.572544693585461,,6.591267690393066,200,6.803136135104836,6.803136135104836,6.696881151754314,6.696881151754314,0.10625498335052175,0.10625498335052175
1627,325400,rayleigh,64,5.909810349072027,9.52732681863252,3.1927963524687857,6.334931620117533,,6.591267690393066,200,6.7201393971887144,6.7201393971887144,6.695929097650293,6.695929097650293,0.024210299538421687,0.024210299538421687
1628,325600,rayleigh,64,3.193601644920976,8.508738224520567,4.323709943769359,4.3032134373139055,,6.591267690393066,200,6.557341544736637,6.557341544736637,6.662106959785326,6.662106959785326,0.10476541504868919,0.10476541504868919
1629,325800,rayleigh,64,6.417575175547666,7.706050014325918,0.8584083232457567,6.860108038897475,,6.591267690393066,200,6.5473382647128044,6.5473382647128044,6.67635682476604,6.67635682476604,0.1290185600532352,0.1290185600532352
1630,326000,rayleigh,64,7.253766396174842,8.312355180935818,0.7230433119333,7.589311869002518,,6.591267690393066,200,6.489010402170129,6.489010402170129,6.671711462107558,6.671711462107558,0.18270105993742902,0.18270105993742902
1631,326200,rayleigh,64,7.465569704805598,8.693262038540379,0.27407574026786813,8.419628724152147,,6.591267690393066,200,6.5660927198176555,6.5660927198176555,6.682384876014728,6.682384876014728,0.11629215619707267,0.11629215619707267
1632,326400,rayleigh,64,5.998829798977333,8.094952604009974,1.692973335125734,6.4036910630436505,,6.591267690393066,200,6.681450674330188,6.681450674330188,6.683343006192515,6.683343006192515,0.001892331862326735,0.001892331862326735
1633,326600,rayleigh,64,4.714616645654361,8.77769689213882,2.700425900189906,6.094124174645683,,6.591267690393066,200,6.641674459916027,6.641674459916027,6.674069651904586,6.674069651904586,0.03239519198855856,0.03239519198855856
1634,326800,rayleigh,64,4.555135924897434,7.936769675788548,1.938431396831543,6.048708597701793,,6.591267690393066,200,6.5957787591261905,6.5957787591261905,6.693488242205298,6.693488242205298,0.09770948307910743,0.09770948307910743
1635,327000,rayleigh,64,6.547249422840516,7.7809479687761405,0.7118111476313334,7.073068592978632,,6.591267690393066,200,6.610264521391642,6.610264521391642,6.698905184492487,6.698905184492487,0.08864066310084517,0.08864066310084517
1636,327200,rayleigh,64,6.6261011167918635,8.64693497399039,1.0148819182161526,7.633366234424162,,6.591267690393066,200,6.623811796590256,6.623811796590256,6.712367633338339,6.712367633338339,0.08855583674808276,0.08855583674808276
1637,327400,rayleigh,64,6.956787079741357,9.292903598459054,1.8776309884667386,7.418126748562176,,6.591267690393066,200,6.724325891515354,6.724325891515354,6.717127081319956,6.717127081319956,0.007198810195398586,0.007198810195398586
1638,327600,rayleigh,64,6.601548458901161,7.706424157179278,0.11137075706728854,7.595053400111987,,6.591267690393066,200,6.800759495090567,6.800759495090567,6.729664342132789,6.729664342132789,0.07109515295777769,0.07109515295777769
1639,327800,rayleigh,64,6.778031440189852,8.581312779059102,0.8662714040699439,7.720593472796106,,6.591267690393066,200,6.81332660756235,6.81332660756235,6.733160322110604,6.733160322110604,0.08016628545174598,0.08016628545174598
1640,328000,rayleigh,64,2.7452768107708936,8.546957121593111,5.328800535513076,3.439991126951271,,6.591267690393066,200,6.858037192093121,6.858037192093121,6.703097897046048,6.703097897046048,0.1549392950470736,0.1549392950470736
1641,328200,rayleigh,64,7.286048200048655,8.4702906304169,0.6705504958963764,7.799740134520523,,6.591267690393066,200,6.8431293027400475,6.8431293027400475,6.7116758826219405,6.7116758826219405,0.131453420118107,0.131453420118107
1642,328400,rayleigh,64,6.5740119629130005,8.535950094817126,1.6244153913301953,6.918813337110243,,6.591267690393066,200,6.796914110559536,6.796914110559536,6.7281023538590885,6.7281023538590885,0.06881175670044737,0.06881175670044737
1643,328600,rayleigh,64,8.900122291586934,9.933601058200871,0.6197690462384897,9.313832011962374,,6.591267690393066,200,6.88265950490794,6.88265950490794,6.734619080563879,6.734619080563879,0.14804042434406117,0.14804042434406117
1644,328800,rayleigh,64,5.447794734465255,7.798236629860558,0.9895964102223549,6.8086402196382,,6.591267690393066,200,6.863494024760518,6.863494024760518,6.733522467098947,6.733522467098947,0.12997155766157142,0.12997155766157142
1645,329000,rayleigh,64,8.69403759898084,9.258119637131523,0.15867975588600755,9.099439881245516,,6.591267690393066,200,6.972346368938068,6.972346368938068,6.727622980603145,6.727622980603145,0.2447233883349229,0.2447233883349229
1646,329200,rayleigh,64,6.089760208733042,7.393912053659796,0.9130126689045723,6.500979980274055,,6.591267690393066,200,6.968768133272496,6.968768133272496,6.70118895323044,6.70118895323044,0.2675791800420564,0.2675791800420564
1647,329400,rayleigh,64,5.564272304506997,7.357916657909835,0.6784925809370701,6.679424076972767,,6.591267690393066,200,6.985992756115261,6.985992756115261,6.719889817034746,6.719889817034746,0.26610293908051474,0.26610293908051474
1648,329600,rayleigh,64,5.4440890702627724,7.2205783928929215,0.8397121520605341,6.396964779443715,,6.591267690393066,200,7.09068032322175,7.09068032322175,6.7091726216426775,6.7091726216426775,0.3815077015790722,0.3815077015790722
1649,329800,rayleigh,64,3.351284516219889,7.7093861345369215,2.7558808470796,5.030889480719836,,6.591267690393066,200,6.999219395312869,6.999219395312869,6.682137022638484,6.682137022638484,0.31708237267438477,0.31708237267438477
1650,330000,rayleigh,64,5.844803015198913,8.24374310223997,1.73899436378583,6.504748738454138,6.353426279521706,6.353426279521706,200,6.94499123878545,6.94499123878545,6.695608482257062,6.695608482257062,0.24938275652838815,0.24938275652838815
1651,330200,rayleigh,64,4.9098672500519,7.3473091256446,1.9634721632768193,5.408476580560496,,6.353426279521706,200,6.794433631605865,6.794433631605865,6.6862563909342665,6.6862563909342665,0.10817724067159862,0.10817724067159862
1652,330400,rayleigh,64,6.825499967550115,8.415833286852214,1.06687343088407,7.3489598559681415,,6.353426279521706,200,6.84169707125209,6.84169707125209,6.711120301854915,6.711120301854915,0.13057676939717577,0.13057676939717577
1653,330600,rayleigh,64,6.09317961008893,8.201800378721433,1.0901731045752643,7.11162727414617,,6.353426279521706,200,6.892572226227115,6.892572226227115,6.728055489014132,6.728055489014132,0.164516737212983,0.164516737212983
1654,330800,rayleigh,64,5.577597748023594,7.638050924883869,1.583758071256882,6.070635643580121,,6.353426279521706,200,6.893668578521032,6.893668578521032,6.728999891797303,6.728999891797303,0.16466868672372925,0.16466868672372925
1655,331000,rayleigh,64,5.431129840697236,8.655768137344024,2.8693210947769257,5.832533174486068,,6.353426279521706,200,6.831641807596403,6.831641807596403,6.718932915491892,6.718932915491892,0.11270889210451163,0.11270889210451163
1656,331200,rayleigh,64,5.959452871875367,7.875531145069276,1.5402782745771346,6.375178643204288,,6.353426279521706,200,6.768732428035409,6.768732428035409,6.715035536151492,6.715035536151492,0.053696891883916464,0.053696891883916464
1657,331400,rayleigh,64,6.9390368095850645,8.49072998676926,1.1679603715453104,7.343788927216372,,6.353426279521706,200,6.76501553696812,6.76501553696812,6.726023252646433,6.726023252646433,0.038992284321686554,0.038992284321686554
1658,331600,rayleigh,64,5.772907303111754,7.9758634619312705,1.76100093842062,6.214862523510651,,6.353426279521706,200,6.696005993138053,6.696005993138053,6.723619581453175,6.723619581453175,0.027613588315121618,0.027613588315121618
1659,331800,rayleigh,64,7.2050861604744405,9.063121187393499,1.449729553265396,7.613391634128101,,6.353426279521706,200,6.690645901204652,6.690645901204652,6.754394268068852,6.754394268068852,0.06374836686419982,0.06374836686419982
1660,332000,rayleigh,64,5.793337367166388,7.802920976421399,1.5507073573617767,6.2644282912277784,,6.353426279521706,200,6.8318677594184765,6.8318677594184765,6.746446880733078,6.746446880733078,0.08542087868539827,0.08542087868539827
1661,332200,rayleigh,64,4.387539604045162,7.583291177213499,2.7051011559247082,4.9374103723768386,,6.353426279521706,200,6.688751271311292,6.688751271311292,6.736921398697596,6.736921398697596,0.048170127386303996,0.048170127386303996
1662,332400,rayleigh,64,4.170574494869189,7.425463067138658,2.6693279828722742,4.825426565294927,,6.353426279521706,200,6.584081932720527,6.584081932720527,6.7000103711478225,6.7000103711478225,0.11592843842729561,0.11592843842729561
1663,332600,rayleigh,64,5.598803406155537,8.174043668172027,1.45083635449239,6.742744865830625,,6.353426279521706,200,6.4555275754139405,6.4555275754139405,6.688146738486764,6.688146738486764,0.23261916307282338,0.23261916307282338
1664,332800,rayleigh,64,7.604145590577905,8.265190067214519,0.27209234540239485,7.9930977218121315,,6.353426279521706,200,6.514750450522636,6.514750450522636,6.694622557640047,6.694622557640047,0.17987210711741053,0.17987210711741053
1665,333000,rayleigh,64,6.981817970015236,8.389623686771632,1.0381711474246091,7.355931212354065,,6.353426279521706,200,6.427575017078065,6.427575017078065,6.704702360970036,6.704702360970036,0.277127343891971,0.277127343891971
1666,333200,rayleigh,64,7.529878037469486,9.201724602373853,0.38633825738486444,8.815386344988987,,6.353426279521706,200,6.543295335313812,6.543295335313812,6.712156381135072,6.712156381135072,0.16886104582126027,0.16886104582126027
1667,333400,rayleigh,64,4.360286139318544,8.535377326934874,2.5389615903786784,6.007853142751093,,6.353426279521706,200,6.509716788602726,6.509716788602726,6.719226449846485,6.719226449846485,0.20950966124375903,0.20950966124375903
1668,333600,rayleigh,64,6.7902364589001145,7.574305683058986,0.38773775775121094,7.186567925307771,,6.353426279521706,200,6.549196945895931,6.549196945895931,6.716420341003367,6.716420341003367,0.16722339510743645,0.16722339510743645
1669,333800,rayleigh,64,4.543121335462671,8.484914671165846,3.262132488976557,5.240797444244568,,6.353426279521706,200,6.559692344072166,6.559692344072166,6.70815793090708,6.70815793090708,0.14846558683491384,0.14846558683491384
1670,334000,rayleigh,64,5.139274703593956,8.63816594701325,2.5857915543031544,6.067310369079048,,6.353426279521706,200,6.537820425603411,6.537820425603411,6.703670217581259,6.703670217581259,0.16584979197784744,0.16584979197784744
1671,334200,rayleigh,64,8.232512799148141,8.810954513687728,0.152299652455013,8.658654861232721,,6.353426279521706,200,6.700329339637024,6.700329339637024,6.713349618255554,6.713349618255554,0.013020278618530057,0.013020278618530057
1672,334400,rayleigh,64,7.999096644536856,8.639383167863027,0.14631027929272636,8.493072888570305,,6.353426279521706,200,6.757534991267131,6.757534991267131,6.726369461242719,6.726369461242719,0.03116553002441247,0.03116553002441247
1673,334600,rayleigh,64,7.594558424800007,8.555857071049143,0.20405311014113506,8.351803960907999,,6.353426279521706,200,6.819543825605223,6.819543825605223,6.7440517707431615,6.7440517707431615,0.07549205486206123,0.07549205486206123
1674,334800,rayleigh,64,6.6748092976827165,7.905438956539049,0.6809302345496134,7.224508721989439,,6.353426279521706,200,6.877237479525689,6.877237479525689,6.748137924209446,6.748137924209446,0.12909955531624373,0.12909955531624373
1675,335000,rayleigh,64,6.567192797414441,7.701547931427259,0.6910331290481533,7.010514802379109,,6.353426279521706,200,6.936136560920342,6.936136560920342,6.754699347546381,6.754699347546381,0.18143721337396101,0.18143721337396101
1676,335200,rayleigh,64,7.468407175652699,9.927966427870889,1.6956315034446874,8.232334924426205,,6.353426279521706,200,7.028994374981437,7.028994374981437,6.770807043809044,6.770807043809044,0.258187331172393,0.258187331172393
1677,335400,rayleigh,64,5.5375629291334585,8.126530482538211,1.246956646419809,6.879573836118407,,6.353426279521706,200,7.005783620426539,7.005783620426539,6.779875603253835,6.779875603253835,0.2259080171727037,0.2259080171727037
1678,335600,rayleigh,64,5.711558784216896,8.503509159849228,2.385502993675607,6.1564279583897745,,6.353426279521706,200,7.002861892170493,7.002861892170493,6.7614739890119155,6.7614739890119155,0.24138790315857772,0.24138790315857772
1679,335800,rayleigh,64,5.850298726253897,7.696230710961475,0.4908694867373158,7.205361224224164,,6.353426279521706,200,6.982460371675297,6.982460371675297,6.7623575331441215,6.7623575331441215,0.22010283853117585,0.22010283853117585
1680,336000,rayleigh,64,7.729183873416754,9.018611454394016,0.8694561974416946,8.149155256952323,,6.353426279521706,200,7.076696719961525,7.076696719961525,6.77280053503264,6.77280053503264,0.3038961849288855,0.3038961849288855
1681,336200,rayleigh,64,6.795848788097097,7.761223994918933,0.3000565140594702,7.461167480859463,,6.353426279521706,200,7.202884575385657,7.202884575385657,6.785318337647144,6.785318337647144,0.4175662377385132,0.4175662377385132
1682,336400,rayleigh,64,7.12866392690876,8.685360104307748,1.0913842313345379,7.6045392677394625,,6.353426279521706,200,7.341840210507883,7.341840210507883,6.791932814369301,6.791932814369301,0.5499073961385816,0.5499073961385816
1683,336600,rayleigh,64,5.178934945326522,7.983530663750316,2.092451636151884,5.931371772478358,,6.353426279521706,200,7.3012715558402705,7.3012715558402705,6.781434424014848,6.781434424014848,0.5198371318254225,0.5198371318254225
1684,336800,rayleigh,64,6.374652880850957,7.814922663424744,0.896643068037977,6.918279595386768,,6.353426279521706,200,7.247530649519002,7.247530649519002,6.77375473721671,6.77375473721671,0.4737759123022922,0.4737759123022922
1685,337000,rayleigh,64,3.704583654856094,8.136568413554425,4.033899452362595,4.221587687200713,,6.353426279521706,200,7.090813473261335,7.090813473261335,6.754858964064519,6.754858964064519,0.33595450919681547,0.33595450919681547
1686,337200,rayleigh,64,4.428184951744985,7.748912159969539,2.48010633889407,5.3270569338958245,,6.353426279521706,200,6.916397002706677,6.916397002706677,6.745030198092946,6.745030198092946,0.17136680461373022,0.17136680461373022
1687,337400,rayleigh,64,6.636757206834655,7.91486637864645,0.07986610869786827,7.835000269948582,,6.353426279521706,200,7.00775435906655,7.00775435906655,6.752587769004231,6.752587769004231,0.255166590062319,0.255166590062319
1688,337600,rayleigh,64,6.94019463688501,8.40995391770848,0.9861896805101106,7.434630622416124,,6.353426279521706,200,7.020157493921968,7.020157493921968,6.758751407962702,6.758751407962702,0.2614060859592664,0.2614060859592664
1689,337800,rayleigh,64,7.537403854419548,8.707160696426493,0.6585475268988279,8.04861316952766,,6.353426279521706,200,7.160548280186123,7.160548280186123,6.755475864763659,6.755475864763659,0.4050724154224641,0.4050724154224641
1690,338000,rayleigh,64,6.161499908900637,8.21404232275488,1.5664108008589013,6.660232482761873,,6.353426279521706,200,7.1901943858702655,7.1901943858702655,6.755079125365564,6.755079125365564,0.43511526050470106,0.43511526050470106
1691,338200,rayleigh,64,5.782228724148493,7.823025665783023,0.7442353841904842,7.0988721195010465,,6.353426279521706,200,7.112205248783679,7.112205248783679,6.764872666997381,6.764872666997381,0.347332581786298,0.347332581786298
1692,338400,rayleigh,64,4.254299615204299,7.988570352408334,2.8973236431479688,5.198172768360731,,6.353426279521706,200,6.947460242773201,6.947460242773201,6.786093442164742,6.786093442164742,0.16136680060845876,0.16136680060845876
1693,338600,rayleigh,64,5.805840748939233,7.382639411408888,0.4510004429227837,6.9598022958720875,,6.353426279521706,200,6.877860159521406,6.877860159521406,6.786325432090573,6.786325432090573,0.09153472743083313,0.09153472743083313
1694,338800,rayleigh,64,5.873579280504598,7.9038498419301995,1.6075005554118746,6.31119365264557,,6.353426279521706,200,6.832194406054212,6.832194406054212,6.792255975158214,6.792255975158214,0.039938430895998245,0.039938430895998245
1695,339000,rayleigh,64,4.75716657219965,7.581064154161296,1.268322927534391,6.322981976690298,,6.353426279521706,200,6.797817764769772,6.797817764769772,6.789817145298887,6.789817145298887,0.008000619470885262,0.008000619470885262
1696,339200,rayleigh,64,6.452177045508935,8.172079713505493,0.4609453599894008,7.711134353516093,,6.353426279521706,200,6.7717577362242665,6.7717577362242665,6.809928473880489,6.809928473880489,0.038170737656222364,0.038170737656222364
1697,339400,rayleigh,64,7.490759645352407,8.802493899439746,0.8539137637981303,7.959465431195941,,6.353426279521706,200,6.825752315978145,6.825752315978145,6.823173200908213,6.823173200908213,0.002579115069931248,0.002579115069931248
1698,339600,rayleigh,64,7.9225797832141724,9.444035930742215,1.14002990048842,8.317660336317653,,6.353426279521706,200,6.933813934874538,6.933813934874538,6.836916927848786,6.836916927848786,0.09689700702575177,0.09689700702575177
1699,339800,rayleigh,64,6.022711212805732,8.973030909161409,1.6030029152396366,7.370631372733505,,6.353426279521706,200,6.942077442300002,6.942077442300002,6.828658516582072,6.828658516582072,0.11341892571793011,0.11341892571793011
1700,340000,rayleigh,64,7.28878391272009,8.54600510508103,0.8565222596085321,7.689482845472493,7.06046890346158,7.06046890346158,200,6.919093821726013,6.919093821726013,6.861760753586884,6.861760753586884,0.05733306813912886,0.05733306813912886
1701,340200,rayleigh,64,7.088065423271913,9.59272654860072,2.169201124477868,7.471038922576709,,7.06046890346158,200,6.919587393811874,6.919587393811874,6.867155733777633,6.867155733777633,0.052431660034240934,0.052431660034240934
1702,340400,rayleigh,64,7.477646873385401,8.461796017583707,0.5183767057529651,7.94341931183074,,7.06046890346158,200,6.936531396016439,6.936531396016439,6.880655766488775,6.880655766488775,0.05587562952766412,0.05587562952766412
1703,340600,rayleigh,64,7.63040954358487,9.866159189592377,1.8216459593064516,8.056803492305221,,7.06046890346158,200,7.042802982007783,7.042802982007783,6.888490608496982,6.888490608496982,0.15431237351080096,0.15431237351080096
1704,340800,rayleigh,64,4.868953135442353,9.028110778856723,3.799686163061268,5.298868376114389,,7.06046890346158,200,6.9618324210441624,6.9618324210441624,6.893813275895302,6.893813275895302,0.06801914514886054,0.06801914514886054
1705,341000,rayleigh,64,6.266380870712255,8.001172396010066,1.1840457596121097,6.818575820493727,,7.06046890346158,200,7.091681827708814,7.091681827708814,6.8902532349515955,6.8902532349515955,0.20142859275721836,0.20142859275721836
1706,341200,rayleigh,64,4.1111433722489314,7.8330506087053475,3.0264003088944524,4.924702866096048,,7.06046890346158,200,7.071564124318824,7.071564124318824,6.860632146143328,6.860632146143328,0.2109319781754957,0.2109319781754957
1707,341400,rayleigh,64,7.3227993594343594,8.820401039129818,1.0534655616566988,7.767038287525532,,7.06046890346158,200,7.068166025197672,7.068166025197672,6.858353865234184,6.858353865234184,0.20981215996348812,0.20981215996348812
1708,341600,rayleigh,64,5.787745556624419,8.994138518880906,1.1445613500861358,7.849577168794774,,7.06046890346158,200,7.088913352516606,7.088913352516606,6.861257932058578,6.861257932058578,0.2276554204580279,0.2276554204580279
1709,341800,rayleigh,64,7.491262913023011,9.411910214742445,1.518547270694823,7.893362944047618,,7.06046890346158,200,7.081150841242604,7.081150841242604,6.869589825105313,6.869589825105313,0.21156101613729028,0.21156101613729028
1710,342000,rayleigh,64,3.159573402641233,7.883946167626534,4.4656378738676965,3.698722278102054,,7.06046890346158,200,6.933075331009613,6.933075331009613,6.8190183566877725,6.8190183566877725,0.1140569743218407,0.1140569743218407
1711,342200,rayleigh,64,6.3259936925802345,7.738886895517941,0.974832189918162,6.764054705599777,,7.06046890346158,200,6.916334460314549,6.916334460314549,6.817879080031754,6.817879080031754,0.09845538028279499,0.09845538028279499
1712,342400,rayleigh,64,6.947615196261142,7.994161953324622,0.6157138500602524,7.3784481032643665,,7.06046890346158,200,7.02534822705973,7.02534822705973,6.850698241336468,6.850698241336468,0.17464998572326262,0.17464998572326262
1713,342600,rayleigh,64,5.304505671425892,8.382647173738535,2.7116647319385767,5.709342587083956,,7.06046890346158,200,6.962825241620324,6.962825241620324,6.838895182578019,6.838895182578019,0.12393005904230492,0.12393005904230492
1714,342800,rayleigh,64,6.2501481125282075,7.699165162531,0.19068714302054413,7.508478019510449,,7.06046890346158,200,7.022689459963567,7.022689459963567,6.844313736638139,6.844313736638139,0.17837572332542884,0.17837572332542884
1715,343000,rayleigh,64,6.080344099444783,8.69556067895478,1.2660074989208503,7.429553180033925,,7.06046890346158,200,7.078018020130749,7.078018020130749,6.850775734961783,6.850775734961783,0.22724228516896616,0.22724228516896616
1716,343200,rayleigh,64,7.238637347682263,8.42383162462895,0.7750926457369091,7.648738978892041,,7.06046890346158,200,7.074898251399546,7.074898251399546,6.853638917446184,6.853638917446184,0.22125933395336173,0.22125933395336173
1717,343400,rayleigh,64,8.227480174950669,9.287210007030282,0.6867027223291804,8.60665043572229,,7.06046890346158,200,7.107257501625862,7.107257501625862,6.885626973302805,6.885626973302805,0.22163052832305752,0.22163052832305752
1718,343600,rayleigh,64,6.715486943328069,9.418270937217807,2.0719573164161464,7.359612435865111,,7.06046890346158,200,7.0593551066032365,7.0593551066032365,6.898559284375377,6.898559284375377,0.16079582222785938,0.16079582222785938
1719,343800,rayleigh,64,6.754375757130261,8.13448386248377,0.9440897435072321,7.197280842481531,,7.06046890346158,200,7.050687580090637,7.050687580090637,6.895839580566587,6.895839580566587,0.15484799952404948,0.15484799952404948
1720,344000,rayleigh,64,7.190586058173933,8.048744813026815,0.42029624008202143,7.62844857294479,,7.06046890346158,200,7.047635866464253,7.047635866464253,6.946666271932676,6.946666271932676,0.10096959453157694,0.10096959453157694
1721,344200,rayleigh,64,6.874758660702514,8.557359311618905,1.1730668338348087,7.384292477784094,,7.06046890346158,200,7.043298544224622,7.043298544224622,6.939530217494697,6.939530217494697,0.10376832672992453,0.10376832672992453
1722,344400,rayleigh,64,5.038946618120088,7.407141470154042,0.9194580843522094,6.491441792347788,,7.06046890346158,200,6.970699668250473,6.970699668250473,6.926013463610972,6.926013463610972,0.04468620463950135,0.04468620463950135
1723,344600,rayleigh,64,7.149602250484097,8.609843878224932,0.6308681156017867,7.978975762623147,,7.06046890346158,200,6.9668082817663715,6.9668082817663715,6.9298139799872605,6.9298139799872605,0.036994301779111005,0.036994301779111005
1724,344800,rayleigh,64,6.56564898895237,8.541411733035847,0.8869692828338563,7.654442450201988,,7.06046890346158,200,7.084586985470752,7.084586985470752,6.934438906263414,6.934438906263414,0.1501480792073382,0.1501480792073382
1725,345000,rayleigh,64,7.655952190943632,8.36538718346624,0.20124475873705458,8.169545846000853,,7.06046890346158,200,7.152135486746107,7.152135486746107,6.946910434746476,6.946910434746476,0.20522505199963081,0.20522505199963081
1726,345200,rayleigh,64,5.576947654672768,8.431387691211901,1.644322705588506,6.846021966941468,,7.06046890346158,200,7.248201441788377,7.248201441788377,6.949645207480035,6.949645207480035,0.2985562343083421,0.2985562343083421
1727,345400,rayleigh,64,5.977861820133548,8.558094607441113,1.449559446580471,7.131238711558618,,7.06046890346158,200,7.216411462990031,7.216411462990031,6.957608278394448,6.957608278394448,0.2588031845955827,0.2588031845955827
1728,345600,rayleigh,64,5.960777591097934,9.02288036929632,2.150739427282353,6.873374609030729,,7.06046890346158,200,7.167601335001829,7.167601335001829,6.983309890111616,6.983309890111616,0.18429144489021354,0.18429144489021354
1729,345800,rayleigh,64,4.915262248174992,7.31231528542066,0.9782650111402327,6.33405027428043,,7.06046890346158,200,7.089635701513468,7.089635701513468,6.978049312465447,6.978049312465447,0.11158638904802132,0.11158638904802132
1730,346000,rayleigh,64,4.626989733659709,7.676220804436867,2.6049262088373206,5.145954402832293,,7.06046890346158,200,7.161997307749982,7.161997307749982,6.9536157378037435,6.9536157378037435,0.2083815699462388,0.2083815699462388
1731,346200,rayleigh,64,7.507974904898091,8.662869091485025,0.6117491626323354,8.05111992885269,,7.06046890346158,200,7.226350568912629,7.226350568912629,6.949930649850749,6.949930649850749,0.2764199190618797,0.2764199190618797
1732,346400,rayleigh,64,6.876666873332831,8.871662487083182,0.2690813228506775,8.602581164232504,,7.06046890346158,200,7.287557221961035,7.287557221961035,6.97191955086264,6.97191955086264,0.31563767109839524,0.31563767109839524
1733,346600,rayleigh,64,6.947012057932869,9.135601165283976,1.4885537119869783,7.647047453297001,,7.06046890346158,200,7.384442465271687,7.384442465271687,6.987448783649151,6.987448783649151,0.39699368162253634,0.39699368162253634
1734,346800,rayleigh,64,6.992940146231449,8.258215528212434,0.7574774973123753,7.5035293387900595,,7.06046890346158,200,7.3841950312356675,7.3841950312356675,7.001996991060033,7.001996991060033,0.3821980401756342,0.3821980401756342
1735,347000,rayleigh,64,4.436613027482601,8.224422210708223,2.7297923008376044,5.52043702659546,,7.06046890346158,200,7.288739223563745,7.288739223563745,6.986470675396202,6.986470675396202,0.3022685481675431,0.3022685481675431
1736,347200,rayleigh,64,6.792394339575908,9.578729693494978,2.3359821633181923,7.257012390628971,,7.06046890346158,200,7.269152894150591,7.269152894150591,6.98270713695825,6.98270713695825,0.28644575719234133,0.28644575719234133
1737,347400,rayleigh,64,3.8632841899285033,7.4708353956150155,2.8579393745535775,4.657884008270475,,7.06046890346158,200,7.071714572778001,7.071714572778001,6.955104709555331,6.955104709555331,0.11660986322266975,0.11660986322266975
1738,347600,rayleigh,64,5.766338978133608,7.9339994899879684,1.7246102792547666,6.267611221286646,,7.06046890346158,200,7.017114512049076,7.017114512049076,6.941830287767078,6.941830287767078,0.07528422428199821,0.07528422428199821
1739,347800,rayleigh,64,6.356657160422288,8.533862519494203,0.8029901277823966,7.730872391711806,,7.06046890346158,200,7.043794089510591,7.043794089510591,6.941933076956235,6.941933076956235,0.1018610125543562,0.1018610125543562
1740,348000,rayleigh,64,7.06955418045892,9.135225726816197,1.1298358416838097,8.005389885132384,,7.06046890346158,200,7.0626411551199695,7.0626411551199695,6.987587064538047,6.987587064538047,0.07505409058192214,0.07505409058192214
1741,348200,rayleigh,64,6.788758171367226,9.382716006266124,2.1930147805122493,7.225125105977868,,7.06046890346158,200,7.054682786529659,7.054682786529659,6.98184091425262,6.98184091425262,0.07284187227703853,0.07284187227703853
1742,348400,rayleigh,64,6.637196489174117,8.170736249113705,1.0544092864757186,7.12241932254863,,7.06046890346158,200,7.086231663039702,7.086231663039702,6.983876974107005,6.983876974107005,0.10235468893269672,0.10235468893269672
1743,348600,rayleigh,64,7.100335624622879,8.128463742967451,0.5772414749118476,7.5512222680556,,7.06046890346158,200,7.064843988311324,7.064843988311324,6.966250876667937,6.966250876667937,0.09859311164338713,0.09859311164338713
1744,348800,rayleigh,64,6.899423594494895,9.160612909681925,1.8453410002792223,7.358569952217672,,7.06046890346158,200,7.050050363412107,7.050050363412107,6.971750173993732,6.971750173993732,0.0783001894183748,0.0783001894183748
1745,349000,rayleigh,64,7.365691817849032,8.755888394632885,0.6813402820904738,8.074548112542413,,7.06046890346158,200,7.045300476739184,7.045300476739184,6.9615012563067005,6.9615012563067005,0.08379922043248378,0.08379922043248378
1746,349200,rayleigh,64,9.037204518339855,9.90820415908919,0.4678567465516174,9.440347412537564,,7.06046890346158,200,7.175016749018991,7.175016749018991,6.990894930629337,6.990894930629337,0.18412181838965402,0.18412181838965402
1747,349400,rayleigh,64,1.0926497125937014,7.9161795527131185,7.257487172328259,1.4558727577151527,,7.06046890346158,200,6.891248451326819,6.891248451326819,6.938659417436758,6.938659417436758,0.04741096610993978,0.04741096610993978
1748,349600,rayleigh,64,6.170472901938727,8.576807503792427,1.98784001799493,6.594371512806131,,7.06046890346158,200,6.877298296515589,6.877298296515589,6.940633484770383,6.940633484770383,0.06333518825479434,0.06333518825479434
1749,349800,rayleigh,64,6.869587257261855,7.590518470436898,0.16935613639174324,7.422264072231127,,7.06046890346158,200,6.931708986413122,6.931708986413122,6.964547230685496,6.964547230685496,0.03283824427237381,0.03283824427237381
1750,350000,rayleigh,64,6.8543371435012865,9.876645447047759,1.9891654580688802,7.88747998897888,7.371432162062172,7.371432162062172,200,7.068785265720452,7.068785265720452,6.978374543190744,6.978374543190744,0.09041072252970839,0.09041072252970839
1751,350200,rayleigh,64,3.7286913458591395,7.767056360559721,1.9125340784914582,5.862965131996977,,7.371432162062172,200,6.959377525877666,6.959377525877666,6.982919428705108,6.982919428705108,0.02354190282744195,0.02354190282744195
1752,350400,rayleigh,64,3.938066502997827,8.439282298507006,4.164312363806717,4.342006573243212,,7.371432162062172,200,6.746348796328202,6.746348796328202,6.952849895877859,6.952849895877859,0.20650109954965679,0.20650109954965679
1753,350600,rayleigh,64,5.166162988272301,7.777126037822156,1.6314410900438692,6.152647967483712,,7.371432162062172,200,6.671628822037536,6.671628822037536,6.943260102811235,6.943260102811235,0.2716312807736987,0.2716312807736987
1754,350800,rayleigh,64,5.0013813314568525,7.2738760459677305,0.4031378780798468,6.870738167887885,,7.371432162062172,200,6.639989263492429,6.639989263492429,6.9512611280543135,6.9512611280543135,0.3112718645618848,0.3112718645618848
1755,351000,rayleigh,64,4.996575915011398,7.772662995462667,2.281789343384409,5.5263881947176445,,7.371432162062172,200,6.640286821898537,6.640286821898537,6.948199678256631,6.948199678256631,0.30791285635809373,0.30791285635809373
1756,351200,rayleigh,64,7.521577022771156,8.737276723774713,0.06908355664243476,8.668193167132282,,7.371432162062172,200,6.710845860723703,6.710845860723703,6.97112982349591,6.97112982349591,0.2602839627722071,0.2602839627722071
1757,351400,rayleigh,64,5.0837941736243435,8.997094077014726,3.562580723820239,5.4600277187156925,,7.371432162062172,200,6.750953046245963,6.750953046245963,6.952292211410902,6.952292211410902,0.20133916516493944,0.20133916516493944
1758,351600,rayleigh,64,7.083430470063676,8.589197743300698,1.07238390282611,7.5168138404745894,,7.371432162062172,200,6.81341317720536,6.81341317720536,6.965311724580541,6.965311724580541,0.15189854737518083,0.15189854737518083
1759,351800,rayleigh,64,6.015477843770892,8.467522292567745,2.0481262600082335,6.423674686869082,,7.371432162062172,200,6.748053291963226,6.748053291963226,6.953414555107949,6.953414555107949,0.2053612631447237,0.2053612631447237
1760,352000,rayleigh,64,6.652280055929099,7.479241327660939,0.37607122152786404,7.1101067340188635,,7.371432162062172,200,6.703289134407548,6.703289134407548,6.961871339535861,6.961871339535861,0.2585822051283131,0.2585822051283131
1761,352200,rayleigh,64,5.1321581164381245,7.628335650227637,1.710389696472682,5.949824130044855,,7.371432162062172,200,6.639524085610897,6.639524085610897,6.971995477112541,6.971995477112541,0.3324713915016444,0.3324713915016444
1762,352400,rayleigh,64,5.563028953787852,7.614539330425879,1.58992046887511,6.028884781677494,,7.371432162062172,200,6.584847358567342,6.584847358567342,6.984030059276367,6.984030059276367,0.39918270070902473,0.39918270070902473
1763,352600,rayleigh,64,7.048544605596037,8.416028400544315,0.9387756994228691,7.4932582686433715,,7.371432162062172,200,6.58194915859673,6.58194915859673,6.991535193304494,6.991535193304494,0.4095860347077638,0.4095860347077638
1764,352800,rayleigh,64,5.045492008219146,8.067712555991223,2.0215558787441235,6.061396487500982,,7.371432162062172,200,6.517090485360894,6.517090485360894,6.972218180961381,6.972218180961381,0.4551276956004866,0.4551276956004866
1765,353000,rayleigh,64,7.083992930073557,8.319846174466896,0.7030617851460494,7.616784389320847,,7.371432162062172,200,6.494202299199817,6.494202299199817,6.9748267127310495,6.9748267127310495,0.4806244135312321,0.4806244135312321
1766,353200,rayleigh,64,7.011674058166525,8.561863260866343,0.9897540610897771,7.572109199776568,,7.371432162062172,200,6.400790388561768,6.400790388561768,6.962393941278927,6.962393941278927,0.561603552717159,0.561603552717159
1767,353400,rayleigh,64,7.0344722757970715,9.104964046614482,0.14574551424457097,8.959218532369917,,7.371432162062172,200,6.775957677294505,6.775957677294505,6.991907595175117,6.991907595175117,0.21594991788061169,0.21594991788061169
1768,353600,rayleigh,64,6.503699937103967,8.573678361858898,0.9562681213261426,7.617410240532749,,7.371432162062172,200,6.827109613680835,6.827109613680835,6.996216018327366,6.996216018327366,0.1691064046465307,0.1691064046465307
1769,353800,rayleigh,64,6.824953946812734,7.893712628851468,0.5040833385939893,7.38962929025748,,7.371432162062172,200,6.825477874582155,6.825477874582155,7.017704336787496,7.017704336787496,0.19222646220534045,0.19222646220534045
1770,354000,rayleigh,64,3.8419899643482585,7.688763884040292,2.526106549266507,5.1927947010840585,,7.371432162062172,200,6.690743610187414,6.690743610187414,7.008959180107545,7.008959180107545,0.318215569920131,0.318215569920131
1771,354200,rayleigh,64,5.0521929221215025,7.62998000828617,2.081431577042932,5.578931386558085,,7.371432162062172,200,6.676541922915469,6.676541922915469,6.9781619453607995,6.9781619453607995,0.3016200224453307,0.3016200224453307
1772,354400,rayleigh,64,2.7931098716806115,7.7837756237835976,3.604562364421888,4.282956932518172,,7.371432162062172,200,6.6735894408792165,6.6735894408792165,6.936060785800277,6.936060785800277,0.2624713449210603,0.2624713449210603
1773,354600,rayleigh,64,3.9341170201477462,7.786140980749224,2.8235925882433572,4.980070857341473,,7.371432162062172,200,6.6149605853721045,6.6149605853721045,6.902343454764612,6.902343454764612,0.28738286939250735,0.28738286939250735
1774,354800,rayleigh,64,5.383274481822969,8.061308483073317,1.1889590801330723,6.875040481016678,,7.371432162062172,200,6.6151757010285435,6.6151757010285435,6.898848772354884,6.898848772354884,0.2836730713263407,0.2836730713263407
1775,355000,rayleigh,64,5.988091156319167,7.575630696536724,1.0403498552541908,6.5755826019957455,,7.371432162062172,200,6.66763542139245,6.66763542139245,6.8944994503510495,6.8944994503510495,0.22686402895859992,0.22686402895859992
1776,355200,rayleigh,64,7.080452219276241,8.119325540468784,0.5241823623546694,7.598563882252633,,7.371432162062172,200,6.614153957148467,6.614153957148467,6.8881617399293145,6.8881617399293145,0.27400778278084736,0.27400778278084736
1777,355400,rayleigh,64,2.8756981301380553,7.780522332999801,4.52073754000529,3.4203058680060137,,7.371432162062172,200,6.512167864612984,6.512167864612984,6.85356906024819,6.85356906024819,0.3414011956352061,0.3414011956352061
1778,355600,rayleigh,64,5.667686538432196,7.48767563475527,1.2631860467990765,6.232662072600847,,7.371432162062172,200,6.447960276219296,6.447960276219296,6.854331401390301,6.854331401390301,0.40637112517100515,0.40637112517100515
1779,355800,rayleigh,64,5.21045240647367,7.478070191382073,1.202974201401874,6.278676248123165,,7.371432162062172,200,6.4407103542819995,6.4407103542819995,6.845064551629291,6.845064551629291,0.40435419734729194,0.40435419734729194
1780,356000,rayleigh,64,5.241124174454147,7.569258788444914,1.3311187094390418,6.238140079005874,,7.371432162062172,200,6.39711202153135,6.39711202153135,6.825954399849827,6.825954399849827,0.4288423783184774,0.4288423783184774
1781,356200,rayleigh,64,5.409140031590576,7.1939020484580185,0.28945739863673553,6.90444464982128,,7.371432162062172,200,6.444843047520171,6.444843047520171,6.820387171539444,6.820387171539444,0.3755441240192736,0.3755441240192736
1782,356400,rayleigh,64,6.851212220071338,8.584314406837866,0.9219641419831199,7.6682190051068355,,7.371432162062172,200,6.526809758691639,6.526809758691639,6.821023968913119,6.821023968913119,0.29421421022147953,0.29421421022147953
1783,356600,rayleigh,64,6.739924003634638,7.823706398735292,0.6002454544969991,7.2234609442382975,,7.371432162062172,200,6.513319892471385,6.513319892471385,6.833944860630718,6.833944860630718,0.3206249681593327,0.3206249681593327
1784,356800,rayleigh,64,7.090979364333944,8.957799471202181,1.3242380627504853,7.640405524433583,,7.371432162062172,200,6.592270344318015,6.592270344318015,6.841166119921186,6.841166119921186,0.2488957756031711,0.2488957756031711
1785,357000,rayleigh,64,6.533279421536537,8.682398243424464,0.2656199405784951,8.416778302845971,,7.371432162062172,200,6.632270039994272,6.632270039994272,6.88311802607764,6.88311802607764,0.2508479860833681,0.2508479860833681
1786,357200,rayleigh,64,5.636124595103022,7.401967853232724,0.6266298401306591,6.7753380131020755,,7.371432162062172,200,6.592431480660548,6.592431480660548,6.897600836869702,6.897600836869702,0.305169356209154,0.305169356209154
1787,357400,rayleigh,64,5.377560477964717,7.6499883610236905,0.8335346232041347,6.816453737819555,,7.371432162062172,200,6.485293240933028,6.485293240933028,6.8874153715484105,6.8874153715484105,0.4021221306153828,0.4021221306153828
1788,357600,rayleigh,64,5.934699907386967,7.653223800630889,1.2029214070895287,6.464951333768074,,7.371432162062172,200,6.427670295594794,6.427670295594794,6.877718578661931,6.877718578661931,0.4500482830671366,0.4500482830671366
1789,357800,rayleigh,64,6.87906149265602,8.569653550524384,0.8610683095735762,7.708585240950813,,7.371432162062172,200,6.443618093129461,6.443618093129461,6.874318299376163,6.874318299376163,0.43070020624670136,0.43070020624670136
1790,358000,rayleigh,64,6.8877362805047895,9.110533743251173,0.9628739271670766,8.147659816084094,,7.371432162062172,200,6.591361348879464,6.591361348879464,6.889192572709385,6.889192572709385,0.2978312238299212,0.2978312238299212
1791,358200,rayleigh,64,3.771986395047514,7.460606769233354,2.2908273666970502,5.173532604923352,,7.371432162062172,200,6.5710914097977255,6.5710914097977255,6.869939177563608,6.869939177563608,0.2988477677658823,0.2988477677658823
1792,358400,rayleigh,64,5.125052456311388,7.747676687823994,1.5295002577570969,6.22603340482797,,7.371432162062172,200,6.668245233413215,6.668245233413215,6.8802177839282805,6.8802177839282805,0.2119725505150658,0.2119725505150658
1793,358600,rayleigh,64,5.351857402999684,7.547144478015459,1.1456506275759322,6.405582476410708,,7.371432162062172,200,6.739520814366676,6.739520814366676,6.874675585733666,6.874675585733666,0.13515477136698983,0.13515477136698983
1794,358800,rayleigh,64,5.8122181352392275,8.290659007834996,1.2952236540950919,6.995435353739899,,7.371432162062172,200,6.74554055800284,6.74554055800284,6.881518002744611,6.881518002744611,0.13597744474177098,0.13597744474177098
1795,359000,rayleigh,64,7.272868745370785,8.728799638341677,0.9457766532825328,7.804498103539943,,7.371432162062172,200,6.806986333080049,6.806986333080049,6.896333164013105,6.896333164013105,0.08934683093305562,0.08934683093305562
1796,359200,rayleigh,64,6.997117698632114,8.449121437047546,1.1021637519222425,7.346957685125305,,7.371432162062172,200,6.794406023223684,6.794406023223684,6.892691397329198,6.892691397329198,0.0982853741055143,0.0982853741055143
1797,359400,rayleigh,64,7.160295651677424,8.181727781302575,0.5899350102286035,7.591792771073975,,7.371432162062172,200,7.002980368377081,7.002980368377081,6.889014670727978,6.889014670727978,0.11396569764910325,0.11396569764910325
1798,359600,rayleigh,64,4.955470825807111,7.4403488306579,0.5870210666927569,6.86084223479612,,7.371432162062172,200,7.034389376486844,7.034389376486844,6.8744464897127635,6.8744464897127635,0.15994288677408086,0.15994288677408086
1799,359800,rayleigh,64,6.999112521161727,7.892961674145094,0.5593337386239423,7.333627935521152,,7.371432162062172,200,7.087136960856744,7.087136960856744,6.8740764553406395,6.8740764553406395,0.21306050551610412,0.21306050551610412
1800,360000,rayleigh,64,7.849627717899796,8.942111968873288,0.7514361180815745,8.190675850791717,7.2418557402766535,7.2418557402766535,200,7.184763749446036,7.184763749446036,6.879088385393833,6.879088385393833,0.3056753640522034,0.3056753640522034
1801,360200,rayleigh,64,5.890661783056624,7.764747256302981,1.5710108384127217,6.206518911918972,,7.2418557402766535,200,7.149867462550921,7.149867462550921,6.866443185287253,6.866443185287253,0.28342427726366726,0.28342427726366726
1802,360400,rayleigh,64,7.181431380531806,8.244119792425314,0.7440100926422769,7.500109699783039,,7.2418557402766535,200,7.141461997284731,7.141461997284731,6.862010089166777,6.862010089166777,0.27945190811795406,0.27945190811795406
1803,360600,rayleigh,64,5.923143101667169,7.790451105885675,0.6022308034627348,7.1949886783066725,,7.2418557402766535,200,7.14003838398815,7.14003838398815,6.853391941026791,6.853391941026791,0.2866464429613593,0.2866464429613593
1804,360800,rayleigh,64,5.872504147993526,8.633037330276926,1.6642018277990034,6.968835502477919,,7.2418557402766535,200,7.106459882890367,7.106459882890367,6.870091612290427,6.870091612290427,0.23636827059994037,0.23636827059994037
1805,361000,rayleigh,64,6.604983841685251,7.961781974303708,1.0068740998665686,6.960538112024882,,7.2418557402766535,200,7.033647873349312,7.033647873349312,6.871511235205738,6.871511235205738,0.16213663814357382,0.16213663814357382
1806,361200,rayleigh,64,6.271319647386663,7.4057146779606375,0.6601107262198699,6.745603951740771,,7.2418557402766535,200,7.032161170281246,7.032161170281246,6.889720246062186,6.889720246062186,0.14244092421906007,0.14244092421906007
1807,361400,rayleigh,64,6.482907644375248,8.927168401527254,1.4993503938882407,7.4410265903360475,,7.2418557402766535,200,7.0633898129070705,7.0633898129070705,6.886460129090291,6.886460129090291,0.17692968381677954,0.17692968381677954
1808,361600,rayleigh,64,8.606566094176515,9.180838010392439,0.27527024761114127,8.905567762781303,,7.2418557402766535,200,7.185420634357731,7.185420634357731,6.897020035030156,6.897020035030156,0.28840059932757534,0.28840059932757534
1809,361800,rayleigh,64,5.9862618794883575,8.627403950147864,2.3131233045876116,6.314901357273247,,7.2418557402766535,200,7.115736440173855,7.115736440173855,6.8812354191624125,6.8812354191624125,0.2345010210114422,0.2345010210114422
1810,362000,rayleigh,64,3.5002469622076986,7.847793783732923,3.3063309960690246,4.61115102208897,,7.2418557402766535,200,6.938911000474097,6.938911000474097,6.890359706602282,6.890359706602282,0.04855129387181556,0.04855129387181556
1811,362200,rayleigh,64,7.31987383156542,9.136424325824924,1.0106244283163452,8.125799897508584,,7.2418557402766535,200,7.08652436510336,7.08652436510336,6.9039771585213705,6.9039771585213705,0.1825472065819893,0.1825472065819893
1812,362400,rayleigh,64,7.3207429437064615,8.30008090689767,0.6712141884400088,7.629431689264869,,7.2418557402766535,200,7.156694279325204,7.156694279325204,6.906486994381375,6.906486994381375,0.25020728494382904,0.25020728494382904
1813,362600,rayleigh,64,5.8168993148890475,8.19998804935185,1.0128343135787465,7.187474760784294,,7.2418557402766535,200,7.195788893543883,7.195788893543883,6.921268316118378,6.921268316118378,0.2745205774255046,0.2745205774255046
1814,362800,rayleigh,64,7.2431414486313885,7.866796987472406,0.22013341964679903,7.646663567825597,,7.2418557402766535,200,7.228350304248167,7.228350304248167,6.922650171601529,6.922650171601529,0.30570013264663753,0.30570013264663753
1815,363000,rayleigh,64,7.395605181054111,8.342970608676865,0.19142950825126265,8.1515411004256,,7.2418557402766535,200,7.2457024540924495,7.2457024540924495,6.929870050805445,6.929870050805445,0.3158324032870041,0.3158324032870041
1816,363200,rayleigh,64,5.637982220554062,7.541500353845364,1.421919173365928,6.134134888466393,,7.2418557402766535,200,7.185061314259507,7.185061314259507,6.91472400990119,6.91472400990119,0.2703373043583168,0.2703373043583168
1817,363400,rayleigh,64,7.060645968121915,8.1766317189886,0.7244939226838405,7.454064016154773,,7.2418557402766535,200,7.1781748765135465,7.1781748765135465,6.903198145705516,6.903198145705516,0.27497673080803064,0.27497673080803064
1818,363600,rayleigh,64,5.353293528219314,9.268854181198865,3.31883922987786,5.9740120950773035,,7.2418557402766535,200,7.133833369527606,7.133833369527606,6.889342142297637,6.889342142297637,0.24449122722996908,0.24449122722996908
1819,363800,rayleigh,64,6.627373229801393,7.772709068407262,0.7754179212567675,6.997291147150498,,7.2418557402766535,200,7.117016530109072,7.117016530109072,6.8873422453443265,6.8873422453443265,0.22967428476474527,0.22967428476474527
1820,364000,rayleigh,64,6.621547750531157,7.848806265239342,0.8707099580649238,6.97809630717442,,7.2418557402766535,200,7.056387552928207,7.056387552928207,6.880838722686622,6.880838722686622,0.17554883024158485,0.17554883024158485
1821,364200,rayleigh,64,6.345780243899778,8.711354797186747,1.9829977612046423,6.736401568951892,,7.2418557402766535,200,7.082881685779853,7.082881685779853,6.874359813598301,6.874359813598301,0.20852187218155205,0.20852187218155205
1822,364400,rayleigh,64,3.775800743004653,8.034695740107182,2.737502076624772,5.329735285183171,,7.2418557402766535,200,6.974362965049861,6.974362965049861,6.862742748526654,6.862742748526654,0.11162021652320675,0.11162021652320675
1823,364600,rayleigh,64,6.090280133825698,7.903272536631228,0.801698493105461,7.101574043525763,,7.2418557402766535,200,6.969692233310816,6.969692233310816,6.853968731335678,6.853968731335678,0.11572350197513792,0.11572350197513792
1824,364800,rayleigh,64,6.157517838540357,8.417198636952827,1.3027510185851392,7.114447618367682,,7.2418557402766535,200,6.976972839105303,6.976972839105303,6.8485687830173365,6.8485687830173365,0.1284040560879669,0.1284040560879669
1825,365000,rayleigh,64,5.4389242584454704,8.728914758997671,2.8494404544773784,5.884108387393892,,7.2418557402766535,200,6.923151352873754,6.923151352873754,6.825714408431266,6.825714408431266,0.09743694444248785,0.09743694444248785
1826,365200,rayleigh,64,6.985047068485761,7.958022612229924,0.6207904716128108,7.337232140617115,,7.2418557402766535,200,6.952732762317569,6.952732762317569,6.830626510168023,6.830626510168023,0.12210625214954618,0.12210625214954618
1827,365400,rayleigh,64,6.858475804108133,8.475405914518351,1.2788172554230883,7.196588659095261,,7.2418557402766535,200,6.94051086575553,6.94051086575553,6.83128000964339,6.83128000964339,0.10923085611214045,0.10923085611214045
1828,365600,rayleigh,64,5.37772299533321,8.128915077455147,1.6206667706252393,6.508248306829909,,7.2418557402766535,200,6.820644892957961,6.820644892957961,6.827628746621383,6.827628746621383,0.006983853663422579,0.006983853663422579
1829,365800,rayleigh,64,6.552914146019077,8.321229281176226,1.437785650181082,6.883443630995154,,7.2418557402766535,200,6.849072006644056,6.849072006644056,6.833122680188531,6.833122680188531,0.015949326455524826,0.015949326455524826
1830,366000,rayleigh,64,6.531216278384346,8.878692640822685,1.0323748953380598,7.865114083161489,,7.2418557402766535,200,7.011770159697683,7.011770159697683,6.860314276991822,6.860314276991822,0.15145588270586074,0.15145588270586074
1831,366200,rayleigh,64,7.498100386008774,8.246721317759155,0.4039208782023742,7.8428004395567825,,7.2418557402766535,200,6.997620186800093,6.997620186800093,6.858231082098863,6.858231082098863,0.13938910470123034,0.13938910470123034
1832,366400,rayleigh,64,7.602426658155767,9.443087081354237,1.4525072183811936,7.990911376850733,,7.2418557402766535,200,7.015694171179386,7.015694171179386,6.852114384225046,6.852114384225046,0.16357978695434028,0.16357978695434028
1833,366600,rayleigh,64,5.634146697958569,7.701702097672942,1.0108042356000742,6.692556653819266,,7.2418557402766535,200,6.990948265831134,6.990948265831134,6.842569476230267,6.842569476230267,0.14837878960086748,0.14837878960086748
1834,366800,rayleigh,64,6.095689181790384,8.387532223405302,1.934315031454443,6.458194941545483,,7.2418557402766535,200,6.931524834517129,6.931524834517129,6.83211613225782,6.83211613225782,0.09940870225930887,0.09940870225930887
1835,367000,rayleigh,64,6.94860007901381,8.424112311858725,1.01432365529234,7.426157060759235,,7.2418557402766535,200,6.895255632533811,6.895255632533811,6.8511733325994575,6.8511733325994575,0.04408229993435331,0.04408229993435331
1836,367200,rayleigh,64,5.754267036473518,8.04892241182153,1.0999122796388254,6.959589107161237,,7.2418557402766535,200,6.936528343468552,6.936528343468552,6.8481990997647815,6.8481990997647815,0.08832924370377082,0.08832924370377082
1837,367400,rayleigh,64,6.343593516065175,8.24144918629252,1.5326098264781844,6.70883935981434,,7.2418557402766535,200,6.8992671106515315,6.8992671106515315,6.86870865328022,6.86870865328022,0.030558457371311576,0.030558457371311576
1838,367600,rayleigh,64,6.736466075788738,7.578458770637134,0.40778943741143675,7.170669333225701,,7.2418557402766535,200,6.959099972558951,6.959099972558951,6.877739234399611,6.877739234399611,0.08136073815933997,0.08136073815933997
1839,367800,rayleigh,64,7.059641592978863,7.698100221966031,0.2520701838219616,7.446030038144072,,7.2418557402766535,200,6.981536917108629,6.981536917108629,6.874890810863933,6.874890810863933,0.10664610624469617,0.10664610624469617
1840,368000,rayleigh,64,5.705108733637419,8.906819361420663,1.949952991904958,6.9568663695157005,,7.2418557402766535,200,6.980475420225693,6.980475420225693,6.864405575707766,6.864405575707766,0.11606984451792624,0.11606984451792624
1841,368200,rayleigh,64,6.130170845562576,7.826725330356702,1.0549462063417772,6.783191991477005,,7.2418557402766535,200,6.982814941351949,6.982814941351949,6.859986244562759,6.859986244562759,0.12282869678919006,0.12282869678919006
1842,368400,rayleigh,64,7.035876996755853,9.130485633847044,1.641299571799148,7.506415806792069,,7.2418557402766535,200,7.091648967432394,7.091648967432394,6.863826209405193,6.863826209405193,0.22782275802720076,0.22782275802720076
1843,368600,rayleigh,64,5.058375695250491,8.880051324931811,3.398073793884065,5.510279471603509,,7.2418557402766535,200,7.012084238836282,7.012084238836282,6.843416781440673,6.843416781440673,0.1686674573956095,0.1686674573956095
1844,368800,rayleigh,64,6.396876780549332,7.581339444043611,0.6982391599502873,6.8868649328543485,,7.2418557402766535,200,7.000705104560614,7.000705104560614,6.83869973124704,6.83869973124704,0.16200537331357445,0.16200537331357445
1845,369000,rayleigh,64,7.923616316257243,9.305382329528989,0.8482760556738383,8.45710627385516,,7.2418557402766535,200,7.129354998883679,7.129354998883679,6.842525312860167,6.842525312860167,0.2868296860235118,0.2868296860235118
1846,369200,rayleigh,64,6.558609181674301,7.643813081296257,0.6071931810381298,7.036619900258125,,7.2418557402766535,200,7.1143243868657295,7.1143243868657295,6.818488037737371,6.818488037737371,0.29583634912835866,0.29583634912835866
1847,369400,rayleigh,64,6.9533217098047375,9.121152895508024,1.567161743082618,7.553991152425409,,7.2418557402766535,200,7.132194511532236,7.132194511532236,6.879469221684474,6.879469221684474,0.25272528984776255,0.25272528984776255
1848,369600,rayleigh,64,7.473524217890028,8.298100764955791,0.41809186142845245,7.880332229853519,,7.2418557402766535,200,7.200798707683416,7.200798707683416,6.892328828854947,6.892328828854947,0.3084698788284683,0.3084698788284683
1849,369800,rayleigh,64,7.484995851826764,9.177080686657334,1.1291302363542057,8.059690526094835,,7.2418557402766535,200,7.2596110524384,7.2596110524384,6.898703093393586,6.898703093393586,0.3609079590448143,0.3609079590448143
1850,370000,rayleigh,64,5.975509009810453,8.82440123842949,2.3197689909697607,6.510925214694436,6.155053628298619,6.155053628298619,200,7.191901609015048,7.191901609015048,6.884937545650741,6.884937545650741,0.3069640633643065,0.3069640633643065
1851,370200,rayleigh,64,7.335035045571297,8.27154444397116,0.38788862617687847,7.884418548538203,,6.155053628298619,200,7.193982514464119,7.193982514464119,6.905152079816154,6.905152079816154,0.28883043464796554,0.28883043464796554
1852,370400,rayleigh,64,5.59702398718831,7.335561321917158,0.6413905799947982,6.694170741922364,,6.155053628298619,200,7.129145482717701,7.129145482717701,6.928673721502945,6.928673721502945,0.20047176121475552,0.20047176121475552
1853,370600,rayleigh,64,5.159839875757928,7.9317222986595795,1.800362508390733,6.136184403229844,,6.155053628298619,200,7.101326870188229,7.101326870188229,6.928509085860408,6.928509085860408,0.17281778432782158,0.17281778432782158
1854,370800,rayleigh,64,6.3888991364733965,8.430203220184374,0.8471736512087737,7.58425937718278,,6.155053628298619,200,7.157630091970094,7.157630091970094,6.935644297953355,6.935644297953355,0.22198579401673868,0.22198579401673868
1855,371000,rayleigh,64,4.186883149181669,7.4477932226343695,1.7211090585587518,5.753950320459677,,6.155053628298619,200,7.074019754955115,7.074019754955115,6.937919919210776,6.937919919210776,0.13609983574433926,0.13609983574433926
1856,371200,rayleigh,64,8.181764277709041,8.855956553428054,0.18579329426841001,8.670163259159647,,6.155053628298619,200,7.159548462555037,7.159548462555037,6.93793962013105,6.93793962013105,0.22160884242398726,0.22160884242398726
1857,371400,rayleigh,64,7.078528197694442,8.30857476193519,0.41205931579979255,7.8965154461353935,,6.155053628298619,200,7.21893226687109,7.21893226687109,6.962304497405247,6.962304497405247,0.256627769465843,0.256627769465843
1858,371600,rayleigh,64,7.2031548809507395,8.484087567986958,0.8136202214815493,7.670467346505404,,6.155053628298619,200,7.243922167535075,7.243922167535075,6.963841032465555,6.963841032465555,0.28008113506952004,0.28008113506952004
1859,371800,rayleigh,64,8.203476210193218,8.7866978111911,0.11988313994318497,8.66681467124792,,6.155053628298619,200,7.304961399190267,7.304961399190267,6.986272432309343,6.986272432309343,0.3186889668809245,0.3186889668809245
1860,372000,rayleigh,64,8.462186357531934,9.582692242655943,0.7706992861817588,8.811992956474192,,6.155053628298619,200,7.3977177285381925,7.3977177285381925,7.003291294533898,7.003291294533898,0.3944264340042949,0.3944264340042949
1861,372200,rayleigh,64,6.028831783256001,7.622917037975153,0.28461890808904144,7.338298129886112,,6.155053628298619,200,7.425473035458649,7.425473035458649,7.017176034532309,7.017176034532309,0.40829700092634,0.40829700092634
1862,372400,rayleigh,64,7.88503442679368,9.18011812344449,0.9535767967659242,8.22654132667856,,6.155053628298619,200,7.461479311452972,7.461479311452972,7.03915259998232,7.03915259998232,0.42232671147065126,0.42232671147065126
1863,372600,rayleigh,64,6.093156474943936,7.935520534315808,0.756351206374403,7.179169327941405,,6.155053628298619,200,7.5449238042698665,7.5449238042698665,7.0360117105753,7.0360117105753,0.5089120936945664,0.5089120936945664
1864,372800,rayleigh,64,3.438701341240533,7.7816287245645555,4.083030091848084,3.818630426814869,,6.155053628298619,200,7.391512078967892,7.391512078967892,7.013584049968438,7.013584049968438,0.3779280289994542,0.3779280289994542
1865,373000,rayleigh,64,6.8127614259648785,8.551670402638294,1.166485771765072,7.407025500278193,,6.155053628298619,200,7.339008040289045,7.339008040289045,7.011486461078013,7.011486461078013,0.327521579211032,0.327521579211032
1866,373200,rayleigh,64,4.236511921973715,8.281422891934847,3.7819895629084623,4.567633727992152,,6.155053628298619,200,7.215558731675746,7.215558731675746,6.981441706360167,6.981441706360167,0.23411702531557932,0.23411702531557932
1867,373400,rayleigh,64,6.7231311826911995,7.985727926087231,0.7127376582553856,7.272990267831853,,6.155053628298619,200,7.201508687446068,7.201508687446068,6.964579423714786,6.964579423714786,0.2369292637312812,0.2369292637312812
1868,373600,rayleigh,64,8.443270028928987,9.507710070787711,0.6787051587153737,8.829004912072326,,6.155053628298619,200,7.248942321557008,7.248942321557008,6.976695370430184,6.976695370430184,0.2722469511268244,0.2722469511268244
1869,373800,rayleigh,64,5.708723243627085,7.707551686678797,0.5700602185860824,7.137491468092713,,6.155053628298619,200,7.202832368656902,7.202832368656902,6.974173992208535,6.974173992208535,0.22865837644836695,0.22865837644836695
1870,374000,rayleigh,64,5.594333932434025,7.345854588726206,1.0516398853300823,6.298006532974866,,6.155053628298619,200,7.192186434570924,7.192186434570924,6.985226110527444,6.985226110527444,0.20696032404347964,0.20696032404347964
1871,374200,rayleigh,64,6.56652051222925,7.727983062289272,0.1733662319333966,7.554616830355873,,6.155053628298619,200,7.175696348661806,7.175696348661806,7.004982964965421,7.004982964965421,0.170713383696385,0.170713383696385
1872,374400,rayleigh,64,6.344209940219917,8.217224165073349,1.1890762739729364,7.04360840620914,,6.155053628298619,200,7.193168231876146,7.193168231876146,7.032589479702331,7.032589479702331,0.1605787521738149,0.1605787521738149
1873,374600,rayleigh,64,3.885743807596035,7.672393229528758,3.1198827105337195,4.606504121392798,,6.155053628298619,200,7.116684217784292,7.116684217784292,7.028853812342844,7.028853812342844,0.08783040544144782,0.08783040544144782
1874,374800,rayleigh,64,5.576489462356125,7.60621957750977,0.9460966902317989,6.6601228872779705,,6.155053628298619,200,7.0704773932890514,7.0704773932890514,7.026704636405458,7.026704636405458,0.04377275688359372,0.04377275688359372
1875,375000,rayleigh,64,7.46764695964347,8.989870063970915,1.1511707294879086,7.838699334483005,,6.155053628298619,200,7.174714843990221,7.174714843990221,7.03933580373033,7.03933580373033,0.1353790402598909,0.1353790402598909
1876,375200,rayleigh,64,4.336737128157301,8.072057989774674,3.3884237343630303,4.726856109081368,,6.155053628298619,200,6.977549486486305,6.977549486486305,7.010618725998618,7.010618725998618,0.03306923951231244,0.03306923951231244
1877,375400,rayleigh,64,5.596040539214624,7.197908177929082,0.7935059461309646,6.4044022317981195,,6.155053628298619,200,6.902943825769443,6.902943825769443,7.0404596896365375,7.0404596896365375,0.1375158638670948,0.1375158638670948
1878,375600,rayleigh,64,3.8944673117753537,7.3971991716083085,2.4316109075042447,4.9875199668187635,,6.155053628298619,200,6.768796456785109,6.768796456785109,7.028008268578717,7.028008268578717,0.25921181179360797,0.25921181179360797
1879,375800,rayleigh,64,5.587644045590639,8.553439657933545,2.6247448872832426,5.95845027641643,,6.155053628298619,200,6.6333782370435355,6.6333782370435355,7.02480600886165,7.02480600886165,0.3914277718181145,0.3914277718181145
1880,376000,rayleigh,64,6.049152250273859,8.331057858740387,1.3903742031880775,6.957660129418492,,6.155053628298619,200,6.54066159569075,6.54066159569075,7.032001209365777,7.032001209365777,0.4913396136750272,0.4913396136750272
1881,376200,rayleigh,64,5.350551513208305,7.515956586196239,1.5857115305795566,5.934609347956294,,6.155053628298619,200,6.470477156594259,6.470477156594259,7.022302856347127,7.022302856347127,0.5518256997528681,0.5518256997528681
1882,376400,rayleigh,64,7.2183235238838765,8.224182166159162,0.5932013385630938,7.630980827596071,,6.155053628298619,200,6.440699131640135,6.440699131640135,7.021930474572019,7.021930474572019,0.5812313429318845,0.5812313429318845
1883,376600,rayleigh,64,6.999182645912023,7.679077482470674,0.24050065579979177,7.4385768266708805,,6.155053628298619,200,6.453669506576608,6.453669506576608,7.024081633396346,7.024081633396346,0.570412126819738,0.570412126819738
1884,376800,rayleigh,64,7.466360581592311,8.088348918624927,0.23434946090162537,7.853999457723307,,6.155053628298619,200,6.6554379581220315,6.6554379581220315,7.026217572729241,7.026217572729241,0.3707796146072093,0.3707796146072093
1885,377000,rayleigh,64,7.374752093953648,7.918254125480554,0.15299446799388922,7.765259657486663,,6.155053628298619,200,6.673349665982454,6.673349665982454,7.0197023862756485,7.0197023862756485,0.3463527202931944,0.3463527202931944
1886,377200,rayleigh,64,8.360386331547975,9.29310075567271,0.5280500469916938,8.765050708681018,,6.155053628298619,200,6.883220515016897,6.883220515016897,7.039599513231439,7.039599513231439,0.15637899821454138,0.15637899821454138
1887,377400,rayleigh,64,4.992614481345288,7.479076461641899,1.262734974842535,6.226945230967143,,6.155053628298619,200,6.830918263173662,6.830918263173662,7.033704428162913,7.033704428162913,0.20278616498925128,0.20278616498925128
1888,377600,rayleigh,64,6.9358707397795305,8.932859892965753,1.013942233906915,7.918917659058839,,6.155053628298619,200,6.785413900522988,6.785413900522988,7.04824409141582,7.04824409141582,0.2628301908928323,0.2628301908928323
1889,377800,rayleigh,64,5.569030093877786,8.336088214200482,2.3994116668468783,5.940198247340118,,6.155053628298619,200,6.725549239485358,6.725549239485358,7.030560221479714,7.030560221479714,0.3050109819943563,0.3050109819943563
1890,378000,rayleigh,64,7.979882833806713,8.984798546757634,0.6020867744997537,8.38271177225788,,6.155053628298619,200,6.8297845014495095,6.8297845014495095,7.0329107410414515,7.0329107410414515,0.20312623959194198,0.20312623959194198
1891,378200,rayleigh,64,5.702700953303155,8.800093847882538,2.6258076167230966,6.17428623115943,,6.155053628298619,200,6.760767971489687,6.760767971489687,7.042918277303813,7.042918277303813,0.2821503058141257,0.2821503058141257
1892,378400,rayleigh,64,6.33071785681833,7.90801866868208,0.37243958534230825,7.535579083339765,,6.155053628298619,200,6.785366505346218,6.785366505346218,7.056013734088931,7.056013734088931,0.2706472287427131,0.2706472287427131
1893,378600,rayleigh,64,7.268916992332612,8.178849385436115,0.4058510136816908,7.77299837175443,,6.155053628298619,200,6.9436912178643,6.9436912178643,7.069687893042367,7.069687893042367,0.125996675178067,0.125996675178067
1894,378800,rayleigh,64,5.80349935938025,7.979044533545511,1.740498845934945,6.238887591393112,,6.155053628298619,200,6.922629453070057,6.922629453070057,7.0621224154189,7.0621224154189,0.139492962348843,0.139492962348843
1895,379000,rayleigh,64,7.659222894903195,9.090209047091946,0.0980098881794086,8.992199158912536,,6.155053628298619,200,6.980304444291534,6.980304444291534,7.073999425972626,7.073999425972626,0.09369498168109214,0.09369498168109214
1896,379200,rayleigh,64,7.314497729166351,8.553317549467263,0.8171384291147745,7.7368777459530875,,6.155053628298619,200,7.130805526135118,7.130805526135118,7.077898626580903,7.077898626580903,0.052906899554215236,0.052906899554215236
1897,379400,rayleigh,64,6.8557269821737945,8.701381298490125,1.391964183197506,7.309417115292621,,6.155053628298619,200,7.176056270309845,7.176056270309845,7.075074870023091,7.075074870023091,0.10098140028675395,0.10098140028675395
1898,379600,rayleigh,64,6.287870301105646,9.015086101891189,1.5326773658689548,7.482408736022237,,6.155053628298619,200,7.300800708770019,7.300800708770019,7.081290535035351,7.081290535035351,0.21951017373466808,0.21951017373466808
1899,379800,rayleigh,64,4.58034540022786,7.66807060700452,1.9229163040162685,5.749662588772841,,6.155053628298619,200,7.29036132438784,7.29036132438784,7.065450881567869,7.065450881567869,0.2249104428199713,0.2249104428199713
1900,380000,rayleigh,64,6.837832251581502,8.51096557869189,1.0786126015965438,7.432352977095345,6.655032768302365,6.655032768302365,200,7.314095966771681,7.314095966771681,7.057867652830904,7.057867652830904,0.2562283139407775,0.2562283139407775
1901,380200,rayleigh,64,8.667483912410836,9.312519533110164,0.11116874280819339,9.201350790301975,,6.655032768302365,200,7.477433038888965,7.477433038888965,7.087815971614734,7.087815971614734,0.38961706727423095,0.38961706727423095
1902,380400,rayleigh,64,6.3076280356598815,8.023067790203788,1.1993329148858252,6.860525124765959,,6.655032768302365,200,7.4389102537474585,7.4389102537474585,7.081420125864563,7.081420125864563,0.3574901278828957,0.3574901278828957
1903,380600,rayleigh,64,4.910999039139671,7.552215888494962,1.9671740821929709,5.585201599641454,,6.655032768302365,200,7.346241492395988,7.346241492395988,7.065322255077911,7.065322255077911,0.2809192373180771,0.2809192373180771
1904,380800,rayleigh,64,4.753547090373817,7.464754854889905,1.4464126833532052,6.098016990158358,,6.655032768302365,200,7.25844236901774,7.25844236901774,7.0566140699547155,7.0566140699547155,0.2018282990630249,0.2018282990630249
1905,381000,rayleigh,64,7.14574838962225,8.192341207203205,0.49620852976868624,7.696132677434517,,6.655032768302365,200,7.254986020015134,7.254986020015134,7.063970015608813,7.063970015608813,0.19101600440632094,0.19101600440632094
1906,381200,rayleigh,64,5.267981889845589,8.630534808013362,1.9158251014382508,6.723665314304589,,6.655032768302365,200,7.152916750296312,7.152916750296312,7.063750629234452,7.063750629234452,0.08916612106185973,0.08916612106185973
1907,381400,rayleigh,64,4.018165787636516,7.434174339463447,2.2539375891678852,5.2012376684451915,,6.655032768302365,200,7.101631372170215,7.101631372170215,7.041352740015543,7.041352740015543,0.060278632154671996,0.060278632154671996
1908,381600,rayleigh,64,6.407349718584154,7.667305417858025,0.6318375969936911,7.035467820864332,,6.655032768302365,200,7.057458880260489,7.057458880260489,7.022651740596374,7.022651740596374,0.03480713966411475,0.03480713966411475
1909,381800,rayleigh,64,6.559182356748101,8.802495090835938,0.9601632471376597,7.842536110577737,,6.655032768302365,200,7.15257577342237,7.15257577342237,7.0379280881294175,7.0379280881294175,0.11464768529295277,0.11464768529295277
1910,382000,rayleigh,64,6.807058518905076,8.039040548574933,0.37799919446785957,7.661041354107077,,6.655032768302365,200,7.1164922525148295,7.1164922525148295,7.068426991449599,7.068426991449599,0.048065261065230125,0.048065261065230125
1911,382200,rayleigh,64,7.6018926955521895,8.951685967696967,0.806261272911221,8.145424694785731,,6.655032768302365,200,7.215049175696144,7.215049175696144,7.0686232394223705,7.0686232394223705,0.14642593627377387,0.14642593627377387
1912,382400,rayleigh,64,6.863889551785527,8.735478919706454,0.5024346267570599,8.233044292949396,,6.655032768302365,200,7.249922436176625,7.249922436176625,7.074659365459215,7.074659365459215,0.17526307071740987,0.17526307071740987
1913,382600,rayleigh,64,5.6531555888974845,8.43441594580279,0.6503648436215089,7.784051102181288,,6.655032768302365,200,7.250475072697968,7.250475072697968,7.080625128873185,7.080625128873185,0.1698499438247829,0.1698499438247829
1914,382800,rayleigh,64,6.510645892464226,8.007491647873385,0.9355506093042414,7.074631601918313,,6.655032768302365,200,7.292262273224227,7.292262273224227,7.0749048092141145,7.0749048092141145,0.2173574640101128,0.2173574640101128
1915,383000,rayleigh,64,5.254421826401077,7.793818607453011,2.050550810019923,5.762406383111627,,6.655032768302365,200,7.130772634434183,7.130772634434183,7.051013462040974,7.051013462040974,0.07975917239320918,0.07975917239320918
1916,383200,rayleigh,64,6.995684866624194,9.22662153669669,1.7188631786935038,7.50862059066812,,6.655032768302365,200,7.119359776669937,7.119359776669937,7.064758319062991,7.064758319062991,0.05460145760694601,0.05460145760694601
1917,383400,rayleigh,64,6.484290996590675,9.297528283546646,2.345540867873923,6.951987415672728,,6.655032768302365,200,7.10148829168894,7.10148829168894,7.05973755305817,7.05973755305817,0.04175073863077028,0.04175073863077028
1918,383600,rayleigh,64,6.138709455154775,8.1488732511758,0.7786641525986668,7.378614635332069,,6.655032768302365,200,7.096298586654432,7.096298586654432,7.073783578460717,7.073783578460717,0.022515008193714436,0.022515008193714436
1919,383800,rayleigh,64,3.307455825269847,8.278804773869098,3.4664494716883585,4.8488455090026275,,6.655032768302365,200,7.051257732665921,7.051257732665921,7.052299122079239,7.052299122079239,0.0010413894133174395,0.0010413894133174395
1920,384000,rayleigh,64,1.6914432348448278,7.766444817170937,5.38070649528382,2.690242413627231,,6.655032768302365,200,6.814152204492515,6.814152204492515,7.0094205831437675,7.0094205831437675,0.19526837865125213,0.19526837865125213
1921,384200,rayleigh,64,6.6557642632544765,8.442024909272979,1.417151281648892,7.034011713523993,,6.655032768302365,200,6.705785250653617,6.705785250653617,7.012396684589488,7.012396684589488,0.3066114339358714,0.3066114339358714
1922,384400,rayleigh,64,4.291494082301436,7.707261947023003,2.1164151540396348,5.590846792983366,,6.655032768302365,200,6.642301334064487,6.642301334064487,7.015007799667489,7.015007799667489,0.37270646560300236,0.37270646560300236
1923,384600,rayleigh,64,4.700636254868648,7.730248975963721,2.6775318460665574,5.059683748571327,,6.655032768302365,200,6.616025441510982,6.616025441510982,6.994588896717944,6.994588896717944,0.37856345520696166,0.37856345520696166
1924,384800,rayleigh,64,7.776874368978837,8.56560271484104,0.23711737976967928,8.328485335071356,,6.655032768302365,200,6.727548858756632,6.727548858756632,7.006729273884982,7.006729273884982,0.27918041512835057,0.27918041512835057
1925,385000,rayleigh,64,6.767005386200859,8.578057965248679,1.4495354379817484,7.128522527266935,,6.655032768302365,200,6.699168351248252,6.699168351248252,7.019173415283713,7.019173415283713,0.3200050640354606,0.3200050640354606
1926,385200,rayleigh,64,5.450756048021472,7.123245792830275,0.6561701067292384,6.469087750884768,,6.655032768302365,200,6.686439473077262,6.686439473077262,7.010491971386389,7.010491971386389,0.3240524983091273,0.3240524983091273
1927,385400,rayleigh,64,7.024937274036916,8.128282070199498,0.18137692992550986,7.946905140273987,,6.655032768302365,200,6.823722846668701,6.823722846668701,7.017995136198176,7.017995136198176,0.19427228952947484,0.19427228952947484
1928,385600,rayleigh,64,7.5513433898237246,8.795933260846741,0.9195252569270874,7.876408003919656,,6.655032768302365,200,6.865769855821467,6.865769855821467,7.031676733169075,7.031676733169075,0.16590687734760756,0.16590687734760756
1929,385800,rayleigh,64,8.018335552263009,8.891515830897744,0.5234834851564361,8.368032345741305,,6.655032768302365,200,6.892044667579645,6.892044667579645,7.046522620316535,7.046522620316535,0.15447795273689024,0.15447795273689024
1930,386000,rayleigh,64,7.718554105097544,8.154166753273344,0.10600945609058701,8.048157297182762,,6.655032768302365,200,6.91140046473343,6.91140046473343,7.048353052456748,7.048353052456748,0.13695258772331798,0.13695258772331798
1931,386200,rayleigh,64,7.729301263067437,8.494525484657922,0.43732466348327637,8.057784923284643,,6.655032768302365,200,6.907018476158376,6.907018476158376,7.050502897294027,7.050502897294027,0.14348442113565163,0.14348442113565163
1932,386400,rayleigh,64,6.135052334619022,9.320678636102171,2.8428754214610517,6.505758883908942,,6.655032768302365,200,6.820654205706354,6.820654205706354,7.035651372364609,7.035651372364609,0.21499716665825463,0.21499716665825463
1933,386600,rayleigh,64,7.087313613920664,7.868884675373794,0.41914618613201343,7.449738489241782,,6.655032768302365,200,6.803938575059377,6.803938575059377,7.043223190718834,7.043223190718834,0.23928461565945724,0.23928461565945724
1934,386800,rayleigh,64,7.65675205068975,8.659253077174343,0.3543635388935715,8.30488953828077,,6.655032768302365,200,6.865451471877501,6.865451471877501,7.061690136686186,7.061690136686186,0.19623866480868557,0.19623866480868557
1935,387000,rayleigh,64,6.974661753076649,8.506181725049663,0.8231918543752132,7.6829898706744535,,6.655032768302365,200,6.96148064625564,6.96148064625564,7.064258464785338,7.064258464785338,0.10277781852969792,0.10277781852969792
1936,387200,rayleigh,64,6.62114044346123,8.965154349777375,2.0206247961357153,6.953639182334935,,6.655032768302365,200,6.933731575838982,6.933731575838982,7.064198965537075,7.064198965537075,0.13046738969809368,0.13046738969809368
1937,387400,rayleigh,64,6.2377776479673885,8.156230350802652,1.4295128058433704,6.731620239832068,,6.655032768302365,200,6.922713217046949,6.922713217046949,7.064426774337252,7.064426774337252,0.141713557290303,0.141713557290303
1938,387600,rayleigh,64,7.219138045409556,8.865071968934666,1.330243007361865,7.5348289615728,,6.655032768302365,200,6.930523933358986,6.930523933358986,7.068068370620722,7.068068370620722,0.13754443726173626,0.13754443726173626
1939,387800,rayleigh,64,7.026361403546187,7.98137066513456,0.2411743166899282,7.7401963484446314,,6.655032768302365,200,7.075091475331087,7.075091475331087,7.071010033723728,7.071010033723728,0.004081441607358904,0.004081441607358904
1940,388000,rayleigh,64,7.5454082369459,8.536124255316112,0.62337788004046,7.912746375275653,,6.655032768302365,200,7.3362166734135075,7.3362166734135075,7.08056883378133,7.08056883378133,0.25564783963217774,0.25564783963217774
1941,388200,rayleigh,64,8.057726586291102,8.604035217397964,0.13896149351023354,8.465073723887734,,6.655032768302365,200,7.407769773931695,7.407769773931695,7.097387651105437,7.097387651105437,0.3103821228262582,0.3103821228262582
1942,388400,rayleigh,64,5.478465122807321,7.1178554002578585,0.25106023172650777,6.866795168531354,,6.655032768302365,200,7.471567192709093,7.471567192709093,7.090991444722829,7.090991444722829,0.38057574798626437,0.38057574798626437
1943,388600,rayleigh,64,7.2819241789876585,8.321975508859477,0.7216897534593276,7.600285755400155,,6.655032768302365,200,7.598597293050536,7.598597293050536,7.111891507560796,7.111891507560796,0.48670578548973964,0.48670578548973964
1944,388800,rayleigh,64,6.296726377251324,8.352888736344186,1.2402935936604929,7.1227699660969614,,6.655032768302365,200,7.538311524601816,7.538311524601816,7.114250557893221,7.114250557893221,0.4240609667085957,0.4240609667085957
1945,389000,rayleigh,64,7.330481147064005,8.149812955976653,0.5076430022046886,7.642169953771958,,6.655032768302365,200,7.563993895927068,7.563993895927068,7.106101194692388,7.106101194692388,0.4578927012346794,0.4578927012346794
1946,389200,rayleigh,64,7.78338740266904,8.417453521032124,0.3155886834134533,8.10186483761867,,6.655032768302365,200,7.645632750263762,7.645632750263762,7.116753644065994,7.116753644065994,0.5288791061977678,0.5288791061977678
1947,389400,rayleigh,64,6.897823755345517,7.481410577791243,0.27280264090818584,7.208607936883053,,6.655032768302365,200,7.608717890094215,7.608717890094215,7.11329981191057,7.11329981191057,0.49541807818364436,0.49541807818364436
1948,389600,rayleigh,64,5.868652776430158,7.95513012664725,1.4221983105413956,6.534444546989242,,6.655032768302365,200,7.541619717247694,7.541619717247694,7.09984093508193,7.09984093508193,0.4417787821657644,0.4417787821657644
1949,389800,rayleigh,64,7.2801958634074575,8.300989011233824,0.6329881450437167,7.668000866190105,,6.655032768302365,200,7.506618143270134,7.506618143270134,7.095924038482882,7.095924038482882,0.4106941047872521,0.4106941047872521
1950,390000,rayleigh,64,5.998657325697739,7.425991499872119,0.7219108054016439,6.704080694470477,7.062788370250942,7.062788370250942,200,7.43941431313452,7.43941431313452,7.097855593280642,7.097855593280642,0.34155871985387787,0.34155871985387787
1951,390200,rayleigh,64,7.993393505541495,8.609338972828574,0.2052623209463709,8.404076651882201,,7.062788370250942,200,7.456728899564398,7.456728899564398,7.103052174314082,7.103052174314082,0.3536767252503159,0.3536767252503159
1952,390400,rayleigh,64,4.514311669827656,7.495374808706995,1.7438443576073,5.757927130795852,,7.062788370250942,200,7.419337311908743,7.419337311908743,7.0936897382028175,7.0936897382028175,0.32564757370592545,0.32564757370592545
1953,390600,rayleigh,64,5.539157094664729,7.3412436731772495,0.8006246228884267,6.5406190502888215,,7.062788370250942,200,7.373881339961095,7.373881339961095,7.097734084673407,7.097734084673407,0.2761472552876878,0.2761472552876878
1954,390800,rayleigh,64,5.098755291625667,7.525996704703308,1.8518922116836685,5.682229281422136,,7.062788370250942,200,7.242748327118164,7.242748327118164,7.078713783715801,7.078713783715801,0.16403454340236312,0.16403454340236312
1955,391000,rayleigh,64,6.575324125147586,8.308006868969517,0.7301891224895501,7.577817746479966,,7.062788370250942,200,7.23748972090844,7.23748972090844,7.096952457976003,7.096952457976003,0.14053726293243685,0.14053726293243685
1956,391200,rayleigh,64,4.077194933346611,7.678923564185536,2.541708877193282,5.162140646195424,,7.062788370250942,200,7.147914794101463,7.147914794101463,7.061872231846361,7.061872231846361,0.08604256225510198,0.08604256225510198
1957,391400,rayleigh,64,5.299199988265107,9.234523907233395,3.6467512122222803,5.617198227061302,,7.062788370250942,200,7.092193693462924,7.092193693462924,7.03907905965562,7.03907905965562,0.0531146338073043,0.0531146338073043
1958,391600,rayleigh,64,5.254118136943126,7.843562595047549,2.0899705845925896,5.7627769625678145,,7.062788370250942,200,7.003591093512675,7.003591093512675,7.020002155816245,7.020002155816245,0.016411062303570034,0.016411062303570034
1959,391800,rayleigh,64,6.795815629232306,8.045672870845358,0.16966413820049633,7.876008732644862,,7.062788370250942,200,7.010381712722688,7.010381712722688,7.012094096430214,7.012094096430214,0.0017123837075265769,0.0017123837075265769
1960,392000,rayleigh,64,8.748772227372413,9.52113974804961,0.43374015225397905,9.087399595795633,,7.062788370250942,200,7.069114373748687,7.069114373748687,7.014848162823429,7.014848162823429,0.05426621092525785,0.05426621092525785
1961,392200,rayleigh,64,6.2188707899957505,8.50101798055303,1.3949415369748015,7.11624248183869,,7.062788370250942,200,7.001672811646235,7.001672811646235,7.012627606342956,7.012627606342956,0.010954794696720782,0.010954794696720782
1962,392400,rayleigh,64,6.782089085314063,7.735839305275992,0.58072266490632,7.15511664036968,,7.062788370250942,200,7.01608888523815,7.01608888523815,7.0019133594798655,7.0019133594798655,0.014175525758284735,0.014175525758284735
1963,392600,rayleigh,64,6.744372018877868,7.594252382062731,0.5027329214046733,7.091519460658052,,7.062788370250942,200,6.990650570501044,6.990650570501044,7.001036860807033,7.001036860807033,0.010386290305988588,0.010386290305988588
1964,392800,rayleigh,64,6.472344759581558,8.585543842629288,1.2652901529676948,7.320253689661588,,7.062788370250942,200,7.000524756679278,7.000524756679278,7.036053093435499,7.036053093435499,0.03552833675622136,0.03552833675622136
1965,393000,rayleigh,64,6.570906515662349,8.036228128595594,0.853686358380308,7.182541770215296,,7.062788370250942,200,6.977543347501443,6.977543347501443,7.033808256134871,7.033808256134871,0.05626490863342859,0.05626490863342859
1966,393200,rayleigh,64,6.648927750435783,8.090343916330603,1.1154479101245687,6.974896006206035,,7.062788370250942,200,6.921194905930811,6.921194905930811,7.057880878917009,7.057880878917009,0.13668597298619822,0.13668597298619822
1967,393400,rayleigh,64,4.061832324136192,8.058527049535844,3.81172942453163,4.3620924295296515,,7.062788370250942,200,6.77886913056314,6.77886913056314,7.028771900533986,7.028771900533986,0.24990276997084582,0.24990276997084582
1968,393600,rayleigh,64,6.3444113097164925,8.421686295578938,1.452413750621418,6.973035439483864,,7.062788370250942,200,6.800798675187872,6.800798675187872,7.010212205808101,7.010212205808101,0.20941353062022916,0.20941353062022916
1969,393800,rayleigh,64,7.747378320948814,9.262626892474275,1.1858681868501746,8.076758705624101,,7.062788370250942,200,6.821236567159573,6.821236567159573,7.019604878183416,7.019604878183416,0.19836831102384256,0.19836831102384256
1970,394000,rayleigh,64,7.317604536531579,7.659438106059802,0.05537810738122517,7.604059998678578,,7.062788370250942,200,6.866235532369975,6.866235532369975,7.032665412840453,7.032665412840453,0.1664298804704778,0.1664298804704778
1971,394200,rayleigh,64,6.807834142646013,8.455525115538093,0.7618268248114738,7.693698290726619,,7.062788370250942,200,6.830716614312197,6.830716614312197,7.034056227444161,7.034056227444161,0.20333961313196358,0.20333961313196358
1972,394400,rayleigh,64,8.152990471639106,8.84809225793108,0.36198934156503154,8.486102916366054,,7.062788370250942,200,6.967125403590709,6.967125403590709,7.04848117254573,7.04848117254573,0.08135576895502172,0.08135576895502172
1973,394600,rayleigh,64,7.950416347466208,8.61845100420127,0.34021420812448006,8.278236796076795,,7.062788370250942,200,7.054006290880106,7.054006290880106,7.08519849929257,7.08519849929257,0.031192208412464062,0.031192208412464062
1974,394800,rayleigh,64,8.092162408969513,9.232254387113011,0.6355165854728665,8.599068527771193,,7.062788370250942,200,7.199848253197558,7.199848253197558,7.104587955697502,7.104587955697502,0.09526029750005627,0.09526029750005627
1975,395000,rayleigh,64,7.330292356010386,8.873939556896083,1.0108893682763207,7.87739313212164,,7.062788370250942,200,7.2148270224796445,7.2148270224796445,7.104974893673889,7.104974893673889,0.10985212880575546,0.10985212880575546
1976,395200,rayleigh,64,7.906889858669163,8.640615258665987,0.3933578511949402,8.247257407471043,,7.062788370250942,200,7.369082860543425,7.369082860543425,7.140178906657785,7.140178906657785,0.22890395388563967,0.22890395388563967
1977,395400,rayleigh,64,6.604089898017789,8.45037626231866,1.499489327595492,6.950886934723168,,7.062788370250942,200,7.435767295926519,7.435767295926519,7.145643753687035,7.145643753687035,0.2901235422394839,0.2901235422394839
1978,395600,rayleigh,64,6.7935186617654635,8.276771590398123,1.078240738327134,7.198530852070988,,7.062788370250942,200,7.507554990401678,7.507554990401678,7.1677538625395565,7.1677538625395565,0.33980112786212135,0.33980112786212135
1979,395800,rayleigh,64,3.878997084443019,8.327370059827867,4.202562777716418,4.242632213528035,,7.062788370250942,200,7.325886164445835,7.325886164445835,7.150595681910675,7.150595681910675,0.17529048253516066,0.17529048253516066
1980,396000,rayleigh,64,6.30738218305441,7.9829491254220395,0.2988695661265337,7.684079559295508,,7.062788370250942,200,7.255720162620828,7.255720162620828,7.157859876209444,7.157859876209444,0.09786028641138422,0.09786028641138422
1981,396200,rayleigh,64,5.170071740326444,8.025704463229376,2.325900805633,5.715237755227774,,7.062788370250942,200,7.1856699262902834,7.1856699262902834,7.155666160282159,7.155666160282159,0.030003766008124266,0.030003766008124266
1982,396400,rayleigh,64,3.8659023730364845,7.541481532802712,2.47558812769177,5.105164676377499,,7.062788370250942,200,7.083172328090676,7.083172328090676,7.130407998769973,7.130407998769973,0.04723567067929757,0.04723567067929757
1983,396600,rayleigh,64,6.109668967300211,7.771029232939411,1.334245758789147,6.457248567421867,,7.062788370250942,200,7.051458783428865,7.051458783428865,7.120594716177484,7.120594716177484,0.06913593274861896,0.06913593274861896
1984,396800,rayleigh,64,7.809980091980655,8.59868684552348,0.4782052840181454,8.120481561505327,,7.062788370250942,200,7.091470177021053,7.091470177021053,7.123259537215303,7.123259537215303,0.03178936019425027,0.03178936019425027
1985,397000,rayleigh,64,5.937232063105853,7.886664359391856,0.5975775218772162,7.289086837514643,,7.062788370250942,200,7.096797430386021,7.096797430386021,7.118497809015585,7.118497809015585,0.0217003786295642,0.0217003786295642
1986,397200,rayleigh,64,6.140380675929205,8.915783661503442,1.4718549955245375,7.447913198697316,,7.062788370250942,200,7.120448290010583,7.120448290010583,7.105326433915747,7.105326433915747,0.015121856094836517,0.015121856094836517
1987,397400,rayleigh,64,7.008271329197927,7.822903759127009,0.4536060083474006,7.369297750779612,,7.062788370250942,200,7.270808556073082,7.270808556073082,7.116749959113871,7.116749959113871,0.15405859695921098,0.15405859695921098
1988,397600,rayleigh,64,5.623444834641093,7.303766926157946,1.1600366297417397,6.149814597065406,,7.062788370250942,200,7.229647513952159,7.229647513952159,7.099058928493935,7.099058928493935,0.1305885854582236,0.1305885854582236
1989,397800,rayleigh,64,6.932419590928999,7.741680112890852,0.3951877811411664,7.346492331749681,,7.062788370250942,200,7.193134195258439,7.193134195258439,7.113121869338031,7.113121869338031,0.08001232592040797,0.08001232592040797
1990,398000,rayleigh,64,6.11258149033245,7.94795950680783,1.3980080698927173,6.549951436915107,,7.062788370250942,200,7.140428767170265,7.140428767170265,7.094794265984604,7.094794265984604,0.0456345011856607,0.0456345011856607
1991,398200,rayleigh,64,5.561914442367766,7.334465014151335,0.6028071918748253,6.7316578222765155,,7.062788370250942,200,7.0923267437477575,7.0923267437477575,7.100367981895775,7.100367981895775,0.008041238148017271,0.008041238148017271
1992,398400,rayleigh,64,5.861547736969993,8.503776389040059,1.4413230148971752,7.062453374142886,,7.062788370250942,200,7.0211442666365995,7.0211442666365995,7.095636724803805,7.095636724803805,0.07449245816720573,0.07449245816720573
1993,398600,rayleigh,64,5.279509009858048,7.416741664512339,0.9262396081645519,6.513494373017763,,7.062788370250942,200,6.932907145483648,6.932907145483648,7.083041684816439,7.083041684816439,0.15013453933279042,0.15013453933279042
1994,398800,rayleigh,64,5.47406952365593,7.9832758266580885,2.112808824855362,5.884795642460931,,7.062788370250942,200,6.797193501218136,6.797193501218136,7.079500765327119,7.079500765327119,0.282307264108983,0.282307264108983
1995,399000,rayleigh,64,6.502904287951846,7.701514557850366,0.3424276908700173,7.359086866980343,,7.062788370250942,200,6.77127818796107,6.77127818796107,7.0631696424077965,7.0631696424077965,0.29189145444672615,0.29189145444672615
1996,399200,rayleigh,64,6.748964664417358,8.823167291236901,1.6191338092120826,7.204033482024824,,7.062788370250942,200,6.71911699168876,6.71911699168876,7.0578411997685135,7.0578411997685135,0.33872420807975345,0.33872420807975345
1997,399400,rayleigh,64,7.3300197242059495,8.224216351883786,0.5067520258473632,7.717464326036423,,7.062788370250942,200,6.757445861254423,6.757445861254423,7.06192167187595,7.06192167187595,0.3044758106215273,0.3044758106215273
1998,399600,rayleigh,64,8.321059268457425,9.396918955794474,0.6459344958748069,8.750984459919668,,7.062788370250942,200,6.835068541646857,6.835068541646857,7.074607429114925,7.074607429114925,0.2395388874680684,0.2395388874680684
1999,399800,rayleigh,64,7.992806099158635,9.866169104277045,1.4602711733702063,8.405897930906836,,7.062788370250942,200,7.043231827515797,7.043231827515797,7.101169782536264,7.101169782536264,0.05793795502046706,0.05793795502046706
2000,400000,rayleigh,64,7.599422435821829,9.423170695225334,1.3666951079095178,8.060891798311689,6.81725616958755,6.81725616958755,200,7.062072439466606,7.062072439466606,7.107455170748429,7.107455170748429,0.045382731281822686,0.045382731281822686
2001,400200,rayleigh,64,5.8318012889548285,7.668941148627592,1.4237189203400653,6.257136397779728,,6.81725616958755,200,7.089167371594203,7.089167371594203,7.078013026823206,7.078013026823206,0.011154344770996971,0.011154344770996971
2002,400400,rayleigh,64,4.446072984645273,7.97168193385828,2.8300262384456083,5.155978716437253,,6.81725616958755,200,7.091708073597192,7.091708073597192,7.06096756273992,7.06096756273992,0.030740510857271808,0.030740510857271808
2003,400600,rayleigh,64,8.759164127136692,9.811320634197681,0.620860172200442,9.190460461997246,,6.81725616958755,200,7.2283686683259605,7.2283686683259605,7.097020151363477,7.097020151363477,0.1313485169624835,0.1313485169624835
2004,400800,rayleigh,64,6.35715843068308,8.178460114752559,1.3899956305085548,6.796175846528347,,6.81725616958755,200,7.1621533825771095,7.1621533825771095,7.1040017399271775,7.1040017399271775,0.058151642649932,0.058151642649932
2005,401000,rayleigh,64,4.2013599969771755,7.798082341048167,2.3062771071201937,5.523155220108525,,6.81725616958755,200,7.073856801706803,7.073856801706803,7.082271965353917,7.082271965353917,0.008415163647113921,0.008415163647113921
2006,401200,rayleigh,64,7.617661344285977,9.121571594406083,1.0563881916703197,8.065183402735764,,6.81725616958755,200,7.104720311908727,7.104720311908727,7.09568714623823,7.09568714623823,0.009033165670496501,0.009033165670496501
2007,401400,rayleigh,64,-0.2424154385631411,7.092739416283595,6.002192073653823,1.6588923551926167,,6.81725616958755,200,6.819200042129377,6.819200042129377,7.060263693105704,7.060263693105704,0.24106365097632754,0.24106365097632754
2008,401600,rayleigh,64,2.186902289163568,8.548100254320824,5.812018709083404,2.9653997289763585,,6.81725616958755,200,6.659979298724926,6.659979298724926,7.019563012186823,7.019563012186823,0.3595837134618973,0.3595837134618973
2009,401800,rayleigh,64,6.503859752826961,8.5984682606568,1.631489727503917,6.970311947879915,,6.81725616958755,200,6.641170279531439,6.641170279531439,7.010840770559846,7.010840770559846,0.36967049102840743,0.36967049102840743
2010,402000,rayleigh,64,2.69195377572447,7.808977653763327,4.556016761519052,3.4265112172810923,,6.81725616958755,200,6.484998268549736,6.484998268549736,6.968495469191586,6.968495469191586,0.48349720064184964,0.48349720064184964
2011,402200,rayleigh,64,7.203963099064492,8.768471012292434,0.6353068577124876,8.133164154579948,,6.81725616958755,200,6.55507358516491,6.55507358516491,6.968372863789528,6.968372863789528,0.4132992786246188,0.4132992786246188
2012,402400,rayleigh,64,6.306231805513993,7.929105322909666,1.1780004223264304,6.755997106682939,,6.81725616958755,200,6.53975077179191,6.53975077179191,6.9536023919268635,6.9536023919268635,0.41385162013495336,0.41385162013495336
2013,402600,rayleigh,64,7.474140563079934,8.169880208122027,0.2893033160954871,7.880576892026534,,6.81725616958755,200,6.608104897742349,6.608104897742349,6.954567649825314,6.954567649825314,0.3464627520829655,0.3464627520829655
2014,402800,rayleigh,64,5.863877197269793,8.085166818752521,1.6071119943797887,6.487341676067977,,6.81725616958755,200,6.638232199422701,6.638232199422701,6.948694750566812,6.948694750566812,0.31046255114411103,0.31046255114411103
2015,403000,rayleigh,64,5.746017596695209,8.023057620911288,1.0151703054808825,7.009448348176207,,6.81725616958755,200,6.620750273482495,6.620750273482495,6.961165170217457,6.961165170217457,0.3404148967349627,0.3404148967349627
2016,403200,rayleigh,64,6.707936063974124,8.412829838684154,0.5602030767190084,7.852626761965144,,6.81725616958755,200,6.65317993747951,6.65317993747951,6.9646052319304275,6.9646052319304275,0.3114252944509177,0.3114252944509177
2017,403400,rayleigh,64,6.492067308361848,7.73103563517298,0.6414575760020517,7.08957805917092,,6.81725616958755,200,6.621785624136235,6.621785624136235,6.96598113836541,6.96598113836541,0.3441955142291748,0.3441955142291748
2018,403600,rayleigh,64,6.934118313745427,8.457185530235769,1.1017280436003767,7.355457486635392,,6.81725616958755,200,6.552009275472021,6.552009275472021,6.965749566878442,6.965749566878442,0.41374029140642055,0.41374029140642055
2019,403800,rayleigh,64,6.89100709224273,8.310502389223798,1.0326239548251772,7.277878434398624,,6.81725616958755,200,6.4956083006466105,6.4956083006466105,6.990039896132402,6.990039896132402,0.49443159548579185,0.49443159548579185
2020,404000,rayleigh,64,5.598122111791132,7.8245091616133156,1.0189584679023016,6.810910008463618,,6.81725616958755,200,6.433109211154208,6.433109211154208,7.031246572080765,7.031246572080765,0.5981373609265574,0.5981373609265574
2021,404200,rayleigh,64,7.201663474511462,8.180000416012852,0.5255716460939281,7.654428769918915,,6.81725616958755,200,6.502973829761167,6.502973829761167,7.037450742644715,7.037450742644715,0.534476912883548,0.534476912883548
2022,404400,rayleigh,64,6.635963796837639,8.063956898885516,1.043054413140422,7.026411909162361,,6.81725616958755,200,6.596495489397422,6.596495489397422,7.051806393806505,7.051806393806505,0.4553109044090826,0.4553109044090826
2023,404600,rayleigh,64,6.6910033207810065,7.881437673517457,0.8154026323474358,7.072991962680818,,6.81725616958755,200,6.490622064431601,6.490622064431601,7.071939475947601,7.071939475947601,0.5813174115160002,0.5813174115160002
2024,404800,rayleigh,64,7.011302883562868,7.894293469434521,0.47025497211250733,7.4240384973220115,,6.81725616958755,200,6.522015196971283,6.522015196971283,7.062895007570108,7.062895007570108,0.5408798105988248,0.5408798105988248
2025,405000,rayleigh,64,7.981599982066107,9.259390337262827,0.9172213273428499,8.342169009919976,,6.81725616958755,200,6.6629658864618575,6.6629658864618575,7.075031472396638,7.075031472396638,0.4120655859347808,0.4120655859347808
2026,405200,rayleigh,64,8.666856845386727,9.433419473640095,0.40749608151333866,9.025923392126751,,6.81725616958755,200,6.711002885931405,6.711002885931405,7.100599828809059,7.100599828809059,0.38959694287765334,0.38959694287765334
2027,405400,rayleigh,64,7.59799195802834,8.952137233607916,0.8124476489330178,8.139689584674894,,6.81725616958755,200,7.0350427474055195,7.0350427474055195,7.102527673253068,7.102527673253068,0.06748492584754828,0.06748492584754828
2028,405600,rayleigh,64,2.3119016012412192,8.232687190052275,4.854794875399614,3.5426297436731593,,6.81725616958755,200,7.063904248140359,7.063904248140359,7.059189890650603,7.059189890650603,0.004714357489755905,0.004714357489755905
2029,405800,rayleigh,64,6.5952941833902745,7.348657888369654,0.24260977116985957,7.106048117199797,,6.81725616958755,200,7.070691056606354,7.070691056606354,7.0465700483651865,7.0465700483651865,0.024121008241167807,0.024121008241167807
2030,406000,rayleigh,64,7.147232601058912,9.114826568332346,1.5833976623258306,7.531428906006515,,6.81725616958755,200,7.275936941042626,7.275936941042626,7.041402764453425,7.041402764453425,0.23453417658920106,0.23453417658920106
2031,406200,rayleigh,64,6.255269129923686,7.982861946382455,1.3244667928529321,6.662380019383677,,6.81725616958755,200,7.202397734282812,7.202397734282812,7.027448715414415,7.027448715414415,0.17494901886839642,0.17494901886839642
2032,406400,rayleigh,64,6.813717295400697,8.507593785165351,1.1231131426574783,7.3892044439155375,,6.81725616958755,200,7.234058101144441,7.234058101144441,7.036283171014482,7.036283171014482,0.19777493012995961,0.19777493012995961
2033,406600,rayleigh,64,2.9036362872162673,7.628093050533499,3.169421762358635,4.522572837794912,,6.81725616958755,200,7.06615789843286,7.06615789843286,7.007011514500013,7.007011514500013,0.059146383932847435,0.059146383932847435
2034,406800,rayleigh,64,6.466566150163384,7.296844581525549,0.10844012096043391,7.188404460565112,,6.81725616958755,200,7.101211037657717,7.101211037657717,6.995846663722857,6.995846663722857,0.10536437393485976,0.10536437393485976
2035,407000,rayleigh,64,3.711512600779753,7.511637909767158,2.707944359579073,4.848255287729868,,6.81725616958755,200,6.993151384635401,6.993151384635401,6.96749931789341,6.96749931789341,0.02565206674199061,0.02565206674199061
2036,407200,rayleigh,64,5.121701694779553,7.602990673679704,1.160862217896136,6.455122929269076,,6.81725616958755,200,6.923276193000595,6.923276193000595,6.962514155362752,6.962514155362752,0.03923796236215704,0.03923796236215704
2037,407400,rayleigh,64,-0.25927157559014374,8.124612810330337,13.262451623973659,0.12011978715794865,,6.81725616958755,200,6.574803279399949,6.574803279399949,6.896399150836011,6.896399150836011,0.3215958714360623,0.3215958714360623
2038,407600,rayleigh,64,6.784124630654685,8.284810854104366,1.125976759429137,7.1588340946752265,,6.81725616958755,200,6.56497210980194,6.56497210980194,6.892639202167035,6.892639202167035,0.32766709236509506,0.32766709236509506
2039,407800,rayleigh,64,6.101800982861335,8.095252930323852,1.5696682673951505,6.5255846629287,,6.81725616958755,200,6.527357421228444,6.527357421228444,6.880493085311875,6.880493085311875,0.3531356640834309,0.3531356640834309
2040,408000,rayleigh,64,7.165843348824625,8.523320963437628,0.8809684551266485,7.642352508310976,,6.81725616958755,200,6.568929546220811,6.568929546220811,6.877789146642228,6.877789146642228,0.30885960042141747,0.30885960042141747
2041,408200,rayleigh,64,7.465802517827854,8.73111523438523,0.8650358069686096,7.8660794274166195,,6.81725616958755,200,6.579512079095697,6.579512079095697,6.871799203677516,6.871799203677516,0.2922871245818186,0.2922871245818186
2042,408400,rayleigh,64,5.007781382079625,8.037485860009564,1.70134888949515,6.35741088173902,,6.81725616958755,200,6.546062027724529,6.546062027724529,6.866705360809594,6.866705360809594,0.3206433330850649,0.3206433330850649
2043,408600,rayleigh,64,7.79216187568529,9.419132073887972,1.193671874666234,8.225460199221743,,6.81725616958755,200,6.603685439551576,6.603685439551576,6.872957105247809,6.872957105247809,0.26927166569623306,0.26927166569623306
2044,408800,rayleigh,64,5.325140358031072,7.854631877936914,1.9356541068432107,5.918977771093704,,6.81725616958755,200,6.52843240324016,6.52843240324016,6.860919183297778,6.860919183297778,0.3324867800576179,0.3324867800576179
2045,409000,rayleigh,64,5.354501206014623,7.909554663954794,1.7949008905141044,6.115166753687791,,6.81725616958755,200,6.417082290428551,6.417082290428551,6.845649151296937,6.845649151296937,0.42856686086838547,0.42856686086838547
2046,409200,rayleigh,64,5.390503564331501,8.0446274786333,1.6338108254167898,6.410816653216511,,6.81725616958755,200,6.286326953483039,6.286326953483039,6.828738669452915,6.828738669452915,0.5424117159698758,0.5424117159698758
2047,409400,rayleigh,64,4.0250714395070295,7.474785884291042,2.940876285572821,4.56871923906628,,6.81725616958755,200,6.107778436202609,6.107778436202609,6.802339782474747,6.802339782474747,0.6945613462721383,0.6945613462721383
2048,409600,rayleigh,64,3.807910084045551,7.904664540862372,3.1363689793789615,4.8410471429204645,,6.81725616958755,200,6.172699306164974,6.172699306164974,6.785405808434059,6.785405808434059,0.6127065022690852,0.6127065022690852
2049,409800,rayleigh,64,6.791108080547554,7.830326016759639,0.23722766743878024,7.593098349320868,,6.81725616958755,200,6.197051817771028,6.197051817771028,6.7846567832653655,6.7846567832653655,0.5876049654943376,0.5876049654943376
2050,410000,rayleigh,64,5.553319783294272,7.6964327037530005,0.8201784299805062,6.876254273772494,6.146381274000374,6.146381274000374,200,6.164293086159326,6.164293086159326,6.786378519058385,6.786378519058385,0.622085432899059,0.622085432899059
2051,410200,rayleigh,64,5.057646856317415,7.589332972319719,1.2506554435281432,6.38100387239657,,6.146381274000374,200,6.150224278809971,6.150224278809971,6.7661477912635295,6.7661477912635295,0.6159235124535583,0.6159235124535583
2052,410400,rayleigh,64,3.8297458426117617,7.323318052546936,3.00920274108108,4.372770893928406,,6.146381274000374,200,5.9994026013106145,5.9994026013106145,6.752296228894855,6.752296228894855,0.7528936275842408,0.7528936275842408
2053,410600,rayleigh,64,7.504861604400958,8.355686559029397,0.4619547327171074,7.893731826312287,,6.146381274000374,200,6.167960550736483,6.167960550736483,6.765827356655089,6.765827356655089,0.5978668059186063,0.5978668059186063
2054,410800,rayleigh,64,6.745483778148752,8.036197372523038,0.9251132516808859,7.119844666026427,,6.146381274000374,200,6.164532561009549,6.164532561009549,6.780203510501134,6.780203510501134,0.6156709494915846,0.6156709494915846
2055,411000,rayleigh,64,5.801803250352525,7.76594163929623,1.4341051482438985,6.3373712937054245,,6.146381274000374,200,6.238988361308327,6.238988361308327,6.767799045973387,6.767799045973387,0.5288106846650598,0.5288106846650598
2056,411200,rayleigh,64,7.1924710824358655,7.807130952542066,0.22443700431462044,7.582693948227456,,6.146381274000374,200,6.295366912256247,6.295366912256247,6.7920045789937085,6.7920045789937085,0.49663766673746146,0.49663766673746146
2057,411400,rayleigh,64,4.2445390348697725,7.804177204574261,3.2203883472392167,4.605573729578737,,6.146381274000374,200,6.519639609377284,6.519639609377284,6.781888334018881,6.781888334018881,0.262248724641597,0.262248724641597
2058,411600,rayleigh,64,2.39232508841304,8.266915091150599,5.210350928758861,3.272073211226197,,6.146381274000374,200,6.3253015652048346,6.3253015652048346,6.756981296505464,6.756981296505464,0.43167973130062975,0.43167973130062975
2059,411800,rayleigh,64,4.924286127354232,8.485247939430364,3.1831279747572,5.316973810020394,,6.146381274000374,200,6.264871022559419,6.264871022559419,6.731390947279221,6.731390947279221,0.46651992471980197,0.46651992471980197
2060,412000,rayleigh,64,3.3072148559070125,7.889758127248382,4.224875527735588,3.8717007778701147,,6.146381274000374,200,6.076338436037377,6.076338436037377,6.679233959099966,6.679233959099966,0.602895523062589,0.602895523062589
2061,412200,rayleigh,64,5.67350736147968,7.970613638104182,1.3516103492676022,6.639435827215002,,6.146381274000374,200,6.015006256027295,6.015006256027295,6.674465892553728,6.674465892553728,0.6594596365264334,0.6594596365264334
2062,412400,rayleigh,64,5.344663600363749,9.161814500057256,3.4550366511896344,5.760410524004478,,6.146381274000374,200,5.9851562381405685,5.9851562381405685,6.660518831390077,6.660518831390077,0.6753625932495089,0.6753625932495089
2063,412600,rayleigh,64,5.664738237603729,7.830726994181224,0.9034821264653542,6.92724486771587,,6.146381274000374,200,5.920245471565274,5.920245471565274,6.658876085460657,6.658876085460657,0.7386306138953822,0.7386306138953822
2064,412800,rayleigh,64,5.865725956871432,7.633410669133051,0.8060626606074828,6.841452565810685,,6.146381274000374,200,5.966369211301123,5.966369211301123,6.6540880742221455,6.6540880742221455,0.6877188629210229,0.6877188629210229
2065,413000,rayleigh,64,6.942815069440325,8.09225931913239,0.6176271446885154,7.474632174443875,,6.146381274000374,200,6.034342482338928,6.034342482338928,6.6570089782644315,6.6570089782644315,0.6226664959255039,0.6226664959255039
2066,413200,rayleigh,64,6.912527216933202,9.141253385090872,0.8388599313677507,8.302393453723122,,6.146381274000374,200,6.128921322364258,6.128921322364258,6.670283952739602,6.670283952739602,0.5413626303753443,0.5413626303753443
2067,413400,rayleigh,64,7.962871346118916,9.394020491785852,1.0395625136610078,8.354457978124843,,6.146381274000374,200,6.318208259317186,6.318208259317186,6.710207608225554,6.710207608225554,0.3919993489083682,0.3919993489083682
2068,413600,rayleigh,64,2.0541515193622897,7.745319124415918,4.475186201360679,3.4532532187874994,,6.146381274000374,200,6.248818563110538,6.248818563110538,6.675009786018591,6.675009786018591,0.4261912229080531,0.4261912229080531
2069,413800,rayleigh,64,5.976726052621274,8.886336729378868,1.8098458254589223,7.086983095623462,,6.146381274000374,200,6.223512800425668,6.223512800425668,6.6651120299185855,6.6651120299185855,0.4415992294929172,0.4415992294929172
2070,414000,rayleigh,64,5.646096512285637,8.402042666637422,1.9422831601124013,6.468282940384468,,6.146381274000374,200,6.203114233756266,6.203114233756266,6.653754259335645,6.653754259335645,0.45064002557937854,0.45064002557937854
2071,414200,rayleigh,64,2.3775058228327954,7.465397927555822,4.959349579322163,2.7301968077804575,,6.146381274000374,200,6.020573880525461,6.020573880525461,6.604119244506182,6.604119244506182,0.5835453639807211,0.5835453639807211
2072,414400,rayleigh,64,4.518797052007049,9.407204128721057,4.064371171183744,5.370532339844536,,6.146381274000374,200,6.070461952821267,6.070461952821267,6.572963538740968,6.572963538740968,0.5025015859197008,0.5025015859197008
2073,414600,rayleigh,64,5.834764953633645,7.66804734280657,0.4558512799601664,7.2121960628464015,,6.146381274000374,200,6.036385164647973,6.036385164647973,6.5623031314086635,6.5623031314086635,0.5259179667606908,0.5259179667606908
2074,414800,rayleigh,64,6.741865643018147,7.81366999903231,0.4277777477512226,7.385892251281087,,6.146381274000374,200,6.049687543910705,6.049687543910705,6.550171368643762,6.550171368643762,0.500483824733057,0.500483824733057
2075,415000,rayleigh,64,7.294899842156173,9.245637902825685,1.1881962471238863,8.057441655701785,,6.146381274000374,200,6.135691062010524,6.135691062010524,6.551971853879564,6.551971853879564,0.4162807918690401,0.4162807918690401
2076,415200,rayleigh,64,7.214405888814432,7.712920354554493,0.10760091978715103,7.605319434767336,,6.146381274000374,200,6.136822336337518,6.136822336337518,6.545552474152527,6.545552474152527,0.40873013781500855,0.40873013781500855
2077,415400,rayleigh,64,5.858024265603889,8.441967718317114,2.1164623811215106,6.337954653258186,,6.146381274000374,200,6.22344138252149,6.22344138252149,6.539423151337878,6.539423151337878,0.3159817688163882,0.3159817688163882
2078,415600,rayleigh,64,6.848583451359327,8.23425215077243,1.0323064406392826,7.201945710133157,,6.146381274000374,200,6.4199350074668375,6.4199350074668375,6.539457299918499,6.539457299918499,0.11952229245166102,0.11952229245166102
2079,415800,rayleigh,64,7.250617577300444,9.610552496044754,2.0256607530503365,7.588699392124015,,6.146381274000374,200,6.53352128657202,6.53352128657202,6.572917971704458,6.572917971704458,0.03939668513243788,0.03939668513243788
2080,416000,rayleigh,64,7.460277312714318,8.760459783447962,0.9765868006361648,7.783872982811796,,6.146381274000374,200,6.729129896819103,6.729129896819103,6.57391590593962,6.57391590593962,0.15521399087948318,0.15521399087948318
2081,416200,rayleigh,64,7.383257277861978,9.014347852748548,1.2607429950412654,7.7536048577072885,,6.146381274000374,200,6.784838348343719,6.784838348343719,6.594299576964415,6.594299576964415,0.19053877137930364,0.19053877137930364
2082,416400,rayleigh,64,6.23914022402726,7.494482266014499,0.894177093716789,6.600305172297708,,6.146381274000374,200,6.826833080758379,6.826833080758379,6.609250981923617,6.609250981923617,0.21758209883476187,0.21758209883476187
2083,416600,rayleigh,64,6.829663888729129,7.66904870468212,0.5433871194576545,7.125661585224468,,6.146381274000374,200,6.836753916633809,6.836753916633809,6.615935112101644,6.615935112101644,0.22081880453216485,0.22081880453216485
2084,416800,rayleigh,64,7.204055749507784,9.041356780835759,0.9010759578423493,8.140280822993416,,6.146381274000374,200,6.901695329492945,6.901695329492945,6.616133104716524,6.616133104716524,0.2855622247764211,0.2855622247764211
2085,417000,rayleigh,64,5.603752429020619,7.990474606934125,1.1467676473577306,6.853250725596154,,6.146381274000374,200,6.870626257050558,6.870626257050558,6.61177474359734,6.61177474359734,0.25885151345321855,0.25885151345321855
2086,417200,rayleigh,64,6.273107071128271,8.672085776127926,2.0602903108735298,6.62265311201967,,6.146381274000374,200,6.786639239965386,6.786639239965386,6.603522142730563,6.603522142730563,0.18311709723482306,0.18311709723482306
2087,417400,rayleigh,64,6.876390990553642,8.061423296589139,0.8678377214049612,7.198906222589298,,6.146381274000374,200,6.72886165218861,6.72886165218861,6.601818227448658,6.601818227448658,0.12704342473995212,0.12704342473995212
2088,417600,rayleigh,64,6.413719419137738,7.643082988424507,0.8782858087247716,6.764797179699732,,6.146381274000374,200,6.894438850234222,6.894438850234222,6.607968053275003,6.607968053275003,0.28647079695921907,0.28647079695921907
2089,417800,rayleigh,64,6.350667914509086,7.666575235908818,0.7325665454509593,6.94842656118032,,6.146381274000374,200,6.887511023512064,6.887511023512064,6.603987395569309,6.603987395569309,0.2835236279427553,0.2835236279427553
2090,418000,rayleigh,64,4.536301114341442,9.215789049538738,3.7096322532346417,5.522795962851571,,6.146381274000374,200,6.840236674635419,6.840236674635419,6.593715840828675,6.593715840828675,0.24652083380674394,0.24652083380674394
2091,418200,rayleigh,64,7.401678924219856,8.876164918930257,0.9959360276199386,7.888239303040539,,6.146381274000374,200,7.098138799398423,7.098138799398423,6.605281655636315,6.605281655636315,0.4928571437621079,0.4928571437621079
2092,418400,rayleigh,64,4.8845517210392675,7.949673491739012,1.9924185327405366,5.971731805766314,,6.146381274000374,200,7.128198772694513,7.128198772694513,6.594374439952549,6.594374439952549,0.5338243327419638,0.5338243327419638
2093,418600,rayleigh,64,5.830000943107449,8.544059705581837,1.8578679671027845,6.686191738479057,,6.146381274000374,200,7.101898556476146,7.101898556476146,6.596101413607162,6.596101413607162,0.5057971428689845,0.5057971428689845
2094,418800,rayleigh,64,7.165244746133119,8.05492453249709,0.49780617398731974,7.557118358509768,,6.146381274000374,200,7.110459861837579,7.110459861837579,6.612824640767651,6.612824640767651,0.4976352210699275,0.4976352210699275
2095,419000,rayleigh,64,6.9498685355388,8.320552972823974,1.029574374301021,7.29097859852295,,6.146381274000374,200,7.072136708978635,7.072136708978635,6.612143558083077,6.612143558083077,0.45999315089555814,0.45999315089555814
2096,419200,rayleigh,64,7.603195279821604,9.02876092522242,1.0506794337697463,7.9780814914526825,,6.146381274000374,200,7.090774811812905,7.090774811812905,6.619884038177356,6.619884038177356,0.4708907736355483,0.4708907736355483
2097,419400,rayleigh,64,5.696558451973409,7.3502361096756,0.680347998550217,6.669888111125384,,6.146381274000374,200,7.107371484706265,7.107371484706265,6.609408276028246,6.609408276028246,0.49796320867801924,0.49796320867801924
2098,419600,rayleigh,64,6.495791221028554,7.428047957157884,0.5560771212353794,6.871970835922505,,6.146381274000374,200,7.090872740995731,7.090872740995731,6.5906181397882735,6.5906181397882735,0.5002546012074571,0.5002546012074571
2099,419800,rayleigh,64,6.028692995936681,7.341895487627801,0.32984197717639796,7.037285697750029,,6.146381274000374,200,7.063302056277034,7.063302056277034,6.576932017456704,6.576932017456704,0.48637003882033003,0.48637003882033003
2100,420000,rayleigh,64,6.057874090506736,8.696887225011574,1.8063979192238,6.903004776779128,7.70589798113442,7.70589798113442,200,7.019258645975401,7.019258645975401,6.565353147241378,6.565353147241378,0.45390549873402275,0.45390549873402275
2101,420200,rayleigh,64,7.100479875499616,8.204188904995071,0.6737630082876426,7.536764334699474,,7.70589798113442,200,7.00841661982501,7.00841661982501,6.578149426610576,6.578149426610576,0.4302671932144344,0.4302671932144344
2102,420400,rayleigh,64,8.276185114459262,8.950418951231951,0.2975852979070839,8.652833653324866,,7.70589798113442,200,7.111043043876366,7.111043043876366,6.613117975979451,6.613117975979451,0.49792506789691515,0.49792506789691515
2103,420600,rayleigh,64,6.5525719670404365,8.288429909559555,0.7956473493187971,7.49278256024076,,7.70589798113442,200,7.12939909262718,7.12939909262718,6.596141196961887,6.596141196961887,0.5332578956652929,0.5332578956652929
2104,420800,rayleigh,64,7.5612005325807266,8.400164901318535,0.4886199791894122,7.91154492212912,,7.70589798113442,200,7.117962297583965,7.117962297583965,6.607294887717895,6.607294887717895,0.5106674098660697,0.5106674098660697
2105,421000,rayleigh,64,7.216193072096344,7.770730661281075,0.21766637077365297,7.553064290507424,,7.70589798113442,200,7.15295297582953,7.15295297582953,6.627593978421885,6.627593978421885,0.5253589974076451,0.5253589974076451
2106,421200,rayleigh,64,5.771132260073274,7.83481985353527,0.9028347907653217,6.931985062769948,,7.70589798113442,200,7.168419573367042,7.168419573367042,6.616261995022228,6.616261995022228,0.552157578344814,0.552157578344814
2107,421400,rayleigh,64,0.41855235751617587,8.497453790254157,8.607152609355547,1.1575445432392042,,7.70589798113442,200,6.8663514893995385,6.8663514893995385,6.611248516902694,6.611248516902694,0.25510297249684477,0.25510297249684477
2108,421600,rayleigh,64,5.24343305040921,7.932714144893592,1.3434913209503057,6.59197093494082,,7.70589798113442,200,6.857710177161593,6.857710177161593,6.647514228962337,6.647514228962337,0.2101959481992557,0.2101959481992557
2109,421800,rayleigh,64,6.539365297503293,8.305408272112318,1.2869374424162,7.018470829696127,,7.70589798113442,200,6.861212390587385,6.861212390587385,6.647995817780498,6.647995817780498,0.21321657280688644,0.21321657280688644
2110,422000,rayleigh,64,6.736908714791264,8.954782314232839,1.8540852796821103,7.10219968121093,,7.70589798113442,200,6.94018257650535,6.94018257650535,6.6847527024197975,6.6847527024197975,0.25542987408555273,0.25542987408555273
2111,422200,rayleigh,64,5.664877360289771,7.964715024395397,1.7883943622541896,6.176320662141215,,7.70589798113442,200,6.854586644460386,6.854586644460386,6.665184267495409,6.665184267495409,0.18940237696497686,0.18940237696497686
2112,422400,rayleigh,64,6.540547717856922,7.7114009802581975,0.746690338065522,6.977722829999186,,7.70589798113442,200,6.904886195672029,6.904886195672029,6.667401524728572,6.667401524728572,0.2374846709434575,0.2374846709434575
2113,422600,rayleigh,64,6.082393947261411,8.661720099106095,2.0618776353523987,6.6083697251029445,,7.70589798113442,200,6.900995095003223,6.900995095003223,6.6546794530593365,6.6546794530593365,0.24631564194388655,0.24631564194388655
2114,422800,rayleigh,64,5.859964285005874,7.741052886814237,1.2005942075940852,6.543775801512404,,7.70589798113442,200,6.850327967153353,6.850327967153353,6.655243794313781,6.655243794313781,0.19508417283957158,0.19508417283957158
2115,423000,rayleigh,64,7.651900516850378,9.174081893431893,1.0533692342150156,8.126707127162858,,7.70589798113442,200,6.89211439358535,6.89211439358535,6.666416382103648,6.666416382103648,0.2256980114817022,0.2256980114817022
2116,423200,rayleigh,64,4.950530506143621,7.292314894812172,1.0716950624063486,6.226914651815692,,7.70589798113442,200,6.804556051603501,6.804556051603501,6.6501592610021545,6.6501592610021545,0.15439679060134637,0.15439679060134637
2117,423400,rayleigh,64,7.114396220148238,7.953354172497953,0.43816711685879545,7.515187055639159,,7.70589798113442,200,6.84682099882919,6.84682099882919,6.654415350966835,6.654415350966835,0.1924056478623548,0.1924056478623548
2118,423600,rayleigh,64,4.560105819120183,7.885792619128942,2.0192234379447336,5.890905814870153,,7.70589798113442,200,6.7977677477765726,6.7977677477765726,6.639769834249183,6.639769834249183,0.15799791352738968,0.15799791352738968
2119,423800,rayleigh,64,6.6512265924959175,8.743060888149472,0.7452188743201995,7.997842013829274,,7.70589798113442,200,6.845795563580535,6.845795563580535,6.64696947004349,6.64696947004349,0.19882609353704517,0.19882609353704517
2120,424000,rayleigh,64,7.237632607852347,7.97694540121693,0.3734712324278969,7.603474168789033,,7.70589798113442,200,6.880819033181029,6.880819033181029,6.654895111646743,6.654895111646743,0.2259239215342861,0.2259239215342861
2121,424200,rayleigh,64,6.949085409455097,7.8245813091880585,0.360620750480125,7.463960558707932,,7.70589798113442,200,6.877178844381452,6.877178844381452,6.652990429534635,6.652990429534635,0.2241884148468163,0.2241884148468163
2122,424400,rayleigh,64,6.808599184152747,8.198735568555785,1.0473960092075179,7.156451060392705,,7.70589798113442,200,6.802359714734844,6.802359714734844,6.6542908210469385,6.6542908210469385,0.14806889368790532,0.14806889368790532
2123,424600,rayleigh,64,6.3456553791715224,8.23479933628127,1.4946142288648794,6.751813339417065,,7.70589798113442,200,6.765311253693659,6.765311253693659,6.651079034814299,6.651079034814299,0.11423221887935942,0.11423221887935942
2124,424800,rayleigh,64,5.928458535635266,7.505381461068078,0.991532174453823,6.534984304843102,,7.70589798113442,200,6.696483222829357,6.696483222829357,6.64218849288951,6.64218849288951,0.05429472993984774,0.05429472993984774
2125,425000,rayleigh,64,5.796767036971661,7.642570283092009,1.3344596883090907,6.321059152024022,,7.70589798113442,200,6.634882965905189,6.634882965905189,6.621977394310551,6.621977394310551,0.012905571594638232,0.012905571594638232
2126,425200,rayleigh,64,9.060609553740644,9.966848759241946,0.4609608162043959,9.505887943037544,,7.70589798113442,200,6.7635781099185674,6.7635781099185674,6.626777039819659,6.626777039819659,0.13680107009890818,0.13680107009890818
2127,425400,rayleigh,64,7.811541726538992,8.306454772113856,0.09784249690734227,8.20861227520651,,7.70589798113442,200,7.1161314965169336,7.1161314965169336,6.627466266724976,6.627466266724976,0.48866522979195715,0.48866522979195715
2128,425600,rayleigh,64,6.850906206028019,8.195417594089632,0.881061203726928,7.314356390362699,,7.70589798113442,200,7.152250769288028,7.152250769288028,6.665183533191871,6.665183533191871,0.48706723609615743,0.48706723609615743
2129,425800,rayleigh,64,7.715289816625792,9.0648694221689,0.9094051603847461,8.155464261784154,,7.70589798113442,200,7.209100440892428,7.209100440892428,6.675677694637715,6.675677694637715,0.533422746254713,0.533422746254713
2130,426000,rayleigh,64,6.0353891514876965,8.46223942981928,1.8971069574102257,6.57056903123544,,7.70589798113442,200,7.182518908393654,7.182518908393654,6.666069095890004,6.666069095890004,0.5164498125036499,0.5164498125036499
2131,426200,rayleigh,64,5.693352774393668,7.230557899354875,0.7641456257682113,6.469243780534036,,7.70589798113442,200,7.197165064313296,7.197165064313296,6.664137733501507,6.664137733501507,0.5330273308117892,0.5330273308117892
2132,426400,rayleigh,64,4.906929247632189,8.235450479526373,2.0765913029003538,6.158859176626021,,7.70589798113442,200,7.156221881644638,7.156221881644638,6.651834280828612,6.651834280828612,0.5043876008160257,0.5043876008160257
2133,426600,rayleigh,64,6.504347773196868,8.036294543873503,1.054976089418678,6.989971534867299,,7.70589798113442,200,7.175301972132854,7.175301972132854,6.6765082677993375,6.6765082677993375,0.4987937043335169,0.4987937043335169
2134,426800,rayleigh,64,6.624425048336155,8.489948014018776,0.9672486803025103,7.522699333716264,,7.70589798113442,200,7.224248148743048,7.224248148743048,6.679851216530848,6.679851216530848,0.5443969322122006,0.5443969322122006
2135,427000,rayleigh,64,6.067199744887622,8.28125052389316,1.2984053901167105,6.992083574728712,,7.70589798113442,200,7.1675169711213425,7.1675169711213425,6.701289499400835,6.701289499400835,0.46622747172050705,0.46622747172050705
2136,427200,rayleigh,64,7.116167558270123,7.766773636554853,0.13817800674261094,7.628595629812236,,7.70589798113442,200,7.2376010200211685,7.2376010200211685,6.713024226406267,6.713024226406267,0.5245767936149015,0.5245767936149015
2137,427400,rayleigh,64,5.615436528213746,7.239220536848513,0.2477708865367362,7.001395350559852,,7.70589798113442,200,7.211911434767202,7.211911434767202,6.781836982040286,6.781836982040286,0.4300744527269167,0.4300744527269167
2138,427600,rayleigh,64,6.102706553411951,8.38014355779724,0.9380300797109836,7.448304361543224,,7.70589798113442,200,7.289781362100856,7.289781362100856,6.784731684708967,6.784731684708967,0.5050496773918889,0.5050496773918889
2139,427800,rayleigh,64,6.669613893719641,8.15683052979924,0.45021017267680097,7.70662035712244,,7.70589798113442,200,7.275220279265514,7.275220279265514,6.796542041650904,6.796542041650904,0.47867823761461015,0.47867823761461015
2140,428000,rayleigh,64,6.800501096199671,8.990909410591286,1.7300129996535822,7.260896410937705,,7.70589798113442,200,7.258091391372948,7.258091391372948,6.792727480677171,6.792727480677171,0.46536391069577654,0.46536391069577654
2141,428200,rayleigh,64,4.687469244979368,7.652231231200378,1.608551570706883,6.048084232655007,,7.70589798113442,200,7.187297575070302,7.187297575070302,6.774547528729556,6.774547528729556,0.4127500463407454,0.4127500463407454
2142,428400,rayleigh,64,5.498321907976598,7.5735931185577625,1.139274616724092,6.43832620688928,,7.70589798113442,200,7.151391332395131,7.151391332395131,6.775356681981058,6.775356681981058,0.37603465041407347,0.37603465041407347
2143,428600,rayleigh,64,5.467060723325104,7.381862766982929,0.6453381319543467,6.7516667320721035,,7.70589798113442,200,7.151384002027882,7.151384002027882,6.760618747309561,6.760618747309561,0.39076525471832113,0.39076525471832113
2144,428800,rayleigh,64,4.406001831927181,7.889100880537683,2.475624184193061,5.4150645834636775,,7.70589798113442,200,7.09538801595891,7.09538801595891,6.755579615433261,6.755579615433261,0.33980840052564965,0.33980840052564965
2145,429000,rayleigh,64,5.513830903293541,7.409092788944624,1.016538245758702,6.401951005005806,,7.70589798113442,200,7.099432608608,7.099432608608,6.758447457946442,6.758447457946442,0.34098515066155777,0.34098515066155777
2146,429200,rayleigh,64,7.126457834475936,8.44707723326607,0.4666718481015927,7.980405385164491,,7.70589798113442,200,7.023158480714348,7.023158480714348,6.774143345265921,6.774143345265921,0.24901513544842668,0.24901513544842668
2147,429400,rayleigh,64,5.237060640186554,7.283144213384372,1.0702551193480347,6.223446215115325,,7.70589798113442,200,6.923900177709788,6.923900177709788,6.790690615026413,6.790690615026413,0.13320956268337536,0.13320956268337536
2148,429600,rayleigh,64,5.197710061692529,7.705632980278129,1.9416044448609313,5.806507345547315,,7.70589798113442,200,6.84850772546902,6.84850772546902,6.800345217052681,6.800345217052681,0.048162508416338845,0.048162508416338845
2149,429800,rayleigh,64,3.7710856439187963,8.105479781710896,3.582084620282494,4.619255985549953,,7.70589798113442,200,6.67169731165731,6.67169731165731,6.77060679341497,6.77060679341497,0.09890948175766034,0.09890948175766034
2150,430000,rayleigh,64,5.9675105832772495,8.038620061375006,0.8695886845330597,7.169031376841938,6.834471300986745,6.834471300986745,200,6.701620428937635,6.701620428937635,6.773534564445664,6.773534564445664,0.07191413550802928,0.07191413550802928
2151,430200,rayleigh,64,5.084141003142676,7.674748259405452,1.3922197589706495,6.295465379116467,,6.834471300986745,200,6.6929315088667565,6.6929315088667565,6.772679179512863,6.772679179512863,0.07974767064610688,0.07974767064610688
2152,430400,rayleigh,64,4.667088133398047,7.842628763448805,1.0918652720390412,6.754609031544188,,6.834471300986745,200,6.722719001612664,6.722719001612664,6.796497560889021,6.796497560889021,0.07377855927635668,0.07377855927635668
2153,430600,rayleigh,64,7.156072674675966,8.497083268964545,0.7431451870726209,7.753938081891927,,6.834471300986745,200,6.760917328963896,6.760917328963896,6.795099623444818,6.795099623444818,0.034182294480921804,0.034182294480921804
2154,430800,rayleigh,64,6.342883795095297,8.56414369560104,1.2422149486552512,7.321928746945781,,6.834471300986745,200,6.750878799625371,6.750878799625371,6.797120464254011,6.797120464254011,0.046241664628639434,0.046241664628639434
2155,431000,rayleigh,64,6.523757450299224,9.148365121173356,1.3520837898723543,7.796281331301004,,6.834471300986745,200,6.791088687453987,6.791088687453987,6.811709564629966,6.811709564629966,0.020620877175979047,0.020620877175979047
2156,431200,rayleigh,64,6.84407814270637,8.457747708084437,0.19553558527829856,8.262212122806137,,6.834471300986745,200,6.822769512103681,6.822769512103681,6.818504746375754,6.818504746375754,0.004264765727927333,0.004264765727927333
2157,431400,rayleigh,64,6.813651381840925,9.142453728757364,1.7419478067377048,7.400505922019665,,6.834471300986745,200,6.842725040676673,6.842725040676673,6.846454068300163,6.846454068300163,0.0037290276234900332,0.0037290276234900332
2158,431600,rayleigh,64,6.509699631532693,7.764939777826764,0.167226440623485,7.597713337203276,,6.834471300986745,200,6.850195489459675,6.850195489459675,6.889710469559934,6.889710469559934,0.03951498010025922,0.03951498010025922
2159,431800,rayleigh,64,6.555413782875336,8.534580215642336,0.710344240838462,7.824235974803873,,6.834471300986745,200,6.856076270343746,6.856076270343746,6.9147830912077675,6.9147830912077675,0.058706820864021125,0.058706820864021125
2160,432000,rayleigh,64,4.6910848417304285,8.731145291625893,3.3124326551008783,5.440341503966281,,6.834471300986745,200,6.7650485249951755,6.7650485249951755,6.93046949846873,6.93046949846873,0.16542097347355433,0.16542097347355433
2161,432200,rayleigh,64,7.402144622257174,8.626897142409705,0.1851715470870941,8.441725595322614,,6.834471300986745,200,6.884730593128556,6.884730593128556,6.948492396149806,6.948492396149806,0.0637618030212499,0.0637618030212499
2162,432400,rayleigh,64,5.439520241571596,7.70430548487019,1.253220911281046,6.458667391770185,,6.834471300986745,200,6.885747652372601,6.885747652372601,6.955474964827464,6.955474964827464,0.06972731245486319,0.06972731245486319
2163,432600,rayleigh,64,5.323981174522171,8.1539406390349,2.0019768002740275,6.176245303679139,,6.834471300986745,200,6.856976580952951,6.856976580952951,6.947964969187095,6.947964969187095,0.09098838823414379,0.09098838823414379
2164,432800,rayleigh,64,7.71333945379971,8.618361549461278,0.16637788811168744,8.451983661349592,,6.834471300986745,200,7.0088225348472495,7.0088225348472495,6.964070280142486,6.964070280142486,0.04475225470476385,0.04475225470476385
2165,433000,rayleigh,64,6.455369964320895,7.818912752239261,0.6522032703162307,7.166709481923031,,6.834471300986745,200,7.0470604586931085,7.0470604586931085,6.960991053217278,6.960991053217278,0.08606940547583086,0.08606940547583086
2166,433200,rayleigh,64,5.41447194180636,7.706473532424768,1.2345639914712734,6.4719095409534955,,6.834471300986745,200,6.97163566648256,6.97163566648256,6.942686214089581,6.942686214089581,0.02894945239297897,0.02894945239297897
2167,433400,rayleigh,64,8.265268771466213,9.70322506466918,0.515614330266531,9.187610734402647,,6.834471300986745,200,7.119843892446926,7.119843892446926,6.951017741652358,6.951017741652358,0.1688261507945672,0.1688261507945672
2168,433600,rayleigh,64,7.670540933337048,8.996561247500875,0.8550503235855592,8.141510923915309,,6.834471300986745,200,7.236594071365326,7.236594071365326,6.997900318703637,6.997900318703637,0.23869375266168902,0.23869375266168902
2169,433800,rayleigh,64,5.499901996512488,7.612444402405045,1.5786288999989821,6.0338155024060605,,6.834471300986745,200,7.307322047208132,7.307322047208132,6.987368642771462,6.987368642771462,0.31995340443666986,0.31995340443666986
2170,434000,rayleigh,64,5.797012711383487,8.057530057304156,1.7648375505125895,6.32038160574683,,6.834471300986745,200,7.264889558653377,7.264889558653377,6.985889629425086,6.985889629425086,0.2789999292282914,0.2789999292282914
2171,434200,rayleigh,64,6.079232737057153,7.2160465093312345,0.4160718325497923,6.805074356468312,,6.834471300986745,200,7.290370007520967,7.290370007520967,7.0266384049119655,7.0266384049119655,0.26373160260900175,0.26373160260900175
2172,434400,rayleigh,64,6.42766744784507,7.892329445786094,0.24831674960222114,7.644012696183876,,6.834471300986745,200,7.334840190752951,7.334840190752951,7.049373208475358,7.049373208475358,0.28546698227759304,0.28546698227759304
2173,434600,rayleigh,64,6.512878891846082,8.192466588213575,1.2560264305351987,6.936743380286194,,6.834471300986745,200,7.293980455672665,7.293980455672665,7.046618681649757,7.046618681649757,0.2473617740229086,0.2473617740229086
2174,434800,rayleigh,64,6.894832999894905,8.084375813288945,0.7522595032506654,7.332116310038282,,6.834471300986745,200,7.29448983382729,7.29448983382729,7.046080922237329,7.046080922237329,0.24840891158996126,0.24840891158996126
2175,435000,rayleigh,64,7.359887179054329,8.794962657713828,1.021496291096478,7.776993335163232,,6.834471300986745,200,7.2935254340204025,7.2935254340204025,7.043276439031943,7.043276439031943,0.25024899498845965,0.25024899498845965
2176,435200,rayleigh,64,6.938355856294205,8.8056190920683,1.4547483888062345,7.350870703262075,,6.834471300986745,200,7.247958363043199,7.247958363043199,7.04073195171689,7.04073195171689,0.20722641132630848,0.20722641132630848
2177,435400,rayleigh,64,6.142628583973641,7.582908702437299,1.0340040743215146,6.548904628115786,,6.834471300986745,200,7.205378298348005,7.205378298348005,7.042841451465467,7.042841451465467,0.16253684688253767,0.16253684688253767
2178,435600,rayleigh,64,7.417701051048994,8.571416599682289,0.679088630501883,7.892327969180394,,6.834471300986745,200,7.220109029946862,7.220109029946862,7.04974527405594,7.04974527405594,0.17036375589092145,0.17036375589092145
2179,435800,rayleigh,64,6.129979731104758,7.700045156915503,1.171637618556295,6.5284075383592075,,6.834471300986745,200,7.155317608124628,7.155317608124628,7.039142355518291,7.039142355518291,0.11617525260633688,0.11617525260633688
2180,436000,rayleigh,64,7.307009838466985,8.038167512802339,0.3397980222304731,7.6983694905718725,,6.834471300986745,200,7.268219007454907,7.268219007454907,7.0382873205958925,7.0382873205958925,0.22993168685901466,0.22993168685901466
2181,436200,rayleigh,64,6.823206427822194,8.180541605514003,0.9419667412641675,7.23857486424983,,6.834471300986745,200,7.208061470901269,7.208061470901269,7.033137020661318,7.033137020661318,0.17492445023995096,0.17492445023995096
2182,436400,rayleigh,64,7.1024661789055425,8.43983030126082,0.5316210447333103,7.90820925652751,,6.834471300986745,200,7.280538564139134,7.280538564139134,7.046216061503615,7.046216061503615,0.23432250263551868,0.23432250263551868
2183,436600,rayleigh,64,7.111633627658824,8.891600868106426,1.3836292227986784,7.5079716453077445,,6.834471300986745,200,7.347124881220564,7.347124881220564,7.050039162104447,7.050039162104447,0.2970857191161169,0.2970857191161169
2184,436800,rayleigh,64,7.590394215956978,8.682732137763216,0.6683726174878307,8.014359520275383,,6.834471300986745,200,7.325243674166853,7.325243674166853,7.048779949077268,7.048779949077268,0.2764637250895854,0.2764637250895854
2185,437000,rayleigh,64,6.747949538157948,7.442239411763983,0.30142485662714585,7.1408145551368385,,6.834471300986745,200,7.323948927827544,7.323948927827544,7.051655587372673,7.051655587372673,0.27229334045487086,0.27229334045487086
2186,437200,rayleigh,64,5.891674400453755,7.289678329871494,1.0254434854185672,6.267228091542268,,6.834471300986745,200,7.313714855356983,7.313714855356983,7.0481013371679015,7.0481013371679015,0.2656135181890811,0.2656135181890811
2187,437400,rayleigh,64,7.571878994432886,8.338343574635969,0.29968087597659526,8.038662698659369,,6.834471300986745,200,7.256267453569819,7.256267453569819,7.0564989019286,7.0564989019286,0.19976855164121954,0.19976855164121954
2188,437600,rayleigh,64,3.9457680648220315,7.472065220461521,3.0027416163639122,4.519746572029625,,6.834471300986745,200,7.075179235975535,7.075179235975535,7.034048395851898,7.034048395851898,0.04113084012363721,0.04113084012363721
2189,437800,rayleigh,64,6.294100025934589,8.078019608438607,1.4434237901176163,6.652978691922939,,6.834471300986745,200,7.106137395451377,7.106137395451377,7.031093917159326,7.031093917159326,0.07504347829205127,0.07504347829205127
2190,438000,rayleigh,64,6.514604726818489,8.033055565201927,1.1624457355259838,6.887845833049908,,6.834471300986745,200,7.134510606816532,7.134510606816532,7.0447444158613095,7.0447444158613095,0.08976619095522231,0.08976619095522231
2191,438200,rayleigh,64,5.258653057266196,7.4198694862604855,0.834626222425474,6.59060374945481,,6.834471300986745,200,7.123787076465855,7.123787076465855,7.031768060325452,7.031768060325452,0.09201901614040331,0.09201901614040331
2192,438400,rayleigh,64,5.295905555370542,7.697141501949243,1.6190651917645449,6.0789855800979025,,6.834471300986745,200,7.045535720661557,7.045535720661557,7.032840598068767,7.032840598068767,0.012695122592790042,0.012695122592790042
2193,438600,rayleigh,64,7.878026812226647,8.84479972909236,0.6241854963378436,8.220614232754517,,6.834471300986745,200,7.109729263284974,7.109729263284974,7.048184823011522,7.048184823011522,0.06154444027345196,0.06154444027345196
2194,438800,rayleigh,64,7.338237262681993,9.211989691913036,1.4992814447107121,7.7127082472023245,,6.834471300986745,200,7.1287588601431775,7.1287588601431775,7.049740721898448,7.049740721898448,0.07901813824472992,0.07901813824472992
2195,439000,rayleigh,64,6.321237111371489,8.16007050930434,0.9762920692346809,7.1837784400696645,,6.834471300986745,200,7.099098115388498,7.099098115388498,7.048668720313915,7.048668720313915,0.050429395074583105,0.050429395074583105
2196,439200,rayleigh,64,6.16878265224655,7.764129746442762,1.2132325101581363,6.57142716724368,,6.834471300986745,200,7.060125938587579,7.060125938587579,7.034602177071824,7.034602177071824,0.025523761515755083,0.025523761515755083
2197,439400,rayleigh,64,6.039860303805873,7.314868535726789,0.8738868896821225,6.440981646044663,,6.834471300986745,200,7.054729789484023,7.054729789484023,7.032313112421017,7.032313112421017,0.02241667706300632,0.02241667706300632
2198,439600,rayleigh,64,5.323298980813389,8.398744073638166,2.1125899335065377,6.293809160646285,,6.834471300986745,200,6.9748038490573165,6.9748038490573165,7.026531495668255,7.026531495668255,0.05172764661093865,0.05172764661093865
2199,439800,rayleigh,64,6.938075280044644,8.645078863759887,1.3342357946870367,7.326825182880177,,6.834471300986745,200,7.014724731283366,7.014724731283366,7.029426890519557,7.029426890519557,0.014702159236191115,0.014702159236191115
2200,440000,rayleigh,64,8.149730689229868,10.006793086088464,1.455091287376189,8.55170179871227,6.525122851616301,6.525122851616301,200,7.057391346690385,7.057391346690385,7.045913860738889,7.045913860738889,0.011477485951496114,0.011477485951496114
2201,440200,rayleigh,64,6.2317591715610705,8.225132153714409,0.6372346405997207,7.587897513114691,,6.525122851616301,200,7.0748574791336285,7.0748574791336285,7.046425192523042,7.046425192523042,0.028432286610586388,0.028432286610586388
2202,440400,rayleigh,64,6.870974046464393,8.759696985230539,1.4381212032069972,7.321575782023544,,6.525122851616301,200,7.045525805408431,7.045525805408431,7.033112613810028,7.033112613810028,0.012413191598403372,0.012413191598403372
2203,440600,rayleigh,64,7.463816661468327,8.47793508329215,0.5510731677783554,7.926861915513793,,6.525122851616301,200,7.066470318918734,7.066470318918734,7.037453407362759,7.037453407362759,0.029016911555975078,0.029016911555975078
2204,440800,rayleigh,64,5.6005838431220925,8.896295213032781,2.852182330115595,6.049692340019489,,6.525122851616301,200,6.968236959905937,6.968236959905937,7.018834881541662,7.018834881541662,0.05059792163572485,0.05059792163572485
2205,441000,rayleigh,64,5.269848571501353,7.373010543998648,1.2227461503436996,6.154622926924302,,6.525122851616301,200,6.918927378495312,6.918927378495312,7.004850467905831,7.004850467905831,0.08592308941051918,0.08592308941051918
2206,441200,rayleigh,64,5.838646070356848,8.822565343404891,2.0637634025411553,6.762901565084999,,6.525122851616301,200,6.943711052172448,6.943711052172448,7.003159632928982,7.003159632928982,0.05944858075653414,0.05944858075653414
2207,441400,rayleigh,64,5.530143888037241,8.701379979567017,1.6124009333686211,7.110643267470458,,6.525122851616301,200,6.897310080613002,6.897310080613002,7.062690620171294,7.062690620171294,0.16538053955829213,0.16538053955829213
2208,441600,rayleigh,64,6.317173628267751,8.747210797325133,2.0425374813319714,6.7360241309050615,,6.525122851616301,200,7.008123958556775,7.008123958556775,7.064131152130937,7.064131152130937,0.05600719357416217,0.05600719357416217
2209,441800,rayleigh,64,6.376155001489167,7.314092224816883,0.28740664423542983,7.026685580581455,,6.525122851616301,200,7.0268093029897,7.0268093029897,7.06421329963979,7.06421329963979,0.037403996650089866,0.037403996650089866
2210,442000,rayleigh,64,6.707693254619545,8.166805339825649,1.002080587806397,7.165020776717296,,6.525122851616301,200,7.040668050173068,7.040668050173068,7.064841510594853,7.064841510594853,0.024173460421785364,0.024173460421785364
2211,442200,rayleigh,64,5.798687062796514,8.575600714965397,2.135763705863388,6.449052731996782,,6.525122851616301,200,7.033590499300168,7.033590499300168,7.067568831293407,7.067568831293407,0.03397833199323941,0.03397833199323941
2212,442400,rayleigh,64,7.448847067558221,8.224430460002333,0.26590656416469705,7.958523895837632,,6.525122851616301,200,7.127567415087154,7.127567415087154,7.077376841951792,7.077376841951792,0.050190573135362015,0.050190573135362015
2213,442600,rayleigh,64,5.745126840453078,7.847637752409076,1.589505439254762,6.2604953992872785,,6.525122851616301,200,7.029561473413793,7.029561473413793,7.073898098693636,7.073898098693636,0.04433662527984339,0.04433662527984339
2214,442800,rayleigh,64,6.55778845662031,7.731415115970578,0.21166188642747558,7.519753229543099,,6.525122851616301,200,7.019913722530831,7.019913722530831,7.083657872973943,7.083657872973943,0.06374415044311199,0.06374415044311199
2215,443000,rayleigh,64,5.366158729291844,7.787549387011306,1.186093319415873,6.612703311763738,,6.525122851616301,200,6.991359966115534,6.991359966115534,7.068517834819952,7.068517834819952,0.07715786870441743,0.07715786870441743
2216,443200,rayleigh,64,7.902712532186755,9.396525116002504,1.086578245690267,8.309946870312242,,6.525122851616301,200,7.078285951268962,7.078285951268962,7.089348157004918,7.089348157004918,0.011062205735955288,0.011062205735955288
2217,443400,rayleigh,64,7.395143663227559,9.159826547831589,1.342027904528301,7.8177986433032975,,6.525122851616301,200,7.147126801131894,7.147126801131894,7.0923742728815595,7.0923742728815595,0.05475252825033472,0.05475252825033472
2218,443600,rayleigh,64,7.915923226572659,8.752889731074564,0.41028152705798326,8.342608204016578,,6.525122851616301,200,7.249566753300409,7.249566753300409,7.116891296773024,7.116891296773024,0.13267545652738555,0.13267545652738555
2219,443800,rayleigh,64,7.192158293183464,9.614493858989299,1.9547964166654372,7.6613275417777125,,6.525122851616301,200,7.266291871245286,7.266291871245286,7.113526152052507,7.113526152052507,0.1527657191927796,0.1527657191927796
2220,444000,rayleigh,64,6.256781625369498,8.053132790731517,0.3929149906240434,7.660217800107471,,6.525122851616301,200,7.221717671315046,7.221717671315046,7.114093588365693,7.114093588365693,0.10762408294935355,0.10762408294935355
2221,444200,rayleigh,64,4.088849757521038,7.674802084976238,3.1783272164796723,4.592420119146175,,6.525122851616301,200,7.071943801616619,7.071943801616619,7.085378183970074,7.085378183970074,0.013434382353454843,0.013434382353454843
2222,444400,rayleigh,64,8.39809478883563,9.163334422219384,0.28280628650555556,8.880528135713831,,6.525122851616301,200,7.1498914193011345,7.1498914193011345,7.102618954723286,7.102618954723286,0.047272464577848616,0.047272464577848616
2223,444600,rayleigh,64,6.786075434933947,8.428433340343487,1.1435446529482198,7.284888687395263,,6.525122851616301,200,7.117792757895208,7.117792757895208,7.107949708203067,7.107949708203067,0.009843049692140227,0.009843049692140227
2224,444800,rayleigh,64,7.789288738614999,8.955933110523192,0.6407208093479186,8.31521230117527,,6.525122851616301,200,7.2310687559529985,7.2310687559529985,7.125751988166389,7.125751988166389,0.10531676778660959,0.10531676778660959
2225,445000,rayleigh,64,7.517585530063389,8.624737353388651,0.5480891559462263,8.076648197442426,,6.525122851616301,200,7.3271700194789045,7.3271700194789045,7.143307878620573,7.143307878620573,0.18386214085833164,0.18386214085833164
2226,445200,rayleigh,64,1.4803094764020384,7.533659995610982,5.350381553212795,2.4321502229542697,,6.525122851616301,200,7.110632452372369,7.110632452372369,7.07257050141974,7.07257050141974,0.03806195095262854,0.03806195095262854
2227,445400,rayleigh,64,5.192480629153944,7.273354799550142,1.036979588737295,6.238949402574683,,6.525122851616301,200,7.067047759127578,7.067047759127578,7.052873872693422,7.052873872693422,0.014173886434155847,0.014173886434155847
2228,445600,rayleigh,64,5.260842737761679,8.764296482417583,1.560709638883214,7.207474987258437,,6.525122851616301,200,7.090620301945248,7.090620301945248,7.051805058662381,7.051805058662381,0.03881524328286723,0.03881524328286723
2229,445800,rayleigh,64,5.738779861790217,7.346555174187047,1.0136224266444236,6.340306192342133,,6.525122851616301,200,7.05630133253328,7.05630133253328,7.03365347796796,7.03365347796796,0.022647854565320813,0.022647854565320813
2230,446000,rayleigh,64,5.509765517755608,8.574407447585104,1.8413591508740592,6.733048296711045,,6.525122851616301,200,7.0347027085329685,7.0347027085329685,7.035278270622715,7.035278270622715,0.0005755620897467395,0.0005755620897467395
2231,446200,rayleigh,64,5.550713152695431,7.397043494791177,0.46611173051681815,6.930931764274358,,6.525122851616301,200,7.058796660146847,7.058796660146847,7.039895150460118,7.039895150460118,0.01890150968672888,0.01890150968672888
2232,446400,rayleigh,64,0.8139389343419213,7.774057070540876,7.555294191432901,1.1735564348735377,,6.525122851616301,200,6.719548287098642,6.719548287098642,6.990042123042594,6.990042123042594,0.2704938359439515,0.2704938359439515
2233,446600,rayleigh,64,3.1081340777277906,8.470743533183406,4.305590394366612,4.281123182316609,,6.525122851616301,200,6.6205796762501095,6.6205796762501095,6.962953639517086,6.962953639517086,0.34237396326697667,0.34237396326697667
2234,446800,rayleigh,64,6.494460220158398,7.3173788087144125,0.3781649438665164,6.941161883630121,,6.525122851616301,200,6.591650108954459,6.591650108954459,6.9571382650162255,6.9571382650162255,0.3654881560617662,0.3654881560617662
2235,447000,rayleigh,64,6.617739809426358,8.156726160101224,0.8633890112895352,7.3042983270928055,,6.525122851616301,200,6.626229859720913,6.626229859720913,6.960260412539867,6.960260412539867,0.33403055281895444,0.33403055281895444
2236,447200,rayleigh,64,6.101304192586992,7.8371324768491615,0.9030350260967611,6.937963017163391,,6.525122851616301,200,6.557630667063471,6.557630667063471,6.953354086413379,6.953354086413379,0.39572341934990796,0.39572341934990796
2237,447400,rayleigh,64,5.953101138914297,8.526435218748704,1.3602527426408348,7.1661824761078705,,6.525122851616301,200,6.5250498587037,6.5250498587037,6.955001957668859,6.955001957668859,0.42995209896515885,0.42995209896515885
2238,447600,rayleigh,64,4.977183590524677,7.488663358158317,0.7610510580740907,6.730109114009079,,6.525122851616301,200,6.444424904203325,6.444424904203325,6.947820005193518,6.947820005193518,0.5033951009901925,0.5033951009901925
2239,447800,rayleigh,64,4.42785248511828,8.781460708799067,3.0557093001670883,5.754141100253074,,6.525122851616301,200,6.349065582127093,6.349065582127093,6.928295212624823,6.928295212624823,0.5792296304977302,0.5792296304977302
2240,448000,rayleigh,64,7.508331213076791,9.003483845466917,0.9047559174409902,8.09872792802592,,6.525122851616301,200,6.370991088523016,6.370991088523016,6.936673527795706,6.936673527795706,0.56568243927269,0.56568243927269
2241,448200,rayleigh,64,6.914504031911039,7.874514129116804,0.29940115874490075,7.575112970371899,,6.525122851616301,200,6.520125731084302,6.520125731084302,6.951943815172874,6.951943815172874,0.43181808408857236,0.43181808408857236
2242,448400,rayleigh,64,6.136240718212441,8.231380294069213,0.8684033106065905,7.362976983462624,,6.525122851616301,200,6.444248173471742,6.444248173471742,6.961190322938608,6.961190322938608,0.5169421494668658,0.5169421494668658
2243,448600,rayleigh,64,7.153611849152383,8.244738345055458,0.5434259038566066,7.707515696240762,,6.525122851616301,200,6.465379523914017,6.465379523914017,6.970748812580296,6.970748812580296,0.5053692886662793,0.5053692886662793
2244,448800,rayleigh,64,7.055382602214832,8.627198613807076,0.21520339779588962,8.41199521601119,,6.525122851616301,200,6.470218669655812,6.470218669655812,7.0007181189057714,7.0007181189057714,0.5304994492499597,0.5304994492499597
2245,449000,rayleigh,64,5.49453834090675,7.698541250514414,1.6837468288120414,6.04049493436979,,6.525122851616301,200,6.36841100650218,6.36841100650218,6.99710355819941,6.99710355819941,0.6286925516972302,0.6286925516972302
2246,449200,rayleigh,64,4.453861233407907,7.856995781692587,1.4301268964925018,6.4336635744279,,6.525122851616301,200,6.568486674075862,6.568486674075862,6.981636140092044,6.981636140092044,0.41314946601618185,0.41314946601618185
2247,449400,rayleigh,64,5.499954600569356,8.354760729794185,2.322349385785842,6.0426343750270295,,6.525122851616301,200,6.55867092269848,6.55867092269848,6.9798280216911595,6.9798280216911595,0.42115709899267983,0.42115709899267983
2248,449600,rayleigh,64,5.7088015653425135,8.094963087797877,1.5425887024572225,6.55715777927879,,6.525122851616301,200,6.526155062299496,6.526155062299496,6.987334526028476,6.987334526028476,0.4611794637289792,0.4611794637289792
2249,449800,rayleigh,64,7.525501233857697,8.509539204150474,0.4164115186768085,8.09312768547366,,6.525122851616301,200,6.613796136956073,6.613796136956073,7.022073243027712,7.022073243027712,0.4082771060716395,0.4082771060716395
2250,450000,rayleigh,64,6.931565208183807,8.339791860305288,0.8469062806197687,7.496433939826634,6.201530691292855,6.201530691292855,200,6.651965419111853,6.651965419111853,7.025347268657558,7.025347268657558,0.3733818495457051,0.3733818495457051
2251,450200,rayleigh,64,6.290426669983116,7.454731541092378,0.11126252034362864,7.343469020748751,,6.201530691292855,200,6.672592281935572,6.672592281935572,7.035827305073882,7.035827305073882,0.36323502313831035,0.36323502313831035
2252,450400,rayleigh,64,6.001959048901381,8.094038454817454,0.9342780667098356,7.159760388107623,,6.201530691292855,200,6.971902479597276,6.971902479597276,7.039878818639517,7.039878818639517,0.06797633904224121,0.06797633904224121
2253,450600,rayleigh,64,6.036114019239257,8.889658048051666,1.9298719437431116,6.969504470015691,,6.201530691292855,200,7.10632154398223,7.10632154398223,7.032034482520755,7.032034482520755,0.07428706146147501,0.07428706146147501
2254,450800,rayleigh,64,7.308863103193716,8.286641529696814,0.07095115384952655,8.215690375847286,,6.201530691292855,200,7.170047968593089,7.170047968593089,7.040972098809769,7.040972098809769,0.12907586978331942,0.12907586978331942
2255,451000,rayleigh,64,6.502395680705771,8.057356383361459,0.967260124211966,7.090096259149496,,6.201530691292855,200,7.159337865195923,7.159337865195923,7.0339102480882545,7.0339102480882545,0.12542761710766825,0.12542761710766825
2256,451200,rayleigh,64,7.148832640813107,8.719834687136219,0.20870926322531644,8.511125423910899,,6.201530691292855,200,7.237995985533298,7.237995985533298,7.036399381099302,7.036399381099302,0.20159660443399652,0.20159660443399652
2257,451400,rayleigh,64,7.008399414373596,8.905261423611407,1.383562601700692,7.521698821910712,,6.201530691292855,200,7.255771802823441,7.255771802823441,7.037611310098214,7.037611310098214,0.21816049272522697,0.21816049272522697
2258,451600,rayleigh,64,6.932588725999568,8.535490557980424,1.1215710241099164,7.413919533870509,,6.201530691292855,200,7.289962323816512,7.289962323816512,7.035773372064885,7.035773372064885,0.2541889517516269,0.2541889517516269
2259,451800,rayleigh,64,7.687055265581389,10.295191713757596,2.138199469123611,8.156992244633992,,6.201530691292855,200,7.410104881035558,7.410104881035558,7.039100934763187,7.039100934763187,0.37100394627237065,0.37100394627237065
2260,452000,rayleigh,64,5.9324806948897075,7.887517069670293,0.874601291282097,7.012915778388197,,6.201530691292855,200,7.355814273553671,7.355814273553671,7.054826677507406,7.054826677507406,0.3009875960462649,0.3009875960462649
2261,452200,rayleigh,64,7.2295957036240415,8.788591543580464,1.1504910657488916,7.638100477831569,,6.201530691292855,200,7.358963648926654,7.358963648926654,7.046790426332496,7.046790426332496,0.3121732225941578,0.3121732225941578
2262,452400,rayleigh,64,5.718105967175498,8.508132300860343,1.5884007337241854,6.926830949831963,,6.201530691292855,200,7.337156347245122,7.337156347245122,7.051472061913114,7.051472061913114,0.2856842853320076,0.2856842853320076
2263,452600,rayleigh,64,7.365006680477968,8.955564748541702,1.1303685832711405,7.825196165270557,,6.201530691292855,200,7.343040370696611,7.343040370696611,7.067961570529027,7.067961570529027,0.27507880016758435,0.27507880016758435
2264,452800,rayleigh,64,6.132267281877526,7.882369151483818,1.3171143459498487,6.583892166610037,,6.201530691292855,200,7.251635218226555,7.251635218226555,7.049280655581631,7.049280655581631,0.20235456264492413,0.20235456264492413
2265,453000,rayleigh,64,6.404415315945961,7.734016817441392,0.8747197666891139,6.861617869569909,,6.201530691292855,200,7.29269136498656,7.29269136498656,7.0462297394580995,7.0462297394580995,0.24646162552846018,0.24646162552846018
2266,453200,rayleigh,64,5.944263694637438,7.558861316557795,1.018552166889144,6.557757743788169,,6.201530691292855,200,7.298896073454573,7.298896073454573,7.047088221486448,7.047088221486448,0.25180785196812483,0.25180785196812483
2267,453400,rayleigh,64,6.833376425896995,7.590090844952248,0.272423557010679,7.317667287941572,,6.201530691292855,200,7.362647719100299,7.362647719100299,7.028388787021837,7.028388787021837,0.3342589320784626,0.3342589320784626
2268,453600,rayleigh,64,8.015300892300164,8.82056688893074,0.16819468004416527,8.652372208886579,,6.201530691292855,200,7.467408440580691,7.467408440580691,7.033497399871551,7.033497399871551,0.4339110407091402,0.4339110407091402
2269,453800,rayleigh,64,4.8678903550192825,8.16585059424889,1.9349898940825252,6.230860700166363,,6.201530691292855,200,7.374295091315327,7.374295091315327,7.035467851849153,7.035467851849153,0.3388272394661742,0.3388272394661742
2270,454000,rayleigh,64,5.267290151203772,8.394608265512208,2.20245166795583,6.1984321908084326,,6.201530691292855,200,7.309395003864417,7.309395003864417,7.034248357699769,7.034248357699769,0.27514664616464746,0.27514664616464746
2271,454200,rayleigh,64,3.6388520612772806,9.267847539787743,5.365199865737806,4.025126978358477,,6.201530691292855,200,7.143477901744902,7.143477901744902,7.00644888391867,7.00644888391867,0.1370290178262321,0.1370290178262321
2272,454400,rayleigh,64,7.486895317505592,8.722937105105988,0.7805924818134488,7.942344623292541,,6.201530691292855,200,7.182607113504147,7.182607113504147,7.009432203189757,7.009432203189757,0.17317491031439047,0.17317491031439047
2273,454600,rayleigh,64,6.142438155817887,8.651216039573187,1.3442613947378654,7.306954644835316,,6.201530691292855,200,7.1994796222451285,7.1994796222451285,7.013134315835247,7.013134315835247,0.18634530640988167,0.18634530640988167
2274,454800,rayleigh,64,5.148452390240103,8.30187327054349,1.8867135539615956,6.4151597165818925,,6.201530691292855,200,7.109453089281859,7.109453089281859,7.003964749900684,7.003964749900684,0.10548833938117497,0.10548833938117497
2275,455000,rayleigh,64,5.634502525714888,8.338217729892433,1.3480555353817114,6.9961323620713705,,6.201530691292855,200,7.104754894427953,7.104754894427953,6.996156140169766,6.996156140169766,0.10859875425818721,0.10859875425818721
2276,455200,rayleigh,64,8.107240679688596,8.807590935625862,0.276594530203499,8.530996405422368,,6.201530691292855,200,7.1057484435035265,7.1057484435035265,7.007957397191368,7.007957397191368,0.09779104631215851,0.09779104631215851
2277,455400,rayleigh,64,7.15784568665668,8.443546536067052,0.23275953136971916,8.21078700469733,,6.201530691292855,200,7.140202852642856,7.140202852642856,7.024576220957183,7.024576220957183,0.11562663168567333,0.11562663168567333
2278,455600,rayleigh,64,5.924514780981196,8.501827786322249,1.440769658821994,7.061058127500253,,6.201530691292855,200,7.122559782324345,7.122559782324345,7.016263522540381,7.016263522540381,0.10629625978396362,0.10629625978396362
2279,455800,rayleigh,64,7.2905414889600335,9.10161152100094,1.2156934761492288,7.890010299719623,,6.201530691292855,200,7.109210685078625,7.109210685078625,7.029879550153985,7.029879550153985,0.07933113492464017,0.07933113492464017
2280,456000,rayleigh,64,5.071881427616304,8.274358859782742,2.7806416058237633,5.52064610473874,,6.201530691292855,200,7.034597201396153,7.034597201396153,7.008102316295654,7.008102316295654,0.026494885100499133,0.026494885100499133
2281,456200,rayleigh,64,6.273761493831497,8.317648634099992,1.106149041805844,7.211499592294144,,6.201530691292855,200,7.013267157119282,7.013267157119282,7.007831563576097,7.007831563576097,0.00543559354318468,0.00543559354318468
2282,456400,rayleigh,64,5.332473736022791,8.620637135412496,2.874130783063908,5.760650574916365,,6.201530691292855,200,6.9549581383735015,6.9549581383735015,6.9863559767599845,6.9863559767599845,0.031397838386483023,0.031397838386483023
2283,456600,rayleigh,64,7.112423325544167,8.582311857634993,1.0659371769865544,7.516374680648437,,6.201530691292855,200,6.939517064142396,6.939517064142396,6.9864400071133925,6.9864400071133925,0.04692294297099675,0.04692294297099675
2284,456800,rayleigh,64,7.288213990091476,9.16994859724008,1.4951038335965128,7.674844763643572,,6.201530691292855,200,6.994064693994072,6.994064693994072,6.983044859547074,6.983044859547074,0.011019834446997834,0.011019834446997834
2285,457000,rayleigh,64,6.726888039693685,9.31432062540218,1.7340873157911423,7.59365631607674,,6.201530691292855,200,7.030666616319413,7.030666616319413,6.987573277156473,6.987573277156473,0.043093339162940225,0.043093339162940225
2286,457200,rayleigh,64,5.299910397063325,7.648379038120495,1.6835958810067595,6.008827998303037,,6.201530691292855,200,7.003220129045158,7.003220129045158,6.9849892762240815,6.9849892762240815,0.018230852821076837,0.018230852821076837
2287,457400,rayleigh,64,5.1683812487996725,7.644930539503987,2.073183744447427,5.5819905820472595,,6.201530691292855,200,6.9164362937504436,6.9164362937504436,6.96042255505796,6.96042255505796,0.04398626130751637,0.04398626130751637
2288,457600,rayleigh,64,7.257262671258564,7.973967766125906,0.3297664828186156,7.644201283307292,,6.201530691292855,200,6.8660277474714775,6.8660277474714775,6.991667102170737,6.991667102170737,0.1256393546992598,0.1256393546992598
2289,457800,rayleigh,64,6.052725732404749,7.937941682010829,1.4266110612971512,6.516019451123377,,6.201530691292855,200,6.880285685019328,6.880285685019328,6.990297509762741,6.990297509762741,0.1100118247434132,0.1100118247434132
2290,458000,rayleigh,64,7.304793580870284,8.72238630903433,1.0166272299585566,7.705759079075774,,6.201530691292855,200,6.955652029432694,6.955652029432694,6.998476642223,6.998476642223,0.04282461279030603,0.04282461279030603
2291,458200,rayleigh,64,6.657667136464682,8.575427877969206,1.1038832672210854,7.471544610748124,,6.201530691292855,200,7.1279729110521775,7.1279729110521775,7.0072860508359325,7.0072860508359325,0.12068686021624497,0.12068686021624497
2292,458400,rayleigh,64,6.614660464270212,7.784943123830335,0.4122363562369094,7.372706767593416,,6.201530691292855,200,7.099491018267223,7.099491018267223,7.020223262710888,7.020223262710888,0.07926775555633458,0.07926775555633458
2293,458600,rayleigh,64,6.79973691812205,8.024893801903925,0.3104996600035274,7.7143941419003985,,6.201530691292855,200,7.119862993120475,7.119862993120475,7.015161061802346,7.015161061802346,0.10470193131812877,0.10470193131812877
2294,458800,rayleigh,64,7.146292199722366,8.964768786656395,1.416375261039543,7.548393525616851,,6.201530691292855,200,7.176524683572223,7.176524683572223,7.013517914586491,7.013517914586491,0.1630067689857322,0.1630067689857322
2295,459000,rayleigh,64,5.063521064331434,8.403615267603351,3.021782034442574,5.420317735787457,,6.201530691292855,200,7.097733952258028,7.097733952258028,6.995883307543669,6.995883307543669,0.101850644714359,0.101850644714359
2296,459200,rayleigh,64,7.246781697098101,8.817668896799471,1.16839055281399,7.6492783439854755,,6.201530691292855,200,7.053648049186184,7.053648049186184,7.006661819311088,7.006661819311088,0.046986229875096264,0.046986229875096264
2297,459400,rayleigh,64,7.1913336581160925,9.203428298808634,1.5917136075605276,7.611714691248103,,6.201530691292855,200,7.023694433513723,7.023694433513723,7.018369149763122,7.018369149763122,0.005325283750600818,0.005325283750600818
2298,459600,rayleigh,64,6.447554160100427,7.476811328688039,0.5932937782323887,6.886217648739103,,6.201530691292855,200,7.014952409575665,7.014952409575665,7.024293234644051,7.024293234644051,0.00934082506838596,0.00934082506838596
2299,459800,rayleigh,64,7.216430081841098,8.219742970379729,0.5643064288663263,7.655436541513398,,6.201530691292855,200,7.003223721665353,7.003223721665353,7.027579348230383,7.027579348230383,0.024355626565030875,0.024355626565030875
2300,460000,rayleigh,64,3.9528007544592345,7.765516394721372,2.8013769319248825,5.092272964650279,6.719464708665448,6.719464708665448,200,6.9818050646609295,6.9818050646609295,6.992985059889764,6.992985059889764,0.011179995228834727,0.011179995228834727
2301,460200,rayleigh,64,5.073991227941825,7.94778254212416,1.964154377195668,6.018859209862355,,6.719464708665448,200,6.92217304553934,6.92217304553934,6.977294676857241,6.977294676857241,0.05512163131790082,0.05512163131790082
2302,460400,rayleigh,64,5.744660765655996,8.648712714549157,2.498706631288395,6.175973378516415,,6.719464708665448,200,6.942939185719342,6.942939185719342,6.965838652822169,6.965838652822169,0.02289946710282731,0.02289946710282731
2303,460600,rayleigh,64,7.633501121302573,8.663771209861897,0.6118802321694687,8.051890977692425,,6.719464708665448,200,6.969715000571543,6.969715000571543,6.967088943443956,6.967088943443956,0.0026260571275864564,0.0026260571275864564
2304,460800,rayleigh,64,3.7599743301842494,7.961244131488255,3.8823442158312838,4.173167729533879,,6.719464708665448,200,6.794631148866058,6.794631148866058,6.9483236973391005,6.9483236973391005,0.15369254847304248,0.15369254847304248
2305,461000,rayleigh,64,5.2846911147531275,7.756936440316872,1.9893734940376253,5.767562946279249,,6.719464708665448,200,6.703326480376182,6.703326480376182,6.944453097532648,6.944453097532648,0.24112661715646588,0.24112661715646588
2306,461200,rayleigh,64,4.093803864298362,7.79055733226307,2.38004922899419,5.428928154161582,,6.719464708665448,200,6.674331488169111,6.674331488169111,6.931113363423415,6.931113363423415,0.25678187525430385,0.25678187525430385
2307,461400,rayleigh,64,7.2160067103915,8.208034430788588,0.46705748043926565,7.74097695034932,,6.719464708665448,200,6.782280806584213,6.782280806584213,6.937416700252203,6.937416700252203,0.15513589366798985,0.15513589366798985
2308,461600,rayleigh,64,6.757522885393489,7.672766551259142,0.5254815613386603,7.147284989920479,,6.719464708665448,200,6.757434991914872,6.757434991914872,6.941529308842357,6.941529308842357,0.18409431692748512,0.18409431692748512
2309,461800,rayleigh,64,4.694014351073603,7.940925267280004,2.64857970102012,5.295235152963365,,6.719464708665448,200,6.696395777006873,6.696395777006873,6.924214804566177,6.924214804566177,0.2278190275593044,0.2278190275593044
2310,462000,rayleigh,64,5.858620200211902,7.445703585453796,1.1187968366614396,6.347871798632312,,6.719464708665448,200,6.628501412984699,6.628501412984699,6.916043314785328,6.916043314785328,0.2875419018006289,0.2875419018006289
2311,462200,rayleigh,64,6.367958426800336,8.21153723217995,1.226225119415057,7.003077512976662,,6.719464708665448,200,6.605078058096126,6.605078058096126,6.921583562595125,6.921583562595125,0.3165055044989993,0.3165055044989993
2312,462400,rayleigh,64,6.482863395385681,8.708135174784275,1.872970939522115,6.860475769383848,,6.719464708665448,200,6.579466508185648,6.579466508185648,6.9106030813305885,6.9106030813305885,0.33113657314494027,0.33113657314494027
2313,462600,rayleigh,64,4.838887574879968,7.311497485001267,1.2770690111424718,6.0346376464393945,,6.719464708665448,200,6.495478683412598,6.495478683412598,6.908344503802108,6.908344503802108,0.41286582038951014,0.41286582038951014
2314,462800,rayleigh,64,8.088975942816061,9.06514969161547,0.5929516350496737,8.472198056565798,,6.719464708665448,200,6.541668909960045,6.541668909960045,6.917868952072336,6.917868952072336,0.3762000421122913,0.3762000421122913
2315,463000,rayleigh,64,7.585448601976639,8.438784340734866,0.40022951903871307,8.038554821696149,,6.719464708665448,200,6.67258076425548,6.67258076425548,6.932127467171659,6.932127467171659,0.2595467029161789,0.2595467029161789
2316,463200,rayleigh,64,6.141352314364739,7.863231716779291,0.9350631466337878,6.92816857014551,,6.719464708665448,200,6.636525275563481,6.636525275563481,6.9183096841699925,6.9183096841699925,0.2817844086065113,0.2817844086065113
2317,463400,rayleigh,64,6.32516711894472,8.788057059384412,2.047577387712267,6.750599143640426,,6.719464708665448,200,6.593469498183097,6.593469498183097,6.907637689173364,6.907637689173364,0.3141681909902667,0.3141681909902667
2318,463600,rayleigh,64,5.81782268508989,8.076270201791559,1.6075021538978584,6.500209420573421,,6.719464708665448,200,6.5741690867748135,6.5741690867748135,6.889213701338933,6.889213701338933,0.3150446145641199,0.3150446145641199
2319,463800,rayleigh,64,5.770886887743697,7.928988896652499,1.1710389957615264,6.757949900890971,,6.719464708665448,200,6.529294754743693,6.529294754743693,6.880179924930065,6.880179924930065,0.35088517018637244,0.35088517018637244
2320,464000,rayleigh,64,6.242690167524943,8.130652681807403,1.0635522350156874,7.070328492974527,,6.719464708665448,200,6.6281975311599055,6.6281975311599055,6.874281031858736,6.874281031858736,0.24608350069883045,0.24608350069883045
2321,464200,rayleigh,64,4.916502712163426,8.145934287526055,1.981578784014321,6.164440484161373,,6.719464708665448,200,6.635476594874855,6.635476594874855,6.890001235508888,6.890001235508888,0.2545246406340329,0.2545246406340329
2322,464400,rayleigh,64,6.654613390979656,7.946968709064955,0.9044393950799998,7.04959188170877,,6.719464708665448,200,6.679157520034474,6.679157520034474,6.871691872968837,6.871691872968837,0.19253435293436283,0.19253435293436283
2323,464600,rayleigh,64,6.3845172881045835,8.387893675204486,0.6087029523981345,7.781171507913752,,6.719464708665448,200,6.665621546545539,6.665621546545539,6.876654701174021,6.876654701174021,0.21103315462848204,0.21103315462848204
2324,464800,rayleigh,64,7.48410886220384,8.189896262648354,0.2874149531282037,7.902481309520151,,6.719464708665448,200,6.852087225544852,6.852087225544852,6.87252739125747,6.87252739125747,0.02044016571261764,0.02044016571261764
2325,465000,rayleigh,64,3.7680740214806048,7.623437696503065,3.3835953801665135,4.373090063757199,,6.719464708665448,200,6.78236358141875,6.78236358141875,6.835491809920618,6.835491809920618,0.05312822850186816,0.05312822850186816
2326,465200,rayleigh,64,7.015660578388577,8.601070399106455,1.1619348854478075,7.4391355136586474,,6.719464708665448,200,6.882873949393604,6.882873949393604,6.885561662827662,6.885561662827662,0.002687713434058381,0.002687713434058381
2327,465400,rayleigh,64,6.129505659025958,7.65528083477981,0.9835764679849868,6.672901075515386,,6.719464708665448,200,6.829470155651909,6.829470155651909,6.88990117955707,6.88990117955707,0.06043102390516086,0.06043102390516086
2328,465600,rayleigh,64,7.035633428886274,9.061498531813971,1.1932248002882417,7.86827373152573,,6.719464708665448,200,6.86551959273217,6.86551959273217,6.896509166999742,6.896509166999742,0.030989574267572095,0.030989574267572095
2329,465800,rayleigh,64,8.976976421102407,9.817734653473087,0.40376109657433,9.413973556898757,,6.719464708665448,200,7.071456512928938,7.071456512928938,6.927245840645309,6.927245840645309,0.14421067228362894,0.14421067228362894
2330,466000,rayleigh,64,8.0662143014981,8.752457874171668,0.2011620642084431,8.551295809963234,,6.719464708665448,200,7.181627713495485,7.181627713495485,6.945428315777829,6.945428315777829,0.2361993977176553,0.2361993977176553
2331,466200,rayleigh,64,8.089073199719229,8.973507093225917,0.42875120539072686,8.544755887835198,,6.719464708665448,200,7.258711632238412,7.258711632238412,6.961566557013438,6.961566557013438,0.29714507522497335,0.29714507522497335
2332,466400,rayleigh,64,7.1004897709353045,8.343433740717057,0.563486246006122,7.779947494710932,,6.719464708665448,200,7.304685218504767,7.304685218504767,7.027630467611813,7.027630467611813,0.2770547508929546,0.2770547508929546
2333,466600,rayleigh,64,4.95412163106933,7.202317959451211,1.2248279792392758,5.98174924125922,,6.719464708665448,200,7.302040798245758,7.302040798245758,7.044636728201238,7.044636728201238,0.2574040700445206,0.2574040700445206
2334,466800,rayleigh,64,5.408495483206959,7.710448360803413,0.5724331478585312,7.138015212944887,,6.719464708665448,200,7.235331656064711,7.235331656064711,7.046605261494385,7.046605261494385,0.18872639457032658,0.18872639457032658
2335,467000,rayleigh,64,6.267166321675229,8.192872520921856,1.366882716732899,6.825989804188951,,6.719464708665448,200,7.174703405189352,7.174703405189352,7.041822176265345,7.041822176265345,0.1328812289240071,0.1328812289240071
2336,467200,rayleigh,64,6.778931661680343,7.511882742964268,0.29744111442288973,7.214441628541373,,6.719464708665448,200,7.189017058109146,7.189017058109146,7.044586962379127,7.044586962379127,0.14443009573001842,0.14443009573001842
2337,467400,rayleigh,64,7.9623423042190495,8.769708136611294,0.37826244483886684,8.391445691772438,,6.719464708665448,200,7.271059385515747,7.271059385515747,7.056839594535773,7.056839594535773,0.2142197909799739,0.2142197909799739
2338,467600,rayleigh,64,5.861491266339733,8.463013893783131,2.0831198543034986,6.381260905616126,,6.719464708665448,200,7.265111959767881,7.265111959767881,7.053351112451843,7.053351112451843,0.21176084731603861,0.21176084731603861
2339,467800,rayleigh,64,6.5453423524591985,8.751896229259794,1.71593223675037,7.035963992509425,,6.719464708665448,200,7.279012664348805,7.279012664348805,7.066169341374407,7.066169341374407,0.2128433229743978,0.2128433229743978
2340,468000,rayleigh,64,7.046792810779486,8.0801336064951,0.4092805295796674,7.6708530769154315,,6.719464708665448,200,7.309038893545848,7.309038893545848,7.0618905928633025,7.0618905928633025,0.24714830068254567,0.24714830068254567
2341,468200,rayleigh,64,3.9083637275390943,8.173125453657871,2.3602949269878946,5.827412112719059,,6.719464708665448,200,7.2921874749737325,7.2921874749737325,7.044413584286773,7.044413584286773,0.24777389068695932,0.24777389068695932
2342,468400,rayleigh,64,5.05420927920109,7.433182953103166,1.203350499721082,6.232242165630315,,6.719464708665448,200,7.25131998916981,7.25131998916981,7.033106236108449,7.033106236108449,0.21821375306136037,0.21821375306136037
2343,468600,rayleigh,64,6.798197629236765,8.24467701484197,0.7397478640299114,7.504929150812057,,6.719464708665448,200,7.237507871314724,7.237507871314724,7.031080370654162,7.031080370654162,0.20642750066056248,0.20642750066056248
2344,468800,rayleigh,64,8.012483716804008,9.575513932353537,0.18640502440176862,9.38910890795177,,6.719464708665448,200,7.3118392512363055,7.3118392512363055,7.040851507573567,7.040851507573567,0.27098774366273837,0.27098774366273837
2345,469000,rayleigh,64,8.21306836834009,8.98113211860612,0.3043786788951963,8.67675343971093,,6.719464708665448,200,7.527022420033992,7.527022420033992,7.067214092626981,7.067214092626981,0.4598083274070115,0.4598083274070115
2346,469200,rayleigh,64,-0.877994298440546,7.630496423919316,9.813158789829068,0.3453357740199461,,6.719464708665448,200,7.172332433052058,7.172332433052058,7.006330814622901,7.006330814622901,0.16600161842915728,0.16600161842915728
2347,469400,rayleigh,64,5.670941458322079,7.672789907044115,1.5049404944084093,6.167849412635703,,6.719464708665448,200,7.1470798499080725,7.1470798499080725,7.007582964998989,7.007582964998989,0.13949688490908319,0.13949688490908319
2348,469600,rayleigh,64,7.17476796836339,8.585921486499572,0.45621768219097786,8.129703804308598,,6.719464708665448,200,7.160151353547216,7.160151353547216,7.023308425249287,7.023308425249287,0.13684292829792977,0.13684292829792977
2349,469800,rayleigh,64,6.993801885148955,8.194211160341709,0.4018374952259535,7.792373665115757,,6.719464708665448,200,7.079071358958068,7.079071358958068,7.0203008850457085,7.0203008850457085,0.05877047391235912,0.05877047391235912
2350,470000,rayleigh,64,5.321671953769616,7.96543390969586,1.0467392982790236,6.927457827947227,8.064601036127145,8.064601036127145,200,6.997879459857266,6.997879459857266,7.014611123926913,7.014611123926913,0.016731664069646435,0.016731664069646435
2351,470200,rayleigh,64,7.283867474838538,8.950320445204015,1.2442478523933682,7.706072592810651,,8.064601036127145,200,6.955945295106041,6.955945295106041,7.018237159647531,7.018237159647531,0.06229186454149005,0.06229186454149005
2352,470400,rayleigh,64,8.483962996382722,9.141858404530847,0.18422532606351047,8.957633078467332,,8.064601036127145,200,7.0148295742938584,7.0148295742938584,7.036215886551128,7.036215886551128,0.021386312257269502,0.021386312257269502
2353,470600,rayleigh,64,7.699101659799932,9.067058195822495,0.9220989523153341,8.144959243507161,,8.064601036127145,200,7.122990074406258,7.122990074406258,7.047970434286043,7.047970434286043,0.07501964012021478,0.07501964012021478
2354,470800,rayleigh,64,7.123342384697645,8.058004407245448,0.36692705120437347,7.69107735604107,,8.064601036127145,200,7.150643181561067,7.150643181561067,7.042724304087982,7.042724304087982,0.10791887747308504,0.10791887747308504
2355,471000,rayleigh,64,2.8260107548141042,7.672565167039836,4.624889336183754,3.2597611830995743,,8.064601036127145,200,6.972331750506598,6.972331750506598,7.004420953327483,7.004420953327483,0.032089202820885454,0.032089202820885454
2356,471200,rayleigh,64,3.8131113005713875,7.659675472480769,2.311478571542982,5.416200732021706,,8.064601036127145,200,6.882419705680614,6.882419705680614,6.973471706408591,6.973471706408591,0.09105200072797714,0.09105200072797714
2357,471400,rayleigh,64,5.279281103737077,8.58995523966827,2.3081938611559965,6.298413893979701,,8.064601036127145,200,6.777768115790975,6.777768115790975,6.961238857129279,6.961238857129279,0.18347074133830432,0.18347074133830432
2358,471600,rayleigh,64,5.284106937463673,7.491886834896603,1.518618498851278,6.011392615994125,,8.064601036127145,200,6.7592747013098755,6.7592747013098755,6.947213587950517,6.947213587950517,0.18793888664064173,0.18793888664064173
2359,471800,rayleigh,64,6.298971024440329,9.236822589004433,2.4701730785102733,6.7732656353234235,,8.064601036127145,200,6.746139783450576,6.746139783450576,6.933376321857411,6.933376321857411,0.18723653840683507,0.18723653840683507
2360,472000,rayleigh,64,8.07707889438683,8.61827304805686,0.14403746419316849,8.474235583863685,,8.064601036127145,200,6.786308908797989,6.786308908797989,6.947989519912166,6.947989519912166,0.16168061111417753,0.16168061111417753
2361,472200,rayleigh,64,6.756152638981856,8.254123609671646,1.0125614360957937,7.244328158343829,,8.064601036127145,200,6.857154711079227,6.857154711079227,6.944051796717288,6.944051796717288,0.08689708563806064,0.08689708563806064
2362,472400,rayleigh,64,2.8568658315896163,7.998050669130093,3.8736555551149237,4.18340935821972,,8.064601036127145,200,6.754713070708698,6.754713070708698,6.916617580801166,6.916617580801166,0.16190451009246765,0.16190451009246765
2363,472600,rayleigh,64,8.434761490166103,9.015767834247995,0.18506484947628274,8.830702984771714,,8.064601036127145,200,6.8210017624066825,6.8210017624066825,6.926672648996177,6.926672648996177,0.1056708865894942,0.1056708865894942
2364,472800,rayleigh,64,6.917914361538498,9.61607901014482,1.4683133026241484,8.14776570752068,,8.064601036127145,200,6.7589346023851276,6.7589346023851276,6.942311384405283,6.942311384405283,0.18337678202015528,0.18337678202015528
2365,473000,rayleigh,64,7.884710420155572,8.455442907358815,0.14938792151033842,8.30605498584848,,8.064601036127145,200,6.740399679692004,6.740399679692004,6.95675575556807,6.95675575556807,0.21635607587606565,0.21635607587606565
2366,473200,rayleigh,64,8.535223560230271,9.034440126633314,0.05402218334520719,8.980417943288103,,8.064601036127145,200,7.172153788155413,7.172153788155413,6.980982357563068,6.980982357563068,0.19117143059234465,0.19117143059234465
2367,473400,rayleigh,64,7.169063109113581,7.877543288883915,0.3168469437587388,7.56069634512518,,8.064601036127145,200,7.241796134779887,7.241796134779887,6.983412648134904,6.983412648134904,0.25838348664498234,0.25838348664498234
2368,473600,rayleigh,64,3.549279854559609,7.625492919634086,2.762857581172298,4.889844229242304,,8.064601036127145,200,7.0798031560265695,7.0798031560265695,6.945787368338461,6.945787368338461,0.1340157876881083,0.1340157876881083
2369,473800,rayleigh,64,7.2521174930862,8.42843126231442,0.7178029325088752,7.710628329805547,,8.064601036127145,200,7.07571588926106,7.07571588926106,6.960585044634853,6.960585044634853,0.11513084462620693,0.11513084462620693
2370,474000,rayleigh,64,7.255386373302787,8.47066800485995,0.8273170657885992,7.643350939071352,,8.064601036127145,200,7.111510544817267,7.111510544817267,6.9750342321174825,6.9750342321174825,0.13647631269978433,0.13647631269978433
2371,474200,rayleigh,64,5.313194366245395,7.942244437769694,2.1598142065817756,5.794508672024779,,8.064601036127145,200,7.015932348777973,7.015932348777973,6.992728049054144,6.992728049054144,0.023204299723828647,0.023204299723828647
2372,474400,rayleigh,64,6.663995054558095,10.0458781225072,3.034802104638623,7.011746010371024,,8.064601036127145,200,6.918637995373158,6.918637995373158,6.983422062924929,6.983422062924929,0.06478406755177168,0.06478406755177168
2373,474600,rayleigh,64,6.347899362735762,8.003539151084619,1.2592271891553446,6.744311961929267,,8.064601036127145,200,6.848605631294264,6.848605631294264,6.97779563609587,6.97779563609587,0.1291900048016057,0.1291900048016057
2374,474800,rayleigh,64,8.01818890779015,8.927930998639681,0.4624493398921939,8.46548165874748,,8.064601036127145,200,6.887325846429583,6.887325846429583,6.998298855517527,6.998298855517527,0.11097300908794416,0.11097300908794416
2375,475000,rayleigh,64,6.922501492301454,8.518226993692053,0.9539159900303414,7.564311003661713,,8.064601036127145,200,7.102553337457691,7.102553337457691,7.0039806419334285,7.0039806419334285,0.09857269552426207,0.09857269552426207
2376,475200,rayleigh,64,7.846743237547263,8.639349650941547,0.42952231523863593,8.209827335702904,,8.064601036127145,200,7.242234667641751,7.242234667641751,7.0007689512362345,7.0007689512362345,0.24146571640551606,0.24146571640551606
2377,475400,rayleigh,64,5.970662619931537,8.617925531798093,1.202934263851931,7.420036112295929,,8.064601036127145,200,7.298315778557561,7.298315778557561,6.992861442312221,6.992861442312221,0.30545433624534013,0.30545433624534013
2378,475600,rayleigh,64,1.249202465117458,8.046864514250935,6.332565254770177,2.109398463480323,,8.064601036127145,200,7.10321607093187,7.10321607093187,6.943344845672023,6.943344845672023,0.1598712252598471,0.1598712252598471
2379,475800,rayleigh,64,6.4240334984371215,8.081545302365157,0.6443237209867757,7.443039678476566,,8.064601036127145,200,7.136704773089528,7.136704773089528,6.938875139459592,6.938875139459592,0.19782963362993655,0.19782963362993655
2380,476000,rayleigh,64,7.317625863108395,8.33271664028712,0.5812979931243266,7.751418647162796,,8.064601036127145,200,7.100563926254485,7.100563926254485,6.961182864883833,6.961182864883833,0.13938106137065187,0.13938106137065187
2381,476200,rayleigh,64,7.438189743265422,8.498247421190529,0.6850038485091786,7.8132435726813405,,8.064601036127145,200,7.1290096969713606,7.1290096969713606,6.9672003046877045,6.9672003046877045,0.1618093922836561,0.1618093922836561
2382,476400,rayleigh,64,4.493909950362235,8.682810444331619,3.4696575476724747,5.234014406352013,,8.064601036127145,200,7.1815399493779735,7.1815399493779735,6.9619339430020615,6.9619339430020615,0.219606006375912,0.219606006375912
2383,476600,rayleigh,64,6.740542225199549,8.064197815331756,0.6774588020247974,7.386739013306953,,8.064601036127145,200,7.109341750804736,7.109341750804736,6.960637586328646,6.960637586328646,0.14870416447609003,0.14870416447609003
2384,476800,rayleigh,64,6.812332050663697,7.892660331756607,0.7150084971796786,7.177651834576929,,8.064601036127145,200,7.060836057157549,7.060836057157549,6.955665657037979,6.955665657037979,0.10517040011956968,0.10517040011956968
2385,477000,rayleigh,64,7.451832114487648,8.944442747898758,0.4212715550469605,8.523171192851803,,8.064601036127145,200,7.071691867507715,7.071691867507715,6.96496080580573,6.96496080580573,0.10673106170198476,0.10673106170198476
2386,477200,rayleigh,64,7.432896917000445,8.759653022145608,0.9944771382637028,7.765175883881905,,8.064601036127145,200,7.010929764537406,7.010929764537406,6.982524284661519,6.982524284661519,0.02840547987588682,0.02840547987588682
2387,477400,rayleigh,64,8.102336410441254,8.821574535535067,0.39106987258901105,8.430504662946053,,8.064601036127145,200,7.0544201804284485,7.0544201804284485,7.011009425470506,7.011009425470506,0.04341075495794211,0.04341075495794211
2388,477600,rayleigh,64,6.7949952410827565,8.663676167640771,1.511343216736985,7.157019034910527,,8.064601036127145,200,7.167778920711859,7.167778920711859,7.006137602986538,7.006137602986538,0.1616413177253211,0.1616413177253211
2389,477800,rayleigh,64,5.71527819934408,8.607002088379083,1.3572078319181549,7.249794256460927,,8.064601036127145,200,7.144737217044629,7.144737217044629,7.013475351039914,7.013475351039914,0.13126186600471446,0.13126186600471446
2390,478000,rayleigh,64,6.456140226287687,8.238716312011498,1.2269679852756143,7.011748326735884,,8.064601036127145,200,7.113157086427856,7.113157086427856,7.006535243516515,7.006535243516515,0.10662184291134125,0.10662184291134125
2391,478200,rayleigh,64,7.75268630544557,8.871881113267847,0.7797866765706578,8.09209443669719,,8.064601036127145,200,7.228036374661476,7.228036374661476,7.012740741776005,7.012740741776005,0.21529563288547138,0.21529563288547138
2392,478400,rayleigh,64,6.3143922124933,7.717411657235998,0.9042643598792659,6.828205168286299,,8.064601036127145,200,7.21885933255724,7.21885933255724,7.007295725782935,7.007295725782935,0.21156360677430452,0.21156360677430452
2393,478600,rayleigh,64,7.52008533546303,9.484429158319376,1.5462685177635644,7.938160640555808,,8.064601036127145,200,7.278551766488567,7.278551766488567,7.009533390769487,7.009533390769487,0.2690183757190798,0.2690183757190798
2394,478800,rayleigh,64,4.052973994622766,7.359177676179146,3.013965498156347,4.407583291565664,,8.064601036127145,200,7.075656848129476,7.075656848129476,6.978125288428975,6.978125288428975,0.09753155970050109,0.09753155970050109
2395,479000,rayleigh,64,5.489904206630886,7.393473413722038,1.0905376910294027,6.302935722692634,,8.064601036127145,200,7.012588084081022,7.012588084081022,6.986951468298027,6.986951468298027,0.02563661578299481,0.02563661578299481
2396,479200,rayleigh,64,6.874848859737793,9.230969151020222,1.6737639219075449,7.55720522911268,,8.064601036127145,200,6.97995697875151,6.97995697875151,6.986030737149299,6.986030737149299,0.006073758397789675,0.006073758397789675
2397,479400,rayleigh,64,8.190776005193744,8.966314232079686,0.42320708533242124,8.547588482354367,,8.064601036127145,200,7.036334597254433,7.036334597254433,6.995389475060363,6.995389475060363,0.04094512219406976,0.04094512219406976
2398,479600,rayleigh,64,5.435088593189439,7.733619264292036,1.2713631182024145,6.462256146089616,,8.064601036127145,200,7.253977481384898,7.253977481384898,6.991149860033869,6.991149860033869,0.262827621351029,0.262827621351029
2399,479800,rayleigh,64,6.363636280917558,7.788186885256952,1.0958121354846393,6.692374749772309,,8.064601036127145,200,7.216444234949686,7.216444234949686,6.981519242116458,6.981519242116458,0.23492499283322754,0.23492499283322754
2400,480000,rayleigh,64,1.017916098960169,8.9374823398208,7.4012746098279525,1.9880041528694627,7.31419064522686,7.31419064522686,200,6.928273510235019,6.928273510235019,6.95047655399865,6.95047655399865,0.022203043763631136,0.022203043763631136
2401,480200,rayleigh,64,5.9472627931955335,7.693963376870365,1.1296043101057498,6.564359066764614,,7.31419064522686,200,6.865829284939181,6.865829284939181,6.955931552567673,6.955931552567673,0.09010226762849172,0.09010226762849172
2402,480400,rayleigh,64,6.205636211997018,7.810487458009278,1.259382839433618,6.551104618575665,,7.31419064522686,200,6.931683795550365,6.931683795550365,6.959682864968264,6.959682864968264,0.027999069417899314,0.027999069417899314
2403,480600,rayleigh,64,5.218439436540106,7.74437393060278,1.6570013721932741,6.087372558409505,,7.31419064522686,200,6.866715472805493,6.866715472805493,6.940037680775435,6.940037680775435,0.07332220796994271,0.07332220796994271
2404,480800,rayleigh,64,5.957490078534217,7.532407019231191,1.2242494370275465,6.320403857491488,,7.31419064522686,200,6.82385307395122,6.82385307395122,6.961510042055011,6.961510042055011,0.1376569681037907,0.1376569681037907
2405,481000,rayleigh,64,6.117912241661592,7.820112375326979,1.2765079320845103,6.545333390970511,,7.31419064522686,200,6.724961183857154,6.724961183857154,6.969287746501923,6.969287746501923,0.24432656264476904,0.24432656264476904
2406,481200,rayleigh,64,5.567522278220684,7.875323321798135,1.0463374941328398,6.828985827665295,,7.31419064522686,200,6.678151681046325,6.678151681046325,6.983288323236962,6.983288323236962,0.30513664219063674,0.30513664219063674
2407,481400,rayleigh,64,5.339293086418305,7.263204724047572,1.4723489004359362,5.7909699830214,,7.31419064522686,200,6.546174947050093,6.546174947050093,6.963788253563682,6.963788253563682,0.41761330651358897,0.41761330651358897
2408,481600,rayleigh,64,5.132530229248887,7.256369809348741,0.7844973101531524,6.471872499195581,,7.31419064522686,200,6.511917620264344,6.511917620264344,6.957034128656434,6.957034128656434,0.4451165083920898,0.4451165083920898
2409,481800,rayleigh,64,5.193173168866955,7.946013692579249,0.8112656510783282,7.1347480415009175,,7.31419064522686,200,6.506165309516345,6.506165309516345,6.975429257541808,6.975429257541808,0.46926394802546323,0.46926394802546323
2410,482000,rayleigh,64,5.689647819577228,8.09401530316317,2.0303285967410543,6.064485034271695,,7.31419064522686,200,6.458802144893134,6.458802144893134,6.972595389898203,6.972595389898203,0.5137932450050684,0.5137932450050684
2411,482200,rayleigh,64,5.6668951690171525,8.14551935156072,2.0293944466915246,6.1166701506503065,,7.31419064522686,200,6.360030930590791,6.360030930590791,6.963731316274938,6.963731316274938,0.6037003856841467,0.6037003856841467
2412,482400,rayleigh,64,7.833813260828176,8.581902020285735,0.3787005687599339,8.203201451525793,,7.31419064522686,200,6.428780744752766,6.428780744752766,6.977158573096358,6.977158573096358,0.5483778283435923,0.5483778283435923
2413,482600,rayleigh,64,7.534105242295729,8.344291881475439,0.45985057377069155,7.884441307704747,,7.31419064522686,200,6.426094778110212,6.426094778110212,6.995656609709012,6.995656609709012,0.5695618315987998,0.5695618315987998
2414,482800,rayleigh,64,5.184115649876985,8.196180605597329,2.3694661738276572,5.857207084070126,,7.31419064522686,200,6.4985759677354356,6.4985759677354356,6.969506699984056,6.969506699984056,0.47093073224862003,0.47093073224862003
2415,483000,rayleigh,64,6.300430354869522,7.59864401000416,0.8440332917861567,6.754610718218003,,7.31419064522686,200,6.521159717511703,6.521159717511703,6.956667258949275,6.956667258949275,0.43550754143757153,0.43550754143757153
2416,483200,rayleigh,64,6.913146999865339,7.833134868778195,0.4723505057059294,7.360784363072271,,7.31419064522686,200,6.511338674209684,6.511338674209684,6.96099341687854,6.96099341687854,0.44965474266885597,0.44965474266885597
2417,483400,rayleigh,64,5.9299519610960445,8.264783711670642,1.4171138789115134,6.8476698327591246,,7.31419064522686,200,6.426342741729921,6.426342741729921,6.961964123769729,6.961964123769729,0.5356213820398077,0.5356213820398077
2418,483600,rayleigh,64,7.796975785259592,8.86291014707066,0.6485613612936425,8.21434878577702,,7.31419064522686,200,6.513947373714291,6.513947373714291,6.979105517421765,6.979105517421765,0.4651581437074741,0.4651581437074741
2419,483800,rayleigh,64,7.366975249582936,8.615839204981636,0.8250767724130547,7.7907624325685845,,7.31419064522686,200,6.568866757854106,6.568866757854106,6.989433642738541,6.989433642738541,0.42056688488443505,0.42056688488443505
2420,484000,rayleigh,64,6.310298226055355,7.631553131864193,0.890715424594788,6.741339591307228,,7.31419064522686,200,6.806533529775993,6.806533529775993,6.986143753721867,6.986143753721867,0.17961022394587456,0.17961022394587456
2421,484200,rayleigh,64,6.37127628590444,9.227298673495902,1.5792840793758738,7.648220455302876,,7.31419064522686,200,6.860726599202906,6.860726599202906,7.000981553433281,7.000981553433281,0.14025495423037526,0.14025495423037526
2422,484400,rayleigh,64,6.147355482848569,7.53977804157997,0.9737364760217517,6.5900979196608285,,7.31419064522686,200,6.862676264257163,6.862676264257163,6.996386613812803,6.996386613812803,0.13371034955563932,0.13371034955563932
2423,484600,rayleigh,64,7.3866123439505085,8.795819180764271,1.0238294847348566,7.78180850532122,,7.31419064522686,200,6.94739806160275,6.94739806160275,6.996392983786876,6.996392983786876,0.04899492218412593,0.04899492218412593
2424,484800,rayleigh,64,5.214301105038541,8.08328859288331,2.2156975870567166,5.868162039915007,,7.31419064522686,200,6.924785970723927,6.924785970723927,6.976049791090825,6.976049791090825,0.05126382036689758,0.05126382036689758
2425,485000,rayleigh,64,4.053994364772,7.972832502694596,3.44974960176427,4.58085971084752,,7.31419064522686,200,6.826562286717777,6.826562286717777,6.978127487561729,6.978127487561729,0.15156520084395275,0.15156520084395275
2426,485200,rayleigh,64,4.69944302084427,7.665837070624659,1.7970357811288695,5.918033864638491,,7.31419064522686,200,6.781014688566437,6.781014688566437,6.962916471071527,6.962916471071527,0.18190178250508993,0.18190178250508993
2427,485400,rayleigh,64,7.3019151478369455,8.67550788681495,0.9580880076312914,7.735525079036811,,7.31419064522686,200,6.878242443367208,6.878242443367208,6.973542711106741,6.973542711106741,0.0953002677395327,0.0953002677395327
2428,485600,rayleigh,64,5.424645654853967,8.031263594639068,1.1923360065599906,6.838927588079081,,7.31419064522686,200,6.896595197811382,6.896595197811382,6.963249249672275,6.963249249672275,0.06665405186089313,0.06665405186089313
2429,485800,rayleigh,64,7.114056311582558,8.579502864872467,1.0629321028600551,7.516570762012413,,7.31419064522686,200,6.915686333836956,6.915686333836956,6.944275221723411,6.944275221723411,0.028588887886455083,0.028588887886455083
2430,486000,rayleigh,64,6.139934437175389,7.46950303712621,0.810653274263838,6.658849762862368,,7.31419064522686,200,6.94540457026649,6.94540457026649,6.925350761252402,6.925350761252402,0.020053809014087598,0.020053809014087598
2431,486200,rayleigh,64,6.649897638329082,7.785644638651818,0.7378260273158178,7.047818611336002,,7.31419064522686,200,6.991961993300775,6.991961993300775,6.9103813884874095,6.9103813884874095,0.08158060481336538,0.08158060481336538
2432,486400,rayleigh,64,6.509318095842911,8.462183372083961,0.5576774662640732,7.907420123096765,,7.31419064522686,200,6.977172926879325,6.977172926879325,6.91165611477127,6.91165611477127,0.06551681210805516,0.06551681210805516
2433,486600,rayleigh,64,6.023387502648574,7.61683085750167,1.0705723789090387,6.566861947029391,,7.31419064522686,200,6.911293958845556,6.911293958845556,6.917507241828971,6.917507241828971,0.006213282983414281,0.006213282983414281
2434,486800,rayleigh,64,6.923181639770129,7.557948268223817,0.2513530290248902,7.306595239198924,,7.31419064522686,200,6.983763366601996,6.983763366601996,6.9191930420915115,6.9191930420915115,0.06457032451048406,0.06457032451048406
2435,487000,rayleigh,64,6.973790129954141,7.939686652757782,0.4905345561401656,7.449152096617621,,7.31419064522686,200,7.0184904355219775,7.0184904355219775,6.925424665015798,6.925424665015798,0.09306577050617992,0.09306577050617992
2436,487200,rayleigh,64,7.12439612023011,8.071211946861437,0.31940079842623836,7.751811148435203,,7.31419064522686,200,7.038041774790123,7.038041774790123,6.9307983602147365,6.9307983602147365,0.10724341457538689,0.10724341457538689
2437,487400,rayleigh,64,5.67694125888233,7.255375103838051,1.183197202137317,6.072177901700738,,7.31419064522686,200,6.999267178237204,6.999267178237204,6.907605682314019,6.907605682314019,0.0916614959231854,0.0916614959231854
2438,487600,rayleigh,64,7.332058872386679,8.61993115478317,0.2581302472256705,8.361800907557496,,7.31419064522686,200,7.00663978432623,7.00663978432623,6.927411082333432,6.927411082333432,0.07922870199279775,0.07922870199279775
2439,487800,rayleigh,64,4.9449206860598744,7.887618693995196,1.7814194791426625,6.106199214852531,,7.31419064522686,200,6.922411623440427,6.922411623440427,6.918113434556863,6.918113434556863,0.00429818888356337,0.00429818888356337
2440,488000,rayleigh,64,6.288568360258256,7.588151810688495,0.9425567856087638,6.6570328781632835,,7.31419064522686,200,6.9181962877832275,6.9181962877832275,6.907975232569341,6.907975232569341,0.010221055213886387,0.010221055213886387
2441,488200,rayleigh,64,6.689499218690738,8.029355871230717,0.2624687345067583,7.7668871367239545,,7.31419064522686,200,6.9241296218542825,6.9241296218542825,6.927369982809393,6.927369982809393,0.0032403609551101553,0.0032403609551101553
2442,488400,rayleigh,64,4.738977431656069,7.947080286152206,2.892070043738825,5.135698594563436,,7.31419064522686,200,6.851409655599414,6.851409655599414,6.916404547098722,6.916404547098722,0.0649948914993077,0.0649948914993077
2443,488600,rayleigh,64,0.20572185806463236,8.501345469221906,8.133174630505682,1.2320266212463733,,7.31419064522686,200,6.523920561395672,6.523920561395672,6.8536755218030665,6.8536755218030665,0.3297549604073948,0.3297549604073948
2444,488800,rayleigh,64,6.8628813374226,7.724809956774828,0.21434815273045818,7.510461804044362,,7.31419064522686,200,6.606035549602138,6.606035549602138,6.8348890507639934,6.8348890507639934,0.2288535011618551,0.2288535011618551
2445,489000,rayleigh,64,6.524977918574495,8.067397564003349,1.184411715616555,6.882985848386798,,7.31419064522686,200,6.721141856479103,6.721141856479103,6.816951374850752,6.816951374850752,0.09580951837164875,0.09580951837164875
2446,489200,rayleigh,64,7.777603554617117,8.780681125082666,0.1964228842970146,8.584258240785655,,7.31419064522686,200,6.854453075286462,6.854453075286462,6.899340599518408,6.899340599518408,0.044887524231945974,0.044887524231945974
2447,489400,rayleigh,64,7.539037625616786,8.575955815878968,0.46759919076001305,8.108356625118953,,7.31419064522686,200,6.8730946525905665,6.8730946525905665,6.91874567164324,6.91874567164324,0.04565101905267355,0.04565101905267355
2448,489600,rayleigh,64,6.802262158408964,8.83442248567002,0.4330870444687061,8.401335441201311,,7.31419064522686,200,6.951215045246679,6.951215045246679,6.921461988012169,6.921461988012169,0.02975305723450994,0.02975305723450994
2449,489800,rayleigh,64,6.4870141963637415,9.022695247366526,2.0841074933923003,6.959488861791369,,7.31419064522686,200,6.923360950235626,6.923360950235626,6.913133139978924,6.913133139978924,0.010227810256702163,0.010227810256702163
2450,490000,rayleigh,64,4.968672743307076,7.390242518573564,1.297502625813769,6.100577429494125,7.054858593398937,7.054858593398937,200,6.895447333567215,6.895447333567215,6.904864335994392,6.904864335994392,0.009417002427177579,0.009417002427177579
2451,490200,rayleigh,64,8.038098409265992,8.821024147962854,0.4625905550711798,8.358433592891673,,7.054858593398937,200,6.960978082644999,6.960978082644999,6.9113879459952035,6.9113879459952035,0.049590136649795724,0.049590136649795724
2452,490400,rayleigh,64,6.963726115743017,7.682478545524251,0.2022913042127998,7.480187241311452,,7.054858593398937,200,6.939616438555733,6.939616438555733,6.896613487623643,6.896613487623643,0.043002950932089945,0.043002950932089945
2453,490600,rayleigh,64,6.543999516843469,8.85718929424368,1.987529117298932,6.871425783652438,,7.054858593398937,200,6.9548446303868845,6.9548446303868845,6.883878153025096,6.883878153025096,0.07096647736178863,0.07096647736178863
2454,490800,rayleigh,64,6.908422980683195,8.078981126224484,0.7937761725752249,7.285204953649257,,7.054858593398937,200,6.953775116109402,6.953775116109402,6.879819429001177,6.879819429001177,0.0739556871082252,0.0739556871082252
2455,491000,rayleigh,64,6.653883214443725,7.941043637450438,0.9202200610835761,7.024942234969127,,7.054858593398937,200,6.932564623026977,6.932564623026977,6.917471239519874,6.917471239519874,0.015093383507102764,0.015093383507102764
2456,491200,rayleigh,64,6.583527925123836,7.887639450847957,0.9925519885101123,6.920278829699595,,7.054858593398937,200,6.890988007090196,6.890988007090196,6.9325120204966515,6.9325120204966515,0.041524013406455396,0.041524013406455396
2457,491400,rayleigh,64,7.376003333303788,8.547037849004365,0.8306990159218124,7.7163388330825535,,7.054858593398937,200,6.9731960536592865,6.9731960536592865,6.94669126988768,6.94669126988768,0.02650478377160681,0.02650478377160681
2458,491600,rayleigh,64,1.9676494843123842,8.804923171312675,6.822914062143161,2.2944214357483506,,7.054858593398937,200,6.66982708006883,6.66982708006883,6.909521558085224,6.909521558085224,0.23969447801639365,0.23969447801639365
2459,491800,rayleigh,64,5.980202080103019,7.879843100593866,1.4210204371075759,6.468216747706493,,7.054858593398937,200,6.687927956711528,6.687927956711528,6.906471069209054,6.906471069209054,0.21854311249752634,0.21854311249752634
2460,492000,rayleigh,64,6.667504600611376,7.892541020351942,0.44722713410081744,7.445313886251129,,7.054858593398937,200,6.7273420071159205,6.7273420071159205,6.896181852232931,6.896181852232931,0.16883984511701033,0.16883984511701033
2461,492200,rayleigh,64,6.533651893445815,8.680125466036095,1.8160563117383233,6.883979730623343,,7.054858593398937,200,6.683196636810889,6.683196636810889,6.892578367955725,6.892578367955725,0.20938173114483583,0.20938173114483583
2462,492400,rayleigh,64,6.559384766174175,9.439364198448034,1.577789456230396,7.861574742217642,,7.054858593398937,200,6.8194904441936,6.8194904441936,6.929360021795703,6.929360021795703,0.10986957760210281,0.10986957760210281
2463,492600,rayleigh,64,5.572189635925695,8.060398976115875,1.9003708333645428,6.162297877496157,,7.054858593398937,200,7.0660040070060885,7.0660040070060885,6.902675970722948,6.902675970722948,0.16332803628314085,0.16332803628314085
2464,492800,rayleigh,64,6.0466694290286185,8.670373093921118,1.5420532176854804,7.147121245494523,,7.054858593398937,200,7.047836979078598,7.047836979078598,6.8926695261026865,6.8926695261026865,0.1551674529759115,0.1551674529759115
2465,493000,rayleigh,64,7.000882862534737,8.950008423547532,1.59847910214769,7.3515293213998385,,7.054858593398937,200,7.071264152729249,7.071264152729249,6.8831242694582,6.8831242694582,0.1881398832710488,0.1881398832710488
2466,493200,rayleigh,64,6.859148293842655,8.295651753664288,1.0635062081001259,7.232145545564164,,7.054858593398937,200,7.003658517968175,7.003658517968175,6.865641545480962,6.865641545480962,0.1380169724872129,0.1380169724872129
2467,493400,rayleigh,64,6.735613818967124,7.7960365486128245,0.6876416370677928,7.108394911545034,,7.054858593398937,200,6.953660432289479,6.953660432289479,6.861118531145159,6.861118531145159,0.09254190114431982,0.09254190114431982
2468,493600,rayleigh,64,7.611067350766907,8.651921167595074,0.5139769350470504,8.141526128856507,,7.054858593398937,200,6.940669966672239,6.940669966672239,6.893635350141303,6.893635350141303,0.04703461653093566,0.04703461653093566
2469,493800,rayleigh,64,6.168045648009607,7.881481655949104,1.2720319990725515,6.616099421908162,,7.054858593398937,200,6.923500494678078,6.923500494678078,6.882690061062329,6.882690061062329,0.0408104336157491,0.0408104336157491
2470,494000,rayleigh,64,4.816026590687286,6.953589176944067,0.7820856007597499,6.171503576184319,,7.054858593398937,200,6.927046802012588,6.927046802012588,6.867971587433458,6.867971587433458,0.059075214579129565,0.059075214579129565
2471,494200,rayleigh,64,6.327254404003728,8.015381976424187,1.3226809584727084,6.6927010179514825,,7.054858593398937,200,6.843760173265579,6.843760173265579,6.876953510892724,6.876953510892724,0.033193337627144714,0.033193337627144714
2472,494400,rayleigh,64,1.591799792840483,8.864634763518511,6.2765140423779995,2.8680168096208045,,7.054858593398937,200,6.613151651681046,6.613151651681046,6.835516218885223,6.835516218885223,0.22236456720417674,0.22236456720417674
2473,494600,rayleigh,64,5.8317308607122245,7.232828221088585,0.5268396622273482,6.705988558861233,,7.054858593398937,200,6.604879790441485,6.604879790441485,6.835132984854542,6.835132984854542,0.23025319441305658,0.23025319441305658
2474,494800,rayleigh,64,7.472663473799673,9.098264132533437,1.078952188124807,8.041384639835805,,7.054858593398937,200,6.642688774750813,6.642688774750813,6.830892014665424,6.830892014665424,0.18820323991461052,0.18820323991461052
2475,495000,rayleigh,64,7.141115052826406,9.029672605112044,1.5178426834739158,7.521481064140458,,7.054858593398937,200,6.66751571620938,6.66751571620938,6.830463715270212,6.830463715270212,0.16294799906083224,0.16294799906083224
2476,495200,rayleigh,64,5.105155332770322,8.077899293775078,1.526564115589712,6.556619443825789,,7.054858593398937,200,6.6493327469156895,6.6493327469156895,6.81393163635144,6.81393163635144,0.16459888943575063,0.16459888943575063
2477,495400,rayleigh,64,7.087491937600824,8.518492775168616,0.9990437960164189,7.530753387662906,,7.054858593398937,200,6.640053474644707,6.640053474644707,6.8150388091051095,6.8150388091051095,0.17498533446040287,0.17498533446040287
2478,495600,rayleigh,64,6.49278524077902,8.041007824940039,1.03743118392992,7.003814220722936,,7.054858593398937,200,6.875523113893436,6.875523113893436,6.863982966677536,6.863982966677536,0.01154014721590002,0.01154014721590002
2479,495800,rayleigh,64,6.955091897235264,8.835002758736142,1.1467305046194864,7.688272254116655,,7.054858593398937,200,6.936525889213945,6.936525889213945,6.866435292433938,6.866435292433938,0.07009059678000717,0.07009059678000717
2480,496000,rayleigh,64,5.83601652748693,8.34611682371564,2.0455671201743217,6.306348653007162,,7.054858593398937,200,6.879577627551745,6.879577627551745,6.851984592492382,6.851984592492382,0.027593035059362947,0.027593035059362947
2481,496200,rayleigh,64,7.5314960735275545,8.359763827478957,0.43812515663423557,7.921638670844726,,7.054858593398937,200,6.931460574562815,6.931460574562815,6.853068543474015,6.853068543474015,0.0783920310888,0.0783920310888
2482,496400,rayleigh,64,4.397115042763139,7.218657400692506,0.814857320645667,6.404092946283209,,7.054858593398937,200,6.858586484766093,6.858586484766093,6.864769328873328,6.864769328873328,0.006182844107234686,0.006182844107234686
2483,496600,rayleigh,64,7.010894546723254,8.391895626121775,1.0288305458039582,7.363808590513912,,7.054858593398937,200,6.918662020416981,6.918662020416981,6.864540024645396,6.864540024645396,0.054121995771585496,0.054121995771585496
2484,496800,rayleigh,64,7.155536690024333,8.347176451010888,0.39482247575667506,7.9523539752542165,,7.054858593398937,200,6.958923656904967,6.958923656904967,6.87228704605217,6.87228704605217,0.08663661085279717,0.08663661085279717
2485,497000,rayleigh,64,6.088131778907631,7.791539949383422,1.3626156622848273,6.437652909476113,,7.054858593398937,200,6.91322983630878,6.91322983630878,6.851431863218413,6.851431863218413,0.06179797309036683,0.06179797309036683
2486,497200,rayleigh,64,7.054331613177039,8.19390326766371,0.7697065690434378,7.424391824922165,,7.054858593398937,200,6.922842150276679,6.922842150276679,6.848024022628817,6.848024022628817,0.07481812764786255,0.07481812764786255
2487,497400,rayleigh,64,6.5169913099376195,8.435468758507678,1.5541714236854947,6.899674746232574,,7.054858593398937,200,6.912406142011056,6.912406142011056,6.832715723461681,6.832715723461681,0.07969041854937498,0.07969041854937498
2488,497600,rayleigh,64,6.550223187738225,8.39816824116464,1.4818500609153253,6.916318180249317,,7.054858593398937,200,6.8511457445806965,6.8511457445806965,6.830308714915068,6.830308714915068,0.020837029665628393,0.020837029665628393
2489,497800,rayleigh,64,5.624464344031747,7.9376024724346745,1.6818949894977198,6.268620414228111,,7.054858593398937,200,6.833771794196695,6.833771794196695,6.8204969764927394,6.8204969764927394,0.013274817703955222,0.013274817703955222
2490,498000,rayleigh,64,6.553974962785735,10.165312805987794,2.559833255006449,7.61074338233957,,7.054858593398937,200,6.9057337845044575,6.9057337845044575,6.826486927048777,6.826486927048777,0.07924685745568016,0.07924685745568016
2491,498200,rayleigh,64,6.578398223851195,8.560689688332463,0.8131347454034621,7.747554942929003,,7.054858593398937,200,6.958476480753335,6.958476480753335,6.823041532111096,6.823041532111096,0.1354349486422386,0.1354349486422386
2492,498400,rayleigh,64,8.31642543482865,9.42490462065748,0.6480646044239096,8.776840016233574,,7.054858593398937,200,7.253917641083971,7.253917641083971,6.842527880590569,6.842527880590569,0.41138976049340226,0.41138976049340226
2493,498600,rayleigh,64,4.920219023237771,7.65959564392135,1.4304544846362408,6.259174937303041,,7.054858593398937,200,7.231576960006062,7.231576960006062,6.82573802355804,6.82573802355804,0.4058389364480215,0.4058389364480215
2494,498800,rayleigh,64,5.71021218315895,7.853857442998358,1.2877701593312014,6.566087283667152,,7.054858593398937,200,7.157812092197629,7.157812092197629,6.847323063479055,6.847323063479055,0.31048902871857376,0.31048902871857376
2495,499000,rayleigh,64,6.170211303564812,8.449833336534168,0.7829594047933831,7.673082089716201,,7.054858593398937,200,7.165392143476415,7.165392143476415,6.861024527149291,6.861024527149291,0.3043676163271245,0.3043676163271245
2496,499200,rayleigh,64,6.292018066435952,7.555780843949449,0.7945696085208165,6.761211235428637,,7.054858593398937,200,7.175621733056559,7.175621733056559,6.853064587212449,6.853064587212449,0.3225571458441099,0.3225571458441099
2497,499400,rayleigh,64,6.388042559621031,8.287689631502479,1.4794632458270425,6.809684568838853,,7.054858593398937,200,7.139568292115358,7.139568292115358,6.8356855480772944,6.8356855480772944,0.3038827440380638,0.3038827440380638
2498,499600,rayleigh,64,5.1817416851395315,7.029132597202327,1.0095608356910866,6.029621919541555,,7.054858593398937,200,7.0908586770562865,7.0908586770562865,6.831359205811815,6.831359205811815,0.2594994712444718,0.2594994712444718
2499,499800,rayleigh,64,7.215686968863784,9.771237899896565,1.9333195612985132,7.8426661783747535,,7.054858593398937,200,7.098578373269193,7.098578373269193,6.8428621200978395,6.8428621200978395,0.2557162531713537,0.2557162531713537
2500,500000,rayleigh,64,6.1493013020456955,7.293049569195404,0.7464774531568705,6.551231964846524,6.558807544704339,6.558807544704339,200,7.110822538861159,7.110822538861159,6.888494398217611,6.888494398217611,0.22232814064354844,0.22232814064354844
2501,500200,rayleigh,64,4.116462085997488,8.479574324263659,3.8428154640034613,4.699908113288824,,6.558807544704339,200,6.949736010983365,6.949736010983365,6.869849888682853,6.869849888682853,0.07988612230051206,0.07988612230051206
2502,500400,rayleigh,64,6.136376299211795,7.504302736945196,0.629147378102927,6.87515535884227,,6.558807544704339,200,6.973289131611319,6.973289131611319,6.8730903960855185,6.8730903960855185,0.10019873552580005,0.10019873552580005
2503,500600,rayleigh,64,6.213626913268526,8.099305888068704,0.8365409334973452,7.26313627522171,,6.558807544704339,200,6.9682555158467085,6.9682555158467085,6.88484803325364,6.88484803325364,0.08340748259306885,0.08340748259306885
2504,500800,rayleigh,64,6.643086745000917,7.707044364437861,0.5945465310554711,7.112497833382395,,6.558807544704339,200,6.926262708753117,6.926262708753117,6.892768973012548,6.892768973012548,0.03349373574056891,0.03349373574056891
2505,501000,rayleigh,64,6.398918778492274,8.581672908242538,0.9075302070489447,7.674142701193593,,6.558807544704339,200,6.988087198338991,6.988087198338991,6.904057066114778,6.904057066114778,0.0840301322242123,0.0840301322242123
2506,501200,rayleigh,64,5.913974246368476,7.983860113642015,0.6103271000413207,7.373533013600699,,6.558807544704339,200,6.985544257772918,6.985544257772918,6.909502537974132,6.909502537974132,0.07604171979878593,0.07604171979878593
2507,501400,rayleigh,64,8.167349861208244,9.100544932862842,0.563075558446586,8.544755460430359,,6.558807544704339,200,7.067798293482807,7.067798293482807,6.937040392748221,6.937040392748221,0.1307579007345856,0.1307579007345856
2508,501600,rayleigh,64,7.290678454655847,8.329027637134404,0.49746800475922315,7.844282903469492,,6.558807544704339,200,7.114196529643816,7.114196529643816,6.950764496790962,6.950764496790962,0.16343203285285401,0.16343203285285401
2509,501800,rayleigh,64,5.283167834923262,7.844487105265644,1.3856117835833581,6.461735565698701,,6.558807544704339,200,7.123852287217344,7.123852287217344,6.944034372032941,6.944034372032941,0.1798179151844037,0.1798179151844037
2510,502000,rayleigh,64,7.460164387444149,8.62260430762154,0.7925029305224737,7.830101377099072,,6.558807544704339,200,7.134820186955321,7.134820186955321,6.961690535461214,6.961690535461214,0.17312965149410697,0.17312965149410697
2511,502200,rayleigh,64,7.618262843982471,8.606761347218328,0.3086138920953227,8.298147455123015,,6.558807544704339,200,7.1623498125650205,7.1623498125650205,6.983505308505942,6.983505308505942,0.1788445040590787,0.1788445040590787
2512,502400,rayleigh,64,6.444810239371472,8.702778912291784,0.9518718212394216,7.750907091052358,,6.558807544704339,200,7.11105316630596,7.11105316630596,6.978982364901206,6.978982364901206,0.1320708014047538,0.1320708014047538
2513,502600,rayleigh,64,6.6601859174695255,8.371896668530677,0.7277971668719002,7.64409950165877,,6.558807544704339,200,7.180299394523746,7.180299394523746,6.976578946840747,6.976578946840747,0.2037204476829988,0.2037204476829988
2514,502800,rayleigh,64,6.182202320045336,7.898838475365298,1.0845290493936945,6.814309425971598,,6.558807544704339,200,7.1927105016389685,7.1927105016389685,6.9861499702597625,6.9861499702597625,0.20656053137920605,0.20656053137920605
2515,503000,rayleigh,64,5.891695747893595,7.410979880617749,0.5320815521034095,6.878898328514343,,6.558807544704339,200,7.153001313578876,7.153001313578876,6.987392846362725,6.987392846362725,0.16560846721615174,0.16560846721615174
2516,503200,rayleigh,64,2.273131653564668,7.8050520168524224,4.1322284912285205,3.7899208079093567,,6.558807544704339,200,7.004436792202912,7.004436792202912,6.951684210811095,6.951684210811095,0.052752581391817266,0.052752581391817266
2517,503400,rayleigh,64,5.473980551238644,7.644712877473741,1.663363148381823,5.9834491755272055,,6.558807544704339,200,6.963125022537331,6.963125022537331,6.943042004238777,6.943042004238777,0.0200830182985543,0.0200830182985543
2518,503600,rayleigh,64,3.8359607297052465,8.051707034269546,3.6982575657967462,4.397438945946152,,6.558807544704339,200,6.881515873857561,6.881515873857561,6.904872905840467,6.904872905840467,0.02335703198290595,0.02335703198290595
2519,503800,rayleigh,64,6.823374761464903,8.380109149051819,1.2646138921726806,7.117464167326323,,6.558807544704339,200,6.845255773305139,6.845255773305139,6.898139923188047,6.898139923188047,0.05288414988290846,0.05288414988290846
2520,504000,rayleigh,64,6.5541835373804975,7.997214475410028,1.14050226539538,6.856712210014646,,6.558807544704339,200,6.8605297855635445,6.8605297855635445,6.899293649375121,6.899293649375121,0.03876386381157637,0.03876386381157637
2521,504200,rayleigh,64,6.842726618505883,8.864875435702467,1.7138382567466208,7.151037178955847,,6.558807544704339,200,6.983086238846894,6.983086238846894,6.89432181661165,6.89432181661165,0.08876442223524439,0.08876442223524439
2522,504400,rayleigh,64,7.21033767737822,8.46792572083013,0.6836749825792781,7.787260535635267,,6.558807544704339,200,7.028691497686545,7.028691497686545,6.9062934427713945,6.9062934427713945,0.12239805491515021,0.12239805491515021
2523,504600,rayleigh,64,6.512740001679877,8.578977278697403,1.097572441268776,7.48140483742863,,6.558807544704339,200,7.039604925796891,7.039604925796891,6.903289406092468,6.903289406092468,0.13631551970442324,0.13631551970442324
2524,504800,rayleigh,64,5.653100932049483,8.195384118370104,1.2714758184144226,6.926293355496519,,6.558807544704339,200,7.030294701902596,7.030294701902596,6.913870719248283,6.913870719248283,0.11642398265431275,0.11642398265431275
2525,505000,rayleigh,64,3.939358897536557,8.073984724962054,3.950600395085467,4.246183490749316,,6.558807544704339,200,6.8588967413803825,6.8588967413803825,6.9105239570473005,6.9105239570473005,0.05162721566691797,0.05162721566691797
2526,505200,rayleigh,64,7.029425637659305,8.661160082864177,1.037861435787192,7.625589126968384,,6.558807544704339,200,6.871499547048766,6.871499547048766,6.927599509670601,6.927599509670601,0.056099962621834365,0.056099962621834365
2527,505400,rayleigh,64,7.759383843774037,9.000547074599863,0.8127227016219353,8.187824372977929,,6.558807544704339,200,6.853652992676146,6.853652992676146,6.932122502610013,6.932122502610013,0.07846950993386681,0.07846950993386681
2528,505600,rayleigh,64,6.131170643345431,8.23687052888803,1.7633887979035778,6.478079672589526,,6.558807544704339,200,6.785342831132148,6.785342831132148,6.928514023455116,6.928514023455116,0.14317119232296793,0.14317119232296793
2529,505800,rayleigh,64,6.455495368146342,8.408674536862502,1.5360534080396284,6.872621128822877,,6.558807544704339,200,6.805887109288356,6.805887109288356,6.92207452712322,6.92207452712322,0.11618741783486364,0.11618741783486364
2530,506000,rayleigh,64,7.433506817051718,8.091522006557275,0.2876661338250567,7.803855872732217,,6.558807544704339,200,6.8045748340700145,6.8045748340700145,6.933524588221918,6.933524588221918,0.12894975415190313,0.12894975415190313
2531,506200,rayleigh,64,5.732989678235578,8.567070220876275,2.554770025394996,6.032737974784416,,6.558807544704339,200,6.691304360053084,6.691304360053084,6.923373781856402,6.923373781856402,0.2320694218033177,0.2320694218033177
2532,506400,rayleigh,64,5.1524950915915415,7.331892859421649,0.8707651467019263,6.461127712719712,,6.558807544704339,200,6.626815391136451,6.626815391136451,6.908910857752633,6.908910857752633,0.2820954666161821,0.2820954666161821
2533,506600,rayleigh,64,7.703543991060371,8.229150241041758,0.10136901642987949,8.127781224611882,,6.558807544704339,200,6.650999477284107,6.650999477284107,6.924520050528458,6.924520050528458,0.2735205732443511,0.2735205732443511
2534,506800,rayleigh,64,5.716539905091972,8.062051491880755,1.965380486495414,6.108421667248987,,6.558807544704339,200,6.615705089347976,6.615705089347976,6.912538314808958,6.912538314808958,0.2968332254609818,0.2968332254609818
2535,507000,rayleigh,64,8.087155846503352,8.729766228243903,0.11378268404519275,8.615983544198711,,6.558807544704339,200,6.702559350132195,6.702559350132195,6.924206629284769,6.924206629284769,0.22164727915257387,0.22164727915257387
2536,507200,rayleigh,64,6.706936968913833,7.845790504148196,0.8050519887874275,7.042364247307151,,6.558807544704339,200,6.865181522102084,6.865181522102084,6.917112160273489,6.917112160273489,0.051930638171405086,0.051930638171405086
2537,507400,rayleigh,64,6.522818742548319,7.684189194368142,0.7655246858926398,6.9290223875523775,,6.558807544704339,200,6.912460182703344,6.912460182703344,6.925680605132004,6.925680605132004,0.013220422428659617,0.013220422428659617
2538,507600,rayleigh,64,7.545248354472426,8.541635473068677,0.6407705933697723,7.900864879698906,,6.558807544704339,200,7.08763147939098,7.08763147939098,6.921071244853419,6.921071244853419,0.1665602345375614,0.1665602345375614
2539,507800,rayleigh,64,5.768528519400558,7.501394329810846,0.6493687079625662,6.852025621848282,,6.558807544704339,200,7.074359552117078,7.074359552117078,6.9285295089233765,6.9285295089233765,0.1458300431937012,0.1458300431937012
2540,508000,rayleigh,64,6.998413410294872,8.623099284144537,0.7532049755543578,7.869894308590179,,6.558807544704339,200,7.125018657045855,7.125018657045855,6.940658123227645,6.940658123227645,0.18436053381820994,0.18436053381820994
2541,508200,rayleigh,64,6.776050184794093,8.886052014751751,1.7327675547018329,7.171066122431141,,6.558807544704339,200,7.12602010421962,7.12602010421962,6.9346999130847164,6.9346999130847164,0.19132019113490362,0.19132019113490362
2542,508400,rayleigh,64,8.338173346124236,9.580562469280716,0.8944597508646213,8.686318097054397,,6.558807544704339,200,7.170972982290577,7.170972982290577,6.970206108109627,6.970206108109627,0.20076687418094963,0.20076687418094963
2543,508600,rayleigh,64,6.193673452260368,8.522621647898971,1.7112687412559378,6.846015629402979,,6.558807544704339,200,7.139203521889295,7.139203521889295,7.026345998191192,7.026345998191192,0.11285752369810265,0.11285752369810265
2544,508800,rayleigh,64,5.691845714814202,7.638654100171676,1.1289547493447638,6.509699350826914,,6.558807544704339,200,7.118373821655814,7.118373821655814,7.016338373659018,7.016338373659018,0.10203544799679598,0.10203544799679598
2545,509000,rayleigh,64,5.894751221147476,7.2113343320534256,0.5243995592520445,6.6894909993096,,6.558807544704339,200,7.240539197083828,7.240539197083828,7.014403425168245,7.014403425168245,0.2261357719155832,0.2261357719155832
2546,509200,rayleigh,64,6.784073658987453,8.86624228413796,1.688603327257863,7.18008472218445,,6.558807544704339,200,7.218263976844634,7.218263976844634,7.000361689982234,7.000361689982234,0.2179022868624001,0.2179022868624001
2547,509400,rayleigh,64,5.068004797278212,7.672430856356301,1.138582932575069,6.53408128792781,,6.558807544704339,200,7.135576822592126,7.135576822592126,6.984618936610324,6.984618936610324,0.1509578859818026,0.1509578859818026
2548,509600,rayleigh,64,5.19231674196858,7.686697846352646,0.7936039890116744,6.89309385734098,,6.558807544704339,200,7.156327531829699,7.156327531829699,6.969536520771721,6.969536520771721,0.18679101105797802,0.18679101105797802
2549,509800,rayleigh,64,6.672444828215369,8.233309540081216,0.7939585718373245,7.439350968243889,,6.558807544704339,200,7.1846640238007495,7.1846640238007495,6.974335141836246,6.974335141836246,0.21032888196450372,0.21032888196450372
2550,510000,rayleigh,64,6.2930391024634424,8.642613142236673,1.1406710428652993,7.504405828298752,6.545915302937731,6.545915302937731,200,7.169691521579077,7.169691521579077,6.988373425824291,6.988373425824291,0.1813180957547864,0.1813180957547864
2551,510200,rayleigh,64,7.073792104588681,8.597179147170412,1.0937376615499081,7.503441485620493,,6.545915302937731,200,7.24322669712088,7.24322669712088,6.979823504751579,6.979823504751579,0.2634031923693012,0.2634031923693012
2552,510400,rayleigh,64,6.748573314145687,7.84227712726274,0.7045622831391141,7.137714844123631,,6.545915302937731,200,7.277056053691075,7.277056053691075,6.9763987807797,6.9763987807797,0.30065727291137456,0.30065727291137456
2553,510600,rayleigh,64,4.391291425836653,8.269090525116843,2.469853394694689,5.799837992127841,,6.545915302937731,200,7.160658892066873,7.160658892066873,6.9656829028644545,6.9656829028644545,0.1949759892024181,0.1949759892024181
2554,510800,rayleigh,64,7.3598192369388835,8.15237406732427,0.35496268105162193,7.797411386272648,,6.545915302937731,200,7.245108378018055,7.245108378018055,6.970804967190689,6.970804967190689,0.27430341082736653,0.27430341082736653
2555,511000,rayleigh,64,5.672752036914321,8.409639448722944,1.3448382650452833,7.065144128860891,,6.545915302937731,200,7.167566407251165,7.167566407251165,6.971206986129606,6.971206986129606,0.19635942112155913,0.19635942112155913
2556,511200,rayleigh,64,7.552006054680629,9.027355718606307,0.9984752004452612,8.028880518161053,,6.545915302937731,200,7.216892220793859,7.216892220793859,6.982293003014222,6.982293003014222,0.23459921777963721,0.23459921777963721
2557,511400,rayleigh,64,5.88715996425314,8.593031879872333,2.103830594057379,6.492127799366565,,6.545915302937731,200,7.195047491384569,7.195047491384569,6.970050892677062,6.970050892677062,0.22499659870750754,0.22499659870750754
2558,511600,rayleigh,64,4.275049053370124,8.082338951249326,2.1508374054135366,5.94561297986354,,6.545915302937731,200,7.097284896392802,7.097284896392802,7.006562808118214,7.006562808118214,0.09072208827458805,0.09072208827458805
2559,511800,rayleigh,64,6.314092431072319,8.113836070602597,0.7019713957670934,7.411864674835509,,6.545915302937731,200,7.125276849042163,7.125276849042163,7.015999287389503,7.015999287389503,0.10927756165266,0.10927756165266
2560,512000,rayleigh,64,6.450120307513397,8.032521225935959,1.000436423688369,7.032084802247597,,6.545915302937731,200,7.083386373725034,7.083386373725034,7.011866996549469,7.011866996549469,0.07151937717556489,0.07151937717556489
2561,512200,rayleigh,64,5.984088919926717,7.619791181940398,0.21076578166428273,7.4090254002761196,,6.545915302937731,200,7.095284337617284,7.095284337617284,7.017117453245996,7.017117453245996,0.07816688437128771,0.07816688437128771
2562,512400,rayleigh,64,5.874325424297714,8.149541327530256,1.246522519242764,6.903018808287484,,6.545915302937731,200,7.006119373178938,7.006119373178938,7.007531893906695,7.007531893906695,0.0014125207277562168,0.0014125207277562168
2563,512600,rayleigh,64,5.665961749639398,8.166992426823878,1.192361226281591,6.974631200542285,,6.545915302937731,200,7.012550151735903,7.012550151735903,7.015655227137156,7.015655227137156,0.0031050754012529325,0.0031050754012529325
2564,512800,rayleigh,64,6.127674321098745,7.8531940244465925,1.1804122706833866,6.672781753763204,,6.545915302937731,200,7.020704271882718,7.020704271882718,7.0109118322198425,7.0109118322198425,0.009792439662875907,0.009792439662875907
2565,513000,rayleigh,64,3.961908042599924,7.765115198373335,2.4321483581447874,5.365627746882825,,6.545915302937731,200,6.95451110926138,6.95451110926138,6.991052816474673,6.991052816474673,0.03654170721329297,0.03654170721329297
2566,513200,rayleigh,64,5.885000115217469,7.365788313175248,0.9976195149306645,6.368168798244584,,6.545915302937731,200,6.913915313064386,6.913915313064386,6.982413049001476,6.982413049001476,0.06849773593708974,0.06849773593708974
2567,513400,rayleigh,64,6.294486088434741,7.823149997776045,0.9427775501751936,6.8803724476008545,,6.545915302937731,200,6.931229871048037,6.931229871048037,6.980132824362036,6.980132824362036,0.04890295331399841,0.04890295331399841
2568,513600,rayleigh,64,7.555228464298018,8.917916502093469,0.946758609054374,7.973698809629286,,6.545915302937731,200,6.9852601186624526,6.9852601186624526,6.978454551169762,6.978454551169762,0.006805567492690123,0.006805567492690123
2569,513800,rayleigh,64,6.61830561651358,9.194672474465763,1.361113176472378,7.833559297993382,,6.545915302937731,200,7.004970535149927,7.004970535149927,6.990629149930615,6.990629149930615,0.014341385219312386,0.014341385219312386
2570,514000,rayleigh,64,6.97388116105224,7.95168291556369,0.4686167790767162,7.483066136486974,,6.545915302937731,200,7.003903550559338,7.003903550559338,7.00374477553364,7.00374477553364,0.00015877502569772162,0.00015877502569772162
2571,514200,rayleigh,64,6.9094112875735085,8.306449539570607,0.9207807598407998,7.3856687797298175,,6.545915302937731,200,6.998014915264804,6.998014915264804,7.010674453151425,7.010674453151425,0.012659537886620775,0.012659537886620775
2572,514400,rayleigh,64,6.424019963994753,7.907478359226167,1.0157937976125995,6.891684561613565,,6.545915302937731,200,6.985713401139303,6.985713401139303,7.050911130671352,7.050911130671352,0.06519772953204939,0.06519772953204939
2573,514600,rayleigh,64,8.310345712917261,9.243026010133434,0.5136768708801193,8.729349139253321,,6.545915302937731,200,7.132188958495574,7.132188958495574,7.071144736475275,7.071144736475275,0.06104422202029891,0.06104422202029891
2574,514800,rayleigh,64,6.0050113240755,7.985495785760097,1.0308840267975543,6.954611758962541,,6.545915302937731,200,7.090048977130069,7.090048977130069,7.060277007666541,7.060277007666541,0.029771969463527448,0.029771969463527448
2575,515000,rayleigh,64,8.28262885750859,8.828492343645644,0.1255807115943851,8.70291163205126,,6.545915302937731,200,7.1719373522895875,7.1719373522895875,7.0720913133456484,7.0720913133456484,0.09984603894393906,0.09984603894393906
2576,515200,rayleigh,64,4.73211422265889,7.873447777364298,2.169233834895021,5.733090997304021,,6.545915302937731,200,7.057147876246736,7.057147876246736,7.063856028880431,7.063856028880431,0.006708152633694731,0.006708152633694731
2577,515400,rayleigh,64,7.623503784618127,8.897436588987595,0.7759737410133326,8.121462847974263,,6.545915302937731,200,7.138614628677122,7.138614628677122,7.069763123483544,7.069763123483544,0.06885150519357808,0.06885150519357808
2578,515600,rayleigh,64,6.727584494238271,7.9019376697040125,0.623083411707938,7.278854257996079,,6.545915302937731,200,7.205276692583749,7.205276692583749,7.0725135238562755,7.0725135238562755,0.1327631687274735,0.1327631687274735
2579,515800,rayleigh,64,5.85275972083587,8.648998380261254,1.5533453390234044,7.09565304123785,,6.545915302937731,200,7.189466110903865,7.189466110903865,7.0665873317274865,7.0665873317274865,0.12287877917637857,0.12287877917637857
2580,516000,rayleigh,64,5.371601565369373,7.950204506761936,1.3670743805562657,6.588589521842284,,6.545915302937731,200,7.1672913468836,7.1672913468836,7.069409740415839,7.069409740415839,0.09788160646776056,0.09788160646776056
2581,516200,rayleigh,64,5.664268673149709,7.667934609822544,0.7903961274341966,6.87753848238835,,6.545915302937731,200,7.140717000989213,7.140717000989213,7.058968738531274,7.058968738531274,0.08174826245793909,0.08174826245793909
2582,516400,rayleigh,64,5.344727150763507,7.353933098548935,0.46585830556776747,6.888074792981168,,6.545915302937731,200,7.139969800223897,7.139969800223897,7.063808556998254,7.063808556998254,0.0761612432256431,0.0761612432256431
2583,516600,rayleigh,64,6.018089971521089,7.518212616440959,1.0274006427913245,6.495763858661506,,6.545915302937731,200,7.116026433129858,7.116026433129858,7.055128109679729,7.055128109679729,0.0608983234501288,0.0608983234501288
2584,516800,rayleigh,64,6.273341153004,8.08691378545788,0.41676570963456805,7.670148075823308,,6.545915302937731,200,7.165894749232862,7.165894749232862,7.05230605068542,7.05230605068542,0.11358869854744214,0.11358869854744214
2585,517000,rayleigh,64,4.035134480953585,8.019637046855662,3.0584857731421256,5.002937977505534,,6.545915302937731,200,7.147760260763998,7.147760260763998,7.037958901365715,7.037958901365715,0.10980135939828273,0.10980135939828273
2586,517200,rayleigh,64,6.246685655972174,9.013345045801644,1.7125292315106766,7.300815814290961,,6.545915302937731,200,7.194392611566316,7.194392611566316,7.036723141259404,7.036723141259404,0.1576694703069128,0.1576694703069128
2587,517400,rayleigh,64,6.118732589507776,8.778416947264938,1.4862525600797856,7.29545003948038,,6.545915302937731,200,7.215146491160293,7.215146491160293,7.0406808941918815,7.0406808941918815,0.17446559696841124,0.17446559696841124
2588,517600,rayleigh,64,6.6297964754684,9.461168545274088,2.361521246601498,7.105955300088002,,6.545915302937731,200,7.1717593156832296,7.1717593156832296,7.0425772653902685,7.0425772653902685,0.12918205029296104,0.12918205029296104
2589,517800,rayleigh,64,8.368252232762828,9.123515532989027,0.35402043728008975,8.769495095708939,,6.545915302937731,200,7.2185561055690055,7.2185561055690055,7.067586012205076,7.067586012205076,0.15097009336392908,0.15097009336392908
2590,518000,rayleigh,64,6.3910745081745235,7.773853575002142,0.8675476628290544,6.906305912173091,,6.545915302937731,200,7.189718094353313,7.189718094353313,7.0605416375034125,7.0605416375034125,0.1291764568499003,0.1291764568499003
2591,518200,rayleigh,64,6.593458884442806,7.815455678085373,0.5269224482446981,7.2885332298406755,,6.545915302937731,200,7.184861316858854,7.184861316858854,7.05595142037253,7.05595142037253,0.12890989648632445,0.12890989648632445
2592,518400,rayleigh,64,6.011773693039141,8.366838818146967,1.809832634213419,6.5758552976431135,,6.545915302937731,200,7.169069853660332,7.169069853660332,7.033941573186626,7.033941573186626,0.1351282804737064,0.1351282804737064
2593,518600,rayleigh,64,7.699602902999038,8.714927570952643,0.5097814570496129,8.205146113903034,,6.545915302937731,200,7.142859702392816,7.142859702392816,7.053401284952625,7.053401284952625,0.08945841744019134,0.08945841744019134
2594,518800,rayleigh,64,6.75379579635394,8.117633630315877,0.8242778962378676,7.293355734078013,,6.545915302937731,200,7.159796901148591,7.159796901148591,7.060673969456733,7.060673969456733,0.09912293169185826,0.09912293169185826
2595,519000,rayleigh,64,7.754055614829466,9.39613258958545,1.072540846038611,8.323591743546844,,6.545915302937731,200,7.14083090672337,7.14083090672337,7.067179065995038,7.067179065995038,0.0736518407283322,0.0736518407283322
2596,519200,rayleigh,64,5.749910627250449,7.763980329664972,0.9686535447252658,6.795326784939711,,6.545915302937731,200,7.193942696105156,7.193942696105156,7.067520221490149,7.067520221490149,0.12642247461500666,0.12642247461500666
2597,519400,rayleigh,64,7.378867751072127,9.328764620956868,0.621164290204864,8.707600330752,,6.545915302937731,200,7.223249570244041,7.223249570244041,7.086499379109281,7.086499379109281,0.1367501911347606,0.1367501911347606
2598,519600,rayleigh,64,5.372663077991177,7.644048223573254,1.2172388817769975,6.427267002570298,,6.545915302937731,200,7.180670207472753,7.180670207472753,7.090475829939569,7.090475829939569,0.09019437753318371,0.09019437753318371
2599,519800,rayleigh,64,6.806595528505795,8.435525602533916,1.174198795367035,7.261326807166878,,6.545915302937731,200,7.188953895769204,7.188953895769204,7.084662436227489,7.084662436227489,0.1042914595417157,0.1042914595417157
2600,520000,rayleigh,64,6.268154825435119,8.726502308541134,1.7440460762142136,6.993845149464262,7.391818560039836,7.391818560039836,200,7.2092166771503035,7.2092166771503035,7.089088568073667,7.089088568073667,0.12012810907663685,0.12012810907663685
2601,520200,rayleigh,64,7.224065484206798,7.738472505791906,0.15517664285440294,7.583295862937501,,7.391818560039836,200,7.24450454617776,7.24450454617776,7.117922445570152,7.117922445570152,0.12658210060760755,0.12658210060760755
2602,520400,rayleigh,64,7.85174032368438,9.06170127519062,0.7309941479343515,8.330707127256266,,7.391818560039836,200,7.316636162891515,7.316636162891515,7.132477963254292,7.132477963254292,0.18415819963722324,0.18415819963722324
2603,520600,rayleigh,64,6.250659996850336,8.534875805455895,1.2997368138016363,7.235138991654258,,7.391818560039836,200,7.353604919541152,7.353604919541152,7.132197990418619,7.132197990418619,0.22140692912253357,0.22140692912253357
2604,520800,rayleigh,64,6.850320410678426,8.210908515499067,0.8601828144685528,7.350725701030517,,7.391818560039836,200,7.337633800801514,7.337633800801514,7.134580269095101,7.134580269095101,0.20305353170641371,0.20305353170641371
2605,521000,rayleigh,64,7.547274181372869,9.610070705628313,1.3459613403435369,8.273667680236096,,7.391818560039836,200,7.5011702859380405,7.5011702859380405,7.140575518885527,7.140575518885527,0.3605947670525138,0.3605947670525138
2606,521200,rayleigh,64,4.907670982794375,8.247082197982307,1.97816904275137,6.268913155230937,,7.391818560039836,200,7.449575152985039,7.449575152985039,7.12952932030183,7.12952932030183,0.32004583268320896,0.32004583268320896
2607,521400,rayleigh,64,5.762011129681697,7.811795067669192,1.1678792945316592,6.644849915615091,,7.391818560039836,200,7.417045146791776,7.417045146791776,7.110530264853677,7.110530264853677,0.3065148819380994,0.3065148819380994
2608,521600,rayleigh,64,6.435147741529746,8.58970350862991,1.7032120638796209,6.886491444750287,,7.391818560039836,200,7.406071954024888,7.406071954024888,7.100952350266485,7.100952350266485,0.30511960375840363,0.30511960375840363
2609,521800,rayleigh,64,5.105415424637187,7.819338939620414,1.8909821403787925,5.936332573824824,,7.391818560039836,200,7.264413827930683,7.264413827930683,7.095698320347745,7.095698320347745,0.16871550758293807,0.16871550758293807
2610,522000,rayleigh,64,5.661760738676105,8.054242041995275,1.9234900993166737,6.146083302322576,,7.391818560039836,200,7.226402697438159,7.226402697438159,7.07885813959998,7.07885813959998,0.1475445578381791,0.1475445578381791
2611,522200,rayleigh,64,7.756219383780903,8.860053984337002,0.6484428274558822,8.211611156881125,,7.391818560039836,200,7.272556593790182,7.272556593790182,7.077992776617561,7.077992776617561,0.19456381717262072,0.19456381717262072
2612,522400,rayleigh,64,7.970172150904241,8.62314276467085,0.2323228379319353,8.390819926738912,,7.391818560039836,200,7.363304825244971,7.363304825244971,7.084391904974427,7.084391904974427,0.27891292027054426,0.27891292027054426
2613,522600,rayleigh,64,6.06653211103452,7.931025136994364,1.468496498361235,6.469367588890319,,7.391818560039836,200,7.276515898994336,7.276515898994336,7.072644585846742,7.072644585846742,0.20387131314759355,0.20387131314759355
2614,522800,rayleigh,64,3.8859942990541203,7.751353389899414,3.1992381104728573,4.598934366683765,,7.391818560039836,200,7.141794830624623,7.141794830624623,7.050490835253864,7.050490835253864,0.09130399537075906,0.09130399537075906
2615,523000,rayleigh,64,3.061184286759069,8.085895063144203,4.45451226262689,3.7703195942713488,,7.391818560039836,200,6.914131223160848,6.914131223160848,7.019405047911433,7.019405047911433,0.10527382475058467,0.10527382475058467
2616,523200,rayleigh,64,3.0715137304509312,7.508039169621646,2.965329998280772,4.605579422984591,,7.391818560039836,200,6.804643855063093,6.804643855063093,7.027561634062188,7.027561634062188,0.22291777899909526,0.22291777899909526
2617,523400,rayleigh,64,6.390127841138455,8.078317287131666,1.3005675384674256,6.777749748664247,,7.391818560039836,200,6.7081513259587044,6.7081513259587044,7.035504639793557,7.035504639793557,0.3273533138348528,0.3273533138348528
2618,523600,rayleigh,64,7.364703616250522,8.435444772069681,0.6283538874461201,7.807090884623557,,7.391818560039836,200,6.777142520061368,6.777142520061368,7.069601159180332,7.069601159180332,0.29245863911896386,0.29245863911896386
2619,523800,rayleigh,64,7.308926212203203,7.937415867896576,0.13036732873850276,7.807048539158073,,7.391818560039836,200,6.804428606660927,6.804428606660927,7.076497002898647,7.076497002898647,0.27206839623771994,0.27206839623771994
2620,524000,rayleigh,64,6.831967056555664,7.783854487224264,0.41619957096259586,7.367654916261677,,7.391818560039836,200,6.8231190950007985,6.8231190950007985,7.081606429961118,7.081606429961118,0.2584873349603196,0.2584873349603196
2621,524200,rayleigh,64,8.69519432124251,9.509247746479344,0.4346150368018557,9.074632709677486,,7.391818560039836,200,6.897685937337798,6.897685937337798,7.100842385268335,7.100842385268335,0.203156447930537,0.203156447930537
2622,524400,rayleigh,64,5.6004158083601325,7.998649032296623,1.0567523909564398,6.943878498758818,,7.391818560039836,200,6.828344505912925,6.828344505912925,7.0924085648995705,7.0924085648995705,0.2640640589866452,0.2640640589866452
2623,524600,rayleigh,64,5.5219173476227015,8.57911063071772,2.6437739588902605,5.946697556417057,,7.391818560039836,200,6.763922434151065,6.763922434151065,7.077061492089455,7.077061492089455,0.3131390579383897,0.3131390579383897
2624,524800,rayleigh,64,8.355283672474291,8.856380502608815,0.13074033401132276,8.725640168597497,,7.391818560039836,200,6.832668157529414,6.832668157529414,7.095054960220463,7.095054960220463,0.26238680269104897,0.26238680269104897
2625,525000,rayleigh,64,1.112261781947284,8.868588499292317,7.9943056587727535,1.5333391016335636,,7.391818560039836,200,6.495651728599287,6.495651728599287,7.067926516329307,7.067926516329307,0.57227478773002,0.57227478773002
2626,525200,rayleigh,64,6.258330528210654,7.781840975628465,1.1421459512511203,6.639695024377343,,7.391818560039836,200,6.514190822056607,6.514190822056607,7.058067575303396,7.058067575303396,0.5438767532467894,0.5438767532467894
2627,525400,rayleigh,64,6.008235283708145,7.831076785091961,1.4742057018808572,6.364054797530957,,7.391818560039836,200,6.500151066152401,6.500151066152401,7.039829879548927,7.039829879548927,0.5396788133965265,0.5396788133965265
2628,525600,rayleigh,64,7.0787546257975285,8.051851150861514,0.6331385674531307,7.418712583408385,,7.391818560039836,200,6.526762123085307,6.526762123085307,7.049236208657115,7.049236208657115,0.5224740855718082,0.5224740855718082
2629,525800,rayleigh,64,5.3334415704659754,8.21192108018871,2.4995097095149785,5.725583769679185,,7.391818560039836,200,6.516224682878024,6.516224682878024,7.037765835065678,7.037765835065678,0.5215411521876545,0.5215411521876545
2630,526000,rayleigh,64,8.510975907923267,9.144813198455077,0.3120372467182218,8.832775951736856,,7.391818560039836,200,6.650559315348739,6.650559315348739,7.048055035855724,7.048055035855724,0.3974957205069858,0.3974957205069858
2631,526200,rayleigh,64,7.49292765894182,8.720276010098976,0.9216050463387883,7.823218625976782,,7.391818560039836,200,6.63113968880352,6.63113968880352,7.065959842367647,7.065959842367647,0.43482015356412695,0.43482015356412695
2632,526400,rayleigh,64,7.07085707750395,8.1673972569285,0.33915422346493496,7.8282430334635675,,7.391818560039836,200,6.603010844139755,6.603010844139755,7.079630995575086,7.079630995575086,0.47662015143533143,0.47662015143533143
2633,526600,rayleigh,64,5.749640195826503,7.589543370772616,0.7203894072087675,6.869153963563848,,7.391818560039836,200,6.623000162873431,6.623000162873431,7.0670447229646065,7.0670447229646065,0.4440445600911751,0.4440445600911751
2634,526800,rayleigh,64,6.286071340759048,7.67022388023837,0.9967987604891712,6.683695360229829,,7.391818560039836,200,6.727238212550733,6.727238212550733,7.0727974598944146,7.0727974598944146,0.34555924734368126,0.34555924734368126
2635,527000,rayleigh,64,6.766072891443884,8.702453202580237,0.6253637567794093,8.089036913996267,,7.391818560039836,200,6.9431740785369795,6.9431740785369795,7.067527993592392,7.067527993592392,0.12435391505541205,0.12435391505541205
2636,527200,rayleigh,64,6.926033559584666,8.283953746722098,1.0316473111441629,7.2523064355779345,,7.391818560039836,200,7.075510429166647,7.075510429166647,7.069627415475098,7.069627415475098,0.0058830136915482,0.0058830136915482
2637,527400,rayleigh,64,7.410048234428659,7.947389093643728,0.19770117344848892,7.749687920195248,,7.391818560039836,200,7.124107337743196,7.124107337743196,7.0778340708015275,7.0778340708015275,0.04627326694166811,0.04627326694166811
2638,527600,rayleigh,64,7.9990687838784345,8.782410429681175,0.44058513873664823,8.341825290944529,,7.391818560039836,200,7.1508440580592465,7.1508440580592465,7.082243674913983,7.082243674913983,0.06860038314526307,0.06860038314526307
2639,527800,rayleigh,64,5.786158327146584,7.871756453008064,1.1145053464086156,6.767563128455456,,7.391818560039836,200,7.098869787524116,7.098869787524116,7.081399049980055,7.081399049980055,0.01747073754406081,0.01747073754406081
2640,528000,rayleigh,64,5.535557453871713,7.751574440915103,1.4991067514467316,6.267594527090883,,7.391818560039836,200,7.043866768065574,7.043866768065574,7.065376052165061,7.065376052165061,0.021509284099487047,0.021509284099487047
2641,528200,rayleigh,64,6.470704352971069,7.944699305566426,1.169422156575438,6.7920485768799574,,7.391818560039836,200,6.929737561425698,6.929737561425698,7.061585876709549,7.061585876709549,0.13184831528385121,0.13184831528385121
2642,528400,rayleigh,64,5.569664532390833,7.717970129078922,0.9074351647996337,6.828498091249046,,7.391818560039836,200,6.923968541050209,6.923968541050209,7.043007676651496,7.043007676651496,0.11903913560128654,0.11903913560128654
2643,528600,rayleigh,64,7.271817097691059,9.309190248536185,1.5554583740089145,7.757919984577478,,7.391818560039836,200,7.014529662458232,7.014529662458232,7.052126720203241,7.052126720203241,0.03759705774500954,0.03759705774500954
2644,528800,rayleigh,64,7.456771792953333,8.917585931827494,1.0752009174709176,7.842385014356571,,7.391818560039836,200,6.970366904746186,6.970366904746186,7.0654535768385385,7.0654535768385385,0.09508667209235266,0.09508667209235266
2645,529000,rayleigh,64,6.152898580131066,8.106240402634155,1.3361287263289494,6.770111676305201,,7.391818560039836,200,7.232205533479766,7.232205533479766,7.066259783608493,7.066259783608493,0.16594574987127242,0.16594574987127242
2646,529200,rayleigh,64,7.098573083148151,7.78499438273606,0.3024989948336814,7.482495387902376,,7.391818560039836,200,7.274345551656019,7.274345551656019,7.069283890265673,7.069283890265673,0.20506166139034576,0.20506166139034576
2647,529400,rayleigh,64,6.629677606959842,8.971388078565692,1.2101047688642415,7.7612833097014455,,7.391818560039836,200,7.344206977264543,7.344206977264543,7.0815559104834085,7.0815559104834085,0.26265106678113437,0.26265106678113437
2648,529600,rayleigh,64,7.023157331089715,9.002591704954948,1.5500708048205478,7.454883692825677,,7.391818560039836,200,7.346015532735407,7.346015532735407,7.087173808838256,7.087173808838256,0.25884172389715143,0.25884172389715143
2649,529800,rayleigh,64,6.745173231072791,7.796622875570199,0.6377686501447427,7.172598471522862,,7.391818560039836,200,7.418366267827591,7.418366267827591,7.084506283871047,7.084506283871047,0.33385998395654415,0.33385998395654415
2650,530000,rayleigh,64,4.345237518588237,7.401171398705266,0.9479659342123673,6.4532054644929016,6.986177857536616,6.986177857536616,200,7.299387743465393,7.299387743465393,7.073994280232988,7.073994280232988,0.22539346323240483,0.22539346323240483
2651,530200,rayleigh,64,4.613262951724548,8.351264899562043,3.117901271207159,5.259329217863322,,6.986177857536616,200,7.171193273059719,7.171193273059719,7.051553157555417,7.051553157555417,0.11964011550430254,0.11964011550430254
2652,530400,rayleigh,64,5.7329646014584394,9.17370622364512,2.1681846600589143,7.006772056738373,,6.986177857536616,200,7.13011972422346,7.13011972422346,7.050243729681564,7.050243729681564,0.07987599454189631,0.07987599454189631
2653,530600,rayleigh,64,9.060465265343685,10.104429890258764,0.6699824253163148,9.439719251660993,,6.986177857536616,200,7.258647988628317,7.258647988628317,7.086642542276895,7.086642542276895,0.172005446351422,0.172005446351422
2654,530800,rayleigh,64,6.881073216445138,8.201208845255405,0.7947537587162006,7.4064550865392045,,6.986177857536616,200,7.294785974943787,7.294785974943787,7.082732979279559,7.082732979279559,0.2120529956642283,0.2120529956642283
2655,531000,rayleigh,64,8.453175520702313,8.926169099872268,0.15761470859678683,8.768554391275485,,6.986177857536616,200,7.328761848807747,7.328761848807747,7.099767081903706,7.099767081903706,0.22899476690404086,0.22899476690404086
2656,531200,rayleigh,64,4.778114234092711,7.928479027808774,1.8964953265508553,6.034853708396025,,6.986177857536616,200,7.267889212448651,7.267889212448651,7.079826813806056,7.079826813806056,0.18806239864259489,0.18806239864259489
2657,531400,rayleigh,64,7.690546322443488,8.101615657149315,0.1077793003017804,7.993836356847541,,6.986177857536616,200,7.280096634281266,7.280096634281266,7.094843899380866,7.094843899380866,0.18525273490040028,0.18525273490040028
2658,531600,rayleigh,64,6.920948539506225,8.437854160156178,1.04652423469378,7.391329925462401,,6.986177857536616,200,7.23257186600716,7.23257186600716,7.109301068836854,7.109301068836854,0.12327079717030642,0.12327079717030642
2659,531800,rayleigh,64,6.077981293071466,7.954365025184801,1.4161110241861925,6.538254000998607,,6.986177857536616,200,7.221106409634319,7.221106409634319,7.100564962098485,7.100564962098485,0.1205414475358344,0.1205414475358344
2660,532000,rayleigh,64,6.594384979590716,7.977948680143935,0.977958622430352,6.999990057713582,,6.986177857536616,200,7.257726186165452,7.257726186165452,7.100244014653145,7.100244014653145,0.15748217151230648,0.15748217151230648
2661,532200,rayleigh,64,6.6602374911113476,8.553480947333265,1.5923585461641063,6.978419068224667,,6.986177857536616,200,7.267044710732688,7.267044710732688,7.095937951332631,7.095937951332631,0.17110675940005748,0.17110675940005748
2662,532400,rayleigh,64,7.296257961137535,7.815789898070813,0.16689618491910124,7.648893713151715,,6.986177857536616,200,7.308064491827823,7.308064491827823,7.103396700381272,7.103396700381272,0.20466779144655067,0.20466779144655067
2663,532600,rayleigh,64,4.299546081223875,7.75027010207944,2.208240875326908,5.56308066455299,,6.986177857536616,200,7.1983225258265975,7.1983225258265975,7.08928119502138,7.08928119502138,0.10904133080521738,0.10904133080521738
2664,532800,rayleigh,64,6.892979057802449,7.953887111705113,0.7373508057109038,7.231917533489753,,6.986177857536616,200,7.167799151783257,7.167799151783257,7.094872552818645,7.094872552818645,0.07292659896461196,0.07292659896461196
2665,533000,rayleigh,64,8.02221107475546,8.916672731795348,0.05964984368434823,8.857022888110999,,6.986177857536616,200,7.272144712373546,7.272144712373546,7.129786504230928,7.129786504230928,0.14235820814261757,0.14235820814261757
2666,533200,rayleigh,64,6.345692407091847,8.266247771210013,0.9304138327276583,7.335875657293894,,6.986177857536616,200,7.264813725843122,7.264813725843122,7.1394635728214215,7.1394635728214215,0.12535015302170027,0.12535015302170027
2667,533400,rayleigh,64,1.914058644508396,7.599440573269426,5.296651081406536,2.6653184988398415,,6.986177857536616,200,7.01001548530004,7.01001548530004,7.097313033333811,7.097313033333811,0.08729754803377077,0.08729754803377077
2668,533600,rayleigh,64,6.877086973303805,8.711696612260837,0.6388249486832058,8.072871663577631,,6.986177857536616,200,7.040914883837639,7.040914883837639,7.098304761873295,7.098304761873295,0.05738987803565543,0.05738987803565543
2669,533800,rayleigh,64,6.150542425375482,8.035526442448075,1.5456964321710083,6.492720032139255,,6.986177857536616,200,7.00692096186846,7.00692096186846,7.084896369214752,7.084896369214752,0.07797540734629216,0.07797540734629216
2670,534000,rayleigh,64,7.002725694530082,8.359986284986306,1.0381509944472844,7.33978116695818,,6.986177857536616,200,7.051249746991722,7.051249746991722,7.083463519519466,7.083463519519466,0.0322137725277436,0.0322137725277436
2671,534200,rayleigh,64,7.240725650254644,8.836901560086675,1.2191678370551118,7.617733723031567,,6.986177857536616,200,7.169169972250134,7.169169972250134,7.085784168952483,7.085784168952483,0.08338580329765044,0.08338580329765044
2672,534400,rayleigh,64,5.774513503836155,8.638301922291804,1.2713407482116148,7.3669611740801875,,6.986177857536616,200,7.187179428117226,7.187179428117226,7.09053693507715,7.09053693507715,0.09664249304007555,0.09664249304007555
2673,534600,rayleigh,64,3.9031959098958082,8.576403445945338,4.222861976759203,4.399100376563129,,6.986177857536616,200,6.9351484843623314,6.9351484843623314,7.047234447450248,7.047234447450248,0.11208596308791652,0.11208596308791652
2674,534800,rayleigh,64,7.0977613042598,8.42108273763836,0.9939470111658903,7.42713572647247,,6.986177857536616,200,6.936182516358995,6.936182516358995,7.051959687125346,7.051959687125346,0.11577717076635086,0.11577717076635086
2675,535000,rayleigh,64,6.303996649767542,8.300602551844962,1.60296962263264,6.69763292921232,,6.986177857536616,200,6.832636443255838,6.832636443255838,7.031906900096957,7.031906900096957,0.199270456841119,0.199270456841119
2676,535200,rayleigh,64,6.485314061026635,7.959538655239896,1.1287532116804986,6.83078544355939,,6.986177857536616,200,6.872433030014006,6.872433030014006,7.04288384455951,7.04288384455951,0.1704508145455037,0.1704508145455037
2677,535400,rayleigh,64,7.656797942073974,9.047454670056942,1.0523470243788282,7.996683045591478,,6.986177857536616,200,6.872575364451203,6.872575364451203,7.041636046535682,7.041636046535682,0.16906068208447955,0.16906068208447955
2678,535600,rayleigh,64,7.011297609605776,7.765477735784744,0.04044502848770893,7.725032707297037,,6.986177857536616,200,6.889260503542934,6.889260503542934,7.046097831028692,7.046097831028692,0.15683732748575796,0.15683732748575796
2679,535800,rayleigh,64,7.2818863177595325,8.737769288806248,1.0776432128618112,7.6609496154936965,,6.986177857536616,200,6.94539528426769,6.94539528426769,7.05175079677125,7.05175079677125,0.10635551250356023,0.10635551250356023
2680,536000,rayleigh,64,7.1152681492967425,7.904565700947115,0.38529519286152536,7.519270508085588,,6.986177857536616,200,6.97135930678629,6.97135930678629,7.061057606633682,7.061057606633682,0.08969829984739164,0.08969829984739164
2681,536200,rayleigh,64,8.544190067453556,10.03424639874879,0.5439842242382568,9.490262174510539,,6.986177857536616,200,7.0969514621005825,7.0969514621005825,7.087184843554906,7.087184843554906,0.009766618545676842,0.009766618545676842
2682,536400,rayleigh,64,7.198145124080668,7.934027899683251,0.23104899588566216,7.703536834177665,,6.986177857536616,200,7.0996836181518805,7.0996836181518805,7.09533946396687,7.09533946396687,0.004344154185010218,0.004344154185010218
2683,536600,rayleigh,64,6.432404606764718,7.833418083877697,0.9170357091590284,6.916382374718674,,6.986177857536616,200,7.167348703660164,7.167348703660164,7.099545649127441,7.099545649127441,0.06780305453272373,0.06780305453272373
2684,536800,rayleigh,64,6.8627587126993,7.750948373867119,0.4394607553338229,7.311487618533297,,6.986177857536616,200,7.171327207912341,7.171327207912341,7.095959044554542,7.095959044554542,0.07536816335779939,0.07536816335779939
2685,537000,rayleigh,64,9.156155762834064,9.584037619083757,0.05830379432486193,9.525733824758897,,6.986177857536616,200,7.2047627547447375,7.2047627547447375,7.141187003027074,7.141187003027074,0.06357575171766339,0.06357575171766339
2686,537200,rayleigh,64,7.597645466397056,8.912736222328594,0.9289387272050763,7.983797495123515,,6.986177857536616,200,7.237158846636218,7.237158846636218,7.1480168198354015,7.1480168198354015,0.08914202680081651,0.08914202680081651
2687,537400,rayleigh,64,8.122318547797397,8.844273805052193,0.3458951712946235,8.498378633757563,,6.986177857536616,200,7.528811853382105,7.528811853382105,7.160046105778173,7.160046105778173,0.36876574760393144,0.36876574760393144
2688,537600,rayleigh,64,4.463185856034581,7.306169211108634,1.1165481655906506,6.214587090003216,,6.986177857536616,200,7.435897624703384,7.435897624703384,7.151132423677324,7.151132423677324,0.28476520102605996,0.28476520102605996
2689,537800,rayleigh,64,7.973367697530532,8.785641110885216,0.4371589569218209,8.348482153963399,,6.986177857536616,200,7.5286857307945905,7.5286857307945905,7.146922294259869,7.146922294259869,0.38176343653472156,0.38176343653472156
2690,538000,rayleigh,64,5.221275059455361,7.7575513055005025,1.3884497679429022,6.387966979438819,,6.986177857536616,200,7.481095021418623,7.481095021418623,7.1417389049325255,7.1417389049325255,0.33935611648609765,0.33935611648609765
2691,538200,rayleigh,64,3.6941449730561775,7.834942449065661,3.176536854302911,4.714321818703608,,6.986177857536616,200,7.335924426202224,7.335924426202224,7.115996790821156,7.115996790821156,0.21992763538106797,0.21992763538106797
2692,538400,rayleigh,64,8.205660256477463,8.622327002379707,0.06262351630246869,8.559703486077243,,6.986177857536616,200,7.395561541802077,7.395561541802077,7.1358352727054974,7.1358352727054974,0.25972626909657937,0.25972626909657937
2693,538600,rayleigh,64,7.474965744635423,9.0469201131984,1.164509752367104,7.882410360831298,,6.986177857536616,200,7.5697270410154855,7.5697270410154855,7.1326079151747805,7.1326079151747805,0.437119125840705,0.437119125840705
2694,538800,rayleigh,64,6.552006810733769,9.013131858368713,1.1903246707697923,7.822807187598922,,6.986177857536616,200,7.589510614071808,7.589510614071808,7.13790242970999,7.13790242970999,0.4516081843618185,0.4516081843618185
2695,539000,rayleigh,64,7.139337819429366,8.61305422572689,0.6130811510638985,7.999973074662992,,6.986177857536616,200,7.654627621344342,7.654627621344342,7.134666243021149,7.134666243021149,0.5199613783231927,0.5199613783231927
2696,539200,rayleigh,64,7.618092622372661,8.459812416248548,0.394193125412362,8.065619290836185,,6.986177857536616,200,7.716369313708182,7.716369313708182,7.147369168080115,7.147369168080115,0.5690001456280678,0.5690001456280678
2697,539400,rayleigh,64,6.285976697990755,7.608711890968702,0.6620377669671874,6.946674124001507,,6.986177857536616,200,7.6638688676286835,7.6638688676286835,7.129759906012611,7.129759906012611,0.5341089616160728,0.5341089616160728
2698,539600,rayleigh,64,2.4138887699137017,9.314628899066673,6.300150369317983,3.265963132010034,,6.986177857536616,200,7.440915388864333,7.440915388864333,7.098146867307008,7.098146867307008,0.34276852155732485,0.34276852155732485
2699,539800,rayleigh,64,5.876338911522774,8.014418635730156,1.4563001657336485,6.56455892966127,,6.986177857536616,200,7.386095854572711,7.386095854572711,7.091179188531952,7.091179188531952,0.29491666604075917,0.29491666604075917
2700,540000,rayleigh,64,6.204677049561439,7.748652745882358,1.0234605334534737,6.725192212428881,7.145200746701302,7.145200746701302,200,7.346391939789877,7.346391939789877,7.088492659161599,7.088492659161599,0.25789928062827805,0.25789928062827805
2701,540200,rayleigh,64,8.95578651520393,9.61227369958607,0.31065845768626466,9.3016152418998,,7.145200746701302,200,7.33695959315934,7.33695959315934,7.1056758529512205,7.1056758529512205,0.23128374020811915,0.23128374020811915
2702,540400,rayleigh,64,6.082930195683042,8.802043731979916,1.637417621345793,7.175053357850831,,7.145200746701302,200,7.310535419342999,7.310535419342999,7.094119315257167,7.094119315257167,0.21641610408583212,0.21641610408583212
2703,540600,rayleigh,64,5.0040592864077755,7.62570623487974,1.105991560324471,6.54031664144428,,7.145200746701302,200,7.291732132679279,7.291732132679279,7.087171091755066,7.087171091755066,0.20456104092421246,0.20456104092421246
2704,540800,rayleigh,64,1.0177045837775758,7.657106630721417,6.426021528794395,1.8301627532160851,,7.145200746701302,200,7.017665889413418,7.017665889413418,7.031965462276922,7.031965462276922,0.014299572863504473,0.014299572863504473
2705,541000,rayleigh,64,7.445888968686996,8.493477364564903,0.6157889525412463,7.877688412023652,,7.145200746701302,200,6.935263618776655,6.935263618776655,7.028005669594798,7.028005669594798,0.09274205081814291,0.09274205081814291
2706,541200,rayleigh,64,6.496608903218762,7.498764492106747,0.5650240359024603,6.933740456204284,,7.145200746701302,200,6.882760766830694,6.882760766830694,7.034653942604532,7.034653942604532,0.15189317577383754,0.15189317577383754
2707,541400,rayleigh,64,8.027013475867733,8.79617414817391,0.37500596555103005,8.421168182622875,,7.145200746701302,200,6.878900244273959,6.878900244273959,7.052417125274609,7.052417125274609,0.17351688100064955,0.17351688100064955
2708,541600,rayleigh,64,6.064357561386726,7.923916923680707,0.922083303007361,7.001833620673346,,7.145200746701302,200,6.9182625708074665,6.9182625708074665,7.053570547033839,7.053570547033839,0.1353079762263727,0.1353079762263727
2709,541800,rayleigh,64,5.623921031457076,8.30820535260132,0.8643318030116213,7.480999166858741,,7.145200746701302,200,6.8748884214522334,6.8748884214522334,7.069017212964178,7.069017212964178,0.19412879151194495,0.19412879151194495
2710,542000,rayleigh,64,6.601711301035409,7.449090204587323,0.15779708666540088,7.291293117921926,,7.145200746701302,200,6.920054728376388,6.920054728376388,7.080469311120172,7.080469311120172,0.16041458274378417,0.16041458274378417
2711,542200,rayleigh,64,6.840476645456179,7.6684541580541445,0.39533118082305835,7.273122977231078,,7.145200746701302,200,7.047994786302762,7.047994786302762,7.0710844293236725,7.0710844293236725,0.023089643020910877,0.023089643020910877
2712,542400,rayleigh,64,5.982351091043712,9.00671413147669,1.6206882087476435,7.386025922729056,,7.145200746701302,200,6.989310908135353,6.989310908135353,7.061036489283573,7.061036489283573,0.07172558114822003,0.07172558114822003
2713,542600,rayleigh,64,7.247829024188892,8.093467376691853,0.3794830570271306,7.71398431966472,,7.145200746701302,200,6.980889606077024,6.980889606077024,7.073482656591317,7.073482656591317,0.09259305051429312,0.09259305051429312
2714,542800,rayleigh,64,6.1625078644743505,8.213778438707651,1.5310638064016584,6.687551855943436,,7.145200746701302,200,6.9241268394942495,6.9241268394942495,7.094368831483914,7.094368831483914,0.1702419919896645,0.1702419919896645
2715,543000,rayleigh,64,6.570747198073942,8.185372412924707,1.0160544713248563,7.169317941599854,,7.145200746701302,200,6.882594082841092,6.882594082841092,7.128358814957199,7.128358814957199,0.24576473211610672,0.24576473211610672
2716,543200,rayleigh,64,8.305103931130116,8.900257818640545,0.15396763628320573,8.746290182357345,,7.145200746701302,200,6.916627627417149,6.916627627417149,7.169765922550928,7.169765922550928,0.2531382951337786,0.2531382951337786
2717,543400,rayleigh,64,6.843623117792036,8.36776585336661,1.0745657675759541,7.2932000857906605,,7.145200746701302,200,6.933953925506609,6.933953925506609,7.174920425922192,7.174920425922192,0.24096650041558298,0.24096650041558298
2718,543600,rayleigh,64,4.521749585581578,7.756293992555943,1.81939475882011,5.96440420090532,,7.145200746701302,200,7.068875978951371,7.068875978951371,7.156493559085009,7.156493559085009,0.08761758013363785,0.08761758013363785
2719,543800,rayleigh,64,6.180330932910322,8.162252069287637,1.447155274358367,6.728592465611152,,7.145200746701302,200,7.077077655748864,7.077077655748864,7.145708998349541,7.145708998349541,0.0686313426006766,0.0686313426006766
2720,544000,rayleigh,64,5.225435815216515,8.657609043746076,1.9844689552367916,6.675834253248006,,7.145200746701302,200,7.074609757789821,7.074609757789821,7.138790791719404,7.138790791719404,0.06418103392958319,0.06418103392958319
2721,544200,rayleigh,64,6.597949294282922,7.987162237323643,0.6746978588727395,7.312464378450906,,7.145200746701302,200,6.975152214617377,6.975152214617377,7.121169108407139,7.121169108407139,0.14601689378976257,0.14601689378976257
2722,544400,rayleigh,64,7.143056459925351,8.21611621874827,0.5034307706703317,7.719510298120451,,7.145200746701302,200,7.0023750616308575,7.0023750616308575,7.128925426400754,7.128925426400754,0.1265503647698969,0.1265503647698969
2723,544600,rayleigh,64,6.007790174310973,7.794282564570484,0.5794638274961756,7.214818737074303,,7.145200746701302,200,7.036100166412359,7.036100166412359,7.141606638207326,7.141606638207326,0.10550647179496764,0.10550647179496764
2724,544800,rayleigh,64,7.126345602359436,8.880563164644697,1.291901785433993,7.5886613792106985,,7.145200746701302,200,7.32402509771209,7.32402509771209,7.13023685031346,7.13023685031346,0.1937882473986301,0.1937882473986301
2725,545000,rayleigh,64,6.696120470944594,8.915718145375587,0.9652429299406995,7.950475215434888,,7.145200746701302,200,7.327664437882651,7.327664437882651,7.194408211451472,7.194408211451472,0.13325622643117985,0.13325622643117985
2726,545200,rayleigh,64,7.233192697566242,8.730820903366492,0.612121885504704,8.118699017861788,,7.145200746701302,200,7.386912365965527,7.386912365965527,7.209198251386316,7.209198251386316,0.17771411457921094,0.17771411457921094
2727,545400,rayleigh,64,2.2055293588313507,7.964507686814751,5.438241005909144,2.7360852426348123,,7.145200746701302,200,7.102658218966124,7.102658218966124,7.172918555837355,7.172918555837355,0.07026033687123068,0.07026033687123068
2728,545600,rayleigh,64,7.564400060806879,8.75126942449368,0.5900539247397324,8.18103042132877,,7.145200746701302,200,7.1616180589988945,7.1616180589988945,7.180541734216558,7.180541734216558,0.01892367521766314,0.01892367521766314
2729,545800,rayleigh,64,5.382274685249191,8.350068372906899,2.43368617997794,5.934361893539893,,7.145200746701302,200,7.084286195332952,7.084286195332952,7.182629515455164,7.182629515455164,0.09834332012221214,0.09834332012221214
2730,546000,rayleigh,64,2.9586217226363654,7.5073610865649885,3.249210059372614,4.297557914355896,,7.145200746701302,200,6.934599435154652,6.934599435154652,7.137277335081356,7.137277335081356,0.20267789992670338,0.20267789992670338
2731,546200,rayleigh,64,7.413494396586179,8.624704453376175,0.25609892738273166,8.368605525993432,,7.145200746701302,200,6.98937356259277,6.98937356259277,7.142731204081522,7.142731204081522,0.15335764148875164,0.15335764148875164
2732,546400,rayleigh,64,7.521912104910201,8.950789126505795,0.5005370027538366,8.450252123751959,,7.145200746701302,200,7.042584872643914,7.042584872643914,7.148951294984406,7.148951294984406,0.10636642234049187,0.10636642234049187
2733,546600,rayleigh,64,6.402663030289096,8.039927944107,0.5959714556729161,7.443956488434083,,7.145200746701302,200,7.029083481082383,7.029083481082383,7.154699320233109,7.154699320233109,0.1256158391507265,0.1256158391507265
2734,546800,rayleigh,64,7.3799812841553845,8.584750146949077,0.3044339525053222,8.280316194443756,,7.145200746701302,200,7.108721698007398,7.108721698007398,7.170665528575248,7.170665528575248,0.061943830567850355,0.061943830567850355
2735,547000,rayleigh,64,6.12185476678424,8.136057015872922,0.4555058592238286,7.680551156649095,,7.145200746701302,200,7.134283358759861,7.134283358759861,7.166580671001777,7.166580671001777,0.032297312241916565,0.032297312241916565
2736,547200,rayleigh,64,4.761728679712024,7.182009662856507,0.7292423312107585,6.457080943109718,,7.145200746701302,200,7.01982289679748,7.01982289679748,7.158628416077095,7.158628416077095,0.1388055192796145,0.1388055192796145
2737,547400,rayleigh,64,8.07525444206778,8.932443000656908,0.29037979163713773,8.642063209019774,,7.145200746701302,200,7.0872660529589355,7.0872660529589355,7.167552168965341,7.167552168965341,0.08028611600640545,0.08028611600640545
2738,547600,rayleigh,64,6.834284612771781,8.229366249720936,0.6342024098904809,7.5951638398304535,,7.145200746701302,200,7.168804034905191,7.168804034905191,7.160085554454198,7.160085554454198,0.00871848045099366,0.00871848045099366
2739,547800,rayleigh,64,7.269690794707528,9.601532706920423,1.6449449622803318,7.956587744640085,,7.145200746701302,200,7.230203798856638,7.230203798856638,7.171975800616044,7.171975800616044,0.05822799824059377,0.05822799824059377
2740,548000,rayleigh,64,5.539368790479475,7.845178938467358,0.775215316228583,7.074075671327349,,7.145200746701302,200,7.250115869760604,7.250115869760604,7.180040612058408,7.180040612058408,0.07007525770219569,0.07007525770219569
2741,548200,rayleigh,64,6.088288046349499,8.398997758029088,0.9511492885451386,7.4478484694839535,,7.145200746701302,200,7.256885074312256,7.256885074312256,7.186598610984448,7.186598610984448,0.07028646332780841,0.07028646332780841
2742,548400,rayleigh,64,6.015187824725457,8.253541226893091,0.6843576447922294,7.569183582100865,,7.145200746701302,200,7.2493687385112775,7.2493687385112775,7.194005465892966,7.194005465892966,0.055363272618311754,0.055363272618311754
2743,548600,rayleigh,64,4.11865699662222,7.500504824540181,2.813318807616365,4.721368716290692,,7.145200746701302,200,7.124696237472098,7.124696237472098,7.163639953210099,7.163639953210099,0.03894371573800104,0.03894371573800104
2744,548800,rayleigh,64,3.828262809576496,8.124483211991578,2.9800507702657897,5.187833142354304,,7.145200746701302,200,7.004654825629278,7.004654825629278,7.137094434490077,7.137094434490077,0.13243960886079886,0.13243960886079886
2745,549000,rayleigh,64,8.105460626094864,9.423249119071784,0.7391426382565132,8.68410648081527,,7.145200746701302,200,7.041336388898297,7.041336388898297,7.156234382535177,7.156234382535177,0.11489799363688036,0.11489799363688036
2746,549200,rayleigh,64,6.038346549757448,8.771953154778926,2.102640827283665,6.6929264630582335,,7.145200746701302,200,6.970047761158119,6.970047761158119,7.148338693286735,7.148338693286735,0.17829093212861657,0.17829093212861657
2747,549400,rayleigh,64,5.533366377541807,8.194231537923587,0.5341360920762703,7.660095445847316,,7.145200746701302,200,7.216248271318745,7.216248271318745,7.147326814648194,7.147326814648194,0.06892145667055072,0.06892145667055072
2748,549600,rayleigh,64,5.7648632333562695,8.193508187418418,0.8254343097667886,7.368073877651633,,7.145200746701302,200,7.175600444134888,7.175600444134888,7.146458716496455,7.146458716496455,0.029141727638433146,0.029141727638433146
2749,549800,rayleigh,64,7.814769464910091,8.811755991381549,0.4674320160585671,8.344323975322979,,7.145200746701302,200,7.29609854822404,7.29609854822404,7.158175971534456,7.158175971534456,0.13792257668958374,0.13792257668958374
2750,550000,rayleigh,64,6.863300635185685,7.848182951977982,0.48469914453323315,7.363483807444757,7.693379561810483,7.693379561810483,200,7.449394842878485,7.449394842878485,7.167278754963974,7.167278754963974,0.2821160879145115,0.2821160879145115
2751,550200,rayleigh,64,5.784116833575149,8.29704621013761,0.96105552866407,7.342710050761203,,7.693379561810483,200,7.398100069116874,7.398100069116874,7.188112563292951,7.188112563292951,0.20998750582392312,0.20998750582392312
2752,550400,rayleigh,64,6.2440599482629215,8.213270805170911,0.8748131653197507,7.338457639851158,,7.693379561810483,200,7.342510344921834,7.342510344921834,7.19142941912408,7.19142941912408,0.15108092579775434,0.15108092579775434
2753,550600,rayleigh,64,5.882605488236867,7.599152810137453,0.4900436533721211,7.111660506418878,,7.693379561810483,200,7.325895545821072,7.325895545821072,7.168148831671658,7.168148831671658,0.15774671414941377,0.15774671414941377
2754,550800,rayleigh,64,5.265920687969436,7.729431644848376,1.4296546887784445,6.317147476676908,,7.693379561810483,200,7.22773710993273,7.22773710993273,7.157255755573036,7.157255755573036,0.0704813543596936,0.0704813543596936
2755,551000,rayleigh,64,6.942457812287122,7.982653866567447,0.3299057892207698,7.652748077346683,,7.693379561810483,200,7.2263469559676095,7.2263469559676095,7.146097692433749,7.146097692433749,0.08024926353386075,0.08024926353386075
2756,551200,rayleigh,64,7.341418334996539,8.01259906086253,0.2116404024620028,7.803974713663509,,7.693379561810483,200,7.2936916444953,7.2936916444953,7.163788902486423,7.163788902486423,0.12990274200887697,0.12990274200887697
2757,551400,rayleigh,64,6.049705833993633,8.540524360924362,1.9696470262547956,6.573495805362285,,7.693379561810483,200,7.190263274312426,7.190263274312426,7.1495854969715715,7.1495854969715715,0.040677777340854426,0.040677777340854426
2758,551600,rayleigh,64,4.733516345225151,8.56898531780841,2.554788471401774,6.014725723660427,,7.693379561810483,200,7.111241368503924,7.111241368503924,7.135819454953551,7.135819454953551,0.024578086449627,0.024578086449627
2759,551800,rayleigh,64,6.386694656185748,8.030316031142593,1.2391398108852452,6.791176220257346,,7.693379561810483,200,7.052970792284787,7.052970792284787,7.138348677146139,7.138348677146139,0.08537788486135156,0.08537788486135156
2760,552000,rayleigh,64,6.643870272151471,7.985088515228957,0.9538070283964267,7.03128148683253,,7.693379561810483,200,7.050831083060048,7.050831083060048,7.138661591437328,7.138661591437328,0.08783050837728013,0.08783050837728013
2761,552200,rayleigh,64,6.487335153443868,8.255744014353956,1.3198672652223364,6.935876749131611,,7.693379561810483,200,7.025232497042429,7.025232497042429,7.138236168246396,7.138236168246396,0.11300367120396704,0.11300367120396704
2762,552400,rayleigh,64,6.33757052332111,8.550643312958426,0.8390711994421971,7.7115721135162305,,7.693379561810483,200,7.032351923613197,7.032351923613197,7.138862952250042,7.138862952250042,0.10651102863684514,0.10651102863684514
2763,552600,rayleigh,64,6.127351450572905,7.899239133882825,1.2098518889784058,6.69125999021688,,7.693379561810483,200,7.130846487309507,7.130846487309507,7.15014474550668,7.15014474550668,0.019298258197173013,0.019298258197173013
2764,552800,rayleigh,64,5.795882336654686,8.207125158834723,1.4826348377729996,6.746652699115186,,7.693379561810483,200,7.20878746514755,7.20878746514755,7.145292097162936,7.145292097162936,0.06349536798461397,0.06349536798461397
2765,553000,rayleigh,64,6.492796563334369,7.36393970539095,0.43386678639225545,6.930072918998694,,7.693379561810483,200,7.121085787056723,7.121085787056723,7.126022597471813,7.126022597471813,0.00493681041509042,0.00493681041509042
2766,553200,rayleigh,64,8.269044651836502,9.058176880430764,0.39820501594640456,8.659971864484353,,7.693379561810483,200,7.219438057128028,7.219438057128028,7.139263559543716,7.139263559543716,0.08017449758431194,0.08017449758431194
2767,553400,rayleigh,64,6.10776339867231,7.766320710832537,0.7889092268921942,6.982134315233107,,7.693379561810483,200,7.185540000597318,7.185540000597318,7.18243171770765,7.18243171770765,0.0031082828896682457,0.0031082828896682457
2768,553600,rayleigh,64,8.220880257296903,9.226873162153023,0.6115515423709159,8.615321619782105,,7.693379561810483,200,7.247902387703841,7.247902387703841,7.187856217269695,7.187856217269695,0.06004617043414662,0.06004617043414662
2769,553800,rayleigh,64,5.799669506209054,8.053037734883544,1.8418633580056958,6.230440404277917,,7.693379561810483,200,7.142208209151588,7.142208209151588,7.18523342099108,7.18523342099108,0.043025211839492705,0.043025211839492705
2770,554000,rayleigh,64,5.163419789444605,7.795013291133114,1.224696326690051,6.5706123326828765,,7.693379561810483,200,7.102564635413495,7.102564635413495,7.177541732648328,7.177541732648328,0.07497709723483315,0.07497709723483315
2771,554200,rayleigh,64,5.784906901891413,8.246787481350154,1.278751833659412,6.968035647690747,,7.693379561810483,200,7.083830915259972,7.083830915259972,7.171044751894921,7.171044751894921,0.08721383663494908,0.08721383663494908
2772,554400,rayleigh,64,7.584347137580889,8.79915445867837,0.04504637801207782,8.754108080666288,,7.693379561810483,200,7.1546134373007275,7.1546134373007275,7.1849162209607815,7.1849162209607815,0.03030278366005401,0.03030278366005401
2773,554600,rayleigh,64,4.21616091017632,8.628182699491944,3.093118535744727,5.613980957238074,,7.693379561810483,200,7.079729459841689,7.079729459841689,7.19706502676753,7.19706502676753,0.11733556692584113,0.11733556692584113
2774,554800,rayleigh,64,6.445039357301398,7.762056411898099,0.8700285489755258,6.892027862922571,,7.693379561810483,200,7.10847347915397,7.10847347915397,7.19171394813203,7.19171394813203,0.08324046897805992,0.08324046897805992
2775,555000,rayleigh,64,6.751996703072538,7.863842516529648,0.5832450872336886,7.2805974292959625,,7.693379561810483,200,7.089865946751435,7.089865946751435,7.197543593132867,7.197543593132867,0.10767764638143174,0.10767764638143174
2776,555200,rayleigh,64,6.425025420011557,7.2342818588434,0.24820864958286634,6.986073209260545,,7.693379561810483,200,7.048970871531287,7.048970871531287,7.199096470789879,7.199096470789879,0.15012559925859215,0.15012559925859215
2777,555400,rayleigh,64,6.777066401434006,8.040527580353652,0.7091797097510008,7.331347870602647,,7.693379561810483,200,7.086863474793306,7.086863474793306,7.19244311903999,7.19244311903999,0.10557964424668409,0.10557964424668409
2778,555600,rayleigh,64,7.376655256015916,8.015146878678305,0.14812104952529762,7.867025829153004,,7.693379561810483,200,7.179478480067933,7.179478480067933,7.19386305025855,7.19386305025855,0.01438457019061623,0.01438457019061623
2779,555800,rayleigh,64,4.468024294729969,8.900741257816968,2.970900336206873,5.933458063904009,,7.693379561810483,200,7.136592572250265,7.136592572250265,7.176588134742653,7.176588134742653,0.039995562492388004,0.039995562492388004
2780,556000,rayleigh,64,6.487906763780496,8.059818599421124,1.1535065356197782,6.906312063801343,,7.693379561810483,200,7.130344101098707,7.130344101098707,7.170458550299811,7.170458550299811,0.04011444920110385,0.04011444920110385
2781,556200,rayleigh,64,8.275643620778009,8.848403713778076,0.12003673923040546,8.728366974547672,,7.693379561810483,200,7.21996861236951,7.21996861236951,7.162839598300184,7.162839598300184,0.0571290140693268,0.0571290140693268
2782,556400,rayleigh,64,3.7305838276842835,7.874143034804037,2.3677108031886553,5.51480549935014,,7.693379561810483,200,7.110130281661204,7.110130281661204,7.140952284951909,7.140952284951909,0.03082200329070428,0.03082200329070428
2783,556600,rayleigh,64,4.9846186627576365,7.369786280565706,0.37568539351843705,6.995795834792043,,7.693379561810483,200,7.125357073889963,7.125357073889963,7.141746419552642,7.141746419552642,0.016389345662679133,0.016389345662679133
2784,556800,rayleigh,64,3.9165484812359064,7.537788983736701,2.7369901770094094,4.822182122268166,,7.693379561810483,200,7.029133545047612,7.029133545047612,7.11685336458999,7.11685336458999,0.08771981954237784,0.08771981954237784
2785,557000,rayleigh,64,6.970880538093126,8.811442213509293,1.3571286446207296,7.454313568888558,,7.693379561810483,200,7.0553455775421074,7.0553455775421074,7.096139162031286,7.096139162031286,0.04079358448917869,0.04079358448917869
2786,557200,rayleigh,64,5.406338496770929,7.683978677177682,1.2275066296542023,6.456472047523481,,7.693379561810483,200,6.945170586694063,6.945170586694063,7.080865907555285,7.080865907555285,0.13569532086122216,0.13569532086122216
2787,557400,rayleigh,64,7.414458771796472,8.224608839292435,0.3822628856019981,7.842345953690434,,7.693379561810483,200,6.988181168616928,6.988181168616928,7.074305580754615,7.074305580754615,0.08612441213768651,0.08612441213768651
2788,557600,rayleigh,64,5.784465084533245,8.68898219819767,1.5305738748407032,7.1841295197625765,,7.693379561810483,200,6.916621563615952,6.916621563615952,7.084001005052208,7.084001005052208,0.16737944143625594,0.16737944143625594
2789,557800,rayleigh,64,5.70988268171324,8.418649051374503,1.5530888474131137,6.8655602039613886,,7.693379561810483,200,6.948377553600126,6.948377553600126,7.0691717855521885,7.0691717855521885,0.12079423195206207,0.12079423195206207
2790,558000,rayleigh,64,8.262905974238823,8.895250570464144,0.09456623358964851,8.800684336874493,,7.693379561810483,200,7.059881153809708,7.059881153809708,7.093298959126546,7.093298959126546,0.033417805316838134,0.033417805316838134
2791,558200,rayleigh,64,7.204376428249723,9.172423415195711,1.5606148578152637,7.611808557380449,,7.693379561810483,200,7.092069799294191,7.092069799294191,7.122273826513313,7.122273826513313,0.03020402721912152,0.03020402721912152
2792,558400,rayleigh,64,6.6511236626668655,7.812683585554045,0.7365921720008234,7.076091413553224,,7.693379561810483,200,7.008168965938539,7.008168965938539,7.107437705788073,7.107437705788073,0.099268739849534,0.099268739849534
2793,558600,rayleigh,64,6.516333652618279,7.516749587386767,0.5092739521392575,7.007475635247511,,7.693379561810483,200,7.07784369983901,7.07784369983901,7.098688358532233,7.098688358532233,0.02084465869322294,0.02084465869322294
2794,558800,rayleigh,64,7.431074315639895,8.412897395321206,0.24623494834535417,8.166662446975849,,7.693379561810483,200,7.141575429041675,7.141575429041675,7.102126911126003,7.102126911126003,0.03944851791567139,0.03944851791567139
2795,559000,rayleigh,64,7.143125905305026,9.353311051162224,1.531197534079333,7.822113517082887,,7.693379561810483,200,7.168651233431023,7.168651233431023,7.100348315550202,7.100348315550202,0.06830291788082032,0.06830291788082032
2796,559200,rayleigh,64,6.624965651227568,8.25346065999906,1.2127930381793035,7.040667621819757,,7.693379561810483,200,7.171380954058982,7.171380954058982,7.09009879886004,7.09009879886004,0.08128215519894244,0.08128215519894244
2797,559400,rayleigh,64,5.918851351167743,7.404703862465091,0.2921668887586988,7.11253697370639,,7.693379561810483,200,7.160440409214168,7.160440409214168,7.091757427357088,7.091757427357088,0.06868298185708,0.06868298185708
2798,559600,rayleigh,64,7.419703688131892,8.53310546854471,0.6393955051042782,7.893709963440422,,7.693379561810483,200,7.161774615928539,7.161774615928539,7.138034895671393,7.138034895671393,0.023739720257145436,0.023739720257145436
2799,559800,rayleigh,64,5.718465093668638,7.9922896277231645,1.8418768996968007,6.159938672262201,,7.693379561810483,200,7.173098646346449,7.173098646346449,7.133988693097401,7.133988693097401,0.039109953249047535,0.039109953249047535
2800,560000,rayleigh,64,6.880889205465096,8.11631711954513,0.8203034940851117,7.296013625460015,6.367803989689266,6.367803989689266,200,7.192583724429381,7.192583724429381,7.139696907227711,7.139696907227711,0.05288681720166988,0.05288681720166988
2801,560200,rayleigh,64,6.659200923713302,7.9616583602535504,0.8020675774234269,7.160264421496415,,6.367803989689266,200,7.114178596776819,7.114178596776819,7.118283399023679,7.118283399023679,0.00410480224685994,0.00410480224685994
2802,560400,rayleigh,64,7.027956150510923,8.614893549589828,0.6604923019359924,7.956295014867034,,6.367803989689266,200,7.236253072552664,7.236253072552664,7.126095815593841,7.126095815593841,0.11015725695882317,0.11015725695882317
2803,560600,rayleigh,64,5.257405664870558,8.023289808987046,2.2980694263435386,5.746300108395663,,6.367803989689266,200,7.173778286232846,7.173778286232846,7.118155650263353,7.118155650263353,0.055622635969492684,0.055622635969492684
2804,560800,rayleigh,64,5.177593192236992,7.8614238458920545,2.219265971631212,5.673992261302918,,6.367803989689266,200,7.216368793184583,7.216368793184583,7.156593945344223,7.156593945344223,0.05977484784035969,0.05977484784035969
2805,561000,rayleigh,64,5.835223518472151,7.727837664857686,0.9653615442013396,6.762476120656351,,6.367803989689266,200,7.181776920772973,7.181776920772973,7.145441822430549,7.145441822430549,0.03633509834242332,0.03633509834242332
2806,561200,rayleigh,64,5.485801554655626,8.531960583215387,2.413539388698952,6.1322316402841395,,6.367803989689266,200,7.165564900411006,7.165564900411006,7.137426734271348,7.137426734271348,0.028138166139657805,0.028138166139657805
2807,561400,rayleigh,64,7.254925189831159,8.382503433878469,0.6216691199450757,7.76083431393339,,6.367803989689266,200,7.161489318423155,7.161489318423155,7.1308233955844536,7.1308233955844536,0.030665922838701398,0.030665922838701398
2808,561600,rayleigh,64,3.3568122939729754,7.404665014484342,2.8001862871254133,4.702108292927308,,6.367803989689266,200,7.037388257081391,7.037388257081391,7.107826142306992,7.107826142306992,0.07043788522560135,0.07043788522560135
2809,561800,rayleigh,64,7.01833895407946,8.104750716689033,0.5484518024964864,7.556298914192548,,6.367803989689266,200,7.071925192592948,7.071925192592948,7.10857913978033,7.10857913978033,0.03665394718738213,0.03665394718738213
2810,562000,rayleigh,64,7.793930588385272,9.219151937636964,0.9020992335425673,8.317052704094394,,6.367803989689266,200,7.047743610953944,7.047743610953944,7.1188367356420565,7.1188367356420565,0.07109312468811257,0.07109312468811257
2811,562200,rayleigh,64,7.280164306681325,8.581811695905868,0.7921986917258661,7.789613004180002,,6.367803989689266,200,7.056633833293921,7.056633833293921,7.1240016359115454,7.1240016359115454,0.06736780261762476,0.06736780261762476
2812,562400,rayleigh,64,7.868285011990565,9.519500871475806,1.1238810298292725,8.395619841646543,,6.367803989689266,200,7.122610254698587,7.122610254698587,7.13409757510072,7.13409757510072,0.011487320402132184,0.011487320402132184
2813,562600,rayleigh,64,6.3422950121132535,7.9479172221137615,0.9543421675083562,7.007422391553294,,6.367803989689266,200,7.122607592513876,7.122607592513876,7.127031955819606,7.127031955819606,0.004424363305730594,0.004424363305730594
2814,562800,rayleigh,64,7.00837647774636,8.402986595279897,0.8620902909693222,7.540896304310583,,6.367803989689266,200,7.091319285380612,7.091319285380612,7.135565400303277,7.135565400303277,0.04424611492266539,0.04424611492266539
2815,563000,rayleigh,64,5.13000299511337,7.461869432623289,0.15111194160892752,7.310757491014364,,6.367803989689266,200,7.065751484077187,7.065751484077187,7.136979795797422,7.136979795797422,0.07122831172023503,0.07122831172023503
2816,563200,rayleigh,64,8.253267686111348,9.270075375055095,0.5301497651327255,8.739925609922365,,6.367803989689266,200,7.150714383482317,7.150714383482317,7.136916150073072,7.136916150073072,0.013798233409245242,0.013798233409245242
2817,563400,rayleigh,64,5.8096622162525,7.496741626811668,0.5964880083057954,6.900253618505873,,6.367803989689266,200,7.14010021572229,7.14010021572229,7.1329866854002235,7.1329866854002235,0.00711353032206663,0.00711353032206663
2818,563600,rayleigh,64,5.259266312310145,7.55436136273341,0.8163279521228252,6.738033410610587,,6.367803989689266,200,7.0823163880808,7.0823163880808,7.140722977497277,7.140722977497277,0.05840658941647714,0.05840658941647714
2819,563800,rayleigh,64,7.346849168122717,8.160900678979703,0.32779248486477486,7.833108194114926,,6.367803989689266,200,7.165974864173437,7.165974864173437,7.151768134782316,7.151768134782316,0.014206729391121442,0.014206729391121442
2820,564000,rayleigh,64,7.375758850363663,8.641828664817698,0.7934334143392846,7.84839525047842,,6.367803989689266,200,7.1935939454243565,7.1935939454243565,7.1634937447546205,7.1634937447546205,0.030100200669735955,0.030100200669735955
2821,564200,rayleigh,64,6.099559457973569,7.724084716267523,0.4923954547541517,7.23168926151337,,6.367803989689266,200,7.197165187425203,7.197165187425203,7.162685993585245,7.162685993585245,0.034479193839958455,0.034479193839958455
2822,564400,rayleigh,64,6.2396914595886805,8.288180512840885,1.6485064306110144,6.63967408222987,,6.367803989689266,200,7.131334140793347,7.131334140793347,7.151887631426337,7.151887631426337,0.020553490632990723,0.020553490632990723
2823,564600,rayleigh,64,6.651858243544769,8.153864265019436,0.8643244281792581,7.289539836840171,,6.367803989689266,200,7.208496127215571,7.208496127215571,7.152634842423997,7.152634842423997,0.055861284791573595,0.055861284791573595
2824,564800,rayleigh,64,7.886017839524471,8.826314524938992,0.49181205067253186,8.334502474266449,,6.367803989689266,200,7.341521637863747,7.341521637863747,7.160093253374552,7.160093253374552,0.18142838448919463,0.18142838448919463
2825,565000,rayleigh,64,7.142330048236049,8.90544558573317,1.3671668262194563,7.547653682233927,,6.367803989689266,200,7.380780515942625,7.380780515942625,7.156065038042543,7.156065038042543,0.22471547790008195,0.22471547790008195
2826,565200,rayleigh,64,6.813439862137207,8.553522258781715,0.9036889905725585,7.64983326820916,,6.367803989689266,200,7.456660597338877,7.456660597338877,7.151376380546017,7.151376380546017,0.30528421679286044,0.30528421679286044
2827,565400,rayleigh,64,6.42797554885392,7.554289111997092,0.6430205717512184,6.911268540245868,,6.367803989689266,200,7.4141823086545005,7.4141823086545005,7.193128213522129,7.193128213522129,0.22105409513237184,0.22105409513237184
2828,565600,rayleigh,64,8.192758187333485,9.159429394931514,0.2625378124347687,8.896891582496744,,6.367803989689266,200,7.623921473132972,7.623921473132972,7.200286825133808,7.200286825133808,0.4236346479991644,0.4236346479991644
2829,565800,rayleigh,64,6.990914623461058,8.703263572985593,1.2727532808900592,7.431000543822105,,6.367803989689266,200,7.617656554614451,7.617656554614451,7.215253211636631,7.215253211636631,0.40240334297782,0.40240334297782
2830,566000,rayleigh,64,6.783639033470487,8.043639911845153,0.8672463239762741,7.17734093359049,,6.367803989689266,200,7.560670966089257,7.560670966089257,7.2440510418289765,7.2440510418289765,0.3166199242602801,0.3166199242602801
2831,566200,rayleigh,64,5.948172111836568,7.7884141387052095,1.4962063576623053,6.293474967199984,,6.367803989689266,200,7.485864064240255,7.485864064240255,7.223299736241042,7.223299736241042,0.2625643279992129,0.2625643279992129
2832,566400,rayleigh,64,7.542738317929114,8.694280641425015,0.7832367302840603,7.914624986008222,,6.367803989689266,200,7.4618143214583394,7.4618143214583394,7.217943464863604,7.217943464863604,0.24387085659473584,0.24387085659473584
2833,566600,rayleigh,64,3.9282457459984585,8.021199543049269,2.8375742524301057,5.237881300632567,,6.367803989689266,200,7.373337266912303,7.373337266912303,7.19588271298559,7.19588271298559,0.1774545539267134,0.1774545539267134
2834,566800,rayleigh,64,4.420315082949895,8.348346846824604,3.2001011149845895,5.178733966893017,,6.367803989689266,200,7.2552291500414245,7.2552291500414245,7.164866890710081,7.164866890710081,0.09036225933134379,0.09036225933134379
2835,567000,rayleigh,64,8.182638514978711,9.777825167041104,1.2491363483375049,8.528688818703595,,6.367803989689266,200,7.316125716425885,7.316125716425885,7.173348267330627,7.173348267330627,0.14277744909525847,0.14277744909525847
2836,567200,rayleigh,64,8.331014186946266,8.786848428075176,0.08870952850135848,8.69813889957382,,6.367803989689266,200,7.314036380908457,7.314036380908457,7.195758846895268,7.195758846895268,0.11827753401318919,0.11827753401318919
2837,567400,rayleigh,64,6.5251678194897575,8.443842318986867,1.335076408420009,7.108765910566855,,6.367803989689266,200,7.324461995511507,7.324461995511507,7.180425873910739,7.180425873910739,0.1440361216007684,0.1440361216007684
2838,567600,rayleigh,64,7.035676918699365,8.129957890483704,0.7698322656967863,7.36286743140212,,6.367803989689266,200,7.3557036965510845,7.3557036965510845,7.178102909826456,7.178102909826456,0.17760078672462853,0.17760078672462853
2839,567800,rayleigh,64,6.790218903484091,7.8225920707361825,0.723520626190815,7.111864003240433,,6.367803989689266,200,7.31964148700736,7.31964148700736,7.16965567241246,7.16965567241246,0.1499858145949,0.1499858145949
2840,568000,rayleigh,64,6.134056967964906,8.691250186692766,1.276791870780963,7.426026765942714,,6.367803989689266,200,7.298523062780575,7.298523062780575,7.173175183358613,7.173175183358613,0.12534787942196157,0.12534787942196157
2841,568200,rayleigh,64,6.416044519942411,8.249581109054244,0.8928023478856374,7.359725465307751,,6.367803989689266,200,7.304924872970292,7.304924872970292,7.172293953316852,7.172293953316852,0.13263091965344032,0.13263091965344032
2842,568400,rayleigh,64,6.837229069770712,8.357282592253524,1.20055822081774,7.160703993340292,,6.367803989689266,200,7.330976368525813,7.330976368525813,7.168209157429247,7.168209157429247,0.16276721109656656,0.16276721109656656
2843,568600,rayleigh,64,8.007900112483831,8.574117988124968,0.20929370588869975,8.364824282236265,,6.367803989689266,200,7.3847405907956185,7.3847405907956185,7.204643713088701,7.204643713088701,0.18009687770691762,0.18009687770691762
2844,568800,rayleigh,64,7.030202938961429,9.16770188142674,1.8614147705276949,7.32600509973322,,6.367803989689266,200,7.334315722068956,7.334315722068956,7.226025432662491,7.226025432662491,0.10829028940646523,0.10829028940646523
2845,569000,rayleigh,64,6.631362964412052,7.896183343015667,0.8029508266703944,7.093232516345274,,6.367803989689266,200,7.311594663774524,7.311594663774524,7.210116693017792,7.210116693017792,0.10147797075673193,0.10147797075673193
2846,569200,rayleigh,64,7.972108840192209,8.842458098994744,0.5501481727519217,8.292309926242819,,6.367803989689266,200,7.343718496676206,7.343718496676206,7.226110527649638,7.226110527649638,0.1176079690265679,0.1176079690265679
2847,569400,rayleigh,64,7.985997932365898,8.48847031424901,0.19748572902872852,8.290984585220281,,6.367803989689266,200,7.412704298924929,7.412704298924929,7.232419419043368,7.232419419043368,0.18028487988156083,0.18028487988156083
2848,569600,rayleigh,64,8.446614892929539,9.045006538399214,0.23648734404206195,8.808519194357144,,6.367803989689266,200,7.408285679517947,7.408285679517947,7.246823872210422,7.246823872210422,0.1614618073075249,0.1614618073075249
2849,569800,rayleigh,64,6.361558225950876,7.14134729606058,0.3110789595467504,6.830268336513831,,6.367803989689266,200,7.378249069152534,7.378249069152534,7.23168331582233,7.23168331582233,0.14656575333020339,0.14656575333020339
2850,570000,rayleigh,64,6.399914617612402,9.0708030460336,2.357183516228205,6.713619529805395,7.001561747741867,7.001561747741867,200,7.3550629989632785,7.3550629989632785,7.225184673045936,7.225184673045936,0.1298783259173426,0.1298783259173426
2851,570200,rayleigh,64,7.296521819607151,8.399656198536826,0.3592472368536394,8.054312866179568,,7.001561747741867,200,7.443104893912259,7.443104893912259,7.232300701200121,7.232300701200121,0.21080419271213824,0.21080419271213824
2852,570400,rayleigh,64,6.938747102565057,7.46178527689519,0.16599179618301405,7.295793480712183,,7.001561747741867,200,7.4121633186474565,7.4121633186474565,7.231874059608731,7.231874059608731,0.18028925903872572,0.18028925903872572
2853,570600,rayleigh,64,5.7848137879100765,7.419202177127371,0.28553066164888885,7.133671515478483,,7.001561747741867,200,7.506952829389752,7.506952829389752,7.232094169699326,7.232094169699326,0.2748586596904259,0.2748586596904259
2854,570800,rayleigh,64,4.228093461645886,7.118383614418784,1.6837793080370844,5.464569812800899,,7.001561747741867,200,7.521244621685147,7.521244621685147,7.223568393060565,7.223568393060565,0.29767622862458243,0.29767622862458243
2855,571000,rayleigh,64,6.799031646323915,8.023584530436466,0.8642134021729031,7.174841181336326,,7.001561747741867,200,7.453552239816783,7.453552239816783,7.218789324100462,7.218789324100462,0.23476291571632046,0.23476291571632046
2856,571200,rayleigh,64,6.333139423138918,7.8534611834778545,1.1983510138494486,6.6551101696284105,,7.001561747741867,200,7.351400803319512,7.351400803319512,7.20730067866011,7.20730067866011,0.1441001246594018,0.1441001246594018
2857,571400,rayleigh,64,6.799208353356915,8.342755238414552,0.5393299844053405,7.803425254009217,,7.001561747741867,200,7.386133770491632,7.386133770491632,7.219599973146581,7.219599973146581,0.16653379734505158,0.16653379734505158
2858,571600,rayleigh,64,6.589099601251632,8.549853656370562,1.2261666632784358,7.323686993092131,,7.001561747741867,200,7.384174748576133,7.384174748576133,7.232689585840896,7.232689585840896,0.15148516273523693,0.15148516273523693
2859,571800,rayleigh,64,5.335152229007618,7.7071866323415605,1.6087430804372198,6.107979192838672,,7.001561747741867,200,7.333980508056046,7.333980508056046,7.225857615566712,7.225857615566712,0.10812289248933382,0.10812289248933382
2860,572000,rayleigh,64,7.358862823468692,8.72990344951895,0.7777963058964447,7.952107143622512,,7.001561747741867,200,7.360284526940033,7.360284526940033,7.2350658721346095,7.2350658721346095,0.1252186548054235,0.1252186548054235
2861,572200,rayleigh,64,6.496742723860417,7.4520008344560305,0.6417399584980213,6.810260875958007,,7.001561747741867,200,7.332811297472546,7.332811297472546,7.233809713402874,7.233809713402874,0.09900158406967208,0.09900158406967208
2862,572400,rayleigh,64,5.410681321745854,8.450497147598155,2.702988164473567,5.766722673964863,,7.001561747741867,200,7.263112231503774,7.263112231503774,7.214361219007361,7.214361219007361,0.048751012496413004,0.048751012496413004
2863,572600,rayleigh,64,7.3246167333126815,8.630899422083512,0.9408386730478887,7.693299197213531,,7.001561747741867,200,7.229535977252636,7.229535977252636,7.224381611077327,7.224381611077327,0.0051543661753097325,0.0051543661753097325
2864,572800,rayleigh,64,6.619652730350442,8.384997748010298,1.439598429239182,6.9614976310655425,,7.001561747741867,200,7.211310603819254,7.211310603819254,7.226530060396829,7.226530060396829,0.015219456577574952,0.015219456577574952
2865,573000,rayleigh,64,7.507201342047469,8.575975926144965,0.6876887098158949,7.894383530860565,,7.001561747741867,200,7.251368154545018,7.251368154545018,7.236173166515448,7.236173166515448,0.015194988029570311,0.015194988029570311
2866,573200,rayleigh,64,7.7657425820029395,8.748751475530252,0.04738242661867334,8.70136904891157,,7.001561747741867,200,7.271821110678457,7.271821110678457,7.236587138359721,7.236587138359721,0.035233972318735596,0.035233972318735596
2867,573400,rayleigh,64,1.8685067120789207,7.9749571902566005,5.546125049782613,2.6940267380160994,,7.001561747741867,200,6.991973218318248,6.991973218318248,7.193706062587551,7.193706062587551,0.20173284426930316,0.20173284426930316
2868,573600,rayleigh,64,6.652914347649928,8.769576570449217,1.6584738826049639,7.121169324229691,,7.001561747741867,200,6.907605724811875,6.907605724811875,7.178764539632026,7.178764539632026,0.2711588148201516,0.2711588148201516
2869,573800,rayleigh,64,7.266255955802177,8.306856044114879,0.6036748037294246,7.712223182740275,,7.001561747741867,200,6.951703467123197,6.951703467123197,7.193582367416652,7.193582367416652,0.2418789002934547,0.2418789002934547
2870,574000,rayleigh,64,5.140057919088633,7.613600642130362,1.8133936750094954,5.804749427068467,,7.001561747741867,200,6.9062599619863505,6.9062599619863505,7.185923738360507,7.185923738360507,0.2796637763741563,0.2796637763741563
2871,574200,rayleigh,64,7.146668245810682,8.144664630871066,0.5421240355898008,7.6025405952812655,,7.001561747741867,200,6.8836713484414345,6.8836713484414345,7.192268787836414,7.192268787836414,0.30859743939497974,0.30859743939497974
2872,574400,rayleigh,64,4.934854236076467,7.2050620679004975,1.3121685919687847,5.90890778340426,,7.001561747741867,200,6.81432706357604,6.81432706357604,7.163816784863793,7.163816784863793,0.34948972128775324,0.34948972128775324
2873,574600,rayleigh,64,4.529499917256537,7.617333458451745,1.8285245620502604,5.804508481241476,,7.001561747741867,200,6.74786891186419,6.74786891186419,7.165722060103827,7.165722060103827,0.4178531482396375,0.4178531482396375
2874,574800,rayleigh,64,6.398337581772125,8.108059183728699,1.1546583383735398,6.97216866736209,,7.001561747741867,200,6.823248854592249,6.823248854592249,7.166523468148222,7.166523468148222,0.3432746135559732,0.3432746135559732
2875,575000,rayleigh,64,4.9755125026585825,8.112558873910523,2.1825012685813667,5.970775225064001,,7.001561747741867,200,6.763045556778631,6.763045556778631,7.153425246105902,7.153425246105902,0.3903796893272711,0.3903796893272711
2876,575200,rayleigh,64,6.316953921286545,7.800055230130441,0.8715827122309638,6.928719495484169,,7.001561747741867,200,6.776726023071419,6.776726023071419,7.1528517089681385,7.1528517089681385,0.3761256858967199,0.3761256858967199
2877,575400,rayleigh,64,5.836117307041899,8.182545527397046,1.4455419090864443,6.7600544202174975,,7.001561747741867,200,6.724557481381834,6.724557481381834,7.1471387744642865,7.1471387744642865,0.4225812930824526,0.4225812930824526
2878,575600,rayleigh,64,6.788449438188008,8.356761329565636,1.2160268093279167,7.151060629740279,,7.001561747741867,200,6.715926163214242,6.715926163214242,7.13997912247016,7.13997912247016,0.4240529592559179,0.4240529592559179
2879,575800,rayleigh,64,7.697668645349811,9.285642811418303,1.1961657325551338,8.093939927100418,,7.001561747741867,200,6.81522419992733,6.81522419992733,7.161583941102124,7.161583941102124,0.3463597411747932,0.3463597411747932
2880,576000,rayleigh,64,5.9808287165655,7.792423051795576,0.5898294832262448,7.205404416483416,,7.001561747741867,200,6.777889063570375,6.777889063570375,7.1645748646289436,7.1645748646289436,0.38668580105856876,0.38668580105856876
2881,576200,rayleigh,64,3.1187913670203233,7.500011431715868,2.22013894742482,5.332502404379625,,7.001561747741867,200,6.704001139991455,6.704001139991455,7.130616218927264,7.130616218927264,0.42661507893580897,0.42661507893580897
2882,576400,rayleigh,64,6.542044549609659,8.373791141405336,1.410325193158055,6.977469248218973,,7.001561747741867,200,6.76453846870416,6.76453846870416,7.145242856415953,7.145242856415953,0.38070438771179305,0.38070438771179305
2883,576600,rayleigh,64,8.003496594157305,10.001128638775274,1.5650232400685429,8.436105398706728,,7.001561747741867,200,6.80167877877882,6.80167877877882,7.159645952055098,7.159645952055098,0.35796717327627814,0.35796717327627814
2884,576800,rayleigh,64,8.350491042407718,8.859903557119129,0.06298396686961757,8.796919590249503,,7.001561747741867,200,6.893449876738018,6.893449876738018,7.1993933267349135,7.1993933267349135,0.3059434499968958,0.3059434499968958
2885,577000,rayleigh,64,6.625880320501104,8.50633099932868,0.8746257590209101,7.631705240307776,,7.001561747741867,200,6.880315962210379,6.880315962210379,7.201167243449105,7.201167243449105,0.32085128123872586,0.32085128123872586
2886,577200,rayleigh,64,-0.01637073483303719,8.199791640887572,10.575691926437988,0.423796709316392,,7.001561747741867,200,6.466437345230621,6.466437345230621,7.140840490067032,7.140840490067032,0.6744031448364112,0.6744031448364112
2887,577400,rayleigh,64,8.611193248812508,10.215667731209674,1.24894042433637,8.966727306873295,,7.001561747741867,200,6.780072373673479,6.780072373673479,7.152084303598862,7.152084303598862,0.37201192992538257,0.37201192992538257
2888,577600,rayleigh,64,6.680064663608256,7.894898872309765,0.7921431075117403,7.102755764798018,,7.001561747741867,200,6.779151695701897,6.779151695701897,7.151270566049217,7.151270566049217,0.37211887034731994,0.37211887034731994
2889,577800,rayleigh,64,6.883801026255866,8.131856094354092,0.8141126646142295,7.317743429739859,,7.001561747741867,200,6.759427708051875,6.759427708051875,7.155792398307001,7.155792398307001,0.3963646902551252,0.3963646902551252
2890,578000,rayleigh,64,6.148135370198398,7.565741897380221,0.42417460380642275,7.141567293573799,,7.001561747741867,200,6.826268601377142,6.826268601377142,7.1392012278739925,7.1392012278739925,0.31293262649685083,0.31293262649685083
2891,578200,rayleigh,64,6.406437674378914,8.306205008314357,1.1729673202046005,7.1354442367860935,,7.001561747741867,200,6.802913783452384,6.802913783452384,7.134437584668048,7.134437584668048,0.33152380121566427,0.33152380121566427
2892,578400,rayleigh,64,8.01000276281769,8.798969316412977,0.41893212160736626,8.382264642655288,,7.001561747741867,200,6.926581626414935,6.926581626414935,7.147499316959071,7.147499316959071,0.22091769054413657,0.22091769054413657
2893,578600,rayleigh,64,8.159726684905063,8.74663387535324,0.17855726925843274,8.568076606094806,,7.001561747741867,200,7.0647600326576026,7.0647600326576026,7.163105326667544,7.163105326667544,0.09834529400994185,0.09834529400994185
2894,578800,rayleigh,64,5.647970814827641,7.761678274739152,0.9262061237540464,6.8444463235748705,,7.001561747741867,200,7.05837391546824,7.05837391546824,7.1498831654335335,7.1498831654335335,0.0915092499652932,0.0915092499652932
2895,579000,rayleigh,64,6.1126519019502155,7.619415941551932,1.0101177769314185,6.60929816462051,,7.001561747741867,200,7.090300062446064,7.090300062446064,7.137755011908911,7.137755011908911,0.04745494946284623,0.04745494946284623
2896,579200,rayleigh,64,7.127375248929946,8.857830872698186,0.9702296496024808,7.90603169205705,,7.001561747741867,200,7.139165672274709,7.139165672274709,7.146408652611284,7.146408652611284,0.007242980336575222,0.007242980336575222
2897,579400,rayleigh,64,4.162663563586927,8.671671328791652,3.1975332523466267,5.485893953944727,,7.001561747741867,200,7.075457648961072,7.075457648961072,7.130142222413667,7.130142222413667,0.054684573452595586,0.054684573452595586
2898,579600,rayleigh,64,4.738321129743294,7.637682059673739,1.6185640071429028,6.019633016092919,,7.001561747741867,200,7.018886268278703,7.018886268278703,7.111401452940191,7.111401452940191,0.09251518466148756,0.09251518466148756
2899,579800,rayleigh,64,7.504545487965164,8.502732023646068,0.42561942461635655,8.077112599029707,,7.001561747741867,200,7.018044901875169,7.018044901875169,7.130573192207867,7.130573192207867,0.11252829033269762,0.11252829033269762
2900,580000,rayleigh,64,7.391627248167656,7.943713736533315,0.19495786625908426,7.748755870274232,7.265988650855857,7.265988650855857,200,7.04521247456471,7.04521247456471,7.13510061465601,7.13510061465601,0.08988814009130053,0.08988814009130053
2901,580200,rayleigh,64,6.642797155454747,7.952642192329012,0.995563081710426,6.967642117937607,,7.265988650855857,200,7.1269694602426075,7.1269694602426075,7.1331743916204235,7.1331743916204235,0.006204931377816081,0.006204931377816081
2902,580400,rayleigh,64,6.825596362275644,7.706179686526518,0.5510463685845378,7.156934623001882,,7.265988650855857,200,7.135942728981753,7.135942728981753,7.12518078770177,7.12518078770177,0.010761941279983311,0.010761941279983311
2903,580600,rayleigh,64,7.099235933587728,8.04296971012626,0.6479374359630143,7.3985893991375855,,7.265988650855857,200,7.0840669290032965,7.0840669290032965,7.141703680609189,7.141703680609189,0.057636751605892655,0.057636751605892655
2904,580800,rayleigh,64,4.82639246052713,8.338474324171248,2.7240894183243256,5.626316534427527,,7.265988650855857,200,6.925536776212198,6.925536776212198,7.141226923340436,7.141226923340436,0.21569014712823797,0.21569014712823797
2905,581000,rayleigh,64,6.596141416418034,8.354397798836718,1.2804579750786595,7.076730225381727,,7.265988650855857,200,6.897788025465895,6.897788025465895,7.144369464387689,7.144369464387689,0.24658143892179396,0.24658143892179396
2906,581200,rayleigh,64,8.009169159790178,9.030895811502269,0.47056129547141934,8.569949764469692,,7.265988650855857,200,7.305095678223561,7.305095678223561,7.168746645629543,7.168746645629543,0.1363490325940182,0.1363490325940182
2907,581400,rayleigh,64,1.9885317194545389,7.788116347784359,5.084262422158145,2.8994534231460842,,7.265988650855857,200,7.0017319840372,7.0017319840372,7.120132836721671,7.120132836721671,0.11840085268447176,0.11840085268447176
2908,581600,rayleigh,64,7.033271505064776,8.783949672859075,1.2376739100946943,7.5625138125657845,,7.265988650855857,200,7.024719886425586,7.024719886425586,7.148736891918056,7.148736891918056,0.12401700549246986,0.12401700549246986
2909,581800,rayleigh,64,7.875371396335687,8.712460518297544,0.491897541090501,8.220562977207035,,7.265988650855857,200,7.069860863798948,7.069860863798948,7.155379532548201,7.155379532548201,0.08551866874925285,0.08551866874925285
2910,582000,rayleigh,64,7.282876618104727,8.590204015957259,0.9869351258700435,7.607194456549654,,7.265988650855857,200,7.093142221947739,7.093142221947739,7.1482809500727535,7.1482809500727535,0.05513872812501486,0.05513872812501486
2911,582200,rayleigh,64,7.083484005339326,8.495657045133564,0.6641645268402827,7.831492518293273,,7.265988650855857,200,7.127944636023098,7.127944636023098,7.148699745213887,7.148699745213887,0.020755109190789156,0.020755109190789156
2912,582400,rayleigh,64,8.010678385631373,8.826257781378661,0.4815682152795898,8.344689566099076,,7.265988650855857,200,7.126065882195287,7.126065882195287,7.148190442458413,7.148190442458413,0.02212456026312548,0.02212456026312548
2913,582600,rayleigh,64,7.025426903218779,7.554458170154945,0.1587181344004999,7.395740035754446,,7.265988650855857,200,7.067449053678269,7.067449053678269,7.152073618900424,7.152073618900424,0.08462456522215511,0.08462456522215511
2914,582800,rayleigh,64,8.241856835523281,9.01792418894857,0.3015726326692146,8.716351556279363,,7.265988650855857,200,7.161044315313495,7.161044315313495,7.163828171420112,7.163828171420112,0.002783856106617577,0.002783856106617577
2915,583000,rayleigh,64,6.801163425271828,7.541807481324301,0.11648580023794941,7.425321681086348,,7.265988650855857,200,7.201845491136787,7.201845491136787,7.16497381332083,7.16497381332083,0.036871677815956794,0.036871677815956794
2916,583200,rayleigh,64,8.13755119537565,9.329669334003054,0.8967051502824857,8.432964183720566,,7.265988650855857,200,7.228192115719962,7.228192115719962,7.161904199058813,7.161904199058813,0.06628791666114875,0.06628791666114875
2917,583400,rayleigh,64,7.189214081171011,8.336416873040202,0.8539353616191426,7.48248151142106,,7.265988650855857,200,7.328021493593779,7.328021493593779,7.167726477987964,7.167726477987964,0.16029501560581494,0.16029501560581494
2918,583600,rayleigh,64,7.663143866355232,9.616284106275502,0.9927273980768628,8.623556708198631,,7.265988650855857,200,7.458217678199064,7.458217678199064,7.1865817109638455,7.1865817109638455,0.2716359672352189,0.2716359672352189
2919,583800,rayleigh,64,6.430031075315219,9.907419665799436,2.8987997276458204,7.008619938153608,,7.265988650855857,200,7.404793045155259,7.404793045155259,7.178336828404232,7.178336828404232,0.22645621675102667,0.22645621675102667
2920,584000,rayleigh,64,7.4988290595750815,8.201589590192548,0.3752531177560014,7.826336472436548,,7.265988650855857,200,7.4086720752633735,7.4086720752633735,7.178116240623813,7.178116240623813,0.23055583463956086,0.23055583463956086
2921,584200,rayleigh,64,6.944839835501447,8.28388289059736,0.9445743243008557,7.339308566296508,,7.265988650855857,200,7.427255397681319,7.427255397681319,7.179192433671646,7.179192433671646,0.24806296400967298,0.24806296400967298
2922,584400,rayleigh,64,8.391459557603357,9.158196701196248,0.4592678580614903,8.698928843134764,,7.265988650855857,200,7.504355108687962,7.504355108687962,7.199784981280694,7.199784981280694,0.30457012740726785,0.30457012740726785
2923,584600,rayleigh,64,5.172844117487132,8.947087509003927,3.4122391555564175,5.57503478267667,,7.265988650855857,200,7.413177377864917,7.413177377864917,7.182639930739058,7.182639930739058,0.230537447125859,0.230537447125859
2924,584800,rayleigh,64,4.718640160723768,7.096268253022998,1.2499986697386432,5.850920839220574,,7.265988650855857,200,7.42440759310457,7.42440759310457,7.1578041143886,7.1578041143886,0.2666034787159699,0.2666034787159699
2925,585000,rayleigh,64,7.484863290570215,8.302211922251892,0.533375053265925,7.768836868985962,,7.265988650855857,200,7.459012925284783,7.459012925284783,7.16001594625612,7.16001594625612,0.2989969790286633,0.2989969790286633
2926,585200,rayleigh,64,7.440840278480267,8.513157455249203,0.7606835168288927,7.752473938420307,,7.265988650855857,200,7.418139133982313,7.418139133982313,7.161042352958232,7.161042352958232,0.2570967810240816,0.2570967810240816
2927,585400,rayleigh,64,8.216399693488802,9.044791158976327,0.5236228567727563,8.521168302203572,,7.265988650855857,200,7.699224877935187,7.699224877935187,7.177141350577808,7.177141350577808,0.5220835273573785,0.5220835273573785
2928,585600,rayleigh,64,7.757447243221019,8.156892427629641,0.067525658046907,8.089366769582726,,7.265988650855857,200,7.725567525786035,7.725567525786035,7.169066102448669,7.169066102448669,0.556501423337366,0.556501423337366
2929,585800,rayleigh,64,7.229216065234075,9.377412594937187,1.8190715926613115,7.558341002275873,,7.265988650855857,200,7.692456427039477,7.692456427039477,7.170339507033206,7.170339507033206,0.5221169200062707,0.5221169200062707
2930,586000,rayleigh,64,6.57500888350882,7.531172868281811,0.6046932740211993,6.930404852968472,,7.265988650855857,200,7.658616946860418,7.658616946860418,7.167870146226985,7.167870146226985,0.490746800633433,0.490746800633433
2931,586200,rayleigh,64,2.12596180551167,8.370125685017038,6.22638098711693,2.474078695964565,,7.265988650855857,200,7.390746255743984,7.390746255743984,7.12967618351463,7.12967618351463,0.2610700722293542,0.2610700722293542
2932,586400,rayleigh,64,7.340717672844902,8.34081916041555,0.6655933170718047,7.675225843343743,,7.265988650855857,200,7.357273069606217,7.357273069606217,7.127282192087985,7.127282192087985,0.22999087751823222,0.22999087751823222
2933,586600,rayleigh,64,7.384135836039979,8.210579883082518,0.47273258859324185,7.73784729448928,,7.265988650855857,200,7.374378432542959,7.374378432542959,7.152281852026553,7.152281852026553,0.22209658051640613,0.22209658051640613
2934,586800,rayleigh,64,5.953554523044453,9.171678689858664,2.256667017537819,6.924849008860958,,7.265988650855857,200,7.284803305172036,7.284803305172036,7.169743002446234,7.169743002446234,0.11506030272580237,0.11506030272580237
2935,587000,rayleigh,64,3.9401833528290062,7.742988850325126,2.250378208547876,5.513836451544275,,7.265988650855857,200,7.189229043694932,7.189229043694932,7.139594478774639,7.139594478774639,0.049634564920292945,0.049634564920292945
2936,587200,rayleigh,64,6.849385399277013,8.217704194505595,0.6646088705048969,7.553095324000692,,7.265988650855857,200,7.145235600708939,7.145235600708939,7.128144043018909,7.128144043018909,0.0170915576900299,0.0170915576900299
2937,587400,rayleigh,64,7.277483452777912,9.16118985643542,1.5423076113048448,7.65033683743192,,7.265988650855857,200,7.153628367009484,7.153628367009484,7.133559752287559,7.133559752287559,0.020068614721924227,0.020068614721924227
2938,587600,rayleigh,64,7.034279860041803,8.017238320705676,0.5778081276800817,7.439430193025603,,7.265988650855857,200,7.094422041250832,7.094422041250832,7.134325379903795,7.134325379903795,0.03990333865296325,0.03990333865296325
2939,587800,rayleigh,64,7.0245468221962835,7.774660375165406,0.37544093238968484,7.399219442775708,,7.265988650855857,200,7.113952016481937,7.113952016481937,7.137198934299146,7.137198934299146,0.023246917817209223,0.023246917817209223
2940,588000,rayleigh,64,7.2051690847100796,8.091651862939761,0.4927054291982909,7.598946433741465,,7.265988650855857,200,7.102582514547183,7.102582514547183,7.138928130977134,7.138928130977134,0.03634561642995138,0.03634561642995138
2941,588200,rayleigh,64,6.350640931047616,7.50228688793125,0.7628326506765406,6.739454237254713,,7.265988650855857,200,7.07258979809509,7.07258979809509,7.132725418696603,7.132725418696603,0.06013562060151312,0.06013562060151312
2942,588400,rayleigh,64,6.60118485500627,7.4054501897777945,0.4155410351605948,7.009224352554525,,7.265988650855857,200,6.988104573566079,6.988104573566079,7.131210622288746,7.131210622288746,0.1431060487226672,0.1431060487226672
2943,588600,rayleigh,64,6.39907566313856,9.551419759372692,2.591299028108359,6.960120731264339,,7.265988650855857,200,7.057358870995463,7.057358870995463,7.117163586779027,7.117163586779027,0.05980471578356372,0.05980471578356372
2944,588800,rayleigh,64,6.783529711453926,7.57714755583144,0.19921845744966957,7.377929098381766,,7.265988650855857,200,7.133709283953523,7.133709283953523,7.1176828267655115,7.1176828267655115,0.01602645718801199,0.01602645718801199
2945,589000,rayleigh,64,7.75931711744881,8.919262970383565,0.7492484961060679,8.170014474277496,,7.265988650855857,200,7.1537681642181,7.1537681642181,7.1284506463448345,7.1284506463448345,0.025317517873265416,0.025317517873265416
2946,589200,rayleigh,64,5.55440149568188,7.230709216149774,0.4847489726048605,6.745960243544916,,7.265988650855857,200,7.103442479474332,7.103442479474332,7.112987149517855,7.112987149517855,0.009544670043523773,0.009544670043523773
2947,589400,rayleigh,64,7.535225531434106,8.252775518565038,0.341639060090089,7.911136458474951,,7.265988650855857,200,7.072940887287899,7.072940887287899,7.109188668250402,7.109188668250402,0.03624778096250303,0.03624778096250303
2948,589600,rayleigh,64,6.798514008912374,8.406128413866986,1.2201696887452542,7.185958725121736,,7.265988650855857,200,7.027770485064849,7.027770485064849,7.09296306355805,7.09296306355805,0.06519257849320059,0.06519257849320059
2949,589800,rayleigh,64,6.4947703362644065,7.932546467095141,1.0434409518057928,6.88910551528935,,7.265988650855857,200,6.994308710715524,6.994308710715524,7.0935514353458045,7.0935514353458045,0.0992427246302805,0.0992427246302805
2950,590000,rayleigh,64,7.501832518339821,7.999033444897349,0.12432849119544094,7.8747049537019125,6.430960114208991,6.430960114208991,200,7.041523715752197,7.041523715752197,7.105162289584769,7.105162289584769,0.06363857383257177,0.06363857383257177
2951,590200,rayleigh,64,6.659889000952181,7.1865452659179105,0.14027558941883472,7.046269676499077,,6.430960114208991,200,7.270133264778922,7.270133264778922,7.095081857687962,7.095081857687962,0.1750514070909599,0.1750514070909599
2952,590400,rayleigh,64,6.751191761623208,7.87310967779376,0.4872455062422048,7.385864171551557,,6.430960114208991,200,7.255665181189312,7.255665181189312,7.0959825645963575,7.0959825645963575,0.15968261659295457,0.15968261659295457
2953,590600,rayleigh,64,6.722936068103518,8.615636558301642,0.6229380843068925,7.992698473994753,,6.430960114208991,200,7.2684077401645855,7.2684077401645855,7.1045728341815195,7.1045728341815195,0.16383490598306594,0.16383490598306594
2954,590800,rayleigh,64,7.111105848755757,8.171080060076072,0.7425002265933782,7.428579833482696,,6.430960114208991,200,7.293594281395673,7.293594281395673,7.124212934388338,7.124212934388338,0.16938134700733443,0.16938134700733443
2955,591000,rayleigh,64,6.750421126698375,7.986001103836353,0.9015187992019478,7.084482304634404,,6.430960114208991,200,7.37212657405018,7.37212657405018,7.123309345621319,7.123309345621319,0.24881722842886056,0.24881722842886056
2956,591200,rayleigh,64,6.7772979676406715,8.117243911685073,0.12455176456628089,7.9926921471187855,,6.430960114208991,200,7.394106415206084,7.394106415206084,7.136685165396223,7.136685165396223,0.2574212498098607,0.2574212498098607
2957,591400,rayleigh,64,8.258682398793592,8.74203253566143,0.0729266835431307,8.669105852118301,,6.430960114208991,200,7.445044865940403,7.445044865940403,7.145341971377313,7.145341971377313,0.2997028945630902,0.2997028945630902
2958,591600,rayleigh,64,6.045922070171473,7.026930048232606,0.3789201924711944,6.648009855761413,,6.430960114208991,200,7.405473849077192,7.405473849077192,7.138585200004006,7.138585200004006,0.2668886490731861,0.2668886490731861
2959,591800,rayleigh,64,4.294319688923272,7.611237724999032,3.0054453139958697,4.66067828831258,,6.430960114208991,200,7.268546791354036,7.268546791354036,7.124112190958747,7.124112190958747,0.14443460039528944,0.14443460039528944
2960,592000,rayleigh,64,4.235516349874758,8.071036317623792,2.9934264727462914,5.1028385711793245,,6.430960114208991,200,7.143741398225929,7.143741398225929,7.095619505234314,7.095619505234314,0.048121892991614956,0.048121892991614956
2961,592200,rayleigh,64,4.220718922500009,8.498219130945378,2.9643578239722297,5.560414199201089,,6.430960114208991,200,7.084789396323248,7.084789396323248,7.083121038466746,7.083121038466746,0.0016683578565022117,0.0016683578565022117
2962,592400,rayleigh,64,8.264270783084685,9.085547310062475,0.40962672697405783,8.67592058308842,,6.430960114208991,200,7.168124207849942,7.168124207849942,7.1122130175579805,7.1122130175579805,0.05591119029196179,0.05591119029196179
2963,592600,rayleigh,64,6.252416039083048,7.295885624583446,0.09314354848725674,7.202742076096189,,6.430960114208991,200,7.180255275091537,7.180255275091537,7.107307446346807,7.107307446346807,0.07294782874472983,0.07294782874472983
2964,592800,rayleigh,64,6.6005563496742115,9.188562054730431,1.2749070695691707,7.913654985161253,,6.430960114208991,200,7.207041569430511,7.207041569430511,7.116829019887765,7.116829019887765,0.09021254954274571,0.09021254954274571
2965,593000,rayleigh,64,7.166689938078909,8.50461020094458,0.9816454387267658,7.528331412302629,,6.430960114208991,200,7.174957416331767,7.174957416331767,7.113168498702184,7.113168498702184,0.06178891762958294,0.06178891762958294
2966,593200,rayleigh,64,5.086049895358857,7.829598439919654,2.4520702800832046,5.402841534842692,,6.430960114208991,200,7.107801480896654,7.107801480896654,7.0801832235614945,7.0801832235614945,0.027618257335159768,0.027618257335159768
2967,593400,rayleigh,64,6.079903369313317,8.35189258746346,1.2623003396655237,7.089592247797942,,6.430960114208991,200,7.066724270362805,7.066724270362805,7.124138878659312,7.124138878659312,0.05741460829650702,0.05741460829650702
2968,593600,rayleigh,64,6.891678694477007,8.075817062926966,0.6931483088291616,7.382668754097801,,6.430960114208991,200,7.07655977181161,7.07655977181161,7.126753872957995,7.126753872957995,0.050194101146384895,0.050194101146384895
2969,593800,rayleigh,64,6.169399511718377,7.645224224670364,1.1080312540965798,6.537192970573783,,6.430960114208991,200,7.05896414457583,7.05896414457583,7.115003570836329,7.115003570836329,0.05603942626049907,0.05603942626049907
2970,594000,rayleigh,64,6.289763235888586,7.8321437985544575,1.2152296288182403,6.619190758225425,,6.430960114208991,200,6.996188434802005,6.996188434802005,7.1231479841478995,7.1231479841478995,0.12695954934589437,0.12695954934589437
2971,594200,rayleigh,64,7.278585519546515,8.794072814341904,1.2085890995898767,7.585483714752032,,6.430960114208991,200,7.023149136714653,7.023149136714653,7.122977415342608,7.122977415342608,0.09982827862795496,0.09982827862795496
2972,594400,rayleigh,64,5.149264768598581,7.51080780096772,1.7452078842808771,5.778288640736677,,6.430960114208991,200,6.9427703601739115,6.9427703601739115,7.121671223915932,7.121671223915932,0.17890086374202063,0.17890086374202063
2973,594600,rayleigh,64,8.389877530455058,9.22319376287291,0.4004766234864182,8.822717139386494,,6.430960114208991,200,6.984271293443497,6.984271293443497,7.1518533104973825,7.1518533104973825,0.16758201705388576,0.16758201705388576
2974,594800,rayleigh,64,8.016226833210107,9.14751943577263,0.6895531197760957,8.457966315996526,,6.430960114208991,200,7.035740617569187,7.035740617569187,7.166711286983726,7.166711286983726,0.1309706694145394,0.1309706694145394
2975,595000,rayleigh,64,6.138316506894736,7.394168484582178,0.3526672600518552,7.041501224530318,,6.430960114208991,200,7.033591563563983,7.033591563563983,7.177418546978389,7.177418546978389,0.1438269834144057,0.1438269834144057
2976,595200,rayleigh,64,6.4426470673206175,7.963639154065617,1.1960501114497555,6.767589042615855,,6.430960114208991,200,6.972336408338838,6.972336408338838,7.175807242449706,7.175807242449706,0.20347083411086864,0.20347083411086864
2977,595400,rayleigh,64,6.178001323636539,9.123976855026195,2.569122843031078,6.569694124589234,,6.430960114208991,200,6.867365821962385,6.867365821962385,7.173903639493424,7.173903639493424,0.3065378175310389,0.3065378175310389
2978,595600,rayleigh,64,7.693843600202452,8.808351731595948,0.6294550131175835,8.178896718478365,,6.430960114208991,200,6.943910165098233,6.943910165098233,7.184182000380805,7.184182000380805,0.2402718352825719,0.2402718352825719
2979,595800,rayleigh,64,6.1545774156547,8.024161210324195,0.5501995691478174,7.473961641176384,,6.430960114208991,200,7.084574332741421,7.084574332741421,7.177982217521564,7.177982217521564,0.09340788478014339,0.09340788478014339
2980,596000,rayleigh,64,7.035592603137125,9.121452978170298,1.7069918640363526,7.414461114133936,,6.430960114208991,200,7.200155459889151,7.200155459889151,7.180072784498069,7.180072784498069,0.020082675391082105,0.020082675391082105
2981,596200,rayleigh,64,6.560165478627323,7.908205850556424,0.9297302051561851,6.978475645400242,,6.430960114208991,200,7.271058532199109,7.271058532199109,7.196532516908276,7.196532516908276,0.07452601529083314,0.07452601529083314
2982,596400,rayleigh,64,6.574072317485417,7.981803337748571,1.009018430619013,6.998058064397941,,6.430960114208991,200,7.187165406264586,7.187165406264586,7.196738405070066,7.196738405070066,0.00957299880548046,0.00957299880548046
2983,596600,rayleigh,64,6.737729524090149,9.141428164986381,0.9985213435881951,8.14290682139819,,6.430960114208991,200,7.234173643529687,7.234173643529687,7.1938064192969815,7.1938064192969815,0.04036722423270511,0.04036722423270511
2984,596800,rayleigh,64,7.027583241152076,7.738891112774974,0.0833275270647455,7.655563585710231,,6.430960114208991,200,7.221269073557136,7.221269073557136,7.182392859251588,7.182392859251588,0.03887621430554766,0.03887621430554766
2985,597000,rayleigh,64,4.340027725402675,7.14007235003768,1.5545838307220023,5.606902425935393,,6.430960114208991,200,7.1251976242387745,7.1251976242387745,7.162144831107863,7.162144831107863,0.03694720686908859,0.03694720686908859
2986,597200,rayleigh,64,7.326799849846222,8.823961807068695,0.6908359225933776,8.133125884475325,,6.430960114208991,200,7.261711841720405,7.261711841720405,7.239238122859453,7.239238122859453,0.02247371886095273,0.02247371886095273
2987,597400,rayleigh,64,3.041011920517357,7.896021384967498,3.7329719013233413,4.286585070656612,,6.430960114208991,200,7.121561482863338,7.121561482863338,7.192436700497286,7.192436700497286,0.07087521763394822,0.07087521763394822
2988,597600,rayleigh,64,5.918097912363602,7.220424130399182,0.4713863112808392,6.7490378191183416,,6.430960114208991,200,7.0898799361143645,7.0898799361143645,7.18889952104049,7.18889952104049,0.0990195849261255,0.0990195849261255
2989,597800,rayleigh,64,7.568937832031853,9.220571814436411,1.2525231242938335,7.968048690142588,,6.430960114208991,200,7.161422722092804,7.161422722092804,7.195402573644518,7.195402573644518,0.03397985155171401,0.03397985155171401
2990,598000,rayleigh,64,4.196568189386433,7.8423868550137295,2.833464919414404,5.06747676517943,,6.430960114208991,200,7.083837022440505,7.083837022440505,7.1746616683605735,7.1746616683605735,0.09082464592006811,0.09082464592006811
2991,598200,rayleigh,64,7.79109415371181,8.359516629897968,0.1724148841041634,8.187101745793804,,6.430960114208991,200,7.113917923992593,7.113917923992593,7.18517824345065,7.18517824345065,0.071260319458057,0.071260319458057
2992,598400,rayleigh,64,1.7428909889857085,7.5367737780848865,4.879883686201168,2.8691048317501955,,6.430960114208991,200,6.968458733543271,6.968458733543271,7.130046645341599,7.130046645341599,0.16158791179832832,0.16158791179832832
2993,598600,rayleigh,64,4.47749365272067,7.761835386271285,1.690131382146466,6.077211796051327,,6.430960114208991,200,6.831183466376513,6.831183466376513,7.105137997241164,7.105137997241164,0.2739545308646516,0.2739545308646516
2994,598800,rayleigh,64,5.0663987128406225,7.622425896039437,1.232716308079017,6.39063246136489,,6.430960114208991,200,6.727816773644929,6.727816773644929,7.100599858619064,7.100599858619064,0.3727830849741345,0.3727830849741345
2995,599000,rayleigh,64,7.329906623684821,8.66036133211922,0.3822883592470522,8.278072972872168,,6.430960114208991,200,6.789645361062023,6.789645361062023,7.117287606701582,7.117287606701582,0.32764224563955846,0.32764224563955846
2996,599200,rayleigh,64,6.4038452792327005,8.42879934928299,0.5935470112958828,7.835252337987101,,6.430960114208991,200,6.843028525830586,6.843028525830586,7.1165798131608815,7.1165798131608815,0.2735512873302959,0.2735512873302959
2997,599400,rayleigh,64,8.731208377773049,9.403268103626658,0.2804481594785762,9.122819944148077,,6.430960114208991,200,6.970684816808529,6.970684816808529,7.152949073062916,7.152949073062916,0.18226425625438747,0.18226425625438747
2998,599600,rayleigh,64,7.523524266898375,8.178191605368829,0.2425295749355091,7.93566203043332,,6.430960114208991,200,6.958523082406273,6.958523082406273,7.17210936320632,7.17210936320632,0.2135862808000466,0.2135862808000466
2999,599800,rayleigh,64,6.647999033146913,7.734376624745204,0.6236029760728744,7.110773648672331,,6.430960114208991,200,6.940363682781071,6.940363682781071,7.162445973702745,7.162445973702745,0.22208229092167375,0.22208229092167375
3000,600000,rayleigh,64,6.5130617541655695,7.83696935527235,0.7282454732399167,7.108723882032429,7.056120029400077,7.056120029400077,200,6.925076821175996,6.925076821175996,7.1560456538203265,7.1560456538203265,0.2309688326443302,0.2309688326443302
